NR_0029 NR_0031 NR_0028 NR_0024 NYU-65 NR_0027 UCLA049 PL015 NR_0021 KS091 KS096 KS094 NR_0020 NR_0019 SWC_066 UCLA044 KS086 UCLA035 UCLA033 UCLA037 UCLA034 PL017 NYU-45 NYU-48 NYU-47 NYU-46 ibl_witten_29 ZFM-02372 NYU-39 KS051 ZFM-02370 NYU-40 ZFM-01937 ZFM-01935 NYU-37 ibl_witten_26 ZFM-01936 ibl_witten_27 SWC_058 KS044 ibl_witten_25 KS043 KS046 ZFM-01576 SWC_061 SWC_060 KS042 SWC_053 ZFM-01577 ZFM-01592 SWC_052 NYU-30 DY_018 SWC_054 DY_020 SWC_043 CSH_ZAD_029 DY_016 CSH_ZAD_026 ibl_witten_20 ibl_witten_18 NYU-21 CSH_ZAD_019 CSH_ZAD_025 SWC_038 ibl_witten_17 ZM_3003 ibl_witten_19 DY_014 SWC_042 CSHL058 CSH_ZAD_022 CSH_ZAD_011 CSHL060 DY_013 DY_009 CSHL059 DY_008 CSHL045 NYU-11 CSHL052 DY_011 CSHL053 ZM_2241 DY_010 ZM_2240 NYU-12 CSHL047 CSHL049 ZM_1898 KS023 KS016 KS014 ZM_1897 ibl_witten_13 
0 2.4978318 1.1407346 0.77679545 3.385569 1.4483898 0.43563268
1 2.3090732 1.1025915 0.82403165 2.317223 1.1262434 0.8295673
2 2.299635 1.0980879 0.8236882 2.3082159 1.1232016 0.8295154
3 2.2890625 1.0926733 0.8240611 2.3044276 1.1215881 0.83066756
4 2.2765434 1.0858604 0.82435584 2.3033988 1.1209809 0.8307475
5 2.2641187 1.0787455 0.8250252 2.3080277 1.1227914 0.8293195
6 2.2533367 1.0724103 0.82583994 2.3173437 1.1278074 0.83032405
7 2.2443707 1.0670991 0.8261981 2.3276224 1.1345291 0.8312883
8 2.237088 1.0627218 0.82677186 2.337286 1.1415565 0.8315062
9 2.230991 1.0591935 0.82700574 2.3456104 1.1478969 0.8302848
10 2.22587 1.0562726 0.8272824 2.351409 1.1529202 0.83054125
11 2.221858 1.0540406 0.82723755 2.3570275 1.1574734 0.83094746
12 2.2182837 1.0520785 0.8268794 2.3614213 1.1607883 0.8297725
13 2.215216 1.0502933 0.8269084 2.3637695 1.1625754 0.8296063
14 2.2123787 1.048698 0.827457 2.3676698 1.1652666 0.82932556
15 2.209872 1.0472312 0.82742375 2.3696144 1.1665062 0.82932544
16 2.207469 1.0458933 0.8274885 2.3716106 1.1678393 0.829532
17 2.205176 1.0445906 0.827427 2.3744047 1.1697065 0.8298573
18 2.2030208 1.0433017 0.82750547 2.3753781 1.1700186 0.8297193
19 2.2009227 1.0420583 0.82741666 2.378682 1.1719421 0.8288566
20 2.198902 1.0408729 0.8274163 2.3790708 1.1721954 0.8284102
21 2.1969464 1.039706 0.8273306 2.3798583 1.1728653 0.82791996
22 2.1949587 1.0385038 0.8274812 2.3804336 1.1729069 0.8257634
23 2.1930208 1.037295 0.82745886 2.3820956 1.1742208 0.82595885
24 2.1910577 1.0360689 0.8274393 2.3827507 1.1740357 0.8260741
25 2.1891508 1.0348256 0.827306 2.3849137 1.1754613 0.8256944
26 2.1871173 1.0335046 0.8272874 2.384747 1.1745762 0.8262131
27 2.1851008 1.0322034 0.8273928 2.3898513 1.1778132 0.82599443
28 2.1829343 1.0307562 0.8272591 2.387183 1.1756108 0.8257414
29 2.1807663 1.0293128 0.82727355 2.3906374 1.1773314 0.8257267
30 2.1785567 1.0277934 0.82739764 2.3909774 1.177073 0.8256772
31 2.1762226 1.0261958 0.8275693 2.3935776 1.1782417 0.8259315
32 2.1737945 1.0245062 0.82756 2.3945754 1.1787996 0.82592523
33 2.1713445 1.0228051 0.8272801 2.39683 1.1796117 0.82590544
34 2.1687167 1.020964 0.82727486 2.3974578 1.1795573 0.82595503
35 2.166186 1.0191051 0.827082 2.40189 1.1819392 0.8261706
36 2.16329 1.017046 0.8271693 2.4003356 1.1805832 0.8253583
37 2.160441 1.0150181 0.8272063 2.4058027 1.1837256 0.82510364
38 2.1575482 1.0128647 0.82726663 2.4057047 1.1830847 0.82464164
39 2.1544862 1.010576 0.8272979 2.41076 1.1855673 0.8250784
40 2.1511672 1.0080872 0.8272931 2.4110947 1.185465 0.8256259
41 2.147722 1.0054975 0.82721525 2.415997 1.1879046 0.82568204
42 2.14395 1.0026715 0.8272578 2.4197488 1.1894062 0.82567495
43 2.1400273 0.99968344 0.8272849 2.4313977 1.196643 0.8259708
44 2.136188 0.9967971 0.827028 2.4303787 1.194819 0.8262085
45 2.1325302 0.99399203 0.8269689 2.4382298 1.1990143 0.82587713
46 2.1289122 0.9912222 0.8269299 2.4382815 1.1983558 0.8256197
47 2.125265 0.9884598 0.826961 2.4407744 1.1994402 0.82553566
48 2.121614 0.98571 0.8269512 2.4446213 1.200895 0.8257625
49 2.1182735 0.98313713 0.82706934 2.4489365 1.2035316 0.8256942
50 2.11475 0.98048323 0.82692665 2.4492133 1.2027904 0.8258144
51 2.1115096 0.9779784 0.8271095 2.456418 1.2072092 0.82669663
52 2.108263 0.97558033 0.8270748 2.4580977 1.2073807 0.82690734
53 2.105158 0.97329247 0.82704264 2.4666355 1.2120595 0.8263822
54 2.1023786 0.9712594 0.8272082 2.4717462 1.2148249 0.82620305
55 2.0996933 0.9693281 0.8270966 2.4784403 1.2188118 0.8264552
56 2.0975122 0.96775764 0.82722753 2.483769 1.22148 0.8263839
57 2.0954576 0.96625525 0.8271713 2.4874358 1.2241608 0.82623035
58 2.0936062 0.96492463 0.82721525 2.4883602 1.2243432 0.82636863
59 2.0917842 0.9636588 0.8271182 2.4967935 1.2300506 0.8260415
60 2.0901327 0.96248186 0.8272192 2.4953792 1.2286593 0.8259863
61 2.088753 0.9615116 0.82723665 2.5021894 1.2335417 0.8259991
62 2.087367 0.9605455 0.8273004 2.5002713 1.2324246 0.82576084
63 2.0862727 0.9598096 0.82723457 2.5043826 1.2354727 0.8257714
64 2.0848598 0.95887476 0.8271849 2.5009258 1.2328779 0.8255634
65 2.0836673 0.9580897 0.82718307 2.5085926 1.238279 0.8256408
66 2.082423 0.9572292 0.8273779 2.500961 1.233089 0.8257263
67 2.081396 0.9565589 0.82737845 2.5088482 1.2385956 0.8261415
68 2.080497 0.95594656 0.827342 2.5080972 1.237665 0.825698
69 2.0798137 0.9554907 0.82740337 2.5110505 1.2395877 0.8253765
70 2.0791478 0.9550602 0.8276348 2.5063212 1.2362652 0.8250419
71 2.0784247 0.95461434 0.82749677 2.5082886 1.237666 0.8253022
72 2.077769 0.95418036 0.82763267 2.5030308 1.2339966 0.82525826
73 2.0772781 0.9538773 0.82769424 2.5080388 1.2373698 0.8254001
74 2.0766106 0.9534147 0.82782817 2.5001636 1.2319959 0.8253926
75 2.0762045 0.9531863 0.8277721 2.5067945 1.2369226 0.8252177
76 2.0756428 0.95282006 0.8277212 2.4987772 1.2317294 0.8251713
77 2.075088 0.95250314 0.82771486 2.5031674 1.2349982 0.82513285
78 2.0746837 0.95229185 0.8278556 2.4992568 1.2325813 0.82514346
79 2.0741405 0.9519802 0.8278299 2.4995942 1.2333876 0.82551664
80 2.073567 0.95163405 0.827811 2.496556 1.2311683 0.8254028
81 2.0731223 0.95138526 0.82773376 2.4969678 1.2318411 0.82573915
82 2.0724294 0.95104396 0.82764524 2.494733 1.2295829 0.82607824
83 2.072138 0.9509243 0.827722 2.4994268 1.2330638 0.825765
84 2.0716538 0.950636 0.82771695 2.4897845 1.2264787 0.8259926
85 2.071409 0.9505538 0.82770526 2.4990718 1.2328988 0.8259153
86 2.070955 0.9502971 0.8277071 2.4886463 1.2252991 0.82589704
87 2.0706146 0.95011806 0.8278136 2.4930065 1.2288024 0.8260543
88 2.0703335 0.9499563 0.8277877 2.4891891 1.2256855 0.8261816
89 2.0699406 0.94976693 0.8279091 2.492903 1.2284896 0.825924
90 2.0694222 0.94949645 0.82797575 2.4894989 1.2253864 0.82619286
91 2.069067 0.94929844 0.82797265 2.4940677 1.2289375 0.8261753
92 2.0684276 0.9489373 0.8279578 2.485802 1.2226156 0.8268321
93 2.0682068 0.9487775 0.82791805 2.492249 1.2273934 0.8268486
94 2.0677998 0.9485262 0.8279887 2.4829383 1.2207597 0.82663476
95 2.0672998 0.9481852 0.8280831 2.4828532 1.2208068 0.82637346
96 2.0668406 0.94790125 0.82809204 2.4801917 1.21888 0.8264132
97 2.066595 0.947735 0.82803065 2.4810932 1.2199711 0.82651156
98 2.0660503 0.94740117 0.8280745 2.4732327 1.2149084 0.8263211
99 2.065866 0.9472968 0.828081 2.478885 1.218582 0.8264657
100 2.0654635 0.9470211 0.82802737 2.4708009 1.2136467 0.8264493
101 2.0651884 0.9468424 0.827895 2.474157 1.2160581 0.82660824
102 2.0648513 0.9466352 0.8280722 2.4679394 1.2116245 0.82630455
103 2.0646102 0.9465444 0.8280291 2.4707437 1.2138488 0.82616806
104 2.0641975 0.9462887 0.8281466 2.4659326 1.2105968 0.8255821
105 2.064127 0.9462678 0.82812715 2.4691117 1.2129173 0.8255641
106 2.0636697 0.94601107 0.8281561 2.4657562 1.2101789 0.82506865
107 2.063391 0.9458792 0.8281959 2.4687283 1.2125545 0.82511103
108 2.0630295 0.9456649 0.82818526 2.4628937 1.2082505 0.82482976
109 2.0629961 0.94570094 0.82814825 2.4672637 1.2112228 0.82495356
110 2.0624228 0.94540226 0.8281309 2.4574637 1.204467 0.82511055
111 2.0623622 0.9453573 0.8279775 2.4648354 1.2093469 0.8250121
112 2.0619407 0.94512576 0.8279847 2.4571514 1.2043917 0.8249381
113 2.061688 0.94498193 0.8280176 2.4608064 1.2069249 0.8247726
114 2.061431 0.9448742 0.828065 2.4545586 1.2030537 0.82502246
115 2.0612907 0.944788 0.82798487 2.4564345 1.2042476 0.8247081
116 2.0609539 0.9446587 0.8281213 2.4560783 1.2043164 0.82502973
117 2.0606337 0.94444084 0.8279708 2.4559972 1.2036827 0.8247883
118 2.0602002 0.9442416 0.82809925 2.4505043 1.2005383 0.8249732
119 2.0600188 0.94415194 0.8281361 2.454605 1.2030044 0.82488805
120 2.0595667 0.94390845 0.82806253 2.4488444 1.1989609 0.8249181
121 2.0594797 0.943879 0.82806253 2.4527802 1.2015729 0.82517654
122 2.059136 0.94367045 0.8280757 2.4443357 1.1960323 0.8252039
123 2.0588965 0.94356865 0.82818717 2.451615 1.200623 0.8249574
124 2.0586824 0.94345254 0.82809067 2.4470673 1.1970713 0.8250902
125 2.0585885 0.94342476 0.82823384 2.4508257 1.1998444 0.8248339
126 2.0580814 0.9431794 0.82831335 2.444562 1.19535 0.82522887
127 2.0580037 0.9431373 0.82836485 2.448802 1.198847 0.82483244
128 2.0577838 0.9430447 0.8284392 2.441503 1.1935451 0.8251114
129 2.0576382 0.9429388 0.8283893 2.4479847 1.1978116 0.8253972
130 2.057383 0.94283175 0.82848966 2.4427087 1.194461 0.8253558
131 2.057218 0.94276714 0.8285105 2.4433787 1.1953411 0.8252357
132 2.0569732 0.94260174 0.8285419 2.4399457 1.1923251 0.82531536
133 2.0568058 0.9425576 0.82853216 2.4404838 1.1938094 0.82567215
134 2.0565882 0.9424527 0.8285357 2.4347117 1.1892673 0.8256463
135 2.056477 0.9424206 0.8285388 2.4374783 1.1919315 0.8259364
136 2.0561914 0.94231075 0.828576 2.4311745 1.1877178 0.82558775
137 2.0560384 0.94223464 0.8285861 2.432464 1.1890657 0.82555455
138 2.0559604 0.9422023 0.82857144 2.4282908 1.1865212 0.8254683
139 2.0558167 0.9421554 0.82853264 2.428564 1.1865854 0.8254452
140 2.0556023 0.9420774 0.8285458 2.4253 1.1850752 0.82530624
141 2.0554636 0.9420135 0.8286136 2.4275064 1.1859765 0.82518846
142 2.0553133 0.9419596 0.82875943 2.421994 1.1827812 0.8251252
143 2.0552237 0.9419209 0.82881445 2.4244606 1.1844721 0.8249473
144 2.0550635 0.9418634 0.8288865 2.4201224 1.1816269 0.824847
145 2.0550091 0.9418276 0.8288954 2.42191 1.1825633 0.8245969
146 2.0547328 0.94173175 0.828999 2.4185414 1.1809558 0.82489836
147 2.0544474 0.9415389 0.8289973 2.4207134 1.1819981 0.8248942
148 2.0542877 0.94147134 0.82900447 2.419735 1.180841 0.82467985
149 2.0542495 0.94147253 0.82894635 2.4201038 1.1814501 0.8244979
150 2.0540824 0.9414018 0.82883555 2.4182527 1.1800514 0.8247439
151 2.0538738 0.94129145 0.82895046 2.4177043 1.1799214 0.82455844
152 2.0538135 0.94130653 0.8290437 2.4178712 1.1797937 0.82437104
153 2.0534666 0.9411084 0.82894975 2.4169025 1.1793373 0.8245843
154 2.0534143 0.9411487 0.828985 2.4155478 1.1786522 0.8247402
155 2.0530996 0.94096524 0.82897544 2.4157138 1.178336 0.82453376
156 2.053045 0.9409637 0.82900435 2.4129674 1.1769896 0.8245191
157 2.052821 0.94083357 0.8290281 2.4137287 1.1771166 0.8244997
158 2.0526793 0.9407773 0.8290051 2.411245 1.1765301 0.82469594
159 2.0525568 0.94070244 0.82907635 2.4118507 1.1762074 0.82484716
160 2.0524158 0.94070584 0.82905585 2.4106047 1.1762512 0.82467324
161 2.0521615 0.94054794 0.8291291 2.4104488 1.1756278 0.82516474
162 2.0519617 0.94045484 0.8290687 2.4108734 1.1757681 0.82483786
163 2.0517256 0.94031525 0.8290588 2.4093192 1.1749648 0.82553434
164 2.0515423 0.94026387 0.8291775 2.4098551 1.1756332 0.8257186
165 2.0514512 0.940191 0.82917815 2.4067943 1.1733379 0.8255176
166 2.0512354 0.9401034 0.8292211 2.407204 1.174258 0.82553023
167 2.0511153 0.94001013 0.829324 2.405156 1.17252 0.82544637
168 2.050912 0.93995714 0.8293714 2.406351 1.1735129 0.8258932
169 2.0507717 0.9398636 0.8294044 2.407172 1.1737067 0.8257031
170 2.0506167 0.93980706 0.82936 2.4031897 1.1719588 0.8258902
171 2.0505366 0.93978006 0.82940185 2.4038513 1.1716768 0.825797
172 2.0503118 0.9396933 0.829431 2.4012463 1.1708521 0.82605284
173 2.0501935 0.9396266 0.82939464 2.4023743 1.1715653 0.8261969
174 2.0501034 0.9396147 0.82938474 2.4026453 1.1715218 0.82607037
175 2.0499034 0.9395151 0.8293054 2.4001887 1.1698151 0.82578677
176 2.0498295 0.9394999 0.82920253 2.399461 1.1695613 0.82581735
177 2.0496113 0.9393883 0.82919276 2.4008627 1.1700486 0.8258881
178 2.0496376 0.9394294 0.8292371 2.3981385 1.168735 0.82558805
179 2.0494375 0.9393456 0.82917935 2.3990397 1.1691811 0.8256757
180 2.049314 0.9393096 0.8291079 2.397113 1.1684777 0.8260356
181 2.0492136 0.93925726 0.82907385 2.3972123 1.1691447 0.8261672
182 2.0490773 0.9392202 0.82910943 2.397781 1.168229 0.8256732
183 2.0490875 0.9392358 0.8291217 2.3964534 1.1684967 0.8258088
184 2.0490258 0.9392595 0.8291262 2.3965642 1.1678253 0.8257056
185 2.048913 0.9392144 0.8290696 2.397101 1.1690944 0.825665
186 2.0487921 0.93916774 0.82903135 2.3947837 1.1665351 0.82555836
187 2.0486932 0.9391126 0.82902783 2.3963776 1.1685467 0.8254893
188 2.0485218 0.93903804 0.82904476 2.3950608 1.1668937 0.82537335
189 2.0484483 0.9390155 0.8290868 2.3954155 1.1679 0.8252147
190 2.0483007 0.93894523 0.8290495 2.3913069 1.1644669 0.82492036
191 2.0482788 0.9389802 0.8289899 2.3967624 1.1680909 0.82456267
192 2.048006 0.93883675 0.8289724 2.393263 1.165326 0.82476646
193 2.0479915 0.938816 0.82893074 2.3974063 1.1686006 0.8245269
194 2.0477822 0.93872684 0.82898754 2.3936014 1.1653606 0.82441133
195 2.047691 0.938663 0.82905126 2.3948596 1.1668237 0.8245057
196 2.047595 0.9386377 0.829013 2.3935971 1.1654831 0.8252675
197 2.0476449 0.93865347 0.8289074 2.3949327 1.1667241 0.8239688
198 2.0473993 0.9385643 0.8289079 2.393906 1.1658508 0.8250982
199 2.0474157 0.9385178 0.8288773 2.3933797 1.1653459 0.8239083
200 2.0471716 0.9384635 0.8289465 2.394403 1.1666331 0.8247165
201 2.0471969 0.93840265 0.8289184 2.3936286 1.1656488 0.8236803
202 2.0470304 0.938391 0.8290158 2.3913975 1.1639725 0.8244793
203 2.0470095 0.93835425 0.8290539 2.391963 1.1646981 0.82365173
204 2.0468366 0.93829256 0.82913685 2.3903115 1.1632941 0.8238915
205 2.0467756 0.9382476 0.82915807 2.392829 1.1657209 0.8234318
206 2.046554 0.9381556 0.8291562 2.390428 1.1633269 0.8238179
207 2.0466723 0.93821764 0.82918257 2.3921936 1.1656252 0.82378614
208 2.0464883 0.9381521 0.8291896 2.3894808 1.16275 0.8233358
209 2.0465465 0.93814903 0.8291814 2.392249 1.165731 0.82322377
210 2.0464094 0.93810064 0.82923776 2.388792 1.1624517 0.8231286
211 2.0464299 0.93812555 0.8293215 2.3921013 1.1658865 0.82330364
212 2.0461943 0.93798995 0.82918155 2.3900054 1.1636322 0.82313395
213 2.0462701 0.9380155 0.8293694 2.3889372 1.1639526 0.8235305
214 2.0459192 0.9378561 0.8292923 2.3901606 1.164067 0.8230965
215 2.0460856 0.9379508 0.82937187 2.3880885 1.1629484 0.8233945
216 2.0459816 0.9379218 0.8291758 2.3907523 1.1642083 0.8233097
217 2.0460546 0.93798304 0.82936704 2.3872504 1.1623179 0.82341355
218 2.045888 0.9379207 0.8292356 2.388675 1.1639193 0.8230177
219 2.0457015 0.9378154 0.82932866 2.3895125 1.1634825 0.8226485
220 2.0457304 0.93784744 0.82928133 2.3870807 1.1622689 0.82304776
221 2.0455697 0.93782276 0.8293536 2.3910654 1.1647211 0.8227214
222 2.0455477 0.93777525 0.82929045 2.3883793 1.1632341 0.822853
223 2.045232 0.93761015 0.82942224 2.387619 1.1625041 0.8233295
224 2.045178 0.9375754 0.82920057 2.3875823 1.1631429 0.82294714
225 2.0450206 0.93754244 0.8293143 2.384886 1.1607876 0.822731
226 2.0449817 0.9374685 0.82925665 2.3873389 1.1626221 0.82261056
227 2.044789 0.937407 0.8292791 2.385355 1.1614652 0.8227634
228 2.0448515 0.937396 0.82912207 2.384632 1.1611941 0.82278866
229 2.0446448 0.93733996 0.8292846 2.3854918 1.1615441 0.82275736
230 2.044584 0.9372347 0.82907045 2.3834143 1.1609306 0.82265264
231 2.0445051 0.9372527 0.8291358 2.3837302 1.1611153 0.8227439
232 2.044365 0.93715596 0.82908773 2.3816226 1.159965 0.822895
233 2.0443404 0.93719304 0.82916456 2.383194 1.1606997 0.82260215
234 2.0441232 0.9370609 0.8291068 2.3809047 1.1597027 0.82304204
235 2.044051 0.9370235 0.8292419 2.3820086 1.1603931 0.82347745
236 2.0438023 0.9369019 0.82914126 2.3817737 1.1604835 0.8233748
237 2.043849 0.9368947 0.8292711 2.3802514 1.1593412 0.8231251
238 2.0436704 0.9368166 0.82921344 2.3807046 1.159653 0.82315326
239 2.0436673 0.9368105 0.82921565 2.3813944 1.1601049 0.8234628
240 2.0434906 0.9366929 0.82907116 2.3801079 1.1592753 0.8233958
241 2.043365 0.93662816 0.82921624 2.380387 1.1599561 0.8237807
242 2.0433438 0.93658495 0.82915074 2.3776805 1.1573416 0.82312715
243 2.0432925 0.9365804 0.82920164 2.378958 1.1588926 0.8236913
244 2.0430627 0.93646127 0.82918316 2.3782246 1.1578993 0.82334334
245 2.042983 0.93638796 0.8292262 2.3777156 1.158197 0.8235362
246 2.0428972 0.93636423 0.8291768 2.3779812 1.1581433 0.8232638
247 2.0429223 0.93633235 0.8292332 2.3775527 1.1578997 0.82325596
248 2.0426815 0.936249 0.8293556 2.3773832 1.1581161 0.82321703
249 2.0427196 0.9362758 0.8293692 2.3746555 1.1555353 0.82299495
250 2.0425873 0.93623346 0.8293049 2.3793042 1.1598022 0.82337666
251 2.042329 0.93605757 0.8294602 2.3755918 1.1561356 0.82325774
252 2.0423763 0.9360498 0.82929575 2.3779318 1.1585997 0.8229695
253 2.0422254 0.93601316 0.8294876 2.3763914 1.157408 0.8231236
254 2.0420876 0.9359049 0.8294014 2.3782623 1.1590446 0.82318276
255 2.0418713 0.93578136 0.8294646 2.3752596 1.1562576 0.8229643
256 2.0418348 0.93573797 0.82927984 2.3770788 1.1585722 0.82254326
257 2.0416052 0.9356423 0.8293242 2.3752503 1.1564314 0.82330364
258 2.0415413 0.9356068 0.82923937 2.3783646 1.1593717 0.82248783
259 2.04149 0.9355471 0.8291677 2.3734524 1.1558739 0.82265496
260 2.041328 0.93553036 0.8292405 2.3761332 1.1581047 0.82242244
261 2.0412948 0.935489 0.82922685 2.3739913 1.156059 0.82264125
262 2.0412147 0.9354763 0.8293346 2.375976 1.1581764 0.82242566
263 2.0411277 0.93538964 0.8292423 2.3731856 1.1554354 0.82270575
264 2.0409803 0.9353411 0.8291884 2.376075 1.1584175 0.82268214
265 2.0410123 0.9353725 0.8293112 2.3732553 1.1557436 0.8230315
266 2.0409286 0.93538237 0.8292836 2.374802 1.1579411 0.8226534
267 2.040868 0.93531126 0.8294778 2.3709705 1.1542844 0.8228927
268 2.0408387 0.935348 0.82931304 2.3719285 1.1558672 0.8228018
269 2.0409017 0.93533283 0.8294058 2.3719738 1.1554279 0.82246155
270 2.0406694 0.9352281 0.82945246 2.3711271 1.1554142 0.8226667
271 2.0408297 0.935298 0.82947063 2.3733637 1.1565315 0.8226697
272 2.0406191 0.93525094 0.8294477 2.3683355 1.1543794 0.82298356
273 2.0405452 0.9351518 0.82935923 2.371001 1.1549041 0.82257664
274 2.0403998 0.9351215 0.8294933 2.3694165 1.1550937 0.82345754
275 2.0404022 0.93510896 0.82939154 2.3702052 1.1548456 0.82251483
276 2.040178 0.93500364 0.8293835 2.3684897 1.1545396 0.82283777
277 2.0402424 0.9350064 0.8293871 2.368519 1.1537561 0.8223488
278 2.0400915 0.9349708 0.8293489 2.36819 1.1542914 0.82308763
279 2.0401094 0.9348831 0.82943636 2.3710093 1.1559117 0.8225476
280 2.0398533 0.934819 0.8292078 2.3659227 1.1523169 0.82351345
281 2.0398636 0.93473566 0.82932264 2.3696868 1.1549919 0.82256
282 2.0396907 0.9347038 0.82945687 2.3664875 1.1525266 0.8229336
283 2.0396645 0.9346486 0.8294201 2.3689036 1.1541908 0.8226424
284 2.039479 0.9346248 0.82955724 2.3672984 1.1529242 0.82299715
285 2.0394258 0.93452656 0.82937086 2.3707936 1.1557363 0.8224555
286 2.0393057 0.9345232 0.82936764 2.3661718 1.1522125 0.82294685
287 2.0393276 0.9344629 0.8292795 2.3708472 1.1556664 0.82235134
288 2.039262 0.93447167 0.82945776 2.365515 1.1515738 0.82212925
289 2.0391986 0.93441683 0.82934904 2.3689575 1.1545902 0.82221115
290 2.0390553 0.9343379 0.829394 2.3658009 1.1519703 0.8218316
291 2.039035 0.9343071 0.82936895 2.366931 1.1530412 0.8221582
292 2.0389707 0.9343633 0.8295082 2.3683312 1.1539276 0.8214552
293 2.038811 0.93419087 0.8293736 2.3667383 1.1528519 0.8222156
294 2.0387964 0.93429744 0.829573 2.367702 1.1535808 0.8215624
295 2.0388393 0.934209 0.8293772 2.367822 1.1534866 0.8216212
296 2.0386074 0.9341483 0.82945555 2.367218 1.1533384 0.8212969
297 2.0386066 0.93407285 0.82946295 2.366109 1.1524056 0.82156557
298 2.038583 0.93414354 0.82951844 2.3658495 1.1524674 0.8213093
299 2.038506 0.9340235 0.8295315 2.366912 1.1530259 0.82134664
300 2.0383208 0.93400425 0.82947034 2.3667402 1.1531426 0.8210959
301 2.038344 0.93392634 0.829452 2.364224 1.1509472 0.8208379
302 2.038208 0.93392575 0.8293966 2.3683777 1.1545445 0.82067287
303 2.0383074 0.93386745 0.8295077 2.3672912 1.1530535 0.8205403
304 2.0379891 0.93381155 0.8293804 2.3675134 1.153867 0.82028097
305 2.0380921 0.93376374 0.82945603 2.3679733 1.1532279 0.82028943
306 2.0378506 0.9337207 0.8293834 2.366687 1.153364 0.8205851
307 2.0379183 0.93369746 0.82936364 2.367161 1.1528387 0.8204296
308 2.037805 0.9337257 0.8293578 2.3662353 1.1527959 0.82045645
309 2.0379012 0.93367493 0.8294708 2.3678956 1.1533694 0.8206092
310 2.0376065 0.9335795 0.8294189 2.3670466 1.1531045 0.8201577
311 2.0376995 0.9335229 0.82946545 2.3681808 1.1535097 0.8203857
312 2.037459 0.93350554 0.8294014 2.367804 1.1537514 0.82022643
313 2.037557 0.9334804 0.8294603 2.368766 1.1538329 0.8201336
314 2.0372634 0.9334156 0.8294751 2.3657434 1.1522273 0.8197403
315 2.0374446 0.93345135 0.82947475 2.369383 1.153954 0.82016355
316 2.0371442 0.9333704 0.82952756 2.3680377 1.1538091 0.8202346
317 2.037291 0.93338656 0.82953614 2.3676217 1.1525828 0.8197177
318 2.0370545 0.9333238 0.8294278 2.3683171 1.1536574 0.81988704
319 2.0371406 0.93327296 0.8294274 2.3684058 1.1527736 0.81981134
320 2.0369112 0.9332192 0.829472 2.3679616 1.1534829 0.81974864
321 2.037053 0.9332318 0.82945997 2.368626 1.1528155 0.81995887
322 2.0367217 0.9331077 0.82953167 2.3661819 1.1524913 0.8203553
323 2.0368402 0.9330639 0.8295018 2.3690252 1.1536335 0.8202093
324 2.036762 0.9331145 0.8294958 2.3662815 1.1522496 0.8199043
325 2.0367506 0.9330185 0.8296215 2.369548 1.1541352 0.8204296
326 2.0366852 0.93305856 0.8295714 2.3659167 1.1524098 0.82051057
327 2.0365906 0.93298966 0.82970124 2.3682437 1.1531881 0.8206054
328 2.036498 0.93295604 0.8295883 2.3653116 1.151725 0.8210079
329 2.0366054 0.93296635 0.8297035 2.369201 1.1540018 0.8212132
330 2.0363088 0.9328419 0.8296035 2.3676383 1.1529304 0.82123494
331 2.036379 0.9328121 0.8296656 2.3688126 1.1537614 0.8209983
332 2.0360672 0.93274367 0.82970273 2.3667524 1.1528352 0.8213864
333 2.0364957 0.9328524 0.8296109 2.3684824 1.153451 0.8213532
334 2.0361142 0.93275005 0.8296583 2.364844 1.1514976 0.82109743
335 2.0361145 0.9326536 0.82955533 2.3688724 1.1539228 0.82081187
336 2.0359821 0.93267304 0.82965493 2.3653731 1.1519266 0.82145095
337 2.0359638 0.93259174 0.8297554 2.3680274 1.1535331 0.82085556
338 2.0357618 0.93254906 0.82974666 2.3665838 1.1530063 0.8208929
339 2.0359695 0.932571 0.82970196 2.3669121 1.1529423 0.82069945
340 2.035634 0.9324555 0.8297722 2.3668005 1.153036 0.82127434
341 2.0357482 0.9324367 0.82955 2.3670661 1.1531605 0.82102233
342 2.0356367 0.9324731 0.82968533 2.364788 1.1521049 0.82092875
343 2.0356765 0.9324194 0.82956374 2.3658657 1.1519132 0.8208525
344 2.0355206 0.9323848 0.82973343 2.3635142 1.1512992 0.8206264
345 2.0355592 0.93230975 0.8296224 2.3663533 1.1526117 0.82036865
346 2.0353484 0.9322976 0.8296837 2.363977 1.1516916 0.82063156
347 2.0352488 0.932171 0.8296743 2.3652349 1.1519372 0.8206432
348 2.0351586 0.9321588 0.8296741 2.3633184 1.1508782 0.82039434
349 2.0351465 0.93205994 0.8298175 2.3652024 1.151933 0.82056206
350 2.034977 0.9320265 0.82979107 2.3632483 1.1508926 0.8205512
351 2.0351896 0.9320844 0.8297485 2.3645134 1.151493 0.8205639
352 2.034801 0.9319114 0.82979155 2.362738 1.1508304 0.82019645
353 2.0350006 0.9319404 0.82972586 2.363919 1.1508155 0.820515
354 2.034693 0.931869 0.82986826 2.363479 1.151075 0.82024145
355 2.034901 0.9318796 0.82991755 2.3651876 1.1521487 0.8203244
356 2.0345123 0.9317054 0.82995343 2.3620756 1.1502149 0.8206889
357 2.0350409 0.931887 0.8300597 2.366597 1.1527319 0.82024264
358 2.0345035 0.93168426 0.82988703 2.3625033 1.1500504 0.82003677
359 2.034607 0.9316699 0.8299504 2.3656049 1.1523559 0.82010925
360 2.0342932 0.9315685 0.82993644 2.3623843 1.1499709 0.8199371
361 2.0344262 0.9315895 0.8300331 2.3658247 1.1526657 0.8195647
362 2.0340803 0.9314509 0.8298147 2.361933 1.1493033 0.8190687
363 2.0347226 0.9317057 0.8299971 2.366739 1.1536347 0.8198558
364 2.0341742 0.93146676 0.8297727 2.3604064 1.1480865 0.8194424
365 2.0342274 0.9313969 0.82991433 2.3674335 1.153381 0.8189436
366 2.0340662 0.931403 0.8296894 2.3621047 1.1499796 0.81914043
367 2.0342224 0.9314184 0.82987726 2.3647993 1.1515514 0.81908447
368 2.033968 0.93136454 0.82973075 2.363727 1.1509925 0.8192725
369 2.0342274 0.9313903 0.82980466 2.3650694 1.1513981 0.819103
370 2.0338955 0.931323 0.8297928 2.3616297 1.149672 0.81933826
371 2.0341835 0.93136024 0.8297868 2.363848 1.1505425 0.8190536
372 2.0338383 0.93125737 0.8296772 2.360408 1.1490341 0.81929976
373 2.0341117 0.93129236 0.8298699 2.3620486 1.1491593 0.8191286
374 2.033717 0.9311855 0.8296107 2.3583531 1.147672 0.81923157
375 2.0340247 0.9312418 0.82977927 2.3610723 1.1483661 0.8194214
376 2.0337274 0.9311569 0.8296261 2.3582451 1.1479527 0.81876934
377 2.033846 0.93109703 0.82967794 2.360299 1.1475581 0.81908774
378 2.0334651 0.9310477 0.82963526 2.3589706 1.1481057 0.81924856
379 2.0337226 0.93109643 0.829652 2.3596022 1.1472708 0.8191078
380 2.0335348 0.931034 0.8295161 2.3576722 1.1472982 0.81890595
381 2.0334792 0.93095356 0.8295919 2.3602123 1.1477091 0.81919926
382 2.0332563 0.9309052 0.8296662 2.3578384 1.1469693 0.8188008
383 2.0333936 0.9308864 0.82967067 2.3596387 1.1475397 0.81870633
384 2.033297 0.93088484 0.8295695 2.357495 1.1466105 0.81869704
385 2.0330913 0.93064904 0.8296088 2.3594263 1.1473207 0.8190555
386 2.0330973 0.93077147 0.8297163 2.358272 1.1472613 0.81859225
387 2.033128 0.9306769 0.8296357 2.3595932 1.1475799 0.8192867
388 2.0330775 0.93072706 0.8295623 2.3574703 1.1468185 0.8186388
389 2.0328903 0.9305018 0.8296716 2.360094 1.1474867 0.8191746
390 2.0327203 0.93054277 0.8296656 2.3583865 1.1476973 0.8186846
391 2.0328565 0.93053246 0.8295534 2.3599207 1.1476976 0.81907463
392 2.032863 0.93060297 0.829558 2.356763 1.1464925 0.81854194
393 2.0326805 0.9303604 0.829508 2.360633 1.1484519 0.81938833
394 2.0325575 0.93039274 0.8294874 2.3561397 1.1461761 0.8186904
395 2.0326107 0.93032765 0.8295985 2.3592668 1.1473957 0.81893533
396 2.0323675 0.9302808 0.8295666 2.3578997 1.1477233 0.8187202
397 2.0325263 0.93026555 0.8294672 2.3577101 1.1468152 0.8190531
398 2.0323074 0.9302157 0.8295091 2.3572671 1.1468605 0.818431
399 2.0323956 0.93020266 0.8294038 2.3571317 1.1459273 0.81889546
400 2.0321062 0.930142 0.8294984 2.3575964 1.1473938 0.8188729
401 2.0322692 0.9301543 0.82941717 2.3539534 1.1441085 0.8189235
402 2.0321262 0.9300903 0.8294986 2.356081 1.1462655 0.8186374
403 2.032251 0.93013084 0.8294336 2.3556936 1.1452382 0.8186876
404 2.0319853 0.930051 0.82952416 2.357286 1.1472702 0.81888366
405 2.032199 0.9300932 0.8295713 2.3547826 1.1446034 0.8185921
406 2.032107 0.9301113 0.82951176 2.3552244 1.1460277 0.81900084
407 2.0320299 0.9300101 0.82944083 2.3552647 1.1447159 0.81917065
408 2.0318267 0.9299808 0.8295145 2.3569393 1.1470081 0.8190331
409 2.0321302 0.93002635 0.82941383 2.3549697 1.1446865 0.81924814
410 2.031956 0.93000513 0.8296172 2.3545077 1.1452844 0.8192372
411 2.0320058 0.9299094 0.8293657 2.3547516 1.1442739 0.81917083
412 2.0317628 0.9298975 0.8294938 2.3551557 1.1456215 0.8192395
413 2.0319428 0.92989117 0.82947487 2.354365 1.1439799 0.8192871
414 2.0317085 0.9298745 0.8296263 2.3527565 1.144142 0.81980085
415 2.031786 0.9298145 0.829629 2.3533354 1.1434052 0.8192405
416 2.0315256 0.9297738 0.8296321 2.355749 1.1461189 0.8193862
417 2.0316958 0.9297509 0.8296258 2.3546984 1.1444992 0.8194215
418 2.031541 0.92973256 0.82972467 2.355069 1.1459006 0.81994814
419 2.031643 0.9297445 0.82961136 2.3543746 1.1438644 0.8190252
420 2.0312746 0.9295942 0.8296362 2.3572621 1.1471047 0.8192955
421 2.031538 0.9296614 0.8295196 2.355346 1.1448183 0.81924164
422 2.0313418 0.9296128 0.82957536 2.3559368 1.1460491 0.8193496
423 2.0314138 0.929581 0.82967913 2.3570354 1.1459948 0.819519
424 2.0310905 0.9294983 0.82980055 2.356945 1.1466781 0.81906843
425 2.031678 0.9296775 0.8296061 2.3571346 1.1459955 0.81984323
426 2.0311866 0.9295122 0.82969785 2.355853 1.1464162 0.8189202
427 2.0311852 0.92942464 0.8295891 2.356251 1.1453605 0.8196861
428 2.0309365 0.9294006 0.8297741 2.3568113 1.1471759 0.8188793
429 2.0310066 0.9293607 0.8296553 2.3574488 1.1466765 0.8187347
430 2.030829 0.9293378 0.82985675 2.3551097 1.1456989 0.819201
431 2.0314584 0.92957526 0.8296079 2.3582337 1.1471777 0.819132
432 2.0308971 0.92933035 0.829986 2.3557622 1.1463349 0.819543
433 2.0311844 0.9294215 0.829871 2.3574471 1.1466706 0.81959033
434 2.0307908 0.9293137 0.8300258 2.3546968 1.1460044 0.81901765
435 2.0313215 0.9294878 0.82984406 2.3559635 1.1453856 0.8196319
436 2.0307808 0.9292698 0.8300132 2.3549693 1.1458961 0.8194859
437 2.0309541 0.9292947 0.82995653 2.3553288 1.1450714 0.8195448
438 2.0305288 0.92914015 0.82997876 2.3564942 1.1472284 0.81959265
439 2.0307155 0.9291615 0.8299984 2.3554401 1.1452593 0.81938267
440 2.0304327 0.92908347 0.8300283 2.3566704 1.1472914 0.8192714
441 2.0304377 0.92902493 0.8299632 2.3562765 1.1458694 0.8191534
442 2.0303414 0.9290261 0.8299459 2.357677 1.1477013 0.8193351
443 2.0306408 0.9291023 0.82981163 2.3562145 1.146376 0.8194158
444 2.0304394 0.92903614 0.82986736 2.358288 1.1483464 0.81980443
445 2.0304074 0.92893 0.82983404 2.3558307 1.1454445 0.819467
446 2.030188 0.9289202 0.8298132 2.3583467 1.1487756 0.81942874
447 2.0303955 0.92892087 0.82987684 2.355834 1.1456836 0.81969213
448 2.0301604 0.9288654 0.82987547 2.3578515 1.1482643 0.8194803
449 2.0306616 0.9290018 0.82980955 2.3551886 1.146172 0.81983644
450 2.0300426 0.92880225 0.8298831 2.356628 1.1478533 0.81931704
451 2.0304384 0.92885214 0.82970655 2.3552592 1.1456903 0.8196298
452 2.0300074 0.92879146 0.82974017 2.3571312 1.148061 0.81981874
453 2.030084 0.92869306 0.82976 2.3542283 1.1448774 0.8193875
454 2.0299542 0.9288048 0.82980496 2.3568404 1.1480172 0.8194952
455 2.0300782 0.9287436 0.829711 2.3535292 1.1448063 0.8197934
456 2.0299284 0.9287554 0.8298115 2.3572495 1.147935 0.81976205
457 2.0299528 0.9286609 0.8296818 2.354341 1.1451318 0.8196309
458 2.0297859 0.92873144 0.8297772 2.357531 1.1484421 0.81965435
459 2.0300934 0.92874503 0.8298058 2.3541074 1.1453747 0.819852
460 2.029573 0.92858773 0.8296846 2.3558617 1.1473019 0.81985486
461 2.0299435 0.92861176 0.8297513 2.3557413 1.1463946 0.82000583
462 2.0295022 0.92847973 0.82971525 2.3543804 1.1462153 0.81972474
463 2.0297143 0.92858535 0.82974887 2.3556435 1.1465325 0.8200232
464 2.029364 0.9284037 0.8297007 2.3542552 1.1461061 0.8198043
465 2.0295103 0.9284299 0.82982606 2.3553529 1.1465516 0.8198415
466 2.0291986 0.9283541 0.8298101 2.3523695 1.1443797 0.8198941
467 2.0295372 0.9284427 0.82988244 2.3559456 1.1474094 0.8195645
468 2.0291002 0.9282881 0.8298965 2.3534913 1.1448145 0.8199482
469 2.0297341 0.92848665 0.8298048 2.35561 1.1470836 0.81971544
470 2.0293798 0.9284492 0.82980734 2.3515117 1.1442921 0.82029206
471 2.0291421 0.9281933 0.82992244 2.3549106 1.1462989 0.819591
472 2.0290174 0.928182 0.8296789 2.352082 1.1444132 0.82011986
473 2.0291398 0.9281994 0.829956 2.3531494 1.1450723 0.8195847
474 2.028994 0.9282308 0.8297443 2.3530369 1.1457183 0.8198765
475 2.029566 0.9283537 0.82985705 2.3523245 1.1443764 0.8195583
476 2.0290573 0.92821664 0.8298207 2.3498504 1.1436034 0.8199938
477 2.0290682 0.92809725 0.8299322 2.352394 1.1448555 0.81977695
478 2.0287147 0.9280064 0.8298564 2.3513014 1.1446406 0.8202724
479 2.029464 0.9283076 0.8301051 2.352455 1.1450773 0.8201063
480 2.0288384 0.9281067 0.8298393 2.3506596 1.1442925 0.8199214
481 2.029005 0.92803174 0.82998496 2.3516762 1.1445285 0.82025355
482 2.0286596 0.92796814 0.8299844 2.3501823 1.1442407 0.82053703
483 2.0289886 0.92805606 0.8299792 2.35229 1.1447505 0.8203986
484 2.0286095 0.92790693 0.82983184 2.350608 1.1446229 0.82040113
485 2.028805 0.92795706 0.8299147 2.350609 1.1436051 0.8209119
486 2.02862 0.92790765 0.8298842 2.3504465 1.1443732 0.82092404
487 2.0287077 0.927873 0.8300015 2.3524652 1.1450796 0.82128084
488 2.0285437 0.9278596 0.82999367 2.349806 1.1441355 0.82122207
489 2.028596 0.927837 0.8300224 2.3511147 1.1441435 0.821325
490 2.0283546 0.9277804 0.83003783 2.3503852 1.1446629 0.8213004
491 2.0287564 0.9279323 0.8299426 2.3500507 1.1433016 0.8211382
492 2.028381 0.9277641 0.8298657 2.351361 1.1449561 0.82117796
493 2.0285323 0.927771 0.83001107 2.350127 1.1435051 0.8213656
494 2.0283275 0.9277089 0.8299046 2.3504007 1.1444879 0.82119703
495 2.0286624 0.92781407 0.83000165 2.3515232 1.1441711 0.82126856
496 2.0284095 0.92781883 0.83005565 2.3504322 1.1445862 0.82135206
497 2.028834 0.9278864 0.8299699 2.3502705 1.1433986 0.82139695
498 2.0283275 0.9277859 0.8300477 2.348266 1.1429901 0.8207565
499 2.0285413 0.9277274 0.83005625 2.35078 1.143748 0.8213105
0 0 0.0 0.0 0.0 0.0 0.0 0.0 0.0 0.0 0.0 0.0 0.0 0.0 0.0 0.0 0.0 0.0 0.0 0.0 0.0 0.0 0.0 0.0 0.0 0.0 0.0 0.0 0.0 0.0 0.0 0.0 0.0 0.0 0.0 0.0 0.0 0.0 0.0 0.0 0.0 0.0 0.0 0.0 0.0 0.0 0.0 0.0 0.0 0.0 0.0 0.0 0.0 0.0 0.0 0.0 0.0 0.0 0.0 0.0 0.0 0.0 0.0 0.0 0.0 0.0 0.0 0.0 0.0 0.0 0.0 0.0 0.0 0.0 0.0 0.0 0.0 0.0 0.0 0.0 0.0 0.0 0.0 0.0 0.0 0.0 0.0 0.0 0.0 0.0 0.0 0.0 0.0 0.0 0.0 0.0 0.0 0.0405719294943862 0.1182460171121217 0.24706398634825957 0.4976052850060826 0.6828105442058582 0.7404578567527534 0.8522170004968874 0.9300842091098918 0.9872169323750664 -0.9786117 -0.8772818 -0.74337983 -0.610559 -0.41679955 -0.5525281 -0.73771477 -0.85452116 -1.039049 -1.0498183 -0.84194934 -0.60612583 -0.42424554 -0.17212145 -0.34682178 -0.6080418 -0.8484863 -1.1359437
1 0 0.0 0.0 0.0 0.0 0.0 0.0 0.0 0.0 0.0 0.0 0.0 0.0 0.0 0.0 0.0 0.0 0.0 0.0 0.0 0.0 0.0 0.0 0.0 0.0 0.0 0.0 0.0 0.0 0.0 0.0 0.0 0.0 0.0 0.0 0.0 0.0 0.0 0.0 0.0 0.0 0.0 0.0 0.0 0.0 0.0 0.0 0.0 0.0 0.0 0.0 0.0 0.0 0.0 0.0 0.0 0.0 0.0 0.0 0.0 0.0 0.0 0.0 0.0 0.0 0.0 0.0 0.0 0.0 0.0 0.0 0.0 0.0 0.0 0.0 0.0 0.0 0.0 0.0 0.0 0.0 0.0 0.0 0.0 0.0 0.0 0.0 0.0 0.0 0.0 0.0 0.0 0.0 0.0 0.0 0.0 0.03935220125550131 0.09320570336672644 0.15086646249974012 0.3492172800401779 0.4936819993213247 0.5992894491123115 0.7570758116805723 0.8772273124242601 0.9622053057918108 -1.0593113 -0.9410882 -0.78008735 -0.6530521 -0.45915657 -0.605681 -0.7255904 -0.8887758 -0.97627926 -1.1213369 -0.9296659 -0.66956913 -0.47363177 -0.13720997 -0.34463626 -0.5724487 -0.84256494 -1.0027535
2 0 0.0 0.0 0.0 0.0 0.0 0.0 0.0 0.0 0.0 0.0 0.0 0.0 0.0 0.0 0.0 0.0 0.0 0.0 0.0 0.0 0.0 0.0 0.0 0.0 0.0 0.0 0.0 0.0 0.0 0.0 0.0 0.0 0.0 0.0 0.0 0.0 0.0 0.0 0.0 0.0 0.0 0.0 0.0 0.0 0.0 0.0 0.0 0.0 0.0 0.0 0.0 0.0 0.0 0.0 0.0 0.0 0.0 0.0 0.0 0.0 0.0 0.0 0.0 0.0 0.0 0.0 0.0 0.0 0.0 0.0 0.0 0.0 0.0 0.0 0.0 0.0 0.0 0.0 0.0 0.0 0.0 0.0 0.0 0.0 0.0 0.0 0.0 0.0 0.0 0.0 0.0 0.0 0.0 0.0 0.0 0.014201128553735667 0.04272879867959041 0.08884248872773474 0.228013425614272 0.3552749702233136 0.42840995841027096 0.6611036478328831 0.8200029462443351 0.9093598055511645 -1.055765 -0.91697997 -0.80722415 -0.59567946 -0.48200533 -0.5227676 -0.6766915 -0.79638934 -0.99941516 -1.1948107 -0.9556949 -0.76077724 -0.4272155 -0.22302306 -0.26804334 -0.5217005 -0.74795794 -1.0371578
0 400 0.0 0.0 0.0 0.0 0.0 0.0 0.0 0.0 0.0 0.0 0.0 0.0 0.0 0.0 0.0 0.0 0.0 0.0 0.0 0.0 0.0 0.0 0.0 0.0 0.0 0.0 0.0 0.0 0.0 0.0 0.0 0.0 0.0 0.0 0.0 0.0 0.0 0.0 0.0 0.0 0.0 0.0 0.0 0.0 0.0 0.0 0.0 0.0 0.0 0.0 0.0 0.0 0.0 0.0 0.0 0.0 0.0 0.0 0.0 0.0 0.0 0.0 0.0 0.0 0.0 0.0 0.0 0.0 0.0 0.0 0.0 0.0 0.0 0.0 0.0 0.0 0.0 0.0 0.0 0.0 0.0 0.0 0.0 0.0 0.0 0.0 0.0 0.0 0.0 0.0 0.0 0.0 0.0 0.0 0.0 0.04767008166109169 0.13327786528865945 0.2735570925558405 0.4828083365079844 0.6734554858358605 0.7402554110817857 0.8503898541488918 0.9254551783065552 0.9849955383834424 -0.9539609 -0.84847486 -0.7162946 -0.50086516 -0.38023916 -0.46175444 -0.7059823 -0.8367447 -1.0173544 -0.9845631 -0.7967434 -0.56329715 -0.282933 -0.12828624 -0.24617843 -0.57202727 -0.83116364 -1.1075177
1 400 0.0 0.0 0.0 0.0 0.0 0.0 0.0 0.0 0.0 0.0 0.0 0.0 0.0 0.0 0.0 0.0 0.0 0.0 0.0 0.0 0.0 0.0 0.0 0.0 0.0 0.0 0.0 0.0 0.0 0.0 0.0 0.0 0.0 0.0 0.0 0.0 0.0 0.0 0.0 0.0 0.0 0.0 0.0 0.0 0.0 0.0 0.0 0.0 0.0 0.0 0.0 0.0 0.0 0.0 0.0 0.0 0.0 0.0 0.0 0.0 0.0 0.0 0.0 0.0 0.0 0.0 0.0 0.0 0.0 0.0 0.0 0.0 0.0 0.0 0.0 0.0 0.0 0.0 0.0 0.0 0.0 0.0 0.0 0.0 0.0 0.0 0.0 0.0 0.0 0.0 0.0 0.0 0.0 0.0 0.0 0.04248162888810401 0.09618886693415966 0.16138673254031008 0.3466602871691309 0.49539565826744086 0.5900717425430938 0.7503264439282323 0.8737254602154335 0.9525467382381418 -1.0523417 -0.9200462 -0.7604667 -0.6012949 -0.4285801 -0.59684336 -0.7030075 -0.8776766 -0.97406876 -1.1076818 -0.8941456 -0.6393496 -0.402329 -0.10046096 -0.33721143 -0.5442401 -0.8303734 -0.99280465
2 400 0.0 0.0 0.0 0.0 0.0 0.0 0.0 0.0 0.0 0.0 0.0 0.0 0.0 0.0 0.0 0.0 0.0 0.0 0.0 0.0 0.0 0.0 0.0 0.0 0.0 0.0 0.0 0.0 0.0 0.0 0.0 0.0 0.0 0.0 0.0 0.0 0.0 0.0 0.0 0.0 0.0 0.0 0.0 0.0 0.0 0.0 0.0 0.0 0.0 0.0 0.0 0.0 0.0 0.0 0.0 0.0 0.0 0.0 0.0 0.0 0.0 0.0 0.0 0.0 0.0 0.0 0.0 0.0 0.0 0.0 0.0 0.0 0.0 0.0 0.0 0.0 0.0 0.0 0.0 0.0 0.0 0.0 0.0 0.0 0.0 0.0 0.0 0.0 0.0 0.0 0.0 0.0 0.0 0.0 0.0 0.015012850125546151 0.04917945443043579 0.09935202727875334 0.21893598455303 0.364135148592879 0.42815292403730376 0.6363852780190644 0.8130656617549368 0.9106483846193376 -1.0253978 -0.88803047 -0.7745762 -0.56791794 -0.4403867 -0.48520276 -0.64515257 -0.7803645 -0.9758396 -1.1536604 -0.90973604 -0.70647407 -0.39072794 -0.15232201 -0.22965579 -0.47736868 -0.73646903 -1.014051
0 800 0.0 0.0 0.0 0.0 0.0 0.0 0.0 0.0 0.0 0.0 0.0 0.0 0.0 0.0 0.0 0.0 0.0 0.0 0.0 0.0 0.0 0.0 0.0 0.0 0.0 0.0 0.0 0.0 0.0 0.0 0.0 0.0 0.0 0.0 0.0 0.0 0.0 0.0 0.0 0.0 0.0 0.0 0.0 0.0 0.0 0.0 0.0 0.0 0.0 0.0 0.0 0.0 0.0 0.0 0.0 0.0 0.0 0.0 0.0 0.0 0.0 0.0 0.0 0.0 0.0 0.0 0.0 0.0 0.0 0.0 0.0 0.0 0.0 0.0 0.0 0.0 0.0 0.0 0.0 0.0 0.0 0.0 0.0 0.0 0.0 0.0 0.0 0.0 0.0 0.0 0.0 0.0 0.0 0.0 0.0 0.08425221992727114 0.16385024064004 0.3532615749422454 0.4737965927637843 0.6473921702866834 0.5840337389409412 0.7799912345679184 0.8829228902535241 0.9533504692137735 -0.7486702 -0.5277071 -0.04561761 0.29736385 0.24966702 0.34325805 -0.13856533 -0.36341286 -0.81967413 -0.6653398 -0.38637194 0.3202969 0.7341708 0.6589924 0.74809384 0.13256338 -0.19635588 -0.84546113
1 800 0.0 0.0 0.0 0.0 0.0 0.0 0.0 0.0 0.0 0.0 0.0 0.0 0.0 0.0 0.0 0.0 0.0 0.0 0.0 0.0 0.0 0.0 0.0 0.0 0.0 0.0 0.0 0.0 0.0 0.0 0.0 0.0 0.0 0.0 0.0 0.0 0.0 0.0 0.0 0.0 0.0 0.0 0.0 0.0 0.0 0.0 0.0 0.0 0.0 0.0 0.0 0.0 0.0 0.0 0.0 0.0 0.0 0.0 0.0 0.0 0.0 0.0 0.0 0.0 0.0 0.0 0.0 0.0 0.0 0.0 0.0 0.0 0.0 0.0 0.0 0.0 0.0 0.0 0.0 0.0 0.0 0.0 0.0 0.0 0.0 0.0 0.0 0.0 0.0 0.0 0.0 0.0 0.0 0.0 0.0 0.05431338765003601 0.06716556678345219 0.15305549461512874 0.3207835054889468 0.3106095540987603 0.4817840477402589 0.6609939144980295 0.8184090643844322 0.9191236017008306 -0.99219716 -0.5215545 -0.71651113 -0.14991441 -0.12914911 -0.5346625 -0.58808404 -0.75459254 -0.8855007 -1.0188851 -0.2977962 -0.59495044 0.20892191 0.31260696 -0.27645513 -0.39983335 -0.6755106 -0.88751554
2 800 0.0 0.0 0.0 0.0 0.0 0.0 0.0 0.0 0.0 0.0 0.0 0.0 0.0 0.0 0.0 0.0 0.0 0.0 0.0 0.0 0.0 0.0 0.0 0.0 0.0 0.0 0.0 0.0 0.0 0.0 0.0 0.0 0.0 0.0 0.0 0.0 0.0 0.0 0.0 0.0 0.0 0.0 0.0 0.0 0.0 0.0 0.0 0.0 0.0 0.0 0.0 0.0 0.0 0.0 0.0 0.0 0.0 0.0 0.0 0.0 0.0 0.0 0.0 0.0 0.0 0.0 0.0 0.0 0.0 0.0 0.0 0.0 0.0 0.0 0.0 0.0 0.0 0.0 0.0 0.0 0.0 0.0 0.0 0.0 0.0 0.0 0.0 0.0 0.0 0.0 0.0 0.0 0.0 0.0 0.0 0.021506992496377816 0.0707989123752593 0.18963242459537843 0.2906587697847944 0.38409801133794563 0.45578140552080365 0.5687226566128201 0.7532325514839404 0.8765049911410895 -0.83316606 -0.5085988 -0.1721398 0.32783923 0.11446926 0.09256396 -0.24746355 -0.34361827 -0.750629 -0.8873309 -0.42430645 0.12629649 0.7840209 0.54155207 0.45633033 0.01769045 -0.21109496 -0.7534323
0 400 -0.01745046302676201 -0.3899337947368622 -0.030438410118222237 0.012205831706523895 0.0029449458234012127 0.048416562378406525 0.23533794283866882 0.19471199810504913 0.21573884785175323 -0.059618085622787476 0.021082142367959023 0.043593037873506546 -0.02634451910853386 0.08701999485492706 0.09312355518341064 -0.0014953739009797573 -0.1090196892619133 0.0919404998421669 0.12461639195680618 0.09381973743438721 -0.04275219514966011 -0.04651615768671036 -0.025849750265479088 0.01564617268741131 -0.07831276208162308 0.14979302883148193 0.0006686394335702062 0.045737411826848984 0.15176068246364594 -0.06695108115673065 0.01738252490758896 -0.029600264504551888 0.23025552928447723 -0.05144677683711052 -0.0013690721243619919 -0.008718593046069145 0.024858875200152397 0.0273795984685421 0.09401433169841766 -0.009970582090318203 0.07237683236598969 0.0019887620583176613 0.18161752820014954 0.021632865071296692 0.11931508779525757 0.20110279321670532 0.10055295377969742 0.12738850712776184 -0.032203901559114456 0.08082740753889084 0.24704483151435852 -0.2088412344455719 0.027773430570960045 0.125020831823349 -0.08895615488290787 0.10354871302843094 0.12285106629133224 0.036472879350185394 0.12299781292676926 0.023709580302238464 0.20120690762996674 -0.06415609270334244 -0.005724971182644367 0.004219362512230873 0.08538273721933365 -0.032213784754276276 -0.11012930423021317 0.08275295794010162 -6.47026754450053e-05 0.07099983096122742 -0.13407468795776367 0.10318560898303986 0.02244420349597931 0.01871151477098465 0.08678489923477173 -0.061754580587148666 0.03361218050122261 -0.16561567783355713 0.06992429494857788 -0.02245231904089451 -0.009414227679371834 0.001881827600300312 0.03969515487551689 0.046874791383743286 0.06981539726257324 -0.10326889157295227 -0.04146799445152283 -0.0009816185338422656 0.009077148512005806 -0.04733053222298622 0.008694642223417759 0.13974948227405548 0.01856851764023304 0.11043719947338104 -0.010886620730161667 0.005177521863408574 0.014865171537742068 0.03297837316471436 0.0503612055958987 0.09703343510386545 0.13781381749857596 0.09474852032242342 0.03813160322587801 0.5331158147976263 -2.2066622 -1.7558187 -2.165971 -1.9558252 -1.8271635 -1.2132931 -1.8931499 -1.989594 -1.9155324 -2.593414 -1.6525127 -2.0632844 -1.8050878 -1.7129414 -0.76535547 -1.444278 -1.7445772 -2.0079002
1 400 -0.01745046302676201 -0.3899337947368622 -0.030438410118222237 0.012205831706523895 0.0029449458234012127 0.048416562378406525 0.23533794283866882 0.19471199810504913 0.21573884785175323 -0.059618085622787476 0.021082142367959023 0.043593037873506546 -0.02634451910853386 0.08701999485492706 0.09312355518341064 -0.0014953739009797573 -0.1090196892619133 0.0919404998421669 0.12461639195680618 0.09381973743438721 -0.04275219514966011 -0.04651615768671036 -0.025849750265479088 0.01564617268741131 -0.07831276208162308 0.14979302883148193 0.0006686394335702062 0.045737411826848984 0.15176068246364594 -0.06695108115673065 0.01738252490758896 -0.029600264504551888 0.23025552928447723 -0.05144677683711052 -0.0013690721243619919 -0.008718593046069145 0.024858875200152397 0.0273795984685421 0.09401433169841766 -0.009970582090318203 0.07237683236598969 0.0019887620583176613 0.18161752820014954 0.021632865071296692 0.11931508779525757 0.20110279321670532 0.10055295377969742 0.12738850712776184 -0.032203901559114456 0.08082740753889084 0.24704483151435852 -0.2088412344455719 0.027773430570960045 0.125020831823349 -0.08895615488290787 0.10354871302843094 0.12285106629133224 0.036472879350185394 0.12299781292676926 0.023709580302238464 0.20120690762996674 -0.06415609270334244 -0.005724971182644367 0.004219362512230873 0.08538273721933365 -0.032213784754276276 -0.11012930423021317 0.08275295794010162 -6.47026754450053e-05 0.07099983096122742 -0.13407468795776367 0.10318560898303986 0.02244420349597931 0.01871151477098465 0.08678489923477173 -0.061754580587148666 0.03361218050122261 -0.16561567783355713 0.06992429494857788 -0.02245231904089451 -0.009414227679371834 0.001881827600300312 0.03969515487551689 0.046874791383743286 0.06981539726257324 -0.10326889157295227 -0.04146799445152283 -0.0009816185338422656 0.009077148512005806 -0.04733053222298622 0.008694642223417759 0.13974948227405548 0.01856851764023304 0.11043719947338104 -0.010886620730161667 0.001468360084480893 0.007941427609026951 0.03520536890470857 0.017258793215700483 0.021931494866164202 0.03447050242350996 0.01901428806127071 0.009066224275058973 0.09133591192319804 -2.4133503 -1.5528055 -2.3821814 -2.281431 -2.2087731 -1.9057269 -1.9555615 -1.6301498 -1.6075029 -2.640288 -1.451053 -2.3661883 -2.007918 -2.0391262 -1.3761464 -1.3514143 -1.2360348 -1.5994452
2 400 -0.01745046302676201 -0.3899337947368622 -0.030438410118222237 0.012205831706523895 0.0029449458234012127 0.048416562378406525 0.23533794283866882 0.19471199810504913 0.21573884785175323 -0.059618085622787476 0.021082142367959023 0.043593037873506546 -0.02634451910853386 0.08701999485492706 0.09312355518341064 -0.0014953739009797573 -0.1090196892619133 0.0919404998421669 0.12461639195680618 0.09381973743438721 -0.04275219514966011 -0.04651615768671036 -0.025849750265479088 0.01564617268741131 -0.07831276208162308 0.14979302883148193 0.0006686394335702062 0.045737411826848984 0.15176068246364594 -0.06695108115673065 0.01738252490758896 -0.029600264504551888 0.23025552928447723 -0.05144677683711052 -0.0013690721243619919 -0.008718593046069145 0.024858875200152397 0.0273795984685421 0.09401433169841766 -0.009970582090318203 0.07237683236598969 0.0019887620583176613 0.18161752820014954 0.021632865071296692 0.11931508779525757 0.20110279321670532 0.10055295377969742 0.12738850712776184 -0.032203901559114456 0.08082740753889084 0.24704483151435852 -0.2088412344455719 0.027773430570960045 0.125020831823349 -0.08895615488290787 0.10354871302843094 0.12285106629133224 0.036472879350185394 0.12299781292676926 0.023709580302238464 0.20120690762996674 -0.06415609270334244 -0.005724971182644367 0.004219362512230873 0.08538273721933365 -0.032213784754276276 -0.11012930423021317 0.08275295794010162 -6.47026754450053e-05 0.07099983096122742 -0.13407468795776367 0.10318560898303986 0.02244420349597931 0.01871151477098465 0.08678489923477173 -0.061754580587148666 0.03361218050122261 -0.16561567783355713 0.06992429494857788 -0.02245231904089451 -0.009414227679371834 0.001881827600300312 0.03969515487551689 0.046874791383743286 0.06981539726257324 -0.10326889157295227 -0.04146799445152283 -0.0009816185338422656 0.009077148512005806 -0.04733053222298622 0.008694642223417759 0.13974948227405548 0.01856851764023304 0.11043719947338104 -0.010886620730161667 0.0016291691277223253 0.0015668686840866048 0.005935551768751135 0.011844801221928896 0.032990739036526294 0.048583462655901764 0.03504009853958375 0.0031619067432428092 0.14888137633944482 -2.2485735 -1.7705072 -2.045671 -2.0368304 -1.9304082 -1.3335901 -1.9088879 -1.8770988 -2.0443714 -2.6469429 -1.6381537 -1.8806545 -1.9979318 -1.8517252 -0.9310043 -1.4185596 -1.4512721 -2.1538298
0 400 -0.015705415979027748 -0.35094040632247925 -0.027394568547606468 0.010985247790813446 0.002650451147928834 0.04357490316033363 0.21180413663387299 0.17524079978466034 0.1941649615764618 -0.05365627631545067 0.018973927944898605 0.0392337329685688 -0.023710066452622414 0.07831799238920212 0.0838112011551857 -0.0013458364410325885 -0.09811771661043167 0.08274644613265991 0.1121547520160675 0.08443775773048401 -0.03847697377204895 -0.0418645404279232 -0.023264775052666664 0.014081555418670177 -0.07048148661851883 0.13481372594833374 0.0006017754785716534 0.041163668036460876 0.13658460974693298 -0.06025597080588341 0.015644272789359093 -0.026640238240361214 0.20722997188568115 -0.04630209878087044 -0.0012321649119257927 -0.007846733555197716 0.022372987121343613 0.02464163862168789 0.0846128985285759 -0.00897352397441864 0.06513914465904236 0.0017898858059197664 0.1634557694196701 0.019469577819108963 0.10738357901573181 0.1809925138950348 0.09049765765666962 0.11464965343475342 -0.02898351103067398 0.07274466753005981 0.22234034538269043 -0.18795710802078247 0.024996086955070496 0.11251874268054962 -0.08006053417921066 0.09319383651018143 0.11056596040725708 0.032825589179992676 0.11069802939891815 0.02133862115442753 0.1810862123966217 -0.057740483433008194 -0.005152474157512188 0.0037974261213093996 0.0768444612622261 -0.02899240516126156 -0.09911637008190155 0.0744776576757431 -5.8232406445313245e-05 0.06389984488487244 -0.1206672191619873 0.09286704659461975 0.020199783146381378 0.016840362921357155 0.07810641080141068 -0.05557912215590477 0.03025096096098423 -0.14905411005020142 0.06293186545372009 -0.020207086578011513 -0.00847280491143465 0.001693644793704152 0.03572563827037811 0.04218731075525284 0.06283385306596756 -0.0929419994354248 -0.037321195006370544 -0.0008834566688165069 0.00816943310201168 -0.04259747639298439 0.00782517809420824 0.1257745325565338 0.01671166531741619 0.09939347952604294 -0.0097979586571455 0.005340517041518495 0.018701948749851517 0.04470906845675311 0.06668532575725922 0.1297524259377398 0.16447596946537107 0.12990249594788716 0.07500275920051208 0.66911599237823 -1.9637328 -1.7352061 -2.047127 -1.8408121 -1.7536945 -1.1733373 -1.7803415 -1.8538165 -1.798038 -2.281071 -1.6664718 -1.9721469 -1.713516 -1.6749157 -0.76842976 -1.3645358 -1.634545 -1.9286002
1 400 -0.015705415979027748 -0.35094040632247925 -0.027394568547606468 0.010985247790813446 0.002650451147928834 0.04357490316033363 0.21180413663387299 0.17524079978466034 0.1941649615764618 -0.05365627631545067 0.018973927944898605 0.0392337329685688 -0.023710066452622414 0.07831799238920212 0.0838112011551857 -0.0013458364410325885 -0.09811771661043167 0.08274644613265991 0.1121547520160675 0.08443775773048401 -0.03847697377204895 -0.0418645404279232 -0.023264775052666664 0.014081555418670177 -0.07048148661851883 0.13481372594833374 0.0006017754785716534 0.041163668036460876 0.13658460974693298 -0.06025597080588341 0.015644272789359093 -0.026640238240361214 0.20722997188568115 -0.04630209878087044 -0.0012321649119257927 -0.007846733555197716 0.022372987121343613 0.02464163862168789 0.0846128985285759 -0.00897352397441864 0.06513914465904236 0.0017898858059197664 0.1634557694196701 0.019469577819108963 0.10738357901573181 0.1809925138950348 0.09049765765666962 0.11464965343475342 -0.02898351103067398 0.07274466753005981 0.22234034538269043 -0.18795710802078247 0.024996086955070496 0.11251874268054962 -0.08006053417921066 0.09319383651018143 0.11056596040725708 0.032825589179992676 0.11069802939891815 0.02133862115442753 0.1810862123966217 -0.057740483433008194 -0.005152474157512188 0.0037974261213093996 0.0768444612622261 -0.02899240516126156 -0.09911637008190155 0.0744776576757431 -5.8232406445313245e-05 0.06389984488487244 -0.1206672191619873 0.09286704659461975 0.020199783146381378 0.016840362921357155 0.07810641080141068 -0.05557912215590477 0.03025096096098423 -0.14905411005020142 0.06293186545372009 -0.020207086578011513 -0.00847280491143465 0.001693644793704152 0.03572563827037811 0.04218731075525284 0.06283385306596756 -0.0929419994354248 -0.037321195006370544 -0.0008834566688165069 0.00816943310201168 -0.04259747639298439 0.00782517809420824 0.1257745325565338 0.01671166531741619 0.09939347952604294 -0.0097979586571455 0.002030321357465127 0.009781339977607812 0.05182615510322864 0.02615911010488232 0.033765354716615376 0.047528308229085346 0.027462732224636986 0.014841455208125388 0.23268784242549453 -2.237564 -1.5142221 -2.2337444 -2.1175158 -2.0557308 -1.7920904 -1.7741481 -1.5157343 -1.5236676 -2.4942312 -1.4460491 -2.2491977 -1.8479081 -1.8970969 -1.3157513 -1.1835783 -1.1437759 -1.5665861
2 400 -0.015705415979027748 -0.35094040632247925 -0.027394568547606468 0.010985247790813446 0.002650451147928834 0.04357490316033363 0.21180413663387299 0.17524079978466034 0.1941649615764618 -0.05365627631545067 0.018973927944898605 0.0392337329685688 -0.023710066452622414 0.07831799238920212 0.0838112011551857 -0.0013458364410325885 -0.09811771661043167 0.08274644613265991 0.1121547520160675 0.08443775773048401 -0.03847697377204895 -0.0418645404279232 -0.023264775052666664 0.014081555418670177 -0.07048148661851883 0.13481372594833374 0.0006017754785716534 0.041163668036460876 0.13658460974693298 -0.06025597080588341 0.015644272789359093 -0.026640238240361214 0.20722997188568115 -0.04630209878087044 -0.0012321649119257927 -0.007846733555197716 0.022372987121343613 0.02464163862168789 0.0846128985285759 -0.00897352397441864 0.06513914465904236 0.0017898858059197664 0.1634557694196701 0.019469577819108963 0.10738357901573181 0.1809925138950348 0.09049765765666962 0.11464965343475342 -0.02898351103067398 0.07274466753005981 0.22234034538269043 -0.18795710802078247 0.024996086955070496 0.11251874268054962 -0.08006053417921066 0.09319383651018143 0.11056596040725708 0.032825589179992676 0.11069802939891815 0.02133862115442753 0.1810862123966217 -0.057740483433008194 -0.005152474157512188 0.0037974261213093996 0.0768444612622261 -0.02899240516126156 -0.09911637008190155 0.0744776576757431 -5.8232406445313245e-05 0.06389984488487244 -0.1206672191619873 0.09286704659461975 0.020199783146381378 0.016840362921357155 0.07810641080141068 -0.05557912215590477 0.03025096096098423 -0.14905411005020142 0.06293186545372009 -0.020207086578011513 -0.00847280491143465 0.001693644793704152 0.03572563827037811 0.04218731075525284 0.06283385306596756 -0.0929419994354248 -0.037321195006370544 -0.0008834566688165069 0.00816943310201168 -0.04259747639298439 0.00782517809420824 0.1257745325565338 0.01671166531741619 0.09939347952604294 -0.0097979586571455 0.0013512302058671464 0.0017513234068157308 0.008050948885086206 0.01351300221295618 0.04303548723639853 0.06097441626824891 0.04994405337801188 0.00568168666056387 0.258953530656357 -2.0081987 -1.7351172 -1.923693 -1.9337859 -1.8485518 -1.30127 -1.7975732 -1.7591859 -1.9593322 -2.3758988 -1.6495706 -1.8097433 -1.9192308 -1.7944653 -0.93624306 -1.3363911 -1.3812577 -2.137264
0 400 -0.013960370793938637 -0.3119470477104187 -0.02435072883963585 0.009764665737748146 0.002355956705287099 0.03873325139284134 0.18827036023139954 0.15576960146427155 0.17259107530117035 -0.04769447073340416 0.016865713521838188 0.034874431788921356 -0.021075615659356117 0.06961599737405777 0.07449884712696075 -0.0011962990975007415 -0.08721575140953064 0.07355239987373352 0.09969311207532883 0.075055792927742 -0.03420175611972809 -0.037212926894426346 -0.02067979983985424 0.012516938149929047 -0.06265021115541458 0.11983442306518555 0.0005349115817807615 0.036589931696653366 0.12140854448080063 -0.05356086418032646 0.013906019739806652 -0.02368021197617054 0.18420442938804626 -0.041157420724630356 -0.0010952576994895935 -0.006974874529987574 0.019887100905179977 0.02190367877483368 0.07521146535873413 -0.007976465858519077 0.05790146812796593 0.0015910096699371934 0.14529402554035187 0.017306292429566383 0.09545207023620605 0.16088223457336426 0.08044236153364182 0.10191080719232559 -0.025763122364878654 0.06466192752122879 0.19763587415218353 -0.16707299649715424 0.022218745201826096 0.10001666843891144 -0.07116492837667465 0.08283897489309311 0.09828085452318192 0.029178304597735405 0.09839825332164764 0.01896766386926174 0.16096553206443787 -0.05132487416267395 -0.004579977132380009 0.0033754899632185698 0.06830619275569916 -0.02577102743089199 -0.08810344338417053 0.06620236486196518 -5.17621410836e-05 0.05679986625909805 -0.10725975036621094 0.08254849165678024 0.017955362796783447 0.014969212003052235 0.06942792236804962 -0.04940366372466087 0.026889745146036148 -0.1324925422668457 0.055939435958862305 -0.017961855977773666 -0.007531382143497467 0.001505462103523314 0.03175612539052963 0.03749983385205269 0.05585232004523277 -0.08261511474847794 -0.03317439556121826 -0.000785294861998409 0.007261719089001417 -0.037864428013563156 0.006955713964998722 0.11179959028959274 0.014854813925921917 0.08834975957870483 -0.008709296584129333 0.004498570000312324 0.02354819558663567 0.06719480454233434 0.09175960463533998 0.1676203897942647 0.19892306664966886 0.17571985665583517 0.14257316321696797 0.799357758591014 -1.71949 -1.6862874 -1.8833561 -1.7115902 -1.6784635 -1.143851 -1.6673146 -1.7177459 -1.6426548 -2.0428643 -1.6484134 -1.8128446 -1.6007514 -1.6438044 -0.7894794 -1.2843261 -1.5242785 -1.7922305
1 400 -0.013960370793938637 -0.3119470477104187 -0.02435072883963585 0.009764665737748146 0.002355956705287099 0.03873325139284134 0.18827036023139954 0.15576960146427155 0.17259107530117035 -0.04769447073340416 0.016865713521838188 0.034874431788921356 -0.021075615659356117 0.06961599737405777 0.07449884712696075 -0.0011962990975007415 -0.08721575140953064 0.07355239987373352 0.09969311207532883 0.075055792927742 -0.03420175611972809 -0.037212926894426346 -0.02067979983985424 0.012516938149929047 -0.06265021115541458 0.11983442306518555 0.0005349115817807615 0.036589931696653366 0.12140854448080063 -0.05356086418032646 0.013906019739806652 -0.02368021197617054 0.18420442938804626 -0.041157420724630356 -0.0010952576994895935 -0.006974874529987574 0.019887100905179977 0.02190367877483368 0.07521146535873413 -0.007976465858519077 0.05790146812796593 0.0015910096699371934 0.14529402554035187 0.017306292429566383 0.09545207023620605 0.16088223457336426 0.08044236153364182 0.10191080719232559 -0.025763122364878654 0.06466192752122879 0.19763587415218353 -0.16707299649715424 0.022218745201826096 0.10001666843891144 -0.07116492837667465 0.08283897489309311 0.09828085452318192 0.029178304597735405 0.09839825332164764 0.01896766386926174 0.16096553206443787 -0.05132487416267395 -0.004579977132380009 0.0033754899632185698 0.06830619275569916 -0.02577102743089199 -0.08810344338417053 0.06620236486196518 -5.17621410836e-05 0.05679986625909805 -0.10725975036621094 0.08254849165678024 0.017955362796783447 0.014969212003052235 0.06942792236804962 -0.04940366372466087 0.026889745146036148 -0.1324925422668457 0.055939435958862305 -0.017961855977773666 -0.007531382143497467 0.001505462103523314 0.03175612539052963 0.03749983385205269 0.05585232004523277 -0.08261511474847794 -0.03317439556121826 -0.000785294861998409 0.007261719089001417 -0.037864428013563156 0.006955713964998722 0.11179959028959274 0.014854813925921917 0.08834975957870483 -0.008709296584129333 0.0030423701667974244 0.01204888609026185 0.0703102081480574 0.03877622021787957 0.0526781149825896 0.06691260131084314 0.04106945008447513 0.024590047833263746 0.6787253179145152 -2.016274 -1.4508233 -2.1149 -1.9455793 -1.893657 -1.6793196 -1.5880547 -1.4098171 -1.4501977 -2.2911425 -1.4138062 -2.1503465 -1.6890846 -1.7410537 -1.263352 -1.0128579 -1.0596154 -1.5731848
2 400 -0.013960370793938637 -0.3119470477104187 -0.02435072883963585 0.009764665737748146 0.002355956705287099 0.03873325139284134 0.18827036023139954 0.15576960146427155 0.17259107530117035 -0.04769447073340416 0.016865713521838188 0.034874431788921356 -0.021075615659356117 0.06961599737405777 0.07449884712696075 -0.0011962990975007415 -0.08721575140953064 0.07355239987373352 0.09969311207532883 0.075055792927742 -0.03420175611972809 -0.037212926894426346 -0.02067979983985424 0.012516938149929047 -0.06265021115541458 0.11983442306518555 0.0005349115817807615 0.036589931696653366 0.12140854448080063 -0.05356086418032646 0.013906019739806652 -0.02368021197617054 0.18420442938804626 -0.041157420724630356 -0.0010952576994895935 -0.006974874529987574 0.019887100905179977 0.02190367877483368 0.07521146535873413 -0.007976465858519077 0.05790146812796593 0.0015910096699371934 0.14529402554035187 0.017306292429566383 0.09545207023620605 0.16088223457336426 0.08044236153364182 0.10191080719232559 -0.025763122364878654 0.06466192752122879 0.19763587415218353 -0.16707299649715424 0.022218745201826096 0.10001666843891144 -0.07116492837667465 0.08283897489309311 0.09828085452318192 0.029178304597735405 0.09839825332164764 0.01896766386926174 0.16096553206443787 -0.05132487416267395 -0.004579977132380009 0.0033754899632185698 0.06830619275569916 -0.02577102743089199 -0.08810344338417053 0.06620236486196518 -5.17621410836e-05 0.05679986625909805 -0.10725975036621094 0.08254849165678024 0.017955362796783447 0.014969212003052235 0.06942792236804962 -0.04940366372466087 0.026889745146036148 -0.1324925422668457 0.055939435958862305 -0.017961855977773666 -0.007531382143497467 0.001505462103523314 0.03175612539052963 0.03749983385205269 0.05585232004523277 -0.08261511474847794 -0.03317439556121826 -0.000785294861998409 0.007261719089001417 -0.037864428013563156 0.006955713964998722 0.11179959028959274 0.014854813925921917 0.08834975957870483 -0.008709296584129333 0.0014686181910915721 0.0022350301137022462 0.011111534040559914 0.015422966066344688 0.0558553229860302 0.07617343998149595 0.07543006226539516 0.01216007938489325 0.4485836015433195 -1.7796791 -1.7031058 -1.7939268 -1.8317661 -1.7441123 -1.2683253 -1.6996342 -1.6374977 -1.8161973 -2.1629307 -1.6918415 -1.7280039 -1.8417987 -1.7123908 -0.9404541 -1.2839613 -1.3101226 -2.0329132
0 400 -0.012215323746204376 -0.27295365929603577 -0.02130688726902008 0.008544081822037697 0.00206146202981472 0.03389159217476845 0.1647365540266037 0.13629840314388275 0.1510171890258789 -0.041732657700777054 0.014757499098777771 0.030515126883983612 -0.01844116300344467 0.060913994908332825 0.06518648564815521 -0.0010467617539688945 -0.07631377875804901 0.06435834616422653 0.08723147213459015 0.0656738132238388 -0.029926536604762077 -0.03256130963563919 -0.018094824627041817 0.010952320881187916 -0.054818931967020035 0.10485512018203735 0.0004680475976783782 0.03201618790626526 0.10623247921466827 -0.046865757554769516 0.012167767621576786 -0.020720185711979866 0.16117887198925018 -0.036012742668390274 -0.0009583504870533943 -0.006103015039116144 0.017401212826371193 0.01916571892797947 0.06581003218889236 -0.006979407276958227 0.0506637804210186 0.0013921334175392985 0.12713226675987244 0.015143005177378654 0.0835205614566803 0.14077195525169373 0.07038706541061401 0.08917195349931717 -0.02254272997379303 0.05657918378710747 0.17293137311935425 -0.1461888551712036 0.019441401585936546 0.08751457929611206 -0.06226930767297745 0.0724840983748436 0.08599574863910675 0.025531014427542686 0.08609846979379654 0.016596706584095955 0.14084483683109283 -0.044909264892339706 -0.004007479641586542 0.00295355380512774 0.059767916798591614 -0.022549649700522423 -0.07709050923585892 0.05792706832289696 -4.529187208390795e-05 0.04969988018274307 -0.09385228157043457 0.07222992181777954 0.015710942447185516 0.01309806015342474 0.06074943020939827 -0.04322820529341698 0.023528525605797768 -0.11593097448348999 0.04894700646400452 -0.01571662351489067 -0.006589959375560284 0.001317279296927154 0.027786608785390854 0.03281235322356224 0.04887077584862709 -0.07228822261095047 -0.02902759611606598 -0.0006871329387649894 0.006354003679007292 -0.033131372183561325 0.006086249370127916 0.09782463312149048 0.012997962534427643 0.07730603963136673 -0.007620634511113167 0.005229300552325721 0.029610863792895646 0.09993168732311897 0.14571044465283858 0.21823290673123755 0.2533973108120493 0.23314274711520658 0.25353075221788574 0.889507105245496 -1.5418006 -1.610784 -1.7206291 -1.5493968 -1.5950611 -1.1392671 -1.554549 -1.580323 -1.5045972 -1.8636972 -1.6005968 -1.6551036 -1.4244684 -1.6004362 -0.8503555 -1.2047184 -1.4127158 -1.6820029
1 400 -0.012215323746204376 -0.27295365929603577 -0.02130688726902008 0.008544081822037697 0.00206146202981472 0.03389159217476845 0.1647365540266037 0.13629840314388275 0.1510171890258789 -0.041732657700777054 0.014757499098777771 0.030515126883983612 -0.01844116300344467 0.060913994908332825 0.06518648564815521 -0.0010467617539688945 -0.07631377875804901 0.06435834616422653 0.08723147213459015 0.0656738132238388 -0.029926536604762077 -0.03256130963563919 -0.018094824627041817 0.010952320881187916 -0.054818931967020035 0.10485512018203735 0.0004680475976783782 0.03201618790626526 0.10623247921466827 -0.046865757554769516 0.012167767621576786 -0.020720185711979866 0.16117887198925018 -0.036012742668390274 -0.0009583504870533943 -0.006103015039116144 0.017401212826371193 0.01916571892797947 0.06581003218889236 -0.006979407276958227 0.0506637804210186 0.0013921334175392985 0.12713226675987244 0.015143005177378654 0.0835205614566803 0.14077195525169373 0.07038706541061401 0.08917195349931717 -0.02254272997379303 0.05657918378710747 0.17293137311935425 -0.1461888551712036 0.019441401585936546 0.08751457929611206 -0.06226930767297745 0.0724840983748436 0.08599574863910675 0.025531014427542686 0.08609846979379654 0.016596706584095955 0.14084483683109283 -0.044909264892339706 -0.004007479641586542 0.00295355380512774 0.059767916798591614 -0.022549649700522423 -0.07709050923585892 0.05792706832289696 -4.529187208390795e-05 0.04969988018274307 -0.09385228157043457 0.07222992181777954 0.015710942447185516 0.01309806015342474 0.06074943020939827 -0.04322820529341698 0.023528525605797768 -0.11593097448348999 0.04894700646400452 -0.01571662351489067 -0.006589959375560284 0.001317279296927154 0.027786608785390854 0.03281235322356224 0.04887077584862709 -0.07228822261095047 -0.02902759611606598 -0.0006871329387649894 0.006354003679007292 -0.033131372183561325 0.006086249370127916 0.09782463312149048 0.012997962534427643 0.07730603963136673 -0.007620634511113167 0.005411998010469725 0.01461678338429298 0.09237583288595015 0.051513836984401554 0.08187730226620102 0.0968987441317439 0.06615399824775586 0.05029257268272843 0.848128169286569 -1.7668151 -1.4101292 -1.985059 -1.7849846 -1.7293496 -1.5691161 -1.4003206 -1.3151884 -1.3495916 -1.9953476 -1.433017 -2.0209172 -1.5553184 -1.5855521 -1.2334012 -0.849728 -1.0119792 -1.4940649
2 400 -0.012215323746204376 -0.27295365929603577 -0.02130688726902008 0.008544081822037697 0.00206146202981472 0.03389159217476845 0.1647365540266037 0.13629840314388275 0.1510171890258789 -0.041732657700777054 0.014757499098777771 0.030515126883983612 -0.01844116300344467 0.060913994908332825 0.06518648564815521 -0.0010467617539688945 -0.07631377875804901 0.06435834616422653 0.08723147213459015 0.0656738132238388 -0.029926536604762077 -0.03256130963563919 -0.018094824627041817 0.010952320881187916 -0.054818931967020035 0.10485512018203735 0.0004680475976783782 0.03201618790626526 0.10623247921466827 -0.046865757554769516 0.012167767621576786 -0.020720185711979866 0.16117887198925018 -0.036012742668390274 -0.0009583504870533943 -0.006103015039116144 0.017401212826371193 0.01916571892797947 0.06581003218889236 -0.006979407276958227 0.0506637804210186 0.0013921334175392985 0.12713226675987244 0.015143005177378654 0.0835205614566803 0.14077195525169373 0.07038706541061401 0.08917195349931717 -0.02254272997379303 0.05657918378710747 0.17293137311935425 -0.1461888551712036 0.019441401585936546 0.08751457929611206 -0.06226930767297745 0.0724840983748436 0.08599574863910675 0.025531014427542686 0.08609846979379654 0.016596706584095955 0.14084483683109283 -0.044909264892339706 -0.004007479641586542 0.00295355380512774 0.059767916798591614 -0.022549649700522423 -0.07709050923585892 0.05792706832289696 -4.529187208390795e-05 0.04969988018274307 -0.09385228157043457 0.07222992181777954 0.015710942447185516 0.01309806015342474 0.06074943020939827 -0.04322820529341698 0.023528525605797768 -0.11593097448348999 0.04894700646400452 -0.01571662351489067 -0.006589959375560284 0.001317279296927154 0.027786608785390854 0.03281235322356224 0.04887077584862709 -0.07228822261095047 -0.02902759611606598 -0.0006871329387649894 0.006354003679007292 -0.033131372183561325 0.006086249370127916 0.09782463312149048 0.012997962534427643 0.07730603963136673 -0.007620634511113167 0.0021462588137400648 0.00308611308445833 0.01741636944994571 0.017649514299025906 0.07241271412945544 0.09513202478896465 0.10919032676104151 0.028891354448659555 0.6435264781634373 -1.6193861 -1.6850014 -1.6165919 -1.7295455 -1.63934 -1.2359825 -1.6079987 -1.5135934 -1.6631562 -2.002308 -1.7641085 -1.5729235 -1.7644056 -1.6298718 -0.94574475 -1.2461807 -1.2326498 -1.8990207
0 400 -0.010470278561115265 -0.23396028578281403 -0.01826304756104946 0.0073234993033111095 0.001766967587172985 0.029049938544631004 0.14120277762413025 0.11682720482349396 0.12944331765174866 -0.035770852118730545 0.012649285607039928 0.026155823841691017 -0.015806712210178375 0.05221199989318848 0.055874135345220566 -0.0008972243522293866 -0.06541181355714798 0.05516430363059044 0.07476983964443207 0.0562918446958065 -0.025651318952441216 -0.027909696102142334 -0.015509850345551968 0.009387703612446785 -0.046987660229206085 0.08987581729888916 0.0004011836717836559 0.02744244784116745 0.09105641394853592 -0.04017065092921257 0.01042951550334692 -0.017760159447789192 0.1381533294916153 -0.03086806647479534 -0.000821443332824856 -0.005231156013906002 0.014915325678884983 0.01642775908112526 0.0564086027443409 -0.005982349626719952 0.04342610016465187 0.0011932572815567255 0.1089705228805542 0.012979719787836075 0.07158905267715454 0.12066168338060379 0.06033177301287651 0.07643310725688934 -0.019322341307997704 0.04849644750356674 0.14822690188884735 -0.12530474364757538 0.016664059832692146 0.07501250505447388 -0.05337369441986084 0.06212922930717468 0.07371064275503159 0.021883727982640266 0.07379869371652603 0.014225748367607594 0.1207241490483284 -0.03849365562200546 -0.0034349828492850065 0.00253161764703691 0.05122964456677437 -0.019328271970152855 -0.0660775825381279 0.049651775509119034 -3.88216067221947e-05 0.04259990155696869 -0.0804448127746582 0.06191136687994003 0.01346652302891016 0.01122690923511982 0.052070941776037216 -0.03705275058746338 0.020167309790849686 -0.09936941415071487 0.04195457696914673 -0.01347139198333025 -0.0056485366076231 0.001129096606746316 0.023817094042897224 0.02812487632036209 0.041889239102602005 -0.0619613379240036 -0.024880798533558846 -0.0005889711319468915 0.005446289200335741 -0.028398320078849792 0.005216785706579685 0.08384969085454941 0.011141111142933369 0.06626231968402863 -0.006531972903758287 0.0068904463607937635 0.043127915653258096 0.14593887531940516 0.22860560091091148 0.3036505431034152 0.3213997731054477 0.2967061706236766 0.4098205186579888 0.9445244988992624 -1.443647 -1.49607 -1.5571649 -1.3844426 -1.4653394 -1.140924 -1.4555776 -1.4429957 -1.3728 -1.7248578 -1.4989527 -1.4963715 -1.2398837 -1.4869344 -0.920462 -1.1341695 -1.3012049 -1.5864139
1 400 -0.010470278561115265 -0.23396028578281403 -0.01826304756104946 0.0073234993033111095 0.001766967587172985 0.029049938544631004 0.14120277762413025 0.11682720482349396 0.12944331765174866 -0.035770852118730545 0.012649285607039928 0.026155823841691017 -0.015806712210178375 0.05221199989318848 0.055874135345220566 -0.0008972243522293866 -0.06541181355714798 0.05516430363059044 0.07476983964443207 0.0562918446958065 -0.025651318952441216 -0.027909696102142334 -0.015509850345551968 0.009387703612446785 -0.046987660229206085 0.08987581729888916 0.0004011836717836559 0.02744244784116745 0.09105641394853592 -0.04017065092921257 0.01042951550334692 -0.017760159447789192 0.1381533294916153 -0.03086806647479534 -0.000821443332824856 -0.005231156013906002 0.014915325678884983 0.01642775908112526 0.0564086027443409 -0.005982349626719952 0.04342610016465187 0.0011932572815567255 0.1089705228805542 0.012979719787836075 0.07158905267715454 0.12066168338060379 0.06033177301287651 0.07643310725688934 -0.019322341307997704 0.04849644750356674 0.14822690188884735 -0.12530474364757538 0.016664059832692146 0.07501250505447388 -0.05337369441986084 0.06212922930717468 0.07371064275503159 0.021883727982640266 0.07379869371652603 0.014225748367607594 0.1207241490483284 -0.03849365562200546 -0.0034349828492850065 0.00253161764703691 0.05122964456677437 -0.019328271970152855 -0.0660775825381279 0.049651775509119034 -3.88216067221947e-05 0.04259990155696869 -0.0804448127746582 0.06191136687994003 0.01346652302891016 0.01122690923511982 0.052070941776037216 -0.03705275058746338 0.020167309790849686 -0.09936941415071487 0.04195457696914673 -0.01347139198333025 -0.0056485366076231 0.001129096606746316 0.023817094042897224 0.02812487632036209 0.041889239102602005 -0.0619613379240036 -0.024880798533558846 -0.0005889711319468915 0.005446289200335741 -0.028398320078849792 0.005216785706579685 0.08384969085454941 0.011141111142933369 0.06626231968402863 -0.006531972903758287 0.009203528787078098 0.025362221740841212 0.08326764123642016 0.08591369122456687 0.1267959799216159 0.16342277399754174 0.10656161614765554 0.10127272772929294 0.8933850024171459 -1.5385237 -1.366476 -1.7937161 -1.6417354 -1.5653856 -1.3812691 -1.2238159 -1.2240345 -1.3129548 -1.7675906 -1.4580884 -1.7581282 -1.3967155 -1.4312961 -1.0906816 -0.71415293 -0.9681463 -1.4833419
2 400 -0.010470278561115265 -0.23396028578281403 -0.01826304756104946 0.0073234993033111095 0.001766967587172985 0.029049938544631004 0.14120277762413025 0.11682720482349396 0.12944331765174866 -0.035770852118730545 0.012649285607039928 0.026155823841691017 -0.015806712210178375 0.05221199989318848 0.055874135345220566 -0.0008972243522293866 -0.06541181355714798 0.05516430363059044 0.07476983964443207 0.0562918446958065 -0.025651318952441216 -0.027909696102142334 -0.015509850345551968 0.009387703612446785 -0.046987660229206085 0.08987581729888916 0.0004011836717836559 0.02744244784116745 0.09105641394853592 -0.04017065092921257 0.01042951550334692 -0.017760159447789192 0.1381533294916153 -0.03086806647479534 -0.000821443332824856 -0.005231156013906002 0.014915325678884983 0.01642775908112526 0.0564086027443409 -0.005982349626719952 0.04342610016465187 0.0011932572815567255 0.1089705228805542 0.012979719787836075 0.07158905267715454 0.12066168338060379 0.06033177301287651 0.07643310725688934 -0.019322341307997704 0.04849644750356674 0.14822690188884735 -0.12530474364757538 0.016664059832692146 0.07501250505447388 -0.05337369441986084 0.06212922930717468 0.07371064275503159 0.021883727982640266 0.07379869371652603 0.014225748367607594 0.1207241490483284 -0.03849365562200546 -0.0034349828492850065 0.00253161764703691 0.05122964456677437 -0.019328271970152855 -0.0660775825381279 0.049651775509119034 -3.88216067221947e-05 0.04259990155696869 -0.0804448127746582 0.06191136687994003 0.01346652302891016 0.01122690923511982 0.052070941776037216 -0.03705275058746338 0.020167309790849686 -0.09936941415071487 0.04195457696914673 -0.01347139198333025 -0.0056485366076231 0.001129096606746316 0.023817094042897224 0.02812487632036209 0.041889239102602005 -0.0619613379240036 -0.024880798533558846 -0.0005889711319468915 0.005446289200335741 -0.028398320078849792 0.005216785706579685 0.08384969085454941 0.011141111142933369 0.06626231968402863 -0.006531972903758287 0.0034810081198381236 0.006066808394627668 0.032308988223618815 0.022454089907154518 0.09321519878111627 0.11783515702377272 0.15433031092544083 0.06926950510344157 0.7799706923172388 -1.553408 -1.6421459 -1.436858 -1.5945399 -1.5338801 -1.2037306 -1.5421069 -1.4158905 -1.4649538 -1.8905407 -1.8134096 -1.4422706 -1.6361538 -1.5461748 -0.950832 -1.2479576 -1.1785225 -1.6254162
0 400 -0.008725231513381004 -0.1949668973684311 -0.015219205059111118 0.006102915853261948 0.0014724729117006063 0.024208281189203262 0.11766897141933441 0.09735599905252457 0.10786942392587662 -0.029809042811393738 0.010541071183979511 0.021796518936753273 -0.01317225955426693 0.04350999742746353 0.04656177759170532 -0.0007476869504898787 -0.05450984463095665 0.04597024992108345 0.06230819597840309 0.046909868717193604 -0.021376097574830055 -0.02325807884335518 -0.012924875132739544 0.007823086343705654 -0.03915638104081154 0.07489651441574097 0.0003343197167851031 0.022868705913424492 0.07588034123182297 -0.033475540578365326 0.00869126245379448 -0.014800132252275944 0.11512776464223862 -0.02572338841855526 -0.0006845360621809959 -0.004359296523034573 0.012429437600076199 0.01368979923427105 0.04700716584920883 -0.0049852910451591015 0.03618841618299484 0.0009943810291588306 0.09080876410007477 0.010816432535648346 0.059657543897628784 0.10055139660835266 0.05027647688984871 0.06369425356388092 -0.016101950779557228 0.04041370376944542 0.12352241575717926 -0.10442061722278595 0.013886715285480022 0.0625104159116745 -0.044478077441453934 0.05177435651421547 0.06142553314566612 0.018236439675092697 0.06149890646338463 0.011854790151119232 0.10060345381498337 -0.03207804635167122 -0.0028624855913221836 0.0021096812561154366 0.042691368609666824 -0.016106892377138138 -0.05506465211510658 0.04137647897005081 -3.235133772250265e-05 0.03549991548061371 -0.06703734397888184 0.05159280449151993 0.011222101747989655 0.009355757385492325 0.043392449617385864 -0.030877290293574333 0.016806090250611305 -0.08280783891677856 0.03496214747428894 -0.011226159520447254 -0.004707113839685917 0.000940913800150156 0.019847577437758446 0.023437395691871643 0.03490769863128662 -0.051634445786476135 -0.020733997225761414 -0.0004908092669211328 0.004538574256002903 -0.02366526611149311 0.0043473211117088795 0.06987474113702774 0.00928425882011652 0.05521859973669052 -0.0054433103650808334 0.010475401085374694 0.07242064608899876 0.20501182887259634 0.33410528843009696 0.3905548265385769 0.3976844005662183 0.44237835701047945 0.5924019295592787 0.985173665240451 -1.4048305 -1.3886379 -1.3984834 -1.2263026 -1.3177613 -1.1429347 -1.3404002 -1.3258278 -1.3016679 -1.631645 -1.4271152 -1.3515751 -1.0662941 -1.3333473 -0.9908371 -1.0851853 -1.2077028 -1.4947495
1 400 -0.008725231513381004 -0.1949668973684311 -0.015219205059111118 0.006102915853261948 0.0014724729117006063 0.024208281189203262 0.11766897141933441 0.09735599905252457 0.10786942392587662 -0.029809042811393738 0.010541071183979511 0.021796518936753273 -0.01317225955426693 0.04350999742746353 0.04656177759170532 -0.0007476869504898787 -0.05450984463095665 0.04597024992108345 0.06230819597840309 0.046909868717193604 -0.021376097574830055 -0.02325807884335518 -0.012924875132739544 0.007823086343705654 -0.03915638104081154 0.07489651441574097 0.0003343197167851031 0.022868705913424492 0.07588034123182297 -0.033475540578365326 0.00869126245379448 -0.014800132252275944 0.11512776464223862 -0.02572338841855526 -0.0006845360621809959 -0.004359296523034573 0.012429437600076199 0.01368979923427105 0.04700716584920883 -0.0049852910451591015 0.03618841618299484 0.0009943810291588306 0.09080876410007477 0.010816432535648346 0.059657543897628784 0.10055139660835266 0.05027647688984871 0.06369425356388092 -0.016101950779557228 0.04041370376944542 0.12352241575717926 -0.10442061722278595 0.013886715285480022 0.0625104159116745 -0.044478077441453934 0.05177435651421547 0.06142553314566612 0.018236439675092697 0.06149890646338463 0.011854790151119232 0.10060345381498337 -0.03207804635167122 -0.0028624855913221836 0.0021096812561154366 0.042691368609666824 -0.016106892377138138 -0.05506465211510658 0.04137647897005081 -3.235133772250265e-05 0.03549991548061371 -0.06703734397888184 0.05159280449151993 0.011222101747989655 0.009355757385492325 0.043392449617385864 -0.030877290293574333 0.016806090250611305 -0.08280783891677856 0.03496214747428894 -0.011226159520447254 -0.004707113839685917 0.000940913800150156 0.019847577437758446 0.023437395691871643 0.03490769863128662 -0.051634445786476135 -0.020733997225761414 -0.0004908092669211328 0.004538574256002903 -0.02366526611149311 0.0043473211117088795 0.06987474113702774 0.00928425882011652 0.05521859973669052 -0.0054433103650808334 0.015821123962233632 0.0355415949898152 0.07753465792021792 0.14159473675753054 0.19122357439799487 0.2621880148129867 0.18226686698055666 0.20665131527181965 0.9141685418041599 -1.3960489 -1.321036 -1.5767007 -1.4944814 -1.4027814 -1.1949204 -1.0431459 -1.1363539 -1.2833639 -1.6027172 -1.4574703 -1.5328331 -1.2406559 -1.2787255 -0.9494053 -0.60634184 -0.93825924 -1.4269227
2 400 -0.008725231513381004 -0.1949668973684311 -0.015219205059111118 0.006102915853261948 0.0014724729117006063 0.024208281189203262 0.11766897141933441 0.09735599905252457 0.10786942392587662 -0.029809042811393738 0.010541071183979511 0.021796518936753273 -0.01317225955426693 0.04350999742746353 0.04656177759170532 -0.0007476869504898787 -0.05450984463095665 0.04597024992108345 0.06230819597840309 0.046909868717193604 -0.021376097574830055 -0.02325807884335518 -0.012924875132739544 0.007823086343705654 -0.03915638104081154 0.07489651441574097 0.0003343197167851031 0.022868705913424492 0.07588034123182297 -0.033475540578365326 0.00869126245379448 -0.014800132252275944 0.11512776464223862 -0.02572338841855526 -0.0006845360621809959 -0.004359296523034573 0.012429437600076199 0.01368979923427105 0.04700716584920883 -0.0049852910451591015 0.03618841618299484 0.0009943810291588306 0.09080876410007477 0.010816432535648346 0.059657543897628784 0.10055139660835266 0.05027647688984871 0.06369425356388092 -0.016101950779557228 0.04041370376944542 0.12352241575717926 -0.10442061722278595 0.013886715285480022 0.0625104159116745 -0.044478077441453934 0.05177435651421547 0.06142553314566612 0.018236439675092697 0.06149890646338463 0.011854790151119232 0.10060345381498337 -0.03207804635167122 -0.0028624855913221836 0.0021096812561154366 0.042691368609666824 -0.016106892377138138 -0.05506465211510658 0.04137647897005081 -3.235133772250265e-05 0.03549991548061371 -0.06703734397888184 0.05159280449151993 0.011222101747989655 0.009355757385492325 0.043392449617385864 -0.030877290293574333 0.016806090250611305 -0.08280783891677856 0.03496214747428894 -0.011226159520447254 -0.004707113839685917 0.000940913800150156 0.019847577437758446 0.023437395691871643 0.03490769863128662 -0.051634445786476135 -0.020733997225761414 -0.0004908092669211328 0.004538574256002903 -0.02366526611149311 0.0043473211117088795 0.06987474113702774 0.00928425882011652 0.05521859973669052 -0.0054433103650808334 0.005086775013670475 0.014234711575281871 0.05722285653040374 0.03815454684452929 0.12428393757499018 0.145128030738062 0.2314477375195446 0.16539515377637515 0.8935627097439623 -1.4806042 -1.5376465 -1.261473 -1.4592642 -1.411801 -1.1709478 -1.4669291 -1.3360741 -1.2956464 -1.7758261 -1.741013 -1.3185382 -1.4916543 -1.4372212 -0.95530355 -1.2563623 -1.1513693 -1.4085093
0 400 -0.006980185396969318 -0.15597352385520935 -0.012175364419817924 0.004882332868874073 0.0011779783526435494 0.01936662569642067 0.09413518011569977 0.07788480073213577 0.08629553765058517 -0.02384723536670208 0.008432856760919094 0.017437215894460678 -0.010537807829678059 0.034807998687028885 0.03724942356348038 -0.0005981495487503707 -0.04360787570476532 0.03677619993686676 0.04984655603766441 0.037527896463871 -0.017100878059864044 -0.018606463447213173 -0.01033989991992712 0.006258469074964523 -0.03132510557770729 0.05991721153259277 0.00026745579089038074 0.018294965848326683 0.060704272240400314 -0.02678043209016323 0.006953009869903326 -0.01184010598808527 0.09210221469402313 -0.020578710362315178 -0.0005476288497447968 -0.003487437264993787 0.009943550452589989 0.01095183938741684 0.037605732679367065 -0.003988232929259539 0.028950734063982964 0.0007955048349685967 0.07264701277017593 0.008653146214783192 0.04772603511810303 0.08044111728668213 0.04022118076682091 0.050955403596162796 -0.012881561182439327 0.032330963760614395 0.09881793707609177 -0.08353649824857712 0.011109372600913048 0.05000833421945572 -0.035582464188337326 0.041419487446546555 0.04914042726159096 0.014589152298867702 0.04919912666082382 0.00948383193463087 0.08048276603221893 -0.025662437081336975 -0.0022899885661900043 0.0016877449816092849 0.03415309637784958 -0.012885513715445995 -0.044051721692085266 0.03310118243098259 -2.58810705418e-05 0.028399933129549026 -0.05362987518310547 0.04127424582839012 0.008977681398391724 0.007484606001526117 0.03471396118402481 -0.024701831862330437 0.013444872573018074 -0.06624627113342285 0.027969717979431152 -0.008980927988886833 -0.0037656910717487335 0.000752731051761657 0.015878062695264816 0.018749916926026344 0.027926160022616386 -0.04130755737423897 -0.01658719778060913 -0.0003926474309992045 0.0036308595445007086 -0.018932214006781578 0.003477856982499361 0.05589979514479637 0.0074274069629609585 0.04417487978935242 -0.004354648292064667 0.016231803508886644 0.10726051439989509 0.2613820386844799 0.43086329284617947 0.42893313479484213 0.510340210664948 0.5939771064903652 0.78029655863975 0.9660497787635143 -1.3345621 -1.2927101 -1.2785844 -1.08682 -1.1035411 -1.142172 -1.2315183 -1.2271748 -1.2330883 -1.5075953 -1.3580787 -1.2547407 -0.93134964 -1.0282367 -1.062663 -1.044668 -1.1437099 -1.4113288
1 400 -0.006980185396969318 -0.15597352385520935 -0.012175364419817924 0.004882332868874073 0.0011779783526435494 0.01936662569642067 0.09413518011569977 0.07788480073213577 0.08629553765058517 -0.02384723536670208 0.008432856760919094 0.017437215894460678 -0.010537807829678059 0.034807998687028885 0.03724942356348038 -0.0005981495487503707 -0.04360787570476532 0.03677619993686676 0.04984655603766441 0.037527896463871 -0.017100878059864044 -0.018606463447213173 -0.01033989991992712 0.006258469074964523 -0.03132510557770729 0.05991721153259277 0.00026745579089038074 0.018294965848326683 0.060704272240400314 -0.02678043209016323 0.006953009869903326 -0.01184010598808527 0.09210221469402313 -0.020578710362315178 -0.0005476288497447968 -0.003487437264993787 0.009943550452589989 0.01095183938741684 0.037605732679367065 -0.003988232929259539 0.028950734063982964 0.0007955048349685967 0.07264701277017593 0.008653146214783192 0.04772603511810303 0.08044111728668213 0.04022118076682091 0.050955403596162796 -0.012881561182439327 0.032330963760614395 0.09881793707609177 -0.08353649824857712 0.011109372600913048 0.05000833421945572 -0.035582464188337326 0.041419487446546555 0.04914042726159096 0.014589152298867702 0.04919912666082382 0.00948383193463087 0.08048276603221893 -0.025662437081336975 -0.0022899885661900043 0.0016877449816092849 0.03415309637784958 -0.012885513715445995 -0.044051721692085266 0.03310118243098259 -2.58810705418e-05 0.028399933129549026 -0.05362987518310547 0.04127424582839012 0.008977681398391724 0.007484606001526117 0.03471396118402481 -0.024701831862330437 0.013444872573018074 -0.06624627113342285 0.027969717979431152 -0.008980927988886833 -0.0037656910717487335 0.000752731051761657 0.015878062695264816 0.018749916926026344 0.027926160022616386 -0.04130755737423897 -0.01658719778060913 -0.0003926474309992045 0.0036308595445007086 -0.018932214006781578 0.003477856982499361 0.05589979514479637 0.0074274069629609585 0.04417487978935242 -0.004354648292064667 0.01961867429209316 0.06362287602368674 0.0738302676102174 0.15541818022281365 0.24565884805010563 0.3472260314883203 0.3058084149255479 0.4303356872685632 0.9205036201567699 -1.3070877 -1.223514 -1.3308827 -1.308405 -1.1169025 -1.0225483 -0.91289604 -1.1117728 -1.1783667 -1.475706 -1.3456285 -1.2869943 -1.1400573 -0.93142545 -0.8026761 -0.5750116 -1.0290112 -1.2829133
2 400 -0.006980185396969318 -0.15597352385520935 -0.012175364419817924 0.004882332868874073 0.0011779783526435494 0.01936662569642067 0.09413518011569977 0.07788480073213577 0.08629553765058517 -0.02384723536670208 0.008432856760919094 0.017437215894460678 -0.010537807829678059 0.034807998687028885 0.03724942356348038 -0.0005981495487503707 -0.04360787570476532 0.03677619993686676 0.04984655603766441 0.037527896463871 -0.017100878059864044 -0.018606463447213173 -0.01033989991992712 0.006258469074964523 -0.03132510557770729 0.05991721153259277 0.00026745579089038074 0.018294965848326683 0.060704272240400314 -0.02678043209016323 0.006953009869903326 -0.01184010598808527 0.09210221469402313 -0.020578710362315178 -0.0005476288497447968 -0.003487437264993787 0.009943550452589989 0.01095183938741684 0.037605732679367065 -0.003988232929259539 0.028950734063982964 0.0007955048349685967 0.07264701277017593 0.008653146214783192 0.04772603511810303 0.08044111728668213 0.04022118076682091 0.050955403596162796 -0.012881561182439327 0.032330963760614395 0.09881793707609177 -0.08353649824857712 0.011109372600913048 0.05000833421945572 -0.035582464188337326 0.041419487446546555 0.04914042726159096 0.014589152298867702 0.04919912666082382 0.00948383193463087 0.08048276603221893 -0.025662437081336975 -0.0022899885661900043 0.0016877449816092849 0.03415309637784958 -0.012885513715445995 -0.044051721692085266 0.03310118243098259 -2.58810705418e-05 0.028399933129549026 -0.05362987518310547 0.04127424582839012 0.008977681398391724 0.007484606001526117 0.03471396118402481 -0.024701831862330437 0.013444872573018074 -0.06624627113342285 0.027969717979431152 -0.008980927988886833 -0.0037656910717487335 0.000752731051761657 0.015878062695264816 0.018749916926026344 0.027926160022616386 -0.04130755737423897 -0.01658719778060913 -0.0003926474309992045 0.0036308595445007086 -0.018932214006781578 0.003477856982499361 0.05589979514479637 0.0074274069629609585 0.04417487978935242 -0.004354648292064667 0.006540596639820373 0.022060372327690578 0.0576417022798953 0.08084259557084074 0.15713136241299117 0.20292071440524762 0.37760291026657067 0.39761518332461737 0.8953508045769064 -1.3973786 -1.3923849 -1.1982065 -1.33695 -1.161968 -1.1702881 -1.3513378 -1.2920253 -1.2239279 -1.655281 -1.6009045 -1.2911807 -1.3856224 -1.0902631 -1.0245489 -1.2213092 -1.2048641 -1.3357959
0 400 -0.0052351392805576324 -0.11698014289140701 -0.00913152378052473 0.0036617496516555548 0.0008834837935864925 0.014524969272315502 0.07060138881206512 0.05841360241174698 0.06472165882587433 -0.017885426059365273 0.006324642803519964 0.013077911920845509 -0.007903356105089188 0.02610599994659424 0.027937067672610283 -0.0004486121761146933 -0.03270590677857399 0.02758215181529522 0.037384919822216034 0.02814592234790325 -0.012825659476220608 -0.013954848051071167 -0.007754925172775984 0.0046938518062233925 -0.023493830114603043 0.04493790864944458 0.00020059183589182794 0.013721223920583725 0.04552820697426796 -0.020085325464606285 0.00521475775167346 -0.008880079723894596 0.06907666474580765 -0.01543403323739767 -0.000410721666412428 -0.002615578006953001 0.0074576628394424915 0.00821387954056263 0.02820430137217045 -0.002991174813359976 0.021713050082325935 0.0005966286407783628 0.0544852614402771 0.006489859893918037 0.03579452633857727 0.060330841690301895 0.030165886506438255 0.03821655362844467 -0.009661170653998852 0.02424822375178337 0.07411345094442368 -0.06265237182378769 0.008332029916346073 0.03750625252723694 -0.02668684720993042 0.03106461465358734 0.03685532137751579 0.010941863991320133 0.036899346858263016 0.007112874183803797 0.0603620745241642 -0.01924682781100273 -0.0017174914246425033 0.001265808823518455 0.025614822283387184 -0.009664135985076427 -0.03303879126906395 0.024825887754559517 -1.941080336109735e-05 0.021299950778484344 -0.0402224063873291 0.030955683439970016 0.00673326151445508 0.00561345461755991 0.026035470888018608 -0.01852637529373169 0.010083654895424843 -0.04968470707535744 0.020977288484573364 -0.006735695991665125 -0.00282426830381155 0.000564548303373158 0.011908547021448612 0.014062438160181046 0.020944619551301003 -0.0309806689620018 -0.012440399266779423 -0.0002944855659734458 0.0027231446001678705 -0.014199160039424896 0.0026083928532898426 0.041924845427274704 0.005570555571466684 0.03313115984201431 -0.0032659864518791437 0.02249648857089577 0.10206633081149943 0.2651528719303936 0.551882068955127 0.4878604936432105 0.6403594058203825 0.7763931037262548 0.9242388672504165 0.9598152340845699 -1.2372199 -1.1750143 -1.0499036 -0.9615562 -0.89677894 -1.0420218 -1.1093937 -1.1618174 -1.1790408 -1.3684616 -1.2071929 -1.0010067 -0.7961395 -0.7251444 -0.9901527 -1.0049059 -1.1651931 -1.3357829
1 400 -0.0052351392805576324 -0.11698014289140701 -0.00913152378052473 0.0036617496516555548 0.0008834837935864925 0.014524969272315502 0.07060138881206512 0.05841360241174698 0.06472165882587433 -0.017885426059365273 0.006324642803519964 0.013077911920845509 -0.007903356105089188 0.02610599994659424 0.027937067672610283 -0.0004486121761146933 -0.03270590677857399 0.02758215181529522 0.037384919822216034 0.02814592234790325 -0.012825659476220608 -0.013954848051071167 -0.007754925172775984 0.0046938518062233925 -0.023493830114603043 0.04493790864944458 0.00020059183589182794 0.013721223920583725 0.04552820697426796 -0.020085325464606285 0.00521475775167346 -0.008880079723894596 0.06907666474580765 -0.01543403323739767 -0.000410721666412428 -0.002615578006953001 0.0074576628394424915 0.00821387954056263 0.02820430137217045 -0.002991174813359976 0.021713050082325935 0.0005966286407783628 0.0544852614402771 0.006489859893918037 0.03579452633857727 0.060330841690301895 0.030165886506438255 0.03821655362844467 -0.009661170653998852 0.02424822375178337 0.07411345094442368 -0.06265237182378769 0.008332029916346073 0.03750625252723694 -0.02668684720993042 0.03106461465358734 0.03685532137751579 0.010941863991320133 0.036899346858263016 0.007112874183803797 0.0603620745241642 -0.01924682781100273 -0.0017174914246425033 0.001265808823518455 0.025614822283387184 -0.009664135985076427 -0.03303879126906395 0.024825887754559517 -1.941080336109735e-05 0.021299950778484344 -0.0402224063873291 0.030955683439970016 0.00673326151445508 0.00561345461755991 0.026035470888018608 -0.01852637529373169 0.010083654895424843 -0.04968470707535744 0.020977288484573364 -0.006735695991665125 -0.00282426830381155 0.000564548303373158 0.011908547021448612 0.014062438160181046 0.020944619551301003 -0.0309806689620018 -0.012440399266779423 -0.0002944855659734458 0.0027231446001678705 -0.014199160039424896 0.0026083928532898426 0.041924845427274704 0.005570555571466684 0.03313115984201431 -0.0032659864518791437 0.02422195301138481 0.04866237590137211 0.08541056288771529 0.1999876411446131 0.37216891180027567 0.3990071397504455 0.6211757060446464 0.7182218482396696 0.9206074314827075 -1.2120426 -1.1247568 -1.0502851 -1.008237 -0.77953696 -0.8357866 -0.79137367 -1.0868595 -1.1235988 -1.3432643 -1.1934074 -1.035559 -0.8961638 -0.50818694 -0.62494385 -0.6016133 -1.0771976 -1.2105582
2 400 -0.0052351392805576324 -0.11698014289140701 -0.00913152378052473 0.0036617496516555548 0.0008834837935864925 0.014524969272315502 0.07060138881206512 0.05841360241174698 0.06472165882587433 -0.017885426059365273 0.006324642803519964 0.013077911920845509 -0.007903356105089188 0.02610599994659424 0.027937067672610283 -0.0004486121761146933 -0.03270590677857399 0.02758215181529522 0.037384919822216034 0.02814592234790325 -0.012825659476220608 -0.013954848051071167 -0.007754925172775984 0.0046938518062233925 -0.023493830114603043 0.04493790864944458 0.00020059183589182794 0.013721223920583725 0.04552820697426796 -0.020085325464606285 0.00521475775167346 -0.008880079723894596 0.06907666474580765 -0.01543403323739767 -0.000410721666412428 -0.002615578006953001 0.0074576628394424915 0.00821387954056263 0.02820430137217045 -0.002991174813359976 0.021713050082325935 0.0005966286407783628 0.0544852614402771 0.006489859893918037 0.03579452633857727 0.060330841690301895 0.030165886506438255 0.03821655362844467 -0.009661170653998852 0.02424822375178337 0.07411345094442368 -0.06265237182378769 0.008332029916346073 0.03750625252723694 -0.02668684720993042 0.03106461465358734 0.03685532137751579 0.010941863991320133 0.036899346858263016 0.007112874183803797 0.0603620745241642 -0.01924682781100273 -0.0017174914246425033 0.001265808823518455 0.025614822283387184 -0.009664135985076427 -0.03303879126906395 0.024825887754559517 -1.941080336109735e-05 0.021299950778484344 -0.0402224063873291 0.030955683439970016 0.00673326151445508 0.00561345461755991 0.026035470888018608 -0.01852637529373169 0.010083654895424843 -0.04968470707535744 0.020977288484573364 -0.006735695991665125 -0.00282426830381155 0.000564548303373158 0.011908547021448612 0.014062438160181046 0.020944619551301003 -0.0309806689620018 -0.012440399266779423 -0.0002944855659734458 0.0027231446001678705 -0.014199160039424896 0.0026083928532898426 0.041924845427274704 0.005570555571466684 0.03313115984201431 -0.0032659864518791437 0.00858860683350951 0.025319788570338515 0.04975351376219573 0.11793389837027952 0.23364996346489703 0.26158301886710084 0.5675409329864467 0.696978882418285 0.8897110624689492 -1.3075296 -1.246153 -1.1261361 -1.1359352 -0.9576828 -1.0981146 -1.1636112 -1.206299 -1.166399 -1.5290326 -1.4058378 -1.20609 -1.1165366 -0.8287575 -1.0521128 -1.1223105 -1.2047602 -1.2611762
0 400 -0.003490092698484659 -0.07798676192760468 -0.006087682209908962 0.0024411664344370365 0.0005889891763217747 0.009683312848210335 0.047067590057849884 0.038942400366067886 0.04314776882529259 -0.01192361768335104 0.004216428380459547 0.008718607947230339 -0.005268903914839029 0.017403999343514442 0.01862471178174019 -0.00029907477437518537 -0.02180393785238266 0.01838809996843338 0.024923278018832207 0.0187639482319355 -0.008550439029932022 -0.009303231723606586 -0.00516994995996356 0.0031292345374822617 -0.015662552788853645 0.029958605766296387 0.00013372789544519037 0.009147482924163342 0.030352136120200157 -0.013390216045081615 0.003476504934951663 -0.005920052994042635 0.046051107347011566 -0.010289355181157589 -0.0002738144248723984 -0.0017437186324968934 0.004971775226294994 0.00547591969370842 0.018802866339683533 -0.0019941164646297693 0.014475367031991482 0.00039775241748429835 0.03632350638508797 0.004326573107391596 0.023863017559051514 0.040220558643341064 0.020110590383410454 0.025477701798081398 -0.006440780591219664 0.016165481880307198 0.04940896853804588 -0.04176824912428856 0.005554686300456524 0.02500416710972786 -0.017791232094168663 0.020709743723273277 0.02457021363079548 0.007294576149433851 0.02459956333041191 0.004741915967315435 0.04024138301610947 -0.012831218540668488 -0.0011449942830950022 0.0008438724908046424 0.01707654818892479 -0.006442756857722998 -0.022025860846042633 0.016550591215491295 -1.29405352709e-05 0.014199966564774513 -0.026814937591552734 0.02063712291419506 0.004488840699195862 0.0037423030007630587 0.017356980592012405 -0.012350915931165218 0.006722436286509037 -0.033123135566711426 0.013984858989715576 -0.004490463994443417 -0.0018828455358743668 0.0003763655258808285 0.007939031347632408 0.009374958463013172 0.013963080011308193 -0.020653778687119484 -0.008293598890304565 -0.00019632371549960226 0.0018154297722503543 -0.009466107003390789 0.0017389284912496805 0.027949897572398186 0.0037137034814804792 0.02208743989467621 -0.0021773241460323334 0.029956537742616085 0.08356057479452242 0.25076154180266785 0.4244141038349875 0.6291815970521214 0.7347749019330984 0.8515507908396353 0.9347896890965851 0.9695573977907428 -1.1427424 -1.0626543 -0.9225805 -0.85116017 -0.70593655 -0.8330916 -0.8933937 -0.9790462 -1.1214864 -1.2359533 -1.083892 -0.83289695 -0.6837431 -0.46560034 -0.67533326 -0.86599004 -0.99880123 -1.2564217
1 400 -0.003490092698484659 -0.07798676192760468 -0.006087682209908962 0.0024411664344370365 0.0005889891763217747 0.009683312848210335 0.047067590057849884 0.038942400366067886 0.04314776882529259 -0.01192361768335104 0.004216428380459547 0.008718607947230339 -0.005268903914839029 0.017403999343514442 0.01862471178174019 -0.00029907477437518537 -0.02180393785238266 0.01838809996843338 0.024923278018832207 0.0187639482319355 -0.008550439029932022 -0.009303231723606586 -0.00516994995996356 0.0031292345374822617 -0.015662552788853645 0.029958605766296387 0.00013372789544519037 0.009147482924163342 0.030352136120200157 -0.013390216045081615 0.003476504934951663 -0.005920052994042635 0.046051107347011566 -0.010289355181157589 -0.0002738144248723984 -0.0017437186324968934 0.004971775226294994 0.00547591969370842 0.018802866339683533 -0.0019941164646297693 0.014475367031991482 0.00039775241748429835 0.03632350638508797 0.004326573107391596 0.023863017559051514 0.040220558643341064 0.020110590383410454 0.025477701798081398 -0.006440780591219664 0.016165481880307198 0.04940896853804588 -0.04176824912428856 0.005554686300456524 0.02500416710972786 -0.017791232094168663 0.020709743723273277 0.02457021363079548 0.007294576149433851 0.02459956333041191 0.004741915967315435 0.04024138301610947 -0.012831218540668488 -0.0011449942830950022 0.0008438724908046424 0.01707654818892479 -0.006442756857722998 -0.022025860846042633 0.016550591215491295 -1.29405352709e-05 0.014199966564774513 -0.026814937591552734 0.02063712291419506 0.004488840699195862 0.0037423030007630587 0.017356980592012405 -0.012350915931165218 0.006722436286509037 -0.033123135566711426 0.013984858989715576 -0.004490463994443417 -0.0018828455358743668 0.0003763655258808285 0.007939031347632408 0.009374958463013172 0.013963080011308193 -0.020653778687119484 -0.008293598890304565 -0.00019632371549960226 0.0018154297722503543 -0.009466107003390789 0.0017389284912496805 0.027949897572398186 0.0037137034814804792 0.02208743989467621 -0.0021773241460323334 0.030775834095262515 0.06516310818609931 0.10885393265892042 0.2965690913828317 0.5063812359629817 0.5884379413249662 0.7563966587328019 0.879308427086874 0.9470287887019458 -1.159881 -1.0343695 -0.94800425 -0.7778902 -0.5907549 -0.74054474 -0.7494726 -0.9490435 -1.0758835 -1.2558416 -1.063954 -0.8998444 -0.68258965 -0.31725633 -0.53430474 -0.6488974 -0.93728614 -1.1443154
2 400 -0.003490092698484659 -0.07798676192760468 -0.006087682209908962 0.0024411664344370365 0.0005889891763217747 0.009683312848210335 0.047067590057849884 0.038942400366067886 0.04314776882529259 -0.01192361768335104 0.004216428380459547 0.008718607947230339 -0.005268903914839029 0.017403999343514442 0.01862471178174019 -0.00029907477437518537 -0.02180393785238266 0.01838809996843338 0.024923278018832207 0.0187639482319355 -0.008550439029932022 -0.009303231723606586 -0.00516994995996356 0.0031292345374822617 -0.015662552788853645 0.029958605766296387 0.00013372789544519037 0.009147482924163342 0.030352136120200157 -0.013390216045081615 0.003476504934951663 -0.005920052994042635 0.046051107347011566 -0.010289355181157589 -0.0002738144248723984 -0.0017437186324968934 0.004971775226294994 0.00547591969370842 0.018802866339683533 -0.0019941164646297693 0.014475367031991482 0.00039775241748429835 0.03632350638508797 0.004326573107391596 0.023863017559051514 0.040220558643341064 0.020110590383410454 0.025477701798081398 -0.006440780591219664 0.016165481880307198 0.04940896853804588 -0.04176824912428856 0.005554686300456524 0.02500416710972786 -0.017791232094168663 0.020709743723273277 0.02457021363079548 0.007294576149433851 0.02459956333041191 0.004741915967315435 0.04024138301610947 -0.012831218540668488 -0.0011449942830950022 0.0008438724908046424 0.01707654818892479 -0.006442756857722998 -0.022025860846042633 0.016550591215491295 -1.29405352709e-05 0.014199966564774513 -0.026814937591552734 0.02063712291419506 0.004488840699195862 0.0037423030007630587 0.017356980592012405 -0.012350915931165218 0.006722436286509037 -0.033123135566711426 0.013984858989715576 -0.004490463994443417 -0.0018828455358743668 0.0003763655258808285 0.007939031347632408 0.009374958463013172 0.013963080011308193 -0.020653778687119484 -0.008293598890304565 -0.00019632371549960226 0.0018154297722503543 -0.009466107003390789 0.0017389284912496805 0.027949897572398186 0.0037137034814804792 0.02208743989467621 -0.0021773241460323334 0.011288585215718756 0.028236029092984994 0.05919355487900467 0.15332770855663064 0.24536338350886794 0.33559236340274473 0.6192675396219819 0.7829416035144138 0.8872908187393493 -1.2131711 -1.1107858 -1.0345876 -0.90961546 -0.7842516 -0.8445053 -0.96890545 -1.0304102 -1.1044143 -1.3973044 -1.2189834 -1.0738429 -0.8259847 -0.641243 -0.71407044 -0.9129689 -0.9879565 -1.1795034
0 400 -0.0017450463492423296 -0.03899338096380234 -0.003043841104954481 0.0012205832172185183 0.00029449458816088736 0.004841656424105167 0.023533795028924942 0.019471200183033943 0.021573884412646294 -0.00596180884167552 0.0021082141902297735 0.0043593039736151695 -0.0026344519574195147 0.008701999671757221 0.009312355890870094 -0.00014953738718759269 -0.01090196892619133 0.00919404998421669 0.012461639009416103 0.00938197411596775 -0.004275219514966011 -0.004651615861803293 -0.00258497497998178 0.0015646172687411308 -0.007831276394426823 0.014979302883148193 6.686394772259519e-05 0.004573741462081671 0.015176068060100079 -0.006695108022540808 0.0017382524674758315 -0.0029600264970213175 0.023025553673505783 -0.0051446775905787945 -0.0001369072124361992 -0.0008718593162484467 0.002485887613147497 0.00273795984685421 0.009401433169841766 -0.0009970582323148847 0.007237683515995741 0.00019887620874214917 0.018161753192543983 0.002163286553695798 0.011931508779525757 0.020110279321670532 0.010055295191705227 0.012738850899040699 -0.003220390295609832 0.008082740940153599 0.02470448426902294 -0.02088412456214428 0.002777343150228262 0.01250208355486393 -0.008895616047084332 0.010354871861636639 0.01228510681539774 0.0036472880747169256 0.012299781665205956 0.0023709579836577177 0.020120691508054733 -0.006415609270334244 -0.0005724971415475011 0.0004219362454023212 0.008538274094462395 -0.003221378428861499 -0.011012930423021317 0.008275295607745647 -6.47026763545e-06 0.007099983282387257 -0.013407468795776367 0.01031856145709753 0.002244420349597931 0.0018711515003815293 0.008678490296006203 -0.006175457965582609 0.0033612181432545185 -0.016561567783355713 0.006992429494857788 -0.0022452319972217083 -0.0009414227679371834 0.00018818276294041425 0.003969515673816204 0.004687479231506586 0.006981540005654097 -0.010326889343559742 -0.004146799445152283 -9.816185774980113e-05 0.0009077148861251771 -0.0047330535016953945 0.0008694642456248403 0.013974948786199093 0.0018568517407402396 0.011043719947338104 -0.0010886620730161667 0.03910769459824073 0.08554965811988126 0.2529388440736605 0.43142074740644304 0.6636619705384081 0.7054479923920073 0.8619747056041956 0.9333934863762475 0.9776423870929806 -1.0483093 -0.96194196 -0.8423996 -0.74515796 -0.56232655 -0.6738441 -0.8357235 -0.89909387 -1.0635078 -1.1046414 -0.96320796 -0.72039783 -0.5584983 -0.32027176 -0.49044353 -0.7610259 -0.9067801 -1.1779917
1 400 -0.0017450463492423296 -0.03899338096380234 -0.003043841104954481 0.0012205832172185183 0.00029449458816088736 0.004841656424105167 0.023533795028924942 0.019471200183033943 0.021573884412646294 -0.00596180884167552 0.0021082141902297735 0.0043593039736151695 -0.0026344519574195147 0.008701999671757221 0.009312355890870094 -0.00014953738718759269 -0.01090196892619133 0.00919404998421669 0.012461639009416103 0.00938197411596775 -0.004275219514966011 -0.004651615861803293 -0.00258497497998178 0.0015646172687411308 -0.007831276394426823 0.014979302883148193 6.686394772259519e-05 0.004573741462081671 0.015176068060100079 -0.006695108022540808 0.0017382524674758315 -0.0029600264970213175 0.023025553673505783 -0.0051446775905787945 -0.0001369072124361992 -0.0008718593162484467 0.002485887613147497 0.00273795984685421 0.009401433169841766 -0.0009970582323148847 0.007237683515995741 0.00019887620874214917 0.018161753192543983 0.002163286553695798 0.011931508779525757 0.020110279321670532 0.010055295191705227 0.012738850899040699 -0.003220390295609832 0.008082740940153599 0.02470448426902294 -0.02088412456214428 0.002777343150228262 0.01250208355486393 -0.008895616047084332 0.010354871861636639 0.01228510681539774 0.0036472880747169256 0.012299781665205956 0.0023709579836577177 0.020120691508054733 -0.006415609270334244 -0.0005724971415475011 0.0004219362454023212 0.008538274094462395 -0.003221378428861499 -0.011012930423021317 0.008275295607745647 -6.47026763545e-06 0.007099983282387257 -0.013407468795776367 0.01031856145709753 0.002244420349597931 0.0018711515003815293 0.008678490296006203 -0.006175457965582609 0.0033612181432545185 -0.016561567783355713 0.006992429494857788 -0.0022452319972217083 -0.0009414227679371834 0.00018818276294041425 0.003969515673816204 0.004687479231506586 0.006981540005654097 -0.010326889343559742 -0.004146799445152283 -9.816185774980113e-05 0.0009077148861251771 -0.0047330535016953945 0.0008694642456248403 0.013974948786199093 0.0018568517407402396 0.011043719947338104 -0.0010886620730161667 0.041398945254228346 0.08774072666146591 0.133543676442476 0.3132994804191933 0.517613631034624 0.6060810638971801 0.7792837398412125 0.8769383052678488 0.9601650350041057 -1.1154801 -0.9941858 -0.8591126 -0.7470473 -0.53510845 -0.66296726 -0.7102694 -0.9168196 -1.0211289 -1.1826892 -0.9966587 -0.7723291 -0.60910344 -0.23117061 -0.428607 -0.584131 -0.8784213 -1.0706829
2 400 -0.0017450463492423296 -0.03899338096380234 -0.003043841104954481 0.0012205832172185183 0.00029449458816088736 0.004841656424105167 0.023533795028924942 0.019471200183033943 0.021573884412646294 -0.00596180884167552 0.0021082141902297735 0.0043593039736151695 -0.0026344519574195147 0.008701999671757221 0.009312355890870094 -0.00014953738718759269 -0.01090196892619133 0.00919404998421669 0.012461639009416103 0.00938197411596775 -0.004275219514966011 -0.004651615861803293 -0.00258497497998178 0.0015646172687411308 -0.007831276394426823 0.014979302883148193 6.686394772259519e-05 0.004573741462081671 0.015176068060100079 -0.006695108022540808 0.0017382524674758315 -0.0029600264970213175 0.023025553673505783 -0.0051446775905787945 -0.0001369072124361992 -0.0008718593162484467 0.002485887613147497 0.00273795984685421 0.009401433169841766 -0.0009970582323148847 0.007237683515995741 0.00019887620874214917 0.018161753192543983 0.002163286553695798 0.011931508779525757 0.020110279321670532 0.010055295191705227 0.012738850899040699 -0.003220390295609832 0.008082740940153599 0.02470448426902294 -0.02088412456214428 0.002777343150228262 0.01250208355486393 -0.008895616047084332 0.010354871861636639 0.01228510681539774 0.0036472880747169256 0.012299781665205956 0.0023709579836577177 0.020120691508054733 -0.006415609270334244 -0.0005724971415475011 0.0004219362454023212 0.008538274094462395 -0.003221378428861499 -0.011012930423021317 0.008275295607745647 -6.47026763545e-06 0.007099983282387257 -0.013407468795776367 0.01031856145709753 0.002244420349597931 0.0018711515003815293 0.008678490296006203 -0.006175457965582609 0.0033612181432545185 -0.016561567783355713 0.006992429494857788 -0.0022452319972217083 -0.0009414227679371834 0.00018818276294041425 0.003969515673816204 0.004687479231506586 0.006981540005654097 -0.010326889343559742 -0.004146799445152283 -9.816185774980113e-05 0.0009077148861251771 -0.0047330535016953945 0.0008694642456248403 0.013974948786199093 0.0018568517407402396 0.011043719947338104 -0.0010886620730161667 0.014678220180693782 0.0346854323803828 0.06466857214926164 0.1880932760227066 0.2716891707324783 0.40434328068784275 0.6641768964110365 0.802842370902203 0.8919754280600868 -1.1189107 -1.0065086 -0.90972126 -0.7710779 -0.6143687 -0.6589417 -0.82908773 -0.8943107 -1.0350156 -1.2662854 -1.0751103 -0.91288793 -0.6328461 -0.41615623 -0.4448573 -0.7168553 -0.84317243 -1.0889025
0 400 0.0 0.0 0.0 -0.0 -0.0 -0.0 -0.0 -0.0 -0.0 0.0 -0.0 -0.0 0.0 -0.0 -0.0 0.0 0.0 -0.0 -0.0 -0.0 0.0 0.0 0.0 -0.0 0.0 -0.0 -0.0 -0.0 -0.0 0.0 -0.0 0.0 -0.0 0.0 0.0 0.0 -0.0 -0.0 -0.0 0.0 -0.0 -0.0 -0.0 -0.0 -0.0 -0.0 -0.0 -0.0 0.0 -0.0 -0.0 0.0 -0.0 -0.0 0.0 -0.0 -0.0 -0.0 -0.0 -0.0 -0.0 0.0 0.0 -0.0 -0.0 0.0 0.0 -0.0 0.0 -0.0 0.0 -0.0 -0.0 -0.0 -0.0 0.0 -0.0 0.0 -0.0 0.0 0.0 -0.0 -0.0 -0.0 -0.0 0.0 0.0 0.0 -0.0 0.0 -0.0 -0.0 -0.0 -0.0 0.0 0.04767008166109169 0.13327786528865945 0.2735570925558405 0.4828083365079844 0.6734554858358605 0.7402554110817857 0.8503898541488918 0.9254551783065552 0.9849955383834424 -0.9539609 -0.84847486 -0.7162946 -0.50086516 -0.38023916 -0.46175444 -0.7059823 -0.8367447 -1.0173544 -0.9845631 -0.7967434 -0.56329715 -0.282933 -0.12828624 -0.24617843 -0.57202727 -0.83116364 -1.1075177
1 400 0.0 0.0 0.0 -0.0 -0.0 -0.0 -0.0 -0.0 -0.0 0.0 -0.0 -0.0 0.0 -0.0 -0.0 0.0 0.0 -0.0 -0.0 -0.0 0.0 0.0 0.0 -0.0 0.0 -0.0 -0.0 -0.0 -0.0 0.0 -0.0 0.0 -0.0 0.0 0.0 0.0 -0.0 -0.0 -0.0 0.0 -0.0 -0.0 -0.0 -0.0 -0.0 -0.0 -0.0 -0.0 0.0 -0.0 -0.0 0.0 -0.0 -0.0 0.0 -0.0 -0.0 -0.0 -0.0 -0.0 -0.0 0.0 0.0 -0.0 -0.0 0.0 0.0 -0.0 0.0 -0.0 0.0 -0.0 -0.0 -0.0 -0.0 0.0 -0.0 0.0 -0.0 0.0 0.0 -0.0 -0.0 -0.0 -0.0 0.0 0.0 0.0 -0.0 0.0 -0.0 -0.0 -0.0 -0.0 0.0 0.04248162888810401 0.09618886693415966 0.16138673254031008 0.3466602871691309 0.49539565826744086 0.5900717425430938 0.7503264439282323 0.8737254602154335 0.9525467382381418 -1.0523417 -0.9200462 -0.7604667 -0.6012949 -0.4285801 -0.59684336 -0.7030075 -0.8776766 -0.97406876 -1.1076818 -0.8941456 -0.6393496 -0.402329 -0.10046096 -0.33721143 -0.5442401 -0.8303734 -0.99280465
2 400 0.0 0.0 0.0 -0.0 -0.0 -0.0 -0.0 -0.0 -0.0 0.0 -0.0 -0.0 0.0 -0.0 -0.0 0.0 0.0 -0.0 -0.0 -0.0 0.0 0.0 0.0 -0.0 0.0 -0.0 -0.0 -0.0 -0.0 0.0 -0.0 0.0 -0.0 0.0 0.0 0.0 -0.0 -0.0 -0.0 0.0 -0.0 -0.0 -0.0 -0.0 -0.0 -0.0 -0.0 -0.0 0.0 -0.0 -0.0 0.0 -0.0 -0.0 0.0 -0.0 -0.0 -0.0 -0.0 -0.0 -0.0 0.0 0.0 -0.0 -0.0 0.0 0.0 -0.0 0.0 -0.0 0.0 -0.0 -0.0 -0.0 -0.0 0.0 -0.0 0.0 -0.0 0.0 0.0 -0.0 -0.0 -0.0 -0.0 0.0 0.0 0.0 -0.0 0.0 -0.0 -0.0 -0.0 -0.0 0.0 0.015012850125546151 0.04917945443043579 0.09935202727875334 0.21893598455303 0.364135148592879 0.42815292403730376 0.6363852780190644 0.8130656617549368 0.9106483846193376 -1.0253978 -0.88803047 -0.7745762 -0.56791794 -0.4403867 -0.48520276 -0.64515257 -0.7803645 -0.9758396 -1.1536604 -0.90973604 -0.70647407 -0.39072794 -0.15232201 -0.22965579 -0.47736868 -0.73646903 -1.014051
0 400 0.0017450463492423296 0.03899338096380234 0.003043841104954481 -0.0012205832172185183 -0.00029449458816088736 -0.004841656424105167 -0.023533795028924942 -0.019471200183033943 -0.021573884412646294 0.00596180884167552 -0.0021082141902297735 -0.0043593039736151695 0.0026344519574195147 -0.008701999671757221 -0.009312355890870094 0.00014953738718759269 0.01090196892619133 -0.00919404998421669 -0.012461639009416103 -0.00938197411596775 0.004275219514966011 0.004651615861803293 0.00258497497998178 -0.0015646172687411308 0.007831276394426823 -0.014979302883148193 -6.686394772259519e-05 -0.004573741462081671 -0.015176068060100079 0.006695108022540808 -0.0017382524674758315 0.0029600264970213175 -0.023025553673505783 0.0051446775905787945 0.0001369072124361992 0.0008718593162484467 -0.002485887613147497 -0.00273795984685421 -0.009401433169841766 0.0009970582323148847 -0.007237683515995741 -0.00019887620874214917 -0.018161753192543983 -0.002163286553695798 -0.011931508779525757 -0.020110279321670532 -0.010055295191705227 -0.012738850899040699 0.003220390295609832 -0.008082740940153599 -0.02470448426902294 0.02088412456214428 -0.002777343150228262 -0.01250208355486393 0.008895616047084332 -0.010354871861636639 -0.01228510681539774 -0.0036472880747169256 -0.012299781665205956 -0.0023709579836577177 -0.020120691508054733 0.006415609270334244 0.0005724971415475011 -0.0004219362454023212 -0.008538274094462395 0.003221378428861499 0.011012930423021317 -0.008275295607745647 6.47026763545e-06 -0.007099983282387257 0.013407468795776367 -0.01031856145709753 -0.002244420349597931 -0.0018711515003815293 -0.008678490296006203 0.006175457965582609 -0.0033612181432545185 0.016561567783355713 -0.006992429494857788 0.0022452319972217083 0.0009414227679371834 -0.00018818276294041425 -0.003969515673816204 -0.004687479231506586 -0.006981540005654097 0.010326889343559742 0.004146799445152283 9.816185774980113e-05 -0.0009077148861251771 0.0047330535016953945 -0.0008694642456248403 -0.013974948786199093 -0.0018568517407402396 -0.011043719947338104 0.0010886620730161667 0.0719838449342149 0.20824860916992083 0.32492207160998915 0.5468951411745163 0.7027543283844042 0.7421996657733503 0.8114223896108318 0.9075741400445766 0.9716317193631934 -0.84621584 -0.6865373 -0.49355042 -0.19507271 -0.16199535 -0.26505786 -0.47846043 -0.6076528 -0.86594737 -0.82697356 -0.56700695 -0.25623608 0.0334934 0.095911115 -0.013028905 -0.28344497 -0.5578917 -0.88049996
1 400 0.0017450463492423296 0.03899338096380234 0.003043841104954481 -0.0012205832172185183 -0.00029449458816088736 -0.004841656424105167 -0.023533795028924942 -0.019471200183033943 -0.021573884412646294 0.00596180884167552 -0.0021082141902297735 -0.0043593039736151695 0.0026344519574195147 -0.008701999671757221 -0.009312355890870094 0.00014953738718759269 0.01090196892619133 -0.00919404998421669 -0.012461639009416103 -0.00938197411596775 0.004275219514966011 0.004651615861803293 0.00258497497998178 -0.0015646172687411308 0.007831276394426823 -0.014979302883148193 -6.686394772259519e-05 -0.004573741462081671 -0.015176068060100079 0.006695108022540808 -0.0017382524674758315 0.0029600264970213175 -0.023025553673505783 0.0051446775905787945 0.0001369072124361992 0.0008718593162484467 -0.002485887613147497 -0.00273795984685421 -0.009401433169841766 0.0009970582323148847 -0.007237683515995741 -0.00019887620874214917 -0.018161753192543983 -0.002163286553695798 -0.011931508779525757 -0.020110279321670532 -0.010055295191705227 -0.012738850899040699 0.003220390295609832 -0.008082740940153599 -0.02470448426902294 0.02088412456214428 -0.002777343150228262 -0.01250208355486393 0.008895616047084332 -0.010354871861636639 -0.01228510681539774 -0.0036472880747169256 -0.012299781665205956 -0.0023709579836577177 -0.020120691508054733 0.006415609270334244 0.0005724971415475011 -0.0004219362454023212 -0.008538274094462395 0.003221378428861499 0.011012930423021317 -0.008275295607745647 6.47026763545e-06 -0.007099983282387257 0.013407468795776367 -0.01031856145709753 -0.002244420349597931 -0.0018711515003815293 -0.008678490296006203 0.006175457965582609 -0.0033612181432545185 0.016561567783355713 -0.006992429494857788 0.0022452319972217083 0.0009414227679371834 -0.00018818276294041425 -0.003969515673816204 -0.004687479231506586 -0.006981540005654097 0.010326889343559742 0.004146799445152283 9.816185774980113e-05 -0.0009077148861251771 0.0047330535016953945 -0.0008694642456248403 -0.013974948786199093 -0.0018568517407402396 -0.011043719947338104 0.0010886620730161667 0.030604252564937897 0.08860102987746482 0.16192697198202394 0.4018828100188811 0.4638827791023457 0.5747264021360624 0.7577594709003694 0.8746050900896938 0.9633792338217612 -0.8761093 -0.60579705 -0.66763467 -0.43818462 -0.23942414 -0.5505034 -0.5972605 -0.7423012 -0.8877746 -0.89818203 -0.46401078 -0.5179529 -0.22688895 0.15630546 -0.2737131 -0.4125151 -0.6756492 -0.8696946
2 400 0.0017450463492423296 0.03899338096380234 0.003043841104954481 -0.0012205832172185183 -0.00029449458816088736 -0.004841656424105167 -0.023533795028924942 -0.019471200183033943 -0.021573884412646294 0.00596180884167552 -0.0021082141902297735 -0.0043593039736151695 0.0026344519574195147 -0.008701999671757221 -0.009312355890870094 0.00014953738718759269 0.01090196892619133 -0.00919404998421669 -0.012461639009416103 -0.00938197411596775 0.004275219514966011 0.004651615861803293 0.00258497497998178 -0.0015646172687411308 0.007831276394426823 -0.014979302883148193 -6.686394772259519e-05 -0.004573741462081671 -0.015176068060100079 0.006695108022540808 -0.0017382524674758315 0.0029600264970213175 -0.023025553673505783 0.0051446775905787945 0.0001369072124361992 0.0008718593162484467 -0.002485887613147497 -0.00273795984685421 -0.009401433169841766 0.0009970582323148847 -0.007237683515995741 -0.00019887620874214917 -0.018161753192543983 -0.002163286553695798 -0.011931508779525757 -0.020110279321670532 -0.010055295191705227 -0.012738850899040699 0.003220390295609832 -0.008082740940153599 -0.02470448426902294 0.02088412456214428 -0.002777343150228262 -0.01250208355486393 0.008895616047084332 -0.010354871861636639 -0.01228510681539774 -0.0036472880747169256 -0.012299781665205956 -0.0023709579836577177 -0.020120691508054733 0.006415609270334244 0.0005724971415475011 -0.0004219362454023212 -0.008538274094462395 0.003221378428861499 0.011012930423021317 -0.008275295607745647 6.47026763545e-06 -0.007099983282387257 0.013407468795776367 -0.01031856145709753 -0.002244420349597931 -0.0018711515003815293 -0.008678490296006203 0.006175457965582609 -0.0033612181432545185 0.016561567783355713 -0.006992429494857788 0.0022452319972217083 0.0009414227679371834 -0.00018818276294041425 -0.003969515673816204 -0.004687479231506586 -0.006981540005654097 0.010326889343559742 0.004146799445152283 9.816185774980113e-05 -0.0009077148861251771 0.0047330535016953945 -0.0008694642456248403 -0.013974948786199093 -0.0018568517407402396 -0.011043719947338104 0.0010886620730161667 0.017821817449559667 0.06238685578935726 0.12826605969474647 0.20894586133855145 0.30677213675223675 0.4483698729897844 0.6670512323699331 0.8112258832702228 0.9454176538061438 -0.8725915 -0.593184 -0.58253145 -0.22614932 -0.13305828 -0.20314744 -0.44566372 -0.4564094 -0.8264084 -0.9327687 -0.5298921 -0.42635143 0.07164937 0.25628147 0.07675031 -0.23450637 -0.36906928 -0.8373227
0 400 0.003490092698484659 0.07798676192760468 0.006087682209908962 -0.0024411664344370365 -0.0005889891763217747 -0.009683312848210335 -0.047067590057849884 -0.038942400366067886 -0.04314776882529259 0.01192361768335104 -0.004216428380459547 -0.008718607947230339 0.005268903914839029 -0.017403999343514442 -0.01862471178174019 0.00029907477437518537 0.02180393785238266 -0.01838809996843338 -0.024923278018832207 -0.0187639482319355 0.008550439029932022 0.009303231723606586 0.00516994995996356 -0.0031292345374822617 0.015662552788853645 -0.029958605766296387 -0.00013372789544519037 -0.009147482924163342 -0.030352136120200157 0.013390216045081615 -0.003476504934951663 0.005920052994042635 -0.046051107347011566 0.010289355181157589 0.0002738144248723984 0.0017437186324968934 -0.004971775226294994 -0.00547591969370842 -0.018802866339683533 0.0019941164646297693 -0.014475367031991482 -0.00039775241748429835 -0.03632350638508797 -0.004326573107391596 -0.023863017559051514 -0.040220558643341064 -0.020110590383410454 -0.025477701798081398 0.006440780591219664 -0.016165481880307198 -0.04940896853804588 0.04176824912428856 -0.005554686300456524 -0.02500416710972786 0.017791232094168663 -0.020709743723273277 -0.02457021363079548 -0.007294576149433851 -0.02459956333041191 -0.004741915967315435 -0.04024138301610947 0.012831218540668488 0.0011449942830950022 -0.0008438724908046424 -0.01707654818892479 0.006442756857722998 0.022025860846042633 -0.016550591215491295 1.29405352709e-05 -0.014199966564774513 0.026814937591552734 -0.02063712291419506 -0.004488840699195862 -0.0037423030007630587 -0.017356980592012405 0.012350915931165218 -0.006722436286509037 0.033123135566711426 -0.013984858989715576 0.004490463994443417 0.0018828455358743668 -0.0003763655258808285 -0.007939031347632408 -0.009374958463013172 -0.013963080011308193 0.020653778687119484 0.008293598890304565 0.00019632371549960226 -0.0018154297722503543 0.009466107003390789 -0.0017389284912496805 -0.027949897572398186 -0.0037137034814804792 -0.02208743989467621 0.0021773241460323334 0.11341284095069522 0.3594833671070933 0.33877493195511305 0.5358984406792308 0.6973597871078636 0.7562613322793803 0.8222460643446678 0.9126091566206339 0.9699947371004713 -0.72708917 -0.24248968 -0.10963294 0.09764436 0.07894507 -0.061217606 -0.36096913 -0.28810552 -0.6149315 -0.66838217 0.042987093 0.2293416 0.40467998 0.30637798 0.28286168 -0.18152472 -0.1613738 -0.59985465
1 400 0.003490092698484659 0.07798676192760468 0.006087682209908962 -0.0024411664344370365 -0.0005889891763217747 -0.009683312848210335 -0.047067590057849884 -0.038942400366067886 -0.04314776882529259 0.01192361768335104 -0.004216428380459547 -0.008718607947230339 0.005268903914839029 -0.017403999343514442 -0.01862471178174019 0.00029907477437518537 0.02180393785238266 -0.01838809996843338 -0.024923278018832207 -0.0187639482319355 0.008550439029932022 0.009303231723606586 0.00516994995996356 -0.0031292345374822617 0.015662552788853645 -0.029958605766296387 -0.00013372789544519037 -0.009147482924163342 -0.030352136120200157 0.013390216045081615 -0.003476504934951663 0.005920052994042635 -0.046051107347011566 0.010289355181157589 0.0002738144248723984 0.0017437186324968934 -0.004971775226294994 -0.00547591969370842 -0.018802866339683533 0.0019941164646297693 -0.014475367031991482 -0.00039775241748429835 -0.03632350638508797 -0.004326573107391596 -0.023863017559051514 -0.040220558643341064 -0.020110590383410454 -0.025477701798081398 0.006440780591219664 -0.016165481880307198 -0.04940896853804588 0.04176824912428856 -0.005554686300456524 -0.02500416710972786 0.017791232094168663 -0.020709743723273277 -0.02457021363079548 -0.007294576149433851 -0.02459956333041191 -0.004741915967315435 -0.04024138301610947 0.012831218540668488 0.0011449942830950022 -0.0008438724908046424 -0.01707654818892479 0.006442756857722998 0.022025860846042633 -0.016550591215491295 1.29405352709e-05 -0.014199966564774513 0.026814937591552734 -0.02063712291419506 -0.004488840699195862 -0.0037423030007630587 -0.017356980592012405 0.012350915931165218 -0.006722436286509037 0.033123135566711426 -0.013984858989715576 0.004490463994443417 0.0018828455358743668 -0.0003763655258808285 -0.007939031347632408 -0.009374958463013172 -0.013963080011308193 0.020653778687119484 0.008293598890304565 0.00019632371549960226 -0.0018154297722503543 0.009466107003390789 -0.0017389284912496805 -0.027949897572398186 -0.0037137034814804792 -0.02208743989467621 0.0021773241460323334 0.047243895819193485 0.10607722286994722 0.2081991252001612 0.38200069245130175 0.5321449033135577 0.6006749513177426 0.7456649477230134 0.8895909174557071 0.9745627624795467 -0.5850403 -0.46545586 -0.5688662 -0.30190346 -0.20392266 -0.5099005 -0.48566902 -0.5661556 -0.7681099 -0.5498333 -0.08770856 -0.39200333 -0.06164536 0.18423685 -0.23481715 -0.28842935 -0.47683173 -0.7095419
2 400 0.003490092698484659 0.07798676192760468 0.006087682209908962 -0.0024411664344370365 -0.0005889891763217747 -0.009683312848210335 -0.047067590057849884 -0.038942400366067886 -0.04314776882529259 0.01192361768335104 -0.004216428380459547 -0.008718607947230339 0.005268903914839029 -0.017403999343514442 -0.01862471178174019 0.00029907477437518537 0.02180393785238266 -0.01838809996843338 -0.024923278018832207 -0.0187639482319355 0.008550439029932022 0.009303231723606586 0.00516994995996356 -0.0031292345374822617 0.015662552788853645 -0.029958605766296387 -0.00013372789544519037 -0.009147482924163342 -0.030352136120200157 0.013390216045081615 -0.003476504934951663 0.005920052994042635 -0.046051107347011566 0.010289355181157589 0.0002738144248723984 0.0017437186324968934 -0.004971775226294994 -0.00547591969370842 -0.018802866339683533 0.0019941164646297693 -0.014475367031991482 -0.00039775241748429835 -0.03632350638508797 -0.004326573107391596 -0.023863017559051514 -0.040220558643341064 -0.020110590383410454 -0.025477701798081398 0.006440780591219664 -0.016165481880307198 -0.04940896853804588 0.04176824912428856 -0.005554686300456524 -0.02500416710972786 0.017791232094168663 -0.020709743723273277 -0.02457021363079548 -0.007294576149433851 -0.02459956333041191 -0.004741915967315435 -0.04024138301610947 0.012831218540668488 0.0011449942830950022 -0.0008438724908046424 -0.01707654818892479 0.006442756857722998 0.022025860846042633 -0.016550591215491295 1.29405352709e-05 -0.014199966564774513 0.026814937591552734 -0.02063712291419506 -0.004488840699195862 -0.0037423030007630587 -0.017356980592012405 0.012350915931165218 -0.006722436286509037 0.033123135566711426 -0.013984858989715576 0.004490463994443417 0.0018828455358743668 -0.0003763655258808285 -0.007939031347632408 -0.009374958463013172 -0.013963080011308193 0.020653778687119484 0.008293598890304565 0.00019632371549960226 -0.0018154297722503543 0.009466107003390789 -0.0017389284912496805 -0.027949897572398186 -0.0037137034814804792 -0.02208743989467621 0.0021773241460323334 0.04493714826427042 0.2049181280966948 0.22050354543896977 0.44470760235313217 0.421821261820938 0.6807999931989861 0.6440370982396713 0.8785920504075029 0.9747061098678865 -0.51488006 0.021659613 -0.17374972 0.2776871 0.29140297 0.3791398 -0.112157226 -0.010017127 -0.55009824 -0.48842376 0.35796073 0.08165425 0.6719531 0.80134785 0.9233148 0.21863687 0.12584776 -0.51927245
0 400 0.0052351392805576324 0.11698014289140701 0.00913152378052473 -0.0036617496516555548 -0.0008834837935864925 -0.014524969272315502 -0.07060138881206512 -0.05841360241174698 -0.06472165882587433 0.017885426059365273 -0.006324642803519964 -0.013077911920845509 0.007903356105089188 -0.02610599994659424 -0.027937067672610283 0.0004486121761146933 0.03270590677857399 -0.02758215181529522 -0.037384919822216034 -0.02814592234790325 0.012825659476220608 0.013954848051071167 0.007754925172775984 -0.0046938518062233925 0.023493830114603043 -0.04493790864944458 -0.00020059183589182794 -0.013721223920583725 -0.04552820697426796 0.020085325464606285 -0.00521475775167346 0.008880079723894596 -0.06907666474580765 0.01543403323739767 0.000410721666412428 0.002615578006953001 -0.0074576628394424915 -0.00821387954056263 -0.02820430137217045 0.002991174813359976 -0.021713050082325935 -0.0005966286407783628 -0.0544852614402771 -0.006489859893918037 -0.03579452633857727 -0.060330841690301895 -0.030165886506438255 -0.03821655362844467 0.009661170653998852 -0.02424822375178337 -0.07411345094442368 0.06265237182378769 -0.008332029916346073 -0.03750625252723694 0.02668684720993042 -0.03106461465358734 -0.03685532137751579 -0.010941863991320133 -0.036899346858263016 -0.007112874183803797 -0.0603620745241642 0.01924682781100273 0.0017174914246425033 -0.001265808823518455 -0.025614822283387184 0.009664135985076427 0.03303879126906395 -0.024825887754559517 1.941080336109735e-05 -0.021299950778484344 0.0402224063873291 -0.030955683439970016 -0.00673326151445508 -0.00561345461755991 -0.026035470888018608 0.01852637529373169 -0.010083654895424843 0.04968470707535744 -0.020977288484573364 0.006735695991665125 0.00282426830381155 -0.000564548303373158 -0.011908547021448612 -0.014062438160181046 -0.020944619551301003 0.0309806689620018 0.012440399266779423 0.0002944855659734458 -0.0027231446001678705 0.014199160039424896 -0.0026083928532898426 -0.041924845427274704 -0.005570555571466684 -0.03313115984201431 0.0032659864518791437 0.19851737109351666 0.509733453275268 0.393687693218808 0.6249540100190271 0.786589268691909 0.7733900635476711 0.8551639447500965 0.949515096567557 0.9690730746138069 -0.53300285 0.07200459 0.26692286 0.35487512 0.4444867 0.22696146 -0.14214095 -0.04559645 -0.41501185 -0.4325099 0.41888818 0.6370052 0.7199161 0.7134857 0.66871977 0.026095897 0.1461888 -0.4013923
1 400 0.0052351392805576324 0.11698014289140701 0.00913152378052473 -0.0036617496516555548 -0.0008834837935864925 -0.014524969272315502 -0.07060138881206512 -0.05841360241174698 -0.06472165882587433 0.017885426059365273 -0.006324642803519964 -0.013077911920845509 0.007903356105089188 -0.02610599994659424 -0.027937067672610283 0.0004486121761146933 0.03270590677857399 -0.02758215181529522 -0.037384919822216034 -0.02814592234790325 0.012825659476220608 0.013954848051071167 0.007754925172775984 -0.0046938518062233925 0.023493830114603043 -0.04493790864944458 -0.00020059183589182794 -0.013721223920583725 -0.04552820697426796 0.020085325464606285 -0.00521475775167346 0.008880079723894596 -0.06907666474580765 0.01543403323739767 0.000410721666412428 0.002615578006953001 -0.0074576628394424915 -0.00821387954056263 -0.02820430137217045 0.002991174813359976 -0.021713050082325935 -0.0005966286407783628 -0.0544852614402771 -0.006489859893918037 -0.03579452633857727 -0.060330841690301895 -0.030165886506438255 -0.03821655362844467 0.009661170653998852 -0.02424822375178337 -0.07411345094442368 0.06265237182378769 -0.008332029916346073 -0.03750625252723694 0.02668684720993042 -0.03106461465358734 -0.03685532137751579 -0.010941863991320133 -0.036899346858263016 -0.007112874183803797 -0.0603620745241642 0.01924682781100273 0.0017174914246425033 -0.001265808823518455 -0.025614822283387184 0.009664135985076427 0.03303879126906395 -0.024825887754559517 1.941080336109735e-05 -0.021299950778484344 0.0402224063873291 -0.030955683439970016 -0.00673326151445508 -0.00561345461755991 -0.026035470888018608 0.01852637529373169 -0.010083654895424843 0.04968470707535744 -0.020977288484573364 0.006735695991665125 0.00282426830381155 -0.000564548303373158 -0.011908547021448612 -0.014062438160181046 -0.020944619551301003 0.0309806689620018 0.012440399266779423 0.0002944855659734458 -0.0027231446001678705 0.014199160039424896 -0.0026083928532898426 -0.041924845427274704 -0.005570555571466684 -0.03313115984201431 0.0032659864518791437 0.03534381766999431 0.11258941942322533 0.24931965158647704 0.4113303995068316 0.6531066799064041 0.6298569919795913 0.7450418683759289 0.950524840303706 0.9844967162385756 -0.32335365 -0.5685413 -0.48774758 -0.27637112 0.0032652915 -0.4534365 -0.37080377 -0.3804927 -0.64908624 -0.17502442 0.5020416 -0.30018976 -0.031385124 0.46755734 -0.1919829 -0.17717661 -0.2618962 -0.5526979
2 400 0.0052351392805576324 0.11698014289140701 0.00913152378052473 -0.0036617496516555548 -0.0008834837935864925 -0.014524969272315502 -0.07060138881206512 -0.05841360241174698 -0.06472165882587433 0.017885426059365273 -0.006324642803519964 -0.013077911920845509 0.007903356105089188 -0.02610599994659424 -0.027937067672610283 0.0004486121761146933 0.03270590677857399 -0.02758215181529522 -0.037384919822216034 -0.02814592234790325 0.012825659476220608 0.013954848051071167 0.007754925172775984 -0.0046938518062233925 0.023493830114603043 -0.04493790864944458 -0.00020059183589182794 -0.013721223920583725 -0.04552820697426796 0.020085325464606285 -0.00521475775167346 0.008880079723894596 -0.06907666474580765 0.01543403323739767 0.000410721666412428 0.002615578006953001 -0.0074576628394424915 -0.00821387954056263 -0.02820430137217045 0.002991174813359976 -0.021713050082325935 -0.0005966286407783628 -0.0544852614402771 -0.006489859893918037 -0.03579452633857727 -0.060330841690301895 -0.030165886506438255 -0.03821655362844467 0.009661170653998852 -0.02424822375178337 -0.07411345094442368 0.06265237182378769 -0.008332029916346073 -0.03750625252723694 0.02668684720993042 -0.03106461465358734 -0.03685532137751579 -0.010941863991320133 -0.036899346858263016 -0.007112874183803797 -0.0603620745241642 0.01924682781100273 0.0017174914246425033 -0.001265808823518455 -0.025614822283387184 0.009664135985076427 0.03303879126906395 -0.024825887754559517 1.941080336109735e-05 -0.021299950778484344 0.0402224063873291 -0.030955683439970016 -0.00673326151445508 -0.00561345461755991 -0.026035470888018608 0.01852637529373169 -0.010083654895424843 0.04968470707535744 -0.020977288484573364 0.006735695991665125 0.00282426830381155 -0.000564548303373158 -0.011908547021448612 -0.014062438160181046 -0.020944619551301003 0.0309806689620018 0.012440399266779423 0.0002944855659734458 -0.0027231446001678705 0.014199160039424896 -0.0026083928532898426 -0.041924845427274704 -0.005570555571466684 -0.03313115984201431 0.0032659864518791437 0.08174360623844437 0.378818876150063 0.3601562143782247 0.645975838342787 0.6464019546616725 0.8280640966269309 0.7294938429286099 0.9391978477828136 0.978642497652261 -0.20653161 0.5374938 0.2960333 0.7748598 0.8310293 0.89621055 0.26056156 0.37947223 -0.29833886 -0.08052805 1.1145042 0.6311196 1.2656763 1.4106464 1.6356484 0.596931 0.55085766 -0.28227904
0 400 0.006980185396969318 0.15597352385520935 0.012175364419817924 -0.004882332868874073 -0.0011779783526435494 -0.01936662569642067 -0.09413518011569977 -0.07788480073213577 -0.08629553765058517 0.02384723536670208 -0.008432856760919094 -0.017437215894460678 0.010537807829678059 -0.034807998687028885 -0.03724942356348038 0.0005981495487503707 0.04360787570476532 -0.03677619993686676 -0.04984655603766441 -0.037527896463871 0.017100878059864044 0.018606463447213173 0.01033989991992712 -0.006258469074964523 0.03132510557770729 -0.05991721153259277 -0.00026745579089038074 -0.018294965848326683 -0.060704272240400314 0.02678043209016323 -0.006953009869903326 0.01184010598808527 -0.09210221469402313 0.020578710362315178 0.0005476288497447968 0.003487437264993787 -0.009943550452589989 -0.01095183938741684 -0.037605732679367065 0.003988232929259539 -0.028950734063982964 -0.0007955048349685967 -0.07264701277017593 -0.008653146214783192 -0.04772603511810303 -0.08044111728668213 -0.04022118076682091 -0.050955403596162796 0.012881561182439327 -0.032330963760614395 -0.09881793707609177 0.08353649824857712 -0.011109372600913048 -0.05000833421945572 0.035582464188337326 -0.041419487446546555 -0.04914042726159096 -0.014589152298867702 -0.04919912666082382 -0.00948383193463087 -0.08048276603221893 0.025662437081336975 0.0022899885661900043 -0.0016877449816092849 -0.03415309637784958 0.012885513715445995 0.044051721692085266 -0.03310118243098259 2.58810705418e-05 -0.028399933129549026 0.05362987518310547 -0.04127424582839012 -0.008977681398391724 -0.007484606001526117 -0.03471396118402481 0.024701831862330437 -0.013444872573018074 0.06624627113342285 -0.027969717979431152 0.008980927988886833 0.0037656910717487335 -0.000752731051761657 -0.015878062695264816 -0.018749916926026344 -0.027926160022616386 0.04130755737423897 0.01658719778060913 0.0003926474309992045 -0.0036308595445007086 0.018932214006781578 -0.003477856982499361 -0.05589979514479637 -0.0074274069629609585 -0.04417487978935242 0.004354648292064667 0.2057643596826062 0.660271569344604 0.4318053141868907 0.7139856093982566 0.796278833826526 0.8107044565955125 0.8821944331603032 0.9792825822682933 0.9773331564001728 -0.40469354 0.3986098 0.5863811 0.6601063 0.5615548 0.54839075 0.1834586 0.16360739 -0.241339 -0.3092208 0.8100753 0.97013974 1.0720614 0.87373364 1.0916771 0.3779023 0.38073638 -0.21911862
1 400 0.006980185396969318 0.15597352385520935 0.012175364419817924 -0.004882332868874073 -0.0011779783526435494 -0.01936662569642067 -0.09413518011569977 -0.07788480073213577 -0.08629553765058517 0.02384723536670208 -0.008432856760919094 -0.017437215894460678 0.010537807829678059 -0.034807998687028885 -0.03724942356348038 0.0005981495487503707 0.04360787570476532 -0.03677619993686676 -0.04984655603766441 -0.037527896463871 0.017100878059864044 0.018606463447213173 0.01033989991992712 -0.006258469074964523 0.03132510557770729 -0.05991721153259277 -0.00026745579089038074 -0.018294965848326683 -0.060704272240400314 0.02678043209016323 -0.006953009869903326 0.01184010598808527 -0.09210221469402313 0.020578710362315178 0.0005476288497447968 0.003487437264993787 -0.009943550452589989 -0.01095183938741684 -0.037605732679367065 0.003988232929259539 -0.028950734063982964 -0.0007955048349685967 -0.07264701277017593 -0.008653146214783192 -0.04772603511810303 -0.08044111728668213 -0.04022118076682091 -0.050955403596162796 0.012881561182439327 -0.032330963760614395 -0.09881793707609177 0.08353649824857712 -0.011109372600913048 -0.05000833421945572 0.035582464188337326 -0.041419487446546555 -0.04914042726159096 -0.014589152298867702 -0.04919912666082382 -0.00948383193463087 -0.08048276603221893 0.025662437081336975 0.0022899885661900043 -0.0016877449816092849 -0.03415309637784958 0.012885513715445995 0.044051721692085266 -0.03310118243098259 2.58810705418e-05 -0.028399933129549026 0.05362987518310547 -0.04127424582839012 -0.008977681398391724 -0.007484606001526117 -0.03471396118402481 0.024701831862330437 -0.013444872573018074 0.06624627113342285 -0.027969717979431152 0.008980927988886833 0.0037656910717487335 -0.000752731051761657 -0.015878062695264816 -0.018749916926026344 -0.027926160022616386 0.04130755737423897 0.01658719778060913 0.0003926474309992045 -0.0036308595445007086 0.018932214006781578 -0.003477856982499361 -0.05589979514479637 -0.0074274069629609585 -0.04417487978935242 0.004354648292064667 0.036865934309490804 0.12127535415243722 0.29602419063648916 0.47007920103535455 0.8042365178958117 0.6711126255652377 0.7908126448639862 0.9803337552807159 0.9913760741226074 -0.19754824 -0.6454003 -0.431434 -0.13535008 0.22008535 -0.32907575 -0.1891459 -0.05992669 -0.49726394 -0.009631991 1.0781192 -0.22287318 0.14594454 0.7414466 -0.0667738 0.039397866 0.18189356 -0.39225093
2 400 0.006980185396969318 0.15597352385520935 0.012175364419817924 -0.004882332868874073 -0.0011779783526435494 -0.01936662569642067 -0.09413518011569977 -0.07788480073213577 -0.08629553765058517 0.02384723536670208 -0.008432856760919094 -0.017437215894460678 0.010537807829678059 -0.034807998687028885 -0.03724942356348038 0.0005981495487503707 0.04360787570476532 -0.03677619993686676 -0.04984655603766441 -0.037527896463871 0.017100878059864044 0.018606463447213173 0.01033989991992712 -0.006258469074964523 0.03132510557770729 -0.05991721153259277 -0.00026745579089038074 -0.018294965848326683 -0.060704272240400314 0.02678043209016323 -0.006953009869903326 0.01184010598808527 -0.09210221469402313 0.020578710362315178 0.0005476288497447968 0.003487437264993787 -0.009943550452589989 -0.01095183938741684 -0.037605732679367065 0.003988232929259539 -0.028950734063982964 -0.0007955048349685967 -0.07264701277017593 -0.008653146214783192 -0.04772603511810303 -0.08044111728668213 -0.04022118076682091 -0.050955403596162796 0.012881561182439327 -0.032330963760614395 -0.09881793707609177 0.08353649824857712 -0.011109372600913048 -0.05000833421945572 0.035582464188337326 -0.041419487446546555 -0.04914042726159096 -0.014589152298867702 -0.04919912666082382 -0.00948383193463087 -0.08048276603221893 0.025662437081336975 0.0022899885661900043 -0.0016877449816092849 -0.03415309637784958 0.012885513715445995 0.044051721692085266 -0.03310118243098259 2.58810705418e-05 -0.028399933129549026 0.05362987518310547 -0.04127424582839012 -0.008977681398391724 -0.007484606001526117 -0.03471396118402481 0.024701831862330437 -0.013444872573018074 0.06624627113342285 -0.027969717979431152 0.008980927988886833 0.0037656910717487335 -0.000752731051761657 -0.015878062695264816 -0.018749916926026344 -0.027926160022616386 0.04130755737423897 0.01658719778060913 0.0003926474309992045 -0.0036308595445007086 0.018932214006781578 -0.003477856982499361 -0.05589979514479637 -0.0074274069629609585 -0.04417487978935242 0.004354648292064667 0.1227447290754281 0.5495534988536894 0.46935868865271085 0.75612518526282 0.7772721453169331 0.9078078471164563 0.7919338303597805 0.9715136124158501 0.9897881212579888 0.1576654 0.9456122 0.69007826 1.1720371 1.2107258 1.362965 0.5488248 0.92695904 0.07027295 0.4516416 1.6571429 1.0923533 1.767501 1.8514491 2.2818246 0.89301467 1.2334461 0.10676792
0 400 0.008725231513381004 0.1949668973684311 0.015219205059111118 -0.006102915853261948 -0.0014724729117006063 -0.024208281189203262 -0.11766897141933441 -0.09735599905252457 -0.10786942392587662 0.029809042811393738 -0.010541071183979511 -0.021796518936753273 0.01317225955426693 -0.04350999742746353 -0.04656177759170532 0.0007476869504898787 0.05450984463095665 -0.04597024992108345 -0.06230819597840309 -0.046909868717193604 0.021376097574830055 0.02325807884335518 0.012924875132739544 -0.007823086343705654 0.03915638104081154 -0.07489651441574097 -0.0003343197167851031 -0.022868705913424492 -0.07588034123182297 0.033475540578365326 -0.00869126245379448 0.014800132252275944 -0.11512776464223862 0.02572338841855526 0.0006845360621809959 0.004359296523034573 -0.012429437600076199 -0.01368979923427105 -0.04700716584920883 0.0049852910451591015 -0.03618841618299484 -0.0009943810291588306 -0.09080876410007477 -0.010816432535648346 -0.059657543897628784 -0.10055139660835266 -0.05027647688984871 -0.06369425356388092 0.016101950779557228 -0.04041370376944542 -0.12352241575717926 0.10442061722278595 -0.013886715285480022 -0.0625104159116745 0.044478077441453934 -0.05177435651421547 -0.06142553314566612 -0.018236439675092697 -0.06149890646338463 -0.011854790151119232 -0.10060345381498337 0.03207804635167122 0.0028624855913221836 -0.0021096812561154366 -0.042691368609666824 0.016106892377138138 0.05506465211510658 -0.04137647897005081 3.235133772250265e-05 -0.03549991548061371 0.06703734397888184 -0.05159280449151993 -0.011222101747989655 -0.009355757385492325 -0.043392449617385864 0.030877290293574333 -0.016806090250611305 0.08280783891677856 -0.03496214747428894 0.011226159520447254 0.004707113839685917 -0.000940913800150156 -0.019847577437758446 -0.023437395691871643 -0.03490769863128662 0.051634445786476135 0.020733997225761414 0.0004908092669211328 -0.004538574256002903 0.02366526611149311 -0.0043473211117088795 -0.06987474113702774 -0.00928425882011652 -0.05521859973669052 0.0054433103650808334 0.2608444728363294 0.7661716268566162 0.46676197832640903 0.7741658144276865 0.833127963172613 0.8443998413039959 0.8576345818021328 0.9905973956488293 0.9838999353895139 -0.2203311 0.7569586 0.92601776 0.8760092 0.7645478 0.8231145 0.26606372 0.4692938 -0.067010075 -0.09712285 1.2552354 1.3402632 1.2912824 1.098376 1.4223651 0.55816984 0.7191725 -0.051656455
1 400 0.008725231513381004 0.1949668973684311 0.015219205059111118 -0.006102915853261948 -0.0014724729117006063 -0.024208281189203262 -0.11766897141933441 -0.09735599905252457 -0.10786942392587662 0.029809042811393738 -0.010541071183979511 -0.021796518936753273 0.01317225955426693 -0.04350999742746353 -0.04656177759170532 0.0007476869504898787 0.05450984463095665 -0.04597024992108345 -0.06230819597840309 -0.046909868717193604 0.021376097574830055 0.02325807884335518 0.012924875132739544 -0.007823086343705654 0.03915638104081154 -0.07489651441574097 -0.0003343197167851031 -0.022868705913424492 -0.07588034123182297 0.033475540578365326 -0.00869126245379448 0.014800132252275944 -0.11512776464223862 0.02572338841855526 0.0006845360621809959 0.004359296523034573 -0.012429437600076199 -0.01368979923427105 -0.04700716584920883 0.0049852910451591015 -0.03618841618299484 -0.0009943810291588306 -0.09080876410007477 -0.010816432535648346 -0.059657543897628784 -0.10055139660835266 -0.05027647688984871 -0.06369425356388092 0.016101950779557228 -0.04041370376944542 -0.12352241575717926 0.10442061722278595 -0.013886715285480022 -0.0625104159116745 0.044478077441453934 -0.05177435651421547 -0.06142553314566612 -0.018236439675092697 -0.06149890646338463 -0.011854790151119232 -0.10060345381498337 0.03207804635167122 0.0028624855913221836 -0.0021096812561154366 -0.042691368609666824 0.016106892377138138 0.05506465211510658 -0.04137647897005081 3.235133772250265e-05 -0.03549991548061371 0.06703734397888184 -0.05159280449151993 -0.011222101747989655 -0.009355757385492325 -0.043392449617385864 0.030877290293574333 -0.016806090250611305 0.08280783891677856 -0.03496214747428894 0.011226159520447254 0.004707113839685917 -0.000940913800150156 -0.019847577437758446 -0.023437395691871643 -0.03490769863128662 0.051634445786476135 0.020733997225761414 0.0004908092669211328 -0.004538574256002903 0.02366526611149311 -0.0043473211117088795 -0.06987474113702774 -0.00928425882011652 -0.05521859973669052 0.0054433103650808334 0.05885904138172713 0.14297462892182786 0.3078549132255572 0.6121494912788338 0.8989536610410451 0.7129964312389306 0.8821708453256353 0.9901671827692472 0.9970612617782333 -0.021933198 -0.4789743 -0.38968074 0.05509904 0.4019026 -0.19150904 0.033511817 0.13575056 -0.21150583 0.133306 1.3807441 -0.16820674 0.35296127 0.94306266 0.07776871 0.34481803 0.43140396 0.026676029
2 400 0.008725231513381004 0.1949668973684311 0.015219205059111118 -0.006102915853261948 -0.0014724729117006063 -0.024208281189203262 -0.11766897141933441 -0.09735599905252457 -0.10786942392587662 0.029809042811393738 -0.010541071183979511 -0.021796518936753273 0.01317225955426693 -0.04350999742746353 -0.04656177759170532 0.0007476869504898787 0.05450984463095665 -0.04597024992108345 -0.06230819597840309 -0.046909868717193604 0.021376097574830055 0.02325807884335518 0.012924875132739544 -0.007823086343705654 0.03915638104081154 -0.07489651441574097 -0.0003343197167851031 -0.022868705913424492 -0.07588034123182297 0.033475540578365326 -0.00869126245379448 0.014800132252275944 -0.11512776464223862 0.02572338841855526 0.0006845360621809959 0.004359296523034573 -0.012429437600076199 -0.01368979923427105 -0.04700716584920883 0.0049852910451591015 -0.03618841618299484 -0.0009943810291588306 -0.09080876410007477 -0.010816432535648346 -0.059657543897628784 -0.10055139660835266 -0.05027647688984871 -0.06369425356388092 0.016101950779557228 -0.04041370376944542 -0.12352241575717926 0.10442061722278595 -0.013886715285480022 -0.0625104159116745 0.044478077441453934 -0.05177435651421547 -0.06142553314566612 -0.018236439675092697 -0.06149890646338463 -0.011854790151119232 -0.10060345381498337 0.03207804635167122 0.0028624855913221836 -0.0021096812561154366 -0.042691368609666824 0.016106892377138138 0.05506465211510658 -0.04137647897005081 3.235133772250265e-05 -0.03549991548061371 0.06703734397888184 -0.05159280449151993 -0.011222101747989655 -0.009355757385492325 -0.043392449617385864 0.030877290293574333 -0.016806090250611305 0.08280783891677856 -0.03496214747428894 0.011226159520447254 0.004707113839685917 -0.000940913800150156 -0.019847577437758446 -0.023437395691871643 -0.03490769863128662 0.051634445786476135 0.020733997225761414 0.0004908092669211328 -0.004538574256002903 0.02366526611149311 -0.0043473211117088795 -0.06987474113702774 -0.00928425882011652 -0.05521859973669052 0.0054433103650808334 0.17309244001547733 0.7104220821255901 0.5596330786291197 0.8338322702651323 0.865542019945387 0.9457084343097808 0.8811830874323452 0.9878350465179182 0.9948936886035021 0.5082942 1.3549473 0.9384749 1.524032 1.5788329 1.7266729 0.8302257 1.3160276 0.46592918 0.9653733 2.2008183 1.6257087 2.2051687 2.2763765 2.788107 1.1351715 1.707733 0.56617594
0 400 0.010470278561115265 0.23396028578281403 0.01826304756104946 -0.0073234993033111095 -0.001766967587172985 -0.029049938544631004 -0.14120277762413025 -0.11682720482349396 -0.12944331765174866 0.035770852118730545 -0.012649285607039928 -0.026155823841691017 0.015806712210178375 -0.05221199989318848 -0.055874135345220566 0.0008972243522293866 0.06541181355714798 -0.05516430363059044 -0.07476983964443207 -0.0562918446958065 0.025651318952441216 0.027909696102142334 0.015509850345551968 -0.009387703612446785 0.046987660229206085 -0.08987581729888916 -0.0004011836717836559 -0.02744244784116745 -0.09105641394853592 0.04017065092921257 -0.01042951550334692 0.017760159447789192 -0.1381533294916153 0.03086806647479534 0.000821443332824856 0.005231156013906002 -0.014915325678884983 -0.01642775908112526 -0.0564086027443409 0.005982349626719952 -0.04342610016465187 -0.0011932572815567255 -0.1089705228805542 -0.012979719787836075 -0.07158905267715454 -0.12066168338060379 -0.06033177301287651 -0.07643310725688934 0.019322341307997704 -0.04849644750356674 -0.14822690188884735 0.12530474364757538 -0.016664059832692146 -0.07501250505447388 0.05337369441986084 -0.06212922930717468 -0.07371064275503159 -0.021883727982640266 -0.07379869371652603 -0.014225748367607594 -0.1207241490483284 0.03849365562200546 0.0034349828492850065 -0.00253161764703691 -0.05122964456677437 0.019328271970152855 0.0660775825381279 -0.049651775509119034 3.88216067221947e-05 -0.04259990155696869 0.0804448127746582 -0.06191136687994003 -0.01346652302891016 -0.01122690923511982 -0.052070941776037216 0.03705275058746338 -0.020167309790849686 0.09936941415071487 -0.04195457696914673 0.01347139198333025 0.0056485366076231 -0.001129096606746316 -0.023817094042897224 -0.02812487632036209 -0.041889239102602005 0.0619613379240036 0.024880798533558846 0.0005889711319468915 -0.005446289200335741 0.028398320078849792 -0.005216785706579685 -0.08384969085454941 -0.011141111142933369 -0.06626231968402863 0.006531972903758287 0.33503054396022613 0.8041225837630487 0.56511910952091 0.8977663473430777 0.9234167120545382 0.8512061405789659 0.9006255964556381 0.9955049971743691 0.9889704988595285 -0.0130111575 0.968938 1.1769422 1.0403547 0.9112021 0.92510355 0.41028342 0.748301 0.07229331 0.1427657 1.5527159 1.6322101 1.4413096 1.2218012 1.4802655 0.7107725 1.0125121 0.07485649
1 400 0.010470278561115265 0.23396028578281403 0.01826304756104946 -0.0073234993033111095 -0.001766967587172985 -0.029049938544631004 -0.14120277762413025 -0.11682720482349396 -0.12944331765174866 0.035770852118730545 -0.012649285607039928 -0.026155823841691017 0.015806712210178375 -0.05221199989318848 -0.055874135345220566 0.0008972243522293866 0.06541181355714798 -0.05516430363059044 -0.07476983964443207 -0.0562918446958065 0.025651318952441216 0.027909696102142334 0.015509850345551968 -0.009387703612446785 0.046987660229206085 -0.08987581729888916 -0.0004011836717836559 -0.02744244784116745 -0.09105641394853592 0.04017065092921257 -0.01042951550334692 0.017760159447789192 -0.1381533294916153 0.03086806647479534 0.000821443332824856 0.005231156013906002 -0.014915325678884983 -0.01642775908112526 -0.0564086027443409 0.005982349626719952 -0.04342610016465187 -0.0011932572815567255 -0.1089705228805542 -0.012979719787836075 -0.07158905267715454 -0.12066168338060379 -0.06033177301287651 -0.07643310725688934 0.019322341307997704 -0.04849644750356674 -0.14822690188884735 0.12530474364757538 -0.016664059832692146 -0.07501250505447388 0.05337369441986084 -0.06212922930717468 -0.07371064275503159 -0.021883727982640266 -0.07379869371652603 -0.014225748367607594 -0.1207241490483284 0.03849365562200546 0.0034349828492850065 -0.00253161764703691 -0.05122964456677437 0.019328271970152855 0.0660775825381279 -0.049651775509119034 3.88216067221947e-05 -0.04259990155696869 0.0804448127746582 -0.06191136687994003 -0.01346652302891016 -0.01122690923511982 -0.052070941776037216 0.03705275058746338 -0.020167309790849686 0.09936941415071487 -0.04195457696914673 0.01347139198333025 0.0056485366076231 -0.001129096606746316 -0.023817094042897224 -0.02812487632036209 -0.041889239102602005 0.0619613379240036 0.024880798533558846 0.0005889711319468915 -0.005446289200335741 0.028398320078849792 -0.005216785706579685 -0.08384969085454941 -0.011141111142933369 -0.06626231968402863 0.006531972903758287 0.1020927944068303 0.20197896142375504 0.3208053174866687 0.7481211484932021 0.9294290549191142 0.7620306936760988 0.9304539932555849 0.9952127953624582 0.9989238546258469 0.14225903 -0.2743862 -0.33909932 0.2426615 0.49259225 -0.053929895 0.19376567 0.3392963 -0.04388815 0.2688243 1.6389416 -0.10556882 0.5548283 0.9322901 0.2230041 0.53221667 0.70196724 0.25238326
2 400 0.010470278561115265 0.23396028578281403 0.01826304756104946 -0.0073234993033111095 -0.001766967587172985 -0.029049938544631004 -0.14120277762413025 -0.11682720482349396 -0.12944331765174866 0.035770852118730545 -0.012649285607039928 -0.026155823841691017 0.015806712210178375 -0.05221199989318848 -0.055874135345220566 0.0008972243522293866 0.06541181355714798 -0.05516430363059044 -0.07476983964443207 -0.0562918446958065 0.025651318952441216 0.027909696102142334 0.015509850345551968 -0.009387703612446785 0.046987660229206085 -0.08987581729888916 -0.0004011836717836559 -0.02744244784116745 -0.09105641394853592 0.04017065092921257 -0.01042951550334692 0.017760159447789192 -0.1381533294916153 0.03086806647479534 0.000821443332824856 0.005231156013906002 -0.014915325678884983 -0.01642775908112526 -0.0564086027443409 0.005982349626719952 -0.04342610016465187 -0.0011932572815567255 -0.1089705228805542 -0.012979719787836075 -0.07158905267715454 -0.12066168338060379 -0.06033177301287651 -0.07643310725688934 0.019322341307997704 -0.04849644750356674 -0.14822690188884735 0.12530474364757538 -0.016664059832692146 -0.07501250505447388 0.05337369441986084 -0.06212922930717468 -0.07371064275503159 -0.021883727982640266 -0.07379869371652603 -0.014225748367607594 -0.1207241490483284 0.03849365562200546 0.0034349828492850065 -0.00253161764703691 -0.05122964456677437 0.019328271970152855 0.0660775825381279 -0.049651775509119034 3.88216067221947e-05 -0.04259990155696869 0.0804448127746582 -0.06191136687994003 -0.01346652302891016 -0.01122690923511982 -0.052070941776037216 0.03705275058746338 -0.020167309790849686 0.09936941415071487 -0.04195457696914673 0.01347139198333025 0.0056485366076231 -0.001129096606746316 -0.023817094042897224 -0.02812487632036209 -0.041889239102602005 0.0619613379240036 0.024880798533558846 0.0005889711319468915 -0.005446289200335741 0.028398320078849792 -0.005216785706579685 -0.08384969085454941 -0.011141111142933369 -0.06626231968402863 0.006531972903758287 0.2511949460892309 0.8236649537884965 0.7450092141359693 0.8924652943848467 0.9177301129263388 0.9675689085881621 0.9320658144048328 0.9942966460085702 0.9975561017943392 0.8344625 1.5902476 1.1791385 1.8131971 1.8317783 1.9118226 1.0852765 1.659344 0.81640303 1.4736078 2.5653422 1.7758089 2.5519574 2.538394 2.9968073 1.3835597 2.1140943 0.9763969
0 400 0.012215323746204376 0.27295365929603577 0.02130688726902008 -0.008544081822037697 -0.00206146202981472 -0.03389159217476845 -0.1647365540266037 -0.13629840314388275 -0.1510171890258789 0.041732657700777054 -0.014757499098777771 -0.030515126883983612 0.01844116300344467 -0.060913994908332825 -0.06518648564815521 0.0010467617539688945 0.07631377875804901 -0.06435834616422653 -0.08723147213459015 -0.0656738132238388 0.029926536604762077 0.03256130963563919 0.018094824627041817 -0.010952320881187916 0.054818931967020035 -0.10485512018203735 -0.0004680475976783782 -0.03201618790626526 -0.10623247921466827 0.046865757554769516 -0.012167767621576786 0.020720185711979866 -0.16117887198925018 0.036012742668390274 0.0009583504870533943 0.006103015039116144 -0.017401212826371193 -0.01916571892797947 -0.06581003218889236 0.006979407276958227 -0.0506637804210186 -0.0013921334175392985 -0.12713226675987244 -0.015143005177378654 -0.0835205614566803 -0.14077195525169373 -0.07038706541061401 -0.08917195349931717 0.02254272997379303 -0.05657918378710747 -0.17293137311935425 0.1461888551712036 -0.019441401585936546 -0.08751457929611206 0.06226930767297745 -0.0724840983748436 -0.08599574863910675 -0.025531014427542686 -0.08609846979379654 -0.016596706584095955 -0.14084483683109283 0.044909264892339706 0.004007479641586542 -0.00295355380512774 -0.059767916798591614 0.022549649700522423 0.07709050923585892 -0.05792706832289696 4.529187208390795e-05 -0.04969988018274307 0.09385228157043457 -0.07222992181777954 -0.015710942447185516 -0.01309806015342474 -0.06074943020939827 0.04322820529341698 -0.023528525605797768 0.11593097448348999 -0.04894700646400452 0.01571662351489067 0.006589959375560284 -0.001317279296927154 -0.027786608785390854 -0.03281235322356224 -0.04887077584862709 0.07228822261095047 0.02902759611606598 0.0006871329387649894 -0.006354003679007292 0.033131372183561325 -0.006086249370127916 -0.09782463312149048 -0.012997962534427643 -0.07730603963136673 0.007620634511113167 0.4483138491095004 0.859870554681633 0.7258683413269617 0.9504027955882479 0.9625307480155508 0.9107299868006379 0.9556343378245288 0.9978713186536768 0.992466108602568 0.19452801 0.88489676 1.1867615 1.2770159 1.1947883 0.97841287 0.7341912 1.0286046 0.21204105 0.36043343 1.4550669 1.6226206 1.6894997 1.5323163 1.4608476 1.0694833 1.3071417 0.20151964
1 400 0.012215323746204376 0.27295365929603577 0.02130688726902008 -0.008544081822037697 -0.00206146202981472 -0.03389159217476845 -0.1647365540266037 -0.13629840314388275 -0.1510171890258789 0.041732657700777054 -0.014757499098777771 -0.030515126883983612 0.01844116300344467 -0.060913994908332825 -0.06518648564815521 0.0010467617539688945 0.07631377875804901 -0.06435834616422653 -0.08723147213459015 -0.0656738132238388 0.029926536604762077 0.03256130963563919 0.018094824627041817 -0.010952320881187916 0.054818931967020035 -0.10485512018203735 -0.0004680475976783782 -0.03201618790626526 -0.10623247921466827 0.046865757554769516 -0.012167767621576786 0.020720185711979866 -0.16117887198925018 0.036012742668390274 0.0009583504870533943 0.006103015039116144 -0.017401212826371193 -0.01916571892797947 -0.06581003218889236 0.006979407276958227 -0.0506637804210186 -0.0013921334175392985 -0.12713226675987244 -0.015143005177378654 -0.0835205614566803 -0.14077195525169373 -0.07038706541061401 -0.08917195349931717 0.02254272997379303 -0.05657918378710747 -0.17293137311935425 0.1461888551712036 -0.019441401585936546 -0.08751457929611206 0.06226930767297745 -0.0724840983748436 -0.08599574863910675 -0.025531014427542686 -0.08609846979379654 -0.016596706584095955 -0.14084483683109283 0.044909264892339706 0.004007479641586542 -0.00295355380512774 -0.059767916798591614 0.022549649700522423 0.07709050923585892 -0.05792706832289696 4.529187208390795e-05 -0.04969988018274307 0.09385228157043457 -0.07222992181777954 -0.015710942447185516 -0.01309806015342474 -0.06074943020939827 0.04322820529341698 -0.023528525605797768 0.11593097448348999 -0.04894700646400452 0.01571662351489067 0.006589959375560284 -0.001317279296927154 -0.027786608785390854 -0.03281235322356224 -0.04887077584862709 0.07228822261095047 0.02902759611606598 0.0006871329387649894 -0.006354003679007292 0.033131372183561325 -0.006086249370127916 -0.09782463312149048 -0.012997962534427643 -0.07730603963136673 0.007620634511113167 0.1227021561658806 0.4886447266251881 0.3618372529312279 0.84855888402262 0.9505204883566865 0.8700221438709358 0.9473572368931715 0.9974976664287585 0.999408302324516 0.27236757 0.57608116 -0.30730724 0.43071517 0.5814978 0.077118665 0.283632 0.51942945 0.03439775 0.41655847 1.1530367 -0.06852138 0.7573433 0.91812766 0.36646834 0.57494473 0.9298253 0.26499996
2 400 0.012215323746204376 0.27295365929603577 0.02130688726902008 -0.008544081822037697 -0.00206146202981472 -0.03389159217476845 -0.1647365540266037 -0.13629840314388275 -0.1510171890258789 0.041732657700777054 -0.014757499098777771 -0.030515126883983612 0.01844116300344467 -0.060913994908332825 -0.06518648564815521 0.0010467617539688945 0.07631377875804901 -0.06435834616422653 -0.08723147213459015 -0.0656738132238388 0.029926536604762077 0.03256130963563919 0.018094824627041817 -0.010952320881187916 0.054818931967020035 -0.10485512018203735 -0.0004680475976783782 -0.03201618790626526 -0.10623247921466827 0.046865757554769516 -0.012167767621576786 0.020720185711979866 -0.16117887198925018 0.036012742668390274 0.0009583504870533943 0.006103015039116144 -0.017401212826371193 -0.01916571892797947 -0.06581003218889236 0.006979407276958227 -0.0506637804210186 -0.0013921334175392985 -0.12713226675987244 -0.015143005177378654 -0.0835205614566803 -0.14077195525169373 -0.07038706541061401 -0.08917195349931717 0.02254272997379303 -0.05657918378710747 -0.17293137311935425 0.1461888551712036 -0.019441401585936546 -0.08751457929611206 0.06226930767297745 -0.0724840983748436 -0.08599574863910675 -0.025531014427542686 -0.08609846979379654 -0.016596706584095955 -0.14084483683109283 0.044909264892339706 0.004007479641586542 -0.00295355380512774 -0.059767916798591614 0.022549649700522423 0.07709050923585892 -0.05792706832289696 4.529187208390795e-05 -0.04969988018274307 0.09385228157043457 -0.07222992181777954 -0.015710942447185516 -0.01309806015342474 -0.06074943020939827 0.04322820529341698 -0.023528525605797768 0.11593097448348999 -0.04894700646400452 0.01571662351489067 0.006589959375560284 -0.001317279296927154 -0.027786608785390854 -0.03281235322356224 -0.04887077584862709 0.07228822261095047 0.02902759611606598 0.0006871329387649894 -0.006354003679007292 0.033131372183561325 -0.006086249370127916 -0.09782463312149048 -0.012997962534427643 -0.07730603963136673 0.007620634511113167 0.34034839200894906 0.898506755838177 0.8257486951817739 0.9302166505153547 0.949504167668381 0.9762194672774307 0.966340832986075 0.9968255582638487 0.9988020963627771 1.0876375 1.9489408 1.3557831 2.0918214 2.0511625 2.0186577 1.3591533 1.8800282 1.1318736 1.7194777 3.0710678 1.97204 2.8831825 2.755579 2.9881053 1.6766777 2.3081768 1.3359511
0 400 0.013960370793938637 0.3119470477104187 0.02435072883963585 -0.009764665737748146 -0.002355956705287099 -0.03873325139284134 -0.18827036023139954 -0.15576960146427155 -0.17259107530117035 0.04769447073340416 -0.016865713521838188 -0.034874431788921356 0.021075615659356117 -0.06961599737405777 -0.07449884712696075 0.0011962990975007415 0.08721575140953064 -0.07355239987373352 -0.09969311207532883 -0.075055792927742 0.03420175611972809 0.037212926894426346 0.02067979983985424 -0.012516938149929047 0.06265021115541458 -0.11983442306518555 -0.0005349115817807615 -0.036589931696653366 -0.12140854448080063 0.05356086418032646 -0.013906019739806652 0.02368021197617054 -0.18420442938804626 0.041157420724630356 0.0010952576994895935 0.006974874529987574 -0.019887100905179977 -0.02190367877483368 -0.07521146535873413 0.007976465858519077 -0.05790146812796593 -0.0015910096699371934 -0.14529402554035187 -0.017306292429566383 -0.09545207023620605 -0.16088223457336426 -0.08044236153364182 -0.10191080719232559 0.025763122364878654 -0.06466192752122879 -0.19763587415218353 0.16707299649715424 -0.022218745201826096 -0.10001666843891144 0.07116492837667465 -0.08283897489309311 -0.09828085452318192 -0.029178304597735405 -0.09839825332164764 -0.01896766386926174 -0.16096553206443787 0.05132487416267395 0.004579977132380009 -0.0033754899632185698 -0.06830619275569916 0.02577102743089199 0.08810344338417053 -0.06620236486196518 5.17621410836e-05 -0.05679986625909805 0.10725975036621094 -0.08254849165678024 -0.017955362796783447 -0.014969212003052235 -0.06942792236804962 0.04940366372466087 -0.026889745146036148 0.1324925422668457 -0.055939435958862305 0.017961855977773666 0.007531382143497467 -0.001505462103523314 -0.03175612539052963 -0.03749983385205269 -0.05585232004523277 0.08261511474847794 0.03317439556121826 0.000785294861998409 -0.007261719089001417 0.037864428013563156 -0.006955713964998722 -0.11179959028959274 -0.014854813925921917 -0.08834975957870483 0.008709296584129333 0.5823217285260563 0.913187598544642 0.8366587872795241 0.9750642617873335 0.9822478007219662 0.9458742854430245 0.9808089517702016 0.9990129903284432 0.9963690384040966 0.3942891 1.005018 1.12935 1.4842811 1.4357964 1.0984416 1.0556966 1.2759075 0.36365172 0.5463196 1.5910285 1.5248266 1.8993026 1.793333 1.5018157 1.425804 1.5680088 0.3460752
1 400 0.013960370793938637 0.3119470477104187 0.02435072883963585 -0.009764665737748146 -0.002355956705287099 -0.03873325139284134 -0.18827036023139954 -0.15576960146427155 -0.17259107530117035 0.04769447073340416 -0.016865713521838188 -0.034874431788921356 0.021075615659356117 -0.06961599737405777 -0.07449884712696075 0.0011962990975007415 0.08721575140953064 -0.07355239987373352 -0.09969311207532883 -0.075055792927742 0.03420175611972809 0.037212926894426346 0.02067979983985424 -0.012516938149929047 0.06265021115541458 -0.11983442306518555 -0.0005349115817807615 -0.036589931696653366 -0.12140854448080063 0.05356086418032646 -0.013906019739806652 0.02368021197617054 -0.18420442938804626 0.041157420724630356 0.0010952576994895935 0.006974874529987574 -0.019887100905179977 -0.02190367877483368 -0.07521146535873413 0.007976465858519077 -0.05790146812796593 -0.0015910096699371934 -0.14529402554035187 -0.017306292429566383 -0.09545207023620605 -0.16088223457336426 -0.08044236153364182 -0.10191080719232559 0.025763122364878654 -0.06466192752122879 -0.19763587415218353 0.16707299649715424 -0.022218745201826096 -0.10001666843891144 0.07116492837667465 -0.08283897489309311 -0.09828085452318192 -0.029178304597735405 -0.09839825332164764 -0.01896766386926174 -0.16096553206443787 0.05132487416267395 0.004579977132380009 -0.0033754899632185698 -0.06830619275569916 0.02577102743089199 0.08810344338417053 -0.06620236486196518 5.17621410836e-05 -0.05679986625909805 0.10725975036621094 -0.08254849165678024 -0.017955362796783447 -0.014969212003052235 -0.06942792236804962 0.04940366372466087 -0.026889745146036148 0.1324925422668457 -0.055939435958862305 0.017961855977773666 0.007531382143497467 -0.001505462103523314 -0.03175612539052963 -0.03749983385205269 -0.05585232004523277 0.08261511474847794 0.03317439556121826 0.000785294861998409 -0.007261719089001417 0.037864428013563156 -0.006955713964998722 -0.11179959028959274 -0.014854813925921917 -0.08834975957870483 0.008709296584129333 0.1498167217776505 0.6246547074462857 0.4505227306830897 0.9150898802968268 0.9694549737260578 0.9328372629021077 0.9729954909228747 0.997939046860852 0.9995937366439253 0.39964715 0.7377012 -0.27115613 0.6162833 0.72354686 0.2096102 0.4697089 0.5881574 0.109120876 0.560801 1.3274447 -0.057273597 0.95598376 1.0091008 0.5110028 0.75775075 0.9342315 0.242955
2 400 0.013960370793938637 0.3119470477104187 0.02435072883963585 -0.009764665737748146 -0.002355956705287099 -0.03873325139284134 -0.18827036023139954 -0.15576960146427155 -0.17259107530117035 0.04769447073340416 -0.016865713521838188 -0.034874431788921356 0.021075615659356117 -0.06961599737405777 -0.07449884712696075 0.0011962990975007415 0.08721575140953064 -0.07355239987373352 -0.09969311207532883 -0.075055792927742 0.03420175611972809 0.037212926894426346 0.02067979983985424 -0.012516938149929047 0.06265021115541458 -0.11983442306518555 -0.0005349115817807615 -0.036589931696653366 -0.12140854448080063 0.05356086418032646 -0.013906019739806652 0.02368021197617054 -0.18420442938804626 0.041157420724630356 0.0010952576994895935 0.006974874529987574 -0.019887100905179977 -0.02190367877483368 -0.07521146535873413 0.007976465858519077 -0.05790146812796593 -0.0015910096699371934 -0.14529402554035187 -0.017306292429566383 -0.09545207023620605 -0.16088223457336426 -0.08044236153364182 -0.10191080719232559 0.025763122364878654 -0.06466192752122879 -0.19763587415218353 0.16707299649715424 -0.022218745201826096 -0.10001666843891144 0.07116492837667465 -0.08283897489309311 -0.09828085452318192 -0.029178304597735405 -0.09839825332164764 -0.01896766386926174 -0.16096553206443787 0.05132487416267395 0.004579977132380009 -0.0033754899632185698 -0.06830619275569916 0.02577102743089199 0.08810344338417053 -0.06620236486196518 5.17621410836e-05 -0.05679986625909805 0.10725975036621094 -0.08254849165678024 -0.017955362796783447 -0.014969212003052235 -0.06942792236804962 0.04940366372466087 -0.026889745146036148 0.1324925422668457 -0.055939435958862305 0.017961855977773666 0.007531382143497467 -0.001505462103523314 -0.03175612539052963 -0.03749983385205269 -0.05585232004523277 0.08261511474847794 0.03317439556121826 0.000785294861998409 -0.007261719089001417 0.037864428013563156 -0.006955713964998722 -0.11179959028959274 -0.014854813925921917 -0.08834975957870483 0.008709296584129333 0.3996718430773759 0.9448504936566615 0.8799142439496349 0.9600978077392053 0.9719276253088379 0.9819513507408617 0.9838941328852485 0.9984653830540973 0.9994238521951156 1.2285192 2.2688427 1.5701923 2.2993279 2.2737575 2.1279845 1.6313379 2.0701647 1.415866 1.7161957 3.513882 2.1723475 3.087023 2.9782767 2.9817476 1.9692386 2.4545329 1.6594517
0 400 0.015705415979027748 0.35094040632247925 0.027394568547606468 -0.010985247790813446 -0.002650451147928834 -0.04357490316033363 -0.21180413663387299 -0.17524079978466034 -0.1941649615764618 0.05365627631545067 -0.018973927944898605 -0.0392337329685688 0.023710066452622414 -0.07831799238920212 -0.0838112011551857 0.0013458364410325885 0.09811771661043167 -0.08274644613265991 -0.1121547520160675 -0.08443775773048401 0.03847697377204895 0.0418645404279232 0.023264775052666664 -0.014081555418670177 0.07048148661851883 -0.13481372594833374 -0.0006017754785716534 -0.041163668036460876 -0.13658460974693298 0.06025597080588341 -0.015644272789359093 0.026640238240361214 -0.20722997188568115 0.04630209878087044 0.0012321649119257927 0.007846733555197716 -0.022372987121343613 -0.02464163862168789 -0.0846128985285759 0.00897352397441864 -0.06513914465904236 -0.0017898858059197664 -0.1634557694196701 -0.019469577819108963 -0.10738357901573181 -0.1809925138950348 -0.09049765765666962 -0.11464965343475342 0.02898351103067398 -0.07274466753005981 -0.22234034538269043 0.18795710802078247 -0.024996086955070496 -0.11251874268054962 0.08006053417921066 -0.09319383651018143 -0.11056596040725708 -0.032825589179992676 -0.11069802939891815 -0.02133862115442753 -0.1810862123966217 0.057740483433008194 0.005152474157512188 -0.0037974261213093996 -0.0768444612622261 0.02899240516126156 0.09911637008190155 -0.0744776576757431 5.8232406445313245e-05 -0.06389984488487244 0.1206672191619873 -0.09286704659461975 -0.020199783146381378 -0.016840362921357155 -0.07810641080141068 0.05557912215590477 -0.03025096096098423 0.14905411005020142 -0.06293186545372009 0.020207086578011513 0.00847280491143465 -0.001693644793704152 -0.03572563827037811 -0.04218731075525284 -0.06283385306596756 0.0929419994354248 0.037321195006370544 0.0008834566688165069 -0.00816943310201168 0.04259747639298439 -0.00782517809420824 -0.1257745325565338 -0.01671166531741619 -0.09939347952604294 0.0097979586571455 0.6834363111713859 0.9372868307637271 0.9044466346562701 0.9868009000593385 0.9919152723883035 0.9729305596734076 0.9917887541979677 0.9995348820422985 0.9982880832787957 0.6409036 1.1105996 1.2430964 1.6533508 1.6316957 1.3100415 1.3768762 1.4916633 0.5735415 0.7611195 1.6048087 1.6129946 2.0610983 1.995479 1.7262934 1.78103 1.7925723 0.5733751
1 400 0.015705415979027748 0.35094040632247925 0.027394568547606468 -0.010985247790813446 -0.002650451147928834 -0.04357490316033363 -0.21180413663387299 -0.17524079978466034 -0.1941649615764618 0.05365627631545067 -0.018973927944898605 -0.0392337329685688 0.023710066452622414 -0.07831799238920212 -0.0838112011551857 0.0013458364410325885 0.09811771661043167 -0.08274644613265991 -0.1121547520160675 -0.08443775773048401 0.03847697377204895 0.0418645404279232 0.023264775052666664 -0.014081555418670177 0.07048148661851883 -0.13481372594833374 -0.0006017754785716534 -0.041163668036460876 -0.13658460974693298 0.06025597080588341 -0.015644272789359093 0.026640238240361214 -0.20722997188568115 0.04630209878087044 0.0012321649119257927 0.007846733555197716 -0.022372987121343613 -0.02464163862168789 -0.0846128985285759 0.00897352397441864 -0.06513914465904236 -0.0017898858059197664 -0.1634557694196701 -0.019469577819108963 -0.10738357901573181 -0.1809925138950348 -0.09049765765666962 -0.11464965343475342 0.02898351103067398 -0.07274466753005981 -0.22234034538269043 0.18795710802078247 -0.024996086955070496 -0.11251874268054962 0.08006053417921066 -0.09319383651018143 -0.11056596040725708 -0.032825589179992676 -0.11069802939891815 -0.02133862115442753 -0.1810862123966217 0.057740483433008194 0.005152474157512188 -0.0037974261213093996 -0.0768444612622261 0.02899240516126156 0.09911637008190155 -0.0744776576757431 5.8232406445313245e-05 -0.06389984488487244 0.1206672191619873 -0.09286704659461975 -0.020199783146381378 -0.016840362921357155 -0.07810641080141068 0.05557912215590477 -0.03025096096098423 0.14905411005020142 -0.06293186545372009 0.020207086578011513 0.00847280491143465 -0.001693644793704152 -0.03572563827037811 -0.04218731075525284 -0.06283385306596756 0.0929419994354248 0.037321195006370544 0.0008834566688165069 -0.00816943310201168 0.04259747639298439 -0.00782517809420824 -0.1257745325565338 -0.01671166531741619 -0.09939347952604294 0.0097979586571455 0.22289347585365496 0.74371081073054 0.5753672132704851 0.958264486953362 0.9835769222991454 0.9668246046749923 0.9853958080837596 0.9987151499195824 0.9997690925061747 0.5302243 0.8978013 -0.21025571 0.79566896 0.91787827 0.34371784 0.6698816 0.679615 0.26030603 0.6657536 1.499163 -0.020545512 1.1408873 1.2029817 0.65603995 0.9616107 0.93172896 0.3718454
2 400 0.015705415979027748 0.35094040632247925 0.027394568547606468 -0.010985247790813446 -0.002650451147928834 -0.04357490316033363 -0.21180413663387299 -0.17524079978466034 -0.1941649615764618 0.05365627631545067 -0.018973927944898605 -0.0392337329685688 0.023710066452622414 -0.07831799238920212 -0.0838112011551857 0.0013458364410325885 0.09811771661043167 -0.08274644613265991 -0.1121547520160675 -0.08443775773048401 0.03847697377204895 0.0418645404279232 0.023264775052666664 -0.014081555418670177 0.07048148661851883 -0.13481372594833374 -0.0006017754785716534 -0.041163668036460876 -0.13658460974693298 0.06025597080588341 -0.015644272789359093 0.026640238240361214 -0.20722997188568115 0.04630209878087044 0.0012321649119257927 0.007846733555197716 -0.022372987121343613 -0.02464163862168789 -0.0846128985285759 0.00897352397441864 -0.06513914465904236 -0.0017898858059197664 -0.1634557694196701 -0.019469577819108963 -0.10738357901573181 -0.1809925138950348 -0.09049765765666962 -0.11464965343475342 0.02898351103067398 -0.07274466753005981 -0.22234034538269043 0.18795710802078247 -0.024996086955070496 -0.11251874268054962 0.08006053417921066 -0.09319383651018143 -0.11056596040725708 -0.032825589179992676 -0.11069802939891815 -0.02133862115442753 -0.1810862123966217 0.057740483433008194 0.005152474157512188 -0.0037974261213093996 -0.0768444612622261 0.02899240516126156 0.09911637008190155 -0.0744776576757431 5.8232406445313245e-05 -0.06389984488487244 0.1206672191619873 -0.09286704659461975 -0.020199783146381378 -0.016840362921357155 -0.07810641080141068 0.05557912215590477 -0.03025096096098423 0.14905411005020142 -0.06293186545372009 0.020207086578011513 0.00847280491143465 -0.001693644793704152 -0.03572563827037811 -0.04218731075525284 -0.06283385306596756 0.0929419994354248 0.037321195006370544 0.0008834566688165069 -0.00816943310201168 0.04259747639298439 -0.00782517809420824 -0.1257745325565338 -0.01671166531741619 -0.09939347952604294 0.0097979586571455 0.525883794374028 0.971542967239481 0.9292103756132412 0.9794952888120887 0.984797871112274 0.9862930583567091 0.9923845608060526 0.9993773183286768 0.9997004130503365 1.4727502 2.4290168 1.7968154 2.4429238 2.4926455 2.233213 1.9036832 2.2601452 1.6675162 1.916205 3.6831903 2.4124074 3.1737218 3.1934605 2.9720902 2.2618752 2.605437 1.9380983
0 400 0.01745046302676201 0.3899337947368622 0.030438410118222237 -0.012205831706523895 -0.0029449458234012127 -0.048416562378406525 -0.23533794283866882 -0.19471199810504913 -0.21573884785175323 0.059618085622787476 -0.021082142367959023 -0.043593037873506546 0.02634451910853386 -0.08701999485492706 -0.09312355518341064 0.0014953739009797573 0.1090196892619133 -0.0919404998421669 -0.12461639195680618 -0.09381973743438721 0.04275219514966011 0.04651615768671036 0.025849750265479088 -0.01564617268741131 0.07831276208162308 -0.14979302883148193 -0.0006686394335702062 -0.045737411826848984 -0.15176068246364594 0.06695108115673065 -0.01738252490758896 0.029600264504551888 -0.23025552928447723 0.05144677683711052 0.0013690721243619919 0.008718593046069145 -0.024858875200152397 -0.0273795984685421 -0.09401433169841766 0.009970582090318203 -0.07237683236598969 -0.0019887620583176613 -0.18161752820014954 -0.021632865071296692 -0.11931508779525757 -0.20110279321670532 -0.10055295377969742 -0.12738850712776184 0.032203901559114456 -0.08082740753889084 -0.24704483151435852 0.2088412344455719 -0.027773430570960045 -0.125020831823349 0.08895615488290787 -0.10354871302843094 -0.12285106629133224 -0.036472879350185394 -0.12299781292676926 -0.023709580302238464 -0.20120690762996674 0.06415609270334244 0.005724971182644367 -0.004219362512230873 -0.08538273721933365 0.032213784754276276 0.11012930423021317 -0.08275295794010162 6.47026754450053e-05 -0.07099983096122742 0.13407468795776367 -0.10318560898303986 -0.02244420349597931 -0.01871151477098465 -0.08678489923477173 0.061754580587148666 -0.03361218050122261 0.16561567783355713 -0.06992429494857788 0.02245231904089451 0.009414227679371834 -0.001881827600300312 -0.03969515487551689 -0.046874791383743286 -0.06981539726257324 0.10326889157295227 0.04146799445152283 0.0009816185338422656 -0.009077148512005806 0.04733053222298622 -0.008694642223417759 -0.13974948227405548 -0.01856851764023304 -0.11043719947338104 0.010886620730161667 0.7726983670952546 0.9525023018130778 0.9458050554333275 0.9929917029670206 0.9964095991647834 0.9860346402837522 0.9963718560441986 0.9997723423061806 0.9991938426989498 0.8808396 1.1949937 1.4029322 1.8187306 1.8352315 1.515397 1.6759396 1.6912467 0.78311217 0.97175527 1.5645336 1.7533078 2.2188344 2.207681 1.9413053 2.1094213 1.9971024 0.8003528
1 400 0.01745046302676201 0.3899337947368622 0.030438410118222237 -0.012205831706523895 -0.0029449458234012127 -0.048416562378406525 -0.23533794283866882 -0.19471199810504913 -0.21573884785175323 0.059618085622787476 -0.021082142367959023 -0.043593037873506546 0.02634451910853386 -0.08701999485492706 -0.09312355518341064 0.0014953739009797573 0.1090196892619133 -0.0919404998421669 -0.12461639195680618 -0.09381973743438721 0.04275219514966011 0.04651615768671036 0.025849750265479088 -0.01564617268741131 0.07831276208162308 -0.14979302883148193 -0.0006686394335702062 -0.045737411826848984 -0.15176068246364594 0.06695108115673065 -0.01738252490758896 0.029600264504551888 -0.23025552928447723 0.05144677683711052 0.0013690721243619919 0.008718593046069145 -0.024858875200152397 -0.0273795984685421 -0.09401433169841766 0.009970582090318203 -0.07237683236598969 -0.0019887620583176613 -0.18161752820014954 -0.021632865071296692 -0.11931508779525757 -0.20110279321670532 -0.10055295377969742 -0.12738850712776184 0.032203901559114456 -0.08082740753889084 -0.24704483151435852 0.2088412344455719 -0.027773430570960045 -0.125020831823349 0.08895615488290787 -0.10354871302843094 -0.12285106629133224 -0.036472879350185394 -0.12299781292676926 -0.023709580302238464 -0.20120690762996674 0.06415609270334244 0.005724971182644367 -0.004219362512230873 -0.08538273721933365 0.032213784754276276 0.11012930423021317 -0.08275295794010162 6.47026754450053e-05 -0.07099983096122742 0.13407468795776367 -0.10318560898303986 -0.02244420349597931 -0.01871151477098465 -0.08678489923477173 0.061754580587148666 -0.03361218050122261 0.16561567783355713 -0.06992429494857788 0.02245231904089451 0.009414227679371834 -0.001881827600300312 -0.03969515487551689 -0.046874791383743286 -0.06981539726257324 0.10326889157295227 0.04146799445152283 0.0009816185338422656 -0.009077148512005806 0.04733053222298622 -0.008694642223417759 -0.13974948227405548 -0.01856851764023304 -0.11043719947338104 0.010886620730161667 0.34334812854041863 0.835145176473979 0.7102471206511312 0.9798266041106897 0.9911527577332625 0.98374632013087 0.991647104664309 0.9992185572127468 0.9998782537251069 0.65079284 1.0588387 -0.07686192 0.97490835 1.1119658 0.47801712 0.8649148 0.7823012 0.44193813 0.76723444 1.6728739 0.10327098 1.3257986 1.3965381 0.80115163 1.1567022 0.9520043 0.56133986
2 400 0.01745046302676201 0.3899337947368622 0.030438410118222237 -0.012205831706523895 -0.0029449458234012127 -0.048416562378406525 -0.23533794283866882 -0.19471199810504913 -0.21573884785175323 0.059618085622787476 -0.021082142367959023 -0.043593037873506546 0.02634451910853386 -0.08701999485492706 -0.09312355518341064 0.0014953739009797573 0.1090196892619133 -0.0919404998421669 -0.12461639195680618 -0.09381973743438721 0.04275219514966011 0.04651615768671036 0.025849750265479088 -0.01564617268741131 0.07831276208162308 -0.14979302883148193 -0.0006686394335702062 -0.045737411826848984 -0.15176068246364594 0.06695108115673065 -0.01738252490758896 0.029600264504551888 -0.23025552928447723 0.05144677683711052 0.0013690721243619919 0.008718593046069145 -0.024858875200152397 -0.0273795984685421 -0.09401433169841766 0.009970582090318203 -0.07237683236598969 -0.0019887620583176613 -0.18161752820014954 -0.021632865071296692 -0.11931508779525757 -0.20110279321670532 -0.10055295377969742 -0.12738850712776184 0.032203901559114456 -0.08082740753889084 -0.24704483151435852 0.2088412344455719 -0.027773430570960045 -0.125020831823349 0.08895615488290787 -0.10354871302843094 -0.12285106629133224 -0.036472879350185394 -0.12299781292676926 -0.023709580302238464 -0.20120690762996674 0.06415609270334244 0.005724971182644367 -0.004219362512230873 -0.08538273721933365 0.032213784754276276 0.11012930423021317 -0.08275295794010162 6.47026754450053e-05 -0.07099983096122742 0.13407468795776367 -0.10318560898303986 -0.02244420349597931 -0.01871151477098465 -0.08678489923477173 0.061754580587148666 -0.03361218050122261 0.16561567783355713 -0.06992429494857788 0.02245231904089451 0.009414227679371834 -0.001881827600300312 -0.03969515487551689 -0.046874791383743286 -0.06981539726257324 0.10326889157295227 0.04146799445152283 0.0009816185338422656 -0.009077148512005806 0.04733053222298622 -0.008694642223417759 -0.13974948227405548 -0.01856851764023304 -0.11043719947338104 0.010886620730161667 0.64471291872464 0.9831020775198559 0.9642780379775214 0.9890721183721239 0.9925419015557879 0.9900779629147046 0.9962923367590703 0.9997315752653818 0.9998326087491366 1.6996751 2.5271926 1.923682 2.5679467 2.6356938 2.3186152 2.1592708 2.4232929 1.9076874 2.098221 3.6939971 2.4806676 3.2369368 3.2667103 2.9562318 2.5340946 2.7231083 2.1998227
0 400 0.04471056908369064 0.28959372639656067 0.026771731674671173 0.029325660318136215 0.1106949895620346 0.19399921596050262 0.1873396933078766 0.0413421168923378 0.0156373530626297 -0.10887861996889114 0.04142632335424423 0.04913030192255974 0.04204043000936508 -0.040061526000499725 0.10529924184083939 0.01701444573700428 -0.12467668205499649 0.05798259377479553 -0.10107450187206268 0.04970242828130722 -0.030170338228344917 -0.05988123640418053 -0.012907145544886589 0.16018156707286835 0.03359464928507805 0.05359494686126709 0.07721523195505142 -0.13979604840278625 -0.00896452832967043 0.019312946125864983 -0.06267574429512024 0.02763967402279377 0.056423064321279526 0.05021641030907631 -0.03520636633038521 0.005150689743459225 0.07412125170230865 -0.025806663557887077 0.12276963889598846 -0.051922187209129333 -0.05786864459514618 -0.05428539216518402 0.021710200235247612 0.06370667368173599 0.03897405415773392 -0.07746876776218414 0.10310768336057663 0.16153346002101898 0.22960776090621948 0.23648910224437714 -0.018034540116786957 -0.12938626110553741 0.07209143042564392 -0.002089359797537327 -0.08437832444906235 -0.04224992170929909 0.14635881781578064 -0.127142995595932 0.04913172870874405 -0.12437161058187485 -0.09129412472248077 0.03310302272439003 -0.07542062550783157 0.024005413055419922 0.057111166417598724 -0.11072676628828049 -0.09713985025882721 -0.37059831619262695 -0.012534662149846554 -0.16303376853466034 -0.0326673686504364 -0.00507876044139266 -0.060915131121873856 0.04707757383584976 -0.05265381559729576 0.09444808214902878 0.02483031339943409 0.2600952684879303 -0.0036378244403749704 0.1005244180560112 0.17293314635753632 -0.033250920474529266 0.05287223309278488 -0.09014350920915604 0.025124818086624146 -0.00473456084728241 -0.10579007118940353 0.10773000866174698 0.04858878254890442 -0.15935659408569336 0.03328246623277664 0.007846435531973839 0.09211713075637817 0.034470200538635254 0.10607188194990158 0.29395135548779106 0.5670282696978445 0.7529080457647493 0.9226242274884779 0.8964732770798741 0.9315500019003331 0.9546000477791742 0.9999104079345513 0.9999795120343486 -2.0337987 -1.917923 -2.0189247 -1.855818 -1.6366231 -1.9538295 -1.5679011 -2.5105646 -2.133104 -2.4288688 -2.2882967 -1.7827755 -1.601987 -1.6913236 -1.8490156 -1.8222075 -3.1047268 -2.737873
1 400 0.04471056908369064 0.28959372639656067 0.026771731674671173 0.029325660318136215 0.1106949895620346 0.19399921596050262 0.1873396933078766 0.0413421168923378 0.0156373530626297 -0.10887861996889114 0.04142632335424423 0.04913030192255974 0.04204043000936508 -0.040061526000499725 0.10529924184083939 0.01701444573700428 -0.12467668205499649 0.05798259377479553 -0.10107450187206268 0.04970242828130722 -0.030170338228344917 -0.05988123640418053 -0.012907145544886589 0.16018156707286835 0.03359464928507805 0.05359494686126709 0.07721523195505142 -0.13979604840278625 -0.00896452832967043 0.019312946125864983 -0.06267574429512024 0.02763967402279377 0.056423064321279526 0.05021641030907631 -0.03520636633038521 0.005150689743459225 0.07412125170230865 -0.025806663557887077 0.12276963889598846 -0.051922187209129333 -0.05786864459514618 -0.05428539216518402 0.021710200235247612 0.06370667368173599 0.03897405415773392 -0.07746876776218414 0.10310768336057663 0.16153346002101898 0.22960776090621948 0.23648910224437714 -0.018034540116786957 -0.12938626110553741 0.07209143042564392 -0.002089359797537327 -0.08437832444906235 -0.04224992170929909 0.14635881781578064 -0.127142995595932 0.04913172870874405 -0.12437161058187485 -0.09129412472248077 0.03310302272439003 -0.07542062550783157 0.024005413055419922 0.057111166417598724 -0.11072676628828049 -0.09713985025882721 -0.37059831619262695 -0.012534662149846554 -0.16303376853466034 -0.0326673686504364 -0.00507876044139266 -0.060915131121873856 0.04707757383584976 -0.05265381559729576 0.09444808214902878 0.02483031339943409 0.2600952684879303 -0.0036378244403749704 0.1005244180560112 0.17293314635753632 -0.033250920474529266 0.05287223309278488 -0.09014350920915604 0.025124818086624146 -0.00473456084728241 -0.10579007118940353 0.10773000866174698 0.04858878254890442 -0.15935659408569336 0.03328246623277664 0.007846435531973839 0.09211713075637817 0.034470200538635254 0.10607188194990158 0.16020228178127136 0.7563445204340677 0.6797886568044218 0.827604407621173 0.6525331550017187 0.44612462376253 0.8836968381052629 0.996391796793043 0.9995220368493355 -2.2476218 -1.9992223 -2.401476 -2.1715872 -2.1542346 -2.296778 -2.2769194 -2.717979 -2.2051105 -2.5566533 -2.280746 -2.5314054 -2.1003199 -2.2191424 -2.634514 -2.4858592 -3.0758042 -2.7613952
2 400 0.04471056908369064 0.28959372639656067 0.026771731674671173 0.029325660318136215 0.1106949895620346 0.19399921596050262 0.1873396933078766 0.0413421168923378 0.0156373530626297 -0.10887861996889114 0.04142632335424423 0.04913030192255974 0.04204043000936508 -0.040061526000499725 0.10529924184083939 0.01701444573700428 -0.12467668205499649 0.05798259377479553 -0.10107450187206268 0.04970242828130722 -0.030170338228344917 -0.05988123640418053 -0.012907145544886589 0.16018156707286835 0.03359464928507805 0.05359494686126709 0.07721523195505142 -0.13979604840278625 -0.00896452832967043 0.019312946125864983 -0.06267574429512024 0.02763967402279377 0.056423064321279526 0.05021641030907631 -0.03520636633038521 0.005150689743459225 0.07412125170230865 -0.025806663557887077 0.12276963889598846 -0.051922187209129333 -0.05786864459514618 -0.05428539216518402 0.021710200235247612 0.06370667368173599 0.03897405415773392 -0.07746876776218414 0.10310768336057663 0.16153346002101898 0.22960776090621948 0.23648910224437714 -0.018034540116786957 -0.12938626110553741 0.07209143042564392 -0.002089359797537327 -0.08437832444906235 -0.04224992170929909 0.14635881781578064 -0.127142995595932 0.04913172870874405 -0.12437161058187485 -0.09129412472248077 0.03310302272439003 -0.07542062550783157 0.024005413055419922 0.057111166417598724 -0.11072676628828049 -0.09713985025882721 -0.37059831619262695 -0.012534662149846554 -0.16303376853466034 -0.0326673686504364 -0.00507876044139266 -0.060915131121873856 0.04707757383584976 -0.05265381559729576 0.09444808214902878 0.02483031339943409 0.2600952684879303 -0.0036378244403749704 0.1005244180560112 0.17293314635753632 -0.033250920474529266 0.05287223309278488 -0.09014350920915604 0.025124818086624146 -0.00473456084728241 -0.10579007118940353 0.10773000866174698 0.04858878254890442 -0.15935659408569336 0.03328246623277664 0.007846435531973839 0.09211713075637817 0.034470200538635254 0.10607188194990158 0.06727488765875979 0.15726136399085267 0.15550969781472432 0.7061882882430108 0.3752182464157133 0.2759075806856063 0.620593457556219 0.9917074449867499 0.9976764396401899 -1.8965282 -1.8347325 -1.6919446 -1.6617516 -1.2518142 -1.5883334 -1.4960306 -2.1543374 -1.708644 -2.2942553 -2.0085127 -1.7526585 -1.237232 -1.2833048 -1.7577349 -1.6082138 -2.3623486 -2.0069637
0 400 0.04023951292037964 0.26063433289527893 0.024094557389616966 0.026393093168735504 0.09962549060583115 0.174599289894104 0.1686057150363922 0.03720790520310402 0.01407361775636673 -0.09799075871706009 0.03728368878364563 0.044217269867658615 0.03783638775348663 -0.036055371165275574 0.09476931393146515 0.015313000418245792 -0.1122090145945549 0.0521843321621418 -0.09096705168485641 0.04473218321800232 -0.02715330384671688 -0.053893111646175385 -0.01161643024533987 0.14416339993476868 0.030235184356570244 0.0482354499399662 0.06949370354413986 -0.1258164346218109 -0.008068075403571129 0.01738165132701397 -0.05640816688537598 0.024875706061720848 0.0507807582616806 0.04519476741552353 -0.0316857285797596 0.00463562086224556 0.06670912355184555 -0.023225996643304825 0.11049266904592514 -0.04672996699810028 -0.05208177864551544 -0.04885685071349144 0.019539179280400276 0.05733600631356239 0.035076647996902466 -0.06972189247608185 0.09279691427946091 0.14538010954856873 0.20664697885513306 0.21284018456935883 -0.01623108610510826 -0.11644763499498367 0.06488228589296341 -0.001880423747934401 -0.07594048976898193 -0.03802492842078209 0.13172292709350586 -0.11442869156599045 0.044218555092811584 -0.11193444579839706 -0.0821647122502327 0.029792720451951027 -0.06787855923175812 0.0216048713773489 0.05140004679560661 -0.09965408593416214 -0.08742586523294449 -0.3335384726524353 -0.011281196027994156 -0.14673039317131042 -0.02940063178539276 -0.0045708841644227505 -0.0548236183822155 0.042369816452264786 -0.047388434410095215 0.08500327169895172 0.022347280755639076 0.23408573865890503 -0.0032740419264882803 0.09047197550535202 0.15563982725143433 -0.02992582693696022 0.047585006803274155 -0.08112915605306625 0.02261233516037464 -0.004261104855686426 -0.09521105885505676 0.0969570055603981 0.04372990131378174 -0.14342093467712402 0.029954219236969948 0.007061791606247425 0.08290541917085648 0.0310231801122427 0.09546469151973724 0.2893801724509069 0.5435920581565057 0.7113211792974156 0.9044308495250781 0.8953719427470462 0.9274622097494954 0.9482433792538195 0.999877765743846 0.9999732820587319 -1.8231007 -1.7628427 -1.8205721 -1.6752478 -1.4692132 -1.7749743 -1.3930931 -2.2561018 -1.9982798 -2.1527047 -2.151292 -1.5847452 -1.4253163 -1.5351555 -1.6761252 -1.675975 -2.8316493 -2.5168421
1 400 0.04023951292037964 0.26063433289527893 0.024094557389616966 0.026393093168735504 0.09962549060583115 0.174599289894104 0.1686057150363922 0.03720790520310402 0.01407361775636673 -0.09799075871706009 0.03728368878364563 0.044217269867658615 0.03783638775348663 -0.036055371165275574 0.09476931393146515 0.015313000418245792 -0.1122090145945549 0.0521843321621418 -0.09096705168485641 0.04473218321800232 -0.02715330384671688 -0.053893111646175385 -0.01161643024533987 0.14416339993476868 0.030235184356570244 0.0482354499399662 0.06949370354413986 -0.1258164346218109 -0.008068075403571129 0.01738165132701397 -0.05640816688537598 0.024875706061720848 0.0507807582616806 0.04519476741552353 -0.0316857285797596 0.00463562086224556 0.06670912355184555 -0.023225996643304825 0.11049266904592514 -0.04672996699810028 -0.05208177864551544 -0.04885685071349144 0.019539179280400276 0.05733600631356239 0.035076647996902466 -0.06972189247608185 0.09279691427946091 0.14538010954856873 0.20664697885513306 0.21284018456935883 -0.01623108610510826 -0.11644763499498367 0.06488228589296341 -0.001880423747934401 -0.07594048976898193 -0.03802492842078209 0.13172292709350586 -0.11442869156599045 0.044218555092811584 -0.11193444579839706 -0.0821647122502327 0.029792720451951027 -0.06787855923175812 0.0216048713773489 0.05140004679560661 -0.09965408593416214 -0.08742586523294449 -0.3335384726524353 -0.011281196027994156 -0.14673039317131042 -0.02940063178539276 -0.0045708841644227505 -0.0548236183822155 0.042369816452264786 -0.047388434410095215 0.08500327169895172 0.022347280755639076 0.23408573865890503 -0.0032740419264882803 0.09047197550535202 0.15563982725143433 -0.02992582693696022 0.047585006803274155 -0.08112915605306625 0.02261233516037464 -0.004261104855686426 -0.09521105885505676 0.0969570055603981 0.04372990131378174 -0.14342093467712402 0.029954219236969948 0.007061791606247425 0.08290541917085648 0.0310231801122427 0.09546469151973724 0.14323853819581428 0.7269301492033411 0.6407480412694936 0.7825651195341519 0.6670965076851991 0.45365050514172983 0.8689821321248644 0.9951942530792843 0.9994154623432779 -2.002024 -1.8117818 -2.27949 -2.0192394 -1.9857047 -2.1398833 -2.10216 -2.4338756 -1.9894433 -2.2355995 -2.1075656 -2.3829408 -1.9698404 -1.9951099 -2.428257 -2.3236206 -2.777868 -2.4908912
2 400 0.04023951292037964 0.26063433289527893 0.024094557389616966 0.026393093168735504 0.09962549060583115 0.174599289894104 0.1686057150363922 0.03720790520310402 0.01407361775636673 -0.09799075871706009 0.03728368878364563 0.044217269867658615 0.03783638775348663 -0.036055371165275574 0.09476931393146515 0.015313000418245792 -0.1122090145945549 0.0521843321621418 -0.09096705168485641 0.04473218321800232 -0.02715330384671688 -0.053893111646175385 -0.01161643024533987 0.14416339993476868 0.030235184356570244 0.0482354499399662 0.06949370354413986 -0.1258164346218109 -0.008068075403571129 0.01738165132701397 -0.05640816688537598 0.024875706061720848 0.0507807582616806 0.04519476741552353 -0.0316857285797596 0.00463562086224556 0.06670912355184555 -0.023225996643304825 0.11049266904592514 -0.04672996699810028 -0.05208177864551544 -0.04885685071349144 0.019539179280400276 0.05733600631356239 0.035076647996902466 -0.06972189247608185 0.09279691427946091 0.14538010954856873 0.20664697885513306 0.21284018456935883 -0.01623108610510826 -0.11644763499498367 0.06488228589296341 -0.001880423747934401 -0.07594048976898193 -0.03802492842078209 0.13172292709350586 -0.11442869156599045 0.044218555092811584 -0.11193444579839706 -0.0821647122502327 0.029792720451951027 -0.06787855923175812 0.0216048713773489 0.05140004679560661 -0.09965408593416214 -0.08742586523294449 -0.3335384726524353 -0.011281196027994156 -0.14673039317131042 -0.02940063178539276 -0.0045708841644227505 -0.0548236183822155 0.042369816452264786 -0.047388434410095215 0.08500327169895172 0.022347280755639076 0.23408573865890503 -0.0032740419264882803 0.09047197550535202 0.15563982725143433 -0.02992582693696022 0.047585006803274155 -0.08112915605306625 0.02261233516037464 -0.004261104855686426 -0.09521105885505676 0.0969570055603981 0.04372990131378174 -0.14342093467712402 0.029954219236969948 0.007061791606247425 0.08290541917085648 0.0310231801122427 0.09546469151973724 0.09995533078383893 0.189958284669675 0.14018011538453826 0.6458890463371013 0.41153322151574045 0.2871947604244176 0.6554400609793235 0.9878030813716572 0.9969536904462959 -1.6663455 -1.6499796 -1.5561899 -1.4890568 -1.0778816 -1.4298583 -1.365627 -1.8791801 -1.4971812 -1.948071 -1.8033663 -1.5794868 -1.0411358 -1.0663708 -1.5681275 -1.4540623 -2.064466 -1.7698772
0 400 0.035768456757068634 0.23167498409748077 0.02141738496720791 0.023460527881979942 0.08855599164962769 0.15519937872886658 0.14987175166606903 0.03307369351387024 0.01250988245010376 -0.08710289746522903 0.033141057938337326 0.03930424153804779 0.033632345497608185 -0.03204922005534172 0.08423939347267151 0.013611556962132454 -0.09974134713411331 0.046386074274778366 -0.08085960149765015 0.03976194187998772 -0.024136271327733994 -0.04790499061346054 -0.010325716808438301 0.1281452625989914 0.02687571942806244 0.04287595674395561 0.0617721863090992 -0.11183684319257736 -0.007171622943133116 0.01545035745948553 -0.05014059692621231 0.022111739963293076 0.04513845220208168 0.04017312824726105 -0.028165092691779137 0.004120551981031895 0.05929700285196304 -0.02064533159136772 0.09821571409702301 -0.041537750512361526 -0.046294916421175 -0.04342831298708916 0.01736816018819809 0.050965338945388794 0.031179243698716164 -0.061975013464689255 0.08248614519834518 0.12922677397727966 0.18368621170520782 0.1891912817955017 -0.014427632093429565 -0.10350900888442993 0.057673145085573196 -0.001671487814746797 -0.06750266253948212 -0.03379993885755539 0.11708705872297287 -0.10171439498662949 0.03930538520216942 -0.09949728846549988 -0.07303529977798462 0.026482418179512024 -0.06033650040626526 0.019204331561923027 0.0456889346241951 -0.08858141303062439 -0.07771188020706177 -0.29647865891456604 -0.010027729906141758 -0.1304270178079605 -0.02613389492034912 -0.004063008353114128 -0.048732105642557144 0.03766205906867981 -0.04212305322289467 0.07555846869945526 0.01986425183713436 0.20807622373104095 -0.002910259645432234 0.08041953295469284 0.13834652304649353 -0.026600737124681473 0.042297787964344025 -0.07211481034755707 0.020099854096770287 -0.003787648631259799 -0.08463206142187119 0.08618400990962982 0.038871027529239655 -0.1274852752685547 0.026625974103808403 0.006277148611843586 0.07369370758533478 0.027576161548495293 0.0848575085401535 0.29410897679792813 0.5241310718812595 0.6612632989483735 0.882357854719943 0.8964004597860179 0.9229216392501742 0.9384161624651148 0.9998312716448368 0.999965594111571 -1.6405666 -1.6089348 -1.6423426 -1.4950502 -1.3060204 -1.5967627 -1.2239974 -1.9957966 -1.8648814 -1.9089878 -2.0158818 -1.4250159 -1.2494059 -1.3883295 -1.5034158 -1.5412266 -2.5508618 -2.297691
1 400 0.035768456757068634 0.23167498409748077 0.02141738496720791 0.023460527881979942 0.08855599164962769 0.15519937872886658 0.14987175166606903 0.03307369351387024 0.01250988245010376 -0.08710289746522903 0.033141057938337326 0.03930424153804779 0.033632345497608185 -0.03204922005534172 0.08423939347267151 0.013611556962132454 -0.09974134713411331 0.046386074274778366 -0.08085960149765015 0.03976194187998772 -0.024136271327733994 -0.04790499061346054 -0.010325716808438301 0.1281452625989914 0.02687571942806244 0.04287595674395561 0.0617721863090992 -0.11183684319257736 -0.007171622943133116 0.01545035745948553 -0.05014059692621231 0.022111739963293076 0.04513845220208168 0.04017312824726105 -0.028165092691779137 0.004120551981031895 0.05929700285196304 -0.02064533159136772 0.09821571409702301 -0.041537750512361526 -0.046294916421175 -0.04342831298708916 0.01736816018819809 0.050965338945388794 0.031179243698716164 -0.061975013464689255 0.08248614519834518 0.12922677397727966 0.18368621170520782 0.1891912817955017 -0.014427632093429565 -0.10350900888442993 0.057673145085573196 -0.001671487814746797 -0.06750266253948212 -0.03379993885755539 0.11708705872297287 -0.10171439498662949 0.03930538520216942 -0.09949728846549988 -0.07303529977798462 0.026482418179512024 -0.06033650040626526 0.019204331561923027 0.0456889346241951 -0.08858141303062439 -0.07771188020706177 -0.29647865891456604 -0.010027729906141758 -0.1304270178079605 -0.02613389492034912 -0.004063008353114128 -0.048732105642557144 0.03766205906867981 -0.04212305322289467 0.07555846869945526 0.01986425183713436 0.20807622373104095 -0.002910259645432234 0.08041953295469284 0.13834652304649353 -0.026600737124681473 0.042297787964344025 -0.07211481034755707 0.020099854096770287 -0.003787648631259799 -0.08463206142187119 0.08618400990962982 0.038871027529239655 -0.1274852752685547 0.026625974103808403 0.006277148611843586 0.07369370758533478 0.027576161548495293 0.0848575085401535 0.15752792969820978 0.6965118953188938 0.5896646131943781 0.7293835240873993 0.6789452862209024 0.47431894393089064 0.8562170254856399 0.9935840345768951 0.9992903465210007 -1.7615296 -1.614652 -2.1631238 -1.8768083 -1.8140116 -1.9728483 -1.9188385 -2.1519444 -1.8448488 -1.9251755 -1.9237705 -2.2412443 -1.8485278 -1.7782048 -2.2036834 -2.1494026 -2.481163 -2.2556014
2 400 0.035768456757068634 0.23167498409748077 0.02141738496720791 0.023460527881979942 0.08855599164962769 0.15519937872886658 0.14987175166606903 0.03307369351387024 0.01250988245010376 -0.08710289746522903 0.033141057938337326 0.03930424153804779 0.033632345497608185 -0.03204922005534172 0.08423939347267151 0.013611556962132454 -0.09974134713411331 0.046386074274778366 -0.08085960149765015 0.03976194187998772 -0.024136271327733994 -0.04790499061346054 -0.010325716808438301 0.1281452625989914 0.02687571942806244 0.04287595674395561 0.0617721863090992 -0.11183684319257736 -0.007171622943133116 0.01545035745948553 -0.05014059692621231 0.022111739963293076 0.04513845220208168 0.04017312824726105 -0.028165092691779137 0.004120551981031895 0.05929700285196304 -0.02064533159136772 0.09821571409702301 -0.041537750512361526 -0.046294916421175 -0.04342831298708916 0.01736816018819809 0.050965338945388794 0.031179243698716164 -0.061975013464689255 0.08248614519834518 0.12922677397727966 0.18368621170520782 0.1891912817955017 -0.014427632093429565 -0.10350900888442993 0.057673145085573196 -0.001671487814746797 -0.06750266253948212 -0.03379993885755539 0.11708705872297287 -0.10171439498662949 0.03930538520216942 -0.09949728846549988 -0.07303529977798462 0.026482418179512024 -0.06033650040626526 0.019204331561923027 0.0456889346241951 -0.08858141303062439 -0.07771188020706177 -0.29647865891456604 -0.010027729906141758 -0.1304270178079605 -0.02613389492034912 -0.004063008353114128 -0.048732105642557144 0.03766205906867981 -0.04212305322289467 0.07555846869945526 0.01986425183713436 0.20807622373104095 -0.002910259645432234 0.08041953295469284 0.13834652304649353 -0.026600737124681473 0.042297787964344025 -0.07211481034755707 0.020099854096770287 -0.003787648631259799 -0.08463206142187119 0.08618400990962982 0.038871027529239655 -0.1274852752685547 0.026625974103808403 0.006277148611843586 0.07369370758533478 0.027576161548495293 0.0848575085401535 0.13336963370017182 0.22506508921461518 0.17185157263111747 0.5646982857957203 0.4539296184112803 0.3654809525377998 0.6773339571115092 0.980596231377475 0.9961538841171699 -1.4094572 -1.3807005 -1.4776299 -1.312623 -0.91785455 -1.28634 -1.2874496 -1.625104 -1.4005275 -1.5719206 -1.5731732 -1.443332 -0.8721055 -0.8692168 -1.3564731 -1.3631619 -1.7928836 -1.5894765
0 400 0.03129739686846733 0.20271560549736023 0.01874021254479885 0.02052796259522438 0.07748649269342422 0.13579945266246796 0.13113778829574585 0.02893948182463646 0.01094614714384079 -0.07621503621339798 0.028998425230383873 0.03439120948314667 0.029428301379084587 -0.028043067082762718 0.07370946556329727 0.011910111643373966 -0.08727367967367172 0.04058781638741493 -0.07075215131044388 0.034791700541973114 -0.021119236946105957 -0.0419168658554554 -0.009035001508891582 0.11212709546089172 0.023516254499554634 0.03751646354794502 0.054050661623477936 -0.09785722941160202 -0.006275169551372528 0.013519061729311943 -0.04387301951646805 0.019347772002220154 0.03949614614248276 0.03515148535370827 -0.024644456803798676 0.003605482866987586 0.05188487470149994 -0.01806466467678547 0.08593874424695969 -0.036345530301332474 -0.040508050471544266 -0.037999775260686874 0.015197140164673328 0.044594671577215195 0.027281837537884712 -0.05422813817858696 0.07217537611722946 0.1130734235048294 0.1607254296541214 0.1655423641204834 -0.01262417808175087 -0.09057038277387619 0.050464000552892685 -0.0014625518815591931 -0.0590648278594017 -0.02957494556903839 0.10245116800069809 -0.08900009840726852 0.034392207860946655 -0.0870601236820221 -0.06390588730573654 0.02317211590707302 -0.0527944378554821 0.016803788021206856 0.03997781500220299 -0.07750873267650604 -0.06799789518117905 -0.2594188153743744 -0.00877426378428936 -0.11412363499403 -0.02286715805530548 -0.003555132308974862 -0.04264059290289879 0.03295430168509483 -0.03685767203569412 0.0661136582493782 0.017381219193339348 0.1820666790008545 -0.0025464771315455437 0.07036709040403366 0.12105320394039154 -0.023275643587112427 0.0370105616748333 -0.06310045719146729 0.01758737303316593 -0.0033141926396638155 -0.07405304908752441 0.07541100680828094 0.034012146294116974 -0.11154961585998535 0.02329772524535656 0.005492504686117172 0.06448198854923248 0.024129139259457588 0.07425031810998917 0.28218248361791737 0.5145388554333723 0.5907254724536994 0.8491484349623218 0.8981961664456473 0.9179738206150166 0.9226676101656072 0.9997390192550759 0.9999407964770209 -1.4282163 -1.4959333 -1.5589415 -1.3525331 -1.1467249 -1.4183935 -1.0801797 -1.8152556 -1.7348917 -1.636029 -1.8957433 -1.3694545 -1.1177431 -1.2467126 -1.3396033 -1.4359542 -2.3051126 -2.1076224
1 400 0.03129739686846733 0.20271560549736023 0.01874021254479885 0.02052796259522438 0.07748649269342422 0.13579945266246796 0.13113778829574585 0.02893948182463646 0.01094614714384079 -0.07621503621339798 0.028998425230383873 0.03439120948314667 0.029428301379084587 -0.028043067082762718 0.07370946556329727 0.011910111643373966 -0.08727367967367172 0.04058781638741493 -0.07075215131044388 0.034791700541973114 -0.021119236946105957 -0.0419168658554554 -0.009035001508891582 0.11212709546089172 0.023516254499554634 0.03751646354794502 0.054050661623477936 -0.09785722941160202 -0.006275169551372528 0.013519061729311943 -0.04387301951646805 0.019347772002220154 0.03949614614248276 0.03515148535370827 -0.024644456803798676 0.003605482866987586 0.05188487470149994 -0.01806466467678547 0.08593874424695969 -0.036345530301332474 -0.040508050471544266 -0.037999775260686874 0.015197140164673328 0.044594671577215195 0.027281837537884712 -0.05422813817858696 0.07217537611722946 0.1130734235048294 0.1607254296541214 0.1655423641204834 -0.01262417808175087 -0.09057038277387619 0.050464000552892685 -0.0014625518815591931 -0.0590648278594017 -0.02957494556903839 0.10245116800069809 -0.08900009840726852 0.034392207860946655 -0.0870601236820221 -0.06390588730573654 0.02317211590707302 -0.0527944378554821 0.016803788021206856 0.03997781500220299 -0.07750873267650604 -0.06799789518117905 -0.2594188153743744 -0.00877426378428936 -0.11412363499403 -0.02286715805530548 -0.003555132308974862 -0.04264059290289879 0.03295430168509483 -0.03685767203569412 0.0661136582493782 0.017381219193339348 0.1820666790008545 -0.0025464771315455437 0.07036709040403366 0.12105320394039154 -0.023275643587112427 0.0370105616748333 -0.06310045719146729 0.01758737303316593 -0.0033141926396638155 -0.07405304908752441 0.07541100680828094 0.034012146294116974 -0.11154961585998535 0.02329772524535656 0.005492504686117172 0.06448198854923248 0.024129139259457588 0.07425031810998917 0.20554703500534757 0.6495442447102141 0.5156911861958713 0.6608284066926006 0.6833312157276 0.5110160508206032 0.8422524030328428 0.991478365316105 0.9991286667473268 -1.5149881 -1.3620882 -2.0118835 -1.7656449 -1.6196332 -1.7992404 -1.6649612 -1.8703433 -1.7023616 -1.6106713 -1.6871691 -2.0273592 -1.7550038 -1.5811168 -1.97769 -1.8954132 -2.1852238 -2.022112
2 400 0.03129739686846733 0.20271560549736023 0.01874021254479885 0.02052796259522438 0.07748649269342422 0.13579945266246796 0.13113778829574585 0.02893948182463646 0.01094614714384079 -0.07621503621339798 0.028998425230383873 0.03439120948314667 0.029428301379084587 -0.028043067082762718 0.07370946556329727 0.011910111643373966 -0.08727367967367172 0.04058781638741493 -0.07075215131044388 0.034791700541973114 -0.021119236946105957 -0.0419168658554554 -0.009035001508891582 0.11212709546089172 0.023516254499554634 0.03751646354794502 0.054050661623477936 -0.09785722941160202 -0.006275169551372528 0.013519061729311943 -0.04387301951646805 0.019347772002220154 0.03949614614248276 0.03515148535370827 -0.024644456803798676 0.003605482866987586 0.05188487470149994 -0.01806466467678547 0.08593874424695969 -0.036345530301332474 -0.040508050471544266 -0.037999775260686874 0.015197140164673328 0.044594671577215195 0.027281837537884712 -0.05422813817858696 0.07217537611722946 0.1130734235048294 0.1607254296541214 0.1655423641204834 -0.01262417808175087 -0.09057038277387619 0.050464000552892685 -0.0014625518815591931 -0.0590648278594017 -0.02957494556903839 0.10245116800069809 -0.08900009840726852 0.034392207860946655 -0.0870601236820221 -0.06390588730573654 0.02317211590707302 -0.0527944378554821 0.016803788021206856 0.03997781500220299 -0.07750873267650604 -0.06799789518117905 -0.2594188153743744 -0.00877426378428936 -0.11412363499403 -0.02286715805530548 -0.003555132308974862 -0.04264059290289879 0.03295430168509483 -0.03685767203569412 0.0661136582493782 0.017381219193339348 0.1820666790008545 -0.0025464771315455437 0.07036709040403366 0.12105320394039154 -0.023275643587112427 0.0370105616748333 -0.06310045719146729 0.01758737303316593 -0.0033141926396638155 -0.07405304908752441 0.07541100680828094 0.034012146294116974 -0.11154961585998535 0.02329772524535656 0.005492504686117172 0.06448198854923248 0.024129139259457588 0.07425031810998917 0.16720568053081603 0.2758427292166516 0.19399260383957262 0.4640163121884345 0.4838941216259441 0.4515693832525012 0.7024589536058777 0.9683177091342025 0.9933195322987526 -1.1481504 -1.1451422 -1.4562632 -1.1780667 -0.8211632 -1.1466092 -1.1923947 -1.3079568 -1.3026154 -1.2221593 -1.3629477 -1.3823768 -0.7491187 -0.74888444 -1.150931 -1.2596881 -1.476588 -1.4346297
0 400 0.026826342567801476 0.17375624179840088 0.016063040122389793 0.01759539730846882 0.06641699373722076 0.11639953404664993 0.11240381747484207 0.02480527199804783 0.00938241183757782 -0.06532717496156693 0.02485579438507557 0.029478183016180992 0.02522425912320614 -0.024036915972828865 0.06317954510450363 0.010208668187260628 -0.07480601221323013 0.0347895585000515 -0.06064470484852791 0.029821457341313362 -0.01810220442712307 -0.035928744822740555 -0.007744287606328726 0.09610894322395325 0.02015678957104683 0.03215697035193443 0.04632914066314697 -0.08387763053178787 -0.005378717090934515 0.011587767861783504 -0.03760544955730438 0.01658380590379238 0.033853840082883835 0.030129848048090935 -0.021123820915818214 0.003090413985773921 0.04447275400161743 -0.015483998693525791 0.07366178929805756 -0.03115331381559372 -0.03472118824720383 -0.03257123753428459 0.013026121072471142 0.038224004209041595 0.02338443323969841 -0.046481262892484665 0.06186461076140404 0.09692008048295975 0.13776466250419617 0.14189346134662628 -0.010820724070072174 -0.07763175666332245 0.04325485974550247 -0.0012536159483715892 -0.05062699690461159 -0.025349954143166542 0.0878152921795845 -0.07628580182790756 0.02947903797030449 -0.07462296634912491 -0.05477647855877876 0.019861813634634018 -0.045252375304698944 0.014403248205780983 0.03426670283079147 -0.06643605977296829 -0.058283913880586624 -0.22235900163650513 -0.007520797662436962 -0.09782026708126068 -0.01960042119026184 -0.0030472564976662397 -0.03654908016324043 0.028246546164155006 -0.031592290848493576 0.056668851524591446 0.014898188412189484 0.15605716407299042 -0.002182694850489497 0.06031465157866478 0.10375989228487015 -0.01995055377483368 0.03172334283590317 -0.0540861077606678 0.015074891038239002 -0.002840736648067832 -0.06347404420375824 0.06463801115751266 0.02915327064692974 -0.09561396390199661 0.019969480112195015 0.004707861691713333 0.05527028068900108 0.020682120695710182 0.06364313513040543 0.2624654545654791 0.5414020574110492 0.498963423302425 0.8456759332105572 0.9027308467195052 0.9122914526217081 0.9208641875570426 0.9995477412900068 0.9998468169760925 -1.1915152 -1.3626391 -1.5054879 -1.2286825 -0.9413681 -1.2453357 -1.0825408 -1.6692114 -1.6156678 -1.3687036 -1.6746083 -1.3486402 -1.0146226 -1.0771738 -1.1943839 -1.3967152 -2.0578632 -1.9582406
1 400 0.026826342567801476 0.17375624179840088 0.016063040122389793 0.01759539730846882 0.06641699373722076 0.11639953404664993 0.11240381747484207 0.02480527199804783 0.00938241183757782 -0.06532717496156693 0.02485579438507557 0.029478183016180992 0.02522425912320614 -0.024036915972828865 0.06317954510450363 0.010208668187260628 -0.07480601221323013 0.0347895585000515 -0.06064470484852791 0.029821457341313362 -0.01810220442712307 -0.035928744822740555 -0.007744287606328726 0.09610894322395325 0.02015678957104683 0.03215697035193443 0.04632914066314697 -0.08387763053178787 -0.005378717090934515 0.011587767861783504 -0.03760544955730438 0.01658380590379238 0.033853840082883835 0.030129848048090935 -0.021123820915818214 0.003090413985773921 0.04447275400161743 -0.015483998693525791 0.07366178929805756 -0.03115331381559372 -0.03472118824720383 -0.03257123753428459 0.013026121072471142 0.038224004209041595 0.02338443323969841 -0.046481262892484665 0.06186461076140404 0.09692008048295975 0.13776466250419617 0.14189346134662628 -0.010820724070072174 -0.07763175666332245 0.04325485974550247 -0.0012536159483715892 -0.05062699690461159 -0.025349954143166542 0.0878152921795845 -0.07628580182790756 0.02947903797030449 -0.07462296634912491 -0.05477647855877876 0.019861813634634018 -0.045252375304698944 0.014403248205780983 0.03426670283079147 -0.06643605977296829 -0.058283913880586624 -0.22235900163650513 -0.007520797662436962 -0.09782026708126068 -0.01960042119026184 -0.0030472564976662397 -0.03654908016324043 0.028246546164155006 -0.031592290848493576 0.056668851524591446 0.014898188412189484 0.15605716407299042 -0.002182694850489497 0.06031465157866478 0.10375989228487015 -0.01995055377483368 0.03172334283590317 -0.0540861077606678 0.015074891038239002 -0.002840736648067832 -0.06347404420375824 0.06463801115751266 0.02915327064692974 -0.09561396390199661 0.019969480112195015 0.004707861691713333 0.05527028068900108 0.020682120695710182 0.06364313513040543 0.1002531531323087 0.5788923062314331 0.4434051150377916 0.6087116446667485 0.6715656530833851 0.5173639724481097 0.83127307445822 0.98869059272904 0.9987802885957691 -1.2853757 -1.2555945 -1.7974963 -1.6174326 -1.3845499 -1.605561 -1.3802431 -1.5869582 -1.5611987 -1.2594739 -1.5194682 -1.7381109 -1.6185834 -1.3455665 -1.7113171 -1.6052217 -1.8878095 -1.7975581
2 400 0.026826342567801476 0.17375624179840088 0.016063040122389793 0.01759539730846882 0.06641699373722076 0.11639953404664993 0.11240381747484207 0.02480527199804783 0.00938241183757782 -0.06532717496156693 0.02485579438507557 0.029478183016180992 0.02522425912320614 -0.024036915972828865 0.06317954510450363 0.010208668187260628 -0.07480601221323013 0.0347895585000515 -0.06064470484852791 0.029821457341313362 -0.01810220442712307 -0.035928744822740555 -0.007744287606328726 0.09610894322395325 0.02015678957104683 0.03215697035193443 0.04632914066314697 -0.08387763053178787 -0.005378717090934515 0.011587767861783504 -0.03760544955730438 0.01658380590379238 0.033853840082883835 0.030129848048090935 -0.021123820915818214 0.003090413985773921 0.04447275400161743 -0.015483998693525791 0.07366178929805756 -0.03115331381559372 -0.03472118824720383 -0.03257123753428459 0.013026121072471142 0.038224004209041595 0.02338443323969841 -0.046481262892484665 0.06186461076140404 0.09692008048295975 0.13776466250419617 0.14189346134662628 -0.010820724070072174 -0.07763175666332245 0.04325485974550247 -0.0012536159483715892 -0.05062699690461159 -0.025349954143166542 0.0878152921795845 -0.07628580182790756 0.02947903797030449 -0.07462296634912491 -0.05477647855877876 0.019861813634634018 -0.045252375304698944 0.014403248205780983 0.03426670283079147 -0.06643605977296829 -0.058283913880586624 -0.22235900163650513 -0.007520797662436962 -0.09782026708126068 -0.01960042119026184 -0.0030472564976662397 -0.03654908016324043 0.028246546164155006 -0.031592290848493576 0.056668851524591446 0.014898188412189484 0.15605716407299042 -0.002182694850489497 0.06031465157866478 0.10375989228487015 -0.01995055377483368 0.03172334283590317 -0.0540861077606678 0.015074891038239002 -0.002840736648067832 -0.06347404420375824 0.06463801115751266 0.02915327064692974 -0.09561396390199661 0.019969480112195015 0.004707861691713333 0.05527028068900108 0.020682120695710182 0.06364313513040543 0.07618729861963125 0.35755346641672703 0.2146111894482395 0.46533925893381906 0.5223099957240058 0.5319913680065772 0.7199332762569238 0.9480279182772964 0.9880621309314835 -1.051996 -1.0298654 -1.4120728 -1.0800269 -0.67144865 -1.0347278 -1.0349694 -1.0808835 -1.2345955 -1.0354092 -1.1707953 -1.294239 -0.68773794 -0.5636848 -0.98216844 -1.1479421 -1.2041538 -1.3724985
0 400 0.02235528454184532 0.14479686319828033 0.013385865837335587 0.014662830159068108 0.0553474947810173 0.09699960798025131 0.0936698466539383 0.0206710584461689 0.00781867653131485 -0.05443930998444557 0.020713161677122116 0.02456515096127987 0.02102021500468254 -0.020030763000249863 0.05264962092041969 0.00850722286850214 -0.062338341027498245 0.028991296887397766 -0.05053725093603134 0.02485121414065361 -0.015085169114172459 -0.029940618202090263 -0.0064535727724432945 0.08009078353643417 0.016797324642539024 0.026797473430633545 0.03860761597752571 -0.06989802420139313 -0.004482264164835215 0.009656473062932491 -0.03133787214756012 0.013819837011396885 0.028211532160639763 0.025108205154538155 -0.017603183165192604 0.0025753448717296124 0.03706062585115433 -0.012903331778943539 0.06138481944799423 -0.025961093604564667 -0.02893432229757309 -0.02714269608259201 0.010855100117623806 0.031853336840867996 0.01948702707886696 -0.03873438388109207 0.051553841680288315 0.08076673001050949 0.11480388045310974 0.11824455112218857 -0.009017270058393478 -0.06469313055276871 0.03604571521282196 -0.0010446798987686634 -0.042189162224531174 -0.021124960854649544 0.07317940890789032 -0.063571497797966 0.024565864354372025 -0.062185805290937424 -0.04564706236124039 0.016551511362195015 -0.03771031275391579 0.012002706527709961 0.028555583208799362 -0.055363383144140244 -0.048569925129413605 -0.18529915809631348 -0.006267331074923277 -0.08151688426733017 -0.0163336843252182 -0.00253938022069633 -0.030457565560936928 0.02353878691792488 -0.02632690779864788 0.04722404107451439 0.012415156699717045 0.13004763424396515 -0.0018189122201874852 0.0502622090280056 0.08646657317876816 -0.016625460237264633 0.02643611654639244 -0.04507175460457802 0.012562409043312073 -0.002367280423641205 -0.05289503559470177 0.05386500433087349 0.02429439127445221 -0.07967829704284668 0.01664123311638832 0.003923217765986919 0.04605856537818909 0.017235100269317627 0.05303594097495079 0.17027906285261632 0.5996619461365604 0.4133809826991802 0.8539451649254213 0.8944355225956284 0.9058673247713181 0.9260876404508958 0.9992510469710609 0.9995273388598995 -1.0944276 -1.2209713 -1.4487194 -1.0967212 -0.804395 -1.036886 -1.0898441 -1.5031776 -1.4619365 -1.1648608 -1.4486805 -1.3266798 -0.91604483 -0.9017792 -1.0293021 -1.3553935 -1.7797168 -1.7521794
1 400 0.02235528454184532 0.14479686319828033 0.013385865837335587 0.014662830159068108 0.0553474947810173 0.09699960798025131 0.0936698466539383 0.0206710584461689 0.00781867653131485 -0.05443930998444557 0.020713161677122116 0.02456515096127987 0.02102021500468254 -0.020030763000249863 0.05264962092041969 0.00850722286850214 -0.062338341027498245 0.028991296887397766 -0.05053725093603134 0.02485121414065361 -0.015085169114172459 -0.029940618202090263 -0.0064535727724432945 0.08009078353643417 0.016797324642539024 0.026797473430633545 0.03860761597752571 -0.06989802420139313 -0.004482264164835215 0.009656473062932491 -0.03133787214756012 0.013819837011396885 0.028211532160639763 0.025108205154538155 -0.017603183165192604 0.0025753448717296124 0.03706062585115433 -0.012903331778943539 0.06138481944799423 -0.025961093604564667 -0.02893432229757309 -0.02714269608259201 0.010855100117623806 0.031853336840867996 0.01948702707886696 -0.03873438388109207 0.051553841680288315 0.08076673001050949 0.11480388045310974 0.11824455112218857 -0.009017270058393478 -0.06469313055276871 0.03604571521282196 -0.0010446798987686634 -0.042189162224531174 -0.021124960854649544 0.07317940890789032 -0.063571497797966 0.024565864354372025 -0.062185805290937424 -0.04564706236124039 0.016551511362195015 -0.03771031275391579 0.012002706527709961 0.028555583208799362 -0.055363383144140244 -0.048569925129413605 -0.18529915809631348 -0.006267331074923277 -0.08151688426733017 -0.0163336843252182 -0.00253938022069633 -0.030457565560936928 0.02353878691792488 -0.02632690779864788 0.04722404107451439 0.012415156699717045 0.13004763424396515 -0.0018189122201874852 0.0502622090280056 0.08646657317876816 -0.016625460237264633 0.02643611654639244 -0.04507175460457802 0.012562409043312073 -0.002367280423641205 -0.05289503559470177 0.05386500433087349 0.02429439127445221 -0.07967829704284668 0.01664123311638832 0.003923217765986919 0.04605856537818909 0.017235100269317627 0.05303594097495079 0.030240321174211885 0.42296230442688626 0.3732453722240942 0.56381190143645 0.6575686858825384 0.5275646712000315 0.8165145919504193 0.9834285329015616 0.9972790842965455 -1.1740309 -1.1792697 -1.5472796 -1.3442891 -1.1536564 -1.432165 -1.1432947 -1.4419936 -1.4161298 -1.055568 -1.3452963 -1.4075758 -1.3252827 -1.1172097 -1.4710194 -1.3411025 -1.6508167 -1.6066473
2 400 0.02235528454184532 0.14479686319828033 0.013385865837335587 0.014662830159068108 0.0553474947810173 0.09699960798025131 0.0936698466539383 0.0206710584461689 0.00781867653131485 -0.05443930998444557 0.020713161677122116 0.02456515096127987 0.02102021500468254 -0.020030763000249863 0.05264962092041969 0.00850722286850214 -0.062338341027498245 0.028991296887397766 -0.05053725093603134 0.02485121414065361 -0.015085169114172459 -0.029940618202090263 -0.0064535727724432945 0.08009078353643417 0.016797324642539024 0.026797473430633545 0.03860761597752571 -0.06989802420139313 -0.004482264164835215 0.009656473062932491 -0.03133787214756012 0.013819837011396885 0.028211532160639763 0.025108205154538155 -0.017603183165192604 0.0025753448717296124 0.03706062585115433 -0.012903331778943539 0.06138481944799423 -0.025961093604564667 -0.02893432229757309 -0.02714269608259201 0.010855100117623806 0.031853336840867996 0.01948702707886696 -0.03873438388109207 0.051553841680288315 0.08076673001050949 0.11480388045310974 0.11824455112218857 -0.009017270058393478 -0.06469313055276871 0.03604571521282196 -0.0010446798987686634 -0.042189162224531174 -0.021124960854649544 0.07317940890789032 -0.063571497797966 0.024565864354372025 -0.062185805290937424 -0.04564706236124039 0.016551511362195015 -0.03771031275391579 0.012002706527709961 0.028555583208799362 -0.055363383144140244 -0.048569925129413605 -0.18529915809631348 -0.006267331074923277 -0.08151688426733017 -0.0163336843252182 -0.00253938022069633 -0.030457565560936928 0.02353878691792488 -0.02632690779864788 0.04722404107451439 0.012415156699717045 0.13004763424396515 -0.0018189122201874852 0.0502622090280056 0.08646657317876816 -0.016625460237264633 0.02643611654639244 -0.04507175460457802 0.012562409043312073 -0.002367280423641205 -0.05289503559470177 0.05386500433087349 0.02429439127445221 -0.07967829704284668 0.01664123311638832 0.003923217765986919 0.04605856537818909 0.017235100269317627 0.05303594097495079 0.027902715167162535 0.3073405167445575 0.23332773328022555 0.4643638222808952 0.5965423249099526 0.6083551097508964 0.7419890308481827 0.9486653149688777 0.9841065314599794 -1.039185 -0.9696554 -1.3090369 -1.0254052 -0.4734252 -0.85226357 -0.9064312 -0.9802065 -1.1685709 -0.9832853 -1.0542026 -1.1387849 -0.67779994 -0.28532904 -0.72858846 -1.0065773 -1.0284171 -1.325119
0 400 0.017884228378534317 0.11583749204874039 0.010708692483603954 0.011730263940989971 0.04427799582481384 0.07759968936443329 0.07493587583303452 0.01653684675693512 0.00625494122505188 -0.04355144873261452 0.016570528969168663 0.019652120769023895 0.016816172748804092 -0.01602461002767086 0.042119696736335754 0.006805778481066227 -0.049870673567056656 0.023193037137389183 -0.04042980074882507 0.01988097093999386 -0.012068135663866997 -0.02395249530673027 -0.0051628584042191505 0.0640726312994957 0.01343785971403122 0.021437978371977806 0.0308860931545496 -0.05591842159628868 -0.003585811471566558 0.007725178729742765 -0.025070298463106155 0.011055869981646538 0.02256922610104084 0.020086564123630524 -0.014082546345889568 0.0020602759905159473 0.02964850142598152 -0.01032266579568386 0.049107857048511505 -0.020768875256180763 -0.0231474582105875 -0.02171415649354458 0.008684080094099045 0.025482669472694397 0.015589621849358082 -0.030987506732344627 0.04124307259917259 0.06461338698863983 0.09184310585260391 0.09459564089775085 -0.007213816046714783 -0.051754504442214966 0.028836572542786598 -0.0008357439073733985 -0.03375133126974106 -0.016899969428777695 0.058543529361486435 -0.05085719749331474 0.01965269260108471 -0.04974864423274994 -0.03651764988899231 0.013241209089756012 -0.03016825020313263 0.009602165780961514 0.02284446731209755 -0.044290706515312195 -0.038855940103530884 -0.14823932945728302 -0.005013864953070879 -0.06521350890398026 -0.01306694746017456 -0.002031504176557064 -0.024366052821278572 0.018831029534339905 -0.021061526611447334 0.03777923434972763 0.00993212591856718 0.10403811186552048 -0.001455129822716117 0.04020976647734642 0.06917326152324677 -0.013300368562340736 0.021148893982172012 -0.036057405173778534 0.010049927048385143 -0.0018938243156298995 -0.04231603071093559 0.04309200495481491 0.019435513764619827 -0.06374263763427734 0.013312987051904202 0.003138574305921793 0.03684685379266739 0.013788080774247646 0.04242875427007675 0.04835873093381343 0.5945290213920319 0.4184657109964399 0.8511383105411224 0.8811470467747188 0.8990625811067381 0.9344520370518523 0.9982010033531319 0.9986893261923999 -1.0849794 -1.1071582 -1.350135 -0.97382927 -0.79884064 -0.8269981 -1.1037253 -1.3327308 -1.3088449 -1.0306457 -1.2701391 -1.278965 -0.83948195 -0.8123243 -0.8631798 -1.3176497 -1.509552 -1.5524255
1 400 0.017884228378534317 0.11583749204874039 0.010708692483603954 0.011730263940989971 0.04427799582481384 0.07759968936443329 0.07493587583303452 0.01653684675693512 0.00625494122505188 -0.04355144873261452 0.016570528969168663 0.019652120769023895 0.016816172748804092 -0.01602461002767086 0.042119696736335754 0.006805778481066227 -0.049870673567056656 0.023193037137389183 -0.04042980074882507 0.01988097093999386 -0.012068135663866997 -0.02395249530673027 -0.0051628584042191505 0.0640726312994957 0.01343785971403122 0.021437978371977806 0.0308860931545496 -0.05591842159628868 -0.003585811471566558 0.007725178729742765 -0.025070298463106155 0.011055869981646538 0.02256922610104084 0.020086564123630524 -0.014082546345889568 0.0020602759905159473 0.02964850142598152 -0.01032266579568386 0.049107857048511505 -0.020768875256180763 -0.0231474582105875 -0.02171415649354458 0.008684080094099045 0.025482669472694397 0.015589621849358082 -0.030987506732344627 0.04124307259917259 0.06461338698863983 0.09184310585260391 0.09459564089775085 -0.007213816046714783 -0.051754504442214966 0.028836572542786598 -0.0008357439073733985 -0.03375133126974106 -0.016899969428777695 0.058543529361486435 -0.05085719749331474 0.01965269260108471 -0.04974864423274994 -0.03651764988899231 0.013241209089756012 -0.03016825020313263 0.009602165780961514 0.02284446731209755 -0.044290706515312195 -0.038855940103530884 -0.14823932945728302 -0.005013864953070879 -0.06521350890398026 -0.01306694746017456 -0.002031504176557064 -0.024366052821278572 0.018831029534339905 -0.021061526611447334 0.03777923434972763 0.00993212591856718 0.10403811186552048 -0.001455129822716117 0.04020976647734642 0.06917326152324677 -0.013300368562340736 0.021148893982172012 -0.036057405173778534 0.010049927048385143 -0.0018938243156298995 -0.04231603071093559 0.04309200495481491 0.019435513764619827 -0.06374263763427734 0.013312987051904202 0.003138574305921793 0.03684685379266739 0.013788080774247646 0.04242875427007675 0.020802946237576274 0.17795630008741883 0.2774168922472228 0.5146654291377685 0.7023317116811598 0.595660993764333 0.8286464788207353 0.9762410601822797 0.9958343336752805 -1.1068126 -1.1320826 -1.2632717 -1.0711707 -0.9190922 -1.2379726 -1.0446914 -1.2980098 -1.3146012 -1.0149812 -1.1708101 -1.0990347 -1.031729 -0.89180076 -1.2207735 -1.148995 -1.410013 -1.4824747
2 400 0.017884228378534317 0.11583749204874039 0.010708692483603954 0.011730263940989971 0.04427799582481384 0.07759968936443329 0.07493587583303452 0.01653684675693512 0.00625494122505188 -0.04355144873261452 0.016570528969168663 0.019652120769023895 0.016816172748804092 -0.01602461002767086 0.042119696736335754 0.006805778481066227 -0.049870673567056656 0.023193037137389183 -0.04042980074882507 0.01988097093999386 -0.012068135663866997 -0.02395249530673027 -0.0051628584042191505 0.0640726312994957 0.01343785971403122 0.021437978371977806 0.0308860931545496 -0.05591842159628868 -0.003585811471566558 0.007725178729742765 -0.025070298463106155 0.011055869981646538 0.02256922610104084 0.020086564123630524 -0.014082546345889568 0.0020602759905159473 0.02964850142598152 -0.01032266579568386 0.049107857048511505 -0.020768875256180763 -0.0231474582105875 -0.02171415649354458 0.008684080094099045 0.025482669472694397 0.015589621849358082 -0.030987506732344627 0.04124307259917259 0.06461338698863983 0.09184310585260391 0.09459564089775085 -0.007213816046714783 -0.051754504442214966 0.028836572542786598 -0.0008357439073733985 -0.03375133126974106 -0.016899969428777695 0.058543529361486435 -0.05085719749331474 0.01965269260108471 -0.04974864423274994 -0.03651764988899231 0.013241209089756012 -0.03016825020313263 0.009602165780961514 0.02284446731209755 -0.044290706515312195 -0.038855940103530884 -0.14823932945728302 -0.005013864953070879 -0.06521350890398026 -0.01306694746017456 -0.002031504176557064 -0.024366052821278572 0.018831029534339905 -0.021061526611447334 0.03777923434972763 0.00993212591856718 0.10403811186552048 -0.001455129822716117 0.04020976647734642 0.06917326152324677 -0.013300368562340736 0.021148893982172012 -0.036057405173778534 0.010049927048385143 -0.0018938243156298995 -0.04231603071093559 0.04309200495481491 0.019435513764619827 -0.06374263763427734 0.013312987051904202 0.003138574305921793 0.03684685379266739 0.013788080774247646 0.04242875427007675 0.017313888936406212 0.17761015710796077 0.25203215490501707 0.4592491623334145 0.6064664388027682 0.6373820903903075 0.7779414317383266 0.9561243956419679 0.9780115943371754 -1.0067221 -0.9448346 -1.1067052 -0.8835268 -0.43054622 -0.6734067 -0.8954785 -0.93052465 -1.1133901 -1.0368154 -0.9401506 -0.94157386 -0.6257488 -0.25577536 -0.58174706 -0.93878686 -0.96080256 -1.2529457
0 400 0.013413171283900738 0.08687812089920044 0.008031520061194897 0.00879769865423441 0.03320849686861038 0.058199767023324966 0.056201908737421036 0.012402635999023914 0.00469120591878891 -0.03266358748078346 0.012427897192537785 0.014739091508090496 0.01261212956160307 -0.012018457986414433 0.031589772552251816 0.005104334093630314 -0.037403006106615067 0.01739477925002575 -0.030322352424263954 0.014910728670656681 -0.009051102213561535 -0.017964372411370277 -0.003872143803164363 0.048054471611976624 0.010078394785523415 0.016078485175967216 0.023164570331573486 -0.041938815265893936 -0.0026893585454672575 0.005793883930891752 -0.01880272477865219 0.00829190295189619 0.016926920041441917 0.015064924024045467 -0.010561910457909107 0.0015452069928869605 0.022236377000808716 -0.007741999346762896 0.03683089464902878 -0.01557665690779686 -0.017360594123601913 -0.016285618767142296 0.006513060536235571 0.019112002104520798 0.011692216619849205 -0.023240631446242332 0.03093230538070202 0.048460040241479874 0.06888233125209808 0.07094673067331314 -0.005410362035036087 -0.038815878331661224 0.021627429872751236 -0.0006268079741857946 -0.025313498452305794 -0.012674977071583271 0.04390764608979225 -0.03814290091395378 0.014739518985152245 -0.037311483174562454 -0.02738823927938938 0.009930906817317009 -0.022626187652349472 0.0072016241028904915 0.017133351415395737 -0.033218029886484146 -0.029141956940293312 -0.11117950081825256 -0.003760398831218481 -0.04891013354063034 -0.00980021059513092 -0.0015236282488331199 -0.018274540081620216 0.014123273082077503 -0.015796145424246788 0.028334425762295723 0.007449094206094742 0.07802858203649521 -0.0010913474252447486 0.03015732578933239 0.051879946142435074 -0.00997527688741684 0.015861671417951584 -0.0270430538803339 0.007537445519119501 -0.001420368324033916 -0.03173702210187912 0.03231900557875633 0.01457663532346487 -0.047806981950998306 0.009984740056097507 0.0023539308458566666 0.02763514034450054 0.010341060347855091 0.03182156756520271 0.04019498887425082 0.4174590332074843 0.4354969268231296 0.7571823134291394 0.8695296768985001 0.8961568096651433 0.9394696828554387 0.9929977000550836 0.9975047489983423 -1.029953 -1.0452112 -1.1068572 -0.9742074 -0.769753 -0.8144986 -1.1067125 -1.1564257 -1.2146478 -0.99877405 -1.1014061 -1.0554463 -0.8595675 -0.6833333 -0.7898611 -1.2530633 -1.264248 -1.4197302
1 400 0.013413171283900738 0.08687812089920044 0.008031520061194897 0.00879769865423441 0.03320849686861038 0.058199767023324966 0.056201908737421036 0.012402635999023914 0.00469120591878891 -0.03266358748078346 0.012427897192537785 0.014739091508090496 0.01261212956160307 -0.012018457986414433 0.031589772552251816 0.005104334093630314 -0.037403006106615067 0.01739477925002575 -0.030322352424263954 0.014910728670656681 -0.009051102213561535 -0.017964372411370277 -0.003872143803164363 0.048054471611976624 0.010078394785523415 0.016078485175967216 0.023164570331573486 -0.041938815265893936 -0.0026893585454672575 0.005793883930891752 -0.01880272477865219 0.00829190295189619 0.016926920041441917 0.015064924024045467 -0.010561910457909107 0.0015452069928869605 0.022236377000808716 -0.007741999346762896 0.03683089464902878 -0.01557665690779686 -0.017360594123601913 -0.016285618767142296 0.006513060536235571 0.019112002104520798 0.011692216619849205 -0.023240631446242332 0.03093230538070202 0.048460040241479874 0.06888233125209808 0.07094673067331314 -0.005410362035036087 -0.038815878331661224 0.021627429872751236 -0.0006268079741857946 -0.025313498452305794 -0.012674977071583271 0.04390764608979225 -0.03814290091395378 0.014739518985152245 -0.037311483174562454 -0.02738823927938938 0.009930906817317009 -0.022626187652349472 0.0072016241028904915 0.017133351415395737 -0.033218029886484146 -0.029141956940293312 -0.11117950081825256 -0.003760398831218481 -0.04891013354063034 -0.00980021059513092 -0.0015236282488331199 -0.018274540081620216 0.014123273082077503 -0.015796145424246788 0.028334425762295723 0.007449094206094742 0.07802858203649521 -0.0010913474252447486 0.03015732578933239 0.051879946142435074 -0.00997527688741684 0.015861671417951584 -0.0270430538803339 0.007537445519119501 -0.001420368324033916 -0.03173702210187912 0.03231900557875633 0.01457663532346487 -0.047806981950998306 0.009984740056097507 0.0023539308458566666 0.02763514034450054 0.010341060347855091 0.03182156756520271 0.019007747493026285 0.11521031858041289 0.16000858200326143 0.470213136627935 0.7437319930637035 0.6560499544110394 0.8399891574351827 0.964166797444149 0.9931609073365891 -1.0476445 -1.0264432 -0.97331524 -0.80185914 -0.8101965 -0.9716916 -0.94603276 -1.1558608 -1.2236323 -0.9874598 -1.013745 -0.78939974 -0.7422738 -0.7106801 -0.8843409 -0.9568758 -1.1816423 -1.3611573
2 400 0.013413171283900738 0.08687812089920044 0.008031520061194897 0.00879769865423441 0.03320849686861038 0.058199767023324966 0.056201908737421036 0.012402635999023914 0.00469120591878891 -0.03266358748078346 0.012427897192537785 0.014739091508090496 0.01261212956160307 -0.012018457986414433 0.031589772552251816 0.005104334093630314 -0.037403006106615067 0.01739477925002575 -0.030322352424263954 0.014910728670656681 -0.009051102213561535 -0.017964372411370277 -0.003872143803164363 0.048054471611976624 0.010078394785523415 0.016078485175967216 0.023164570331573486 -0.041938815265893936 -0.0026893585454672575 0.005793883930891752 -0.01880272477865219 0.00829190295189619 0.016926920041441917 0.015064924024045467 -0.010561910457909107 0.0015452069928869605 0.022236377000808716 -0.007741999346762896 0.03683089464902878 -0.01557665690779686 -0.017360594123601913 -0.016285618767142296 0.006513060536235571 0.019112002104520798 0.011692216619849205 -0.023240631446242332 0.03093230538070202 0.048460040241479874 0.06888233125209808 0.07094673067331314 -0.005410362035036087 -0.038815878331661224 0.021627429872751236 -0.0006268079741857946 -0.025313498452305794 -0.012674977071583271 0.04390764608979225 -0.03814290091395378 0.014739518985152245 -0.037311483174562454 -0.02738823927938938 0.009930906817317009 -0.022626187652349472 0.0072016241028904915 0.017133351415395737 -0.033218029886484146 -0.029141956940293312 -0.11117950081825256 -0.003760398831218481 -0.04891013354063034 -0.00980021059513092 -0.0015236282488331199 -0.018274540081620216 0.014123273082077503 -0.015796145424246788 0.028334425762295723 0.007449094206094742 0.07802858203649521 -0.0010913474252447486 0.03015732578933239 0.051879946142435074 -0.00997527688741684 0.015861671417951584 -0.0270430538803339 0.007537445519119501 -0.001420368324033916 -0.03173702210187912 0.03231900557875633 0.01457663532346487 -0.047806981950998306 0.009984740056097507 0.0023539308458566666 0.02763514034450054 0.010341060347855091 0.03182156756520271 0.021238728693437882 0.1486510979217928 0.22608946985107367 0.4049948056469989 0.6338906199300172 0.656165956341062 0.8357515430873578 0.9356636031774425 0.9511140031614057 -0.9673345 -0.88838553 -0.8046242 -0.6795958 -0.49306655 -0.6191423 -0.88043165 -0.8802093 -1.069207 -1.0212492 -0.8625039 -0.6978352 -0.5159534 -0.2821802 -0.4868696 -0.8838099 -0.89456475 -1.1867234
0 400 0.008942114189267159 0.057918746024370193 0.005354346241801977 0.005865131970494986 0.02213899791240692 0.038799844682216644 0.03746793791651726 0.00826842337846756 0.00312747061252594 -0.02177572436630726 0.008285264484584332 0.009826060384511948 0.008408086374402046 -0.00801230501383543 0.021059848368167877 0.0034028892405331135 -0.024935336783528328 0.011596518568694592 -0.020214900374412537 0.00994048546999693 -0.006034067831933498 -0.011976247653365135 -0.0025814292021095753 0.03203631564974785 0.00671892985701561 0.010718989185988903 0.0154430465772748 -0.02795921079814434 -0.001792905735783279 0.0038625893648713827 -0.012535149231553078 0.005527934990823269 0.01128461305052042 0.010043282061815262 -0.007041273172944784 0.0010301379952579737 0.01482425071299076 -0.00516133289784193 0.024553928524255753 -0.010384437628090382 -0.01157372910529375 -0.01085707824677229 0.004342040047049522 0.012741334736347198 0.007794810924679041 -0.015493753366172314 0.020621536299586296 0.032306693494319916 0.045921552926301956 0.04729782044887543 -0.0036069080233573914 -0.025877252221107483 0.014418286271393299 -0.00041787195368669927 -0.01687566563487053 -0.008449984714388847 0.029271764680743217 -0.02542859874665737 0.009826346300542355 -0.02487432211637497 -0.018258824944496155 0.006620604544878006 -0.015084125101566315 0.004801082890480757 0.011422233656048775 -0.022145353257656097 -0.019427970051765442 -0.07411966472864151 -0.0025069324765354395 -0.03260675445199013 -0.00653347373008728 -0.001015752088278532 -0.012183026410639286 0.009415514767169952 -0.010530763305723667 0.018889617174863815 0.00496606295928359 0.05201905593276024 -0.0007275649113580585 0.02010488323867321 0.03458663076162338 -0.006650184281170368 0.010574446991086006 -0.018028702586889267 0.005024963524192572 -0.0009469121578149498 -0.021158015355467796 0.021546002477407455 0.009717756882309914 -0.03187131881713867 0.006656493525952101 0.0015692871529608965 0.018423426896333694 0.006894040387123823 0.021214377135038376 0.038632543198810945 0.2746602864183522 0.42926167277617455 0.6810275146877014 0.8216260434619252 0.8845227034829761 0.9416177897468266 0.9792185202349982 0.9945417171334244 -0.97984624 -0.96826303 -0.8405323 -0.8486855 -0.70755225 -0.78977746 -0.97005427 -1.015204 -1.1303583 -0.99411225 -0.9420023 -0.7388638 -0.68801266 -0.53891075 -0.7084842 -1.0188935 -1.0826904 -1.2893412
1 400 0.008942114189267159 0.057918746024370193 0.005354346241801977 0.005865131970494986 0.02213899791240692 0.038799844682216644 0.03746793791651726 0.00826842337846756 0.00312747061252594 -0.02177572436630726 0.008285264484584332 0.009826060384511948 0.008408086374402046 -0.00801230501383543 0.021059848368167877 0.0034028892405331135 -0.024935336783528328 0.011596518568694592 -0.020214900374412537 0.00994048546999693 -0.006034067831933498 -0.011976247653365135 -0.0025814292021095753 0.03203631564974785 0.00671892985701561 0.010718989185988903 0.0154430465772748 -0.02795921079814434 -0.001792905735783279 0.0038625893648713827 -0.012535149231553078 0.005527934990823269 0.01128461305052042 0.010043282061815262 -0.007041273172944784 0.0010301379952579737 0.01482425071299076 -0.00516133289784193 0.024553928524255753 -0.010384437628090382 -0.01157372910529375 -0.01085707824677229 0.004342040047049522 0.012741334736347198 0.007794810924679041 -0.015493753366172314 0.020621536299586296 0.032306693494319916 0.045921552926301956 0.04729782044887543 -0.0036069080233573914 -0.025877252221107483 0.014418286271393299 -0.00041787195368669927 -0.01687566563487053 -0.008449984714388847 0.029271764680743217 -0.02542859874665737 0.009826346300542355 -0.02487432211637497 -0.018258824944496155 0.006620604544878006 -0.015084125101566315 0.004801082890480757 0.011422233656048775 -0.022145353257656097 -0.019427970051765442 -0.07411966472864151 -0.0025069324765354395 -0.03260675445199013 -0.00653347373008728 -0.001015752088278532 -0.012183026410639286 0.009415514767169952 -0.010530763305723667 0.018889617174863815 0.00496606295928359 0.05201905593276024 -0.0007275649113580585 0.02010488323867321 0.03458663076162338 -0.006650184281170368 0.010574446991086006 -0.018028702586889267 0.005024963524192572 -0.0009469121578149498 -0.021158015355467796 0.021546002477407455 0.009717756882309914 -0.03187131881713867 0.006656493525952101 0.0015692871529608965 0.018423426896333694 0.006894040387123823 0.021214377135038376 0.01861453559025867 0.10006768035784701 0.2045672747590522 0.3818040673295533 0.6343731279720615 0.7221411292752425 0.8577268779357049 0.9462944352404828 0.9884295439069118 -1.0035217 -0.9379442 -0.8023772 -0.7156457 -0.69911176 -0.72579706 -0.8580702 -1.0576115 -1.1266543 -0.9948956 -0.9000182 -0.64203537 -0.58052087 -0.46808252 -0.5939683 -0.80080533 -1.0651585 -1.2277267
2 400 0.008942114189267159 0.057918746024370193 0.005354346241801977 0.005865131970494986 0.02213899791240692 0.038799844682216644 0.03746793791651726 0.00826842337846756 0.00312747061252594 -0.02177572436630726 0.008285264484584332 0.009826060384511948 0.008408086374402046 -0.00801230501383543 0.021059848368167877 0.0034028892405331135 -0.024935336783528328 0.011596518568694592 -0.020214900374412537 0.00994048546999693 -0.006034067831933498 -0.011976247653365135 -0.0025814292021095753 0.03203631564974785 0.00671892985701561 0.010718989185988903 0.0154430465772748 -0.02795921079814434 -0.001792905735783279 0.0038625893648713827 -0.012535149231553078 0.005527934990823269 0.01128461305052042 0.010043282061815262 -0.007041273172944784 0.0010301379952579737 0.01482425071299076 -0.00516133289784193 0.024553928524255753 -0.010384437628090382 -0.01157372910529375 -0.01085707824677229 0.004342040047049522 0.012741334736347198 0.007794810924679041 -0.015493753366172314 0.020621536299586296 0.032306693494319916 0.045921552926301956 0.04729782044887543 -0.0036069080233573914 -0.025877252221107483 0.014418286271393299 -0.00041787195368669927 -0.01687566563487053 -0.008449984714388847 0.029271764680743217 -0.02542859874665737 0.009826346300542355 -0.02487432211637497 -0.018258824944496155 0.006620604544878006 -0.015084125101566315 0.004801082890480757 0.011422233656048775 -0.022145353257656097 -0.019427970051765442 -0.07411966472864151 -0.0025069324765354395 -0.03260675445199013 -0.00653347373008728 -0.001015752088278532 -0.012183026410639286 0.009415514767169952 -0.010530763305723667 0.018889617174863815 0.00496606295928359 0.05201905593276024 -0.0007275649113580585 0.02010488323867321 0.03458663076162338 -0.006650184281170368 0.010574446991086006 -0.018028702586889267 0.005024963524192572 -0.0009469121578149498 -0.021158015355467796 0.021546002477407455 0.009717756882309914 -0.03187131881713867 0.006656493525952101 0.0015692871529608965 0.018423426896333694 0.006894040387123823 0.021214377135038376 0.025183278227940448 0.1207917187928385 0.18065045645175157 0.2980700474958743 0.5079710030619263 0.6470901624469683 0.8374638788451908 0.8661215536674248 0.931657257581222 -0.9831257 -0.8550774 -0.69702446 -0.5540458 -0.35386738 -0.6184908 -0.77980185 -0.84875333 -1.0445442 -1.0553281 -0.80654705 -0.5168156 -0.29833162 -0.06524104 -0.46351883 -0.73145115 -0.82947195 -1.1395049
0 400 0.004471057094633579 0.028959373012185097 0.0026771731209009886 0.002932565985247493 0.01106949895620346 0.019399922341108322 0.01873396895825863 0.00413421168923378 0.00156373530626297 -0.01088786218315363 0.004142632242292166 0.004913030192255974 0.004204043187201023 -0.004006152506917715 0.010529924184083939 0.0017014446202665567 -0.012467668391764164 0.005798259284347296 -0.010107450187206268 0.004970242734998465 -0.003017033915966749 -0.005988123826682568 -0.0012907146010547876 0.016018157824873924 0.003359464928507805 0.0053594945929944515 0.0077215232886374 -0.01397960539907217 -0.0008964528678916395 0.0019312946824356914 -0.006267574615776539 0.0027639674954116344 0.00564230652526021 0.005021641030907631 -0.003520636586472392 0.0005150689976289868 0.00741212535649538 -0.002580666448920965 0.012276964262127876 -0.005192218814045191 -0.005786864552646875 -0.005428539123386145 0.002171020023524761 0.006370667368173599 0.0038974054623395205 -0.007746876683086157 0.010310768149793148 0.016153346747159958 0.022960776463150978 0.023648910224437714 -0.0018034540116786957 -0.012938626110553741 0.0072091431356966496 -0.00020893597684334964 -0.008437832817435265 -0.004224992357194424 0.014635882340371609 -0.012714299373328686 0.004913173150271177 -0.012437161058187485 -0.009129412472248077 0.003310302272439003 -0.007542062550783157 0.0024005414452403784 0.005711116828024387 -0.011072676628828049 -0.009713985025882721 -0.037059832364320755 -0.0012534662382677197 -0.016303377225995064 -0.00326673686504364 -0.000507876044139266 -0.006091513205319643 0.004707757383584976 -0.005265381652861834 0.009444808587431908 0.002483031479641795 0.02600952796638012 -0.0003637824556790292 0.010052441619336605 0.01729331538081169 -0.003325092140585184 0.005287223495543003 -0.009014351293444633 0.002512481762096286 -0.0004734560789074749 -0.010579007677733898 0.010773001238703728 0.004858878441154957 -0.015935659408569336 0.0033282467629760504 0.0007846435764804482 0.009211713448166847 0.0034470201935619116 0.010607188567519188 0.05783887483548694 0.20128283794181956 0.3921819510077382 0.5286033026174773 0.7501553264757849 0.8648063637939202 0.9320141330232363 0.9511642688321604 0.9899824245641294 -0.9693873 -0.8613189 -0.72827464 -0.7058389 -0.59098023 -0.67628425 -0.8291367 -0.91584754 -1.0565655 -0.99722767 -0.7829366 -0.57803154 -0.48482513 -0.34938425 -0.55946124 -0.79247594 -0.9385432 -1.1772343
1 400 0.004471057094633579 0.028959373012185097 0.0026771731209009886 0.002932565985247493 0.01106949895620346 0.019399922341108322 0.01873396895825863 0.00413421168923378 0.00156373530626297 -0.01088786218315363 0.004142632242292166 0.004913030192255974 0.004204043187201023 -0.004006152506917715 0.010529924184083939 0.0017014446202665567 -0.012467668391764164 0.005798259284347296 -0.010107450187206268 0.004970242734998465 -0.003017033915966749 -0.005988123826682568 -0.0012907146010547876 0.016018157824873924 0.003359464928507805 0.0053594945929944515 0.0077215232886374 -0.01397960539907217 -0.0008964528678916395 0.0019312946824356914 -0.006267574615776539 0.0027639674954116344 0.00564230652526021 0.005021641030907631 -0.003520636586472392 0.0005150689976289868 0.00741212535649538 -0.002580666448920965 0.012276964262127876 -0.005192218814045191 -0.005786864552646875 -0.005428539123386145 0.002171020023524761 0.006370667368173599 0.0038974054623395205 -0.007746876683086157 0.010310768149793148 0.016153346747159958 0.022960776463150978 0.023648910224437714 -0.0018034540116786957 -0.012938626110553741 0.0072091431356966496 -0.00020893597684334964 -0.008437832817435265 -0.004224992357194424 0.014635882340371609 -0.012714299373328686 0.004913173150271177 -0.012437161058187485 -0.009129412472248077 0.003310302272439003 -0.007542062550783157 0.0024005414452403784 0.005711116828024387 -0.011072676628828049 -0.009713985025882721 -0.037059832364320755 -0.0012534662382677197 -0.016303377225995064 -0.00326673686504364 -0.000507876044139266 -0.006091513205319643 0.004707757383584976 -0.005265381652861834 0.009444808587431908 0.002483031479641795 0.02600952796638012 -0.0003637824556790292 0.010052441619336605 0.01729331538081169 -0.003325092140585184 0.005287223495543003 -0.009014351293444633 0.002512481762096286 -0.0004734560789074749 -0.010579007677733898 0.010773001238703728 0.004858878441154957 -0.015935659408569336 0.0033282467629760504 0.0007846435764804482 0.009211713448166847 0.0034470201935619116 0.010607188567519188 0.02843602718292589 0.11662826054411009 0.2090787955082921 0.4292572576215529 0.5983493018890326 0.6811001861238494 0.8118238391563335 0.9148595680423769 0.9815922592585401 -1.0122945 -0.8756488 -0.7756789 -0.68703425 -0.5091317 -0.67306423 -0.78962684 -0.9607233 -1.0384358 -1.0545955 -0.8392663 -0.63006103 -0.5192646 -0.16713394 -0.45343846 -0.6845598 -0.9393568 -1.1043956
2 400 0.004471057094633579 0.028959373012185097 0.0026771731209009886 0.002932565985247493 0.01106949895620346 0.019399922341108322 0.01873396895825863 0.00413421168923378 0.00156373530626297 -0.01088786218315363 0.004142632242292166 0.004913030192255974 0.004204043187201023 -0.004006152506917715 0.010529924184083939 0.0017014446202665567 -0.012467668391764164 0.005798259284347296 -0.010107450187206268 0.004970242734998465 -0.003017033915966749 -0.005988123826682568 -0.0012907146010547876 0.016018157824873924 0.003359464928507805 0.0053594945929944515 0.0077215232886374 -0.01397960539907217 -0.0008964528678916395 0.0019312946824356914 -0.006267574615776539 0.0027639674954116344 0.00564230652526021 0.005021641030907631 -0.003520636586472392 0.0005150689976289868 0.00741212535649538 -0.002580666448920965 0.012276964262127876 -0.005192218814045191 -0.005786864552646875 -0.005428539123386145 0.002171020023524761 0.006370667368173599 0.0038974054623395205 -0.007746876683086157 0.010310768149793148 0.016153346747159958 0.022960776463150978 0.023648910224437714 -0.0018034540116786957 -0.012938626110553741 0.0072091431356966496 -0.00020893597684334964 -0.008437832817435265 -0.004224992357194424 0.014635882340371609 -0.012714299373328686 0.004913173150271177 -0.012437161058187485 -0.009129412472248077 0.003310302272439003 -0.007542062550783157 0.0024005414452403784 0.005711116828024387 -0.011072676628828049 -0.009713985025882721 -0.037059832364320755 -0.0012534662382677197 -0.016303377225995064 -0.00326673686504364 -0.000507876044139266 -0.006091513205319643 0.004707757383584976 -0.005265381652861834 0.009444808587431908 0.002483031479641795 0.02600952796638012 -0.0003637824556790292 0.010052441619336605 0.01729331538081169 -0.003325092140585184 0.005287223495543003 -0.009014351293444633 0.002512481762096286 -0.0004734560789074749 -0.010579007677733898 0.010773001238703728 0.004858878441154957 -0.015935659408569336 0.0033282467629760504 0.0007846435764804482 0.009211713448166847 0.0034470201935619116 0.010607188567519188 0.024916144301186667 0.08308940548589634 0.13656782204307977 0.2600183016307372 0.4088210043518639 0.5704253382957466 0.7510503411455755 0.8346640777173343 0.9243181110259685 -0.9981617 -0.8555836 -0.71960163 -0.5441484 -0.35613567 -0.5557535 -0.7385465 -0.84659517 -1.0128456 -1.0874104 -0.8336235 -0.6104642 -0.3326711 -0.03502986 -0.36278906 -0.6374291 -0.81055856 -1.0837278
0 400 -0.0 -0.0 -0.0 -0.0 -0.0 -0.0 -0.0 -0.0 -0.0 0.0 -0.0 -0.0 -0.0 0.0 -0.0 -0.0 0.0 -0.0 0.0 -0.0 0.0 0.0 0.0 -0.0 -0.0 -0.0 -0.0 0.0 0.0 -0.0 0.0 -0.0 -0.0 -0.0 0.0 -0.0 -0.0 0.0 -0.0 0.0 0.0 0.0 -0.0 -0.0 -0.0 0.0 -0.0 -0.0 -0.0 -0.0 0.0 0.0 -0.0 0.0 0.0 0.0 -0.0 0.0 -0.0 0.0 0.0 -0.0 0.0 -0.0 -0.0 0.0 0.0 0.0 0.0 0.0 0.0 0.0 0.0 -0.0 0.0 -0.0 -0.0 -0.0 0.0 -0.0 -0.0 0.0 -0.0 0.0 -0.0 0.0 0.0 -0.0 -0.0 0.0 -0.0 -0.0 -0.0 -0.0 -0.0 0.04767008166109169 0.13327786528865945 0.2735570925558405 0.4828083365079844 0.6734554858358605 0.7402554110817857 0.8503898541488918 0.9254551783065552 0.9849955383834424 -0.9539609 -0.84847486 -0.7162946 -0.50086516 -0.38023916 -0.46175444 -0.7059823 -0.8367447 -1.0173544 -0.9845631 -0.7967434 -0.56329715 -0.282933 -0.12828624 -0.24617843 -0.57202727 -0.83116364 -1.1075177
1 400 -0.0 -0.0 -0.0 -0.0 -0.0 -0.0 -0.0 -0.0 -0.0 0.0 -0.0 -0.0 -0.0 0.0 -0.0 -0.0 0.0 -0.0 0.0 -0.0 0.0 0.0 0.0 -0.0 -0.0 -0.0 -0.0 0.0 0.0 -0.0 0.0 -0.0 -0.0 -0.0 0.0 -0.0 -0.0 0.0 -0.0 0.0 0.0 0.0 -0.0 -0.0 -0.0 0.0 -0.0 -0.0 -0.0 -0.0 0.0 0.0 -0.0 0.0 0.0 0.0 -0.0 0.0 -0.0 0.0 0.0 -0.0 0.0 -0.0 -0.0 0.0 0.0 0.0 0.0 0.0 0.0 0.0 0.0 -0.0 0.0 -0.0 -0.0 -0.0 0.0 -0.0 -0.0 0.0 -0.0 0.0 -0.0 0.0 0.0 -0.0 -0.0 0.0 -0.0 -0.0 -0.0 -0.0 -0.0 0.04248162888810401 0.09618886693415966 0.16138673254031008 0.3466602871691309 0.49539565826744086 0.5900717425430938 0.7503264439282323 0.8737254602154335 0.9525467382381418 -1.0523417 -0.9200462 -0.7604667 -0.6012949 -0.4285801 -0.59684336 -0.7030075 -0.8776766 -0.97406876 -1.1076818 -0.8941456 -0.6393496 -0.402329 -0.10046096 -0.33721143 -0.5442401 -0.8303734 -0.99280465
2 400 -0.0 -0.0 -0.0 -0.0 -0.0 -0.0 -0.0 -0.0 -0.0 0.0 -0.0 -0.0 -0.0 0.0 -0.0 -0.0 0.0 -0.0 0.0 -0.0 0.0 0.0 0.0 -0.0 -0.0 -0.0 -0.0 0.0 0.0 -0.0 0.0 -0.0 -0.0 -0.0 0.0 -0.0 -0.0 0.0 -0.0 0.0 0.0 0.0 -0.0 -0.0 -0.0 0.0 -0.0 -0.0 -0.0 -0.0 0.0 0.0 -0.0 0.0 0.0 0.0 -0.0 0.0 -0.0 0.0 0.0 -0.0 0.0 -0.0 -0.0 0.0 0.0 0.0 0.0 0.0 0.0 0.0 0.0 -0.0 0.0 -0.0 -0.0 -0.0 0.0 -0.0 -0.0 0.0 -0.0 0.0 -0.0 0.0 0.0 -0.0 -0.0 0.0 -0.0 -0.0 -0.0 -0.0 -0.0 0.015012850125546151 0.04917945443043579 0.09935202727875334 0.21893598455303 0.364135148592879 0.42815292403730376 0.6363852780190644 0.8130656617549368 0.9106483846193376 -1.0253978 -0.88803047 -0.7745762 -0.56791794 -0.4403867 -0.48520276 -0.64515257 -0.7803645 -0.9758396 -1.1536604 -0.90973604 -0.70647407 -0.39072794 -0.15232201 -0.22965579 -0.47736868 -0.73646903 -1.014051
0 400 -0.004471057094633579 -0.028959373012185097 -0.0026771731209009886 -0.002932565985247493 -0.01106949895620346 -0.019399922341108322 -0.01873396895825863 -0.00413421168923378 -0.00156373530626297 0.01088786218315363 -0.004142632242292166 -0.004913030192255974 -0.004204043187201023 0.004006152506917715 -0.010529924184083939 -0.0017014446202665567 0.012467668391764164 -0.005798259284347296 0.010107450187206268 -0.004970242734998465 0.003017033915966749 0.005988123826682568 0.0012907146010547876 -0.016018157824873924 -0.003359464928507805 -0.0053594945929944515 -0.0077215232886374 0.01397960539907217 0.0008964528678916395 -0.0019312946824356914 0.006267574615776539 -0.0027639674954116344 -0.00564230652526021 -0.005021641030907631 0.003520636586472392 -0.0005150689976289868 -0.00741212535649538 0.002580666448920965 -0.012276964262127876 0.005192218814045191 0.005786864552646875 0.005428539123386145 -0.002171020023524761 -0.006370667368173599 -0.0038974054623395205 0.007746876683086157 -0.010310768149793148 -0.016153346747159958 -0.022960776463150978 -0.023648910224437714 0.0018034540116786957 0.012938626110553741 -0.0072091431356966496 0.00020893597684334964 0.008437832817435265 0.004224992357194424 -0.014635882340371609 0.012714299373328686 -0.004913173150271177 0.012437161058187485 0.009129412472248077 -0.003310302272439003 0.007542062550783157 -0.0024005414452403784 -0.005711116828024387 0.011072676628828049 0.009713985025882721 0.037059832364320755 0.0012534662382677197 0.016303377225995064 0.00326673686504364 0.000507876044139266 0.006091513205319643 -0.004707757383584976 0.005265381652861834 -0.009444808587431908 -0.002483031479641795 -0.02600952796638012 0.0003637824556790292 -0.010052441619336605 -0.01729331538081169 0.003325092140585184 -0.005287223495543003 0.009014351293444633 -0.002512481762096286 0.0004734560789074749 0.010579007677733898 -0.010773001238703728 -0.004858878441154957 0.015935659408569336 -0.0033282467629760504 -0.0007846435764804482 -0.009211713448166847 -0.0034470201935619116 -0.010607188567519188 0.03039172250348429 0.08281555969862218 0.21082353092560555 0.46130220110108394 0.6051619138063152 0.6393183780918392 0.7859124995579094 0.883068860851625 0.961395706025516 -0.96515405 -0.85559857 -0.715865 -0.3020169 -0.25981587 -0.34499842 -0.5502995 -0.68673384 -0.925761 -1.0618881 -0.83781743 -0.5827693 -0.112729 -0.038281024 -0.08366953 -0.4204842 -0.6286938 -0.95785487
1 400 -0.004471057094633579 -0.028959373012185097 -0.0026771731209009886 -0.002932565985247493 -0.01106949895620346 -0.019399922341108322 -0.01873396895825863 -0.00413421168923378 -0.00156373530626297 0.01088786218315363 -0.004142632242292166 -0.004913030192255974 -0.004204043187201023 0.004006152506917715 -0.010529924184083939 -0.0017014446202665567 0.012467668391764164 -0.005798259284347296 0.010107450187206268 -0.004970242734998465 0.003017033915966749 0.005988123826682568 0.0012907146010547876 -0.016018157824873924 -0.003359464928507805 -0.0053594945929944515 -0.0077215232886374 0.01397960539907217 0.0008964528678916395 -0.0019312946824356914 0.006267574615776539 -0.0027639674954116344 -0.00564230652526021 -0.005021641030907631 0.003520636586472392 -0.0005150689976289868 -0.00741212535649538 0.002580666448920965 -0.012276964262127876 0.005192218814045191 0.005786864552646875 0.005428539123386145 -0.002171020023524761 -0.006370667368173599 -0.0038974054623395205 0.007746876683086157 -0.010310768149793148 -0.016153346747159958 -0.022960776463150978 -0.023648910224437714 0.0018034540116786957 0.012938626110553741 -0.0072091431356966496 0.00020893597684334964 0.008437832817435265 0.004224992357194424 -0.014635882340371609 0.012714299373328686 -0.004913173150271177 0.012437161058187485 0.009129412472248077 -0.003310302272439003 0.007542062550783157 -0.0024005414452403784 -0.005711116828024387 0.011072676628828049 0.009713985025882721 0.037059832364320755 0.0012534662382677197 0.016303377225995064 0.00326673686504364 0.000507876044139266 0.006091513205319643 -0.004707757383584976 0.005265381652861834 -0.009444808587431908 -0.002483031479641795 -0.02600952796638012 0.0003637824556790292 -0.010052441619336605 -0.01729331538081169 0.003325092140585184 -0.005287223495543003 0.009014351293444633 -0.002512481762096286 0.0004734560789074749 0.010579007677733898 -0.010773001238703728 -0.004858878441154957 0.015935659408569336 -0.0033282467629760504 -0.0007846435764804482 -0.009211713448166847 -0.0034470201935619116 -0.010607188567519188 0.031436222132242495 0.07232812640757164 0.11829604222653906 0.2451918206336118 0.42025765618331407 0.47156725271384486 0.7115373164433788 0.8137487278670635 0.918784716806925 -1.0716743 -0.8988006 -0.7559502 -0.5766714 -0.4185623 -0.55728495 -0.5847976 -0.7950336 -0.88498616 -1.1506815 -0.8899436 -0.6576878 -0.3969859 -0.12600708 -0.29668254 -0.39906675 -0.7120496 -0.84964526
2 400 -0.004471057094633579 -0.028959373012185097 -0.0026771731209009886 -0.002932565985247493 -0.01106949895620346 -0.019399922341108322 -0.01873396895825863 -0.00413421168923378 -0.00156373530626297 0.01088786218315363 -0.004142632242292166 -0.004913030192255974 -0.004204043187201023 0.004006152506917715 -0.010529924184083939 -0.0017014446202665567 0.012467668391764164 -0.005798259284347296 0.010107450187206268 -0.004970242734998465 0.003017033915966749 0.005988123826682568 0.0012907146010547876 -0.016018157824873924 -0.003359464928507805 -0.0053594945929944515 -0.0077215232886374 0.01397960539907217 0.0008964528678916395 -0.0019312946824356914 0.006267574615776539 -0.0027639674954116344 -0.00564230652526021 -0.005021641030907631 0.003520636586472392 -0.0005150689976289868 -0.00741212535649538 0.002580666448920965 -0.012276964262127876 0.005192218814045191 0.005786864552646875 0.005428539123386145 -0.002171020023524761 -0.006370667368173599 -0.0038974054623395205 0.007746876683086157 -0.010310768149793148 -0.016153346747159958 -0.022960776463150978 -0.023648910224437714 0.0018034540116786957 0.012938626110553741 -0.0072091431356966496 0.00020893597684334964 0.008437832817435265 0.004224992357194424 -0.014635882340371609 0.012714299373328686 -0.004913173150271177 0.012437161058187485 0.009129412472248077 -0.003310302272439003 0.007542062550783157 -0.0024005414452403784 -0.005711116828024387 0.011072676628828049 0.009713985025882721 0.037059832364320755 0.0012534662382677197 0.016303377225995064 0.00326673686504364 0.000507876044139266 0.006091513205319643 -0.004707757383584976 0.005265381652861834 -0.009444808587431908 -0.002483031479641795 -0.02600952796638012 0.0003637824556790292 -0.010052441619336605 -0.01729331538081169 0.003325092140585184 -0.005287223495543003 0.009014351293444633 -0.002512481762096286 0.0004734560789074749 0.010579007677733898 -0.010773001238703728 -0.004858878441154957 0.015935659408569336 -0.0033282467629760504 -0.0007846435764804482 -0.009211713448166847 -0.0034470201935619116 -0.010607188567519188 0.009422157467892945 0.028456585426855294 0.06868168558905915 0.1611507341739664 0.2776195734486516 0.372141702602341 0.5709481292288396 0.7485734977205211 0.8747938998393433 -1.0462918 -0.90556335 -0.7810284 -0.6066786 -0.5299829 -0.45296425 -0.5038634 -0.71020997 -0.9278579 -1.2063732 -0.9663266 -0.7397487 -0.47500676 -0.27314898 -0.18569353 -0.3375991 -0.6344943 -0.9199325
0 400 -0.008942114189267159 -0.057918746024370193 -0.005354346241801977 -0.005865131970494986 -0.02213899791240692 -0.038799844682216644 -0.03746793791651726 -0.00826842337846756 -0.00312747061252594 0.02177572436630726 -0.008285264484584332 -0.009826060384511948 -0.008408086374402046 0.00801230501383543 -0.021059848368167877 -0.0034028892405331135 0.024935336783528328 -0.011596518568694592 0.020214900374412537 -0.00994048546999693 0.006034067831933498 0.011976247653365135 0.0025814292021095753 -0.03203631564974785 -0.00671892985701561 -0.010718989185988903 -0.0154430465772748 0.02795921079814434 0.001792905735783279 -0.0038625893648713827 0.012535149231553078 -0.005527934990823269 -0.01128461305052042 -0.010043282061815262 0.007041273172944784 -0.0010301379952579737 -0.01482425071299076 0.00516133289784193 -0.024553928524255753 0.010384437628090382 0.01157372910529375 0.01085707824677229 -0.004342040047049522 -0.012741334736347198 -0.007794810924679041 0.015493753366172314 -0.020621536299586296 -0.032306693494319916 -0.045921552926301956 -0.04729782044887543 0.0036069080233573914 0.025877252221107483 -0.014418286271393299 0.00041787195368669927 0.01687566563487053 0.008449984714388847 -0.029271764680743217 0.02542859874665737 -0.009826346300542355 0.02487432211637497 0.018258824944496155 -0.006620604544878006 0.015084125101566315 -0.004801082890480757 -0.011422233656048775 0.022145353257656097 0.019427970051765442 0.07411966472864151 0.0025069324765354395 0.03260675445199013 0.00653347373008728 0.001015752088278532 0.012183026410639286 -0.009415514767169952 0.010530763305723667 -0.018889617174863815 -0.00496606295928359 -0.05201905593276024 0.0007275649113580585 -0.02010488323867321 -0.03458663076162338 0.006650184281170368 -0.010574446991086006 0.018028702586889267 -0.005024963524192572 0.0009469121578149498 0.021158015355467796 -0.021546002477407455 -0.009717756882309914 0.03187131881713867 -0.006656493525952101 -0.0015692871529608965 -0.018423426896333694 -0.006894040387123823 -0.021214377135038376 0.017818670233880923 0.0687895297918751 0.1512262209135969 0.5340256574746173 0.5482706608483252 0.6153116030679877 0.7665891337332184 0.8432185322944343 0.9119563159143264 -0.98008454 -0.8424274 -0.7264519 -0.25628653 -0.17984346 -0.40117925 -0.52978474 -0.5731481 -0.6981058 -1.1591103 -0.7890018 -0.6186985 -0.12038985 0.040486813 -0.15809798 -0.44446468 -0.5002353 -0.6696161
1 400 -0.008942114189267159 -0.057918746024370193 -0.005354346241801977 -0.005865131970494986 -0.02213899791240692 -0.038799844682216644 -0.03746793791651726 -0.00826842337846756 -0.00312747061252594 0.02177572436630726 -0.008285264484584332 -0.009826060384511948 -0.008408086374402046 0.00801230501383543 -0.021059848368167877 -0.0034028892405331135 0.024935336783528328 -0.011596518568694592 0.020214900374412537 -0.00994048546999693 0.006034067831933498 0.011976247653365135 0.0025814292021095753 -0.03203631564974785 -0.00671892985701561 -0.010718989185988903 -0.0154430465772748 0.02795921079814434 0.001792905735783279 -0.0038625893648713827 0.012535149231553078 -0.005527934990823269 -0.01128461305052042 -0.010043282061815262 0.007041273172944784 -0.0010301379952579737 -0.01482425071299076 0.00516133289784193 -0.024553928524255753 0.010384437628090382 0.01157372910529375 0.01085707824677229 -0.004342040047049522 -0.012741334736347198 -0.007794810924679041 0.015493753366172314 -0.020621536299586296 -0.032306693494319916 -0.045921552926301956 -0.04729782044887543 0.0036069080233573914 0.025877252221107483 -0.014418286271393299 0.00041787195368669927 0.01687566563487053 0.008449984714388847 -0.029271764680743217 0.02542859874665737 -0.009826346300542355 0.02487432211637497 0.018258824944496155 -0.006620604544878006 0.015084125101566315 -0.004801082890480757 -0.011422233656048775 0.022145353257656097 0.019427970051765442 0.07411966472864151 0.0025069324765354395 0.03260675445199013 0.00653347373008728 0.001015752088278532 0.012183026410639286 -0.009415514767169952 0.010530763305723667 -0.018889617174863815 -0.00496606295928359 -0.05201905593276024 0.0007275649113580585 -0.02010488323867321 -0.03458663076162338 0.006650184281170368 -0.010574446991086006 0.018028702586889267 -0.005024963524192572 0.0009469121578149498 0.021158015355467796 -0.021546002477407455 -0.009717756882309914 0.03187131881713867 -0.006656493525952101 -0.0015692871529608965 -0.018423426896333694 -0.006894040387123823 -0.021214377135038376 0.01761412301329277 0.0444457066270379 0.08923276447491367 0.14997541711347925 0.3319932406199513 0.4739627801202054 0.6414633725765302 0.7107079652278203 0.8826676854980361 -1.0731195 -1.0102774 -0.7612941 -0.6546202 -0.3638759 -0.5387474 -0.59393907 -0.66783226 -0.7750392 -1.2286583 -1.0691999 -0.6816219 -0.5346321 -0.18496573 -0.29213735 -0.4605565 -0.5425906 -0.68819934
2 400 -0.008942114189267159 -0.057918746024370193 -0.005354346241801977 -0.005865131970494986 -0.02213899791240692 -0.038799844682216644 -0.03746793791651726 -0.00826842337846756 -0.00312747061252594 0.02177572436630726 -0.008285264484584332 -0.009826060384511948 -0.008408086374402046 0.00801230501383543 -0.021059848368167877 -0.0034028892405331135 0.024935336783528328 -0.011596518568694592 0.020214900374412537 -0.00994048546999693 0.006034067831933498 0.011976247653365135 0.0025814292021095753 -0.03203631564974785 -0.00671892985701561 -0.010718989185988903 -0.0154430465772748 0.02795921079814434 0.001792905735783279 -0.0038625893648713827 0.012535149231553078 -0.005527934990823269 -0.01128461305052042 -0.010043282061815262 0.007041273172944784 -0.0010301379952579737 -0.01482425071299076 0.00516133289784193 -0.024553928524255753 0.010384437628090382 0.01157372910529375 0.01085707824677229 -0.004342040047049522 -0.012741334736347198 -0.007794810924679041 0.015493753366172314 -0.020621536299586296 -0.032306693494319916 -0.045921552926301956 -0.04729782044887543 0.0036069080233573914 0.025877252221107483 -0.014418286271393299 0.00041787195368669927 0.01687566563487053 0.008449984714388847 -0.029271764680743217 0.02542859874665737 -0.009826346300542355 0.02487432211637497 0.018258824944496155 -0.006620604544878006 0.015084125101566315 -0.004801082890480757 -0.011422233656048775 0.022145353257656097 0.019427970051765442 0.07411966472864151 0.0025069324765354395 0.03260675445199013 0.00653347373008728 0.001015752088278532 0.012183026410639286 -0.009415514767169952 0.010530763305723667 -0.018889617174863815 -0.00496606295928359 -0.05201905593276024 0.0007275649113580585 -0.02010488323867321 -0.03458663076162338 0.006650184281170368 -0.010574446991086006 0.018028702586889267 -0.005024963524192572 0.0009469121578149498 0.021158015355467796 -0.021546002477407455 -0.009717756882309914 0.03187131881713867 -0.006656493525952101 -0.0015692871529608965 -0.018423426896333694 -0.006894040387123823 -0.021214377135038376 0.005767960517775142 0.02416704971602721 0.04347002729811056 0.08693531171657147 0.15292871537157635 0.32901012625103426 0.4705470032176396 0.7134400994865525 0.834374130418179 -1.0648588 -0.9361081 -0.7845596 -0.7767527 -0.6126901 -0.5556732 -0.56694657 -0.67666095 -0.866678 -1.2551687 -1.0196278 -0.7711208 -0.85151887 -0.47565815 -0.36287382 -0.61293703 -0.57445586 -0.8199668
0 400 -0.013413171283900738 -0.08687812089920044 -0.008031520061194897 -0.00879769865423441 -0.03320849686861038 -0.058199767023324966 -0.056201908737421036 -0.012402635999023914 -0.00469120591878891 0.03266358748078346 -0.012427897192537785 -0.014739091508090496 -0.01261212956160307 0.012018457986414433 -0.031589772552251816 -0.005104334093630314 0.037403006106615067 -0.01739477925002575 0.030322352424263954 -0.014910728670656681 0.009051102213561535 0.017964372411370277 0.003872143803164363 -0.048054471611976624 -0.010078394785523415 -0.016078485175967216 -0.023164570331573486 0.041938815265893936 0.0026893585454672575 -0.005793883930891752 0.01880272477865219 -0.00829190295189619 -0.016926920041441917 -0.015064924024045467 0.010561910457909107 -0.0015452069928869605 -0.022236377000808716 0.007741999346762896 -0.03683089464902878 0.01557665690779686 0.017360594123601913 0.016285618767142296 -0.006513060536235571 -0.019112002104520798 -0.011692216619849205 0.023240631446242332 -0.03093230538070202 -0.048460040241479874 -0.06888233125209808 -0.07094673067331314 0.005410362035036087 0.038815878331661224 -0.021627429872751236 0.0006268079741857946 0.025313498452305794 0.012674977071583271 -0.04390764608979225 0.03814290091395378 -0.014739518985152245 0.037311483174562454 0.02738823927938938 -0.009930906817317009 0.022626187652349472 -0.0072016241028904915 -0.017133351415395737 0.033218029886484146 0.029141956940293312 0.11117950081825256 0.003760398831218481 0.04891013354063034 0.00980021059513092 0.0015236282488331199 0.018274540081620216 -0.014123273082077503 0.015796145424246788 -0.028334425762295723 -0.007449094206094742 -0.07802858203649521 0.0010913474252447486 -0.03015732578933239 -0.051879946142435074 0.00997527688741684 -0.015861671417951584 0.0270430538803339 -0.007537445519119501 0.001420368324033916 0.03173702210187912 -0.03231900557875633 -0.01457663532346487 0.047806981950998306 -0.009984740056097507 -0.0023539308458566666 -0.02763514034450054 -0.010341060347855091 -0.03182156756520271 0.0072505761318238295 0.06287441594290877 0.09836130775693189 0.49062941179154135 0.39431713058716467 0.5804716516235092 0.7307996961407351 0.8789035582222499 0.910996497579316 -0.8274327 -0.83227825 -0.7977794 -0.23678184 -0.0699389 -0.43883812 -0.51458484 -0.5852839 -0.4460729 -1.1136632 -0.73400104 -0.7783328 -0.44400275 -0.12595215 -0.2740791 -0.6122916 -0.553565 -0.38617858
1 400 -0.013413171283900738 -0.08687812089920044 -0.008031520061194897 -0.00879769865423441 -0.03320849686861038 -0.058199767023324966 -0.056201908737421036 -0.012402635999023914 -0.00469120591878891 0.03266358748078346 -0.012427897192537785 -0.014739091508090496 -0.01261212956160307 0.012018457986414433 -0.031589772552251816 -0.005104334093630314 0.037403006106615067 -0.01739477925002575 0.030322352424263954 -0.014910728670656681 0.009051102213561535 0.017964372411370277 0.003872143803164363 -0.048054471611976624 -0.010078394785523415 -0.016078485175967216 -0.023164570331573486 0.041938815265893936 0.0026893585454672575 -0.005793883930891752 0.01880272477865219 -0.00829190295189619 -0.016926920041441917 -0.015064924024045467 0.010561910457909107 -0.0015452069928869605 -0.022236377000808716 0.007741999346762896 -0.03683089464902878 0.01557665690779686 0.017360594123601913 0.016285618767142296 -0.006513060536235571 -0.019112002104520798 -0.011692216619849205 0.023240631446242332 -0.03093230538070202 -0.048460040241479874 -0.06888233125209808 -0.07094673067331314 0.005410362035036087 0.038815878331661224 -0.021627429872751236 0.0006268079741857946 0.025313498452305794 0.012674977071583271 -0.04390764608979225 0.03814290091395378 -0.014739518985152245 0.037311483174562454 0.02738823927938938 -0.009930906817317009 0.022626187652349472 -0.0072016241028904915 -0.017133351415395737 0.033218029886484146 0.029141956940293312 0.11117950081825256 0.003760398831218481 0.04891013354063034 0.00980021059513092 0.0015236282488331199 0.018274540081620216 -0.014123273082077503 0.015796145424246788 -0.028334425762295723 -0.007449094206094742 -0.07802858203649521 0.0010913474252447486 -0.03015732578933239 -0.051879946142435074 0.00997527688741684 -0.015861671417951584 0.0270430538803339 -0.007537445519119501 0.001420368324033916 0.03173702210187912 -0.03231900557875633 -0.01457663532346487 0.047806981950998306 -0.009984740056097507 -0.0023539308458566666 -0.02763514034450054 -0.010341060347855091 -0.03182156756520271 0.008971867836074216 0.0425934695396916 0.06423013314857304 0.05797838041433761 0.18349025848465006 0.5894555120179286 0.4801947475608327 0.621582732960018 0.858195351254459 -1.04244 -0.9518398 -0.7662358 -0.6276737 -0.28456235 -0.5406729 -0.50847876 -0.577018 -0.631158 -1.288278 -1.0349094 -0.70772827 -0.753665 -0.2934204 -0.3050102 -0.6262814 -0.4313387 -0.5060972
2 400 -0.013413171283900738 -0.08687812089920044 -0.008031520061194897 -0.00879769865423441 -0.03320849686861038 -0.058199767023324966 -0.056201908737421036 -0.012402635999023914 -0.00469120591878891 0.03266358748078346 -0.012427897192537785 -0.014739091508090496 -0.01261212956160307 0.012018457986414433 -0.031589772552251816 -0.005104334093630314 0.037403006106615067 -0.01739477925002575 0.030322352424263954 -0.014910728670656681 0.009051102213561535 0.017964372411370277 0.003872143803164363 -0.048054471611976624 -0.010078394785523415 -0.016078485175967216 -0.023164570331573486 0.041938815265893936 0.0026893585454672575 -0.005793883930891752 0.01880272477865219 -0.00829190295189619 -0.016926920041441917 -0.015064924024045467 0.010561910457909107 -0.0015452069928869605 -0.022236377000808716 0.007741999346762896 -0.03683089464902878 0.01557665690779686 0.017360594123601913 0.016285618767142296 -0.006513060536235571 -0.019112002104520798 -0.011692216619849205 0.023240631446242332 -0.03093230538070202 -0.048460040241479874 -0.06888233125209808 -0.07094673067331314 0.005410362035036087 0.038815878331661224 -0.021627429872751236 0.0006268079741857946 0.025313498452305794 0.012674977071583271 -0.04390764608979225 0.03814290091395378 -0.014739518985152245 0.037311483174562454 0.02738823927938938 -0.009930906817317009 0.022626187652349472 -0.0072016241028904915 -0.017133351415395737 0.033218029886484146 0.029141956940293312 0.11117950081825256 0.003760398831218481 0.04891013354063034 0.00980021059513092 0.0015236282488331199 0.018274540081620216 -0.014123273082077503 0.015796145424246788 -0.028334425762295723 -0.007449094206094742 -0.07802858203649521 0.0010913474252447486 -0.03015732578933239 -0.051879946142435074 0.00997527688741684 -0.015861671417951584 0.0270430538803339 -0.007537445519119501 0.001420368324033916 0.03173702210187912 -0.03231900557875633 -0.01457663532346487 0.047806981950998306 -0.009984740056097507 -0.0023539308458566666 -0.02763514034450054 -0.010341060347855091 -0.03182156756520271 0.0031607492966734775 0.025195884100701647 0.026635404531099464 0.08873331103243647 0.06500281844438607 0.33206946541720267 0.37359328695999633 0.6101406418442717 0.8176300943262115 -1.0722356 -0.9451556 -0.81718105 -0.8972515 -0.69244766 -0.6680735 -0.5778541 -0.6922265 -0.7550515 -1.3371016 -1.0403777 -0.8505919 -1.2486265 -0.7870494 -0.56986165 -0.9132098 -0.605382 -0.6643826
0 400 -0.017884228378534317 -0.11583749204874039 -0.010708692483603954 -0.011730263940989971 -0.04427799582481384 -0.07759968936443329 -0.07493587583303452 -0.01653684675693512 -0.00625494122505188 0.04355144873261452 -0.016570528969168663 -0.019652120769023895 -0.016816172748804092 0.01602461002767086 -0.042119696736335754 -0.006805778481066227 0.049870673567056656 -0.023193037137389183 0.04042980074882507 -0.01988097093999386 0.012068135663866997 0.02395249530673027 0.0051628584042191505 -0.0640726312994957 -0.01343785971403122 -0.021437978371977806 -0.0308860931545496 0.05591842159628868 0.003585811471566558 -0.007725178729742765 0.025070298463106155 -0.011055869981646538 -0.02256922610104084 -0.020086564123630524 0.014082546345889568 -0.0020602759905159473 -0.02964850142598152 0.01032266579568386 -0.049107857048511505 0.020768875256180763 0.0231474582105875 0.02171415649354458 -0.008684080094099045 -0.025482669472694397 -0.015589621849358082 0.030987506732344627 -0.04124307259917259 -0.06461338698863983 -0.09184310585260391 -0.09459564089775085 0.007213816046714783 0.051754504442214966 -0.028836572542786598 0.0008357439073733985 0.03375133126974106 0.016899969428777695 -0.058543529361486435 0.05085719749331474 -0.01965269260108471 0.04974864423274994 0.03651764988899231 -0.013241209089756012 0.03016825020313263 -0.009602165780961514 -0.02284446731209755 0.044290706515312195 0.038855940103530884 0.14823932945728302 0.005013864953070879 0.06521350890398026 0.01306694746017456 0.002031504176557064 0.024366052821278572 -0.018831029534339905 0.021061526611447334 -0.03777923434972763 -0.00993212591856718 -0.10403811186552048 0.001455129822716117 -0.04020976647734642 -0.06917326152324677 0.013300368562340736 -0.021148893982172012 0.036057405173778534 -0.010049927048385143 0.0018938243156298995 0.04231603071093559 -0.04309200495481491 -0.019435513764619827 0.06374263763427734 -0.013312987051904202 -0.003138574305921793 -0.03684685379266739 -0.013788080774247646 -0.04242875427007675 0.002595541479474485 0.07726455692117198 0.09889730657593485 0.3625715646586637 0.2877033892898961 0.6412226682690976 0.5687046892906323 0.8929339441365692 0.9373123519118136 -0.605039 -0.87186986 -0.91984034 -0.18160447 0.0039643943 -0.7041686 -0.4571606 -0.42837927 -0.32554415 -0.99690664 -0.80611324 -1.0351955 -0.6900766 -0.30012155 -0.7100451 -0.857069 -0.35594124 -0.26668835
1 400 -0.017884228378534317 -0.11583749204874039 -0.010708692483603954 -0.011730263940989971 -0.04427799582481384 -0.07759968936443329 -0.07493587583303452 -0.01653684675693512 -0.00625494122505188 0.04355144873261452 -0.016570528969168663 -0.019652120769023895 -0.016816172748804092 0.01602461002767086 -0.042119696736335754 -0.006805778481066227 0.049870673567056656 -0.023193037137389183 0.04042980074882507 -0.01988097093999386 0.012068135663866997 0.02395249530673027 0.0051628584042191505 -0.0640726312994957 -0.01343785971403122 -0.021437978371977806 -0.0308860931545496 0.05591842159628868 0.003585811471566558 -0.007725178729742765 0.025070298463106155 -0.011055869981646538 -0.02256922610104084 -0.020086564123630524 0.014082546345889568 -0.0020602759905159473 -0.02964850142598152 0.01032266579568386 -0.049107857048511505 0.020768875256180763 0.0231474582105875 0.02171415649354458 -0.008684080094099045 -0.025482669472694397 -0.015589621849358082 0.030987506732344627 -0.04124307259917259 -0.06461338698863983 -0.09184310585260391 -0.09459564089775085 0.007213816046714783 0.051754504442214966 -0.028836572542786598 0.0008357439073733985 0.03375133126974106 0.016899969428777695 -0.058543529361486435 0.05085719749331474 -0.01965269260108471 0.04974864423274994 0.03651764988899231 -0.013241209089756012 0.03016825020313263 -0.009602165780961514 -0.02284446731209755 0.044290706515312195 0.038855940103530884 0.14823932945728302 0.005013864953070879 0.06521350890398026 0.01306694746017456 0.002031504176557064 0.024366052821278572 -0.018831029534339905 0.021061526611447334 -0.03777923434972763 -0.00993212591856718 -0.10403811186552048 0.001455129822716117 -0.04020976647734642 -0.06917326152324677 0.013300368562340736 -0.021148893982172012 0.036057405173778534 -0.010049927048385143 0.0018938243156298995 0.04231603071093559 -0.04309200495481491 -0.019435513764619827 0.06374263763427734 -0.013312987051904202 -0.003138574305921793 -0.03684685379266739 -0.013788080774247646 -0.04242875427007675 0.004843883503182642 0.0665995067103111 0.05242202183257705 0.06635434397712336 0.21676764874485432 0.6333295332288934 0.5052385032617233 0.5932369244691151 0.8118486568963889 -1.0232373 -0.9305695 -0.7689998 -0.547977 -0.23348032 -0.57173175 -0.3616295 -0.5189911 -0.55821985 -1.3798356 -1.0365845 -0.7339158 -1.0001045 -0.4668161 -0.38208628 -0.8063282 -0.39487532 -0.4080457
2 400 -0.017884228378534317 -0.11583749204874039 -0.010708692483603954 -0.011730263940989971 -0.04427799582481384 -0.07759968936443329 -0.07493587583303452 -0.01653684675693512 -0.00625494122505188 0.04355144873261452 -0.016570528969168663 -0.019652120769023895 -0.016816172748804092 0.01602461002767086 -0.042119696736335754 -0.006805778481066227 0.049870673567056656 -0.023193037137389183 0.04042980074882507 -0.01988097093999386 0.012068135663866997 0.02395249530673027 0.0051628584042191505 -0.0640726312994957 -0.01343785971403122 -0.021437978371977806 -0.0308860931545496 0.05591842159628868 0.003585811471566558 -0.007725178729742765 0.025070298463106155 -0.011055869981646538 -0.02256922610104084 -0.020086564123630524 0.014082546345889568 -0.0020602759905159473 -0.02964850142598152 0.01032266579568386 -0.049107857048511505 0.020768875256180763 0.0231474582105875 0.02171415649354458 -0.008684080094099045 -0.025482669472694397 -0.015589621849358082 0.030987506732344627 -0.04124307259917259 -0.06461338698863983 -0.09184310585260391 -0.09459564089775085 0.007213816046714783 0.051754504442214966 -0.028836572542786598 0.0008357439073733985 0.03375133126974106 0.016899969428777695 -0.058543529361486435 0.05085719749331474 -0.01965269260108471 0.04974864423274994 0.03651764988899231 -0.013241209089756012 0.03016825020313263 -0.009602165780961514 -0.02284446731209755 0.044290706515312195 0.038855940103530884 0.14823932945728302 0.005013864953070879 0.06521350890398026 0.01306694746017456 0.002031504176557064 0.024366052821278572 -0.018831029534339905 0.021061526611447334 -0.03777923434972763 -0.00993212591856718 -0.10403811186552048 0.001455129822716117 -0.04020976647734642 -0.06917326152324677 0.013300368562340736 -0.021148893982172012 0.036057405173778534 -0.010049927048385143 0.0018938243156298995 0.04231603071093559 -0.04309200495481491 -0.019435513764619827 0.06374263763427734 -0.013312987051904202 -0.003138574305921793 -0.03684685379266739 -0.013788080774247646 -0.04242875427007675 0.001555452242707892 0.023126923354483728 0.020982850739399275 0.06571742115577817 0.04716220589962955 0.43393147876419397 0.31861268135450255 0.5377077228699627 0.8531676103157656 -1.0634047 -0.9399867 -0.909223 -1.0416352 -0.7626494 -0.8007928 -0.75971615 -0.71498084 -0.74334264 -1.505304 -1.0168825 -1.0470864 -1.6883808 -1.0988028 -0.840013 -1.3716911 -0.692924 -0.645676
0 400 -0.02235528454184532 -0.14479686319828033 -0.013385865837335587 -0.014662830159068108 -0.0553474947810173 -0.09699960798025131 -0.0936698466539383 -0.0206710584461689 -0.00781867653131485 0.05443930998444557 -0.020713161677122116 -0.02456515096127987 -0.02102021500468254 0.020030763000249863 -0.05264962092041969 -0.00850722286850214 0.062338341027498245 -0.028991296887397766 0.05053725093603134 -0.02485121414065361 0.015085169114172459 0.029940618202090263 0.0064535727724432945 -0.08009078353643417 -0.016797324642539024 -0.026797473430633545 -0.03860761597752571 0.06989802420139313 0.004482264164835215 -0.009656473062932491 0.03133787214756012 -0.013819837011396885 -0.028211532160639763 -0.025108205154538155 0.017603183165192604 -0.0025753448717296124 -0.03706062585115433 0.012903331778943539 -0.06138481944799423 0.025961093604564667 0.02893432229757309 0.02714269608259201 -0.010855100117623806 -0.031853336840867996 -0.01948702707886696 0.03873438388109207 -0.051553841680288315 -0.08076673001050949 -0.11480388045310974 -0.11824455112218857 0.009017270058393478 0.06469313055276871 -0.03604571521282196 0.0010446798987686634 0.042189162224531174 0.021124960854649544 -0.07317940890789032 0.063571497797966 -0.024565864354372025 0.062185805290937424 0.04564706236124039 -0.016551511362195015 0.03771031275391579 -0.012002706527709961 -0.028555583208799362 0.055363383144140244 0.048569925129413605 0.18529915809631348 0.006267331074923277 0.08151688426733017 0.0163336843252182 0.00253938022069633 0.030457565560936928 -0.02353878691792488 0.02632690779864788 -0.04722404107451439 -0.012415156699717045 -0.13004763424396515 0.0018189122201874852 -0.0502622090280056 -0.08646657317876816 0.016625460237264633 -0.02643611654639244 0.04507175460457802 -0.012562409043312073 0.002367280423641205 0.05289503559470177 -0.05386500433087349 -0.02429439127445221 0.07967829704284668 -0.01664123311638832 -0.003923217765986919 -0.04605856537818909 -0.017235100269317627 -0.05303594097495079 0.000901553683383855 0.06828406665604764 0.1556713871935604 0.29985060743943065 0.2109718962946584 0.6827791157418198 0.504031736316054 0.8805046065629287 0.962869030402846 -0.4033817 -0.9433175 -1.0487379 -0.12079319 0.13178101 -0.908262 -0.33025903 -0.1404069 -0.3106532 -0.89780056 -1.1434327 -1.3078243 -0.900741 -0.38945922 -1.0391946 -0.97016656 -0.013519585 -0.27362612
1 400 -0.02235528454184532 -0.14479686319828033 -0.013385865837335587 -0.014662830159068108 -0.0553474947810173 -0.09699960798025131 -0.0936698466539383 -0.0206710584461689 -0.00781867653131485 0.05443930998444557 -0.020713161677122116 -0.02456515096127987 -0.02102021500468254 0.020030763000249863 -0.05264962092041969 -0.00850722286850214 0.062338341027498245 -0.028991296887397766 0.05053725093603134 -0.02485121414065361 0.015085169114172459 0.029940618202090263 0.0064535727724432945 -0.08009078353643417 -0.016797324642539024 -0.026797473430633545 -0.03860761597752571 0.06989802420139313 0.004482264164835215 -0.009656473062932491 0.03133787214756012 -0.013819837011396885 -0.028211532160639763 -0.025108205154538155 0.017603183165192604 -0.0025753448717296124 -0.03706062585115433 0.012903331778943539 -0.06138481944799423 0.025961093604564667 0.02893432229757309 0.02714269608259201 -0.010855100117623806 -0.031853336840867996 -0.01948702707886696 0.03873438388109207 -0.051553841680288315 -0.08076673001050949 -0.11480388045310974 -0.11824455112218857 0.009017270058393478 0.06469313055276871 -0.03604571521282196 0.0010446798987686634 0.042189162224531174 0.021124960854649544 -0.07317940890789032 0.063571497797966 -0.024565864354372025 0.062185805290937424 0.04564706236124039 -0.016551511362195015 0.03771031275391579 -0.012002706527709961 -0.028555583208799362 0.055363383144140244 0.048569925129413605 0.18529915809631348 0.006267331074923277 0.08151688426733017 0.0163336843252182 0.00253938022069633 0.030457565560936928 -0.02353878691792488 0.02632690779864788 -0.04722404107451439 -0.012415156699717045 -0.13004763424396515 0.0018189122201874852 -0.0502622090280056 -0.08646657317876816 0.016625460237264633 -0.02643611654639244 0.04507175460457802 -0.012562409043312073 0.002367280423641205 0.05289503559470177 -0.05386500433087349 -0.02429439127445221 0.07967829704284668 -0.01664123311638832 -0.003923217765986919 -0.04605856537818909 -0.017235100269317627 -0.05303594097495079 0.003266559662115235 0.10037589652105224 0.06599839299109474 0.06971853240925463 0.16421272439702397 0.593491354636393 0.5210218119524598 0.5736855138698664 0.734234366806942 -0.9741298 -0.9652271 -0.81300104 -0.6522586 -0.29343164 -0.65872157 -0.46105978 -0.6449532 -0.4990918 -1.4686323 -1.1123959 -0.8381723 -1.4281818 -0.83959115 -0.56384003 -1.2143265 -0.6464349 -0.32090622
2 400 -0.02235528454184532 -0.14479686319828033 -0.013385865837335587 -0.014662830159068108 -0.0553474947810173 -0.09699960798025131 -0.0936698466539383 -0.0206710584461689 -0.00781867653131485 0.05443930998444557 -0.020713161677122116 -0.02456515096127987 -0.02102021500468254 0.020030763000249863 -0.05264962092041969 -0.00850722286850214 0.062338341027498245 -0.028991296887397766 0.05053725093603134 -0.02485121414065361 0.015085169114172459 0.029940618202090263 0.0064535727724432945 -0.08009078353643417 -0.016797324642539024 -0.026797473430633545 -0.03860761597752571 0.06989802420139313 0.004482264164835215 -0.009656473062932491 0.03133787214756012 -0.013819837011396885 -0.028211532160639763 -0.025108205154538155 0.017603183165192604 -0.0025753448717296124 -0.03706062585115433 0.012903331778943539 -0.06138481944799423 0.025961093604564667 0.02893432229757309 0.02714269608259201 -0.010855100117623806 -0.031853336840867996 -0.01948702707886696 0.03873438388109207 -0.051553841680288315 -0.08076673001050949 -0.11480388045310974 -0.11824455112218857 0.009017270058393478 0.06469313055276871 -0.03604571521282196 0.0010446798987686634 0.042189162224531174 0.021124960854649544 -0.07317940890789032 0.063571497797966 -0.024565864354372025 0.062185805290937424 0.04564706236124039 -0.016551511362195015 0.03771031275391579 -0.012002706527709961 -0.028555583208799362 0.055363383144140244 0.048569925129413605 0.18529915809631348 0.006267331074923277 0.08151688426733017 0.0163336843252182 0.00253938022069633 0.030457565560936928 -0.02353878691792488 0.02632690779864788 -0.04722404107451439 -0.012415156699717045 -0.13004763424396515 0.0018189122201874852 -0.0502622090280056 -0.08646657317876816 0.016625460237264633 -0.02643611654639244 0.04507175460457802 -0.012562409043312073 0.002367280423641205 0.05289503559470177 -0.05386500433087349 -0.02429439127445221 0.07967829704284668 -0.01664123311638832 -0.003923217765986919 -0.04605856537818909 -0.017235100269317627 -0.05303594097495079 0.0009685478509576055 0.030849209987958943 0.035409722423431225 0.05010134215040303 0.03748145722776708 0.5251391027902503 0.2622579838762422 0.4706321942163002 0.8938651435689133 -1.0690908 -1.0283823 -1.0239818 -1.1322044 -0.80471015 -0.9598513 -1.0271772 -0.7712816 -0.7587458 -1.6860248 -1.2102008 -1.3060037 -2.0615861 -1.3923396 -1.131532 -1.9059998 -0.81868184 -0.69393235
0 400 -0.026826342567801476 -0.17375624179840088 -0.016063040122389793 -0.01759539730846882 -0.06641699373722076 -0.11639953404664993 -0.11240381747484207 -0.02480527199804783 -0.00938241183757782 0.06532717496156693 -0.02485579438507557 -0.029478183016180992 -0.02522425912320614 0.024036915972828865 -0.06317954510450363 -0.010208668187260628 0.07480601221323013 -0.0347895585000515 0.06064470484852791 -0.029821457341313362 0.01810220442712307 0.035928744822740555 0.007744287606328726 -0.09610894322395325 -0.02015678957104683 -0.03215697035193443 -0.04632914066314697 0.08387763053178787 0.005378717090934515 -0.011587767861783504 0.03760544955730438 -0.01658380590379238 -0.033853840082883835 -0.030129848048090935 0.021123820915818214 -0.003090413985773921 -0.04447275400161743 0.015483998693525791 -0.07366178929805756 0.03115331381559372 0.03472118824720383 0.03257123753428459 -0.013026121072471142 -0.038224004209041595 -0.02338443323969841 0.046481262892484665 -0.06186461076140404 -0.09692008048295975 -0.13776466250419617 -0.14189346134662628 0.010820724070072174 0.07763175666332245 -0.04325485974550247 0.0012536159483715892 0.05062699690461159 0.025349954143166542 -0.0878152921795845 0.07628580182790756 -0.02947903797030449 0.07462296634912491 0.05477647855877876 -0.019861813634634018 0.045252375304698944 -0.014403248205780983 -0.03426670283079147 0.06643605977296829 0.058283913880586624 0.22235900163650513 0.007520797662436962 0.09782026708126068 0.01960042119026184 0.0030472564976662397 0.03654908016324043 -0.028246546164155006 0.031592290848493576 -0.056668851524591446 -0.014898188412189484 -0.15605716407299042 0.002182694850489497 -0.06031465157866478 -0.10375989228487015 0.01995055377483368 -0.03172334283590317 0.0540861077606678 -0.015074891038239002 0.002840736648067832 0.06347404420375824 -0.06463801115751266 -0.02915327064692974 0.09561396390199661 -0.019969480112195015 -0.004707861691713333 -0.05527028068900108 -0.020682120695710182 -0.06364313513040543 0.0004595682078433124 0.05868287453945537 0.22176965597792192 0.25380132826380647 0.1536968259984879 0.716941447594133 0.5013444266574103 0.9448283282208119 0.9745099898657813 -0.20417264 -0.8811449 -1.0692935 -0.054639786 0.25199166 -1.0465275 -0.2869593 -0.5309811 -0.1775904 -0.80953324 -1.3350239 -1.4328134 -1.1093843 -0.47987613 -1.3310564 -1.2051895 -0.65206754 -0.10757133
1 400 -0.026826342567801476 -0.17375624179840088 -0.016063040122389793 -0.01759539730846882 -0.06641699373722076 -0.11639953404664993 -0.11240381747484207 -0.02480527199804783 -0.00938241183757782 0.06532717496156693 -0.02485579438507557 -0.029478183016180992 -0.02522425912320614 0.024036915972828865 -0.06317954510450363 -0.010208668187260628 0.07480601221323013 -0.0347895585000515 0.06064470484852791 -0.029821457341313362 0.01810220442712307 0.035928744822740555 0.007744287606328726 -0.09610894322395325 -0.02015678957104683 -0.03215697035193443 -0.04632914066314697 0.08387763053178787 0.005378717090934515 -0.011587767861783504 0.03760544955730438 -0.01658380590379238 -0.033853840082883835 -0.030129848048090935 0.021123820915818214 -0.003090413985773921 -0.04447275400161743 0.015483998693525791 -0.07366178929805756 0.03115331381559372 0.03472118824720383 0.03257123753428459 -0.013026121072471142 -0.038224004209041595 -0.02338443323969841 0.046481262892484665 -0.06186461076140404 -0.09692008048295975 -0.13776466250419617 -0.14189346134662628 0.010820724070072174 0.07763175666332245 -0.04325485974550247 0.0012536159483715892 0.05062699690461159 0.025349954143166542 -0.0878152921795845 0.07628580182790756 -0.02947903797030449 0.07462296634912491 0.05477647855877876 -0.019861813634634018 0.045252375304698944 -0.014403248205780983 -0.03426670283079147 0.06643605977296829 0.058283913880586624 0.22235900163650513 0.007520797662436962 0.09782026708126068 0.01960042119026184 0.0030472564976662397 0.03654908016324043 -0.028246546164155006 0.031592290848493576 -0.056668851524591446 -0.014898188412189484 -0.15605716407299042 0.002182694850489497 -0.06031465157866478 -0.10375989228487015 0.01995055377483368 -0.03172334283590317 0.0540861077606678 -0.015074891038239002 0.002840736648067832 0.06347404420375824 -0.06463801115751266 -0.02915327064692974 0.09561396390199661 -0.019969480112195015 -0.004707861691713333 -0.05527028068900108 -0.020682120695710182 -0.06364313513040543 0.002115954268060178 0.13524931891715777 0.09206459806026006 0.06745385213990761 0.1201713059055475 0.6117517987502877 0.43321851051700117 0.5370998110490737 0.810505968032432 -0.96734655 -1.0132401 -0.885654 -0.73810315 -0.41821805 -0.7891406 -0.7008648 -0.8505315 -0.6274534 -1.6537713 -1.223197 -1.0260973 -1.8278424 -1.2843354 -0.84833336 -1.7444596 -0.9998069 -0.47110224
2 400 -0.026826342567801476 -0.17375624179840088 -0.016063040122389793 -0.01759539730846882 -0.06641699373722076 -0.11639953404664993 -0.11240381747484207 -0.02480527199804783 -0.00938241183757782 0.06532717496156693 -0.02485579438507557 -0.029478183016180992 -0.02522425912320614 0.024036915972828865 -0.06317954510450363 -0.010208668187260628 0.07480601221323013 -0.0347895585000515 0.06064470484852791 -0.029821457341313362 0.01810220442712307 0.035928744822740555 0.007744287606328726 -0.09610894322395325 -0.02015678957104683 -0.03215697035193443 -0.04632914066314697 0.08387763053178787 0.005378717090934515 -0.011587767861783504 0.03760544955730438 -0.01658380590379238 -0.033853840082883835 -0.030129848048090935 0.021123820915818214 -0.003090413985773921 -0.04447275400161743 0.015483998693525791 -0.07366178929805756 0.03115331381559372 0.03472118824720383 0.03257123753428459 -0.013026121072471142 -0.038224004209041595 -0.02338443323969841 0.046481262892484665 -0.06186461076140404 -0.09692008048295975 -0.13776466250419617 -0.14189346134662628 0.010820724070072174 0.07763175666332245 -0.04325485974550247 0.0012536159483715892 0.05062699690461159 0.025349954143166542 -0.0878152921795845 0.07628580182790756 -0.02947903797030449 0.07462296634912491 0.05477647855877876 -0.019861813634634018 0.045252375304698944 -0.014403248205780983 -0.03426670283079147 0.06643605977296829 0.058283913880586624 0.22235900163650513 0.007520797662436962 0.09782026708126068 0.01960042119026184 0.0030472564976662397 0.03654908016324043 -0.028246546164155006 0.031592290848493576 -0.056668851524591446 -0.014898188412189484 -0.15605716407299042 0.002182694850489497 -0.06031465157866478 -0.10375989228487015 0.01995055377483368 -0.03172334283590317 0.0540861077606678 -0.015074891038239002 0.002840736648067832 0.06347404420375824 -0.06463801115751266 -0.02915327064692974 0.09561396390199661 -0.019969480112195015 -0.004707861691713333 -0.05527028068900108 -0.020682120695710182 -0.06364313513040543 0.0006943782822342571 0.0305154931513762 0.06101281851285095 0.037119805338520835 0.03028639698929109 0.5615656209113005 0.21167351872584403 0.3491322831184343 0.8653073061784877 -1.0851077 -1.1070025 -1.1412394 -1.1870977 -0.8414921 -1.1590205 -1.2641947 -1.0368682 -0.6318236 -1.8944795 -1.5626659 -1.5687796 -2.3887792 -1.6836659 -1.4608661 -2.4234223 -1.2037687 -0.5590713
0 400 -0.03129739686846733 -0.20271560549736023 -0.01874021254479885 -0.02052796259522438 -0.07748649269342422 -0.13579945266246796 -0.13113778829574585 -0.02893948182463646 -0.01094614714384079 0.07621503621339798 -0.028998425230383873 -0.03439120948314667 -0.029428301379084587 0.028043067082762718 -0.07370946556329727 -0.011910111643373966 0.08727367967367172 -0.04058781638741493 0.07075215131044388 -0.034791700541973114 0.021119236946105957 0.0419168658554554 0.009035001508891582 -0.11212709546089172 -0.023516254499554634 -0.03751646354794502 -0.054050661623477936 0.09785722941160202 0.006275169551372528 -0.013519061729311943 0.04387301951646805 -0.019347772002220154 -0.03949614614248276 -0.03515148535370827 0.024644456803798676 -0.003605482866987586 -0.05188487470149994 0.01806466467678547 -0.08593874424695969 0.036345530301332474 0.040508050471544266 0.037999775260686874 -0.015197140164673328 -0.044594671577215195 -0.027281837537884712 0.05422813817858696 -0.07217537611722946 -0.1130734235048294 -0.1607254296541214 -0.1655423641204834 0.01262417808175087 0.09057038277387619 -0.050464000552892685 0.0014625518815591931 0.0590648278594017 0.02957494556903839 -0.10245116800069809 0.08900009840726852 -0.034392207860946655 0.0870601236820221 0.06390588730573654 -0.02317211590707302 0.0527944378554821 -0.016803788021206856 -0.03997781500220299 0.07750873267650604 0.06799789518117905 0.2594188153743744 0.00877426378428936 0.11412363499403 0.02286715805530548 0.003555132308974862 0.04264059290289879 -0.03295430168509483 0.03685767203569412 -0.0661136582493782 -0.017381219193339348 -0.1820666790008545 0.0025464771315455437 -0.07036709040403366 -0.12105320394039154 0.023275643587112427 -0.0370105616748333 0.06310045719146729 -0.01758737303316593 0.0033141926396638155 0.07405304908752441 -0.07541100680828094 -0.034012146294116974 0.11154961585998535 -0.02329772524535656 -0.005492504686117172 -0.06448198854923248 -0.024129139259457588 -0.07425031810998917 0.00044432338367877413 0.04557636998462643 0.24550956106727692 0.19590263419969206 0.1132984537691804 0.7507761395791089 0.4887921294088835 0.9491903529836094 0.9652921470680204 -0.019813448 -0.83760643 -1.0686976 0.042672426 0.3658732 -1.2109038 -0.28123653 -0.8169836 -0.11447379 -0.77219594 -1.5328807 -1.5373646 -1.2480466 -0.5674021 -1.6825548 -1.5054814 -1.0325928 -0.15494874
1 400 -0.03129739686846733 -0.20271560549736023 -0.01874021254479885 -0.02052796259522438 -0.07748649269342422 -0.13579945266246796 -0.13113778829574585 -0.02893948182463646 -0.01094614714384079 0.07621503621339798 -0.028998425230383873 -0.03439120948314667 -0.029428301379084587 0.028043067082762718 -0.07370946556329727 -0.011910111643373966 0.08727367967367172 -0.04058781638741493 0.07075215131044388 -0.034791700541973114 0.021119236946105957 0.0419168658554554 0.009035001508891582 -0.11212709546089172 -0.023516254499554634 -0.03751646354794502 -0.054050661623477936 0.09785722941160202 0.006275169551372528 -0.013519061729311943 0.04387301951646805 -0.019347772002220154 -0.03949614614248276 -0.03515148535370827 0.024644456803798676 -0.003605482866987586 -0.05188487470149994 0.01806466467678547 -0.08593874424695969 0.036345530301332474 0.040508050471544266 0.037999775260686874 -0.015197140164673328 -0.044594671577215195 -0.027281837537884712 0.05422813817858696 -0.07217537611722946 -0.1130734235048294 -0.1607254296541214 -0.1655423641204834 0.01262417808175087 0.09057038277387619 -0.050464000552892685 0.0014625518815591931 0.0590648278594017 0.02957494556903839 -0.10245116800069809 0.08900009840726852 -0.034392207860946655 0.0870601236820221 0.06390588730573654 -0.02317211590707302 0.0527944378554821 -0.016803788021206856 -0.03997781500220299 0.07750873267650604 0.06799789518117905 0.2594188153743744 0.00877426378428936 0.11412363499403 0.02286715805530548 0.003555132308974862 0.04264059290289879 -0.03295430168509483 0.03685767203569412 -0.0661136582493782 -0.017381219193339348 -0.1820666790008545 0.0025464771315455437 -0.07036709040403366 -0.12105320394039154 0.023275643587112427 -0.0370105616748333 0.06310045719146729 -0.01758737303316593 0.0033141926396638155 0.07405304908752441 -0.07541100680828094 -0.034012146294116974 0.11154961585998535 -0.02329772524535656 -0.005492504686117172 -0.06448198854923248 -0.024129139259457588 -0.07425031810998917 0.0013717931070745474 0.21075185677067645 0.14646247864156364 0.05108043486881147 0.10025027768796115 0.6481944884512408 0.3065526544958345 0.5035133234986886 0.7987983850168169 -1.0080179 -1.1169813 -0.9885857 -0.82606494 -0.5697396 -0.92684627 -0.9445092 -1.0427668 -0.66461104 -1.8728303 -1.472044 -1.2792432 -2.2304323 -1.7191759 -1.1437095 -2.282052 -1.3079728 -0.596438
2 400 -0.03129739686846733 -0.20271560549736023 -0.01874021254479885 -0.02052796259522438 -0.07748649269342422 -0.13579945266246796 -0.13113778829574585 -0.02893948182463646 -0.01094614714384079 0.07621503621339798 -0.028998425230383873 -0.03439120948314667 -0.029428301379084587 0.028043067082762718 -0.07370946556329727 -0.011910111643373966 0.08727367967367172 -0.04058781638741493 0.07075215131044388 -0.034791700541973114 0.021119236946105957 0.0419168658554554 0.009035001508891582 -0.11212709546089172 -0.023516254499554634 -0.03751646354794502 -0.054050661623477936 0.09785722941160202 0.006275169551372528 -0.013519061729311943 0.04387301951646805 -0.019347772002220154 -0.03949614614248276 -0.03515148535370827 0.024644456803798676 -0.003605482866987586 -0.05188487470149994 0.01806466467678547 -0.08593874424695969 0.036345530301332474 0.040508050471544266 0.037999775260686874 -0.015197140164673328 -0.044594671577215195 -0.027281837537884712 0.05422813817858696 -0.07217537611722946 -0.1130734235048294 -0.1607254296541214 -0.1655423641204834 0.01262417808175087 0.09057038277387619 -0.050464000552892685 0.0014625518815591931 0.0590648278594017 0.02957494556903839 -0.10245116800069809 0.08900009840726852 -0.034392207860946655 0.0870601236820221 0.06390588730573654 -0.02317211590707302 0.0527944378554821 -0.016803788021206856 -0.03997781500220299 0.07750873267650604 0.06799789518117905 0.2594188153743744 0.00877426378428936 0.11412363499403 0.02286715805530548 0.003555132308974862 0.04264059290289879 -0.03295430168509483 0.03685767203569412 -0.0661136582493782 -0.017381219193339348 -0.1820666790008545 0.0025464771315455437 -0.07036709040403366 -0.12105320394039154 0.023275643587112427 -0.0370105616748333 0.06310045719146729 -0.01758737303316593 0.0033141926396638155 0.07405304908752441 -0.07541100680828094 -0.034012146294116974 0.11154961585998535 -0.02329772524535656 -0.005492504686117172 -0.06448198854923248 -0.024129139259457588 -0.07425031810998917 0.0007624845678782527 0.03450653862207887 0.09908139260638973 0.027402701718397267 0.02436009269220451 0.6002143027613402 0.18157600357411263 0.26143920891262323 0.7815215050036856 -1.101304 -1.2038952 -1.2751178 -1.2428555 -0.87869096 -1.3524426 -1.4481289 -1.330163 -0.42462045 -2.138026 -1.9493629 -1.8592747 -2.716226 -1.9749728 -1.7926967 -2.8997345 -1.6169372 -0.49127713
0 400 -0.035768456757068634 -0.23167498409748077 -0.02141738496720791 -0.023460527881979942 -0.08855599164962769 -0.15519937872886658 -0.14987175166606903 -0.03307369351387024 -0.01250988245010376 0.08710289746522903 -0.033141057938337326 -0.03930424153804779 -0.033632345497608185 0.03204922005534172 -0.08423939347267151 -0.013611556962132454 0.09974134713411331 -0.046386074274778366 0.08085960149765015 -0.03976194187998772 0.024136271327733994 0.04790499061346054 0.010325716808438301 -0.1281452625989914 -0.02687571942806244 -0.04287595674395561 -0.0617721863090992 0.11183684319257736 0.007171622943133116 -0.01545035745948553 0.05014059692621231 -0.022111739963293076 -0.04513845220208168 -0.04017312824726105 0.028165092691779137 -0.004120551981031895 -0.05929700285196304 0.02064533159136772 -0.09821571409702301 0.041537750512361526 0.046294916421175 0.04342831298708916 -0.01736816018819809 -0.050965338945388794 -0.031179243698716164 0.061975013464689255 -0.08248614519834518 -0.12922677397727966 -0.18368621170520782 -0.1891912817955017 0.014427632093429565 0.10350900888442993 -0.057673145085573196 0.001671487814746797 0.06750266253948212 0.03379993885755539 -0.11708705872297287 0.10171439498662949 -0.03930538520216942 0.09949728846549988 0.07303529977798462 -0.026482418179512024 0.06033650040626526 -0.019204331561923027 -0.0456889346241951 0.08858141303062439 0.07771188020706177 0.29647865891456604 0.010027729906141758 0.1304270178079605 0.02613389492034912 0.004063008353114128 0.048732105642557144 -0.03766205906867981 0.04212305322289467 -0.07555846869945526 -0.01986425183713436 -0.20807622373104095 0.002910259645432234 -0.08041953295469284 -0.13834652304649353 0.026600737124681473 -0.042297787964344025 0.07211481034755707 -0.020099854096770287 0.003787648631259799 0.08463206142187119 -0.08618400990962982 -0.038871027529239655 0.1274852752685547 -0.026625974103808403 -0.006277148611843586 -0.07369370758533478 -0.027576161548495293 -0.0848575085401535 0.0004215592133227532 0.04805102488592317 0.26959673206109697 0.14286629093125722 0.08281278653635135 0.8033630777033679 0.5054624917735736 0.9195431038947215 0.939562655651388 0.15591046 -0.8632318 -1.0688338 0.1563597 0.47814658 -1.4587107 -0.23433352 -1.0254935 -0.10236752 -0.7586063 -1.7718059 -1.6427907 -1.3573319 -0.65645635 -2.1812215 -1.7421471 -1.4111459 -0.34568623
1 400 -0.035768456757068634 -0.23167498409748077 -0.02141738496720791 -0.023460527881979942 -0.08855599164962769 -0.15519937872886658 -0.14987175166606903 -0.03307369351387024 -0.01250988245010376 0.08710289746522903 -0.033141057938337326 -0.03930424153804779 -0.033632345497608185 0.03204922005534172 -0.08423939347267151 -0.013611556962132454 0.09974134713411331 -0.046386074274778366 0.08085960149765015 -0.03976194187998772 0.024136271327733994 0.04790499061346054 0.010325716808438301 -0.1281452625989914 -0.02687571942806244 -0.04287595674395561 -0.0617721863090992 0.11183684319257736 0.007171622943133116 -0.01545035745948553 0.05014059692621231 -0.022111739963293076 -0.04513845220208168 -0.04017312824726105 0.028165092691779137 -0.004120551981031895 -0.05929700285196304 0.02064533159136772 -0.09821571409702301 0.041537750512361526 0.046294916421175 0.04342831298708916 -0.01736816018819809 -0.050965338945388794 -0.031179243698716164 0.061975013464689255 -0.08248614519834518 -0.12922677397727966 -0.18368621170520782 -0.1891912817955017 0.014427632093429565 0.10350900888442993 -0.057673145085573196 0.001671487814746797 0.06750266253948212 0.03379993885755539 -0.11708705872297287 0.10171439498662949 -0.03930538520216942 0.09949728846549988 0.07303529977798462 -0.026482418179512024 0.06033650040626526 -0.019204331561923027 -0.0456889346241951 0.08858141303062439 0.07771188020706177 0.29647865891456604 0.010027729906141758 0.1304270178079605 0.02613389492034912 0.004063008353114128 0.048732105642557144 -0.03766205906867981 0.04212305322289467 -0.07555846869945526 -0.01986425183713436 -0.20807622373104095 0.002910259645432234 -0.08041953295469284 -0.13834652304649353 0.026600737124681473 -0.042297787964344025 0.07211481034755707 -0.020099854096770287 0.003787648631259799 0.08463206142187119 -0.08618400990962982 -0.038871027529239655 0.1274852752685547 -0.026625974103808403 -0.006277148611843586 -0.07369370758533478 -0.027576161548495293 -0.0848575085401535 0.0015532048501248328 0.2778890917289531 0.21333102216045532 0.05022128812554019 0.09928013156102028 0.6950839816733361 0.27664230447311505 0.5330482481725294 0.7730798599138532 -0.9821658 -1.220828 -1.1093376 -0.91101116 -0.63697225 -1.0676541 -1.140147 -1.1723982 -0.5064895 -2.0189822 -1.8015206 -1.5518745 -2.547531 -1.9959666 -1.4414507 -2.70463 -1.6105075 -0.46335888
2 400 -0.035768456757068634 -0.23167498409748077 -0.02141738496720791 -0.023460527881979942 -0.08855599164962769 -0.15519937872886658 -0.14987175166606903 -0.03307369351387024 -0.01250988245010376 0.08710289746522903 -0.033141057938337326 -0.03930424153804779 -0.033632345497608185 0.03204922005534172 -0.08423939347267151 -0.013611556962132454 0.09974134713411331 -0.046386074274778366 0.08085960149765015 -0.03976194187998772 0.024136271327733994 0.04790499061346054 0.010325716808438301 -0.1281452625989914 -0.02687571942806244 -0.04287595674395561 -0.0617721863090992 0.11183684319257736 0.007171622943133116 -0.01545035745948553 0.05014059692621231 -0.022111739963293076 -0.04513845220208168 -0.04017312824726105 0.028165092691779137 -0.004120551981031895 -0.05929700285196304 0.02064533159136772 -0.09821571409702301 0.041537750512361526 0.046294916421175 0.04342831298708916 -0.01736816018819809 -0.050965338945388794 -0.031179243698716164 0.061975013464689255 -0.08248614519834518 -0.12922677397727966 -0.18368621170520782 -0.1891912817955017 0.014427632093429565 0.10350900888442993 -0.057673145085573196 0.001671487814746797 0.06750266253948212 0.03379993885755539 -0.11708705872297287 0.10171439498662949 -0.03930538520216942 0.09949728846549988 0.07303529977798462 -0.026482418179512024 0.06033650040626526 -0.019204331561923027 -0.0456889346241951 0.08858141303062439 0.07771188020706177 0.29647865891456604 0.010027729906141758 0.1304270178079605 0.02613389492034912 0.004063008353114128 0.048732105642557144 -0.03766205906867981 0.04212305322289467 -0.07555846869945526 -0.01986425183713436 -0.20807622373104095 0.002910259645432234 -0.08041953295469284 -0.13834652304649353 0.026600737124681473 -0.042297787964344025 0.07211481034755707 -0.020099854096770287 0.003787648631259799 0.08463206142187119 -0.08618400990962982 -0.038871027529239655 0.1274852752685547 -0.026625974103808403 -0.006277148611843586 -0.07369370758533478 -0.027576161548495293 -0.0848575085401535 0.0008481013431411615 0.04777505571074426 0.13586016215098795 0.02027498348535214 0.01904691737677365 0.6595588132387165 0.1352443908923213 0.1721094983523577 0.6676033233857992 -1.1147621 -1.3518306 -1.4198954 -1.2996106 -0.9337739 -1.523726 -1.6011294 -1.6252458 -0.31780577 -2.3781993 -2.3762376 -2.1693988 -3.0444722 -2.2776935 -2.15487 -3.3472018 -2.149266 -0.52127385
0 400 -0.04023951292037964 -0.26063433289527893 -0.024094557389616966 -0.026393093168735504 -0.09962549060583115 -0.174599289894104 -0.1686057150363922 -0.03720790520310402 -0.01407361775636673 0.09799075871706009 -0.03728368878364563 -0.044217269867658615 -0.03783638775348663 0.036055371165275574 -0.09476931393146515 -0.015313000418245792 0.1122090145945549 -0.0521843321621418 0.09096705168485641 -0.04473218321800232 0.02715330384671688 0.053893111646175385 0.01161643024533987 -0.14416339993476868 -0.030235184356570244 -0.0482354499399662 -0.06949370354413986 0.1258164346218109 0.008068075403571129 -0.01738165132701397 0.05640816688537598 -0.024875706061720848 -0.0507807582616806 -0.04519476741552353 0.0316857285797596 -0.00463562086224556 -0.06670912355184555 0.023225996643304825 -0.11049266904592514 0.04672996699810028 0.05208177864551544 0.04885685071349144 -0.019539179280400276 -0.05733600631356239 -0.035076647996902466 0.06972189247608185 -0.09279691427946091 -0.14538010954856873 -0.20664697885513306 -0.21284018456935883 0.01623108610510826 0.11644763499498367 -0.06488228589296341 0.001880423747934401 0.07594048976898193 0.03802492842078209 -0.13172292709350586 0.11442869156599045 -0.044218555092811584 0.11193444579839706 0.0821647122502327 -0.029792720451951027 0.06787855923175812 -0.0216048713773489 -0.05140004679560661 0.09965408593416214 0.08742586523294449 0.3335384726524353 0.011281196027994156 0.14673039317131042 0.02940063178539276 0.0045708841644227505 0.0548236183822155 -0.042369816452264786 0.047388434410095215 -0.08500327169895172 -0.022347280755639076 -0.23408573865890503 0.0032740419264882803 -0.09047197550535202 -0.15563982725143433 0.02992582693696022 -0.047585006803274155 0.08112915605306625 -0.02261233516037464 0.004261104855686426 0.09521105885505676 -0.0969570055603981 -0.04372990131378174 0.14342093467712402 -0.029954219236969948 -0.007061791606247425 -0.08290541917085648 -0.0310231801122427 -0.09546469151973724 0.000379319669428835 0.05420338634696792 0.2598600896718739 0.10215578382928311 0.059900456484372824 0.8372205384515792 0.5084199588735763 0.8395570026444429 0.9027537677777889 0.30361918 -0.89207816 -1.0814365 0.26987734 0.5907124 -1.6593144 -0.12039235 -1.1313332 -0.21127596 -0.7689494 -2.0194106 -1.8160074 -1.4661353 -0.7452837 -2.6217666 -1.9060073 -1.7335973 -0.5568046
1 400 -0.04023951292037964 -0.26063433289527893 -0.024094557389616966 -0.026393093168735504 -0.09962549060583115 -0.174599289894104 -0.1686057150363922 -0.03720790520310402 -0.01407361775636673 0.09799075871706009 -0.03728368878364563 -0.044217269867658615 -0.03783638775348663 0.036055371165275574 -0.09476931393146515 -0.015313000418245792 0.1122090145945549 -0.0521843321621418 0.09096705168485641 -0.04473218321800232 0.02715330384671688 0.053893111646175385 0.01161643024533987 -0.14416339993476868 -0.030235184356570244 -0.0482354499399662 -0.06949370354413986 0.1258164346218109 0.008068075403571129 -0.01738165132701397 0.05640816688537598 -0.024875706061720848 -0.0507807582616806 -0.04519476741552353 0.0316857285797596 -0.00463562086224556 -0.06670912355184555 0.023225996643304825 -0.11049266904592514 0.04672996699810028 0.05208177864551544 0.04885685071349144 -0.019539179280400276 -0.05733600631356239 -0.035076647996902466 0.06972189247608185 -0.09279691427946091 -0.14538010954856873 -0.20664697885513306 -0.21284018456935883 0.01623108610510826 0.11644763499498367 -0.06488228589296341 0.001880423747934401 0.07594048976898193 0.03802492842078209 -0.13172292709350586 0.11442869156599045 -0.044218555092811584 0.11193444579839706 0.0821647122502327 -0.029792720451951027 0.06787855923175812 -0.0216048713773489 -0.05140004679560661 0.09965408593416214 0.08742586523294449 0.3335384726524353 0.011281196027994156 0.14673039317131042 0.02940063178539276 0.0045708841644227505 0.0548236183822155 -0.042369816452264786 0.047388434410095215 -0.08500327169895172 -0.022347280755639076 -0.23408573865890503 0.0032740419264882803 -0.09047197550535202 -0.15563982725143433 0.02992582693696022 -0.047585006803274155 0.08112915605306625 -0.02261233516037464 0.004261104855686426 0.09521105885505676 -0.0969570055603981 -0.04372990131378174 0.14342093467712402 -0.029954219236969948 -0.007061791606247425 -0.08290541917085648 -0.0310231801122427 -0.09546469151973724 0.0019117201607599834 0.2982589453776272 0.29979719767833407 0.04830233179477258 0.09692669886969568 0.7360424908257457 0.3054607604227288 0.5298060291320407 0.7251088270522748 -0.94358253 -1.3312223 -1.2299093 -0.95110416 -0.65967894 -1.2073755 -1.2657658 -1.2601522 -0.32680646 -2.1836388 -2.1709645 -1.8239449 -2.786379 -2.2117083 -1.7365271 -3.1023066 -1.9144026 -0.37336364
2 400 -0.04023951292037964 -0.26063433289527893 -0.024094557389616966 -0.026393093168735504 -0.09962549060583115 -0.174599289894104 -0.1686057150363922 -0.03720790520310402 -0.01407361775636673 0.09799075871706009 -0.03728368878364563 -0.044217269867658615 -0.03783638775348663 0.036055371165275574 -0.09476931393146515 -0.015313000418245792 0.1122090145945549 -0.0521843321621418 0.09096705168485641 -0.04473218321800232 0.02715330384671688 0.053893111646175385 0.01161643024533987 -0.14416339993476868 -0.030235184356570244 -0.0482354499399662 -0.06949370354413986 0.1258164346218109 0.008068075403571129 -0.01738165132701397 0.05640816688537598 -0.024875706061720848 -0.0507807582616806 -0.04519476741552353 0.0316857285797596 -0.00463562086224556 -0.06670912355184555 0.023225996643304825 -0.11049266904592514 0.04672996699810028 0.05208177864551544 0.04885685071349144 -0.019539179280400276 -0.05733600631356239 -0.035076647996902466 0.06972189247608185 -0.09279691427946091 -0.14538010954856873 -0.20664697885513306 -0.21284018456935883 0.01623108610510826 0.11644763499498367 -0.06488228589296341 0.001880423747934401 0.07594048976898193 0.03802492842078209 -0.13172292709350586 0.11442869156599045 -0.044218555092811584 0.11193444579839706 0.0821647122502327 -0.029792720451951027 0.06787855923175812 -0.0216048713773489 -0.05140004679560661 0.09965408593416214 0.08742586523294449 0.3335384726524353 0.011281196027994156 0.14673039317131042 0.02940063178539276 0.0045708841644227505 0.0548236183822155 -0.042369816452264786 0.047388434410095215 -0.08500327169895172 -0.022347280755639076 -0.23408573865890503 0.0032740419264882803 -0.09047197550535202 -0.15563982725143433 0.02992582693696022 -0.047585006803274155 0.08112915605306625 -0.02261233516037464 0.004261104855686426 0.09521105885505676 -0.0969570055603981 -0.04372990131378174 0.14342093467712402 -0.029954219236969948 -0.007061791606247425 -0.08290541917085648 -0.0310231801122427 -0.09546469151973724 0.0009133073745333961 0.06709919742122271 0.18383785291548158 0.014904438275450784 0.01482805342995461 0.707737540449873 0.10463813198198099 0.120627546792417 0.5958379953791808 -1.1410447 -1.5498308 -1.5639012 -1.3556659 -0.9870353 -1.6711113 -1.7194275 -1.8630384 -0.33992985 -2.6292808 -2.8604417 -2.4782343 -3.3718834 -2.5793865 -2.5254002 -3.7702336 -2.5948231 -0.7328534
0 400 -0.04471056908369064 -0.28959372639656067 -0.026771731674671173 -0.029325660318136215 -0.1106949895620346 -0.19399921596050262 -0.1873396933078766 -0.0413421168923378 -0.0156373530626297 0.10887861996889114 -0.04142632335424423 -0.04913030192255974 -0.04204043000936508 0.040061526000499725 -0.10529924184083939 -0.01701444573700428 0.12467668205499649 -0.05798259377479553 0.10107450187206268 -0.04970242828130722 0.030170338228344917 0.05988123640418053 0.012907145544886589 -0.16018156707286835 -0.03359464928507805 -0.05359494686126709 -0.07721523195505142 0.13979604840278625 0.00896452832967043 -0.019312946125864983 0.06267574429512024 -0.02763967402279377 -0.056423064321279526 -0.05021641030907631 0.03520636633038521 -0.005150689743459225 -0.07412125170230865 0.025806663557887077 -0.12276963889598846 0.051922187209129333 0.05786864459514618 0.05428539216518402 -0.021710200235247612 -0.06370667368173599 -0.03897405415773392 0.07746876776218414 -0.10310768336057663 -0.16153346002101898 -0.22960776090621948 -0.23648910224437714 0.018034540116786957 0.12938626110553741 -0.07209143042564392 0.002089359797537327 0.08437832444906235 0.04224992170929909 -0.14635881781578064 0.127142995595932 -0.04913172870874405 0.12437161058187485 0.09129412472248077 -0.03310302272439003 0.07542062550783157 -0.024005413055419922 -0.057111166417598724 0.11072676628828049 0.09713985025882721 0.37059831619262695 0.012534662149846554 0.16303376853466034 0.0326673686504364 0.00507876044139266 0.060915131121873856 -0.04707757383584976 0.05265381559729576 -0.09444808214902878 -0.02483031339943409 -0.2600952684879303 0.0036378244403749704 -0.1005244180560112 -0.17293314635753632 0.033250920474529266 -0.05287223309278488 0.09014350920915604 -0.025124818086624146 0.00473456084728241 0.10579007118940353 -0.10773000866174698 -0.04858878254890442 0.15935659408569336 -0.03328246623277664 -0.007846435531973839 -0.09211713075637817 -0.034470200538635254 -0.10607188194990158 0.00035597184485189624 0.06087569538256629 0.24178677738937515 0.07222330474710004 0.04303466770943785 0.8458855623885511 0.49044812179818414 0.7324145447876511 0.8320342089260246 0.43405536 -0.9226353 -1.1010789 0.38334754 0.70292735 -1.7034907 -0.0014405549 -1.2457765 -0.17881373 -0.80516326 -2.2710752 -2.0063484 -1.5753666 -0.83419824 -2.8625097 -2.0692744 -1.9880687 -0.65967953
1 400 -0.04471056908369064 -0.28959372639656067 -0.026771731674671173 -0.029325660318136215 -0.1106949895620346 -0.19399921596050262 -0.1873396933078766 -0.0413421168923378 -0.0156373530626297 0.10887861996889114 -0.04142632335424423 -0.04913030192255974 -0.04204043000936508 0.040061526000499725 -0.10529924184083939 -0.01701444573700428 0.12467668205499649 -0.05798259377479553 0.10107450187206268 -0.04970242828130722 0.030170338228344917 0.05988123640418053 0.012907145544886589 -0.16018156707286835 -0.03359464928507805 -0.05359494686126709 -0.07721523195505142 0.13979604840278625 0.00896452832967043 -0.019312946125864983 0.06267574429512024 -0.02763967402279377 -0.056423064321279526 -0.05021641030907631 0.03520636633038521 -0.005150689743459225 -0.07412125170230865 0.025806663557887077 -0.12276963889598846 0.051922187209129333 0.05786864459514618 0.05428539216518402 -0.021710200235247612 -0.06370667368173599 -0.03897405415773392 0.07746876776218414 -0.10310768336057663 -0.16153346002101898 -0.22960776090621948 -0.23648910224437714 0.018034540116786957 0.12938626110553741 -0.07209143042564392 0.002089359797537327 0.08437832444906235 0.04224992170929909 -0.14635881781578064 0.127142995595932 -0.04913172870874405 0.12437161058187485 0.09129412472248077 -0.03310302272439003 0.07542062550783157 -0.024005413055419922 -0.057111166417598724 0.11072676628828049 0.09713985025882721 0.37059831619262695 0.012534662149846554 0.16303376853466034 0.0326673686504364 0.00507876044139266 0.060915131121873856 -0.04707757383584976 0.05265381559729576 -0.09444808214902878 -0.02483031339943409 -0.2600952684879303 0.0036378244403749704 -0.1005244180560112 -0.17293314635753632 0.033250920474529266 -0.05287223309278488 0.09014350920915604 -0.025124818086624146 0.00473456084728241 0.10579007118940353 -0.10773000866174698 -0.04858878254890442 0.15935659408569336 -0.03328246623277664 -0.007846435531973839 -0.09211713075637817 -0.034470200538635254 -0.10607188194990158 0.0021887857062033453 0.3175852789826862 0.4029483033373643 0.04835997097412936 0.09473986553425572 0.8057881809849381 0.3317320027473075 0.47871217724580234 0.7326232491634569 -0.99247634 -1.439282 -1.3518268 -1.0043286 -0.68437296 -1.3476868 -1.3825879 -1.3693466 -0.29549375 -2.4040253 -2.529795 -2.0966678 -3.043603 -2.4293392 -2.039849 -3.488718 -2.2496843 -0.530185
2 400 -0.04471056908369064 -0.28959372639656067 -0.026771731674671173 -0.029325660318136215 -0.1106949895620346 -0.19399921596050262 -0.1873396933078766 -0.0413421168923378 -0.0156373530626297 0.10887861996889114 -0.04142632335424423 -0.04913030192255974 -0.04204043000936508 0.040061526000499725 -0.10529924184083939 -0.01701444573700428 0.12467668205499649 -0.05798259377479553 0.10107450187206268 -0.04970242828130722 0.030170338228344917 0.05988123640418053 0.012907145544886589 -0.16018156707286835 -0.03359464928507805 -0.05359494686126709 -0.07721523195505142 0.13979604840278625 0.00896452832967043 -0.019312946125864983 0.06267574429512024 -0.02763967402279377 -0.056423064321279526 -0.05021641030907631 0.03520636633038521 -0.005150689743459225 -0.07412125170230865 0.025806663557887077 -0.12276963889598846 0.051922187209129333 0.05786864459514618 0.05428539216518402 -0.021710200235247612 -0.06370667368173599 -0.03897405415773392 0.07746876776218414 -0.10310768336057663 -0.16153346002101898 -0.22960776090621948 -0.23648910224437714 0.018034540116786957 0.12938626110553741 -0.07209143042564392 0.002089359797537327 0.08437832444906235 0.04224992170929909 -0.14635881781578064 0.127142995595932 -0.04913172870874405 0.12437161058187485 0.09129412472248077 -0.03310302272439003 0.07542062550783157 -0.024005413055419922 -0.057111166417598724 0.11072676628828049 0.09713985025882721 0.37059831619262695 0.012534662149846554 0.16303376853466034 0.0326673686504364 0.00507876044139266 0.060915131121873856 -0.04707757383584976 0.05265381559729576 -0.09444808214902878 -0.02483031339943409 -0.2600952684879303 0.0036378244403749704 -0.1005244180560112 -0.17293314635753632 0.033250920474529266 -0.05287223309278488 0.09014350920915604 -0.025124818086624146 0.00473456084728241 0.10579007118940353 -0.10773000866174698 -0.04858878254890442 0.15935659408569336 -0.03328246623277664 -0.007846435531973839 -0.09211713075637817 -0.034470200538635254 -0.10607188194990158 0.0008700801096097013 0.08698917164934282 0.23083031030282697 0.010963123332544589 0.011534732241121948 0.7496255941589919 0.09154912238824527 0.09761356098064124 0.5581092458919105 -1.2196157 -1.7250872 -1.7379591 -1.4126064 -1.0426341 -1.8182051 -1.8378881 -1.9920671 -0.40998814 -2.9234672 -3.2936661 -2.8015673 -3.700358 -2.8835018 -2.8950272 -4.1802363 -2.8929307 -1.0090348
-0.13769333 0.003056777 0.32107097 0.14941223 
-1.701992 1.0879593 0.2260609 0.50206465 
-0.17533945 0.08375424 -0.03960585 0.2000316 
0.09782963 0.0030630713 0.38928908 -0.22719048 
0.07526051 0.3429142 0.28869307 -0.053465817 
0.26516855 0.5779607 0.39124957 0.12825915 
0.9312353 0.3544621 0.40962157 0.5866368 
0.97642624 0.17112881 0.025774183 -0.26135838 
0.8206666 -0.23330635 0.31650755 0.30328536 
-0.25602165 -0.33835813 -0.05981742 -0.24767438 
0.11192515 0.021419924 0.39079347 -0.12465838 
0.13786608 0.03630972 0.22608313 0.18262151 
-0.051151313 0.19232778 0.055524416 -0.12267204 
0.3422856 -0.22389826 0.05618819 0.0121403495 
0.19196086 0.0016415721 0.45830086 0.70853823 
-0.025491664 0.055400807 -0.031098561 0.10863393 
-0.4329517 -0.51492435 0.44101802 -0.61826885 
0.30583233 0.09250175 -0.0039329436 0.4367172 
0.36288953 -0.42488012 -0.37631756 0.48986927 
0.32898086 0.15402816 -0.23485039 0.4699966 
-0.20349197 -0.044638272 -0.17608015 0.047727525 
-0.2660045 -0.20748252 -0.114900775 0.09137128 
-0.23175949 -0.09298681 -0.12373554 0.37412012 
0.08888569 0.48260346 0.27519673 0.1932266 
-0.34588233 -0.016387288 0.46886134 -0.12075934 
0.5568269 -0.26979822 0.9443813 0.04397402 
-0.03493746 0.18969347 0.14901845 0.2282826 
0.07686122 -0.567819 -0.13095854 0.10996359 
0.5961388 -0.05432649 -0.2584633 0.31262168 
-0.3261011 0.10942783 -0.1314063 0.189242 
0.13872887 0.066551544 -0.7067006 -0.033083335 
-0.15309651 0.04702893 0.12120105 0.07911217 
0.8632402 -0.024360562 0.06004925 0.5691124 
-0.20118177 0.0543117 0.47172993 -0.16137613 
0.009328805 0.013822482 -0.3649228 0.026002236 
-0.046474207 0.16383816 -0.437137 0.21866101 
0.19965328 0.30052766 0.081804484 -0.13303313 
0.08367942 -0.2784273 0.43103114 -0.12766811 
0.36649576 0.3265451 0.10396455 0.3858603 
-0.18806528 -0.2331205 -0.1961452 0.39445537 
0.19771007 -0.27285653 -0.16551802 0.3033289 
0.07154963 -0.08386765 -0.1636687 -0.2440294 
0.75905627 0.083393045 -0.29717582 0.30671546 
0.15667276 0.38757125 -0.347275 0.10886487 
0.44854718 -0.11115133 0.42272013 0.14950988 
0.8840156 -0.3923802 0.14708482 -0.22315574 
0.34613767 0.19169341 0.1690472 0.46114582 
0.5562528 0.47019714 0.15563412 0.32683846 
-0.016093269 0.83876985 0.25504723 0.041373044 
0.44297743 0.8469054 0.09711453 0.24568911 
0.9539966 -0.3245903 0.19422996 0.2926219 
-0.8719179 -0.2921096 -0.15985171 -0.38489586 
0.008862737 0.23250031 -0.23999721 0.60746515 
0.43007022 -0.1961314 0.13546178 0.30662304 
-0.33946908 -0.15863483 -0.19215585 -0.27478436 
0.36298323 -0.15345666 -0.31570527 0.31994855 
0.534787 0.41935834 0.14852734 0.2991893 
0.13364956 -0.5401831 0.166032 -0.27837658 
0.46075466 0.009986099 0.15990642 0.29514077 
-0.030530656 -0.4449576 -0.33483526 0.26063386 
0.8463183 -0.25455156 -0.4918627 0.12713857 
-0.2777169 0.027614707 0.3354538 -0.08264365 
0.026542911 -0.2778861 0.16621234 -0.3980802 
-0.01787412 0.07099984 -0.0529946 0.18675715 
0.30160344 0.039427258 0.20886104 0.27133524 
-0.1386127 -0.25445998 -0.3590687 -0.11518554 
-0.29224926 0.040458176 -0.5425356 -0.57938576 
0.26598138 -1.0335752 -1.1233087 -0.07999384 
-0.014959297 -0.060336184 0.011338667 0.010460578 
0.06813597 -0.72326976 -0.23371744 0.46064612 
-0.48732698 0.0023396814 0.039005198 -0.40787148 
0.43652952 -0.23518175 0.4906253 -0.15776052 
-0.04310959 -0.30386755 -0.108428665 0.33229917 
0.09637953 0.1748769 -0.009781643 0.071284205 
0.37597924 -0.11269621 -0.31396797 0.0342365 
-0.23288849 0.35913604 0.08028748 0.062492687 
0.08191167 -0.06745752 0.25925043 0.14837009 
-0.54762566 1.2690946 -0.42141935 0.21937864 
0.20489234 -0.08192061 -0.11793612 0.35379252 
-0.16082917 0.30039415 0.02974383 0.4025499 
0.041961547 0.47836956 0.59853214 -0.10448483 
-0.01858012 -0.22370702 0.24363635 -0.09773711 
0.13057137 0.08509842 0.14993262 0.19330856 
0.1728497 -0.28377414 -0.22827674 -0.0079115275 
0.2800499 0.0058726566 0.10684634 0.098957755 
-0.6500169 -0.15789309 0.037555 0.5526043 
-0.31648406 -0.45609057 -0.04405169 0.17453039 
0.007992591 0.015064451 1.0987146 -0.25007284 
-0.008810662 0.13398653 -0.018339379 0.26586217 
-0.6098834 -1.0538284 0.50385654 0.6235952 
0.089974314 0.12517269 0.095039755 -0.1178385 
0.46101418 -0.2626496 0.33531538 0.34816825 
0.048823714 0.17326887 0.34534025 0.16645883 
0.4701212 0.19365878 -0.35836175 0.28408507 
-0.09202367 0.36181283 -0.06032782 0.40011045 
