NR_0029 NR_0031 NR_0028 NR_0024 NYU-65 NR_0027 UCLA049 PL015 NR_0021 KS091 KS096 KS094 NR_0020 NR_0019 SWC_066 UCLA044 KS086 UCLA035 UCLA033 UCLA037 UCLA034 PL017 NYU-45 NYU-48 NYU-47 NYU-46 ibl_witten_29 ZFM-02372 NYU-39 KS051 ZFM-02370 NYU-40 ZFM-01937 ZFM-01935 NYU-37 ibl_witten_26 ZFM-01936 ibl_witten_27 SWC_058 KS044 ibl_witten_25 KS043 KS046 ZFM-01576 SWC_061 SWC_060 KS042 SWC_053 ZFM-01577 ZFM-01592 SWC_052 NYU-30 DY_018 SWC_054 DY_020 SWC_043 CSH_ZAD_029 DY_016 CSH_ZAD_026 ibl_witten_20 ibl_witten_18 NYU-21 CSH_ZAD_019 CSH_ZAD_025 SWC_038 ibl_witten_17 ZM_3003 ibl_witten_19 DY_014 SWC_042 CSHL058 CSH_ZAD_022 CSH_ZAD_011 CSHL060 DY_013 DY_009 CSHL059 DY_008 CSHL045 NYU-11 CSHL052 DY_011 CSHL053 ZM_2241 DY_010 ZM_2240 NYU-12 CSHL047 CSHL049 ZM_1898 KS023 KS016 KS014 ZM_1897 ibl_witten_13 
0 2.400996 1.117879 0.8105537 2.9370024 1.3930035 0.4507778
1 2.3384383 1.1047089 0.82412976 2.17442 1.1681402 0.8268942
2 2.3346639 1.1031846 0.82419246 2.1774514 1.17116 0.8268942
3 2.3325968 1.1022024 0.823902 2.1797905 1.1732516 0.8263754
4 2.3309216 1.1015973 0.8241136 2.182305 1.1756064 0.8268942
5 2.3297815 1.1010753 0.824438 2.1834936 1.1765867 0.8263754
6 2.3290038 1.1007022 0.82445616 2.1847906 1.1776643 0.8263754
7 2.3283598 1.1004193 0.82458436 2.1857529 1.1784737 0.8263754
8 2.3275893 1.1002204 0.824619 2.1869993 1.1796516 0.8263754
9 2.327125 1.1000335 0.82451165 2.188626 1.1809369 0.8268942
10 2.3263505 1.0997244 0.8242058 2.190216 1.1821496 0.8268942
11 2.3259845 1.0994827 0.8241835 2.1911285 1.1829289 0.8268942
12 2.3260777 1.099563 0.8239048 2.190806 1.1827978 0.8268942
13 2.3249261 1.09905 0.8240905 2.1930544 1.1844032 0.8268942
14 2.324615 1.0988374 0.8243666 2.191976 1.1839019 0.8263754
15 2.3243084 1.0988327 0.8241066 2.1930385 1.1846125 0.8268942
16 2.3237345 1.0986422 0.8243593 2.1947308 1.1859909 0.8268942
17 2.3248138 1.0991104 0.82437336 2.1960366 1.1870352 0.8263754
18 2.3229196 1.0984359 0.8239591 2.1974006 1.1883938 0.8268942
19 2.3225145 1.098276 0.82399154 2.1967394 1.1877898 0.8268942
20 2.3224473 1.0984323 0.8241378 2.197009 1.1879215 0.8268942
21 2.322653 1.0983607 0.8245925 2.196594 1.1876397 0.8263754
22 2.322154 1.0984854 0.82386434 2.197025 1.1879829 0.8268942
23 2.322128 1.098474 0.8241741 2.1976197 1.1884526 0.8268942
24 2.3217335 1.0982379 0.8244789 2.197793 1.1884978 0.8268942
25 2.3216503 1.09805 0.82436615 2.1977046 1.1884587 0.8268942
26 2.3223739 1.0985999 0.82476324 2.1978436 1.1884995 0.8268942
27 2.3215168 1.0980967 0.82456154 2.1969666 1.1877947 0.8268942
28 2.3214524 1.0981649 0.8247706 2.1950111 1.1854657 0.8262374
29 2.321245 1.0979637 0.8245948 2.1986253 1.1889573 0.8268942
30 2.3209941 1.098102 0.82516444 2.1969395 1.1871758 0.82571864
31 2.320947 1.0980831 0.8248376 2.1984682 1.1889298 0.8268942
32 2.3205492 1.0979438 0.82512546 2.196852 1.187765 0.8268942
33 2.3207576 1.0979456 0.8250202 2.1980944 1.1886369 0.8268942
34 2.320314 1.0979306 0.8250358 2.1986604 1.1890575 0.8268942
35 2.3203647 1.0978924 0.8250641 2.1983032 1.1889321 0.8268942
36 2.3204415 1.0979236 0.8248568 2.1982894 1.1889694 0.8268942
37 2.3204706 1.0979059 0.8249995 2.1975205 1.1882725 0.8268942
38 2.3202946 1.097819 0.82486475 2.1983104 1.1890168 0.8268942
39 2.320087 1.097634 0.8249974 2.1980367 1.1888176 0.8268942
40 2.319933 1.0975659 0.8249526 2.197171 1.1883276 0.8268942
41 2.32007 1.0977534 0.8247798 2.1980715 1.1890258 0.8268942
42 2.3198595 1.0975189 0.82510537 2.1972919 1.1884415 0.8263754
43 2.3196478 1.0976055 0.82497203 2.1988952 1.1896697 0.8268942
44 2.3196933 1.0976117 0.82496035 2.198883 1.1897448 0.8268942
45 2.319502 1.0975724 0.82492006 2.198706 1.1896566 0.8268942
46 2.3193047 1.0974317 0.82508487 2.1981986 1.1892978 0.8263754
47 2.319172 1.0973861 0.8250015 2.1979265 1.1891236 0.8268942
48 2.3191817 1.0973593 0.8249746 2.1978917 1.1890489 0.8268942
49 2.3191671 1.0973027 0.8248455 2.1978807 1.1890152 0.8268942
50 2.3190205 1.0972645 0.8249389 2.1979203 1.189163 0.8268942
51 2.3190014 1.0973005 0.82477653 2.1977406 1.1890796 0.8268942
52 2.3189216 1.097296 0.8250296 2.1979845 1.1892143 0.8268942
53 2.3188806 1.097226 0.82469344 2.1987088 1.1896996 0.8268942
54 2.3188157 1.0972546 0.82479185 2.1974237 1.1888524 0.8268942
55 2.3190691 1.0971788 0.8249906 2.1991227 1.1900564 0.8263754
56 2.3185802 1.0971289 0.82469004 2.1976795 1.1889915 0.8268942
57 2.3187215 1.0972071 0.8243794 2.1985414 1.1897185 0.8268942
58 2.318535 1.0971466 0.8251887 2.198447 1.1895225 0.8263754
59 2.3184273 1.0971413 0.82471937 2.1991668 1.190194 0.8268942
60 2.3187585 1.0972117 0.8244056 2.1995292 1.1903696 0.8268942
61 2.3184574 1.0971861 0.82488424 2.1963272 1.1878067 0.8263754
62 2.3183172 1.0973324 0.8243821 2.1996777 1.1903684 0.8268942
63 2.318231 1.0973248 0.8246504 2.199045 1.1900468 0.8263754
64 2.3182592 1.097316 0.8244515 2.1994665 1.1902684 0.8268942
65 2.3193157 1.0972457 0.8243878 2.1988494 1.1898506 0.8268942
66 2.3185825 1.097182 0.8246603 2.1972644 1.188626 0.8268942
67 2.3186674 1.0974429 0.82444924 2.1969256 1.1887512 0.8268942
68 2.318174 1.0974053 0.82452846 2.2001173 1.1908643 0.8268942
69 2.3178992 1.0971395 0.8244717 2.1997657 1.190559 0.8268942
70 2.3181636 1.097222 0.82432777 2.1997845 1.190667 0.8268942
71 2.3179805 1.0972301 0.82470846 2.1993415 1.1903863 0.8268942
72 2.318009 1.0973107 0.8243766 2.1998143 1.1906391 0.8268942
73 2.3180628 1.0972364 0.82415116 2.1990237 1.1901051 0.8268942
74 2.3178523 1.0971475 0.8246513 2.200995 1.1913388 0.8268942
75 2.318221 1.0973138 0.8239348 2.1981087 1.189322 0.8268942
76 2.317806 1.0971076 0.82438487 2.200697 1.1910957 0.8268942
77 2.3179083 1.0971661 0.82445735 2.1995835 1.1904162 0.8268942
78 2.3179672 1.0971351 0.8244937 2.1992445 1.1900436 0.8268942
79 2.3176596 1.0970914 0.8243775 2.1983929 1.189798 0.8268942
80 2.3176904 1.0970494 0.8244265 2.2003732 1.1910261 0.8268942
81 2.3176162 1.0970144 0.82448375 2.1980267 1.1893097 0.8268942
82 2.3176918 1.0972329 0.8244735 2.2004588 1.1910565 0.8268942
83 2.3175404 1.0970678 0.8246312 2.1974227 1.1888924 0.8268942
84 2.317834 1.0970588 0.82465225 2.197972 1.1893771 0.8268942
85 2.3175159 1.0971746 0.8246072 2.2009826 1.1912746 0.8268942
86 2.3177397 1.0972443 0.8244016 2.2008178 1.1910956 0.8268942
87 2.3176463 1.0969583 0.8243538 2.1976929 1.189133 0.8268942
88 2.3177133 1.0973061 0.8243869 2.2004986 1.1909912 0.8268942
89 2.3174412 1.0970051 0.82458144 2.1963017 1.1879555 0.8268942
90 2.3176217 1.0972081 0.82397383 2.1982996 1.1893358 0.8268942
91 2.3176892 1.0971253 0.82445097 2.1985917 1.1894122 0.8268942
92 2.3172278 1.0971146 0.8245765 2.2003787 1.1908947 0.8268942
93 2.3173156 1.0971366 0.8243896 2.1998959 1.1906681 0.8268942
94 2.3174932 1.0970932 0.8245055 2.1990054 1.1899395 0.8268942
95 2.3174295 1.0972496 0.82447946 2.1984484 1.1895715 0.8268942
96 2.3169332 1.0964755 0.8244239 2.1939943 1.1860615 0.8268942
97 2.3171363 1.0968856 0.82461643 2.196663 1.1881233 0.8268942
98 2.317585 1.0971143 0.82447994 2.1987154 1.1896547 0.8268942
99 2.3172474 1.0970286 0.82464135 2.1983433 1.1892601 0.8268942
0 0 0.0 0.0 0.0 0.0 0.0 0.0 0.0 0.0 0.0 0.0 0.0 0.0 0.0 0.0 0.0 0.0 0.0 0.0 0.0 0.0 0.0 0.0 0.0 0.0 0.0 0.0 0.0 0.0 0.0 0.0 0.0 0.0 0.0 0.0 0.0 0.0 0.0 0.0 0.0 0.0 0.0 0.0 0.0 0.0 0.0 0.0 0.0 0.0 0.0 0.0 0.0 0.0 0.0 0.0 0.0 0.0 0.0 0.0 0.0 0.0 0.0 0.0 0.0 0.0 0.0 0.0 0.0 0.0 0.0 0.0 0.0 0.0 0.0 0.0 0.0 0.0 0.0 0.0 0.0 0.0 0.0 0.0 0.0 0.0 0.0 0.0 0.0 0.0 0.0 0.0 0.0 0.0 0.0 0.0 0.0 0.038270063045222194 0.14837690123753072 0.30702204564488145 0.5140549333410138 0.6826443479519214 0.7715031370393487 0.8677267723544992 0.9305652419817382 0.9801972341830373 -0.98557615 -0.82392704 -0.72291017 -0.4988065 -0.33887628 -0.48472074 -0.57663137 -0.77016485 -1.0454545 -1.0292851 -0.7500813 -0.4885515 -0.2799588 0.0028217435 -0.23631957 -0.4627448 -0.72353864 -1.1067431
1 0 0.0 0.0 0.0 0.0 0.0 0.0 0.0 0.0 0.0 0.0 0.0 0.0 0.0 0.0 0.0 0.0 0.0 0.0 0.0 0.0 0.0 0.0 0.0 0.0 0.0 0.0 0.0 0.0 0.0 0.0 0.0 0.0 0.0 0.0 0.0 0.0 0.0 0.0 0.0 0.0 0.0 0.0 0.0 0.0 0.0 0.0 0.0 0.0 0.0 0.0 0.0 0.0 0.0 0.0 0.0 0.0 0.0 0.0 0.0 0.0 0.0 0.0 0.0 0.0 0.0 0.0 0.0 0.0 0.0 0.0 0.0 0.0 0.0 0.0 0.0 0.0 0.0 0.0 0.0 0.0 0.0 0.0 0.0 0.0 0.0 0.0 0.0 0.0 0.0 0.0 0.0 0.0 0.0 0.0 0.0 0.02906120030881073 0.06501184202368404 0.14316522957717162 0.300256301793411 0.45998230172542276 0.6269489042660937 0.815366453890611 0.9054411288126356 0.9671647486102645 -1.0663764 -0.93474025 -0.8867761 -0.72861785 -0.75517464 -0.6469029 -0.81290984 -0.96657205 -1.0796732 -1.1374052 -0.9463593 -0.76885533 -0.5386002 -0.21648651 -0.4923308 -0.71146476 -0.92779744 -1.1172272
2 0 0.0 0.0 0.0 0.0 0.0 0.0 0.0 0.0 0.0 0.0 0.0 0.0 0.0 0.0 0.0 0.0 0.0 0.0 0.0 0.0 0.0 0.0 0.0 0.0 0.0 0.0 0.0 0.0 0.0 0.0 0.0 0.0 0.0 0.0 0.0 0.0 0.0 0.0 0.0 0.0 0.0 0.0 0.0 0.0 0.0 0.0 0.0 0.0 0.0 0.0 0.0 0.0 0.0 0.0 0.0 0.0 0.0 0.0 0.0 0.0 0.0 0.0 0.0 0.0 0.0 0.0 0.0 0.0 0.0 0.0 0.0 0.0 0.0 0.0 0.0 0.0 0.0 0.0 0.0 0.0 0.0 0.0 0.0 0.0 0.0 0.0 0.0 0.0 0.0 0.0 0.0 0.0 0.0 0.0 0.0 0.01793504021262831 0.062364826527128665 0.11833877048439821 0.24024471796346356 0.3591752191171841 0.48746059572339534 0.6818326174697801 0.8320538300206384 0.9321535402463548 -1.0355072 -0.86608446 -0.7206012 -0.5536301 -0.39575237 -0.5384033 -0.63379896 -0.7691015 -0.9952193 -1.121813 -0.8496201 -0.60725474 -0.33800146 -0.07200371 -0.310485 -0.48282117 -0.6680856 -0.9799447
0 400 0.0 0.0 0.0 0.0 0.0 0.0 0.0 0.0 0.0 0.0 0.0 0.0 0.0 0.0 0.0 0.0 0.0 0.0 0.0 0.0 0.0 0.0 0.0 0.0 0.0 0.0 0.0 0.0 0.0 0.0 0.0 0.0 0.0 0.0 0.0 0.0 0.0 0.0 0.0 0.0 0.0 0.0 0.0 0.0 0.0 0.0 0.0 0.0 0.0 0.0 0.0 0.0 0.0 0.0 0.0 0.0 0.0 0.0 0.0 0.0 0.0 0.0 0.0 0.0 0.0 0.0 0.0 0.0 0.0 0.0 0.0 0.0 0.0 0.0 0.0 0.0 0.0 0.0 0.0 0.0 0.0 0.0 0.0 0.0 0.0 0.0 0.0 0.0 0.0 0.0 0.0 0.0 0.0 0.0 0.0 0.03833612019347059 0.14856524148354985 0.30710695319118403 0.5141710735497587 0.6825897308937754 0.7716657478809534 0.8677609829515247 0.9305754682648079 0.9802269890512189 -0.9853177 -0.82410526 -0.72272545 -0.4986113 -0.33904475 -0.48462352 -0.5766212 -0.7700793 -1.0454967 -1.0287976 -0.75027144 -0.48885995 -0.279624 0.0025320947 -0.23616223 -0.46275896 -0.72345024 -1.1068745
1 400 0.0 0.0 0.0 0.0 0.0 0.0 0.0 0.0 0.0 0.0 0.0 0.0 0.0 0.0 0.0 0.0 0.0 0.0 0.0 0.0 0.0 0.0 0.0 0.0 0.0 0.0 0.0 0.0 0.0 0.0 0.0 0.0 0.0 0.0 0.0 0.0 0.0 0.0 0.0 0.0 0.0 0.0 0.0 0.0 0.0 0.0 0.0 0.0 0.0 0.0 0.0 0.0 0.0 0.0 0.0 0.0 0.0 0.0 0.0 0.0 0.0 0.0 0.0 0.0 0.0 0.0 0.0 0.0 0.0 0.0 0.0 0.0 0.0 0.0 0.0 0.0 0.0 0.0 0.0 0.0 0.0 0.0 0.0 0.0 0.0 0.0 0.0 0.0 0.0 0.0 0.0 0.0 0.0 0.0 0.0 0.02921657551161384 0.06498701004755886 0.1431223665550616 0.2999003908075252 0.4599969313826227 0.6273488259114277 0.81535077200239 0.905418468098438 0.9672111909713609 -1.0657842 -0.9347985 -0.8868437 -0.7285433 -0.7550067 -0.64686084 -0.8128587 -0.9665288 -1.0796578 -1.1363859 -0.9464867 -0.76894563 -0.53882205 -0.21664223 -0.49230742 -0.7114011 -0.9277339 -1.1172895
2 400 0.0 0.0 0.0 0.0 0.0 0.0 0.0 0.0 0.0 0.0 0.0 0.0 0.0 0.0 0.0 0.0 0.0 0.0 0.0 0.0 0.0 0.0 0.0 0.0 0.0 0.0 0.0 0.0 0.0 0.0 0.0 0.0 0.0 0.0 0.0 0.0 0.0 0.0 0.0 0.0 0.0 0.0 0.0 0.0 0.0 0.0 0.0 0.0 0.0 0.0 0.0 0.0 0.0 0.0 0.0 0.0 0.0 0.0 0.0 0.0 0.0 0.0 0.0 0.0 0.0 0.0 0.0 0.0 0.0 0.0 0.0 0.0 0.0 0.0 0.0 0.0 0.0 0.0 0.0 0.0 0.0 0.0 0.0 0.0 0.0 0.0 0.0 0.0 0.0 0.0 0.0 0.0 0.0 0.0 0.0 0.01796689957345885 0.062383003163662874 0.11833877048439821 0.24031128426071163 0.35921525463081316 0.4874302885171305 0.6818771364016339 0.8320359110347993 0.9322137771707288 -1.0352237 -0.8661615 -0.7206012 -0.55362153 -0.3958225 -0.53834563 -0.63376534 -0.76895887 -0.99523205 -1.1213624 -0.8497225 -0.60725474 -0.337986 -0.0721205 -0.31054777 -0.4828124 -0.66791695 -0.9800111
0 800 0.0 0.0 0.0 0.0 0.0 0.0 0.0 0.0 0.0 0.0 0.0 0.0 0.0 0.0 0.0 0.0 0.0 0.0 0.0 0.0 0.0 0.0 0.0 0.0 0.0 0.0 0.0 0.0 0.0 0.0 0.0 0.0 0.0 0.0 0.0 0.0 0.0 0.0 0.0 0.0 0.0 0.0 0.0 0.0 0.0 0.0 0.0 0.0 0.0 0.0 0.0 0.0 0.0 0.0 0.0 0.0 0.0 0.0 0.0 0.0 0.0 0.0 0.0 0.0 0.0 0.0 0.0 0.0 0.0 0.0 0.0 0.0 0.0 0.0 0.0 0.0 0.0 0.0 0.0 0.0 0.0 0.0 0.0 0.0 0.0 0.0 0.0 0.0 0.0 0.0 0.0 0.0 0.0 0.0 0.0 0.038288774661788746 0.14851864276688378 0.30699024831324967 0.5141683789813174 0.6825418283887286 0.7716657478809534 0.8674027302076182 0.930547538462156 0.9801801831276615 -0.9855999 -0.8240504 -0.7228874 -0.4986139 -0.33926833 -0.48462352 -0.57653356 -0.77012193 -1.0454788 -1.0292811 -0.7502122 -0.48866302 -0.27962655 0.0021430254 -0.23616223 -0.46250677 -0.723475 -1.1067227
1 800 0.0 0.0 0.0 0.0 0.0 0.0 0.0 0.0 0.0 0.0 0.0 0.0 0.0 0.0 0.0 0.0 0.0 0.0 0.0 0.0 0.0 0.0 0.0 0.0 0.0 0.0 0.0 0.0 0.0 0.0 0.0 0.0 0.0 0.0 0.0 0.0 0.0 0.0 0.0 0.0 0.0 0.0 0.0 0.0 0.0 0.0 0.0 0.0 0.0 0.0 0.0 0.0 0.0 0.0 0.0 0.0 0.0 0.0 0.0 0.0 0.0 0.0 0.0 0.0 0.0 0.0 0.0 0.0 0.0 0.0 0.0 0.0 0.0 0.0 0.0 0.0 0.0 0.0 0.0 0.0 0.0 0.0 0.0 0.0 0.0 0.0 0.0 0.0 0.0 0.0 0.0 0.0 0.0 0.0 0.0 0.029111300440383046 0.06501432908680306 0.14310548047440977 0.29966112312335996 0.46004085116744453 0.6273829362713987 0.815100003204098 0.9054018061729386 0.9671427748117286 -1.0663054 -0.9348052 -0.8869297 -0.72871363 -0.7545027 -0.64686924 -0.8129691 -0.96660614 -1.0796512 -1.1372528 -0.94646287 -0.76905656 -0.53892905 -0.21710943 -0.49231696 -0.7114355 -0.927811 -1.1171646
2 800 0.0 0.0 0.0 0.0 0.0 0.0 0.0 0.0 0.0 0.0 0.0 0.0 0.0 0.0 0.0 0.0 0.0 0.0 0.0 0.0 0.0 0.0 0.0 0.0 0.0 0.0 0.0 0.0 0.0 0.0 0.0 0.0 0.0 0.0 0.0 0.0 0.0 0.0 0.0 0.0 0.0 0.0 0.0 0.0 0.0 0.0 0.0 0.0 0.0 0.0 0.0 0.0 0.0 0.0 0.0 0.0 0.0 0.0 0.0 0.0 0.0 0.0 0.0 0.0 0.0 0.0 0.0 0.0 0.0 0.0 0.0 0.0 0.0 0.0 0.0 0.0 0.0 0.0 0.0 0.0 0.0 0.0 0.0 0.0 0.0 0.0 0.0 0.0 0.0 0.0 0.0 0.0 0.0 0.0 0.0 0.01793504021262831 0.062383003163662874 0.11831984902646522 0.24031128426071163 0.3592634228889975 0.487415447858055 0.681028454603474 0.832141775253438 0.9322509694598317 -1.0355072 -0.8661615 -0.7205795 -0.55362153 -0.3959068 -0.5383423 -0.6340851 -0.7690501 -0.9953394 -1.121813 -0.8497225 -0.60722184 -0.337986 -0.072260916 -0.3105461 -0.48322797 -0.6680616 -0.98016477
0 400 -0.0315697006881237 0.0014465946005657315 0.04922652617096901 0.04133608937263489 -0.025855906307697296 0.1547992080450058 -0.1534150093793869 0.10389922559261322 -0.0341901071369648 0.06697029620409012 -0.11218686401844025 -0.012186630629003048 0.19757668673992157 0.011743031442165375 0.01579427719116211 0.13949614763259888 -0.06309803575277328 0.1974818855524063 -0.053102992475032806 0.11060668528079987 -0.051129262894392014 -0.010944110341370106 -0.15684983134269714 -0.08810151368379593 0.09948382526636124 -0.16657733917236328 -0.010063556022942066 -0.10106544941663742 0.09505369514226913 -0.1606590300798416 0.08902642130851746 -0.03025750257074833 0.064004085958004 0.1415628045797348 0.07075270265340805 -0.12394019216299057 0.14510279893875122 0.056255925446748734 0.1494743376970291 -0.18161436915397644 -0.08030474931001663 -0.09331537783145905 0.15927718579769135 0.16974611580371857 -0.12019370496273041 0.19013530015945435 0.14439423382282257 -0.13266117870807648 0.12417532503604889 -0.0035918119829148054 -0.017483044415712357 -0.08957529813051224 -0.09713486582040787 0.11756927520036697 -0.058009229600429535 0.13730743527412415 0.0045826733112335205 -0.06957901269197464 0.08244401961565018 -0.053532738238573074 0.11076188832521439 0.10280823707580566 0.03888801112771034 0.09858492016792297 0.020090429112315178 0.02111208625137806 0.11922059208154678 0.11386219412088394 0.15397152304649353 -0.02956804819405079 -0.07912740111351013 0.06656387448310852 0.09537842869758606 0.1367792785167694 0.10838666558265686 -0.05719784274697304 -0.023866591975092888 -0.07627134770154953 -0.08984985947608948 -0.11820609867572784 0.05733383819460869 0.10626398772001266 -0.14678320288658142 0.11390649527311325 -0.06321348249912262 0.028058234602212906 -0.11925693601369858 -0.0072083501145243645 0.026668895035982132 0.10114159435033798 0.11168865114450455 0.12320782989263535 -0.13223586976528168 0.11140035092830658 0.04879302158951759 0.03500285577231533 0.16443360531518783 0.30843305450868647 0.515139777573141 0.6895021677201368 0.7340791817833094 0.85996488654339 0.9209941423794723 0.9830160449837573 -0.99636406 -0.8335761 -0.794703 -0.49778655 -0.32983595 -0.49508557 -0.597353 -0.821401 -1.0950246 -1.034091 -0.75946033 -0.688846 -0.2789716 0.017589122 -0.25612745 -0.4835827 -0.774001 -1.1714473
1 400 -0.0315697006881237 0.0014465946005657315 0.04922652617096901 0.04133608937263489 -0.025855906307697296 0.1547992080450058 -0.1534150093793869 0.10389922559261322 -0.0341901071369648 0.06697029620409012 -0.11218686401844025 -0.012186630629003048 0.19757668673992157 0.011743031442165375 0.01579427719116211 0.13949614763259888 -0.06309803575277328 0.1974818855524063 -0.053102992475032806 0.11060668528079987 -0.051129262894392014 -0.010944110341370106 -0.15684983134269714 -0.08810151368379593 0.09948382526636124 -0.16657733917236328 -0.010063556022942066 -0.10106544941663742 0.09505369514226913 -0.1606590300798416 0.08902642130851746 -0.03025750257074833 0.064004085958004 0.1415628045797348 0.07075270265340805 -0.12394019216299057 0.14510279893875122 0.056255925446748734 0.1494743376970291 -0.18161436915397644 -0.08030474931001663 -0.09331537783145905 0.15927718579769135 0.16974611580371857 -0.12019370496273041 0.19013530015945435 0.14439423382282257 -0.13266117870807648 0.12417532503604889 -0.0035918119829148054 -0.017483044415712357 -0.08957529813051224 -0.09713486582040787 0.11756927520036697 -0.058009229600429535 0.13730743527412415 0.0045826733112335205 -0.06957901269197464 0.08244401961565018 -0.053532738238573074 0.11076188832521439 0.10280823707580566 0.03888801112771034 0.09858492016792297 0.020090429112315178 0.02111208625137806 0.11922059208154678 0.11386219412088394 0.15397152304649353 -0.02956804819405079 -0.07912740111351013 0.06656387448310852 0.09537842869758606 0.1367792785167694 0.10838666558265686 -0.05719784274697304 -0.023866591975092888 -0.07627134770154953 -0.08984985947608948 -0.11820609867572784 0.05733383819460869 0.10626398772001266 -0.14678320288658142 0.11390649527311325 -0.06321348249912262 0.028058234602212906 -0.11925693601369858 -0.0072083501145243645 0.026668895035982132 0.10114159435033798 0.11168865114450455 0.12320782989263535 -0.13223586976528168 0.11140035092830658 0.04879302158951759 0.03472373861956899 0.06934202789139597 0.07357036170560292 0.21186732712217435 0.3820797368304547 0.3537743549642293 0.7889558883780751 0.6245820134460051 0.9709929308879435 -1.1350489 -1.0235906 -1.0710917 -0.81403035 -0.6128271 -0.79023755 -0.97250134 -1.1487173 -1.2398638 -1.1801004 -1.0234945 -1.0121777 -0.6705174 -0.41966134 -0.67172253 -0.9021747 -1.1501948 -1.3057424
2 400 -0.0315697006881237 0.0014465946005657315 0.04922652617096901 0.04133608937263489 -0.025855906307697296 0.1547992080450058 -0.1534150093793869 0.10389922559261322 -0.0341901071369648 0.06697029620409012 -0.11218686401844025 -0.012186630629003048 0.19757668673992157 0.011743031442165375 0.01579427719116211 0.13949614763259888 -0.06309803575277328 0.1974818855524063 -0.053102992475032806 0.11060668528079987 -0.051129262894392014 -0.010944110341370106 -0.15684983134269714 -0.08810151368379593 0.09948382526636124 -0.16657733917236328 -0.010063556022942066 -0.10106544941663742 0.09505369514226913 -0.1606590300798416 0.08902642130851746 -0.03025750257074833 0.064004085958004 0.1415628045797348 0.07075270265340805 -0.12394019216299057 0.14510279893875122 0.056255925446748734 0.1494743376970291 -0.18161436915397644 -0.08030474931001663 -0.09331537783145905 0.15927718579769135 0.16974611580371857 -0.12019370496273041 0.19013530015945435 0.14439423382282257 -0.13266117870807648 0.12417532503604889 -0.0035918119829148054 -0.017483044415712357 -0.08957529813051224 -0.09713486582040787 0.11756927520036697 -0.058009229600429535 0.13730743527412415 0.0045826733112335205 -0.06957901269197464 0.08244401961565018 -0.053532738238573074 0.11076188832521439 0.10280823707580566 0.03888801112771034 0.09858492016792297 0.020090429112315178 0.02111208625137806 0.11922059208154678 0.11386219412088394 0.15397152304649353 -0.02956804819405079 -0.07912740111351013 0.06656387448310852 0.09537842869758606 0.1367792785167694 0.10838666558265686 -0.05719784274697304 -0.023866591975092888 -0.07627134770154953 -0.08984985947608948 -0.11820609867572784 0.05733383819460869 0.10626398772001266 -0.14678320288658142 0.11390649527311325 -0.06321348249912262 0.028058234602212906 -0.11925693601369858 -0.0072083501145243645 0.026668895035982132 0.10114159435033798 0.11168865114450455 0.12320782989263535 -0.13223586976528168 0.11140035092830658 0.04879302158951759 0.03298308890709232 0.10114622146648594 0.1720708194457276 0.26094247406924354 0.36183400657560194 0.5037930077301518 0.6416265108690943 0.763364004531349 0.943341458809205 -0.9928489 -0.8186004 -0.7355586 -0.5510445 -0.40040028 -0.54228616 -0.6714623 -0.8431306 -1.036901 -1.0346744 -0.76633656 -0.57706594 -0.33332434 -0.07974438 -0.3120074 -0.521556 -0.759228 -1.0376558
0 400 -0.028412729501724243 0.001301935059018433 0.04430387169122696 0.03720248118042946 -0.023270314559340477 0.1393192857503891 -0.13807350397109985 0.09350930154323578 -0.03077109530568123 0.06027326360344887 -0.10096817463636398 -0.010967967100441456 0.17781901359558105 0.010568727739155293 0.014214849099516869 0.12554652988910675 -0.056788232177495956 0.17773368954658508 -0.047792691737413406 0.09954601526260376 -0.04601633548736572 -0.009849699214100838 -0.1411648392677307 -0.07929135859012604 0.0895354375243187 -0.14991959929466248 -0.009057200513780117 -0.09095890074968338 0.08554832637310028 -0.14459311962127686 0.08012377470731735 -0.027231751009821892 0.05760367587208748 0.1274065226316452 0.06367743015289307 -0.11154617369174957 0.13059251010417938 0.05063033103942871 0.13452689349651337 -0.16345292329788208 -0.07227427512407303 -0.08398383855819702 0.14334946870803833 0.1527715027332306 -0.10817433148622513 0.1711217612028122 0.12995480000972748 -0.11939505487680435 0.111757792532444 -0.003232630668208003 -0.01573473960161209 -0.0806177631020546 -0.08742137998342514 0.10581234842538834 -0.0522083044052124 0.12357668578624725 0.0041244057938456535 -0.062621109187603 0.0741996169090271 -0.04817946255207062 0.09968569874763489 0.09252741187810898 0.03499921038746834 0.08872642368078232 0.018081385642290115 0.01900087669491768 0.10729853063821793 0.10247597098350525 0.13857436180114746 -0.026611242443323135 -0.07121466100215912 0.05990748479962349 0.08584058284759521 0.12310134619474411 0.0975479930639267 -0.051478058099746704 -0.021479932591319084 -0.0686442106962204 -0.08086486905813217 -0.1063854843378067 0.05160045251250267 0.09563758969306946 -0.13210487365722656 0.10251584649085999 -0.05689213424921036 0.025252411141991615 -0.10733123868703842 -0.006487514823675156 0.02400200441479683 0.09102743119001389 0.10051978379487991 0.11088704317808151 -0.11901228129863739 0.10026030987501144 0.043913718312978745 0.03317906791454375 0.1645104701324531 0.315522356644262 0.5147459137104032 0.6881026100888481 0.7395140890342431 0.8622379903992524 0.9216932642028335 0.9827377061867135 -0.99879277 -0.831406 -0.78497255 -0.49835792 -0.33071905 -0.49506617 -0.5834266 -0.80461496 -1.0906167 -1.0436304 -0.75654566 -0.6803407 -0.2798657 0.016290933 -0.25507873 -0.46833208 -0.7555034 -1.1655505
1 400 -0.028412729501724243 0.001301935059018433 0.04430387169122696 0.03720248118042946 -0.023270314559340477 0.1393192857503891 -0.13807350397109985 0.09350930154323578 -0.03077109530568123 0.06027326360344887 -0.10096817463636398 -0.010967967100441456 0.17781901359558105 0.010568727739155293 0.014214849099516869 0.12554652988910675 -0.056788232177495956 0.17773368954658508 -0.047792691737413406 0.09954601526260376 -0.04601633548736572 -0.009849699214100838 -0.1411648392677307 -0.07929135859012604 0.0895354375243187 -0.14991959929466248 -0.009057200513780117 -0.09095890074968338 0.08554832637310028 -0.14459311962127686 0.08012377470731735 -0.027231751009821892 0.05760367587208748 0.1274065226316452 0.06367743015289307 -0.11154617369174957 0.13059251010417938 0.05063033103942871 0.13452689349651337 -0.16345292329788208 -0.07227427512407303 -0.08398383855819702 0.14334946870803833 0.1527715027332306 -0.10817433148622513 0.1711217612028122 0.12995480000972748 -0.11939505487680435 0.111757792532444 -0.003232630668208003 -0.01573473960161209 -0.0806177631020546 -0.08742137998342514 0.10581234842538834 -0.0522083044052124 0.12357668578624725 0.0041244057938456535 -0.062621109187603 0.0741996169090271 -0.04817946255207062 0.09968569874763489 0.09252741187810898 0.03499921038746834 0.08872642368078232 0.018081385642290115 0.01900087669491768 0.10729853063821793 0.10247597098350525 0.13857436180114746 -0.026611242443323135 -0.07121466100215912 0.05990748479962349 0.08584058284759521 0.12310134619474411 0.0975479930639267 -0.051478058099746704 -0.021479932591319084 -0.0686442106962204 -0.08086486905813217 -0.1063854843378067 0.05160045251250267 0.09563758969306946 -0.13210487365722656 0.10251584649085999 -0.05689213424921036 0.025252411141991615 -0.10733123868703842 -0.006487514823675156 0.02400200441479683 0.09102743119001389 0.10051978379487991 0.11088704317808151 -0.11901228129863739 0.10026030987501144 0.043913718312978745 0.033822797771295626 0.06907466941092043 0.07915080997452864 0.2326089315910335 0.40559637952656485 0.37437316676214244 0.806193264434978 0.6697135974360163 0.9705548754413607 -1.1321192 -1.013488 -1.0539376 -0.8086512 -0.5985271 -0.77427 -0.95347255 -1.1299648 -1.2221318 -1.1827024 -1.0145645 -0.9894062 -0.66217095 -0.40276986 -0.6506456 -0.8775059 -1.1270003 -1.2848053
2 400 -0.028412729501724243 0.001301935059018433 0.04430387169122696 0.03720248118042946 -0.023270314559340477 0.1393192857503891 -0.13807350397109985 0.09350930154323578 -0.03077109530568123 0.06027326360344887 -0.10096817463636398 -0.010967967100441456 0.17781901359558105 0.010568727739155293 0.014214849099516869 0.12554652988910675 -0.056788232177495956 0.17773368954658508 -0.047792691737413406 0.09954601526260376 -0.04601633548736572 -0.009849699214100838 -0.1411648392677307 -0.07929135859012604 0.0895354375243187 -0.14991959929466248 -0.009057200513780117 -0.09095890074968338 0.08554832637310028 -0.14459311962127686 0.08012377470731735 -0.027231751009821892 0.05760367587208748 0.1274065226316452 0.06367743015289307 -0.11154617369174957 0.13059251010417938 0.05063033103942871 0.13452689349651337 -0.16345292329788208 -0.07227427512407303 -0.08398383855819702 0.14334946870803833 0.1527715027332306 -0.10817433148622513 0.1711217612028122 0.12995480000972748 -0.11939505487680435 0.111757792532444 -0.003232630668208003 -0.01573473960161209 -0.0806177631020546 -0.08742137998342514 0.10581234842538834 -0.0522083044052124 0.12357668578624725 0.0041244057938456535 -0.062621109187603 0.0741996169090271 -0.04817946255207062 0.09968569874763489 0.09252741187810898 0.03499921038746834 0.08872642368078232 0.018081385642290115 0.01900087669491768 0.10729853063821793 0.10247597098350525 0.13857436180114746 -0.026611242443323135 -0.07121466100215912 0.05990748479962349 0.08584058284759521 0.12310134619474411 0.0975479930639267 -0.051478058099746704 -0.021479932591319084 -0.0686442106962204 -0.08086486905813217 -0.1063854843378067 0.05160045251250267 0.09563758969306946 -0.13210487365722656 0.10251584649085999 -0.05689213424921036 0.025252411141991615 -0.10733123868703842 -0.006487514823675156 0.02400200441479683 0.09102743119001389 0.10051978379487991 0.11088704317808151 -0.11901228129863739 0.10026030987501144 0.043913718312978745 0.027729894176536048 0.09051699282649793 0.1708702564636136 0.25586627301661125 0.360793702378296 0.5076255252625091 0.6633572903834557 0.784162468407159 0.9422708768536353 -1.0049118 -0.8432611 -0.7356816 -0.5516657 -0.39858347 -0.5414588 -0.6583026 -0.82801807 -1.0331389 -1.0601325 -0.80481243 -0.5824374 -0.33444798 -0.07671866 -0.31032518 -0.507838 -0.74039114 -1.03231
0 400 -0.025255760177969933 0.0011572757503017783 0.03938122093677521 0.03306887298822403 -0.020684724673628807 0.123839370906353 -0.1227320060133934 0.08311938494443893 -0.02735208533704281 0.053576238453388214 -0.08974949270486832 -0.009749304503202438 0.15806135535240173 0.009394424967467785 0.012635421939194202 0.11159691959619522 -0.05047842860221863 0.15798550844192505 -0.042482394725084305 0.08848535269498825 -0.04090341180562973 -0.00875528808683157 -0.12547986209392548 -0.07048121094703674 0.07958706468343735 -0.13326187431812286 -0.008050845004618168 -0.08085235953330994 0.07604295760393143 -0.1285272240638733 0.07122113555669785 -0.024206003174185753 0.05120326951146126 0.1132502481341362 0.05660216137766838 -0.09915215522050858 0.11608224362134933 0.04500474035739899 0.11957947164773941 -0.1452914923429489 -0.06424380093812943 -0.0746523067355156 0.12742175161838531 0.13579688966274261 -0.09615496546030045 0.15210823714733124 0.11551538854837418 -0.10612894594669342 0.09934026002883911 -0.0028734495863318443 -0.0139864357188344 -0.07166024297475815 -0.07770789414644241 0.0940554216504097 -0.04640738293528557 0.10984595119953156 0.003666138742119074 -0.05566320940852165 0.06595521420240402 -0.04282619059085846 0.08860950917005539 0.08224659413099289 0.031110409647226334 0.07886793464422226 0.016072344034910202 0.016889669001102448 0.09537647664546967 0.09108975529670715 0.12317722290754318 -0.02365443855524063 -0.0633019208908081 0.05325109884142876 0.07630274444818497 0.10942342132329941 0.08670933544635773 -0.04575827345252037 -0.01909327320754528 -0.061017077416181564 -0.07187988609075546 -0.09456487745046616 0.04586707055568695 0.08501119166612625 -0.1174265667796135 0.09112519770860672 -0.050570785999298096 0.022446587681770325 -0.09540554881095886 -0.005766679998487234 0.021335115656256676 0.08091327548027039 0.08935092389583588 0.09856626391410828 -0.1057887002825737 0.0891202837228775 0.039034418761730194 0.03266391236027494 0.16374135862372285 0.3221681806475142 0.5143616558792218 0.6870010124095101 0.744854038102898 0.8661092129419685 0.922412104362903 0.9824470766392365 -0.9992826 -0.8298658 -0.77565897 -0.49891537 -0.33182424 -0.49502447 -0.5764562 -0.78792393 -1.0861471 -1.0484341 -0.7546548 -0.67195594 -0.280738 0.014537752 -0.25399232 -0.4617281 -0.73713285 -1.1595587
1 400 -0.025255760177969933 0.0011572757503017783 0.03938122093677521 0.03306887298822403 -0.020684724673628807 0.123839370906353 -0.1227320060133934 0.08311938494443893 -0.02735208533704281 0.053576238453388214 -0.08974949270486832 -0.009749304503202438 0.15806135535240173 0.009394424967467785 0.012635421939194202 0.11159691959619522 -0.05047842860221863 0.15798550844192505 -0.042482394725084305 0.08848535269498825 -0.04090341180562973 -0.00875528808683157 -0.12547986209392548 -0.07048121094703674 0.07958706468343735 -0.13326187431812286 -0.008050845004618168 -0.08085235953330994 0.07604295760393143 -0.1285272240638733 0.07122113555669785 -0.024206003174185753 0.05120326951146126 0.1132502481341362 0.05660216137766838 -0.09915215522050858 0.11608224362134933 0.04500474035739899 0.11957947164773941 -0.1452914923429489 -0.06424380093812943 -0.0746523067355156 0.12742175161838531 0.13579688966274261 -0.09615496546030045 0.15210823714733124 0.11551538854837418 -0.10612894594669342 0.09934026002883911 -0.0028734495863318443 -0.0139864357188344 -0.07166024297475815 -0.07770789414644241 0.0940554216504097 -0.04640738293528557 0.10984595119953156 0.003666138742119074 -0.05566320940852165 0.06595521420240402 -0.04282619059085846 0.08860950917005539 0.08224659413099289 0.031110409647226334 0.07886793464422226 0.016072344034910202 0.016889669001102448 0.09537647664546967 0.09108975529670715 0.12317722290754318 -0.02365443855524063 -0.0633019208908081 0.05325109884142876 0.07630274444818497 0.10942342132329941 0.08670933544635773 -0.04575827345252037 -0.01909327320754528 -0.061017077416181564 -0.07187988609075546 -0.09456487745046616 0.04586707055568695 0.08501119166612625 -0.1174265667796135 0.09112519770860672 -0.050570785999298096 0.022446587681770325 -0.09540554881095886 -0.005766679998487234 0.021335115656256676 0.08091327548027039 0.08935092389583588 0.09856626391410828 -0.1057887002825737 0.0891202837228775 0.039034418761730194 0.032899230919734956 0.068836919596165 0.08538403010120592 0.25027482587797345 0.4294995663587359 0.39731017582637534 0.8241357603361342 0.7115957287416058 0.9701002815136357 -1.1293552 -1.0033935 -1.0361578 -0.7935809 -0.58429676 -0.75860757 -0.93500155 -1.1112324 -1.2045294 -1.1856582 -1.0056189 -0.9657974 -0.64182436 -0.38597953 -0.6303793 -0.85382855 -1.1038007 -1.263996
2 400 -0.025255760177969933 0.0011572757503017783 0.03938122093677521 0.03306887298822403 -0.020684724673628807 0.123839370906353 -0.1227320060133934 0.08311938494443893 -0.02735208533704281 0.053576238453388214 -0.08974949270486832 -0.009749304503202438 0.15806135535240173 0.009394424967467785 0.012635421939194202 0.11159691959619522 -0.05047842860221863 0.15798550844192505 -0.042482394725084305 0.08848535269498825 -0.04090341180562973 -0.00875528808683157 -0.12547986209392548 -0.07048121094703674 0.07958706468343735 -0.13326187431812286 -0.008050845004618168 -0.08085235953330994 0.07604295760393143 -0.1285272240638733 0.07122113555669785 -0.024206003174185753 0.05120326951146126 0.1132502481341362 0.05660216137766838 -0.09915215522050858 0.11608224362134933 0.04500474035739899 0.11957947164773941 -0.1452914923429489 -0.06424380093812943 -0.0746523067355156 0.12742175161838531 0.13579688966274261 -0.09615496546030045 0.15210823714733124 0.11551538854837418 -0.10612894594669342 0.09934026002883911 -0.0028734495863318443 -0.0139864357188344 -0.07166024297475815 -0.07770789414644241 0.0940554216504097 -0.04640738293528557 0.10984595119953156 0.003666138742119074 -0.05566320940852165 0.06595521420240402 -0.04282619059085846 0.08860950917005539 0.08224659413099289 0.031110409647226334 0.07886793464422226 0.016072344034910202 0.016889669001102448 0.09537647664546967 0.09108975529670715 0.12317722290754318 -0.02365443855524063 -0.0633019208908081 0.05325109884142876 0.07630274444818497 0.10942342132329941 0.08670933544635773 -0.04575827345252037 -0.01909327320754528 -0.061017077416181564 -0.07187988609075546 -0.09456487745046616 0.04586707055568695 0.08501119166612625 -0.1174265667796135 0.09112519770860672 -0.050570785999298096 0.022446587681770325 -0.09540554881095886 -0.005766679998487234 0.021335115656256676 0.08091327548027039 0.08935092389583588 0.09856626391410828 -0.1057887002825737 0.0891202837228775 0.039034418761730194 0.023293508208805956 0.08299730501914855 0.1553150942295108 0.25084185011461696 0.3596887125831114 0.5108719128723235 0.6765953548699367 0.8036817510580522 0.9412141867838913 -1.0169683 -0.8507029 -0.74207735 -0.55228853 -0.3966512 -0.540827 -0.64919436 -0.8127824 -1.0293208 -1.0855832 -0.8182844 -0.60143316 -0.3355747 -0.07350062 -0.30901808 -0.5013288 -0.7217624 -1.0269331
0 400 -0.022098790854215622 0.0010126162087544799 0.03445856645703316 0.02893526293337345 -0.018099134787917137 0.1083594411611557 -0.10739050805568695 0.0727294534444809 -0.02393307536840439 0.046879205852746964 -0.07853080332279205 -0.008530640974640846 0.13830368220806122 0.008220122195780277 0.011055993847548962 0.0976473018527031 -0.0441686250269413 0.13823731243610382 -0.037172093987464905 0.07742467522621155 -0.03579048439860344 -0.007660876959562302 -0.10979487746953964 -0.06167105957865715 0.0696386769413948 -0.11660413444042206 -0.007044489029794931 -0.0707458108663559 0.06653758883476257 -0.11246132105588913 0.06231849268078804 -0.021180251613259315 0.04480285942554474 0.099093958735466 0.049526892602443695 -0.08675813674926758 0.1015719547867775 0.039379145950078964 0.10463203489780426 -0.12713006138801575 -0.05621332302689552 -0.06532076001167297 0.1114940270781517 0.11882227659225464 -0.08413559198379517 0.13309471309185028 0.10107596218585968 -0.0928628221154213 0.08692272752523422 -0.002514268271625042 -0.012238130904734135 -0.0627027079463005 -0.06799440830945969 0.08229849487543106 -0.040606461465358734 0.09611520171165466 0.003207871224731207 -0.04870530962944031 0.057710811495780945 -0.037472914904356 0.07753331959247589 0.0719657614827156 0.02722160704433918 0.0690094456076622 0.01406330056488514 0.014778460375964642 0.08345441520214081 0.07970353215932846 0.10778006166219711 -0.020697632804512978 -0.05538918077945709 0.046594712883234024 0.06676489859819412 0.0957454964518547 0.07587066292762756 -0.04003848880529404 -0.016706613823771477 -0.05338994413614273 -0.06289490312337875 -0.08274427056312561 0.04013368487358093 0.07438479363918304 -0.10274823755025864 0.07973454892635345 -0.044249437749385834 0.019640764221549034 -0.0834798514842987 -0.005045845173299313 0.018668226897716522 0.07079911231994629 0.07818205654621124 0.08624547719955444 -0.09256510436534882 0.07798024266958237 0.034155115485191345 0.03368608909368147 0.16177149862214923 0.3291135724399523 0.5139677209021796 0.6859244589675414 0.7515492468399401 0.8675302231005944 0.9231088101945291 0.9821811867410928 -0.9970167 -0.8291559 -0.7660649 -0.49948674 -0.3328124 -0.4940361 -0.578157 -0.77888864 -1.0814165 -1.0452231 -0.75412285 -0.66435915 -0.2816321 0.012987852 -0.25171155 -0.464923 -0.7274262 -1.1533632
1 400 -0.022098790854215622 0.0010126162087544799 0.03445856645703316 0.02893526293337345 -0.018099134787917137 0.1083594411611557 -0.10739050805568695 0.0727294534444809 -0.02393307536840439 0.046879205852746964 -0.07853080332279205 -0.008530640974640846 0.13830368220806122 0.008220122195780277 0.011055993847548962 0.0976473018527031 -0.0441686250269413 0.13823731243610382 -0.037172093987464905 0.07742467522621155 -0.03579048439860344 -0.007660876959562302 -0.10979487746953964 -0.06167105957865715 0.0696386769413948 -0.11660413444042206 -0.007044489029794931 -0.0707458108663559 0.06653758883476257 -0.11246132105588913 0.06231849268078804 -0.021180251613259315 0.04480285942554474 0.099093958735466 0.049526892602443695 -0.08675813674926758 0.1015719547867775 0.039379145950078964 0.10463203489780426 -0.12713006138801575 -0.05621332302689552 -0.06532076001167297 0.1114940270781517 0.11882227659225464 -0.08413559198379517 0.13309471309185028 0.10107596218585968 -0.0928628221154213 0.08692272752523422 -0.002514268271625042 -0.012238130904734135 -0.0627027079463005 -0.06799440830945969 0.08229849487543106 -0.040606461465358734 0.09611520171165466 0.003207871224731207 -0.04870530962944031 0.057710811495780945 -0.037472914904356 0.07753331959247589 0.0719657614827156 0.02722160704433918 0.0690094456076622 0.01406330056488514 0.014778460375964642 0.08345441520214081 0.07970353215932846 0.10778006166219711 -0.020697632804512978 -0.05538918077945709 0.046594712883234024 0.06676489859819412 0.0957454964518547 0.07587066292762756 -0.04003848880529404 -0.016706613823771477 -0.05338994413614273 -0.06289490312337875 -0.08274427056312561 0.04013368487358093 0.07438479363918304 -0.10274823755025864 0.07973454892635345 -0.044249437749385834 0.019640764221549034 -0.0834798514842987 -0.005045845173299313 0.018668226897716522 0.07079911231994629 0.07818205654621124 0.08624547719955444 -0.09256510436534882 0.07798024266958237 0.034155115485191345 0.0331566707840989 0.06851110322127163 0.09193024889154709 0.26838440713868694 0.45373052177824374 0.4255447115241209 0.8240008206995555 0.7504885918882429 0.9696673883051792 -1.1182408 -0.9933727 -1.0186584 -0.77755415 -0.5700652 -0.742935 -0.9194851 -1.0924761 -1.1869028 -1.1751243 -0.9968287 -0.94256365 -0.6202917 -0.36918804 -0.61067677 -0.8354304 -1.0806017 -1.243212
2 400 -0.022098790854215622 0.0010126162087544799 0.03445856645703316 0.02893526293337345 -0.018099134787917137 0.1083594411611557 -0.10739050805568695 0.0727294534444809 -0.02393307536840439 0.046879205852746964 -0.07853080332279205 -0.008530640974640846 0.13830368220806122 0.008220122195780277 0.011055993847548962 0.0976473018527031 -0.0441686250269413 0.13823731243610382 -0.037172093987464905 0.07742467522621155 -0.03579048439860344 -0.007660876959562302 -0.10979487746953964 -0.06167105957865715 0.0696386769413948 -0.11660413444042206 -0.007044489029794931 -0.0707458108663559 0.06653758883476257 -0.11246132105588913 0.06231849268078804 -0.021180251613259315 0.04480285942554474 0.099093958735466 0.049526892602443695 -0.08675813674926758 0.1015719547867775 0.039379145950078964 0.10463203489780426 -0.12713006138801575 -0.05621332302689552 -0.06532076001167297 0.1114940270781517 0.11882227659225464 -0.08413559198379517 0.13309471309185028 0.10107596218585968 -0.0928628221154213 0.08692272752523422 -0.002514268271625042 -0.012238130904734135 -0.0627027079463005 -0.06799440830945969 0.08229849487543106 -0.040606461465358734 0.09611520171165466 0.003207871224731207 -0.04870530962944031 0.057710811495780945 -0.037472914904356 0.07753331959247589 0.0719657614827156 0.02722160704433918 0.0690094456076622 0.01406330056488514 0.014778460375964642 0.08345441520214081 0.07970353215932846 0.10778006166219711 -0.020697632804512978 -0.05538918077945709 0.046594712883234024 0.06676489859819412 0.0957454964518547 0.07587066292762756 -0.04003848880529404 -0.016706613823771477 -0.05338994413614273 -0.06289490312337875 -0.08274427056312561 0.04013368487358093 0.07438479363918304 -0.10274823755025864 0.07973454892635345 -0.044249437749385834 0.019640764221549034 -0.0834798514842987 -0.005045845173299313 0.018668226897716522 0.07079911231994629 0.07818205654621124 0.08624547719955444 -0.09256510436534882 0.07798024266958237 0.034155115485191345 0.020210969885081257 0.07601190904661734 0.14625698523504313 0.24519086029331214 0.35865311488261503 0.5113681089447241 0.6757177253637313 0.821815141782105 0.9400906218713677 -1.029273 -0.85805404 -0.7421032 -0.5529991 -0.39483795 -0.5388378 -0.64164555 -0.7958086 -1.0254694 -1.1081586 -0.8316542 -0.608027 -0.33685997 -0.07048081 -0.30558416 -0.4975803 -0.70163846 -1.0214711
0 400 -0.01894182153046131 0.0008679567836225033 0.029535917565226555 0.024801654741168022 -0.015513543970882893 0.0928795263171196 -0.0920490100979805 0.06233953684568405 -0.02051406539976597 0.04018218070268631 -0.06731212139129639 -0.007311978843063116 0.1185460165143013 0.007045818958431482 0.009476566687226295 0.08369769155979156 -0.03785882145166397 0.11848913878202438 -0.0318617969751358 0.06636401265859604 -0.030677558854222298 -0.006566466297954321 -0.0941099002957344 -0.052860911935567856 0.05969029664993286 -0.09994640946388245 -0.0060381339862942696 -0.06063927337527275 0.05703222006559372 -0.09639542549848557 0.05341585353016853 -0.018154501914978027 0.03840245306491852 0.084937684237957 0.04245162382721901 -0.07436411827802658 0.08706168085336685 0.03375355526804924 0.08968460559844971 -0.10896862298250198 -0.04818285256624222 -0.05598922818899155 0.09556631743907928 0.10184767097234726 -0.07211622595787048 0.11408118158578873 0.08663654327392578 -0.07959671318531036 0.07450519502162933 -0.0021550871897488832 -0.010489827021956444 -0.05374518036842346 -0.05828092247247696 0.07054156810045242 -0.0348055399954319 0.08238446712493896 0.0027496041730046272 -0.04174740985035896 0.049466412514448166 -0.032119642943143845 0.06645713746547699 0.06168494373559952 0.023332808166742325 0.059150952845811844 0.012054258026182652 0.01266725268214941 0.07153236120939255 0.06831731647253036 0.09238291531801224 -0.017740828916430473 -0.04747644439339638 0.03993832692503929 0.057227060198783875 0.08206757158041 0.0650320053100586 -0.034318707883358 -0.014319955371320248 -0.0457628108561039 -0.053909916430711746 -0.07092366367578506 0.03440030291676521 0.06375839561223984 -0.08806992322206497 0.06834390014410019 -0.03792808949947357 0.016834940761327744 -0.07155416160821915 -0.004325010348111391 0.01600133813917637 0.06068496033549309 0.0670131966471672 0.07392469793558121 -0.07934152334928513 0.06684021651744843 0.029275814071297646 0.03474850632019079 0.15983063600894712 0.3360772174791236 0.5135738229065241 0.6853478083092521 0.7575138154075884 0.8683126967670183 0.9239767340344675 0.9819188116111421 -0.99474037 -0.82838285 -0.75646377 -0.5000581 -0.33378923 -0.49291158 -0.5784095 -0.77648664 -1.0762738 -1.0419858 -0.7535008 -0.65675986 -0.2825262 0.01135993 -0.24957676 -0.46511322 -0.72537404 -1.1467237
1 400 -0.01894182153046131 0.0008679567836225033 0.029535917565226555 0.024801654741168022 -0.015513543970882893 0.0928795263171196 -0.0920490100979805 0.06233953684568405 -0.02051406539976597 0.04018218070268631 -0.06731212139129639 -0.007311978843063116 0.1185460165143013 0.007045818958431482 0.009476566687226295 0.08369769155979156 -0.03785882145166397 0.11848913878202438 -0.0318617969751358 0.06636401265859604 -0.030677558854222298 -0.006566466297954321 -0.0941099002957344 -0.052860911935567856 0.05969029664993286 -0.09994640946388245 -0.0060381339862942696 -0.06063927337527275 0.05703222006559372 -0.09639542549848557 0.05341585353016853 -0.018154501914978027 0.03840245306491852 0.084937684237957 0.04245162382721901 -0.07436411827802658 0.08706168085336685 0.03375355526804924 0.08968460559844971 -0.10896862298250198 -0.04818285256624222 -0.05598922818899155 0.09556631743907928 0.10184767097234726 -0.07211622595787048 0.11408118158578873 0.08663654327392578 -0.07959671318531036 0.07450519502162933 -0.0021550871897488832 -0.010489827021956444 -0.05374518036842346 -0.05828092247247696 0.07054156810045242 -0.0348055399954319 0.08238446712493896 0.0027496041730046272 -0.04174740985035896 0.049466412514448166 -0.032119642943143845 0.06645713746547699 0.06168494373559952 0.023332808166742325 0.059150952845811844 0.012054258026182652 0.01266725268214941 0.07153236120939255 0.06831731647253036 0.09238291531801224 -0.017740828916430473 -0.04747644439339638 0.03993832692503929 0.057227060198783875 0.08206757158041 0.0650320053100586 -0.034318707883358 -0.014319955371320248 -0.0457628108561039 -0.053909916430711746 -0.07092366367578506 0.03440030291676521 0.06375839561223984 -0.08806992322206497 0.06834390014410019 -0.03792808949947357 0.016834940761327744 -0.07155416160821915 -0.004325010348111391 0.01600133813917637 0.06068496033549309 0.0670131966471672 0.07392469793558121 -0.07934152334928513 0.06684021651744843 0.029275814071297646 0.033556613985267776 0.06820966541241967 0.0989304679133298 0.28729986877224717 0.48120651320993396 0.4559835953472606 0.8222264900473195 0.785715954951991 0.96919497524339 -1.1062895 -0.98342156 -1.0011622 -0.76154083 -0.5613174 -0.7265449 -0.9040922 -1.0737197 -1.1689422 -1.1631445 -0.9881247 -0.919333 -0.5987762 -0.3443854 -0.5901228 -0.81732154 -1.0574028 -1.2219884
2 400 -0.01894182153046131 0.0008679567836225033 0.029535917565226555 0.024801654741168022 -0.015513543970882893 0.0928795263171196 -0.0920490100979805 0.06233953684568405 -0.02051406539976597 0.04018218070268631 -0.06731212139129639 -0.007311978843063116 0.1185460165143013 0.007045818958431482 0.009476566687226295 0.08369769155979156 -0.03785882145166397 0.11848913878202438 -0.0318617969751358 0.06636401265859604 -0.030677558854222298 -0.006566466297954321 -0.0941099002957344 -0.052860911935567856 0.05969029664993286 -0.09994640946388245 -0.0060381339862942696 -0.06063927337527275 0.05703222006559372 -0.09639542549848557 0.05341585353016853 -0.018154501914978027 0.03840245306491852 0.084937684237957 0.04245162382721901 -0.07436411827802658 0.08706168085336685 0.03375355526804924 0.08968460559844971 -0.10896862298250198 -0.04818285256624222 -0.05598922818899155 0.09556631743907928 0.10184767097234726 -0.07211622595787048 0.11408118158578873 0.08663654327392578 -0.07959671318531036 0.07450519502162933 -0.0021550871897488832 -0.010489827021956444 -0.05374518036842346 -0.05828092247247696 0.07054156810045242 -0.0348055399954319 0.08238446712493896 0.0027496041730046272 -0.04174740985035896 0.049466412514448166 -0.032119642943143845 0.06645713746547699 0.06168494373559952 0.023332808166742325 0.059150952845811844 0.012054258026182652 0.01266725268214941 0.07153236120939255 0.06831731647253036 0.09238291531801224 -0.017740828916430473 -0.04747644439339638 0.03993832692503929 0.057227060198783875 0.08206757158041 0.0650320053100586 -0.034318707883358 -0.014319955371320248 -0.0457628108561039 -0.053909916430711746 -0.07092366367578506 0.03440030291676521 0.06375839561223984 -0.08806992322206497 0.06834390014410019 -0.03792808949947357 0.016834940761327744 -0.07155416160821915 -0.004325010348111391 0.01600133813917637 0.06068496033549309 0.0670131966471672 0.07392469793558121 -0.07934152334928513 0.06684021651744843 0.029275814071297646 0.01882410522955163 0.0695606625516186 0.14414058743926103 0.23963550162604957 0.357606845739341 0.5109864945909743 0.6729935482382885 0.8264218699040458 0.9389768537168158 -1.035172 -0.8654175 -0.7358724 -0.55370843 -0.39300358 -0.53641057 -0.6404239 -0.78931785 -1.0216175 -1.1188117 -0.8450459 -0.60347116 -0.33814314 -0.06742586 -0.3014631 -0.4962536 -0.6934726 -1.0160371
0 400 -0.01578485034406185 0.0007232973002828658 0.024613263085484505 0.020668044686317444 -0.012927953153848648 0.0773996040225029 -0.07670750468969345 0.05194961279630661 -0.0170950535684824 0.03348514810204506 -0.05609343200922012 -0.006093315314501524 0.09878834336996078 0.005871515721082687 0.007897138595581055 0.06974807381629944 -0.03154901787638664 0.09874094277620316 -0.026551496237516403 0.05530334264039993 -0.025564631447196007 -0.005472055170685053 -0.07842491567134857 -0.044050756841897964 0.04974191263318062 -0.08328866958618164 -0.005031778011471033 -0.05053272470831871 0.04752684757113457 -0.0803295150399208 0.04451321065425873 -0.015128751285374165 0.032002042979002 0.0707814022898674 0.035376351326704025 -0.061970096081495285 0.07255139946937561 0.028127962723374367 0.07473716884851456 -0.09080718457698822 -0.040152374655008316 -0.04665768891572952 0.07963859289884567 0.08487305790185928 -0.060096852481365204 0.09506765007972717 0.07219711691141129 -0.06633058935403824 0.062087662518024445 -0.0017959059914574027 -0.008741522207856178 -0.04478764906525612 -0.048567432910203934 0.05878463760018349 -0.029004614800214767 0.06865371763706207 0.0022913366556167603 -0.03478950634598732 0.04122200980782509 -0.026766369119286537 0.05538094416260719 0.05140411853790283 0.01944400556385517 0.04929246008396149 0.010045214556157589 0.01055604312568903 0.05961029604077339 0.05693109706044197 0.07698576152324677 -0.014784024097025394 -0.039563700556755066 0.03328193724155426 0.04768921434879303 0.0683896392583847 0.05419333279132843 -0.02859892137348652 -0.011933295987546444 -0.038135673850774765 -0.04492492973804474 -0.05910304933786392 0.028666919097304344 0.05313199386000633 -0.07339160144329071 0.056953247636556625 -0.03160674124956131 0.014029117301106453 -0.05962846800684929 -0.0036041750572621822 0.013334447517991066 0.05057079717516899 0.055844325572252274 0.06160391494631767 -0.06611793488264084 0.05570017546415329 0.024396510794758797 0.03581874276546289 0.15789891753342272 0.3319846478122974 0.5131798846230351 0.6848988164531749 0.7598782733887437 0.8690032532298015 0.9250713947754348 0.9816524536692992 -0.99259067 -0.8276731 -0.7492087 -0.50062954 -0.33462444 -0.4915505 -0.57800794 -0.7753637 -1.0711628 -1.0389544 -0.7529689 -0.6237501 -0.28342032 0.009959251 -0.24737379 -0.46421728 -0.7249566 -1.1401196
1 400 -0.01578485034406185 0.0007232973002828658 0.024613263085484505 0.020668044686317444 -0.012927953153848648 0.0773996040225029 -0.07670750468969345 0.05194961279630661 -0.0170950535684824 0.03348514810204506 -0.05609343200922012 -0.006093315314501524 0.09878834336996078 0.005871515721082687 0.007897138595581055 0.06974807381629944 -0.03154901787638664 0.09874094277620316 -0.026551496237516403 0.05530334264039993 -0.025564631447196007 -0.005472055170685053 -0.07842491567134857 -0.044050756841897964 0.04974191263318062 -0.08328866958618164 -0.005031778011471033 -0.05053272470831871 0.04752684757113457 -0.0803295150399208 0.04451321065425873 -0.015128751285374165 0.032002042979002 0.0707814022898674 0.035376351326704025 -0.061970096081495285 0.07255139946937561 0.028127962723374367 0.07473716884851456 -0.09080718457698822 -0.040152374655008316 -0.04665768891572952 0.07963859289884567 0.08487305790185928 -0.060096852481365204 0.09506765007972717 0.07219711691141129 -0.06633058935403824 0.062087662518024445 -0.0017959059914574027 -0.008741522207856178 -0.04478764906525612 -0.048567432910203934 0.05878463760018349 -0.029004614800214767 0.06865371763706207 0.0022913366556167603 -0.03478950634598732 0.04122200980782509 -0.026766369119286537 0.05538094416260719 0.05140411853790283 0.01944400556385517 0.04929246008396149 0.010045214556157589 0.01055604312568903 0.05961029604077339 0.05693109706044197 0.07698576152324677 -0.014784024097025394 -0.039563700556755066 0.03328193724155426 0.04768921434879303 0.0683896392583847 0.05419333279132843 -0.02859892137348652 -0.011933295987546444 -0.038135673850774765 -0.04492492973804474 -0.05910304933786392 0.028666919097304344 0.05313199386000633 -0.07339160144329071 0.056953247636556625 -0.03160674124956131 0.014029117301106453 -0.05962846800684929 -0.0036041750572621822 0.013334447517991066 0.05057079717516899 0.055844325572252274 0.06160391494631767 -0.06611793488264084 0.05570017546415329 0.024396510794758797 0.03392307432002026 0.0679007365125627 0.10646790578136195 0.2909229732864117 0.5226070019154014 0.4871594472058599 0.8204622920529651 0.8168729193108826 0.9687763656920282 -1.0944866 -0.97343624 -0.9835225 -0.7542986 -0.58131385 -0.70995593 -0.88884985 -1.0549514 -1.1507033 -1.1514661 -0.97937536 -0.89591146 -0.5932142 -0.31867212 -0.56933504 -0.7993921 -1.0341684 -1.2005591
2 400 -0.01578485034406185 0.0007232973002828658 0.024613263085484505 0.020668044686317444 -0.012927953153848648 0.0773996040225029 -0.07670750468969345 0.05194961279630661 -0.0170950535684824 0.03348514810204506 -0.05609343200922012 -0.006093315314501524 0.09878834336996078 0.005871515721082687 0.007897138595581055 0.06974807381629944 -0.03154901787638664 0.09874094277620316 -0.026551496237516403 0.05530334264039993 -0.025564631447196007 -0.005472055170685053 -0.07842491567134857 -0.044050756841897964 0.04974191263318062 -0.08328866958618164 -0.005031778011471033 -0.05053272470831871 0.04752684757113457 -0.0803295150399208 0.04451321065425873 -0.015128751285374165 0.032002042979002 0.0707814022898674 0.035376351326704025 -0.061970096081495285 0.07255139946937561 0.028127962723374367 0.07473716884851456 -0.09080718457698822 -0.040152374655008316 -0.04665768891572952 0.07963859289884567 0.08487305790185928 -0.060096852481365204 0.09506765007972717 0.07219711691141129 -0.06633058935403824 0.062087662518024445 -0.0017959059914574027 -0.008741522207856178 -0.04478764906525612 -0.048567432910203934 0.05878463760018349 -0.029004614800214767 0.06865371763706207 0.0022913366556167603 -0.03478950634598732 0.04122200980782509 -0.026766369119286537 0.05538094416260719 0.05140411853790283 0.01944400556385517 0.04929246008396149 0.010045214556157589 0.01055604312568903 0.05961029604077339 0.05693109706044197 0.07698576152324677 -0.014784024097025394 -0.039563700556755066 0.03328193724155426 0.04768921434879303 0.0683896392583847 0.05419333279132843 -0.02859892137348652 -0.011933295987546444 -0.038135673850774765 -0.04492492973804474 -0.05910304933786392 0.028666919097304344 0.05313199386000633 -0.07339160144329071 0.056953247636556625 -0.03160674124956131 0.014029117301106453 -0.05962846800684929 -0.0036041750572621822 0.013334447517991066 0.05057079717516899 0.055844325572252274 0.06160391494631767 -0.06611793488264084 0.05570017546415329 0.024396510794758797 0.018243399169281742 0.06618881197894685 0.14533943654660827 0.2376273613569771 0.35651001819140293 0.5095221438078504 0.6729984345777387 0.8281533159247484 0.9378360286618498 -1.0354811 -0.8682972 -0.72679496 -0.5539676 -0.3910781 -0.5349537 -0.63900757 -0.7858319 -1.0177934 -1.1206735 -0.85082936 -0.59360576 -0.338612 -0.06421912 -0.29907614 -0.49334562 -0.68903965 -1.0106273
0 400 -0.012627880088984966 0.0005786378751508892 0.019690610468387604 0.016534436494112015 -0.010342362336814404 0.0619196854531765 -0.0613660030066967 0.04155969247221947 -0.013676042668521404 0.026788119226694107 -0.04487474635243416 -0.004874652251601219 0.07903067767620087 0.0046972124837338924 0.006317710969597101 0.05579845979809761 -0.025239214301109314 0.07899275422096252 -0.021241197362542152 0.044242676347494125 -0.020451705902814865 -0.004377644043415785 -0.06273993104696274 -0.03524060547351837 0.039793532341718674 -0.06663093715906143 -0.004025422502309084 -0.04042617976665497 0.038021478801965714 -0.06426361203193665 0.03561056777834892 -0.012103001587092876 0.02560163475573063 0.0566251240670681 0.02830108068883419 -0.04957607761025429 0.05804112181067467 0.022502370178699493 0.059789735823869705 -0.07264574617147446 -0.03212190046906471 -0.0373261533677578 0.06371087580919266 0.06789844483137131 -0.04807748273015022 0.07605411857366562 0.05775769427418709 -0.05306447297334671 0.049670130014419556 -0.0014367247931659222 -0.0069932178594172 -0.035830121487379074 -0.03885394707322121 0.04702771082520485 -0.023203691467642784 0.05492297559976578 0.001833069371059537 -0.027831604704260826 0.03297760710120201 -0.02141309529542923 0.044304754585027695 0.041123297065496445 0.015555204823613167 0.03943396732211113 0.008036172017455101 0.008444834500551224 0.04768823832273483 0.04554487764835358 0.06158861145377159 -0.011827219277620316 -0.03165096044540405 0.02662554942071438 0.038151372224092484 0.054711710661649704 0.043354667723178864 -0.022879136726260185 -0.00954663660377264 -0.030508538708090782 -0.03593994304537773 -0.04728243872523308 0.022933535277843475 0.042505595833063126 -0.05871328338980675 0.04556259885430336 -0.025285392999649048 0.011223293840885162 -0.04770277440547943 -0.002883339999243617 0.010667557828128338 0.04045663774013519 0.04467546194791794 0.04928313195705414 -0.05289435014128685 0.04456014186143875 0.019517209380865097 0.03693185160170478 0.1559862739052837 0.3255845075856313 0.512795546704476 0.6844228255683973 0.7622686899610955 0.868181772785002 0.9262274982152463 0.9813751124557051 -0.99032974 -0.82696325 -0.74246734 -0.50118697 -0.3355766 -0.4901651 -0.5776211 -0.7743451 -1.0660307 -1.0357506 -0.75243694 -0.58517313 -0.2842926 0.008355379 -0.24513148 -0.46353626 -0.724718 -1.13347
1 400 -0.012627880088984966 0.0005786378751508892 0.019690610468387604 0.016534436494112015 -0.010342362336814404 0.0619196854531765 -0.0613660030066967 0.04155969247221947 -0.013676042668521404 0.026788119226694107 -0.04487474635243416 -0.004874652251601219 0.07903067767620087 0.0046972124837338924 0.006317710969597101 0.05579845979809761 -0.025239214301109314 0.07899275422096252 -0.021241197362542152 0.044242676347494125 -0.020451705902814865 -0.004377644043415785 -0.06273993104696274 -0.03524060547351837 0.039793532341718674 -0.06663093715906143 -0.004025422502309084 -0.04042617976665497 0.038021478801965714 -0.06426361203193665 0.03561056777834892 -0.012103001587092876 0.02560163475573063 0.0566251240670681 0.02830108068883419 -0.04957607761025429 0.05804112181067467 0.022502370178699493 0.059789735823869705 -0.07264574617147446 -0.03212190046906471 -0.0373261533677578 0.06371087580919266 0.06789844483137131 -0.04807748273015022 0.07605411857366562 0.05775769427418709 -0.05306447297334671 0.049670130014419556 -0.0014367247931659222 -0.0069932178594172 -0.035830121487379074 -0.03885394707322121 0.04702771082520485 -0.023203691467642784 0.05492297559976578 0.001833069371059537 -0.027831604704260826 0.03297760710120201 -0.02141309529542923 0.044304754585027695 0.041123297065496445 0.015555204823613167 0.03943396732211113 0.008036172017455101 0.008444834500551224 0.04768823832273483 0.04554487764835358 0.06158861145377159 -0.011827219277620316 -0.03165096044540405 0.02662554942071438 0.038151372224092484 0.054711710661649704 0.043354667723178864 -0.022879136726260185 -0.00954663660377264 -0.030508538708090782 -0.03593994304537773 -0.04728243872523308 0.022933535277843475 0.042505595833063126 -0.05871328338980675 0.04556259885430336 -0.025285392999649048 0.011223293840885162 -0.04770277440547943 -0.002883339999243617 0.010667557828128338 0.04045663774013519 0.04467546194791794 0.04928313195705414 -0.05289435014128685 0.04456014186143875 0.019517209380865097 0.034601099195761764 0.06765263968112335 0.11367273903584751 0.2919641813619093 0.560513759020741 0.5186239939134722 0.8191518228334667 0.8445425656784223 0.9683316707692197 -1.0828333 -0.9633062 -0.9650792 -0.7454747 -0.60558844 -0.69343174 -0.87378913 -1.0363395 -1.1324306 -1.1392719 -0.9703889 -0.8715745 -0.5858141 -0.2864446 -0.5486439 -0.7818403 -1.011148 -1.179055
2 400 -0.012627880088984966 0.0005786378751508892 0.019690610468387604 0.016534436494112015 -0.010342362336814404 0.0619196854531765 -0.0613660030066967 0.04155969247221947 -0.013676042668521404 0.026788119226694107 -0.04487474635243416 -0.004874652251601219 0.07903067767620087 0.0046972124837338924 0.006317710969597101 0.05579845979809761 -0.025239214301109314 0.07899275422096252 -0.021241197362542152 0.044242676347494125 -0.020451705902814865 -0.004377644043415785 -0.06273993104696274 -0.03524060547351837 0.039793532341718674 -0.06663093715906143 -0.004025422502309084 -0.04042617976665497 0.038021478801965714 -0.06426361203193665 0.03561056777834892 -0.012103001587092876 0.02560163475573063 0.0566251240670681 0.02830108068883419 -0.04957607761025429 0.05804112181067467 0.022502370178699493 0.059789735823869705 -0.07264574617147446 -0.03212190046906471 -0.0373261533677578 0.06371087580919266 0.06789844483137131 -0.04807748273015022 0.07605411857366562 0.05775769427418709 -0.05306447297334671 0.049670130014419556 -0.0014367247931659222 -0.0069932178594172 -0.035830121487379074 -0.03885394707322121 0.04702771082520485 -0.023203691467642784 0.05492297559976578 0.001833069371059537 -0.027831604704260826 0.03297760710120201 -0.02141309529542923 0.044304754585027695 0.041123297065496445 0.015555204823613167 0.03943396732211113 0.008036172017455101 0.008444834500551224 0.04768823832273483 0.04554487764835358 0.06158861145377159 -0.011827219277620316 -0.03165096044540405 0.02662554942071438 0.038151372224092484 0.054711710661649704 0.043354667723178864 -0.022879136726260185 -0.00954663660377264 -0.030508538708090782 -0.03593994304537773 -0.04728243872523308 0.022933535277843475 0.042505595833063126 -0.05871328338980675 0.04556259885430336 -0.025285392999649048 0.011223293840885162 -0.04770277440547943 -0.002883339999243617 0.010667557828128338 0.04045663774013519 0.04467546194791794 0.04928313195705414 -0.05289435014128685 0.04456014186143875 0.019517209380865097 0.017966814605850194 0.06539778178819065 0.14735977751902488 0.2381645239848476 0.3560185328422603 0.5039467864036264 0.6730656491926866 0.8298765564004091 0.936737471571557 -1.0355434 -0.86789703 -0.7176657 -0.55389816 -0.39021444 -0.5354964 -0.6375728 -0.78231454 -1.0133581 -1.1214983 -0.850654 -0.58359647 -0.3384863 -0.06278081 -0.30039397 -0.49038407 -0.6845529 -1.0045819
0 400 -0.009470910765230656 0.00043397839181125164 0.014767958782613277 0.012400827370584011 -0.007756771985441446 0.0464397631585598 -0.04602450504899025 0.031169768422842026 -0.010257032699882984 0.020091090351343155 -0.03365606069564819 -0.003655989421531558 0.05927300825715065 0.003522909479215741 0.004738283343613148 0.04184884577989578 -0.018929410725831985 0.05924456939101219 -0.0159308984875679 0.03318200632929802 -0.015338779427111149 -0.0032832331489771605 -0.0470549501478672 -0.026430455967783928 0.02984514832496643 -0.04997320473194122 -0.0030190669931471348 -0.030319636687636375 0.02851611003279686 -0.04819771274924278 0.026707926765084267 -0.009077250957489014 0.01920122653245926 0.0424688421189785 0.021225811913609505 -0.03718205913901329 0.043530840426683426 0.01687677763402462 0.044842302799224854 -0.05448431149125099 -0.02409142628312111 -0.027994614094495773 0.04778315871953964 0.05092383548617363 -0.03605811297893524 0.05704059079289436 0.04331827163696289 -0.03979835659265518 0.03725259751081467 -0.0010775435948744416 -0.005244913510978222 -0.02687259018421173 -0.02914046123623848 0.03527078405022621 -0.01740276999771595 0.04119223356246948 0.0013748020865023136 -0.02087370492517948 0.024733206257224083 -0.016059821471571922 0.033228568732738495 0.03084247186779976 0.011666404083371162 0.029575476422905922 0.006027129013091326 0.006333626341074705 0.035766180604696274 0.03415865823626518 0.04619145765900612 -0.008870414458215237 -0.02373822219669819 0.019969163462519646 0.028613530099391937 0.041033785790205 0.0325160026550293 -0.017159353941679 -0.007159977685660124 -0.02288140542805195 -0.026954958215355873 -0.03546183183789253 0.017200151458382607 0.03187919780611992 -0.044034961611032486 0.034171950072050095 -0.018964044749736786 0.008417470380663872 -0.03577708080410957 -0.0021625051740556955 0.008000669069588184 0.030342480167746544 0.0335065983235836 0.036962348967790604 -0.03967076167464256 0.03342010825872421 0.014637907035648823 0.03808027167986796 0.15410150710197004 0.3192248315476609 0.5124015960018469 0.6839731762195247 0.7646011497854511 0.8679654612447314 0.9273455634655867 0.9810852630630192 -0.9880774 -0.8262706 -0.7357228 -0.50175834 -0.33641183 -0.488804 -0.5774352 -0.77333057 -1.0608363 -1.0325525 -0.75192773 -0.5467195 -0.2851867 0.00695467 -0.2429285 -0.4633124 -0.72446644 -1.1267254
1 400 -0.009470910765230656 0.00043397839181125164 0.014767958782613277 0.012400827370584011 -0.007756771985441446 0.0464397631585598 -0.04602450504899025 0.031169768422842026 -0.010257032699882984 0.020091090351343155 -0.03365606069564819 -0.003655989421531558 0.05927300825715065 0.003522909479215741 0.004738283343613148 0.04184884577989578 -0.018929410725831985 0.05924456939101219 -0.0159308984875679 0.03318200632929802 -0.015338779427111149 -0.0032832331489771605 -0.0470549501478672 -0.026430455967783928 0.02984514832496643 -0.04997320473194122 -0.0030190669931471348 -0.030319636687636375 0.02851611003279686 -0.04819771274924278 0.026707926765084267 -0.009077250957489014 0.01920122653245926 0.0424688421189785 0.021225811913609505 -0.03718205913901329 0.043530840426683426 0.01687677763402462 0.044842302799224854 -0.05448431149125099 -0.02409142628312111 -0.027994614094495773 0.04778315871953964 0.05092383548617363 -0.03605811297893524 0.05704059079289436 0.04331827163696289 -0.03979835659265518 0.03725259751081467 -0.0010775435948744416 -0.005244913510978222 -0.02687259018421173 -0.02914046123623848 0.03527078405022621 -0.01740276999771595 0.04119223356246948 0.0013748020865023136 -0.02087370492517948 0.024733206257224083 -0.016059821471571922 0.033228568732738495 0.03084247186779976 0.011666404083371162 0.029575476422905922 0.006027129013091326 0.006333626341074705 0.035766180604696274 0.03415865823626518 0.04619145765900612 -0.008870414458215237 -0.02373822219669819 0.019969163462519646 0.028613530099391937 0.041033785790205 0.0325160026550293 -0.017159353941679 -0.007159977685660124 -0.02288140542805195 -0.026954958215355873 -0.03546183183789253 0.017200151458382607 0.03187919780611992 -0.044034961611032486 0.034171950072050095 -0.018964044749736786 0.008417470380663872 -0.03577708080410957 -0.0021625051740556955 0.008000669069588184 0.030342480167746544 0.0335065983235836 0.036962348967790604 -0.03967076167464256 0.03342010825872421 0.014637907035648823 0.03500065923978804 0.06734464136070374 0.12051895366557375 0.29302070927808604 0.542804046832415 0.5531371260944857 0.8180870341335436 0.8687270045907517 0.9679335152699812 -1.0722282 -0.9533315 -0.94546664 -0.73666275 -0.6422039 -0.67786276 -0.85902333 -1.0174767 -1.1145346 -1.128589 -0.9616499 -0.8458468 -0.5784198 -0.24985531 -0.5296941 -0.7647155 -0.98779166 -1.1580701
2 400 -0.009470910765230656 0.00043397839181125164 0.014767958782613277 0.012400827370584011 -0.007756771985441446 0.0464397631585598 -0.04602450504899025 0.031169768422842026 -0.010257032699882984 0.020091090351343155 -0.03365606069564819 -0.003655989421531558 0.05927300825715065 0.003522909479215741 0.004738283343613148 0.04184884577989578 -0.018929410725831985 0.05924456939101219 -0.0159308984875679 0.03318200632929802 -0.015338779427111149 -0.0032832331489771605 -0.0470549501478672 -0.026430455967783928 0.02984514832496643 -0.04997320473194122 -0.0030190669931471348 -0.030319636687636375 0.02851611003279686 -0.04819771274924278 0.026707926765084267 -0.009077250957489014 0.01920122653245926 0.0424688421189785 0.021225811913609505 -0.03718205913901329 0.043530840426683426 0.01687677763402462 0.044842302799224854 -0.05448431149125099 -0.02409142628312111 -0.027994614094495773 0.04778315871953964 0.05092383548617363 -0.03605811297893524 0.05704059079289436 0.04331827163696289 -0.03979835659265518 0.03725259751081467 -0.0010775435948744416 -0.005244913510978222 -0.02687259018421173 -0.02914046123623848 0.03527078405022621 -0.01740276999771595 0.04119223356246948 0.0013748020865023136 -0.02087370492517948 0.024733206257224083 -0.016059821471571922 0.033228568732738495 0.03084247186779976 0.011666404083371162 0.029575476422905922 0.006027129013091326 0.006333626341074705 0.035766180604696274 0.03415865823626518 0.04619145765900612 -0.008870414458215237 -0.02373822219669819 0.019969163462519646 0.028613530099391937 0.041033785790205 0.0325160026550293 -0.017159353941679 -0.007159977685660124 -0.02288140542805195 -0.026954958215355873 -0.03546183183789253 0.017200151458382607 0.03187919780611992 -0.044034961611032486 0.034171950072050095 -0.018964044749736786 0.008417470380663872 -0.03577708080410957 -0.0021625051740556955 0.008000669069588184 0.030342480167746544 0.0335065983235836 0.036962348967790604 -0.03967076167464256 0.03342010825872421 0.014637907035648823 0.017960818415429708 0.0646155235970682 0.14476845284321338 0.2386833917308402 0.35682294234149825 0.495944727809161 0.6731539301098916 0.8315859818822464 0.9356411655146497 -1.0355186 -0.8674969 -0.7125428 -0.55383116 -0.3916277 -0.53645617 -0.6361268 -0.77879727 -1.0087814 -1.12155 -0.85047865 -0.5811119 -0.3383651 -0.06513445 -0.3025944 -0.48740596 -0.6800662 -0.99839497
0 400 -0.006313940044492483 0.0002893189375754446 0.009845305234193802 0.008267218247056007 -0.005171181168407202 0.03095984272658825 -0.03068300150334835 0.020779846236109734 -0.006838021334260702 0.013394059613347054 -0.02243737317621708 -0.0024373261258006096 0.03951533883810043 0.0023486062418669462 0.0031588554847985506 0.027899229899048805 -0.012619607150554657 0.03949637711048126 -0.010620598681271076 0.022121338173747063 -0.010225852951407433 -0.0021888220217078924 -0.03136996552348137 -0.017620302736759186 0.019896766170859337 -0.033315468579530716 -0.002012711251154542 -0.020213089883327484 0.019010739400982857 -0.03213180601596832 0.01780528388917446 -0.006051500793546438 0.012800817377865314 0.02831256203353405 0.014150540344417095 -0.024788038805127144 0.029020560905337334 0.011251185089349747 0.029894867911934853 -0.03632287308573723 -0.016060950234532356 -0.0186630766838789 0.03185543790459633 0.033949222415685654 -0.02403874136507511 0.03802705928683281 0.028878847137093544 -0.026532236486673355 0.024835065007209778 -0.0007183623965829611 -0.0034966089297086 -0.017915060743689537 -0.019426973536610603 0.023513855412602425 -0.011601845733821392 0.02746148779988289 0.0009165346855297685 -0.013915802352130413 0.016488803550601006 -0.010706547647714615 0.022152377292513847 0.020561648532748222 0.007777602411806583 0.019716983661055565 0.0040180860087275505 0.004222417250275612 0.023844119161367416 0.02277243882417679 0.030794305726885796 -0.005913609638810158 -0.015825480222702026 0.01331277471035719 0.019075686112046242 0.027355855330824852 0.021677333861589432 -0.011439568363130093 -0.00477331830188632 -0.015254269354045391 -0.017969971522688866 -0.02364121936261654 0.011466767638921738 0.021252797916531563 -0.029356641694903374 0.02278129942715168 -0.012642696499824524 0.005611646920442581 -0.023851387202739716 -0.0014416699996218085 0.005333778914064169 0.020228318870067596 0.02233773097395897 0.02464156597852707 -0.026447175070643425 0.022280070930719376 0.009758604690432549 0.03882836521805333 0.1522597425377805 0.312921894492086 0.5120075782371657 0.6835175731767805 0.7670001880559488 0.8678967186715149 0.9284337239869783 0.980802074740612 -0.9863306 -0.82552487 -0.72895956 -0.5023297 -0.3372574 -0.4873943 -0.5771635 -0.77221966 -1.0557492 -1.0300862 -0.7513354 -0.5081425 -0.28608078 0.0055366457 -0.24064684 -0.46312737 -0.72409403 -1.1201344
1 400 -0.006313940044492483 0.0002893189375754446 0.009845305234193802 0.008267218247056007 -0.005171181168407202 0.03095984272658825 -0.03068300150334835 0.020779846236109734 -0.006838021334260702 0.013394059613347054 -0.02243737317621708 -0.0024373261258006096 0.03951533883810043 0.0023486062418669462 0.0031588554847985506 0.027899229899048805 -0.012619607150554657 0.03949637711048126 -0.010620598681271076 0.022121338173747063 -0.010225852951407433 -0.0021888220217078924 -0.03136996552348137 -0.017620302736759186 0.019896766170859337 -0.033315468579530716 -0.002012711251154542 -0.020213089883327484 0.019010739400982857 -0.03213180601596832 0.01780528388917446 -0.006051500793546438 0.012800817377865314 0.02831256203353405 0.014150540344417095 -0.024788038805127144 0.029020560905337334 0.011251185089349747 0.029894867911934853 -0.03632287308573723 -0.016060950234532356 -0.0186630766838789 0.03185543790459633 0.033949222415685654 -0.02403874136507511 0.03802705928683281 0.028878847137093544 -0.026532236486673355 0.024835065007209778 -0.0007183623965829611 -0.0034966089297086 -0.017915060743689537 -0.019426973536610603 0.023513855412602425 -0.011601845733821392 0.02746148779988289 0.0009165346855297685 -0.013915802352130413 0.016488803550601006 -0.010706547647714615 0.022152377292513847 0.020561648532748222 0.007777602411806583 0.019716983661055565 0.0040180860087275505 0.004222417250275612 0.023844119161367416 0.02277243882417679 0.030794305726885796 -0.005913609638810158 -0.015825480222702026 0.01331277471035719 0.019075686112046242 0.027355855330824852 0.021677333861589432 -0.011439568363130093 -0.00477331830188632 -0.015254269354045391 -0.017969971522688866 -0.02364121936261654 0.011466767638921738 0.021252797916531563 -0.029356641694903374 0.02278129942715168 -0.012642696499824524 0.005611646920442581 -0.023851387202739716 -0.0014416699996218085 0.005333778914064169 0.020228318870067596 0.02233773097395897 0.02464156597852707 -0.026447175070643425 0.022280070930719376 0.009758604690432549 0.03529308097742867 0.0670387789789043 0.12770751362662808 0.2939754195767411 0.4978968823930889 0.5868952939033534 0.8170879194909194 0.889667179300044 0.9676832518814357 -1.061983 -0.9433296 -0.9259073 -0.72789526 -0.6912632 -0.66218996 -0.8439752 -0.99879265 -1.098408 -1.1185007 -0.9528872 -0.8201877 -0.57112265 -0.23271477 -0.5106264 -0.7472964 -0.9646821 -1.1393561
2 400 -0.006313940044492483 0.0002893189375754446 0.009845305234193802 0.008267218247056007 -0.005171181168407202 0.03095984272658825 -0.03068300150334835 0.020779846236109734 -0.006838021334260702 0.013394059613347054 -0.02243737317621708 -0.0024373261258006096 0.03951533883810043 0.0023486062418669462 0.0031588554847985506 0.027899229899048805 -0.012619607150554657 0.03949637711048126 -0.010620598681271076 0.022121338173747063 -0.010225852951407433 -0.0021888220217078924 -0.03136996552348137 -0.017620302736759186 0.019896766170859337 -0.033315468579530716 -0.002012711251154542 -0.020213089883327484 0.019010739400982857 -0.03213180601596832 0.01780528388917446 -0.006051500793546438 0.012800817377865314 0.02831256203353405 0.014150540344417095 -0.024788038805127144 0.029020560905337334 0.011251185089349747 0.029894867911934853 -0.03632287308573723 -0.016060950234532356 -0.0186630766838789 0.03185543790459633 0.033949222415685654 -0.02403874136507511 0.03802705928683281 0.028878847137093544 -0.026532236486673355 0.024835065007209778 -0.0007183623965829611 -0.0034966089297086 -0.017915060743689537 -0.019426973536610603 0.023513855412602425 -0.011601845733821392 0.02746148779988289 0.0009165346855297685 -0.013915802352130413 0.016488803550601006 -0.010706547647714615 0.022152377292513847 0.020561648532748222 0.007777602411806583 0.019716983661055565 0.0040180860087275505 0.004222417250275612 0.023844119161367416 0.02277243882417679 0.030794305726885796 -0.005913609638810158 -0.015825480222702026 0.01331277471035719 0.019075686112046242 0.027355855330824852 0.021677333861589432 -0.011439568363130093 -0.00477331830188632 -0.015254269354045391 -0.017969971522688866 -0.02364121936261654 0.011466767638921738 0.021252797916531563 -0.029356641694903374 0.02278129942715168 -0.012642696499824524 0.005611646920442581 -0.023851387202739716 -0.0014416699996218085 0.005333778914064169 0.020228318870067596 0.02233773097395897 0.02464156597852707 -0.026447175070643425 0.022280070930719376 0.009758604690432549 0.017957630530438008 0.0639035673950028 0.13341469534287317 0.2392221793192187 0.35759036686930923 0.48822697579802415 0.6762923171307774 0.8332363194428588 0.9345119272532744 -1.0354626 -0.86695325 -0.71589583 -0.55376166 -0.39297467 -0.5374373 -0.63531816 -0.77523935 -1.0042951 -1.1215595 -0.8500618 -0.59191155 -0.33823943 -0.06737772 -0.30488062 -0.48568323 -0.67552906 -0.99229646
0 400 -0.0031569700222462416 0.0001446594687877223 0.004922652617096901 0.004133609123528004 -0.002585590584203601 0.015479921363294125 -0.015341500751674175 0.010389923118054867 -0.003419010667130351 0.006697029806673527 -0.01121868658810854 -0.0012186630629003048 0.019757669419050217 0.0011743031209334731 0.0015794277423992753 0.013949614949524403 -0.0063098035752773285 0.01974818855524063 -0.005310299340635538 0.011060669086873531 -0.005112926475703716 -0.0010944110108539462 -0.015684982761740685 -0.008810151368379593 0.009948383085429668 -0.016657734289765358 -0.001006355625577271 -0.010106544941663742 0.009505369700491428 -0.01606590300798416 0.00890264194458723 -0.003025750396773219 0.006400408688932657 0.014156281016767025 0.007075270172208548 -0.012394019402563572 0.014510280452668667 0.005625592544674873 0.014947433955967426 -0.018161436542868614 -0.008030475117266178 -0.00933153834193945 0.015927718952298164 0.016974611207842827 -0.012019370682537556 0.019013529643416405 0.014439423568546772 -0.013266118243336678 0.012417532503604889 -0.00035918119829148054 -0.0017483044648543 -0.008957530371844769 -0.009713486768305302 0.011756927706301212 -0.005800922866910696 0.013730743899941444 0.00045826734276488423 -0.0069579011760652065 0.008244401775300503 -0.0053532738238573074 0.011076188646256924 0.010280824266374111 0.0038888012059032917 0.009858491830527782 0.0020090430043637753 0.002111208625137806 0.011922059580683708 0.011386219412088394 0.015397152863442898 -0.002956804819405079 -0.007912740111351013 0.006656387355178595 0.009537843056023121 0.013677927665412426 0.010838666930794716 -0.005719784181565046 -0.00238665915094316 -0.0076271346770226955 -0.008984985761344433 -0.01182060968130827 0.005733383819460869 0.010626398958265781 -0.014678320847451687 0.01139064971357584 -0.006321348249912262 0.0028058234602212906 -0.011925693601369858 -0.0007208349998109043 0.0026668894570320845 0.010114159435033798 0.011168865486979485 0.012320782989263535 -0.013223587535321712 0.011140035465359688 0.004879302345216274 0.0385746122769107 0.15040315810830496 0.3082983656152132 0.5124684438262307 0.6830460579514187 0.7693003013355926 0.8678279196515595 0.9295174116267934 0.9805197948195089 -0.985881 -0.82481503 -0.7239744 -0.5014927 -0.3381992 -0.48603323 -0.5768918 -0.7711902 -1.0506064 -1.0295299 -0.7508034 -0.4837117 -0.28458554 0.003950089 -0.23844387 -0.46294236 -0.7238227 -1.1134948
1 400 -0.0031569700222462416 0.0001446594687877223 0.004922652617096901 0.004133609123528004 -0.002585590584203601 0.015479921363294125 -0.015341500751674175 0.010389923118054867 -0.003419010667130351 0.006697029806673527 -0.01121868658810854 -0.0012186630629003048 0.019757669419050217 0.0011743031209334731 0.0015794277423992753 0.013949614949524403 -0.0063098035752773285 0.01974818855524063 -0.005310299340635538 0.011060669086873531 -0.005112926475703716 -0.0010944110108539462 -0.015684982761740685 -0.008810151368379593 0.009948383085429668 -0.016657734289765358 -0.001006355625577271 -0.010106544941663742 0.009505369700491428 -0.01606590300798416 0.00890264194458723 -0.003025750396773219 0.006400408688932657 0.014156281016767025 0.007075270172208548 -0.012394019402563572 0.014510280452668667 0.005625592544674873 0.014947433955967426 -0.018161436542868614 -0.008030475117266178 -0.00933153834193945 0.015927718952298164 0.016974611207842827 -0.012019370682537556 0.019013529643416405 0.014439423568546772 -0.013266118243336678 0.012417532503604889 -0.00035918119829148054 -0.0017483044648543 -0.008957530371844769 -0.009713486768305302 0.011756927706301212 -0.005800922866910696 0.013730743899941444 0.00045826734276488423 -0.0069579011760652065 0.008244401775300503 -0.0053532738238573074 0.011076188646256924 0.010280824266374111 0.0038888012059032917 0.009858491830527782 0.0020090430043637753 0.002111208625137806 0.011922059580683708 0.011386219412088394 0.015397152863442898 -0.002956804819405079 -0.007912740111351013 0.006656387355178595 0.009537843056023121 0.013677927665412426 0.010838666930794716 -0.005719784181565046 -0.00238665915094316 -0.0076271346770226955 -0.008984985761344433 -0.01182060968130827 0.005733383819460869 0.010626398958265781 -0.014678320847451687 0.01139064971357584 -0.006321348249912262 0.0028058234602212906 -0.011925693601369858 -0.0007208349998109043 0.0026668894570320845 0.010114159435033798 0.011168865486979485 0.012320782989263535 -0.013223587535321712 0.011140035465359688 0.004879302345216274 0.032824125150992554 0.06650986234566358 0.13518293850679253 0.30291254507248866 0.46169718437416907 0.6197997404314913 0.8162400636354493 0.9039532351792685 0.9674502443510954 -1.0612977 -0.9353764 -0.90644383 -0.72785854 -0.7417002 -0.64655316 -0.82840985 -0.98097783 -1.0823328 -1.1234133 -0.94602823 -0.7946584 -0.5373687 -0.21723273 -0.49160337 -0.7293477 -0.9431826 -1.1207335
2 400 -0.0031569700222462416 0.0001446594687877223 0.004922652617096901 0.004133609123528004 -0.002585590584203601 0.015479921363294125 -0.015341500751674175 0.010389923118054867 -0.003419010667130351 0.006697029806673527 -0.01121868658810854 -0.0012186630629003048 0.019757669419050217 0.0011743031209334731 0.0015794277423992753 0.013949614949524403 -0.0063098035752773285 0.01974818855524063 -0.005310299340635538 0.011060669086873531 -0.005112926475703716 -0.0010944110108539462 -0.015684982761740685 -0.008810151368379593 0.009948383085429668 -0.016657734289765358 -0.001006355625577271 -0.010106544941663742 0.009505369700491428 -0.01606590300798416 0.00890264194458723 -0.003025750396773219 0.006400408688932657 0.014156281016767025 0.007075270172208548 -0.012394019402563572 0.014510280452668667 0.005625592544674873 0.014947433955967426 -0.018161436542868614 -0.008030475117266178 -0.00933153834193945 0.015927718952298164 0.016974611207842827 -0.012019370682537556 0.019013529643416405 0.014439423568546772 -0.013266118243336678 0.012417532503604889 -0.00035918119829148054 -0.0017483044648543 -0.008957530371844769 -0.009713486768305302 0.011756927706301212 -0.005800922866910696 0.013730743899941444 0.00045826734276488423 -0.0069579011760652065 0.008244401775300503 -0.0053532738238573074 0.011076188646256924 0.010280824266374111 0.0038888012059032917 0.009858491830527782 0.0020090430043637753 0.002111208625137806 0.011922059580683708 0.011386219412088394 0.015397152863442898 -0.002956804819405079 -0.007912740111351013 0.006656387355178595 0.009537843056023121 0.013677927665412426 0.010838666930794716 -0.005719784181565046 -0.00238665915094316 -0.0076271346770226955 -0.008984985761344433 -0.01182060968130827 0.005733383819460869 0.010626398958265781 -0.014678320847451687 0.01139064971357584 -0.006321348249912262 0.0028058234602212906 -0.011925693601369858 -0.0007208349998109043 0.0026668894570320845 0.010114159435033798 0.011168865486979485 0.012320782989263535 -0.013223587535321712 0.011140035465359688 0.004879302345216274 0.017970078431950524 0.06313797245276466 0.12283484140195881 0.23977083365489107 0.3584065276188868 0.48852864938898455 0.6795060345936496 0.8326765322121735 0.9333798032955346 -1.0352796 -0.8665531 -0.7192449 -0.553691 -0.39440584 -0.5390258 -0.6345443 -0.7721014 -0.9997185 -1.1213529 -0.8498864 -0.6026988 -0.33811164 -0.0697612 -0.3096042 -0.48402253 -0.6717286 -0.9861095
0 400 0.0 -0.0 -0.0 -0.0 0.0 -0.0 0.0 -0.0 0.0 -0.0 0.0 0.0 -0.0 -0.0 -0.0 -0.0 0.0 -0.0 0.0 -0.0 0.0 0.0 0.0 0.0 -0.0 0.0 0.0 0.0 -0.0 0.0 -0.0 0.0 -0.0 -0.0 -0.0 0.0 -0.0 -0.0 -0.0 0.0 0.0 0.0 -0.0 -0.0 0.0 -0.0 -0.0 0.0 -0.0 0.0 0.0 0.0 0.0 -0.0 0.0 -0.0 -0.0 0.0 -0.0 0.0 -0.0 -0.0 -0.0 -0.0 -0.0 -0.0 -0.0 -0.0 -0.0 0.0 0.0 -0.0 -0.0 -0.0 -0.0 0.0 0.0 0.0 0.0 0.0 -0.0 -0.0 0.0 -0.0 0.0 -0.0 0.0 0.0 -0.0 -0.0 -0.0 -0.0 0.0 -0.0 -0.0 0.03833612019347059 0.14856524148354985 0.30710695319118403 0.5141710735497587 0.6825897308937754 0.7716657478809534 0.8677609829515247 0.9305754682648079 0.9802269890512189 -0.9853177 -0.82410526 -0.72272545 -0.4986113 -0.33904475 -0.48462352 -0.5766212 -0.7700793 -1.0454967 -1.0287976 -0.75027144 -0.48885995 -0.279624 0.0025320947 -0.23616223 -0.46275896 -0.72345024 -1.1068745
1 400 0.0 -0.0 -0.0 -0.0 0.0 -0.0 0.0 -0.0 0.0 -0.0 0.0 0.0 -0.0 -0.0 -0.0 -0.0 0.0 -0.0 0.0 -0.0 0.0 0.0 0.0 0.0 -0.0 0.0 0.0 0.0 -0.0 0.0 -0.0 0.0 -0.0 -0.0 -0.0 0.0 -0.0 -0.0 -0.0 0.0 0.0 0.0 -0.0 -0.0 0.0 -0.0 -0.0 0.0 -0.0 0.0 0.0 0.0 0.0 -0.0 0.0 -0.0 -0.0 0.0 -0.0 0.0 -0.0 -0.0 -0.0 -0.0 -0.0 -0.0 -0.0 -0.0 -0.0 0.0 0.0 -0.0 -0.0 -0.0 -0.0 0.0 0.0 0.0 0.0 0.0 -0.0 -0.0 0.0 -0.0 0.0 -0.0 0.0 0.0 -0.0 -0.0 -0.0 -0.0 0.0 -0.0 -0.0 0.02921657551161384 0.06498701004755886 0.1431223665550616 0.2999003908075252 0.4599969313826227 0.6273488259114277 0.81535077200239 0.905418468098438 0.9672111909713609 -1.0657842 -0.9347985 -0.8868437 -0.7285433 -0.7550067 -0.64686084 -0.8128587 -0.9665288 -1.0796578 -1.1363859 -0.9464867 -0.76894563 -0.53882205 -0.21664223 -0.49230742 -0.7114011 -0.9277339 -1.1172895
2 400 0.0 -0.0 -0.0 -0.0 0.0 -0.0 0.0 -0.0 0.0 -0.0 0.0 0.0 -0.0 -0.0 -0.0 -0.0 0.0 -0.0 0.0 -0.0 0.0 0.0 0.0 0.0 -0.0 0.0 0.0 0.0 -0.0 0.0 -0.0 0.0 -0.0 -0.0 -0.0 0.0 -0.0 -0.0 -0.0 0.0 0.0 0.0 -0.0 -0.0 0.0 -0.0 -0.0 0.0 -0.0 0.0 0.0 0.0 0.0 -0.0 0.0 -0.0 -0.0 0.0 -0.0 0.0 -0.0 -0.0 -0.0 -0.0 -0.0 -0.0 -0.0 -0.0 -0.0 0.0 0.0 -0.0 -0.0 -0.0 -0.0 0.0 0.0 0.0 0.0 0.0 -0.0 -0.0 0.0 -0.0 0.0 -0.0 0.0 0.0 -0.0 -0.0 -0.0 -0.0 0.0 -0.0 -0.0 0.01796689957345885 0.062383003163662874 0.11833877048439821 0.24031128426071163 0.35921525463081316 0.4874302885171305 0.6818771364016339 0.8320359110347993 0.9322137771707288 -1.0352237 -0.8661615 -0.7206012 -0.55362153 -0.3958225 -0.53834563 -0.63376534 -0.76895887 -0.99523205 -1.1213624 -0.8497225 -0.60725474 -0.337986 -0.0721205 -0.31054777 -0.4828124 -0.66791695 -0.9800111
0 400 0.0031569700222462416 -0.0001446594687877223 -0.004922652617096901 -0.004133609123528004 0.002585590584203601 -0.015479921363294125 0.015341500751674175 -0.010389923118054867 0.003419010667130351 -0.006697029806673527 0.01121868658810854 0.0012186630629003048 -0.019757669419050217 -0.0011743031209334731 -0.0015794277423992753 -0.013949614949524403 0.0063098035752773285 -0.01974818855524063 0.005310299340635538 -0.011060669086873531 0.005112926475703716 0.0010944110108539462 0.015684982761740685 0.008810151368379593 -0.009948383085429668 0.016657734289765358 0.001006355625577271 0.010106544941663742 -0.009505369700491428 0.01606590300798416 -0.00890264194458723 0.003025750396773219 -0.006400408688932657 -0.014156281016767025 -0.007075270172208548 0.012394019402563572 -0.014510280452668667 -0.005625592544674873 -0.014947433955967426 0.018161436542868614 0.008030475117266178 0.00933153834193945 -0.015927718952298164 -0.016974611207842827 0.012019370682537556 -0.019013529643416405 -0.014439423568546772 0.013266118243336678 -0.012417532503604889 0.00035918119829148054 0.0017483044648543 0.008957530371844769 0.009713486768305302 -0.011756927706301212 0.005800922866910696 -0.013730743899941444 -0.00045826734276488423 0.0069579011760652065 -0.008244401775300503 0.0053532738238573074 -0.011076188646256924 -0.010280824266374111 -0.0038888012059032917 -0.009858491830527782 -0.0020090430043637753 -0.002111208625137806 -0.011922059580683708 -0.011386219412088394 -0.015397152863442898 0.002956804819405079 0.007912740111351013 -0.006656387355178595 -0.009537843056023121 -0.013677927665412426 -0.010838666930794716 0.005719784181565046 0.00238665915094316 0.0076271346770226955 0.008984985761344433 0.01182060968130827 -0.005733383819460869 -0.010626398958265781 0.014678320847451687 -0.01139064971357584 0.006321348249912262 -0.0028058234602212906 0.011925693601369858 0.0007208349998109043 -0.0026668894570320845 -0.010114159435033798 -0.011168865486979485 -0.012320782989263535 0.013223587535321712 -0.011140035465359688 -0.004879302345216274 0.03811345770250773 0.14677819321091226 0.3058931432392159 0.5158649411206033 0.6821174976884251 0.7739333631517803 0.8676890305027789 0.9316291076067881 0.9799182945524912 -0.984739 -0.8233595 -0.72146404 -0.49574196 -0.33998662 -0.48326242 -0.57634753 -0.7690498 -1.0402797 -1.0280318 -0.7496791 -0.49408233 -0.27468103 0.0009454787 -0.23395924 -0.46257114 -0.72317886 -1.1001005
1 400 0.0031569700222462416 -0.0001446594687877223 -0.004922652617096901 -0.004133609123528004 0.002585590584203601 -0.015479921363294125 0.015341500751674175 -0.010389923118054867 0.003419010667130351 -0.006697029806673527 0.01121868658810854 0.0012186630629003048 -0.019757669419050217 -0.0011743031209334731 -0.0015794277423992753 -0.013949614949524403 0.0063098035752773285 -0.01974818855524063 0.005310299340635538 -0.011060669086873531 0.005112926475703716 0.0010944110108539462 0.015684982761740685 0.008810151368379593 -0.009948383085429668 0.016657734289765358 0.001006355625577271 0.010106544941663742 -0.009505369700491428 0.01606590300798416 -0.00890264194458723 0.003025750396773219 -0.006400408688932657 -0.014156281016767025 -0.007075270172208548 0.012394019402563572 -0.014510280452668667 -0.005625592544674873 -0.014947433955967426 0.018161436542868614 0.008030475117266178 0.00933153834193945 -0.015927718952298164 -0.016974611207842827 0.012019370682537556 -0.019013529643416405 -0.014439423568546772 0.013266118243336678 -0.012417532503604889 0.00035918119829148054 0.0017483044648543 0.008957530371844769 0.009713486768305302 -0.011756927706301212 0.005800922866910696 -0.013730743899941444 -0.00045826734276488423 0.0069579011760652065 -0.008244401775300503 0.0053532738238573074 -0.011076188646256924 -0.010280824266374111 -0.0038888012059032917 -0.009858491830527782 -0.0020090430043637753 -0.002111208625137806 -0.011922059580683708 -0.011386219412088394 -0.015397152863442898 0.002956804819405079 0.007912740111351013 -0.006656387355178595 -0.009537843056023121 -0.013677927665412426 -0.010838666930794716 0.005719784181565046 0.00238665915094316 0.0076271346770226955 0.008984985761344433 0.01182060968130827 -0.005733383819460869 -0.010626398958265781 0.014678320847451687 -0.01139064971357584 0.006321348249912262 -0.0028058234602212906 0.011925693601369858 0.0007208349998109043 -0.0026668894570320845 -0.010114159435033798 -0.011168865486979485 -0.012320782989263535 0.013223587535321712 -0.011140035465359688 -0.004879302345216274 0.02597242015589159 0.06349537377232252 0.15134982058371474 0.2968331458621812 0.45989446768085745 0.6348363123814569 0.8144804279382463 0.9068636299887272 0.9669521994015984 -1.0703979 -0.9342203 -0.86738044 -0.729329 -0.7561826 -0.6471685 -0.7973343 -0.95207965 -1.076972 -1.1495744 -0.9469464 -0.74341613 -0.5402937 -0.21555215 -0.49301147 -0.6934929 -0.9122852 -1.1138024
2 400 0.0031569700222462416 -0.0001446594687877223 -0.004922652617096901 -0.004133609123528004 0.002585590584203601 -0.015479921363294125 0.015341500751674175 -0.010389923118054867 0.003419010667130351 -0.006697029806673527 0.01121868658810854 0.0012186630629003048 -0.019757669419050217 -0.0011743031209334731 -0.0015794277423992753 -0.013949614949524403 0.0063098035752773285 -0.01974818855524063 0.005310299340635538 -0.011060669086873531 0.005112926475703716 0.0010944110108539462 0.015684982761740685 0.008810151368379593 -0.009948383085429668 0.016657734289765358 0.001006355625577271 0.010106544941663742 -0.009505369700491428 0.01606590300798416 -0.00890264194458723 0.003025750396773219 -0.006400408688932657 -0.014156281016767025 -0.007075270172208548 0.012394019402563572 -0.014510280452668667 -0.005625592544674873 -0.014947433955967426 0.018161436542868614 0.008030475117266178 0.00933153834193945 -0.015927718952298164 -0.016974611207842827 0.012019370682537556 -0.019013529643416405 -0.014439423568546772 0.013266118243336678 -0.012417532503604889 0.00035918119829148054 0.0017483044648543 0.008957530371844769 0.009713486768305302 -0.011756927706301212 0.005800922866910696 -0.013730743899941444 -0.00045826734276488423 0.0069579011760652065 -0.008244401775300503 0.0053532738238573074 -0.011076188646256924 -0.010280824266374111 -0.0038888012059032917 -0.009858491830527782 -0.0020090430043637753 -0.002111208625137806 -0.011922059580683708 -0.011386219412088394 -0.015397152863442898 0.002956804819405079 0.007912740111351013 -0.006656387355178595 -0.009537843056023121 -0.013677927665412426 -0.010838666930794716 0.005719784181565046 0.00238665915094316 0.0076271346770226955 0.008984985761344433 0.01182060968130827 -0.005733383819460869 -0.010626398958265781 0.014678320847451687 -0.01139064971357584 0.006321348249912262 -0.0028058234602212906 0.011925693601369858 0.0007208349998109043 -0.0026668894570320845 -0.010114159435033798 -0.011168865486979485 -0.012320782989263535 0.013223587535321712 -0.011140035465359688 -0.004879302345216274 0.01795308996426353 0.06169401304911782 0.11817103874393685 0.24083334931499534 0.3599749409000292 0.4862027931914054 0.6841347475687625 0.8314644765687647 0.9310747647586468 -1.0352623 -0.8656179 -0.7204089 -0.55355453 -0.39715195 -0.5374777 -0.6329658 -0.7658829 -0.99072623 -1.1215221 -0.8493055 -0.6069634 -0.33786476 -0.07433459 -0.31118232 -0.48166275 -0.6642084 -0.97392964
0 400 0.006313940044492483 -0.0002893189375754446 -0.009845305234193802 -0.008267218247056007 0.005171181168407202 -0.03095984272658825 0.03068300150334835 -0.020779846236109734 0.006838021334260702 -0.013394059613347054 0.02243737317621708 0.0024373261258006096 -0.03951533883810043 -0.0023486062418669462 -0.0031588554847985506 -0.027899229899048805 0.012619607150554657 -0.03949637711048126 0.010620598681271076 -0.022121338173747063 0.010225852951407433 0.0021888220217078924 0.03136996552348137 0.017620302736759186 -0.019896766170859337 0.033315468579530716 0.002012711251154542 0.020213089883327484 -0.019010739400982857 0.03213180601596832 -0.01780528388917446 0.006051500793546438 -0.012800817377865314 -0.02831256203353405 -0.014150540344417095 0.024788038805127144 -0.029020560905337334 -0.011251185089349747 -0.029894867911934853 0.03632287308573723 0.016060950234532356 0.0186630766838789 -0.03185543790459633 -0.033949222415685654 0.02403874136507511 -0.03802705928683281 -0.028878847137093544 0.026532236486673355 -0.024835065007209778 0.0007183623965829611 0.0034966089297086 0.017915060743689537 0.019426973536610603 -0.023513855412602425 0.011601845733821392 -0.02746148779988289 -0.0009165346855297685 0.013915802352130413 -0.016488803550601006 0.010706547647714615 -0.022152377292513847 -0.020561648532748222 -0.007777602411806583 -0.019716983661055565 -0.0040180860087275505 -0.004222417250275612 -0.023844119161367416 -0.02277243882417679 -0.030794305726885796 0.005913609638810158 0.015825480222702026 -0.01331277471035719 -0.019075686112046242 -0.027355855330824852 -0.021677333861589432 0.011439568363130093 0.00477331830188632 0.015254269354045391 0.017969971522688866 0.02364121936261654 -0.011466767638921738 -0.021252797916531563 0.029356641694903374 -0.02278129942715168 0.012642696499824524 -0.005611646920442581 0.023851387202739716 0.0014416699996218085 -0.005333778914064169 -0.020228318870067596 -0.02233773097395897 -0.02464156597852707 0.026447175070643425 -0.022280070930719376 -0.009758604690432549 0.03787874737613409 0.1449139144519835 0.3044529071475774 0.517558430335857 0.6816604851985245 0.7762651282591918 0.8676230238132226 0.9326494381306982 0.97961486904718 -0.98418546 -0.822672 -0.720386 -0.4928726 -0.34083217 -0.4818527 -0.5760776 -0.76796675 -1.0351216 -1.0273069 -0.74919343 -0.49925184 -0.26973805 -0.00047248602 -0.23167759 -0.4623887 -0.7228308 -1.0934205
1 400 0.006313940044492483 -0.0002893189375754446 -0.009845305234193802 -0.008267218247056007 0.005171181168407202 -0.03095984272658825 0.03068300150334835 -0.020779846236109734 0.006838021334260702 -0.013394059613347054 0.02243737317621708 0.0024373261258006096 -0.03951533883810043 -0.0023486062418669462 -0.0031588554847985506 -0.027899229899048805 0.012619607150554657 -0.03949637711048126 0.010620598681271076 -0.022121338173747063 0.010225852951407433 0.0021888220217078924 0.03136996552348137 0.017620302736759186 -0.019896766170859337 0.033315468579530716 0.002012711251154542 0.020213089883327484 -0.019010739400982857 0.03213180601596832 -0.01780528388917446 0.006051500793546438 -0.012800817377865314 -0.02831256203353405 -0.014150540344417095 0.024788038805127144 -0.029020560905337334 -0.011251185089349747 -0.029894867911934853 0.03632287308573723 0.016060950234532356 0.0186630766838789 -0.03185543790459633 -0.033949222415685654 0.02403874136507511 -0.03802705928683281 -0.028878847137093544 0.026532236486673355 -0.024835065007209778 0.0007183623965829611 0.0034966089297086 0.017915060743689537 0.019426973536610603 -0.023513855412602425 0.011601845733821392 -0.02746148779988289 -0.0009165346855297685 0.013915802352130413 -0.016488803550601006 0.010706547647714615 -0.022152377292513847 -0.020561648532748222 -0.007777602411806583 -0.019716983661055565 -0.0040180860087275505 -0.004222417250275612 -0.023844119161367416 -0.02277243882417679 -0.030794305726885796 0.005913609638810158 0.015825480222702026 -0.01331277471035719 -0.019075686112046242 -0.027355855330824852 -0.021677333861589432 0.011439568363130093 0.00477331830188632 0.015254269354045391 0.017969971522688866 0.02364121936261654 -0.011466767638921738 -0.021252797916531563 0.029356641694903374 -0.02278129942715168 0.012642696499824524 -0.005611646920442581 0.023851387202739716 0.0014416699996218085 -0.005333778914064169 -0.020228318870067596 -0.02233773097395897 -0.02464156597852707 0.026447175070643425 -0.022280070930719376 -0.009758604690432549 0.02308755947065175 0.062103703001757556 0.1600554391245747 0.2938559826114883 0.4597920244143489 0.644295953576265 0.813584568201078 0.9082399191207525 0.966717966657065 -1.0749978 -0.93353283 -0.84776795 -0.7300137 -0.7573585 -0.64685124 -0.7817831 -0.9374927 -1.0745062 -1.1627373 -0.94720984 -0.71768844 -0.541747 -0.21446207 -0.49265048 -0.67554635 -0.8966483 -1.1106097
2 400 0.006313940044492483 -0.0002893189375754446 -0.009845305234193802 -0.008267218247056007 0.005171181168407202 -0.03095984272658825 0.03068300150334835 -0.020779846236109734 0.006838021334260702 -0.013394059613347054 0.02243737317621708 0.0024373261258006096 -0.03951533883810043 -0.0023486062418669462 -0.0031588554847985506 -0.027899229899048805 0.012619607150554657 -0.03949637711048126 0.010620598681271076 -0.022121338173747063 0.010225852951407433 0.0021888220217078924 0.03136996552348137 0.017620302736759186 -0.019896766170859337 0.033315468579530716 0.002012711251154542 0.020213089883327484 -0.019010739400982857 0.03213180601596832 -0.01780528388917446 0.006051500793546438 -0.012800817377865314 -0.02831256203353405 -0.014150540344417095 0.024788038805127144 -0.029020560905337334 -0.011251185089349747 -0.029894867911934853 0.03632287308573723 0.016060950234532356 0.0186630766838789 -0.03185543790459633 -0.033949222415685654 0.02403874136507511 -0.03802705928683281 -0.028878847137093544 0.026532236486673355 -0.024835065007209778 0.0007183623965829611 0.0034966089297086 0.017915060743689537 0.019426973536610603 -0.023513855412602425 0.011601845733821392 -0.02746148779988289 -0.0009165346855297685 0.013915802352130413 -0.016488803550601006 0.010706547647714615 -0.022152377292513847 -0.020561648532748222 -0.007777602411806583 -0.019716983661055565 -0.0040180860087275505 -0.004222417250275612 -0.023844119161367416 -0.02277243882417679 -0.030794305726885796 0.005913609638810158 0.015825480222702026 -0.01331277471035719 -0.019075686112046242 -0.027355855330824852 -0.021677333861589432 0.011439568363130093 0.00477331830188632 0.015254269354045391 0.017969971522688866 0.02364121936261654 -0.011466767638921738 -0.021252797916531563 0.029356641694903374 -0.02278129942715168 0.012642696499824524 -0.005611646920442581 0.023851387202739716 0.0014416699996218085 -0.005333778914064169 -0.020228318870067596 -0.02233773097395897 -0.02464156597852707 0.026447175070643425 -0.022280070930719376 -0.009758604690432549 0.01794990482190055 0.06095514468313179 0.11800351621614855 0.2413845514149525 0.36078518334949966 0.4849902971390942 0.6863345180909224 0.8308406124836343 0.9298537352448777 -1.0352063 -0.86522627 -0.72021663 -0.5534839 -0.3985686 -0.536613 -0.6321859 -0.7627308 -0.9861497 -1.1215315 -0.8491416 -0.60667205 -0.337737 -0.07669389 -0.3118185 -0.48053664 -0.66039383 -0.9677144
0 400 0.009470910765230656 -0.00043397839181125164 -0.014767958782613277 -0.012400827370584011 0.007756771985441446 -0.0464397631585598 0.04602450504899025 -0.031169768422842026 0.010257032699882984 -0.020091090351343155 0.03365606069564819 0.003655989421531558 -0.05927300825715065 -0.003522909479215741 -0.004738283343613148 -0.04184884577989578 0.018929410725831985 -0.05924456939101219 0.0159308984875679 -0.03318200632929802 0.015338779427111149 0.0032832331489771605 0.0470549501478672 0.026430455967783928 -0.02984514832496643 0.04997320473194122 0.0030190669931471348 0.030319636687636375 -0.02851611003279686 0.04819771274924278 -0.026707926765084267 0.009077250957489014 -0.01920122653245926 -0.0424688421189785 -0.021225811913609505 0.03718205913901329 -0.043530840426683426 -0.01687677763402462 -0.044842302799224854 0.05448431149125099 0.02409142628312111 0.027994614094495773 -0.04778315871953964 -0.05092383548617363 0.03605811297893524 -0.05704059079289436 -0.04331827163696289 0.03979835659265518 -0.03725259751081467 0.0010775435948744416 0.005244913510978222 0.02687259018421173 0.02914046123623848 -0.03527078405022621 0.01740276999771595 -0.04119223356246948 -0.0013748020865023136 0.02087370492517948 -0.024733206257224083 0.016059821471571922 -0.033228568732738495 -0.03084247186779976 -0.011666404083371162 -0.029575476422905922 -0.006027129013091326 -0.006333626341074705 -0.035766180604696274 -0.03415865823626518 -0.04619145765900612 0.008870414458215237 0.02373822219669819 -0.019969163462519646 -0.028613530099391937 -0.041033785790205 -0.0325160026550293 0.017159353941679 0.007159977685660124 0.02288140542805195 0.026954958215355873 0.03546183183789253 -0.017200151458382607 -0.03187919780611992 0.044034961611032486 -0.034171950072050095 0.018964044749736786 -0.008417470380663872 0.03577708080410957 0.0021625051740556955 -0.008000669069588184 -0.030342480167746544 -0.0335065983235836 -0.036962348967790604 0.03967076167464256 -0.03342010825872421 -0.014637907035648823 0.037630438244941646 0.14054764303539727 0.30259353062386746 0.5192516966610072 0.6811874621057049 0.7785001960146101 0.866867590625462 0.933682073409773 0.9793136142684367 -0.9837309 -0.8243952 -0.7196192 -0.49000385 -0.341774 -0.48049164 -0.5753523 -0.7669095 -1.0300515 -1.026747 -0.75247276 -0.5043936 -0.264797 -0.0020590425 -0.22947462 -0.4615683 -0.72253513 -1.0868582
1 400 0.009470910765230656 -0.00043397839181125164 -0.014767958782613277 -0.012400827370584011 0.007756771985441446 -0.0464397631585598 0.04602450504899025 -0.031169768422842026 0.010257032699882984 -0.020091090351343155 0.03365606069564819 0.003655989421531558 -0.05927300825715065 -0.003522909479215741 -0.004738283343613148 -0.04184884577989578 0.018929410725831985 -0.05924456939101219 0.0159308984875679 -0.03318200632929802 0.015338779427111149 0.0032832331489771605 0.0470549501478672 0.026430455967783928 -0.02984514832496643 0.04997320473194122 0.0030190669931471348 0.030319636687636375 -0.02851611003279686 0.04819771274924278 -0.026707926765084267 0.009077250957489014 -0.01920122653245926 -0.0424688421189785 -0.021225811913609505 0.03718205913901329 -0.043530840426683426 -0.01687677763402462 -0.044842302799224854 0.05448431149125099 0.02409142628312111 0.027994614094495773 -0.04778315871953964 -0.05092383548617363 0.03605811297893524 -0.05704059079289436 -0.04331827163696289 0.03979835659265518 -0.03725259751081467 0.0010775435948744416 0.005244913510978222 0.02687259018421173 0.02914046123623848 -0.03527078405022621 0.01740276999771595 -0.04119223356246948 -0.0013748020865023136 0.02087370492517948 -0.024733206257224083 0.016059821471571922 -0.033228568732738495 -0.03084247186779976 -0.011666404083371162 -0.029575476422905922 -0.006027129013091326 -0.006333626341074705 -0.035766180604696274 -0.03415865823626518 -0.04619145765900612 0.008870414458215237 0.02373822219669819 -0.019969163462519646 -0.028613530099391937 -0.041033785790205 -0.0325160026550293 0.017159353941679 0.007159977685660124 0.02288140542805195 0.026954958215355873 0.03546183183789253 -0.017200151458382607 -0.03187919780611992 0.044034961611032486 -0.034171950072050095 0.018964044749736786 -0.008417470380663872 0.03577708080410957 0.0021625051740556955 -0.008000669069588184 -0.030342480167746544 -0.0335065983235836 -0.036962348967790604 0.03967076167464256 -0.03342010825872421 -0.014637907035648823 0.020507420664427473 0.06067519626149837 0.1690505336595764 0.2908248766909384 0.45970421263055933 0.6597788949213488 0.8126853723905241 0.9096462720750614 0.9664488144090813 -1.0796654 -0.93295485 -0.8283042 -0.73079944 -0.75836647 -0.6445844 -0.7662319 -0.92307425 -1.0717745 -1.1759852 -0.9476683 -0.6921594 -0.5432187 -0.21352771 -0.48896372 -0.6575997 -0.88123417 -1.1070595
2 400 0.009470910765230656 -0.00043397839181125164 -0.014767958782613277 -0.012400827370584011 0.007756771985441446 -0.0464397631585598 0.04602450504899025 -0.031169768422842026 0.010257032699882984 -0.020091090351343155 0.03365606069564819 0.003655989421531558 -0.05927300825715065 -0.003522909479215741 -0.004738283343613148 -0.04184884577989578 0.018929410725831985 -0.05924456939101219 0.0159308984875679 -0.03318200632929802 0.015338779427111149 0.0032832331489771605 0.0470549501478672 0.026430455967783928 -0.02984514832496643 0.04997320473194122 0.0030190669931471348 0.030319636687636375 -0.02851611003279686 0.04819771274924278 -0.026707926765084267 0.009077250957489014 -0.01920122653245926 -0.0424688421189785 -0.021225811913609505 0.03718205913901329 -0.043530840426683426 -0.01687677763402462 -0.044842302799224854 0.05448431149125099 0.02409142628312111 0.027994614094495773 -0.04778315871953964 -0.05092383548617363 0.03605811297893524 -0.05704059079289436 -0.04331827163696289 0.03979835659265518 -0.03725259751081467 0.0010775435948744416 0.005244913510978222 0.02687259018421173 0.02914046123623848 -0.03527078405022621 0.01740276999771595 -0.04119223356246948 -0.0013748020865023136 0.02087370492517948 -0.024733206257224083 0.016059821471571922 -0.033228568732738495 -0.03084247186779976 -0.011666404083371162 -0.029575476422905922 -0.006027129013091326 -0.006333626341074705 -0.035766180604696274 -0.03415865823626518 -0.04619145765900612 0.008870414458215237 0.02373822219669819 -0.019969163462519646 -0.028613530099391937 -0.041033785790205 -0.0325160026550293 0.017159353941679 0.007159977685660124 0.02288140542805195 0.026954958215355873 0.03546183183789253 -0.017200151458382607 -0.03187919780611992 0.044034961611032486 -0.034171950072050095 0.018964044749736786 -0.008417470380663872 0.03577708080410957 0.0021625051740556955 -0.008000669069588184 -0.030342480167746544 -0.0335065983235836 -0.036962348967790604 0.03967076167464256 -0.03342010825872421 -0.014637907035648823 0.01796235555013174 0.06022261858487506 0.1178308204655896 0.2419274951896314 0.36159429629358225 0.48382479498487463 0.688525945135075 0.8302244421297726 0.928618922825881 -1.0350235 -0.86482614 -0.72001815 -0.55341446 -0.39998186 -0.5357418 -0.63140595 -0.7596011 -0.9815473 -1.1213251 -0.84896624 -0.6063713 -0.33761132 -0.07904753 -0.312482 -0.4794105 -0.65660834 -0.9614749
0 400 0.012627880088984966 -0.0005786378751508892 -0.019690610468387604 -0.016534436494112015 0.010342362336814404 -0.0619196854531765 0.0613660030066967 -0.04155969247221947 0.013676042668521404 -0.026788119226694107 0.04487474635243416 0.004874652251601219 -0.07903067767620087 -0.0046972124837338924 -0.006317710969597101 -0.05579845979809761 0.025239214301109314 -0.07899275422096252 0.021241197362542152 -0.044242676347494125 0.020451705902814865 0.004377644043415785 0.06273993104696274 0.03524060547351837 -0.039793532341718674 0.06663093715906143 0.004025422502309084 0.04042617976665497 -0.038021478801965714 0.06426361203193665 -0.03561056777834892 0.012103001587092876 -0.02560163475573063 -0.0566251240670681 -0.02830108068883419 0.04957607761025429 -0.05804112181067467 -0.022502370178699493 -0.059789735823869705 0.07264574617147446 0.03212190046906471 0.0373261533677578 -0.06371087580919266 -0.06789844483137131 0.04807748273015022 -0.07605411857366562 -0.05775769427418709 0.05306447297334671 -0.049670130014419556 0.0014367247931659222 0.0069932178594172 0.035830121487379074 0.03885394707322121 -0.04702771082520485 0.023203691467642784 -0.05492297559976578 -0.001833069371059537 0.027831604704260826 -0.03297760710120201 0.02141309529542923 -0.044304754585027695 -0.041123297065496445 -0.015555204823613167 -0.03943396732211113 -0.008036172017455101 -0.008444834500551224 -0.04768823832273483 -0.04554487764835358 -0.06158861145377159 0.011827219277620316 0.03165096044540405 -0.02662554942071438 -0.038151372224092484 -0.054711710661649704 -0.043354667723178864 0.022879136726260185 0.00954663660377264 0.030508538708090782 0.03593994304537773 0.04728243872523308 -0.022933535277843475 -0.042505595833063126 0.05871328338980675 -0.04556259885430336 0.025285392999649048 -0.011223293840885162 0.04770277440547943 0.002883339999243617 -0.010667557828128338 -0.04045663774013519 -0.04467546194791794 -0.04928313195705414 0.05289435014128685 -0.04456014186143875 -0.019517209380865097 0.03739807845230755 0.13629200951934262 0.30072731444304235 0.5209491392883374 0.6807325231975376 0.7807981509418789 0.8661058371888344 0.9347641619115544 0.9790085242818711 -0.98317254 -0.8261183 -0.7188469 -0.48712754 -0.3426144 -0.47908193 -0.57462496 -0.7657087 -1.0248863 -1.0260185 -0.7557521 -0.5095723 -0.25984314 -0.003468424 -0.22719297 -0.46074525 -0.7221343 -1.0801895
1 400 0.012627880088984966 -0.0005786378751508892 -0.019690610468387604 -0.016534436494112015 0.010342362336814404 -0.0619196854531765 0.0613660030066967 -0.04155969247221947 0.013676042668521404 -0.026788119226694107 0.04487474635243416 0.004874652251601219 -0.07903067767620087 -0.0046972124837338924 -0.006317710969597101 -0.05579845979809761 0.025239214301109314 -0.07899275422096252 0.021241197362542152 -0.044242676347494125 0.020451705902814865 0.004377644043415785 0.06273993104696274 0.03524060547351837 -0.039793532341718674 0.06663093715906143 0.004025422502309084 0.04042617976665497 -0.038021478801965714 0.06426361203193665 -0.03561056777834892 0.012103001587092876 -0.02560163475573063 -0.0566251240670681 -0.02830108068883419 0.04957607761025429 -0.05804112181067467 -0.022502370178699493 -0.059789735823869705 0.07264574617147446 0.03212190046906471 0.0373261533677578 -0.06371087580919266 -0.06789844483137131 0.04807748273015022 -0.07605411857366562 -0.05775769427418709 0.05306447297334671 -0.049670130014419556 0.0014367247931659222 0.0069932178594172 0.035830121487379074 0.03885394707322121 -0.04702771082520485 0.023203691467642784 -0.05492297559976578 -0.001833069371059537 0.027831604704260826 -0.03297760710120201 0.02141309529542923 -0.044304754585027695 -0.041123297065496445 -0.015555204823613167 -0.03943396732211113 -0.008036172017455101 -0.008444834500551224 -0.04768823832273483 -0.04554487764835358 -0.06158861145377159 0.011827219277620316 0.03165096044540405 -0.02662554942071438 -0.038151372224092484 -0.054711710661649704 -0.043354667723178864 0.022879136726260185 0.00954663660377264 0.030508538708090782 0.03593994304537773 0.04728243872523308 -0.022933535277843475 -0.042505595833063126 0.05871328338980675 -0.04556259885430336 0.025285392999649048 -0.011223293840885162 0.04770277440547943 0.002883339999243617 -0.010667557828128338 -0.04045663774013519 -0.04467546194791794 -0.04928313195705414 0.05289435014128685 -0.04456014186143875 -0.019517209380865097 0.018210295766563325 0.059548992661381264 0.17850233521500483 0.2878852803338843 0.4596017785540742 0.6748703570300608 0.8118053471454434 0.9109690629004243 0.9662641435015669 -1.0842831 -0.9324494 -0.8088198 -0.73148453 -0.75954235 -0.6423133 -0.7507075 -0.9084853 -1.0690479 -1.1891862 -0.9478686 -0.66659915 -0.54467076 -0.2124376 -0.48526835 -0.63969153 -0.8655839 -1.1036599
2 400 0.012627880088984966 -0.0005786378751508892 -0.019690610468387604 -0.016534436494112015 0.010342362336814404 -0.0619196854531765 0.0613660030066967 -0.04155969247221947 0.013676042668521404 -0.026788119226694107 0.04487474635243416 0.004874652251601219 -0.07903067767620087 -0.0046972124837338924 -0.006317710969597101 -0.05579845979809761 0.025239214301109314 -0.07899275422096252 0.021241197362542152 -0.044242676347494125 0.020451705902814865 0.004377644043415785 0.06273993104696274 0.03524060547351837 -0.039793532341718674 0.06663093715906143 0.004025422502309084 0.04042617976665497 -0.038021478801965714 0.06426361203193665 -0.03561056777834892 0.012103001587092876 -0.02560163475573063 -0.0566251240670681 -0.02830108068883419 0.04957607761025429 -0.05804112181067467 -0.022502370178699493 -0.059789735823869705 0.07264574617147446 0.03212190046906471 0.0373261533677578 -0.06371087580919266 -0.06789844483137131 0.04807748273015022 -0.07605411857366562 -0.05775769427418709 0.05306447297334671 -0.049670130014419556 0.0014367247931659222 0.0069932178594172 0.035830121487379074 0.03885394707322121 -0.04702771082520485 0.023203691467642784 -0.05492297559976578 -0.001833069371059537 0.027831604704260826 -0.03297760710120201 0.02141309529542923 -0.044304754585027695 -0.041123297065496445 -0.015555204823613167 -0.03943396732211113 -0.008036172017455101 -0.008444834500551224 -0.04768823832273483 -0.04554487764835358 -0.06158861145377159 0.011827219277620316 0.03165096044540405 -0.02662554942071438 -0.038151372224092484 -0.054711710661649704 -0.043354667723178864 0.022879136726260185 0.00954663660377264 0.030508538708090782 0.03593994304537773 0.04728243872523308 -0.022933535277843475 -0.042505595833063126 0.05871328338980675 -0.04556259885430336 0.025285392999649048 -0.011223293840885162 0.04770277440547943 0.002883339999243617 -0.010667557828128338 -0.04045663774013519 -0.04467546194791794 -0.04928313195705414 0.05289435014128685 -0.04456014186143875 -0.019517209380865097 0.017959159737348386 0.05955596338320601 0.11766369272712665 0.24245194680756302 0.36235810991156003 0.49020665785394923 0.6907578026485447 0.8295969501071998 0.9274048153162827 -1.0349674 -0.86428255 -0.71982586 -0.5533474 -0.4013147 -0.53607 -0.6306064 -0.75644904 -0.9770867 -1.1213346 -0.84854925 -0.60607994 -0.3374901 -0.0812673 -0.31462443 -0.47826082 -0.65279377 -0.95542896
0 400 0.01578485034406185 -0.0007232973002828658 -0.024613263085484505 -0.020668044686317444 0.012927953153848648 -0.0773996040225029 0.07670750468969345 -0.05194961279630661 0.0170950535684824 -0.03348514810204506 0.05609343200922012 0.006093315314501524 -0.09878834336996078 -0.005871515721082687 -0.007897138595581055 -0.06974807381629944 0.03154901787638664 -0.09874094277620316 0.026551496237516403 -0.05530334264039993 0.025564631447196007 0.005472055170685053 0.07842491567134857 0.044050756841897964 -0.04974191263318062 0.08328866958618164 0.005031778011471033 0.05053272470831871 -0.04752684757113457 0.0803295150399208 -0.04451321065425873 0.015128751285374165 -0.032002042979002 -0.0707814022898674 -0.035376351326704025 0.061970096081495285 -0.07255139946937561 -0.028127962723374367 -0.07473716884851456 0.09080718457698822 0.040152374655008316 0.04665768891572952 -0.07963859289884567 -0.08487305790185928 0.060096852481365204 -0.09506765007972717 -0.07219711691141129 0.06633058935403824 -0.062087662518024445 0.0017959059914574027 0.008741522207856178 0.04478764906525612 0.048567432910203934 -0.05878463760018349 0.029004614800214767 -0.06865371763706207 -0.0022913366556167603 0.03478950634598732 -0.04122200980782509 0.026766369119286537 -0.05538094416260719 -0.05140411853790283 -0.01944400556385517 -0.04929246008396149 -0.010045214556157589 -0.01055604312568903 -0.05961029604077339 -0.05693109706044197 -0.07698576152324677 0.014784024097025394 0.039563700556755066 -0.03328193724155426 -0.04768921434879303 -0.0683896392583847 -0.05419333279132843 0.02859892137348652 0.011933295987546444 0.038135673850774765 0.04492492973804474 0.05910304933786392 -0.028666919097304344 -0.05313199386000633 0.07339160144329071 -0.056953247636556625 0.03160674124956131 -0.014029117301106453 0.05962846800684929 0.0036041750572621822 -0.013334447517991066 -0.05057079717516899 -0.055844325572252274 -0.06160391494631767 0.06611793488264084 -0.05570017546415329 -0.024396510794758797 0.03718064811827787 0.13219023020486045 0.2988809522452214 0.5226459118756258 0.6802560011586544 0.7830005977554116 0.8654167400970134 0.9370026967033869 0.978705553003301 -0.98259383 -0.8278028 -0.7180801 -0.48425063 -0.3435614 -0.47772086 -0.5739104 -0.76300097 -1.0197709 -1.0252526 -0.75896466 -0.51471406 -0.25488734 -0.005063653 -0.22499 -0.4599722 -0.7210994 -1.0735941
1 400 0.01578485034406185 -0.0007232973002828658 -0.024613263085484505 -0.020668044686317444 0.012927953153848648 -0.0773996040225029 0.07670750468969345 -0.05194961279630661 0.0170950535684824 -0.03348514810204506 0.05609343200922012 0.006093315314501524 -0.09878834336996078 -0.005871515721082687 -0.007897138595581055 -0.06974807381629944 0.03154901787638664 -0.09874094277620316 0.026551496237516403 -0.05530334264039993 0.025564631447196007 0.005472055170685053 0.07842491567134857 0.044050756841897964 -0.04974191263318062 0.08328866958618164 0.005031778011471033 0.05053272470831871 -0.04752684757113457 0.0803295150399208 -0.04451321065425873 0.015128751285374165 -0.032002042979002 -0.0707814022898674 -0.035376351326704025 0.061970096081495285 -0.07255139946937561 -0.028127962723374367 -0.07473716884851456 0.09080718457698822 0.040152374655008316 0.04665768891572952 -0.07963859289884567 -0.08487305790185928 0.060096852481365204 -0.09506765007972717 -0.07219711691141129 0.06633058935403824 -0.062087662518024445 0.0017959059914574027 0.008741522207856178 0.04478764906525612 0.048567432910203934 -0.05878463760018349 0.029004614800214767 -0.06865371763706207 -0.0022913366556167603 0.03478950634598732 -0.04122200980782509 0.026766369119286537 -0.05538094416260719 -0.05140411853790283 -0.01944400556385517 -0.04929246008396149 -0.010045214556157589 -0.01055604312568903 -0.05961029604077339 -0.05693109706044197 -0.07698576152324677 0.014784024097025394 0.039563700556755066 -0.03328193724155426 -0.04768921434879303 -0.0683896392583847 -0.05419333279132843 0.02859892137348652 0.011933295987546444 0.038135673850774765 0.04492492973804474 0.05910304933786392 -0.028666919097304344 -0.05313199386000633 0.07339160144329071 -0.056953247636556625 0.03160674124956131 -0.014029117301106453 0.05962846800684929 0.0036041750572621822 -0.013334447517991066 -0.05057079717516899 -0.055844325572252274 -0.06160391494631767 0.06611793488264084 -0.05570017546415329 -0.024396510794758797 0.016167905833592885 0.05888933718045373 0.1812187351209636 0.2875567958923905 0.4594993146079571 0.6896668440654238 0.8109387103753637 0.9123376519428679 0.9661012009362343 -1.0888966 -0.93190575 -0.79513466 -0.7326069 -0.7607182 -0.64005744 -0.7351422 -0.8940362 -1.0651686 -1.2023747 -0.9474516 -0.65150416 -0.54458094 -0.21134752 -0.48158848 -0.62174284 -0.8501351 -1.0989916
2 400 0.01578485034406185 -0.0007232973002828658 -0.024613263085484505 -0.020668044686317444 0.012927953153848648 -0.0773996040225029 0.07670750468969345 -0.05194961279630661 0.0170950535684824 -0.03348514810204506 0.05609343200922012 0.006093315314501524 -0.09878834336996078 -0.005871515721082687 -0.007897138595581055 -0.06974807381629944 0.03154901787638664 -0.09874094277620316 0.026551496237516403 -0.05530334264039993 0.025564631447196007 0.005472055170685053 0.07842491567134857 0.044050756841897964 -0.04974191263318062 0.08328866958618164 0.005031778011471033 0.05053272470831871 -0.04752684757113457 0.0803295150399208 -0.04451321065425873 0.015128751285374165 -0.032002042979002 -0.0707814022898674 -0.035376351326704025 0.061970096081495285 -0.07255139946937561 -0.028127962723374367 -0.07473716884851456 0.09080718457698822 0.040152374655008316 0.04665768891572952 -0.07963859289884567 -0.08487305790185928 0.060096852481365204 -0.09506765007972717 -0.07219711691141129 0.06633058935403824 -0.062087662518024445 0.0017959059914574027 0.008741522207856178 0.04478764906525612 0.048567432910203934 -0.05878463760018349 0.029004614800214767 -0.06865371763706207 -0.0022913366556167603 0.03478950634598732 -0.04122200980782509 0.026766369119286537 -0.05538094416260719 -0.05140411853790283 -0.01944400556385517 -0.04929246008396149 -0.010045214556157589 -0.01055604312568903 -0.05961029604077339 -0.05693109706044197 -0.07698576152324677 0.014784024097025394 0.039563700556755066 -0.03328193724155426 -0.04768921434879303 -0.0683896392583847 -0.05419333279132843 0.02859892137348652 0.011933295987546444 0.038135673850774765 0.04492492973804474 0.05910304933786392 -0.028666919097304344 -0.05313199386000633 0.07339160144329071 -0.056953247636556625 0.03160674124956131 -0.014029117301106453 0.05962846800684929 0.0036041750572621822 -0.013334447517991066 -0.05057079717516899 -0.055844325572252274 -0.06160391494631767 0.06611793488264084 -0.05570017546415329 -0.024396510794758797 0.017945357105035146 0.05977019697198825 0.11749142338358057 0.24300566369573123 0.3631707163962638 0.4985033800156113 0.6929321479804316 0.8289772155257424 0.9261303014111796 -1.035006 -0.86551857 -0.7196274 -0.5532768 -0.40273136 -0.5366982 -0.62982655 -0.7533194 -0.9724843 -1.1214942 -0.84761596 -0.60577923 -0.33736232 -0.08362658 -0.31714574 -0.4771347 -0.6490084 -0.9491894
0 400 0.01894182153046131 -0.0008679567836225033 -0.029535917565226555 -0.024801654741168022 0.015513543970882893 -0.0928795263171196 0.0920490100979805 -0.06233953684568405 0.02051406539976597 -0.04018218070268631 0.06731212139129639 0.007311978843063116 -0.1185460165143013 -0.007045818958431482 -0.009476566687226295 -0.08369769155979156 0.03785882145166397 -0.11848913878202438 0.0318617969751358 -0.06636401265859604 0.030677558854222298 0.006566466297954321 0.0941099002957344 0.052860911935567856 -0.05969029664993286 0.09994640946388245 0.0060381339862942696 0.06063927337527275 -0.05703222006559372 0.09639542549848557 -0.05341585353016853 0.018154501914978027 -0.03840245306491852 -0.084937684237957 -0.04245162382721901 0.07436411827802658 -0.08706168085336685 -0.03375355526804924 -0.08968460559844971 0.10896862298250198 0.04818285256624222 0.05598922818899155 -0.09556631743907928 -0.10184767097234726 0.07211622595787048 -0.11408118158578873 -0.08663654327392578 0.07959671318531036 -0.07450519502162933 0.0021550871897488832 0.010489827021956444 0.05374518036842346 0.05828092247247696 -0.07054156810045242 0.0348055399954319 -0.08238446712493896 -0.0027496041730046272 0.04174740985035896 -0.049466412514448166 0.032119642943143845 -0.06645713746547699 -0.06168494373559952 -0.023332808166742325 -0.059150952845811844 -0.012054258026182652 -0.01266725268214941 -0.07153236120939255 -0.06831731647253036 -0.09238291531801224 0.017740828916430473 0.04747644439339638 -0.03993832692503929 -0.057227060198783875 -0.08206757158041 -0.0650320053100586 0.034318707883358 0.014319955371320248 0.0457628108561039 0.053909916430711746 0.07092366367578506 -0.03440030291676521 -0.06375839561223984 0.08806992322206497 -0.06834390014410019 0.03792808949947357 -0.016834940761327744 0.07155416160821915 0.004325010348111391 -0.01600133813917637 -0.06068496033549309 -0.0670131966471672 -0.07392469793558121 0.07934152334928513 -0.06684021651744843 -0.029275814071297646 0.03695093602605612 0.12817465204509929 0.29702784069470867 0.5266829756197298 0.6798003770033507 0.7851869878823391 0.8646416136415673 0.9391641866828868 0.9783798574273697 -0.9820354 -0.8294942 -0.7173078 -0.48182124 -0.3444018 -0.47635975 -0.5731793 -0.7603177 -1.0146077 -1.0245241 -0.76219 -0.5198928 -0.2508092 -0.006473005 -0.22278702 -0.45914358 -0.7200873 -1.066897
1 400 0.01894182153046131 -0.0008679567836225033 -0.029535917565226555 -0.024801654741168022 0.015513543970882893 -0.0928795263171196 0.0920490100979805 -0.06233953684568405 0.02051406539976597 -0.04018218070268631 0.06731212139129639 0.007311978843063116 -0.1185460165143013 -0.007045818958431482 -0.009476566687226295 -0.08369769155979156 0.03785882145166397 -0.11848913878202438 0.0318617969751358 -0.06636401265859604 0.030677558854222298 0.006566466297954321 0.0941099002957344 0.052860911935567856 -0.05969029664993286 0.09994640946388245 0.0060381339862942696 0.06063927337527275 -0.05703222006559372 0.09639542549848557 -0.05341585353016853 0.018154501914978027 -0.03840245306491852 -0.084937684237957 -0.04245162382721901 0.07436411827802658 -0.08706168085336685 -0.03375355526804924 -0.08968460559844971 0.10896862298250198 0.04818285256624222 0.05598922818899155 -0.09556631743907928 -0.10184767097234726 0.07211622595787048 -0.11408118158578873 -0.08663654327392578 0.07959671318531036 -0.07450519502162933 0.0021550871897488832 0.010489827021956444 0.05374518036842346 0.05828092247247696 -0.07054156810045242 0.0348055399954319 -0.08238446712493896 -0.0027496041730046272 0.04174740985035896 -0.049466412514448166 0.032119642943143845 -0.06645713746547699 -0.06168494373559952 -0.023332808166742325 -0.059150952845811844 -0.012054258026182652 -0.01266725268214941 -0.07153236120939255 -0.06831731647253036 -0.09238291531801224 0.017740828916430473 0.04747644439339638 -0.03993832692503929 -0.057227060198783875 -0.08206757158041 -0.0650320053100586 0.034318707883358 0.014319955371320248 0.0457628108561039 0.053909916430711746 0.07092366367578506 -0.03440030291676521 -0.06375839561223984 0.08806992322206497 -0.06834390014410019 0.03792808949947357 -0.016834940761327744 0.07155416160821915 0.004325010348111391 -0.01600133813917637 -0.06068496033549309 -0.0670131966471672 -0.07392469793558121 0.07934152334928513 -0.06684021651744843 -0.029275814071297646 0.014669690768263945 0.060186717406964164 0.1862242576055818 0.28614638826745664 0.45939692149701283 0.6993971159422033 0.8090102531700062 0.9136703960552515 0.9656162249322725 -1.0925694 -0.9293989 -0.781727 -0.7351488 -0.76189417 -0.6387921 -0.71882474 -0.8795521 -1.0602589 -1.2128022 -0.94396377 -0.6372472 -0.5428727 -0.21025744 -0.47920567 -0.6025675 -0.83463526 -1.092626
2 400 0.01894182153046131 -0.0008679567836225033 -0.029535917565226555 -0.024801654741168022 0.015513543970882893 -0.0928795263171196 0.0920490100979805 -0.06233953684568405 0.02051406539976597 -0.04018218070268631 0.06731212139129639 0.007311978843063116 -0.1185460165143013 -0.007045818958431482 -0.009476566687226295 -0.08369769155979156 0.03785882145166397 -0.11848913878202438 0.0318617969751358 -0.06636401265859604 0.030677558854222298 0.006566466297954321 0.0941099002957344 0.052860911935567856 -0.05969029664993286 0.09994640946388245 0.0060381339862942696 0.06063927337527275 -0.05703222006559372 0.09639542549848557 -0.05341585353016853 0.018154501914978027 -0.03840245306491852 -0.084937684237957 -0.04245162382721901 0.07436411827802658 -0.08706168085336685 -0.03375355526804924 -0.08968460559844971 0.10896862298250198 0.04818285256624222 0.05598922818899155 -0.09556631743907928 -0.10184767097234726 0.07211622595787048 -0.11408118158578873 -0.08663654327392578 0.07959671318531036 -0.07450519502162933 0.0021550871897488832 0.010489827021956444 0.05374518036842346 0.05828092247247696 -0.07054156810045242 0.0348055399954319 -0.08238446712493896 -0.0027496041730046272 0.04174740985035896 -0.049466412514448166 0.032119642943143845 -0.06645713746547699 -0.06168494373559952 -0.023332808166742325 -0.059150952845811844 -0.012054258026182652 -0.01266725268214941 -0.07153236120939255 -0.06831731647253036 -0.09238291531801224 0.017740828916430473 0.04747644439339638 -0.03993832692503929 -0.057227060198783875 -0.08206757158041 -0.0650320053100586 0.034318707883358 0.014319955371320248 0.0457628108561039 0.053909916430711746 0.07092366367578506 -0.03440030291676521 -0.06375839561223984 0.08806992322206497 -0.06834390014410019 0.03792808949947357 -0.016834940761327744 0.07155416160821915 0.004325010348111391 -0.01600133813917637 -0.06068496033549309 -0.0670131966471672 -0.07392469793558121 0.07934152334928513 -0.06684021651744843 -0.029275814071297646 0.01795780644363997 0.06120446084850259 0.1173247312622012 0.24355108206594622 0.36400052712898295 0.5055403672417073 0.6950979343382245 0.8283460240742092 0.9248772833759576 -1.0348232 -0.87371135 -0.7194351 -0.55320734 -0.40417665 -0.53723097 -0.6290466 -0.75016725 -0.9680238 -1.1212878 -0.8360753 -0.6054879 -0.33723664 -0.08603358 -0.31928396 -0.4760086 -0.6451938 -0.9431436
0 400 0.022098790854215622 -0.0010126162087544799 -0.03445856645703316 -0.02893526293337345 0.018099134787917137 -0.1083594411611557 0.10739050805568695 -0.0727294534444809 0.02393307536840439 -0.046879205852746964 0.07853080332279205 0.008530640974640846 -0.13830368220806122 -0.008220122195780277 -0.011055993847548962 -0.0976473018527031 0.0441686250269413 -0.13823731243610382 0.037172093987464905 -0.07742467522621155 0.03579048439860344 0.007660876959562302 0.10979487746953964 0.06167105957865715 -0.0696386769413948 0.11660413444042206 0.007044489029794931 0.0707458108663559 -0.06653758883476257 0.11246132105588913 -0.06231849268078804 0.021180251613259315 -0.04480285942554474 -0.099093958735466 -0.049526892602443695 0.08675813674926758 -0.1015719547867775 -0.039379145950078964 -0.10463203489780426 0.12713006138801575 0.05621332302689552 0.06532076001167297 -0.1114940270781517 -0.11882227659225464 0.08413559198379517 -0.13309471309185028 -0.10107596218585968 0.0928628221154213 -0.08692272752523422 0.002514268271625042 0.012238130904734135 0.0627027079463005 0.06799440830945969 -0.08229849487543106 0.040606461465358734 -0.09611520171165466 -0.003207871224731207 0.04870530962944031 -0.057710811495780945 0.037472914904356 -0.07753331959247589 -0.0719657614827156 -0.02722160704433918 -0.0690094456076622 -0.01406330056488514 -0.014778460375964642 -0.08345441520214081 -0.07970353215932846 -0.10778006166219711 0.020697632804512978 0.05538918077945709 -0.046594712883234024 -0.06676489859819412 -0.0957454964518547 -0.07587066292762756 0.04003848880529404 0.016706613823771477 0.05338994413614273 0.06289490312337875 0.08274427056312561 -0.04013368487358093 -0.07438479363918304 0.10274823755025864 -0.07973454892635345 0.044249437749385834 -0.019640764221549034 0.0834798514842987 0.005045845173299313 -0.018668226897716522 -0.07079911231994629 -0.07818205654621124 -0.08624547719955444 0.09256510436534882 -0.07798024266958237 -0.034155115485191345 0.03670898483995552 0.12421537349098441 0.2951879684643301 0.5351423764372736 0.6793230956634705 0.7874345333494319 0.863875458536919 0.9412634906899315 0.9780507490610473 -0.98158574 -0.83124906 -0.7165383 -0.480183 -0.34534878 -0.47495008 -0.5724557 -0.7576066 -1.0094669 -1.0239679 -0.7655233 -0.525053 -0.2482968 -0.008068174 -0.22050534 -0.4583261 -0.71905094 -1.0602292
1 400 0.022098790854215622 -0.0010126162087544799 -0.03445856645703316 -0.02893526293337345 0.018099134787917137 -0.1083594411611557 0.10739050805568695 -0.0727294534444809 0.02393307536840439 -0.046879205852746964 0.07853080332279205 0.008530640974640846 -0.13830368220806122 -0.008220122195780277 -0.011055993847548962 -0.0976473018527031 0.0441686250269413 -0.13823731243610382 0.037172093987464905 -0.07742467522621155 0.03579048439860344 0.007660876959562302 0.10979487746953964 0.06167105957865715 -0.0696386769413948 0.11660413444042206 0.007044489029794931 0.0707458108663559 -0.06653758883476257 0.11246132105588913 -0.06231849268078804 0.021180251613259315 -0.04480285942554474 -0.099093958735466 -0.049526892602443695 0.08675813674926758 -0.1015719547867775 -0.039379145950078964 -0.10463203489780426 0.12713006138801575 0.05621332302689552 0.06532076001167297 -0.1114940270781517 -0.11882227659225464 0.08413559198379517 -0.13309471309185028 -0.10107596218585968 0.0928628221154213 -0.08692272752523422 0.002514268271625042 0.012238130904734135 0.0627027079463005 0.06799440830945969 -0.08229849487543106 0.040606461465358734 -0.09611520171165466 -0.003207871224731207 0.04870530962944031 -0.057710811495780945 0.037472914904356 -0.07753331959247589 -0.0719657614827156 -0.02722160704433918 -0.0690094456076622 -0.01406330056488514 -0.014778460375964642 -0.08345441520214081 -0.07970353215932846 -0.10778006166219711 0.020697632804512978 0.05538918077945709 -0.046594712883234024 -0.06676489859819412 -0.0957454964518547 -0.07587066292762756 0.04003848880529404 0.016706613823771477 0.05338994413614273 0.06289490312337875 0.08274427056312561 -0.04013368487358093 -0.07438479363918304 0.10274823755025864 -0.07973454892635345 0.044249437749385834 -0.019640764221549034 0.0834798514842987 0.005045845173299313 -0.018668226897716522 -0.07079911231994629 -0.07818205654621124 -0.08624547719955444 0.09256510436534882 -0.07798024266958237 -0.034155115485191345 0.014696857687767797 0.0623994488061384 0.19443927295923097 0.284403227423977 0.4538901240223849 0.6987504514466628 0.806089493616122 0.9163125225851956 0.9651208294099168 -1.091821 -0.9259983 -0.7671414 -0.7380589 -0.7602211 -0.6386856 -0.70963544 -0.86953664 -1.0554326 -1.2120483 -0.9390706 -0.6211513 -0.5405805 -0.20612137 -0.47891736 -0.5911288 -0.82513666 -1.0863484
2 400 0.022098790854215622 -0.0010126162087544799 -0.03445856645703316 -0.02893526293337345 0.018099134787917137 -0.1083594411611557 0.10739050805568695 -0.0727294534444809 0.02393307536840439 -0.046879205852746964 0.07853080332279205 0.008530640974640846 -0.13830368220806122 -0.008220122195780277 -0.011055993847548962 -0.0976473018527031 0.0441686250269413 -0.13823731243610382 0.037172093987464905 -0.07742467522621155 0.03579048439860344 0.007660876959562302 0.10979487746953964 0.06167105957865715 -0.0696386769413948 0.11660413444042206 0.007044489029794931 0.0707458108663559 -0.06653758883476257 0.11246132105588913 -0.06231849268078804 0.021180251613259315 -0.04480285942554474 -0.099093958735466 -0.049526892602443695 0.08675813674926758 -0.1015719547867775 -0.039379145950078964 -0.10463203489780426 0.12713006138801575 0.05621332302689552 0.06532076001167297 -0.1114940270781517 -0.11882227659225464 0.08413559198379517 -0.13309471309185028 -0.10107596218585968 0.0928628221154213 -0.08692272752523422 0.002514268271625042 0.012238130904734135 0.0627027079463005 0.06799440830945969 -0.08229849487543106 0.040606461465358734 -0.09611520171165466 -0.003207871224731207 0.04870530962944031 -0.057710811495780945 0.037472914904356 -0.07753331959247589 -0.0719657614827156 -0.02722160704433918 -0.0690094456076622 -0.01406330056488514 -0.014778460375964642 -0.08345441520214081 -0.07970353215932846 -0.10778006166219711 0.020697632804512978 0.05538918077945709 -0.046594712883234024 -0.06676489859819412 -0.0957454964518547 -0.07587066292762756 0.04003848880529404 0.016706613823771477 0.05338994413614273 0.06289490312337875 0.08274427056312561 -0.04013368487358093 -0.07438479363918304 0.10274823755025864 -0.07973454892635345 0.044249437749385834 -0.019640764221549034 0.0834798514842987 0.005045845173299313 -0.018668226897716522 -0.07079911231994629 -0.07818205654621124 -0.08624547719955444 0.09256510436534882 -0.07798024266958237 -0.034155115485191345 0.017954619627659995 0.0626807320363676 0.11715824311349962 0.24409729220046955 0.36475642163708016 0.510298066869082 0.6973033841845923 0.8291337654102295 0.923574206807014 -1.0347672 -0.8817033 -0.7192428 -0.55313784 -0.40549198 -0.5375913 -0.6282471 -0.74708486 -0.9634384 -1.1212972 -0.8244964 -0.6051965 -0.337111 -0.08822416 -0.32072997 -0.47485894 -0.64200306 -0.9369328
0 400 0.025255760177969933 -0.0011572757503017783 -0.03938122093677521 -0.03306887298822403 0.020684724673628807 -0.123839370906353 0.1227320060133934 -0.08311938494443893 0.02735208533704281 -0.053576238453388214 0.08974949270486832 0.009749304503202438 -0.15806135535240173 -0.009394424967467785 -0.012635421939194202 -0.11159691959619522 0.05047842860221863 -0.15798550844192505 0.042482394725084305 -0.08848535269498825 0.04090341180562973 0.00875528808683157 0.12547986209392548 0.07048121094703674 -0.07958706468343735 0.13326187431812286 0.008050845004618168 0.08085235953330994 -0.07604295760393143 0.1285272240638733 -0.07122113555669785 0.024206003174185753 -0.05120326951146126 -0.1132502481341362 -0.05660216137766838 0.09915215522050858 -0.11608224362134933 -0.04500474035739899 -0.11957947164773941 0.1452914923429489 0.06424380093812943 0.0746523067355156 -0.12742175161838531 -0.13579688966274261 0.09615496546030045 -0.15210823714733124 -0.11551538854837418 0.10612894594669342 -0.09934026002883911 0.0028734495863318443 0.0139864357188344 0.07166024297475815 0.07770789414644241 -0.0940554216504097 0.04640738293528557 -0.10984595119953156 -0.003666138742119074 0.05566320940852165 -0.06595521420240402 0.04282619059085846 -0.08860950917005539 -0.08224659413099289 -0.031110409647226334 -0.07886793464422226 -0.016072344034910202 -0.016889669001102448 -0.09537647664546967 -0.09108975529670715 -0.12317722290754318 0.02365443855524063 0.0633019208908081 -0.05325109884142876 -0.07630274444818497 -0.10942342132329941 -0.08670933544635773 0.04575827345252037 0.01909327320754528 0.061017077416181564 0.07187988609075546 0.09456487745046616 -0.04586707055568695 -0.08501119166612625 0.1174265667796135 -0.09112519770860672 0.050570785999298096 -0.022446587681770325 0.09540554881095886 0.005766679998487234 -0.021335115656256676 -0.08091327548027039 -0.08935092389583588 -0.09856626391410828 0.1057887002825737 -0.0891202837228775 -0.039034418761730194 0.03649491551473835 0.12041739374093131 0.29523282813042545 0.5435536651493992 0.6788667695899118 0.7878424657494042 0.8630928880379423 0.9432686778661467 0.9779560052172963 -0.98100215 -0.832937 -0.7139769 -0.47856423 -0.34618917 -0.470596 -0.57172453 -0.7548745 -1.0035396 -1.0231982 -0.7687423 -0.52710766 -0.24581581 -0.009477556 -0.2132016 -0.45749742 -0.7179642 -1.0532719
1 400 0.025255760177969933 -0.0011572757503017783 -0.03938122093677521 -0.03306887298822403 0.020684724673628807 -0.123839370906353 0.1227320060133934 -0.08311938494443893 0.02735208533704281 -0.053576238453388214 0.08974949270486832 0.009749304503202438 -0.15806135535240173 -0.009394424967467785 -0.012635421939194202 -0.11159691959619522 0.05047842860221863 -0.15798550844192505 0.042482394725084305 -0.08848535269498825 0.04090341180562973 0.00875528808683157 0.12547986209392548 0.07048121094703674 -0.07958706468343735 0.13326187431812286 0.008050845004618168 0.08085235953330994 -0.07604295760393143 0.1285272240638733 -0.07122113555669785 0.024206003174185753 -0.05120326951146126 -0.1132502481341362 -0.05660216137766838 0.09915215522050858 -0.11608224362134933 -0.04500474035739899 -0.11957947164773941 0.1452914923429489 0.06424380093812943 0.0746523067355156 -0.12742175161838531 -0.13579688966274261 0.09615496546030045 -0.15210823714733124 -0.11551538854837418 0.10612894594669342 -0.09934026002883911 0.0028734495863318443 0.0139864357188344 0.07166024297475815 0.07770789414644241 -0.0940554216504097 0.04640738293528557 -0.10984595119953156 -0.003666138742119074 0.05566320940852165 -0.06595521420240402 0.04282619059085846 -0.08860950917005539 -0.08224659413099289 -0.031110409647226334 -0.07886793464422226 -0.016072344034910202 -0.016889669001102448 -0.09537647664546967 -0.09108975529670715 -0.12317722290754318 0.02365443855524063 0.0633019208908081 -0.05325109884142876 -0.07630274444818497 -0.10942342132329941 -0.08670933544635773 0.04575827345252037 0.01909327320754528 0.061017077416181564 0.07187988609075546 0.09456487745046616 -0.04586707055568695 -0.08501119166612625 0.1174265667796135 -0.09112519770860672 0.050570785999298096 -0.022446587681770325 0.09540554881095886 0.005766679998487234 -0.021335115656256676 -0.08091327548027039 -0.08935092389583588 -0.09856626391410828 0.1057887002825737 -0.0891202837228775 -0.039034418761730194 0.015077668883246879 0.06474850840684705 0.20291793614228035 0.282664849763469 0.44531363138517965 0.69806311096639 0.8031140625690179 0.9193373004279258 0.9646026864574886 -1.0895965 -0.9224558 -0.7525606 -0.74097085 -0.75719327 -0.638563 -0.7061384 -0.8664906 -1.0504217 -1.2089766 -0.93393826 -0.6050613 -0.53828603 -0.200011 -0.47860056 -0.58613396 -0.8238709 -1.0798365
2 400 0.025255760177969933 -0.0011572757503017783 -0.03938122093677521 -0.03306887298822403 0.020684724673628807 -0.123839370906353 0.1227320060133934 -0.08311938494443893 0.02735208533704281 -0.053576238453388214 0.08974949270486832 0.009749304503202438 -0.15806135535240173 -0.009394424967467785 -0.012635421939194202 -0.11159691959619522 0.05047842860221863 -0.15798550844192505 0.042482394725084305 -0.08848535269498825 0.04090341180562973 0.00875528808683157 0.12547986209392548 0.07048121094703674 -0.07958706468343735 0.13326187431812286 0.008050845004618168 0.08085235953330994 -0.07604295760393143 0.1285272240638733 -0.07122113555669785 0.024206003174185753 -0.05120326951146126 -0.1132502481341362 -0.05660216137766838 0.09915215522050858 -0.11608224362134933 -0.04500474035739899 -0.11957947164773941 0.1452914923429489 0.06424380093812943 0.0746523067355156 -0.12742175161838531 -0.13579688966274261 0.09615496546030045 -0.15210823714733124 -0.11551538854837418 0.10612894594669342 -0.09934026002883911 0.0028734495863318443 0.0139864357188344 0.07166024297475815 0.07770789414644241 -0.0940554216504097 0.04640738293528557 -0.10984595119953156 -0.003666138742119074 0.05566320940852165 -0.06595521420240402 0.04282619059085846 -0.08860950917005539 -0.08224659413099289 -0.031110409647226334 -0.07886793464422226 -0.016072344034910202 -0.016889669001102448 -0.09537647664546967 -0.09108975529670715 -0.12317722290754318 0.02365443855524063 0.0633019208908081 -0.05325109884142876 -0.07630274444818497 -0.10942342132329941 -0.08670933544635773 0.04575827345252037 0.01909327320754528 0.061017077416181564 0.07187988609075546 0.09456487745046616 -0.04586707055568695 -0.08501119166612625 0.1174265667796135 -0.09112519770860672 0.050570785999298096 -0.022446587681770325 0.09540554881095886 0.005766679998487234 -0.021335115656256676 -0.08091327548027039 -0.08935092389583588 -0.09856626391410828 0.1057887002825737 -0.0891202837228775 -0.039034418761730194 0.017940821514750547 0.06417524023883332 0.11698659465381563 0.24463465668912682 0.3655794502411307 0.5151345263081684 0.6994517147936364 0.8305957596273353 0.9223025618936859 -1.0348058 -0.88987535 -0.7190443 -0.5530696 -0.40692276 -0.53795767 -0.62746716 -0.7440724 -0.95903146 -1.1214569 -0.81299186 -0.60489583 -0.33698756 -0.09060699 -0.32220048 -0.47373283 -0.6391535 -0.93096375
0 400 0.028412729501724243 -0.001301935059018433 -0.04430387169122696 -0.03720248118042946 0.023270314559340477 -0.1393192857503891 0.13807350397109985 -0.09350930154323578 0.03077109530568123 -0.06027326360344887 0.10096817463636398 0.010967967100441456 -0.17781901359558105 -0.010568727739155293 -0.014214849099516869 -0.12554652988910675 0.056788232177495956 -0.17773368954658508 0.047792691737413406 -0.09954601526260376 0.04601633548736572 0.009849699214100838 0.1411648392677307 0.07929135859012604 -0.0895354375243187 0.14991959929466248 0.009057200513780117 0.09095890074968338 -0.08554832637310028 0.14459311962127686 -0.08012377470731735 0.027231751009821892 -0.05760367587208748 -0.1274065226316452 -0.06367743015289307 0.11154617369174957 -0.13059251010417938 -0.05063033103942871 -0.13452689349651337 0.16345292329788208 0.07227427512407303 0.08398383855819702 -0.14334946870803833 -0.1527715027332306 0.10817433148622513 -0.1711217612028122 -0.12995480000972748 0.11939505487680435 -0.111757792532444 0.003232630668208003 0.01573473960161209 0.0806177631020546 0.08742137998342514 -0.10581234842538834 0.0522083044052124 -0.12357668578624725 -0.0041244057938456535 0.062621109187603 -0.0741996169090271 0.04817946255207062 -0.09968569874763489 -0.09252741187810898 -0.03499921038746834 -0.08872642368078232 -0.018081385642290115 -0.01900087669491768 -0.10729853063821793 -0.10247597098350525 -0.13857436180114746 0.026611242443323135 0.07121466100215912 -0.05990748479962349 -0.08584058284759521 -0.12310134619474411 -0.0975479930639267 0.051478058099746704 0.021479932591319084 0.0686442106962204 0.08086486905813217 0.1063854843378067 -0.05160045251250267 -0.09563758969306946 0.13210487365722656 -0.10251584649085999 0.05689213424921036 -0.025252411141991615 0.10733123868703842 0.006487514823675156 -0.02400200441479683 -0.09102743119001389 -0.10051978379487991 -0.11088704317808151 0.11901228129863739 -0.10026030987501144 -0.043913718312978745 0.03626929241231527 0.11665411951658299 0.29626306140041325 0.551790497150029 0.6804207466240988 0.7880783325779271 0.8646721388244504 0.9452093791822808 0.9781035797670289 -0.9804437 -0.83466256 -0.7065158 -0.47734782 -0.35175207 -0.46576816 -0.5719142 -0.7521424 -0.99654853 -1.0224698 -0.7720418 -0.5205381 -0.24407926 -0.016812474 -0.20509453 -0.45848304 -0.71687734 -1.0457233
1 400 0.028412729501724243 -0.001301935059018433 -0.04430387169122696 -0.03720248118042946 0.023270314559340477 -0.1393192857503891 0.13807350397109985 -0.09350930154323578 0.03077109530568123 -0.06027326360344887 0.10096817463636398 0.010967967100441456 -0.17781901359558105 -0.010568727739155293 -0.014214849099516869 -0.12554652988910675 0.056788232177495956 -0.17773368954658508 0.047792691737413406 -0.09954601526260376 0.04601633548736572 0.009849699214100838 0.1411648392677307 0.07929135859012604 -0.0895354375243187 0.14991959929466248 0.009057200513780117 0.09095890074968338 -0.08554832637310028 0.14459311962127686 -0.08012377470731735 0.027231751009821892 -0.05760367587208748 -0.1274065226316452 -0.06367743015289307 0.11154617369174957 -0.13059251010417938 -0.05063033103942871 -0.13452689349651337 0.16345292329788208 0.07227427512407303 0.08398383855819702 -0.14334946870803833 -0.1527715027332306 0.10817433148622513 -0.1711217612028122 -0.12995480000972748 0.11939505487680435 -0.111757792532444 0.003232630668208003 0.01573473960161209 0.0806177631020546 0.08742137998342514 -0.10581234842538834 0.0522083044052124 -0.12357668578624725 -0.0041244057938456535 0.062621109187603 -0.0741996169090271 0.04817946255207062 -0.09968569874763489 -0.09252741187810898 -0.03499921038746834 -0.08872642368078232 -0.018081385642290115 -0.01900087669491768 -0.10729853063821793 -0.10247597098350525 -0.13857436180114746 0.026611242443323135 0.07121466100215912 -0.05990748479962349 -0.08584058284759521 -0.12310134619474411 -0.0975479930639267 0.051478058099746704 0.021479932591319084 0.0686442106962204 0.08086486905813217 0.1063854843378067 -0.05160045251250267 -0.09563758969306946 0.13210487365722656 -0.10251584649085999 0.05689213424921036 -0.025252411141991615 0.10733123868703842 0.006487514823675156 -0.02400200441479683 -0.09102743119001389 -0.10051978379487991 -0.11088704317808151 0.11901228129863739 -0.10026030987501144 -0.043913718312978745 0.0154692382009174 0.06726948415454963 0.21167403148738426 0.28085975694602083 0.4367649682819048 0.6974092413703057 0.800118339875255 0.9223005084585432 0.9641070211962682 -1.0873697 -0.91905475 -0.7379663 -0.74398106 -0.75416315 -0.63845307 -0.70265627 -0.863091 -1.0456271 -1.2059001 -0.9289433 -0.5889648 -0.53601515 -0.19389784 -0.478307 -0.5811609 -0.8222339 -1.073617
2 400 0.028412729501724243 -0.001301935059018433 -0.04430387169122696 -0.03720248118042946 0.023270314559340477 -0.1393192857503891 0.13807350397109985 -0.09350930154323578 0.03077109530568123 -0.06027326360344887 0.10096817463636398 0.010967967100441456 -0.17781901359558105 -0.010568727739155293 -0.014214849099516869 -0.12554652988910675 0.056788232177495956 -0.17773368954658508 0.047792691737413406 -0.09954601526260376 0.04601633548736572 0.009849699214100838 0.1411648392677307 0.07929135859012604 -0.0895354375243187 0.14991959929466248 0.009057200513780117 0.09095890074968338 -0.08554832637310028 0.14459311962127686 -0.08012377470731735 0.027231751009821892 -0.05760367587208748 -0.1274065226316452 -0.06367743015289307 0.11154617369174957 -0.13059251010417938 -0.05063033103942871 -0.13452689349651337 0.16345292329788208 0.07227427512407303 0.08398383855819702 -0.14334946870803833 -0.1527715027332306 0.10817433148622513 -0.1711217612028122 -0.12995480000972748 0.11939505487680435 -0.111757792532444 0.003232630668208003 0.01573473960161209 0.0806177631020546 0.08742137998342514 -0.10581234842538834 0.0522083044052124 -0.12357668578624725 -0.0041244057938456535 0.062621109187603 -0.0741996169090271 0.04817946255207062 -0.09968569874763489 -0.09252741187810898 -0.03499921038746834 -0.08872642368078232 -0.018081385642290115 -0.01900087669491768 -0.10729853063821793 -0.10247597098350525 -0.13857436180114746 0.026611242443323135 0.07121466100215912 -0.05990748479962349 -0.08584058284759521 -0.12310134619474411 -0.0975479930639267 0.051478058099746704 0.021479932591319084 0.0686442106962204 0.08086486905813217 0.1063854843378067 -0.05160045251250267 -0.09563758969306946 0.13210487365722656 -0.10251584649085999 0.05689213424921036 -0.025252411141991615 0.10733123868703842 0.006487514823675156 -0.02400200441479683 -0.09102743119001389 -0.10051978379487991 -0.11088704317808151 0.11901228129863739 -0.10026030987501144 -0.043913718312978745 0.017953257181655576 0.06570458153006076 0.11682053049165289 0.2444549353121441 0.3694368561775314 0.5198648920239927 0.7015913481857435 0.8318800370748842 0.9207945429259942 -1.0346228 -0.8980614 -0.71885204 -0.5534896 -0.41606924 -0.5383162 -0.6266873 -0.74112034 -0.9541676 -1.1212504 -0.8014177 -0.6046044 -0.33773896 -0.091517076 -0.32363954 -0.47260672 -0.6363071 -0.9243145
0 400 0.0315697006881237 -0.0014465946005657315 -0.04922652617096901 -0.04133608937263489 0.025855906307697296 -0.1547992080450058 0.1534150093793869 -0.10389922559261322 0.0341901071369648 -0.06697029620409012 0.11218686401844025 0.012186630629003048 -0.19757668673992157 -0.011743031442165375 -0.01579427719116211 -0.13949614763259888 0.06309803575277328 -0.1974818855524063 0.053102992475032806 -0.11060668528079987 0.051129262894392014 0.010944110341370106 0.15684983134269714 0.08810151368379593 -0.09948382526636124 0.16657733917236328 0.010063556022942066 0.10106544941663742 -0.09505369514226913 0.1606590300798416 -0.08902642130851746 0.03025750257074833 -0.064004085958004 -0.1415628045797348 -0.07075270265340805 0.12394019216299057 -0.14510279893875122 -0.056255925446748734 -0.1494743376970291 0.18161436915397644 0.08030474931001663 0.09331537783145905 -0.15927718579769135 -0.16974611580371857 0.12019370496273041 -0.19013530015945435 -0.14439423382282257 0.13266117870807648 -0.12417532503604889 0.0035918119829148054 0.017483044415712357 0.08957529813051224 0.09713486582040787 -0.11756927520036697 0.058009229600429535 -0.13730743527412415 -0.0045826733112335205 0.06957901269197464 -0.08244401961565018 0.053532738238573074 -0.11076188832521439 -0.10280823707580566 -0.03888801112771034 -0.09858492016792297 -0.020090429112315178 -0.02111208625137806 -0.11922059208154678 -0.11386219412088394 -0.15397152304649353 0.02956804819405079 0.07912740111351013 -0.06656387448310852 -0.09537842869758606 -0.1367792785167694 -0.10838666558265686 0.05719784274697304 0.023866591975092888 0.07627134770154953 0.08984985947608948 0.11820609867572784 -0.05733383819460869 -0.10626398772001266 0.14678320288658142 -0.11390649527311325 0.06321348249912262 -0.028058234602212906 0.11925693601369858 0.0072083501145243645 -0.026668895035982132 -0.10114159435033798 -0.11168865114450455 -0.12320782989263535 0.13223586976528168 -0.11140035092830658 -0.04879302158951759 0.03790371123636885 0.1130532726415492 0.28526421924441747 0.5759073693911628 0.6852839124882021 0.7884396877486312 0.8674879455784874 0.9470904456096815 0.9784746156518799 -0.9769348 -0.83635217 -0.70573413 -0.4919735 -0.36854193 -0.45897907 -0.5723737 -0.74940556 -0.9888841 -1.0170561 -0.7752639 -0.52443224 -0.27111474 -0.041292757 -0.19870824 -0.46032727 -0.7157885 -1.0379896
1 400 0.0315697006881237 -0.0014465946005657315 -0.04922652617096901 -0.04133608937263489 0.025855906307697296 -0.1547992080450058 0.1534150093793869 -0.10389922559261322 0.0341901071369648 -0.06697029620409012 0.11218686401844025 0.012186630629003048 -0.19757668673992157 -0.011743031442165375 -0.01579427719116211 -0.13949614763259888 0.06309803575277328 -0.1974818855524063 0.053102992475032806 -0.11060668528079987 0.051129262894392014 0.010944110341370106 0.15684983134269714 0.08810151368379593 -0.09948382526636124 0.16657733917236328 0.010063556022942066 0.10106544941663742 -0.09505369514226913 0.1606590300798416 -0.08902642130851746 0.03025750257074833 -0.064004085958004 -0.1415628045797348 -0.07075270265340805 0.12394019216299057 -0.14510279893875122 -0.056255925446748734 -0.1494743376970291 0.18161436915397644 0.08030474931001663 0.09331537783145905 -0.15927718579769135 -0.16974611580371857 0.12019370496273041 -0.19013530015945435 -0.14439423382282257 0.13266117870807648 -0.12417532503604889 0.0035918119829148054 0.017483044415712357 0.08957529813051224 0.09713486582040787 -0.11756927520036697 0.058009229600429535 -0.13730743527412415 -0.0045826733112335205 0.06957901269197464 -0.08244401961565018 0.053532738238573074 -0.11076188832521439 -0.10280823707580566 -0.03888801112771034 -0.09858492016792297 -0.020090429112315178 -0.02111208625137806 -0.11922059208154678 -0.11386219412088394 -0.15397152304649353 0.02956804819405079 0.07912740111351013 -0.06656387448310852 -0.09537842869758606 -0.1367792785167694 -0.10838666558265686 0.05719784274697304 0.023866591975092888 0.07627134770154953 0.08984985947608948 0.11820609867572784 -0.05733383819460869 -0.10626398772001266 0.14678320288658142 -0.11390649527311325 0.06321348249912262 -0.028058234602212906 0.11925693601369858 0.0072083501145243645 -0.026668895035982132 -0.10114159435033798 -0.11168865114450455 -0.12320782989263535 0.13223586976528168 -0.11140035092830658 -0.04879302158951759 0.01588651863352814 0.07026271795359405 0.22059350393431607 0.28140856179516255 0.4282773028307088 0.6967458169885308 0.7970765904631444 0.9242614041977507 0.9637482874769356 -1.0850085 -0.9156486 -0.72341245 -0.7465689 -0.7509696 -0.6384359 -0.69916075 -0.85868716 -1.0401542 -1.2025961 -0.92369986 -0.57234573 -0.53230894 -0.18794593 -0.47811627 -0.57616854 -0.8187523 -1.0668521
2 400 0.0315697006881237 -0.0014465946005657315 -0.04922652617096901 -0.04133608937263489 0.025855906307697296 -0.1547992080450058 0.1534150093793869 -0.10389922559261322 0.0341901071369648 -0.06697029620409012 0.11218686401844025 0.012186630629003048 -0.19757668673992157 -0.011743031442165375 -0.01579427719116211 -0.13949614763259888 0.06309803575277328 -0.1974818855524063 0.053102992475032806 -0.11060668528079987 0.051129262894392014 0.010944110341370106 0.15684983134269714 0.08810151368379593 -0.09948382526636124 0.16657733917236328 0.010063556022942066 0.10106544941663742 -0.09505369514226913 0.1606590300798416 -0.08902642130851746 0.03025750257074833 -0.064004085958004 -0.1415628045797348 -0.07075270265340805 0.12394019216299057 -0.14510279893875122 -0.056255925446748734 -0.1494743376970291 0.18161436915397644 0.08030474931001663 0.09331537783145905 -0.15927718579769135 -0.16974611580371857 0.12019370496273041 -0.19013530015945435 -0.14439423382282257 0.13266117870807648 -0.12417532503604889 0.0035918119829148054 0.017483044415712357 0.08957529813051224 0.09713486582040787 -0.11756927520036697 0.058009229600429535 -0.13730743527412415 -0.0045826733112335205 0.06957901269197464 -0.08244401961565018 0.053532738238573074 -0.11076188832521439 -0.10280823707580566 -0.03888801112771034 -0.09858492016792297 -0.020090429112315178 -0.02111208625137806 -0.11922059208154678 -0.11386219412088394 -0.15397152304649353 0.02956804819405079 0.07912740111351013 -0.06656387448310852 -0.09537842869758606 -0.1367792785167694 -0.10838666558265686 0.05719784274697304 0.023866591975092888 0.07627134770154953 0.08984985947608948 0.11820609867572784 -0.05733383819460869 -0.10626398772001266 0.14678320288658142 -0.11390649527311325 0.06321348249912262 -0.028058234602212906 0.11925693601369858 0.0072083501145243645 -0.026668895035982132 -0.10114159435033798 -0.11168865114450455 -0.12320782989263535 0.13223586976528168 -0.11140035092830658 -0.04879302158951759 0.017950079354656083 0.06910423154810202 0.11988634203661098 0.2340056929447432 0.37939296550230084 0.5246103730742542 0.7029772044234073 0.8349746401554227 0.918789006280969 -1.0345669 -0.904018 -0.7167654 -0.56089854 -0.44058353 -0.5386762 -0.624903 -0.7372548 -0.9476684 -1.1212599 -0.7834699 -0.60133547 -0.35101408 -0.089332044 -0.32508433 -0.4698086 -0.63314146 -0.915467
0 400 -0.08793938159942627 -0.004466483369469643 -0.07041781395673752 0.06283022463321686 0.05164108797907829 0.10964448004961014 0.0003017981653101742 -0.09988381713628769 -0.000322859879815951 0.0034330866765230894 0.0956662967801094 -0.08439841866493225 0.0716174766421318 -0.047016095370054245 -0.010956759564578533 0.04225886985659599 0.12362855672836304 0.03996491804718971 -0.13916350901126862 -0.07832653820514679 0.07384579628705978 0.0024891705252230167 0.05654832720756531 -0.2138415277004242 -0.07734853029251099 0.1688094139099121 0.09012611210346222 -0.09738311916589737 -0.07062722742557526 -0.16181150078773499 0.19800713658332825 0.04493977874517441 0.02463480271399021 -0.11645588278770447 0.08380842208862305 -0.09043815732002258 -0.1390887200832367 0.0325794517993927 0.007507089525461197 -0.20194944739341736 0.1510707587003708 0.011853007599711418 -0.03658246248960495 0.05847587436437607 -0.1047307550907135 0.14178572595119476 -0.040755562484264374 -0.08972559124231339 0.006387367378920317 -0.1005120724439621 0.034749746322631836 0.11000677198171616 0.056651148945093155 -0.15307141840457916 -0.01459265686571598 0.025399724021553993 0.03596304729580879 0.15881505608558655 0.03496292233467102 0.038930486887693405 -0.009371811524033546 0.08658985793590546 -0.05193828418850899 0.14126718044281006 -0.14927135407924652 -0.05572950839996338 0.11571622639894485 0.002728434279561043 -0.1635303944349289 0.02592412568628788 -0.14238905906677246 -0.04277082160115242 0.07827960699796677 -0.041331637650728226 0.10537342727184296 -0.17301402986049652 -0.13546699285507202 -0.24767307937145233 0.08219746500253677 0.17552535235881805 -0.13882018625736237 -0.11952103674411774 0.06815676391124725 -0.11497858911752701 -0.09990853071212769 -0.03904471918940544 -0.06369412690401077 0.0970047190785408 -0.07445375621318817 -0.16871660947799683 -0.06338637322187424 -0.07592266798019409 -0.00020882980606984347 -0.18925093114376068 0.17856964468955994 0.03365507629407468 0.13924925589714707 0.30856702121101054 0.5193692003758281 0.6864959851836294 0.7873615110200682 0.8713724466511334 0.9317162855753897 0.9810769084594247 -0.9951 -0.81591535 -0.7138782 -0.4960197 -0.33308685 -0.47033468 -0.5762424 -0.7672785 -1.0354513 -1.0515693 -0.74250066 -0.4827647 -0.27795216 0.01238665 -0.21907538 -0.46465212 -0.7212461 -1.0979323
1 400 -0.08793938159942627 -0.004466483369469643 -0.07041781395673752 0.06283022463321686 0.05164108797907829 0.10964448004961014 0.0003017981653101742 -0.09988381713628769 -0.000322859879815951 0.0034330866765230894 0.0956662967801094 -0.08439841866493225 0.0716174766421318 -0.047016095370054245 -0.010956759564578533 0.04225886985659599 0.12362855672836304 0.03996491804718971 -0.13916350901126862 -0.07832653820514679 0.07384579628705978 0.0024891705252230167 0.05654832720756531 -0.2138415277004242 -0.07734853029251099 0.1688094139099121 0.09012611210346222 -0.09738311916589737 -0.07062722742557526 -0.16181150078773499 0.19800713658332825 0.04493977874517441 0.02463480271399021 -0.11645588278770447 0.08380842208862305 -0.09043815732002258 -0.1390887200832367 0.0325794517993927 0.007507089525461197 -0.20194944739341736 0.1510707587003708 0.011853007599711418 -0.03658246248960495 0.05847587436437607 -0.1047307550907135 0.14178572595119476 -0.040755562484264374 -0.08972559124231339 0.006387367378920317 -0.1005120724439621 0.034749746322631836 0.11000677198171616 0.056651148945093155 -0.15307141840457916 -0.01459265686571598 0.025399724021553993 0.03596304729580879 0.15881505608558655 0.03496292233467102 0.038930486887693405 -0.009371811524033546 0.08658985793590546 -0.05193828418850899 0.14126718044281006 -0.14927135407924652 -0.05572950839996338 0.11571622639894485 0.002728434279561043 -0.1635303944349289 0.02592412568628788 -0.14238905906677246 -0.04277082160115242 0.07827960699796677 -0.041331637650728226 0.10537342727184296 -0.17301402986049652 -0.13546699285507202 -0.24767307937145233 0.08219746500253677 0.17552535235881805 -0.13882018625736237 -0.11952103674411774 0.06815676391124725 -0.11497858911752701 -0.09990853071212769 -0.03904471918940544 -0.06369412690401077 0.0970047190785408 -0.07445375621318817 -0.16871660947799683 -0.06338637322187424 -0.07592266798019409 -0.00020882980606984347 -0.18925093114376068 0.17856964468955994 0.01763398740118115 0.06134092123349436 0.18982889572939476 0.27611238763422147 0.45841259203312834 0.6807675341082887 0.8150877865985106 0.906538891555013 0.9692290002298618 -1.0991116 -0.94412136 -0.8134126 -0.7479583 -0.7472909 -0.64278 -0.7425853 -0.90147454 -1.080644 -1.2149686 -0.9630027 -0.6737925 -0.5255764 -0.22294359 -0.4866877 -0.6316659 -0.8547257 -1.1219832
2 400 -0.08793938159942627 -0.004466483369469643 -0.07041781395673752 0.06283022463321686 0.05164108797907829 0.10964448004961014 0.0003017981653101742 -0.09988381713628769 -0.000322859879815951 0.0034330866765230894 0.0956662967801094 -0.08439841866493225 0.0716174766421318 -0.047016095370054245 -0.010956759564578533 0.04225886985659599 0.12362855672836304 0.03996491804718971 -0.13916350901126862 -0.07832653820514679 0.07384579628705978 0.0024891705252230167 0.05654832720756531 -0.2138415277004242 -0.07734853029251099 0.1688094139099121 0.09012611210346222 -0.09738311916589737 -0.07062722742557526 -0.16181150078773499 0.19800713658332825 0.04493977874517441 0.02463480271399021 -0.11645588278770447 0.08380842208862305 -0.09043815732002258 -0.1390887200832367 0.0325794517993927 0.007507089525461197 -0.20194944739341736 0.1510707587003708 0.011853007599711418 -0.03658246248960495 0.05847587436437607 -0.1047307550907135 0.14178572595119476 -0.040755562484264374 -0.08972559124231339 0.006387367378920317 -0.1005120724439621 0.034749746322631836 0.11000677198171616 0.056651148945093155 -0.15307141840457916 -0.01459265686571598 0.025399724021553993 0.03596304729580879 0.15881505608558655 0.03496292233467102 0.038930486887693405 -0.009371811524033546 0.08658985793590546 -0.05193828418850899 0.14126718044281006 -0.14927135407924652 -0.05572950839996338 0.11571622639894485 0.002728434279561043 -0.1635303944349289 0.02592412568628788 -0.14238905906677246 -0.04277082160115242 0.07827960699796677 -0.041331637650728226 0.10537342727184296 -0.17301402986049652 -0.13546699285507202 -0.24767307937145233 0.08219746500253677 0.17552535235881805 -0.13882018625736237 -0.11952103674411774 0.06815676391124725 -0.11497858911752701 -0.09990853071212769 -0.03904471918940544 -0.06369412690401077 0.0970047190785408 -0.07445375621318817 -0.16871660947799683 -0.06338637322187424 -0.07592266798019409 -0.00020882980606984347 -0.18925093114376068 0.17856964468955994 0.019638706945653815 0.06502221074623593 0.168834167433356 0.22751489615516846 0.36127544071397116 0.4703486517873523 0.7111624295567966 0.8314283398912306 0.9352276117199229 -1.02334 -0.8619554 -0.6614448 -0.55529636 -0.39942506 -0.534564 -0.6168938 -0.7636352 -0.9933501 -1.1018728 -0.8406389 -0.51066357 -0.3410156 -0.07812026 -0.30858043 -0.45815486 -0.6616471 -0.9805335
0 400 -0.07914543896913528 -0.004019835032522678 -0.0633760318160057 0.05654720216989517 0.046476978808641434 0.0986800268292427 0.0002716183371376246 -0.08989543467760086 -0.00029057389474473894 0.0030897778924554586 0.08609966188669205 -0.07595857232809067 0.06445572525262833 -0.04231448471546173 -0.009861083701252937 0.038032982498407364 0.11126569658517838 0.03596842661499977 -0.12524715065956116 -0.07049388438463211 0.06646121293306351 0.0022402533795684576 0.05089349299669266 -0.19245736300945282 -0.06961367279291153 0.15192846953868866 0.08111350238323212 -0.08764480799436569 -0.06356450170278549 -0.145630344748497 0.1782064139842987 0.04044580087065697 0.022171322256326675 -0.10481029003858566 0.0754275768995285 -0.08139433711767197 -0.12517984211444855 0.02932150661945343 0.006756380200386047 -0.18175449967384338 0.13596367835998535 0.010667706839740276 -0.032924216240644455 0.0526282861828804 -0.09425767511129379 0.12760715186595917 -0.03668000549077988 -0.08075302839279175 0.005748630501329899 -0.09046085923910141 0.03127476945519447 0.09900609403848648 0.05098603293299675 -0.13776427507400513 -0.013133390806615353 0.02285975031554699 0.03236674144864082 0.14293354749679565 0.03146662935614586 0.035037435591220856 -0.008434629999101162 0.07793086767196655 -0.046744454652071 0.12714046239852905 -0.134344220161438 -0.05015655606985092 0.10414460301399231 0.002455590758472681 -0.14717735350131989 0.023331712931394577 -0.12815015017986298 -0.03849373757839203 0.07045164704322815 -0.037198472768068314 0.09483607858419418 -0.15571261942386627 -0.12192028760910034 -0.22290576994419098 0.07397771626710892 0.1579728126525879 -0.12493816763162613 -0.10756892710924149 0.06134108453989029 -0.10348072648048401 -0.08991767466068268 -0.03514024615287781 -0.05732471123337746 0.0873042419552803 -0.067008376121521 -0.15184494853019714 -0.05704773589968681 -0.06833039969205856 -0.0001879468181869015 -0.17032583057880402 0.16071267426013947 0.03407933888079408 0.13812185152588558 0.29948201363851057 0.5201045068922803 0.6849815313155565 0.7855131092195634 0.8700996844353944 0.9317329081527107 0.9810227181466236 -0.99424577 -0.8202093 -0.7224857 -0.4932679 -0.33336556 -0.4731603 -0.57612294 -0.7679973 -1.0367362 -1.0494915 -0.7488967 -0.4946906 -0.27236634 0.012186676 -0.22292931 -0.46384376 -0.722075 -1.0992297
1 400 -0.07914543896913528 -0.004019835032522678 -0.0633760318160057 0.05654720216989517 0.046476978808641434 0.0986800268292427 0.0002716183371376246 -0.08989543467760086 -0.00029057389474473894 0.0030897778924554586 0.08609966188669205 -0.07595857232809067 0.06445572525262833 -0.04231448471546173 -0.009861083701252937 0.038032982498407364 0.11126569658517838 0.03596842661499977 -0.12524715065956116 -0.07049388438463211 0.06646121293306351 0.0022402533795684576 0.05089349299669266 -0.19245736300945282 -0.06961367279291153 0.15192846953868866 0.08111350238323212 -0.08764480799436569 -0.06356450170278549 -0.145630344748497 0.1782064139842987 0.04044580087065697 0.022171322256326675 -0.10481029003858566 0.0754275768995285 -0.08139433711767197 -0.12517984211444855 0.02932150661945343 0.006756380200386047 -0.18175449967384338 0.13596367835998535 0.010667706839740276 -0.032924216240644455 0.0526282861828804 -0.09425767511129379 0.12760715186595917 -0.03668000549077988 -0.08075302839279175 0.005748630501329899 -0.09046085923910141 0.03127476945519447 0.09900609403848648 0.05098603293299675 -0.13776427507400513 -0.013133390806615353 0.02285975031554699 0.03236674144864082 0.14293354749679565 0.03146662935614586 0.035037435591220856 -0.008434629999101162 0.07793086767196655 -0.046744454652071 0.12714046239852905 -0.134344220161438 -0.05015655606985092 0.10414460301399231 0.002455590758472681 -0.14717735350131989 0.023331712931394577 -0.12815015017986298 -0.03849373757839203 0.07045164704322815 -0.037198472768068314 0.09483607858419418 -0.15571261942386627 -0.12192028760910034 -0.22290576994419098 0.07397771626710892 0.1579728126525879 -0.12493816763162613 -0.10756892710924149 0.06134108453989029 -0.10348072648048401 -0.08991767466068268 -0.03514024615287781 -0.05732471123337746 0.0873042419552803 -0.067008376121521 -0.15184494853019714 -0.05704773589968681 -0.06833039969205856 -0.0001879468181869015 -0.17032583057880402 0.16071267426013947 0.01878237956808638 0.06204734535013853 0.1864665836445182 0.27563625696006677 0.45958609130746164 0.6739868914712289 0.8140749845746494 0.9064633341294794 0.9690136049553373 -1.0950849 -0.94236827 -0.82066137 -0.74604285 -0.7492203 -0.64384675 -0.7494954 -0.907843 -1.0807817 -1.2059342 -0.9602821 -0.6828798 -0.53282094 -0.22166114 -0.48795843 -0.6391315 -0.86189437 -1.1217469
2 400 -0.07914543896913528 -0.004019835032522678 -0.0633760318160057 0.05654720216989517 0.046476978808641434 0.0986800268292427 0.0002716183371376246 -0.08989543467760086 -0.00029057389474473894 0.0030897778924554586 0.08609966188669205 -0.07595857232809067 0.06445572525262833 -0.04231448471546173 -0.009861083701252937 0.038032982498407364 0.11126569658517838 0.03596842661499977 -0.12524715065956116 -0.07049388438463211 0.06646121293306351 0.0022402533795684576 0.05089349299669266 -0.19245736300945282 -0.06961367279291153 0.15192846953868866 0.08111350238323212 -0.08764480799436569 -0.06356450170278549 -0.145630344748497 0.1782064139842987 0.04044580087065697 0.022171322256326675 -0.10481029003858566 0.0754275768995285 -0.08139433711767197 -0.12517984211444855 0.02932150661945343 0.006756380200386047 -0.18175449967384338 0.13596367835998535 0.010667706839740276 -0.032924216240644455 0.0526282861828804 -0.09425767511129379 0.12760715186595917 -0.03668000549077988 -0.08075302839279175 0.005748630501329899 -0.09046085923910141 0.03127476945519447 0.09900609403848648 0.05098603293299675 -0.13776427507400513 -0.013133390806615353 0.02285975031554699 0.03236674144864082 0.14293354749679565 0.03146662935614586 0.035037435591220856 -0.008434629999101162 0.07793086767196655 -0.046744454652071 0.12714046239852905 -0.134344220161438 -0.05015655606985092 0.10414460301399231 0.002455590758472681 -0.14717735350131989 0.023331712931394577 -0.12815015017986298 -0.03849373757839203 0.07045164704322815 -0.037198472768068314 0.09483607858419418 -0.15571261942386627 -0.12192028760910034 -0.22290576994419098 0.07397771626710892 0.1579728126525879 -0.12493816763162613 -0.10756892710924149 0.06134108453989029 -0.10348072648048401 -0.08991767466068268 -0.03514024615287781 -0.05732471123337746 0.0873042419552803 -0.067008376121521 -0.15184494853019714 -0.05704773589968681 -0.06833039969205856 -0.0001879468181869015 -0.17032583057880402 0.16071267426013947 0.018339164712554736 0.06334582981160679 0.15882901890466056 0.23170006021334305 0.361208704119905 0.46845548442984253 0.7035884751955335 0.8319321363952459 0.9350735247270766 -1.0332227 -0.86590874 -0.6718358 -0.55474156 -0.39930847 -0.5344202 -0.6219266 -0.7638394 -0.994465 -1.1179847 -0.8479068 -0.5276374 -0.34001198 -0.0779261 -0.30800304 -0.46636343 -0.6620747 -0.98165834
0 400 -0.0703515037894249 -0.003573186695575714 -0.056334253400564194 0.050264179706573486 0.041312869638204575 0.08771558851003647 0.00024143853806890547 -0.07990705221891403 -0.0002582879096735269 0.0027464693412184715 0.07653304189443588 -0.06751873344182968 0.057293981313705444 -0.037612877786159515 -0.008765407837927341 0.033807095140218735 0.09890284389257431 0.03197193518280983 -0.11133080720901489 -0.06266123056411743 0.05907663702964783 0.001991336466744542 0.045238662511110306 -0.17107322812080383 -0.06187882646918297 0.1350475400686264 0.07210089266300201 -0.07790649682283401 -0.056501783430576324 -0.12944920361042023 0.15840570628643036 0.035951822996139526 0.01970784179866314 -0.09316470474004745 0.06704673916101456 -0.07235052436590195 -0.1112709790468216 0.02606356143951416 0.0060056718066334724 -0.1615595668554306 0.12085660547018051 0.009482406079769135 -0.02926596999168396 0.046780701726675034 -0.08378460258245468 0.11342858523130417 -0.03260445222258568 -0.07178047299385071 0.005109894089400768 -0.08040966093540192 0.02779979817569256 0.0880054160952568 0.04532092064619064 -0.12245713919401169 -0.0116741256788373 0.020319780334830284 0.028770437464118004 0.12705205380916595 0.027970338240265846 0.031144389882683754 -0.007497449405491352 0.06927188485860825 -0.04155062884092331 0.11301374435424805 -0.11941708624362946 -0.04458360746502876 0.09257297962903976 0.002182747470214963 -0.13082431256771088 0.020739300176501274 -0.11391124874353409 -0.034216657280921936 0.06262368708848953 -0.0330653116106987 0.0842987447977066 -0.13841122388839722 -0.10837359726428986 -0.19813846051692963 0.06575797498226166 0.14042028784751892 -0.11105614900588989 -0.09561683237552643 0.05452541261911392 -0.0919828712940216 -0.07992682605981827 -0.031235774978995323 -0.05095530301332474 0.077603779733181 -0.059563007205724716 -0.13497328758239746 -0.05070909857749939 -0.06073813512921333 -0.00016706384485587478 -0.15140074491500854 0.1428557187318802 0.03454729357964411 0.13827662710188976 0.29586115030716825 0.520880465107326 0.6835035942345989 0.7837742460246755 0.8689335136004899 0.931777572139615 0.9809353016484393 -0.9931562 -0.82232976 -0.72634125 -0.49048948 -0.33364522 -0.47470412 -0.5760189 -0.76874447 -1.037747 -1.0470338 -0.7517737 -0.49966937 -0.266828 0.011977106 -0.22461218 -0.46311146 -0.72296005 -1.1001198
1 400 -0.0703515037894249 -0.003573186695575714 -0.056334253400564194 0.050264179706573486 0.041312869638204575 0.08771558851003647 0.00024143853806890547 -0.07990705221891403 -0.0002582879096735269 0.0027464693412184715 0.07653304189443588 -0.06751873344182968 0.057293981313705444 -0.037612877786159515 -0.008765407837927341 0.033807095140218735 0.09890284389257431 0.03197193518280983 -0.11133080720901489 -0.06266123056411743 0.05907663702964783 0.001991336466744542 0.045238662511110306 -0.17107322812080383 -0.06187882646918297 0.1350475400686264 0.07210089266300201 -0.07790649682283401 -0.056501783430576324 -0.12944920361042023 0.15840570628643036 0.035951822996139526 0.01970784179866314 -0.09316470474004745 0.06704673916101456 -0.07235052436590195 -0.1112709790468216 0.02606356143951416 0.0060056718066334724 -0.1615595668554306 0.12085660547018051 0.009482406079769135 -0.02926596999168396 0.046780701726675034 -0.08378460258245468 0.11342858523130417 -0.03260445222258568 -0.07178047299385071 0.005109894089400768 -0.08040966093540192 0.02779979817569256 0.0880054160952568 0.04532092064619064 -0.12245713919401169 -0.0116741256788373 0.020319780334830284 0.028770437464118004 0.12705205380916595 0.027970338240265846 0.031144389882683754 -0.007497449405491352 0.06927188485860825 -0.04155062884092331 0.11301374435424805 -0.11941708624362946 -0.04458360746502876 0.09257297962903976 0.002182747470214963 -0.13082431256771088 0.020739300176501274 -0.11391124874353409 -0.034216657280921936 0.06262368708848953 -0.0330653116106987 0.0842987447977066 -0.13841122388839722 -0.10837359726428986 -0.19813846051692963 0.06575797498226166 0.14042028784751892 -0.11105614900588989 -0.09561683237552643 0.05452541261911392 -0.0919828712940216 -0.07992682605981827 -0.031235774978995323 -0.05095530301332474 0.077603779733181 -0.059563007205724716 -0.13497328758239746 -0.05070909857749939 -0.06073813512921333 -0.00016706384485587478 -0.15140074491500854 0.1428557187318802 0.0198683708305783 0.06199181921007632 0.18571890589471768 0.2791613997684872 0.4603775030457736 0.66678895808999 0.8134596677421018 0.9068101534593734 0.9688140676320468 -1.0913758 -0.94154125 -0.82427907 -0.74308574 -0.75063896 -0.64517444 -0.75651234 -0.9144341 -1.0806116 -1.1974419 -0.959033 -0.685727 -0.53473353 -0.22069114 -0.4898177 -0.6468624 -0.8695873 -1.1211929
2 400 -0.0703515037894249 -0.003573186695575714 -0.056334253400564194 0.050264179706573486 0.041312869638204575 0.08771558851003647 0.00024143853806890547 -0.07990705221891403 -0.0002582879096735269 0.0027464693412184715 0.07653304189443588 -0.06751873344182968 0.057293981313705444 -0.037612877786159515 -0.008765407837927341 0.033807095140218735 0.09890284389257431 0.03197193518280983 -0.11133080720901489 -0.06266123056411743 0.05907663702964783 0.001991336466744542 0.045238662511110306 -0.17107322812080383 -0.06187882646918297 0.1350475400686264 0.07210089266300201 -0.07790649682283401 -0.056501783430576324 -0.12944920361042023 0.15840570628643036 0.035951822996139526 0.01970784179866314 -0.09316470474004745 0.06704673916101456 -0.07235052436590195 -0.1112709790468216 0.02606356143951416 0.0060056718066334724 -0.1615595668554306 0.12085660547018051 0.009482406079769135 -0.02926596999168396 0.046780701726675034 -0.08378460258245468 0.11342858523130417 -0.03260445222258568 -0.07178047299385071 0.005109894089400768 -0.08040966093540192 0.02779979817569256 0.0880054160952568 0.04532092064619064 -0.12245713919401169 -0.0116741256788373 0.020319780334830284 0.028770437464118004 0.12705205380916595 0.027970338240265846 0.031144389882683754 -0.007497449405491352 0.06927188485860825 -0.04155062884092331 0.11301374435424805 -0.11941708624362946 -0.04458360746502876 0.09257297962903976 0.002182747470214963 -0.13082431256771088 0.020739300176501274 -0.11391124874353409 -0.034216657280921936 0.06262368708848953 -0.0330653116106987 0.0842987447977066 -0.13841122388839722 -0.10837359726428986 -0.19813846051692963 0.06575797498226166 0.14042028784751892 -0.11105614900588989 -0.09561683237552643 0.05452541261911392 -0.0919828712940216 -0.07992682605981827 -0.031235774978995323 -0.05095530301332474 0.077603779733181 -0.059563007205724716 -0.13497328758239746 -0.05070909857749939 -0.06073813512921333 -0.00016706384485587478 -0.15140074491500854 0.1428557187318802 0.017120105694500183 0.0618742435927772 0.14928045557918576 0.23622967813082313 0.3610962411004493 0.46651397616390916 0.6959256127028246 0.8322767109569142 0.9348541870941661 -1.0431396 -0.8699995 -0.68225986 -0.5541489 -0.39911205 -0.53427255 -0.62695646 -0.7641093 -0.9952892 -1.134152 -0.8552486 -0.54466534 -0.3389399 -0.077598944 -0.3074106 -0.4745748 -0.66251504 -0.9823959
0 400 -0.06155756488442421 -0.00312653835862875 -0.049292467534542084 0.0439811572432518 0.036148760467767715 0.07675113528966904 0.00021125870989635587 -0.0699186697602272 -0.0002260019100503996 0.0024031605571508408 0.06696640700101852 -0.0590788908302784 0.050132233649492264 -0.032911267131567 -0.007669731508940458 0.029581207782030106 0.08653999119997025 0.02797544188797474 -0.09741445630788803 -0.05482857674360275 0.05169205740094185 0.001742419321089983 0.039583828300237656 -0.14968906342983246 -0.05414396896958351 0.11816658824682236 0.06308827549219131 -0.06816818565130234 -0.04943905770778656 -0.11326804757118225 0.138604998588562 0.031457845121622086 0.017244361340999603 -0.08151911944150925 0.05866589397192001 -0.06330671161413193 -0.09736210107803345 0.02280561625957489 0.005254962481558323 -0.14136460423469543 0.10574953258037567 0.008297105319797993 -0.025607723742723465 0.04093310981988907 -0.07331153005361557 0.09925000369548798 -0.028528893366456032 -0.06280791014432907 0.00447115721181035 -0.07035844773054123 0.024324821308255196 0.07700473815202713 0.03965580463409424 -0.10714998841285706 -0.010214859619736671 0.01777980662882328 0.025174133479595184 0.11117053776979446 0.024474045261740685 0.027251340448856354 -0.006560267880558968 0.06061289831995964 -0.03635679930448532 0.09888702630996704 -0.10448994487524033 -0.039010655134916306 0.08100135624408722 0.0019099039491266012 -0.11447127163410187 0.01814688742160797 -0.0996723398566246 -0.029939575120806694 0.05479572340846062 -0.028932146728038788 0.07376139611005783 -0.12110982090234756 -0.09482689201831818 -0.17337115108966827 0.0575382262468338 0.12286774814128876 -0.09717413038015366 -0.08366472274065018 0.04770973324775696 -0.08048500865697861 -0.06993597000837326 -0.02733130380511284 -0.04458588734269142 0.0679033026099205 -0.05211762711405754 -0.11810162663459778 -0.044370461255311966 -0.053145866841077805 -0.00014618085697293282 -0.13247564435005188 0.12499874830245972 0.03499562694835754 0.13950240961803723 0.2972507433033248 0.5215730492868839 0.6833833209895916 0.7821061343099068 0.8680702910570858 0.9318289038196329 0.9808360236199427 -0.9921956 -0.82254285 -0.7258896 -0.487844 -0.33433992 -0.47619623 -0.5758625 -0.7694398 -1.0386245 -1.0447855 -0.7515824 -0.49832273 -0.26153654 0.010762453 -0.22621429 -0.46253017 -0.7237921 -1.1008255
1 400 -0.06155756488442421 -0.00312653835862875 -0.049292467534542084 0.0439811572432518 0.036148760467767715 0.07675113528966904 0.00021125870989635587 -0.0699186697602272 -0.0002260019100503996 0.0024031605571508408 0.06696640700101852 -0.0590788908302784 0.050132233649492264 -0.032911267131567 -0.007669731508940458 0.029581207782030106 0.08653999119997025 0.02797544188797474 -0.09741445630788803 -0.05482857674360275 0.05169205740094185 0.001742419321089983 0.039583828300237656 -0.14968906342983246 -0.05414396896958351 0.11816658824682236 0.06308827549219131 -0.06816818565130234 -0.04943905770778656 -0.11326804757118225 0.138604998588562 0.031457845121622086 0.017244361340999603 -0.08151911944150925 0.05866589397192001 -0.06330671161413193 -0.09736210107803345 0.02280561625957489 0.005254962481558323 -0.14136460423469543 0.10574953258037567 0.008297105319797993 -0.025607723742723465 0.04093310981988907 -0.07331153005361557 0.09925000369548798 -0.028528893366456032 -0.06280791014432907 0.00447115721181035 -0.07035844773054123 0.024324821308255196 0.07700473815202713 0.03965580463409424 -0.10714998841285706 -0.010214859619736671 0.01777980662882328 0.025174133479595184 0.11117053776979446 0.024474045261740685 0.027251340448856354 -0.006560267880558968 0.06061289831995964 -0.03635679930448532 0.09888702630996704 -0.10448994487524033 -0.039010655134916306 0.08100135624408722 0.0019099039491266012 -0.11447127163410187 0.01814688742160797 -0.0996723398566246 -0.029939575120806694 0.05479572340846062 -0.028932146728038788 0.07376139611005783 -0.12110982090234756 -0.09482689201831818 -0.17337115108966827 0.0575382262468338 0.12286774814128876 -0.09717413038015366 -0.08366472274065018 0.04770973324775696 -0.08048500865697861 -0.06993597000837326 -0.02733130380511284 -0.04458588734269142 0.0679033026099205 -0.05211762711405754 -0.11810162663459778 -0.044370461255311966 -0.053145866841077805 -0.00014618085697293282 -0.13247564435005188 0.12499874830245972 0.020860429036790317 0.06235601101977128 0.1802386626968333 0.28269546563456827 0.46032626908839563 0.6595105368198062 0.8136241222552345 0.9069302271332427 0.9686108866843521 -1.0881214 -0.94074166 -0.8317729 -0.7401338 -0.7512269 -0.6465034 -0.76372385 -0.92155427 -1.0802853 -1.1897318 -0.9575305 -0.69557846 -0.5366447 -0.22014609 -0.4916787 -0.65509427 -0.8777342 -1.1204576
2 400 -0.06155756488442421 -0.00312653835862875 -0.049292467534542084 0.0439811572432518 0.036148760467767715 0.07675113528966904 0.00021125870989635587 -0.0699186697602272 -0.0002260019100503996 0.0024031605571508408 0.06696640700101852 -0.0590788908302784 0.050132233649492264 -0.032911267131567 -0.007669731508940458 0.029581207782030106 0.08653999119997025 0.02797544188797474 -0.09741445630788803 -0.05482857674360275 0.05169205740094185 0.001742419321089983 0.039583828300237656 -0.14968906342983246 -0.05414396896958351 0.11816658824682236 0.06308827549219131 -0.06816818565130234 -0.04943905770778656 -0.11326804757118225 0.138604998588562 0.031457845121622086 0.017244361340999603 -0.08151911944150925 0.05866589397192001 -0.06330671161413193 -0.09736210107803345 0.02280561625957489 0.005254962481558323 -0.14136460423469543 0.10574953258037567 0.008297105319797993 -0.025607723742723465 0.04093310981988907 -0.07331153005361557 0.09925000369548798 -0.028528893366456032 -0.06280791014432907 0.00447115721181035 -0.07035844773054123 0.024324821308255196 0.07700473815202713 0.03965580463409424 -0.10714998841285706 -0.010214859619736671 0.01777980662882328 0.025174133479595184 0.11117053776979446 0.024474045261740685 0.027251340448856354 -0.006560267880558968 0.06061289831995964 -0.03635679930448532 0.09888702630996704 -0.10448994487524033 -0.039010655134916306 0.08100135624408722 0.0019099039491266012 -0.11447127163410187 0.01814688742160797 -0.0996723398566246 -0.029939575120806694 0.05479572340846062 -0.028932146728038788 0.07376139611005783 -0.12110982090234756 -0.09482689201831818 -0.17337115108966827 0.0575382262468338 0.12286774814128876 -0.09717413038015366 -0.08366472274065018 0.04770973324775696 -0.08048500865697861 -0.06993597000837326 -0.02733130380511284 -0.04458588734269142 0.0679033026099205 -0.05211762711405754 -0.11810162663459778 -0.044370461255311966 -0.053145866841077805 -0.00014618085697293282 -0.13247564435005188 0.12499874830245972 0.01657998684322791 0.06120198881249198 0.14023236363140323 0.2387444205932363 0.36014450931699044 0.4705590922839287 0.688167258463611 0.8323968637742046 0.9346618262871438 -1.0476995 -0.87227607 -0.692657 -0.55382323 -0.39744857 -0.53494626 -0.6319847 -0.7648989 -0.99625814 -1.1415931 -0.8592763 -0.56164974 -0.33835086 -0.07482858 -0.30816832 -0.48278642 -0.6634568 -0.9833219
0 400 -0.05276362970471382 -0.0026798900216817856 -0.04225068911910057 0.037698134779930115 0.030984653159976006 0.0657866895198822 0.00018107891082763672 -0.05993029102683067 -0.00019371593953110278 0.0020598520059138536 0.05739977955818176 -0.05063905194401741 0.04297048598527908 -0.028209658339619637 -0.00657405611127615 0.025355322286486626 0.07417713850736618 0.023978952318429947 -0.08349810540676117 -0.04699592664837837 0.04430747777223587 0.0014935024082660675 0.033928997814655304 -0.12830492854118347 -0.04640911892056465 0.1012856513261795 0.05407566949725151 -0.05842987447977066 -0.04237633943557739 -0.09708690643310547 0.11880428344011307 0.026963869109749794 0.014780881814658642 -0.06987353414297104 0.05028505623340607 -0.05426289513707161 -0.0834532380104065 0.01954767107963562 0.004504254087805748 -0.12116967141628265 0.09064245969057083 0.007111805025488138 -0.02194947749376297 0.0350855253636837 -0.06283845752477646 0.08507143706083298 -0.024453338235616684 -0.05383535847067833 0.003832420567050576 -0.06030724570155144 0.02084984816610813 0.06600406765937805 0.03399069234728813 -0.09184285253286362 -0.008755594491958618 0.015239834785461426 0.021577829495072365 0.09528903663158417 0.020977754145860672 0.023358292877674103 -0.005623087286949158 0.051953915506601334 -0.031162971630692482 0.08476030826568604 -0.08956281840801239 -0.03343770653009415 0.06942974030971527 0.0016370606608688831 -0.09811823815107346 0.015554475598037243 -0.08543343842029572 -0.0256624948233366 0.0469677671790123 -0.024798983708024025 0.06322406232357025 -0.10380842536687851 -0.08128020167350769 -0.14860385656356812 0.04931848123669624 0.10531521588563919 -0.08329211175441742 -0.07171262800693512 0.04089406132698059 -0.0689871534705162 -0.05994512140750885 -0.023426832631230354 -0.0382164791226387 0.0582028329372406 -0.04467225447297096 -0.10122997313737869 -0.03803182393312454 -0.045553602278232574 -0.00012529788364190608 -0.113550566136837 0.10714179277420044 0.03544955500087493 0.14079908734966573 0.2986525366928288 0.5198560323779657 0.6832685718972693 0.7804240517669816 0.867070359719356 0.9318287162077326 0.9807609274629686 -0.99123514 -0.82276464 -0.72543174 -0.48920542 -0.33502436 -0.47769457 -0.5756213 -0.7701105 -1.0396159 -1.0425375 -0.75138307 -0.49697664 -0.26363423 0.009565085 -0.22782058 -0.46182808 -0.724552 -1.1017318
1 400 -0.05276362970471382 -0.0026798900216817856 -0.04225068911910057 0.037698134779930115 0.030984653159976006 0.0657866895198822 0.00018107891082763672 -0.05993029102683067 -0.00019371593953110278 0.0020598520059138536 0.05739977955818176 -0.05063905194401741 0.04297048598527908 -0.028209658339619637 -0.00657405611127615 0.025355322286486626 0.07417713850736618 0.023978952318429947 -0.08349810540676117 -0.04699592664837837 0.04430747777223587 0.0014935024082660675 0.033928997814655304 -0.12830492854118347 -0.04640911892056465 0.1012856513261795 0.05407566949725151 -0.05842987447977066 -0.04237633943557739 -0.09708690643310547 0.11880428344011307 0.026963869109749794 0.014780881814658642 -0.06987353414297104 0.05028505623340607 -0.05426289513707161 -0.0834532380104065 0.01954767107963562 0.004504254087805748 -0.12116967141628265 0.09064245969057083 0.007111805025488138 -0.02194947749376297 0.0350855253636837 -0.06283845752477646 0.08507143706083298 -0.024453338235616684 -0.05383535847067833 0.003832420567050576 -0.06030724570155144 0.02084984816610813 0.06600406765937805 0.03399069234728813 -0.09184285253286362 -0.008755594491958618 0.015239834785461426 0.021577829495072365 0.09528903663158417 0.020977754145860672 0.023358292877674103 -0.005623087286949158 0.051953915506601334 -0.031162971630692482 0.08476030826568604 -0.08956281840801239 -0.03343770653009415 0.06942974030971527 0.0016370606608688831 -0.09811823815107346 0.015554475598037243 -0.08543343842029572 -0.0256624948233366 0.0469677671790123 -0.024798983708024025 0.06322406232357025 -0.10380842536687851 -0.08128020167350769 -0.14860385656356812 0.04931848123669624 0.10531521588563919 -0.08329211175441742 -0.07171262800693512 0.04089406132698059 -0.0689871534705162 -0.05994512140750885 -0.023426832631230354 -0.0382164791226387 0.0582028329372406 -0.04467225447297096 -0.10122997313737869 -0.03803182393312454 -0.045553602278232574 -0.00012529788364190608 -0.113550566136837 0.10714179277420044 0.021874650834113753 0.06277590434902813 0.17448635298618362 0.2862678254326911 0.4602750212782208 0.6521403373011269 0.8138264801863672 0.9068548250439192 0.9684168045859027 -1.085058 -0.9397646 -0.83967686 -0.7371754 -0.7518149 -0.6478395 -0.7709847 -0.92824996 -1.0801562 -1.1823101 -0.9557396 -0.7061081 -0.53856176 -0.21960106 -0.49354953 -0.66339564 -0.8852736 -1.1199645
2 400 -0.05276362970471382 -0.0026798900216817856 -0.04225068911910057 0.037698134779930115 0.030984653159976006 0.0657866895198822 0.00018107891082763672 -0.05993029102683067 -0.00019371593953110278 0.0020598520059138536 0.05739977955818176 -0.05063905194401741 0.04297048598527908 -0.028209658339619637 -0.00657405611127615 0.025355322286486626 0.07417713850736618 0.023978952318429947 -0.08349810540676117 -0.04699592664837837 0.04430747777223587 0.0014935024082660675 0.033928997814655304 -0.12830492854118347 -0.04640911892056465 0.1012856513261795 0.05407566949725151 -0.05842987447977066 -0.04237633943557739 -0.09708690643310547 0.11880428344011307 0.026963869109749794 0.014780881814658642 -0.06987353414297104 0.05028505623340607 -0.05426289513707161 -0.0834532380104065 0.01954767107963562 0.004504254087805748 -0.12116967141628265 0.09064245969057083 0.007111805025488138 -0.02194947749376297 0.0350855253636837 -0.06283845752477646 0.08507143706083298 -0.024453338235616684 -0.05383535847067833 0.003832420567050576 -0.06030724570155144 0.02084984816610813 0.06600406765937805 0.03399069234728813 -0.09184285253286362 -0.008755594491958618 0.015239834785461426 0.021577829495072365 0.09528903663158417 0.020977754145860672 0.023358292877674103 -0.005623087286949158 0.051953915506601334 -0.031162971630692482 0.08476030826568604 -0.08956281840801239 -0.03343770653009415 0.06942974030971527 0.0016370606608688831 -0.09811823815107346 0.015554475598037243 -0.08543343842029572 -0.0256624948233366 0.0469677671790123 -0.024798983708024025 0.06322406232357025 -0.10380842536687851 -0.08128020167350769 -0.14860385656356812 0.04931848123669624 0.10531521588563919 -0.08329211175441742 -0.07171262800693512 0.04089406132698059 -0.0689871534705162 -0.05994512140750885 -0.023426832631230354 -0.0382164791226387 0.0582028329372406 -0.04467225447297096 -0.10122997313737869 -0.03803182393312454 -0.045553602278232574 -0.00012529788364190608 -0.113550566136837 0.10714179277420044 0.016766549791684522 0.06136743301046513 0.13159117653813415 0.23974801417691766 0.35922811464558685 0.47523657565310834 0.6833412492695528 0.8324480572025417 0.9345156035450337 -1.0459623 -0.871394 -0.703111 -0.55369395 -0.39584503 -0.53573066 -0.6343525 -0.7656244 -0.9966206 -1.1387768 -0.85790014 -0.5787276 -0.33811694 -0.07215802 -0.30903563 -0.48634833 -0.664299 -0.9836024
0 400 -0.043969690799713135 -0.0022332416847348213 -0.03520890697836876 0.03141511231660843 0.025820543989539146 0.05482224002480507 0.0001508990826550871 -0.049941908568143845 -0.0001614299399079755 0.0017165433382615447 0.0478331483900547 -0.042199209332466125 0.0358087383210659 -0.023508047685027122 -0.005478379782289267 0.021129434928297997 0.06181427836418152 0.019982459023594856 -0.06958175450563431 -0.039163269102573395 0.03692289814352989 0.0012445852626115084 0.028274163603782654 -0.1069207638502121 -0.03867426514625549 0.08440470695495605 0.04506305605173111 -0.048691559582948685 -0.03531361371278763 -0.08090575039386749 0.09900356829166412 0.022469889372587204 0.012317401356995106 -0.058227941393852234 0.04190421104431152 -0.04521907866001129 -0.06954436004161835 0.01628972589969635 0.0037535447627305984 -0.10097472369670868 0.0755353793501854 0.005926503799855709 -0.018291231244802475 0.029237937182188034 -0.05236537754535675 0.07089286297559738 -0.020377781242132187 -0.04486279562115669 0.0031936836894601583 -0.05025603622198105 0.017374873161315918 0.05500338599085808 0.028325574472546577 -0.07653570920228958 -0.00729632843285799 0.012699862010776997 0.017981523647904396 0.07940752804279327 0.01748146116733551 0.019465243443846703 -0.004685905762016773 0.04329492896795273 -0.025969142094254494 0.07063359022140503 -0.07463567703962326 -0.02786475419998169 0.05785811319947243 0.0013642171397805214 -0.08176519721746445 0.01296206284314394 -0.07119452953338623 -0.02138541080057621 0.03913980349898338 -0.020665818825364113 0.05268671363592148 -0.08650701493024826 -0.06773349642753601 -0.12383653968572617 0.04109873250126839 0.08776267617940903 -0.06941009312868118 -0.05976051837205887 0.03407838195562363 -0.057489294558763504 -0.04995426535606384 -0.01952235959470272 -0.031847063452005386 0.0485023595392704 -0.037226878106594086 -0.08435830473899841 -0.03169318661093712 -0.037961333990097046 -0.00010441490303492174 -0.09462546557188034 0.08928482234477997 0.03592177711832512 0.14207493086289463 0.3000496684276555 0.5189080906432336 0.6831538196080986 0.7786567534051523 0.8659850874869437 0.9316801124987725 0.9806661970331989 -0.9902494 -0.8229419 -0.72498006 -0.49077433 -0.33570874 -0.47923684 -0.5753644 -0.7702913 -1.040618 -1.0402482 -0.7511313 -0.49563003 -0.26630133 0.008367687 -0.22950241 -0.46107283 -0.7246295 -1.1025945
1 400 -0.043969690799713135 -0.0022332416847348213 -0.03520890697836876 0.03141511231660843 0.025820543989539146 0.05482224002480507 0.0001508990826550871 -0.049941908568143845 -0.0001614299399079755 0.0017165433382615447 0.0478331483900547 -0.042199209332466125 0.0358087383210659 -0.023508047685027122 -0.005478379782289267 0.021129434928297997 0.06181427836418152 0.019982459023594856 -0.06958175450563431 -0.039163269102573395 0.03692289814352989 0.0012445852626115084 0.028274163603782654 -0.1069207638502121 -0.03867426514625549 0.08440470695495605 0.04506305605173111 -0.048691559582948685 -0.03531361371278763 -0.08090575039386749 0.09900356829166412 0.022469889372587204 0.012317401356995106 -0.058227941393852234 0.04190421104431152 -0.04521907866001129 -0.06954436004161835 0.01628972589969635 0.0037535447627305984 -0.10097472369670868 0.0755353793501854 0.005926503799855709 -0.018291231244802475 0.029237937182188034 -0.05236537754535675 0.07089286297559738 -0.020377781242132187 -0.04486279562115669 0.0031936836894601583 -0.05025603622198105 0.017374873161315918 0.05500338599085808 0.028325574472546577 -0.07653570920228958 -0.00729632843285799 0.012699862010776997 0.017981523647904396 0.07940752804279327 0.01748146116733551 0.019465243443846703 -0.004685905762016773 0.04329492896795273 -0.025969142094254494 0.07063359022140503 -0.07463567703962326 -0.02786475419998169 0.05785811319947243 0.0013642171397805214 -0.08176519721746445 0.01296206284314394 -0.07119452953338623 -0.02138541080057621 0.03913980349898338 -0.020665818825364113 0.05268671363592148 -0.08650701493024826 -0.06773349642753601 -0.12383653968572617 0.04109873250126839 0.08776267617940903 -0.06941009312868118 -0.05976051837205887 0.03407838195562363 -0.057489294558763504 -0.04995426535606384 -0.01952235959470272 -0.031847063452005386 0.0485023595392704 -0.037226878106594086 -0.08435830473899841 -0.03169318661093712 -0.037961333990097046 -0.00010441490303492174 -0.09462546557188034 0.08928482234477997 0.022959313483735824 0.06313749343833128 0.1689010813154258 0.28993683789074004 0.46023110727210653 0.6455835947457245 0.8139902932046065 0.9066088642733638 0.9682080769635584 -1.0818133 -0.9389311 -0.84753996 -0.7341242 -0.75231886 -0.64815104 -0.77822584 -0.9346615 -1.0798693 -1.174613 -0.9541905 -0.71658397 -0.54044867 -0.21913387 -0.49444216 -0.6716609 -0.8923812 -1.1192685
2 400 -0.043969690799713135 -0.0022332416847348213 -0.03520890697836876 0.03141511231660843 0.025820543989539146 0.05482224002480507 0.0001508990826550871 -0.049941908568143845 -0.0001614299399079755 0.0017165433382615447 0.0478331483900547 -0.042199209332466125 0.0358087383210659 -0.023508047685027122 -0.005478379782289267 0.021129434928297997 0.06181427836418152 0.019982459023594856 -0.06958175450563431 -0.039163269102573395 0.03692289814352989 0.0012445852626115084 0.028274163603782654 -0.1069207638502121 -0.03867426514625549 0.08440470695495605 0.04506305605173111 -0.048691559582948685 -0.03531361371278763 -0.08090575039386749 0.09900356829166412 0.022469889372587204 0.012317401356995106 -0.058227941393852234 0.04190421104431152 -0.04521907866001129 -0.06954436004161835 0.01628972589969635 0.0037535447627305984 -0.10097472369670868 0.0755353793501854 0.005926503799855709 -0.018291231244802475 0.029237937182188034 -0.05236537754535675 0.07089286297559738 -0.020377781242132187 -0.04486279562115669 0.0031936836894601583 -0.05025603622198105 0.017374873161315918 0.05500338599085808 0.028325574472546577 -0.07653570920228958 -0.00729632843285799 0.012699862010776997 0.017981523647904396 0.07940752804279327 0.01748146116733551 0.019465243443846703 -0.004685905762016773 0.04329492896795273 -0.025969142094254494 0.07063359022140503 -0.07463567703962326 -0.02786475419998169 0.05785811319947243 0.0013642171397805214 -0.08176519721746445 0.01296206284314394 -0.07119452953338623 -0.02138541080057621 0.03913980349898338 -0.020665818825364113 0.05268671363592148 -0.08650701493024826 -0.06773349642753601 -0.12383653968572617 0.04109873250126839 0.08776267617940903 -0.06941009312868118 -0.05976051837205887 0.03407838195562363 -0.057489294558763504 -0.04995426535606384 -0.01952235959470272 -0.031847063452005386 0.0485023595392704 -0.037226878106594086 -0.08435830473899841 -0.03169318661093712 -0.037961333990097046 -0.00010441490303492174 -0.09462546557188034 0.08928482234477997 0.016965225442686676 0.06153726252798466 0.1234158876934442 0.23983560158062736 0.35920865577017586 0.4799168936638341 0.6817059095912841 0.8325393185475272 0.9342574420238616 -1.0441308 -0.87052906 -0.71356976 -0.5536827 -0.3958109 -0.5365148 -0.6339241 -0.7664023 -0.9967952 -1.1358101 -0.85654676 -0.59581065 -0.33809656 -0.07210122 -0.30990258 -0.48502973 -0.66521627 -0.9835707
0 400 -0.03517575189471245 -0.001786593347787857 -0.028167126700282097 0.025132089853286743 0.020656434819102287 0.043857794255018234 0.00012071926903445274 -0.039953526109457016 -0.00012914395483676344 0.0013732346706092358 0.03826652094721794 -0.03375936672091484 0.028646990656852722 -0.018806438893079758 -0.004382703918963671 0.016903547570109367 0.049451421946287155 0.015985967591404915 -0.055665403604507446 -0.031330615282058716 0.029538318514823914 0.000995668233372271 0.022619331255555153 -0.08553661406040192 -0.030939413234591484 0.0675237700343132 0.03605044633150101 -0.03895324841141701 -0.028250891715288162 -0.06472460180521011 0.07920285314321518 0.017975911498069763 0.00985392089933157 -0.04658235237002373 0.03352336958050728 -0.036175262182950974 -0.0556354895234108 0.01303178071975708 0.0030028359033167362 -0.0807797834277153 0.060428302735090256 0.004741203039884567 -0.01463298499584198 0.023390350863337517 -0.04189230129122734 0.056714292615652084 -0.01630222611129284 -0.035890236496925354 0.002554947044700384 -0.04020483046770096 0.01389989908784628 0.0440027080476284 0.02266046032309532 -0.061228569597005844 -0.00583706283941865 0.010159890167415142 0.014385218732059002 0.06352602690458298 0.013985169120132923 0.015572194941341877 -0.003748724702745676 0.03463594242930412 -0.020775314420461655 0.05650687217712402 -0.05970854312181473 -0.02229180373251438 0.04628648981451988 0.0010913737351074815 -0.06541215628385544 0.010369650088250637 -0.056955624371767044 -0.017108328640460968 0.031311843544244766 -0.01653265580534935 0.0421493723988533 -0.06920561194419861 -0.05418679863214493 -0.09906923025846481 0.03287898749113083 0.07021014392375946 -0.055528074502944946 -0.047808416187763214 0.02726270630955696 -0.0459914356470108 -0.039963413029909134 -0.015617887489497662 -0.02547765150666237 0.0388018898665905 -0.029781503602862358 -0.06748664379119873 -0.025354549288749695 -0.030369067564606667 -8.353192242793739e-05 -0.07570037245750427 0.0714278593659401 0.03638727888826025 0.14335990620006137 0.30145050863391154 0.5179600177185305 0.6830334886678134 0.7769598277993546 0.8662748024573448 0.93149200346522 0.9805771641045726 -0.98928887 -0.8231995 -0.72452843 -0.49234325 -0.33640346 -0.48072973 -0.57558966 -0.7702847 -1.0416288 -1.038 -0.75099236 -0.49428335 -0.26896843 0.007153034 -0.23110504 -0.46135795 -0.72446114 -1.1034845
1 400 -0.03517575189471245 -0.001786593347787857 -0.028167126700282097 0.025132089853286743 0.020656434819102287 0.043857794255018234 0.00012071926903445274 -0.039953526109457016 -0.00012914395483676344 0.0013732346706092358 0.03826652094721794 -0.03375936672091484 0.028646990656852722 -0.018806438893079758 -0.004382703918963671 0.016903547570109367 0.049451421946287155 0.015985967591404915 -0.055665403604507446 -0.031330615282058716 0.029538318514823914 0.000995668233372271 0.022619331255555153 -0.08553661406040192 -0.030939413234591484 0.0675237700343132 0.03605044633150101 -0.03895324841141701 -0.028250891715288162 -0.06472460180521011 0.07920285314321518 0.017975911498069763 0.00985392089933157 -0.04658235237002373 0.03352336958050728 -0.036175262182950974 -0.0556354895234108 0.01303178071975708 0.0030028359033167362 -0.0807797834277153 0.060428302735090256 0.004741203039884567 -0.01463298499584198 0.023390350863337517 -0.04189230129122734 0.056714292615652084 -0.01630222611129284 -0.035890236496925354 0.002554947044700384 -0.04020483046770096 0.01389989908784628 0.0440027080476284 0.02266046032309532 -0.061228569597005844 -0.00583706283941865 0.010159890167415142 0.014385218732059002 0.06352602690458298 0.013985169120132923 0.015572194941341877 -0.003748724702745676 0.03463594242930412 -0.020775314420461655 0.05650687217712402 -0.05970854312181473 -0.02229180373251438 0.04628648981451988 0.0010913737351074815 -0.06541215628385544 0.010369650088250637 -0.056955624371767044 -0.017108328640460968 0.031311843544244766 -0.01653265580534935 0.0421493723988533 -0.06920561194419861 -0.05418679863214493 -0.09906923025846481 0.03287898749113083 0.07021014392375946 -0.055528074502944946 -0.047808416187763214 0.02726270630955696 -0.0459914356470108 -0.039963413029909134 -0.015617887489497662 -0.02547765150666237 0.0388018898665905 -0.029781503602862358 -0.06748664379119873 -0.025354549288749695 -0.030369067564606667 -8.353192242793739e-05 -0.07570037245750427 0.0714278593659401 0.024076062812822627 0.06350229148836645 0.16343489851366072 0.29322191242192763 0.4601872016447044 0.6417032268073283 0.81419298151343 0.9063976992100802 0.9680264160431594 -1.0787442 -0.93809783 -0.8554468 -0.73155296 -0.7528228 -0.6478376 -0.7854866 -0.9410889 -1.079846 -1.1671908 -0.9526402 -0.7271176 -0.5418986 -0.2186667 -0.49404094 -0.6799624 -0.89952946 -1.1189213
2 400 -0.03517575189471245 -0.001786593347787857 -0.028167126700282097 0.025132089853286743 0.020656434819102287 0.043857794255018234 0.00012071926903445274 -0.039953526109457016 -0.00012914395483676344 0.0013732346706092358 0.03826652094721794 -0.03375936672091484 0.028646990656852722 -0.018806438893079758 -0.004382703918963671 0.016903547570109367 0.049451421946287155 0.015985967591404915 -0.055665403604507446 -0.031330615282058716 0.029538318514823914 0.000995668233372271 0.022619331255555153 -0.08553661406040192 -0.030939413234591484 0.0675237700343132 0.03605044633150101 -0.03895324841141701 -0.028250891715288162 -0.06472460180521011 0.07920285314321518 0.017975911498069763 0.00985392089933157 -0.04658235237002373 0.03352336958050728 -0.036175262182950974 -0.0556354895234108 0.01303178071975708 0.0030028359033167362 -0.0807797834277153 0.060428302735090256 0.004741203039884567 -0.01463298499584198 0.023390350863337517 -0.04189230129122734 0.056714292615652084 -0.01630222611129284 -0.035890236496925354 0.002554947044700384 -0.04020483046770096 0.01389989908784628 0.0440027080476284 0.02266046032309532 -0.061228569597005844 -0.00583706283941865 0.010159890167415142 0.014385218732059002 0.06352602690458298 0.013985169120132923 0.015572194941341877 -0.003748724702745676 0.03463594242930412 -0.020775314420461655 0.05650687217712402 -0.05970854312181473 -0.02229180373251438 0.04628648981451988 0.0010913737351074815 -0.06541215628385544 0.010369650088250637 -0.056955624371767044 -0.017108328640460968 0.031311843544244766 -0.01653265580534935 0.0421493723988533 -0.06920561194419861 -0.05418679863214493 -0.09906923025846481 0.03287898749113083 0.07021014392375946 -0.055528074502944946 -0.047808416187763214 0.02726270630955696 -0.0459914356470108 -0.039963413029909134 -0.015617887489497662 -0.02547765150666237 0.0388018898665905 -0.029781503602862358 -0.06748664379119873 -0.025354549288749695 -0.030369067564606667 -8.353192242793739e-05 -0.07570037245750427 0.0714278593659401 0.01715605013464028 0.061703550083145174 0.11827922906708084 0.23993231127136203 0.35918110929935043 0.4815988658330543 0.6802678891841373 0.8326173563074271 0.9338115458895403 -1.0423937 -0.869647 -0.720533 -0.5536703 -0.39576268 -0.5369052 -0.6335381 -0.767137 -0.9963383 -1.1329939 -0.8551705 -0.6071514 -0.3380741 -0.0720209 -0.31007257 -0.48379397 -0.6660793 -0.9826585
0 400 -0.02638181485235691 -0.0013399450108408928 -0.021125344559550285 0.018849067389965057 0.015492326579988003 0.0328933447599411 9.053945541381836e-05 -0.029965145513415337 -9.685796976555139e-05 0.0010299260029569268 0.02869988977909088 -0.025319525972008705 0.02148524299263954 -0.014104829169809818 -0.003287028055638075 0.012677661143243313 0.03708856925368309 0.011989476159214973 -0.041749052703380585 -0.023497963324189186 0.022153738886117935 0.0007467512041330338 0.016964498907327652 -0.06415246427059174 -0.023204559460282326 0.05064282566308975 0.027037834748625755 -0.02921493723988533 -0.021188169717788696 -0.048543453216552734 0.059402141720056534 0.013481934554874897 0.007390440907329321 -0.03493676707148552 0.025142528116703033 -0.027131447568535805 -0.04172661900520325 0.00977383553981781 0.002252127043902874 -0.06058483570814133 0.045321229845285416 0.003555902512744069 -0.010974738746881485 0.01754276268184185 -0.03141922876238823 0.04253571853041649 -0.012226669117808342 -0.026917679235339165 0.001916210283525288 -0.03015362285077572 0.010424924083054066 0.033002033829689026 0.016995346173644066 -0.04592142626643181 -0.004377797245979309 0.007619917392730713 0.010788914747536182 0.047644518315792084 0.010488877072930336 0.011679146438837051 -0.002811543643474579 0.025976957753300667 -0.015581485815346241 0.04238015413284302 -0.044781409204006195 -0.016718853265047073 0.034714870154857635 0.0008185303304344416 -0.04905911907553673 0.0077772377990186214 -0.04271671921014786 -0.0128312474116683 0.02348388358950615 -0.012399491854012012 0.031612031161785126 -0.051904212683439255 -0.040640100836753845 -0.07430192828178406 0.02465924061834812 0.052657607942819595 -0.04164605587720871 -0.03585631400346756 0.020447030663490295 -0.0344935767352581 -0.029972560703754425 -0.011713416315615177 -0.01910823956131935 0.0291014164686203 -0.02233612723648548 -0.050614986568689346 -0.01901591196656227 -0.022776801139116287 -6.264894182095304e-05 -0.0567752830684185 0.05357089638710022 0.03687276621209844 0.14462320317659738 0.30285294378224936 0.5170118339548366 0.6829186624304301 0.7752518328818483 0.8666650618476914 0.9312314002944773 0.9804993731604938 -0.9882245 -0.82341266 -0.72407836 -0.49391213 -0.33708787 -0.48222497 -0.5758498 -0.7701962 -1.0425622 -1.0355833 -0.7508011 -0.49293658 -0.27163553 0.0059556365 -0.23270926 -0.46171933 -0.7241386 -1.1043202
1 400 -0.02638181485235691 -0.0013399450108408928 -0.021125344559550285 0.018849067389965057 0.015492326579988003 0.0328933447599411 9.053945541381836e-05 -0.029965145513415337 -9.685796976555139e-05 0.0010299260029569268 0.02869988977909088 -0.025319525972008705 0.02148524299263954 -0.014104829169809818 -0.003287028055638075 0.012677661143243313 0.03708856925368309 0.011989476159214973 -0.041749052703380585 -0.023497963324189186 0.022153738886117935 0.0007467512041330338 0.016964498907327652 -0.06415246427059174 -0.023204559460282326 0.05064282566308975 0.027037834748625755 -0.02921493723988533 -0.021188169717788696 -0.048543453216552734 0.059402141720056534 0.013481934554874897 0.007390440907329321 -0.03493676707148552 0.025142528116703033 -0.027131447568535805 -0.04172661900520325 0.00977383553981781 0.002252127043902874 -0.06058483570814133 0.045321229845285416 0.003555902512744069 -0.010974738746881485 0.01754276268184185 -0.03141922876238823 0.04253571853041649 -0.012226669117808342 -0.026917679235339165 0.001916210283525288 -0.03015362285077572 0.010424924083054066 0.033002033829689026 0.016995346173644066 -0.04592142626643181 -0.004377797245979309 0.007619917392730713 0.010788914747536182 0.047644518315792084 0.010488877072930336 0.011679146438837051 -0.002811543643474579 0.025976957753300667 -0.015581485815346241 0.04238015413284302 -0.044781409204006195 -0.016718853265047073 0.034714870154857635 0.0008185303304344416 -0.04905911907553673 0.0077772377990186214 -0.04271671921014786 -0.0128312474116683 0.02348388358950615 -0.012399491854012012 0.031612031161785126 -0.051904212683439255 -0.040640100836753845 -0.07430192828178406 0.02465924061834812 0.052657607942819595 -0.04164605587720871 -0.03585631400346756 0.020447030663490295 -0.0344935767352581 -0.029972560703754425 -0.011713416315615177 -0.01910823956131935 0.0291014164686203 -0.02233612723648548 -0.050614986568689346 -0.01901591196656227 -0.022776801139116287 -6.264894182095304e-05 -0.0567752830684185 0.05357089638710022 0.025280595476526262 0.06387604522815041 0.15813559208287484 0.2948628477454504 0.46012866542464337 0.6381143368870942 0.8143942191521337 0.9061604166577492 0.967821995067435 -1.0754777 -0.93729854 -0.86330986 -0.7308254 -0.7534948 -0.6475754 -0.7926185 -0.94738436 -1.0797012 -1.1594431 -0.95113647 -0.73759353 -0.54113555 -0.21804379 -0.49358737 -0.6881176 -0.9065118 -1.1183982
2 400 -0.02638181485235691 -0.0013399450108408928 -0.021125344559550285 0.018849067389965057 0.015492326579988003 0.0328933447599411 9.053945541381836e-05 -0.029965145513415337 -9.685796976555139e-05 0.0010299260029569268 0.02869988977909088 -0.025319525972008705 0.02148524299263954 -0.014104829169809818 -0.003287028055638075 0.012677661143243313 0.03708856925368309 0.011989476159214973 -0.041749052703380585 -0.023497963324189186 0.022153738886117935 0.0007467512041330338 0.016964498907327652 -0.06415246427059174 -0.023204559460282326 0.05064282566308975 0.027037834748625755 -0.02921493723988533 -0.021188169717788696 -0.048543453216552734 0.059402141720056534 0.013481934554874897 0.007390440907329321 -0.03493676707148552 0.025142528116703033 -0.027131447568535805 -0.04172661900520325 0.00977383553981781 0.002252127043902874 -0.06058483570814133 0.045321229845285416 0.003555902512744069 -0.010974738746881485 0.01754276268184185 -0.03141922876238823 0.04253571853041649 -0.012226669117808342 -0.026917679235339165 0.001916210283525288 -0.03015362285077572 0.010424924083054066 0.033002033829689026 0.016995346173644066 -0.04592142626643181 -0.004377797245979309 0.007619917392730713 0.010788914747536182 0.047644518315792084 0.010488877072930336 0.011679146438837051 -0.002811543643474579 0.025976957753300667 -0.015581485815346241 0.04238015413284302 -0.044781409204006195 -0.016718853265047073 0.034714870154857635 0.0008185303304344416 -0.04905911907553673 0.0077772377990186214 -0.04271671921014786 -0.0128312474116683 0.02348388358950615 -0.012399491854012012 0.031612031161785126 -0.051904212683439255 -0.040640100836753845 -0.07430192828178406 0.02465924061834812 0.052657607942819595 -0.04164605587720871 -0.03585631400346756 0.020447030663490295 -0.0344935767352581 -0.029972560703754425 -0.011713416315615177 -0.01910823956131935 0.0291014164686203 -0.02233612723648548 -0.050614986568689346 -0.01901591196656227 -0.022776801139116287 -6.264894182095304e-05 -0.0567752830684185 0.05357089638710022 0.017364099216156753 0.06187426915026203 0.11829546836533492 0.24001995099919232 0.3592175619819493 0.4830489071724224 0.6807997860034852 0.8327198140503069 0.9334245604029313 -1.0405295 -0.86878204 -0.7205516 -0.55365896 -0.39582652 -0.5372637 -0.63361514 -0.767929 -0.99605095 -1.1299616 -0.853817 -0.6071796 -0.3380537 -0.07212718 -0.31019053 -0.48348212 -0.66701704 -0.98199236
0 400 -0.017587875947356224 -0.0008932966738939285 -0.014083563350141048 0.012566044926643372 0.010328217409551144 0.021928897127509117 6.035963451722637e-05 -0.019976763054728508 -6.457197741838172e-05 0.0006866173353046179 0.01913326047360897 -0.01687968336045742 0.014323495328426361 -0.009403219446539879 -0.0021913519594818354 0.008451773785054684 0.024725710973143578 0.007992983795702457 -0.027832701802253723 -0.015665307641029358 0.014769159257411957 0.0004978341166861355 0.011309665627777576 -0.04276830703020096 -0.015469706617295742 0.0337618850171566 0.018025223165750504 -0.019476624205708504 -0.014125445857644081 -0.03236230090260506 0.03960142657160759 0.008987955749034882 0.004926960449665785 -0.023291176185011864 0.01676168479025364 -0.018087631091475487 -0.0278177447617054 0.00651589035987854 0.0015014179516583681 -0.04038989171385765 0.030214151367545128 0.0023706015199422836 -0.00731649249792099 0.011695175431668758 -0.02094615064561367 0.028357146307826042 -0.00815111305564642 -0.017945118248462677 0.001277473522350192 -0.02010241523385048 0.00694994954392314 0.0220013540238142 0.01133023016154766 -0.030614284798502922 -0.002918531419709325 0.005079945083707571 0.007192609366029501 0.03176301345229149 0.0069925845600664616 0.0077860974706709385 -0.001874362351372838 0.01731797121465206 -0.010387657210230827 0.02825343608856201 -0.029854271560907364 -0.01114590186625719 0.02314324490725994 0.0005456868675537407 -0.03270607814192772 0.0051848250441253185 -0.028477812185883522 -0.008554164320230484 0.015655921772122383 -0.008266327902674675 0.02107468619942665 -0.034602805972099304 -0.027093399316072464 -0.04953461512923241 0.016439493745565414 0.03510507196187973 -0.027764037251472473 -0.023904208093881607 0.01363135315477848 -0.0229957178235054 -0.019981706514954567 -0.007808943744748831 -0.012738825753331184 0.01940094493329525 -0.014890751801431179 -0.033743321895599365 -0.012677274644374847 -0.015184533782303333 -4.1765961213968694e-05 -0.037850186228752136 0.03571392968297005 0.037363218130647545 0.14595937250509863 0.30426546507203656 0.5160680678158295 0.6828038608994597 0.7737719186626154 0.8670611622712989 0.9310162248797814 0.9803962911503488 -0.98723876 -0.82363445 -0.7236236 -0.49547347 -0.33777225 -0.48335966 -0.5761141 -0.7701872 -1.0434096 -1.033294 -0.7506017 -0.4915902 -0.2742898 0.0047582686 -0.2341166 -0.46208686 -0.7239455 -1.1049874
1 400 -0.017587875947356224 -0.0008932966738939285 -0.014083563350141048 0.012566044926643372 0.010328217409551144 0.021928897127509117 6.035963451722637e-05 -0.019976763054728508 -6.457197741838172e-05 0.0006866173353046179 0.01913326047360897 -0.01687968336045742 0.014323495328426361 -0.009403219446539879 -0.0021913519594818354 0.008451773785054684 0.024725710973143578 0.007992983795702457 -0.027832701802253723 -0.015665307641029358 0.014769159257411957 0.0004978341166861355 0.011309665627777576 -0.04276830703020096 -0.015469706617295742 0.0337618850171566 0.018025223165750504 -0.019476624205708504 -0.014125445857644081 -0.03236230090260506 0.03960142657160759 0.008987955749034882 0.004926960449665785 -0.023291176185011864 0.01676168479025364 -0.018087631091475487 -0.0278177447617054 0.00651589035987854 0.0015014179516583681 -0.04038989171385765 0.030214151367545128 0.0023706015199422836 -0.00731649249792099 0.011695175431668758 -0.02094615064561367 0.028357146307826042 -0.00815111305564642 -0.017945118248462677 0.001277473522350192 -0.02010241523385048 0.00694994954392314 0.0220013540238142 0.01133023016154766 -0.030614284798502922 -0.002918531419709325 0.005079945083707571 0.007192609366029501 0.03176301345229149 0.0069925845600664616 0.0077860974706709385 -0.001874362351372838 0.01731797121465206 -0.010387657210230827 0.02825343608856201 -0.029854271560907364 -0.01114590186625719 0.02314324490725994 0.0005456868675537407 -0.03270607814192772 0.0051848250441253185 -0.028477812185883522 -0.008554164320230484 0.015655921772122383 -0.008266327902674675 0.02107468619942665 -0.034602805972099304 -0.027093399316072464 -0.04953461512923241 0.016439493745565414 0.03510507196187973 -0.027764037251472473 -0.023904208093881607 0.01363135315477848 -0.0229957178235054 -0.019981706514954567 -0.007808943744748831 -0.012738825753331184 0.01940094493329525 -0.014890751801431179 -0.033743321895599365 -0.012677274644374847 -0.015184533782303333 -4.1765961213968694e-05 -0.037850186228752136 0.03571392968297005 0.02653501193520835 0.06424481966036957 0.15295073235627485 0.29651416098901584 0.4600847541058683 0.6345500308855507 0.8147262755638354 0.9059300456407615 0.967605379566054 -1.0722251 -0.93646526 -0.87121356 -0.7300986 -0.75399876 -0.6473366 -0.7993803 -0.9537971 -1.0796852 -1.151721 -0.9495863 -0.7481234 -0.5403695 -0.2175766 -0.49316058 -0.69590044 -0.9136317 -1.1180023
2 400 -0.017587875947356224 -0.0008932966738939285 -0.014083563350141048 0.012566044926643372 0.010328217409551144 0.021928897127509117 6.035963451722637e-05 -0.019976763054728508 -6.457197741838172e-05 0.0006866173353046179 0.01913326047360897 -0.01687968336045742 0.014323495328426361 -0.009403219446539879 -0.0021913519594818354 0.008451773785054684 0.024725710973143578 0.007992983795702457 -0.027832701802253723 -0.015665307641029358 0.014769159257411957 0.0004978341166861355 0.011309665627777576 -0.04276830703020096 -0.015469706617295742 0.0337618850171566 0.018025223165750504 -0.019476624205708504 -0.014125445857644081 -0.03236230090260506 0.03960142657160759 0.008987955749034882 0.004926960449665785 -0.023291176185011864 0.01676168479025364 -0.018087631091475487 -0.0278177447617054 0.00651589035987854 0.0015014179516583681 -0.04038989171385765 0.030214151367545128 0.0023706015199422836 -0.00731649249792099 0.011695175431668758 -0.02094615064561367 0.028357146307826042 -0.00815111305564642 -0.017945118248462677 0.001277473522350192 -0.02010241523385048 0.00694994954392314 0.0220013540238142 0.01133023016154766 -0.030614284798502922 -0.002918531419709325 0.005079945083707571 0.007192609366029501 0.03176301345229149 0.0069925845600664616 0.0077860974706709385 -0.001874362351372838 0.01731797121465206 -0.010387657210230827 0.02825343608856201 -0.029854271560907364 -0.01114590186625719 0.02314324490725994 0.0005456868675537407 -0.03270607814192772 0.0051848250441253185 -0.028477812185883522 -0.008554164320230484 0.015655921772122383 -0.008266327902674675 0.02107468619942665 -0.034602805972099304 -0.027093399316072464 -0.04953461512923241 0.016439493745565414 0.03510507196187973 -0.027764037251472473 -0.023904208093881607 0.01363135315477848 -0.0229957178235054 -0.019981706514954567 -0.007808943744748831 -0.012738825753331184 0.01940094493329525 -0.014890751801431179 -0.033743321895599365 -0.012677274644374847 -0.015184533782303333 -4.1765961213968694e-05 -0.037850186228752136 0.03571392968297005 0.01755932108477625 0.06204340605386149 0.11830900229582937 0.24010761353879803 0.359206363914932 0.4845140591884481 0.6814350039520041 0.8328001799702842 0.9330496421399991 -1.0387924 -0.86790854 -0.7205671 -0.5536477 -0.3958069 -0.53762543 -0.6336669 -0.76866686 -0.9958602 -1.1271453 -0.85245216 -0.60720307 -0.33803332 -0.072094545 -0.31031016 -0.48310858 -0.66788465 -0.9814483
0 400 -0.008793937973678112 -0.00044664833694696426 -0.007041781675070524 0.006283022463321686 0.005164108704775572 0.010964448563754559 3.0179817258613184e-05 -0.009988381527364254 -3.228598870919086e-05 0.00034330866765230894 0.009566630236804485 -0.00843984168022871 0.0071617476642131805 -0.004701609723269939 -0.0010956759797409177 0.004225886892527342 0.012362855486571789 0.003996491897851229 -0.013916350901126862 -0.007832653820514679 0.007384579628705978 0.00024891705834306777 0.005654832813888788 -0.02138415351510048 -0.007734853308647871 0.0168809425085783 0.009012611582875252 -0.009738312102854252 -0.0070627229288220406 -0.01618115045130253 0.019800713285803795 0.004493977874517441 0.0024634802248328924 -0.011645588092505932 0.00838084239512682 -0.009043815545737743 -0.0139088723808527 0.00325794517993927 0.0007507089758291841 -0.020194945856928825 0.015107075683772564 0.0011853007599711418 -0.003658246248960495 0.005847587715834379 -0.010473075322806835 0.014178573153913021 -0.00407555652782321 -0.008972559124231339 0.000638736761175096 -0.01005120761692524 0.00347497477196157 0.0110006770119071 0.00566511508077383 -0.015307142399251461 -0.0014592657098546624 0.0025399725418537855 0.0035963046830147505 0.015881506726145744 0.0034962922800332308 0.0038930487353354692 -0.000937181175686419 0.00865898560732603 -0.005193828605115414 0.014126718044281006 -0.014927135780453682 -0.005572950933128595 0.01157162245362997 0.00027284343377687037 -0.01635303907096386 0.0025924125220626593 -0.014238906092941761 -0.004277082160115242 0.007827960886061192 -0.0041331639513373375 0.010537343099713326 -0.017301402986049652 -0.013546699658036232 -0.024767307564616203 0.008219746872782707 0.017552535980939865 -0.013882018625736237 -0.011952104046940804 0.00681567657738924 -0.0114978589117527 -0.009990853257477283 -0.0039044718723744154 -0.006369412876665592 0.009700472466647625 -0.0074453759007155895 -0.016871660947799683 -0.006338637322187424 -0.007592266891151667 -2.0882980606984347e-05 -0.018925093114376068 0.017856964841485023 0.03784666530618638 0.1472416345852482 0.30568973152270845 0.5151196588494573 0.6826890007306554 0.7727205566721997 0.8673678640078585 0.9308264148846088 0.9802997999915721 -0.9862782 -0.8238476 -0.72317827 -0.4970424 -0.33845666 -0.4839916 -0.5763576 -0.7701806 -1.0444117 -1.0310458 -0.75041044 -0.49020648 -0.2769569 0.003560871 -0.2351394 -0.46239257 -0.7237772 -1.1058501
1 400 -0.008793937973678112 -0.00044664833694696426 -0.007041781675070524 0.006283022463321686 0.005164108704775572 0.010964448563754559 3.0179817258613184e-05 -0.009988381527364254 -3.228598870919086e-05 0.00034330866765230894 0.009566630236804485 -0.00843984168022871 0.0071617476642131805 -0.004701609723269939 -0.0010956759797409177 0.004225886892527342 0.012362855486571789 0.003996491897851229 -0.013916350901126862 -0.007832653820514679 0.007384579628705978 0.00024891705834306777 0.005654832813888788 -0.02138415351510048 -0.007734853308647871 0.0168809425085783 0.009012611582875252 -0.009738312102854252 -0.0070627229288220406 -0.01618115045130253 0.019800713285803795 0.004493977874517441 0.0024634802248328924 -0.011645588092505932 0.00838084239512682 -0.009043815545737743 -0.0139088723808527 0.00325794517993927 0.0007507089758291841 -0.020194945856928825 0.015107075683772564 0.0011853007599711418 -0.003658246248960495 0.005847587715834379 -0.010473075322806835 0.014178573153913021 -0.00407555652782321 -0.008972559124231339 0.000638736761175096 -0.01005120761692524 0.00347497477196157 0.0110006770119071 0.00566511508077383 -0.015307142399251461 -0.0014592657098546624 0.0025399725418537855 0.0035963046830147505 0.015881506726145744 0.0034962922800332308 0.0038930487353354692 -0.000937181175686419 0.00865898560732603 -0.005193828605115414 0.014126718044281006 -0.014927135780453682 -0.005572950933128595 0.01157162245362997 0.00027284343377687037 -0.01635303907096386 0.0025924125220626593 -0.014238906092941761 -0.004277082160115242 0.007827960886061192 -0.0041331639513373375 0.010537343099713326 -0.017301402986049652 -0.013546699658036232 -0.024767307564616203 0.008219746872782707 0.017552535980939865 -0.013882018625736237 -0.011952104046940804 0.00681567657738924 -0.0114978589117527 -0.009990853257477283 -0.0039044718723744154 -0.006369412876665592 0.009700472466647625 -0.0074453759007155895 -0.016871660947799683 -0.006338637322187424 -0.007592266891151667 -2.0882980606984347e-05 -0.018925093114376068 0.017856964841485023 0.02782642958833987 0.06461428529702362 0.14801896933469696 0.29816575947387863 0.46004085116744453 0.6309414565545595 0.8150194536207035 0.9056498683900855 0.9674168984853965 -1.0691478 -0.93563175 -0.8789274 -0.729371 -0.7545027 -0.6470989 -0.8060952 -0.96011424 -1.0796477 -1.1442738 -0.948037 -0.7584011 -0.5396064 -0.21710943 -0.49273336 -0.70361626 -0.920612 -1.1176327
2 400 -0.008793937973678112 -0.00044664833694696426 -0.007041781675070524 0.006283022463321686 0.005164108704775572 0.010964448563754559 3.0179817258613184e-05 -0.009988381527364254 -3.228598870919086e-05 0.00034330866765230894 0.009566630236804485 -0.00843984168022871 0.0071617476642131805 -0.004701609723269939 -0.0010956759797409177 0.004225886892527342 0.012362855486571789 0.003996491897851229 -0.013916350901126862 -0.007832653820514679 0.007384579628705978 0.00024891705834306777 0.005654832813888788 -0.02138415351510048 -0.007734853308647871 0.0168809425085783 0.009012611582875252 -0.009738312102854252 -0.0070627229288220406 -0.01618115045130253 0.019800713285803795 0.004493977874517441 0.0024634802248328924 -0.011645588092505932 0.00838084239512682 -0.009043815545737743 -0.0139088723808527 0.00325794517993927 0.0007507089758291841 -0.020194945856928825 0.015107075683772564 0.0011853007599711418 -0.003658246248960495 0.005847587715834379 -0.010473075322806835 0.014178573153913021 -0.00407555652782321 -0.008972559124231339 0.000638736761175096 -0.01005120761692524 0.00347497477196157 0.0110006770119071 0.00566511508077383 -0.015307142399251461 -0.0014592657098546624 0.0025399725418537855 0.0035963046830147505 0.015881506726145744 0.0034962922800332308 0.0038930487353354692 -0.000937181175686419 0.00865898560732603 -0.005193828605115414 0.014126718044281006 -0.014927135780453682 -0.005572950933128595 0.01157162245362997 0.00027284343377687037 -0.01635303907096386 0.0025924125220626593 -0.014238906092941761 -0.004277082160115242 0.007827960886061192 -0.0041331639513373375 0.010537343099713326 -0.017301402986049652 -0.013546699658036232 -0.024767307564616203 0.008219746872782707 0.017552535980939865 -0.013882018625736237 -0.011952104046940804 0.00681567657738924 -0.0114978589117527 -0.009990853257477283 -0.0039044718723744154 -0.006369412876665592 0.009700472466647625 -0.0074453759007155895 -0.016871660947799683 -0.006338637322187424 -0.007592266891151667 -2.0882980606984347e-05 -0.018925093114376068 0.017856964841485023 0.017756705418015554 0.06221297556473985 0.11832523641891748 0.2402043776909717 0.35917880241647987 0.48596461764314164 0.6819165889408145 0.8325529211651462 0.9326146506249784 -1.0370553 -0.86703503 -0.7205857 -0.5536353 -0.3957587 -0.5379839 -0.6337177 -0.76899207 -0.99545705 -1.124329 -0.85108733 -0.60723126 -0.33801082 -0.07201423 -0.31042814 -0.48281848 -0.6681565 -0.9806129
0 400 0.0 0.0 0.0 -0.0 -0.0 -0.0 -0.0 0.0 0.0 -0.0 -0.0 0.0 -0.0 0.0 0.0 -0.0 -0.0 -0.0 0.0 0.0 -0.0 -0.0 -0.0 0.0 0.0 -0.0 -0.0 0.0 0.0 0.0 -0.0 -0.0 -0.0 0.0 -0.0 0.0 0.0 -0.0 -0.0 0.0 -0.0 -0.0 0.0 -0.0 0.0 -0.0 0.0 0.0 -0.0 0.0 -0.0 -0.0 -0.0 0.0 0.0 -0.0 -0.0 -0.0 -0.0 -0.0 0.0 -0.0 0.0 -0.0 0.0 0.0 -0.0 -0.0 0.0 -0.0 0.0 0.0 -0.0 0.0 -0.0 0.0 0.0 0.0 -0.0 -0.0 0.0 0.0 -0.0 0.0 0.0 0.0 0.0 -0.0 0.0 0.0 0.0 0.0 0.0 0.0 -0.0 0.03833612019347059 0.14856524148354985 0.30710695319118403 0.5141710735497587 0.6825897308937754 0.7716657478809534 0.8677609829515247 0.9305754682648079 0.9802269890512189 -0.9853177 -0.82410526 -0.72272545 -0.4986113 -0.33904475 -0.48462352 -0.5766212 -0.7700793 -1.0454967 -1.0287976 -0.75027144 -0.48885995 -0.279624 0.0025320947 -0.23616223 -0.46275896 -0.72345024 -1.1068745
1 400 0.0 0.0 0.0 -0.0 -0.0 -0.0 -0.0 0.0 0.0 -0.0 -0.0 0.0 -0.0 0.0 0.0 -0.0 -0.0 -0.0 0.0 0.0 -0.0 -0.0 -0.0 0.0 0.0 -0.0 -0.0 0.0 0.0 0.0 -0.0 -0.0 -0.0 0.0 -0.0 0.0 0.0 -0.0 -0.0 0.0 -0.0 -0.0 0.0 -0.0 0.0 -0.0 0.0 0.0 -0.0 0.0 -0.0 -0.0 -0.0 0.0 0.0 -0.0 -0.0 -0.0 -0.0 -0.0 0.0 -0.0 0.0 -0.0 0.0 0.0 -0.0 -0.0 0.0 -0.0 0.0 0.0 -0.0 0.0 -0.0 0.0 0.0 0.0 -0.0 -0.0 0.0 0.0 -0.0 0.0 0.0 0.0 0.0 -0.0 0.0 0.0 0.0 0.0 0.0 0.0 -0.0 0.02921657551161384 0.06498701004755886 0.1431223665550616 0.2999003908075252 0.4599969313826227 0.6273488259114277 0.81535077200239 0.905418468098438 0.9672111909713609 -1.0657842 -0.9347985 -0.8868437 -0.7285433 -0.7550067 -0.64686084 -0.8128587 -0.9665288 -1.0796578 -1.1363859 -0.9464867 -0.76894563 -0.53882205 -0.21664223 -0.49230742 -0.7114011 -0.9277339 -1.1172895
2 400 0.0 0.0 0.0 -0.0 -0.0 -0.0 -0.0 0.0 0.0 -0.0 -0.0 0.0 -0.0 0.0 0.0 -0.0 -0.0 -0.0 0.0 0.0 -0.0 -0.0 -0.0 0.0 0.0 -0.0 -0.0 0.0 0.0 0.0 -0.0 -0.0 -0.0 0.0 -0.0 0.0 0.0 -0.0 -0.0 0.0 -0.0 -0.0 0.0 -0.0 0.0 -0.0 0.0 0.0 -0.0 0.0 -0.0 -0.0 -0.0 0.0 0.0 -0.0 -0.0 -0.0 -0.0 -0.0 0.0 -0.0 0.0 -0.0 0.0 0.0 -0.0 -0.0 0.0 -0.0 0.0 0.0 -0.0 0.0 -0.0 0.0 0.0 0.0 -0.0 -0.0 0.0 0.0 -0.0 0.0 0.0 0.0 0.0 -0.0 0.0 0.0 0.0 0.0 0.0 0.0 -0.0 0.01796689957345885 0.062383003163662874 0.11833877048439821 0.24031128426071163 0.35921525463081316 0.4874302885171305 0.6818771364016339 0.8320359110347993 0.9322137771707288 -1.0352237 -0.8661615 -0.7206012 -0.55362153 -0.3958225 -0.53834563 -0.63376534 -0.76895887 -0.99523205 -1.1213624 -0.8497225 -0.60725474 -0.337986 -0.0721205 -0.31054777 -0.4828124 -0.66791695 -0.9800111
0 400 0.008793937973678112 0.00044664833694696426 0.007041781675070524 -0.006283022463321686 -0.005164108704775572 -0.010964448563754559 -3.0179817258613184e-05 0.009988381527364254 3.228598870919086e-05 -0.00034330866765230894 -0.009566630236804485 0.00843984168022871 -0.0071617476642131805 0.004701609723269939 0.0010956759797409177 -0.004225886892527342 -0.012362855486571789 -0.003996491897851229 0.013916350901126862 0.007832653820514679 -0.007384579628705978 -0.00024891705834306777 -0.005654832813888788 0.02138415351510048 0.007734853308647871 -0.0168809425085783 -0.009012611582875252 0.009738312102854252 0.0070627229288220406 0.01618115045130253 -0.019800713285803795 -0.004493977874517441 -0.0024634802248328924 0.011645588092505932 -0.00838084239512682 0.009043815545737743 0.0139088723808527 -0.00325794517993927 -0.0007507089758291841 0.020194945856928825 -0.015107075683772564 -0.0011853007599711418 0.003658246248960495 -0.005847587715834379 0.010473075322806835 -0.014178573153913021 0.00407555652782321 0.008972559124231339 -0.000638736761175096 0.01005120761692524 -0.00347497477196157 -0.0110006770119071 -0.00566511508077383 0.015307142399251461 0.0014592657098546624 -0.0025399725418537855 -0.0035963046830147505 -0.015881506726145744 -0.0034962922800332308 -0.0038930487353354692 0.000937181175686419 -0.00865898560732603 0.005193828605115414 -0.014126718044281006 0.014927135780453682 0.005572950933128595 -0.01157162245362997 -0.00027284343377687037 0.01635303907096386 -0.0025924125220626593 0.014238906092941761 0.004277082160115242 -0.007827960886061192 0.0041331639513373375 -0.010537343099713326 0.017301402986049652 0.013546699658036232 0.024767307564616203 -0.008219746872782707 -0.017552535980939865 0.013882018625736237 0.011952104046940804 -0.00681567657738924 0.0114978589117527 0.009990853257477283 0.0039044718723744154 0.006369412876665592 -0.009700472466647625 0.0074453759007155895 0.016871660947799683 0.006338637322187424 0.007592266891151667 2.0882980606984347e-05 0.018925093114376068 -0.017856964841485023 0.038845240811923386 0.14990358117073002 0.30852757245091134 0.513222442983241 0.6824748733433941 0.7706074790909329 0.8681481579223288 0.9303568941205502 0.9801329343312232 -0.98433197 -0.824291 -0.7222728 -0.5001802 -0.33972916 -0.48525548 -0.5768817 -0.77004683 -1.0464364 -1.0265085 -0.7500311 -0.4875134 -0.28229108 0.0013347268 -0.23718503 -0.4631209 -0.7232293 -1.1076756
1 400 0.008793937973678112 0.00044664833694696426 0.007041781675070524 -0.006283022463321686 -0.005164108704775572 -0.010964448563754559 -3.0179817258613184e-05 0.009988381527364254 3.228598870919086e-05 -0.00034330866765230894 -0.009566630236804485 0.00843984168022871 -0.0071617476642131805 0.004701609723269939 0.0010956759797409177 -0.004225886892527342 -0.012362855486571789 -0.003996491897851229 0.013916350901126862 0.007832653820514679 -0.007384579628705978 -0.00024891705834306777 -0.005654832813888788 0.02138415351510048 0.007734853308647871 -0.0168809425085783 -0.009012611582875252 0.009738312102854252 0.0070627229288220406 0.01618115045130253 -0.019800713285803795 -0.004493977874517441 -0.0024634802248328924 0.011645588092505932 -0.00838084239512682 0.009043815545737743 0.0139088723808527 -0.00325794517993927 -0.0007507089758291841 0.020194945856928825 -0.015107075683772564 -0.0011853007599711418 0.003658246248960495 -0.005847587715834379 0.010473075322806835 -0.014178573153913021 0.00407555652782321 0.008972559124231339 -0.000638736761175096 0.01005120761692524 -0.00347497477196157 -0.0110006770119071 -0.00566511508077383 0.015307142399251461 0.0014592657098546624 -0.0025399725418537855 -0.0035963046830147505 -0.015881506726145744 -0.0034962922800332308 -0.0038930487353354692 0.000937181175686419 -0.00865898560732603 0.005193828605115414 -0.014126718044281006 0.014927135780453682 0.005572950933128595 -0.01157162245362997 -0.00027284343377687037 0.01635303907096386 -0.0025924125220626593 0.014238906092941761 0.004277082160115242 -0.007827960886061192 0.0041331639513373375 -0.010537343099713326 0.017301402986049652 0.013546699658036232 0.024767307564616203 -0.008219746872782707 -0.017552535980939865 0.013882018625736237 0.011952104046940804 -0.00681567657738924 0.0114978589117527 0.009990853257477283 0.0039044718723744154 0.006369412876665592 -0.009700472466647625 0.0074453759007155895 0.016871660947799683 0.006338637322187424 0.007592266891151667 2.0882980606984347e-05 0.018925093114376068 -0.017856964841485023 0.03063439839629373 0.06537018444152753 0.1383628852264418 0.3015728609849156 0.4599383931187062 0.6237430959551169 0.8156431209365205 0.9052047435878509 0.966988094425774 -1.062707 -0.93399954 -0.8946973 -0.7278173 -0.75567865 -0.64662355 -0.81963456 -0.97295445 -1.079487 -1.1289386 -0.94498193 -0.7794106 -0.5380531 -0.21601933 -0.4918823 -0.71918607 -0.93488014 -1.1167138
2 400 0.008793937973678112 0.00044664833694696426 0.007041781675070524 -0.006283022463321686 -0.005164108704775572 -0.010964448563754559 -3.0179817258613184e-05 0.009988381527364254 3.228598870919086e-05 -0.00034330866765230894 -0.009566630236804485 0.00843984168022871 -0.0071617476642131805 0.004701609723269939 0.0010956759797409177 -0.004225886892527342 -0.012362855486571789 -0.003996491897851229 0.013916350901126862 0.007832653820514679 -0.007384579628705978 -0.00024891705834306777 -0.005654832813888788 0.02138415351510048 0.007734853308647871 -0.0168809425085783 -0.009012611582875252 0.009738312102854252 0.0070627229288220406 0.01618115045130253 -0.019800713285803795 -0.004493977874517441 -0.0024634802248328924 0.011645588092505932 -0.00838084239512682 0.009043815545737743 0.0139088723808527 -0.00325794517993927 -0.0007507089758291841 0.020194945856928825 -0.015107075683772564 -0.0011853007599711418 0.003658246248960495 -0.005847587715834379 0.010473075322806835 -0.014178573153913021 0.00407555652782321 0.008972559124231339 -0.000638736761175096 0.01005120761692524 -0.00347497477196157 -0.0110006770119071 -0.00566511508077383 0.015307142399251461 0.0014592657098546624 -0.0025399725418537855 -0.0035963046830147505 -0.015881506726145744 -0.0034962922800332308 -0.0038930487353354692 0.000937181175686419 -0.00865898560732603 0.005193828605115414 -0.014126718044281006 0.014927135780453682 0.005572950933128595 -0.01157162245362997 -0.00027284343377687037 0.01635303907096386 -0.0025924125220626593 0.014238906092941761 0.004277082160115242 -0.007827960886061192 0.0041331639513373375 -0.010537343099713326 0.017301402986049652 0.013546699658036232 0.024767307564616203 -0.008219746872782707 -0.017552535980939865 0.013882018625736237 0.011952104046940804 -0.00681567657738924 0.0114978589117527 0.009990853257477283 0.0039044718723744154 0.006369412876665592 -0.009700472466647625 0.0074453759007155895 0.016871660947799683 0.006338637322187424 0.007592266891151667 2.0882980606984347e-05 0.018925093114376068 -0.017856964841485023 0.018168781901358202 0.06255341038726554 0.11835504617600383 0.24039903576825652 0.35919578176798184 0.4888813203641144 0.6818376745720941 0.8315887435451649 0.9318227256053939 -1.0334866 -0.865288 -0.7206198 -0.55361027 -0.39578837 -0.5387041 -0.63381296 -0.7689923 -0.9948889 -1.1185461 -0.8483577 -0.607283 -0.3379656 -0.0720637 -0.31066573 -0.48280635 -0.6677806 -0.9792857
0 400 0.017587875947356224 0.0008932966738939285 0.014083563350141048 -0.012566044926643372 -0.010328217409551144 -0.021928897127509117 -6.035963451722637e-05 0.019976763054728508 6.457197741838172e-05 -0.0006866173353046179 -0.01913326047360897 0.01687968336045742 -0.014323495328426361 0.009403219446539879 0.0021913519594818354 -0.008451773785054684 -0.024725710973143578 -0.007992983795702457 0.027832701802253723 0.015665307641029358 -0.014769159257411957 -0.0004978341166861355 -0.011309665627777576 0.04276830703020096 0.015469706617295742 -0.0337618850171566 -0.018025223165750504 0.019476624205708504 0.014125445857644081 0.03236230090260506 -0.03960142657160759 -0.008987955749034882 -0.004926960449665785 0.023291176185011864 -0.01676168479025364 0.018087631091475487 0.0278177447617054 -0.00651589035987854 -0.0015014179516583681 0.04038989171385765 -0.030214151367545128 -0.0023706015199422836 0.00731649249792099 -0.011695175431668758 0.02094615064561367 -0.028357146307826042 0.00815111305564642 0.017945118248462677 -0.001277473522350192 0.02010241523385048 -0.00694994954392314 -0.0220013540238142 -0.01133023016154766 0.030614284798502922 0.002918531419709325 -0.005079945083707571 -0.007192609366029501 -0.03176301345229149 -0.0069925845600664616 -0.0077860974706709385 0.001874362351372838 -0.01731797121465206 0.010387657210230827 -0.02825343608856201 0.029854271560907364 0.01114590186625719 -0.02314324490725994 -0.0005456868675537407 0.03270607814192772 -0.0051848250441253185 0.028477812185883522 0.008554164320230484 -0.015655921772122383 0.008266327902674675 -0.02107468619942665 0.034602805972099304 0.027093399316072464 0.04953461512923241 -0.016439493745565414 -0.03510507196187973 0.027764037251472473 0.023904208093881607 -0.01363135315477848 0.0229957178235054 0.019981706514954567 0.007808943744748831 0.012738825753331184 -0.01940094493329525 0.014890751801431179 0.033743321895599365 0.012677274644374847 0.015184533782303333 4.1765961213968694e-05 0.037850186228752136 -0.03571392968297005 0.039362190290627694 0.151242427428729 0.3092306472987594 0.512265809801149 0.6823599573051606 0.7694639787187266 0.8685374433464181 0.9301391703578104 0.9800336433165701 -0.9832676 -0.82454014 -0.72234434 -0.5017602 -0.34041357 -0.485936 -0.57714415 -0.7700379 -1.047303 -1.0240917 -0.7498808 -0.48612005 -0.28497514 0.0001373291 -0.23828653 -0.46348563 -0.72303617 -1.1083804
1 400 0.017587875947356224 0.0008932966738939285 0.014083563350141048 -0.012566044926643372 -0.010328217409551144 -0.021928897127509117 -6.035963451722637e-05 0.019976763054728508 6.457197741838172e-05 -0.0006866173353046179 -0.01913326047360897 0.01687968336045742 -0.014323495328426361 0.009403219446539879 0.0021913519594818354 -0.008451773785054684 -0.024725710973143578 -0.007992983795702457 0.027832701802253723 0.015665307641029358 -0.014769159257411957 -0.0004978341166861355 -0.011309665627777576 0.04276830703020096 0.015469706617295742 -0.0337618850171566 -0.018025223165750504 0.019476624205708504 0.014125445857644081 0.03236230090260506 -0.03960142657160759 -0.008987955749034882 -0.004926960449665785 0.023291176185011864 -0.01676168479025364 0.018087631091475487 0.0278177447617054 -0.00651589035987854 -0.0015014179516583681 0.04038989171385765 -0.030214151367545128 -0.0023706015199422836 0.00731649249792099 -0.011695175431668758 0.02094615064561367 -0.028357146307826042 0.00815111305564642 0.017945118248462677 -0.001277473522350192 0.02010241523385048 -0.00694994954392314 -0.0220013540238142 -0.01133023016154766 0.030614284798502922 0.002918531419709325 -0.005079945083707571 -0.007192609366029501 -0.03176301345229149 -0.0069925845600664616 -0.0077860974706709385 0.001874362351372838 -0.01731797121465206 0.010387657210230827 -0.02825343608856201 0.029854271560907364 0.01114590186625719 -0.02314324490725994 -0.0005456868675537407 0.03270607814192772 -0.0051848250441253185 0.028477812185883522 0.008554164320230484 -0.015655921772122383 0.008266327902674675 -0.02107468619942665 0.034602805972099304 0.027093399316072464 0.04953461512923241 -0.016439493745565414 -0.03510507196187973 0.027764037251472473 0.023904208093881607 -0.01363135315477848 0.0229957178235054 0.019981706514954567 0.007808943744748831 0.012738825753331184 -0.01940094493329525 0.014890751801431179 0.033743321895599365 0.012677274644374847 0.015184533782303333 4.1765961213968694e-05 0.037850186228752136 -0.03571392968297005 0.032145709295705906 0.06574566291904885 0.13374123259664494 0.30324051982965394 0.460630758119223 0.6200906487897171 0.8159734287026376 0.9049549909085612 0.9668018524214009 -1.0594544 -0.93316597 -0.9026139 -0.7270897 -0.75505775 -0.6463851 -0.8263963 -0.9793049 -1.0795654 -1.1212165 -0.9434328 -0.7899549 -0.53729 -0.2163136 -0.4914543 -0.7269689 -0.9419186 -1.1164855
2 400 0.017587875947356224 0.0008932966738939285 0.014083563350141048 -0.012566044926643372 -0.010328217409551144 -0.021928897127509117 -6.035963451722637e-05 0.019976763054728508 6.457197741838172e-05 -0.0006866173353046179 -0.01913326047360897 0.01687968336045742 -0.014323495328426361 0.009403219446539879 0.0021913519594818354 -0.008451773785054684 -0.024725710973143578 -0.007992983795702457 0.027832701802253723 0.015665307641029358 -0.014769159257411957 -0.0004978341166861355 -0.011309665627777576 0.04276830703020096 0.015469706617295742 -0.0337618850171566 -0.018025223165750504 0.019476624205708504 0.014125445857644081 0.03236230090260506 -0.03960142657160759 -0.008987955749034882 -0.004926960449665785 0.023291176185011864 -0.01676168479025364 0.018087631091475487 0.0278177447617054 -0.00651589035987854 -0.0015014179516583681 0.04038989171385765 -0.030214151367545128 -0.0023706015199422836 0.00731649249792099 -0.011695175431668758 0.02094615064561367 -0.028357146307826042 0.00815111305564642 0.017945118248462677 -0.001277473522350192 0.02010241523385048 -0.00694994954392314 -0.0220013540238142 -0.01133023016154766 0.030614284798502922 0.002918531419709325 -0.005079945083707571 -0.007192609366029501 -0.03176301345229149 -0.0069925845600664616 -0.0077860974706709385 0.001874362351372838 -0.01731797121465206 0.010387657210230827 -0.02825343608856201 0.029854271560907364 0.01114590186625719 -0.02314324490725994 -0.0005456868675537407 0.03270607814192772 -0.0051848250441253185 0.028477812185883522 0.008554164320230484 -0.015655921772122383 0.008266327902674675 -0.02107468619942665 0.034602805972099304 0.027093399316072464 0.04953461512923241 -0.016439493745565414 -0.03510507196187973 0.027764037251472473 0.023904208093881607 -0.01363135315477848 0.0229957178235054 0.019981706514954567 0.007808943744748831 0.012738825753331184 -0.01940094493329525 0.014890751801431179 0.033743321895599365 0.012677274644374847 0.015184533782303333 4.1765961213968694e-05 0.037850186228752136 -0.03571392968297005 0.018372889390992235 0.06278485778509041 0.1220785140215668 0.240495883311644 0.35917434252695346 0.4903399566710715 0.6817982173097874 0.8310693585497246 0.9314174972923932 -1.0317495 -0.86427104 -0.71930426 -0.55359787 -0.39575088 -0.53906417 -0.6338606 -0.7689591 -0.99466395 -1.1157298 -0.8467512 -0.6031393 -0.3379431 -0.07200125 -0.31078455 -0.4828003 -0.667541 -0.97868407
0 400 0.02638181485235691 0.0013399450108408928 0.021125344559550285 -0.018849067389965057 -0.015492326579988003 -0.0328933447599411 -9.053945541381836e-05 0.029965145513415337 9.685796976555139e-05 -0.0010299260029569268 -0.02869988977909088 0.025319525972008705 -0.02148524299263954 0.014104829169809818 0.003287028055638075 -0.012677661143243313 -0.03708856925368309 -0.011989476159214973 0.041749052703380585 0.023497963324189186 -0.022153738886117935 -0.0007467512041330338 -0.016964498907327652 0.06415246427059174 0.023204559460282326 -0.05064282566308975 -0.027037834748625755 0.02921493723988533 0.021188169717788696 0.048543453216552734 -0.059402141720056534 -0.013481934554874897 -0.007390440907329321 0.03493676707148552 -0.025142528116703033 0.027131447568535805 0.04172661900520325 -0.00977383553981781 -0.002252127043902874 0.06058483570814133 -0.045321229845285416 -0.003555902512744069 0.010974738746881485 -0.01754276268184185 0.03141922876238823 -0.04253571853041649 0.012226669117808342 0.026917679235339165 -0.001916210283525288 0.03015362285077572 -0.010424924083054066 -0.033002033829689026 -0.016995346173644066 0.04592142626643181 0.004377797245979309 -0.007619917392730713 -0.010788914747536182 -0.047644518315792084 -0.010488877072930336 -0.011679146438837051 0.002811543643474579 -0.025976957753300667 0.015581485815346241 -0.04238015413284302 0.044781409204006195 0.016718853265047073 -0.034714870154857635 -0.0008185303304344416 0.04905911907553673 -0.0077772377990186214 0.04271671921014786 0.0128312474116683 -0.02348388358950615 0.012399491854012012 -0.031612031161785126 0.051904212683439255 0.040640100836753845 0.07430192828178406 -0.02465924061834812 -0.052657607942819595 0.04164605587720871 0.03585631400346756 -0.020447030663490295 0.0344935767352581 0.029972560703754425 0.011713416315615177 0.01910823956131935 -0.0291014164686203 0.02233612723648548 0.050614986568689346 0.01901591196656227 0.022776801139116287 6.264894182095304e-05 0.0567752830684185 -0.05357089638710022 0.03987041931211268 0.15256730262081006 0.31017191034152375 0.511319156572279 0.682245024472892 0.768398591527073 0.8688418721807232 0.9299208333118552 0.9799467553615022 -0.9823071 -0.8247618 -0.7230226 -0.5033255 -0.34109795 -0.48656794 -0.5773881 -0.7700288 -1.0483452 -1.0218436 -0.74970084 -0.4884458 -0.2876361 -0.0010600388 -0.23930933 -0.46379194 -0.72284305 -1.1093199
1 400 0.02638181485235691 0.0013399450108408928 0.021125344559550285 -0.018849067389965057 -0.015492326579988003 -0.0328933447599411 -9.053945541381836e-05 0.029965145513415337 9.685796976555139e-05 -0.0010299260029569268 -0.02869988977909088 0.025319525972008705 -0.02148524299263954 0.014104829169809818 0.003287028055638075 -0.012677661143243313 -0.03708856925368309 -0.011989476159214973 0.041749052703380585 0.023497963324189186 -0.022153738886117935 -0.0007467512041330338 -0.016964498907327652 0.06415246427059174 0.023204559460282326 -0.05064282566308975 -0.027037834748625755 0.02921493723988533 0.021188169717788696 0.048543453216552734 -0.059402141720056534 -0.013481934554874897 -0.007390440907329321 0.03493676707148552 -0.025142528116703033 0.027131447568535805 0.04172661900520325 -0.00977383553981781 -0.002252127043902874 0.06058483570814133 -0.045321229845285416 -0.003555902512744069 0.010974738746881485 -0.01754276268184185 0.03141922876238823 -0.04253571853041649 0.012226669117808342 0.026917679235339165 -0.001916210283525288 0.03015362285077572 -0.010424924083054066 -0.033002033829689026 -0.016995346173644066 0.04592142626643181 0.004377797245979309 -0.007619917392730713 -0.010788914747536182 -0.047644518315792084 -0.010488877072930336 -0.011679146438837051 0.002811543643474579 -0.025976957753300667 0.015581485815346241 -0.04238015413284302 0.044781409204006195 0.016718853265047073 -0.034714870154857635 -0.0008185303304344416 0.04905911907553673 -0.0077772377990186214 0.04271671921014786 0.0128312474116683 -0.02348388358950615 0.012399491854012012 -0.031612031161785126 0.051904212683439255 0.040640100836753845 0.07430192828178406 -0.02465924061834812 -0.052657607942819595 0.04164605587720871 0.03585631400346756 -0.020447030663490295 0.0344935767352581 0.029972560703754425 0.011713416315615177 0.01910823956131935 -0.0291014164686203 0.02233612723648548 0.050614986568689346 0.01901591196656227 0.022776801139116287 6.264894182095304e-05 0.0567752830684185 -0.05357089638710022 0.03374000743931744 0.06590749169616365 0.1292386129591482 0.2990721804810435 0.468017992057103 0.6038217172120157 0.8162652613384187 0.9046712454510214 0.9665850041426596 -1.0561881 -0.93398595 -0.91046405 -0.7249447 -0.73955476 -0.65221167 -0.83311284 -0.9856113 -1.0851277 -1.1134688 -0.9435017 -0.80041635 -0.55424136 -0.22256757 -0.4985977 -0.73468673 -0.9488859 -1.1224221
2 400 0.02638181485235691 0.0013399450108408928 0.021125344559550285 -0.018849067389965057 -0.015492326579988003 -0.0328933447599411 -9.053945541381836e-05 0.029965145513415337 9.685796976555139e-05 -0.0010299260029569268 -0.02869988977909088 0.025319525972008705 -0.02148524299263954 0.014104829169809818 0.003287028055638075 -0.012677661143243313 -0.03708856925368309 -0.011989476159214973 0.041749052703380585 0.023497963324189186 -0.022153738886117935 -0.0007467512041330338 -0.016964498907327652 0.06415246427059174 0.023204559460282326 -0.05064282566308975 -0.027037834748625755 0.02921493723988533 0.021188169717788696 0.048543453216552734 -0.059402141720056534 -0.013481934554874897 -0.007390440907329321 0.03493676707148552 -0.025142528116703033 0.027131447568535805 0.04172661900520325 -0.00977383553981781 -0.002252127043902874 0.06058483570814133 -0.045321229845285416 -0.003555902512744069 0.010974738746881485 -0.01754276268184185 0.03141922876238823 -0.04253571853041649 0.012226669117808342 0.026917679235339165 -0.001916210283525288 0.03015362285077572 -0.010424924083054066 -0.033002033829689026 -0.016995346173644066 0.04592142626643181 0.004377797245979309 -0.007619917392730713 -0.010788914747536182 -0.047644518315792084 -0.010488877072930336 -0.011679146438837051 0.002811543643474579 -0.025976957753300667 0.015581485815346241 -0.04238015413284302 0.044781409204006195 0.016718853265047073 -0.034714870154857635 -0.0008185303304344416 0.04905911907553673 -0.0077772377990186214 0.04271671921014786 0.0128312474116683 -0.02348388358950615 0.012399491854012012 -0.031612031161785126 0.051904212683439255 0.040640100836753845 0.07430192828178406 -0.02465924061834812 -0.052657607942819595 0.04164605587720871 0.03585631400346756 -0.020447030663490295 0.0344935767352581 0.029972560703754425 0.011713416315615177 0.01910823956131935 -0.0291014164686203 0.02233612723648548 0.050614986568689346 0.01901591196656227 0.022776801139116287 6.264894182095304e-05 0.0567752830684185 -0.05357089638710022 0.018579245894275398 0.06295633278593012 0.12685326475890038 0.24058367311258752 0.3592027339221753 0.4915429738737594 0.6817587507619501 0.8304470119123459 0.9309726735057208 -1.0300124 -0.8633976 -0.7176568 -0.5535866 -0.3958006 -0.5390221 -0.6339082 -0.76902133 -0.99426067 -1.1129135 -0.8453864 -0.5979628 -0.33792272 -0.072083995 -0.3102355 -0.48279423 -0.66745687 -0.97784865
0 400 0.03517575189471245 0.001786593347787857 0.028167126700282097 -0.025132089853286743 -0.020656434819102287 -0.043857794255018234 -0.00012071926903445274 0.039953526109457016 0.00012914395483676344 -0.0013732346706092358 -0.03826652094721794 0.03375936672091484 -0.028646990656852722 0.018806438893079758 0.004382703918963671 -0.016903547570109367 -0.049451421946287155 -0.015985967591404915 0.055665403604507446 0.031330615282058716 -0.029538318514823914 -0.000995668233372271 -0.022619331255555153 0.08553661406040192 0.030939413234591484 -0.0675237700343132 -0.03605044633150101 0.03895324841141701 0.028250891715288162 0.06472460180521011 -0.07920285314321518 -0.017975911498069763 -0.00985392089933157 0.04658235237002373 -0.03352336958050728 0.036175262182950974 0.0556354895234108 -0.01303178071975708 -0.0030028359033167362 0.0807797834277153 -0.060428302735090256 -0.004741203039884567 0.01463298499584198 -0.023390350863337517 0.04189230129122734 -0.056714292615652084 0.01630222611129284 0.035890236496925354 -0.002554947044700384 0.04020483046770096 -0.01389989908784628 -0.0440027080476284 -0.02266046032309532 0.061228569597005844 0.00583706283941865 -0.010159890167415142 -0.014385218732059002 -0.06352602690458298 -0.013985169120132923 -0.015572194941341877 0.003748724702745676 -0.03463594242930412 0.020775314420461655 -0.05650687217712402 0.05970854312181473 0.02229180373251438 -0.04628648981451988 -0.0010913737351074815 0.06541215628385544 -0.010369650088250637 0.056955624371767044 0.017108328640460968 -0.031311843544244766 0.01653265580534935 -0.0421493723988533 0.06920561194419861 0.05418679863214493 0.09906923025846481 -0.03287898749113083 -0.07021014392375946 0.055528074502944946 0.047808416187763214 -0.02726270630955696 0.0459914356470108 0.039963413029909134 0.015617887489497662 0.02547765150666237 -0.0388018898665905 0.029781503602862358 0.06748664379119873 0.025354549288749695 0.030369067564606667 8.353192242793739e-05 0.07570037245750427 -0.0714278593659401 0.04040019532473585 0.15395918798838307 0.3130546960361445 0.5113348807793134 0.6821245003691422 0.7673297456163359 0.8692300350211987 0.9296618231726406 0.9798544837436801 -0.9813311 -0.824975 -0.72581977 -0.50330526 -0.3417927 -0.48719987 -0.5776508 -0.7698891 -1.049356 -1.0195616 -0.74949014 -0.50764453 -0.28760728 -0.0022747219 -0.24033214 -0.46415716 -0.7224685 -1.1102101
1 400 0.03517575189471245 0.001786593347787857 0.028167126700282097 -0.025132089853286743 -0.020656434819102287 -0.043857794255018234 -0.00012071926903445274 0.039953526109457016 0.00012914395483676344 -0.0013732346706092358 -0.03826652094721794 0.03375936672091484 -0.028646990656852722 0.018806438893079758 0.004382703918963671 -0.016903547570109367 -0.049451421946287155 -0.015985967591404915 0.055665403604507446 0.031330615282058716 -0.029538318514823914 -0.000995668233372271 -0.022619331255555153 0.08553661406040192 0.030939413234591484 -0.0675237700343132 -0.03605044633150101 0.03895324841141701 0.028250891715288162 0.06472460180521011 -0.07920285314321518 -0.017975911498069763 -0.00985392089933157 0.04658235237002373 -0.03352336958050728 0.036175262182950974 0.0556354895234108 -0.01303178071975708 -0.0030028359033167362 0.0807797834277153 -0.060428302735090256 -0.004741203039884567 0.01463298499584198 -0.023390350863337517 0.04189230129122734 -0.056714292615652084 0.01630222611129284 0.035890236496925354 -0.002554947044700384 0.04020483046770096 -0.01389989908784628 -0.0440027080476284 -0.02266046032309532 0.061228569597005844 0.00583706283941865 -0.010159890167415142 -0.014385218732059002 -0.06352602690458298 -0.013985169120132923 -0.015572194941341877 0.003748724702745676 -0.03463594242930412 0.020775314420461655 -0.05650687217712402 0.05970854312181473 0.02229180373251438 -0.04628648981451988 -0.0010913737351074815 0.06541215628385544 -0.010369650088250637 0.056955624371767044 0.017108328640460968 -0.031311843544244766 0.01653265580534935 -0.0421493723988533 0.06920561194419861 0.05418679863214493 0.09906923025846481 -0.03287898749113083 -0.07021014392375946 0.055528074502944946 0.047808416187763214 -0.02726270630955696 0.0459914356470108 0.039963413029909134 0.015617887489497662 0.02547765150666237 -0.0388018898665905 0.029781503602862358 0.06748664379119873 0.025354549288749695 0.030369067564606667 8.353192242793739e-05 0.07570037245750427 -0.0714278593659401 0.03532132564919158 0.06570771479241345 0.12487758774709173 0.29551701336670166 0.4851316593417365 0.5848291070966323 0.8166167318559561 0.9029693555322865 0.9664037290480502 -1.0532472 -0.9375862 -0.9183807 -0.7255931 -0.72253776 -0.65892935 -0.83990145 -0.9924393 -1.0918193 -1.1062392 -0.9462917 -0.81096065 -0.56851697 -0.22994234 -0.50686336 -0.742508 -0.956759 -1.1297003
2 400 0.03517575189471245 0.001786593347787857 0.028167126700282097 -0.025132089853286743 -0.020656434819102287 -0.043857794255018234 -0.00012071926903445274 0.039953526109457016 0.00012914395483676344 -0.0013732346706092358 -0.03826652094721794 0.03375936672091484 -0.028646990656852722 0.018806438893079758 0.004382703918963671 -0.016903547570109367 -0.049451421946287155 -0.015985967591404915 0.055665403604507446 0.031330615282058716 -0.029538318514823914 -0.000995668233372271 -0.022619331255555153 0.08553661406040192 0.030939413234591484 -0.0675237700343132 -0.03605044633150101 0.03895324841141701 0.028250891715288162 0.06472460180521011 -0.07920285314321518 -0.017975911498069763 -0.00985392089933157 0.04658235237002373 -0.03352336958050728 0.036175262182950974 0.0556354895234108 -0.01303178071975708 -0.0030028359033167362 0.0807797834277153 -0.060428302735090256 -0.004741203039884567 0.01463298499584198 -0.023390350863337517 0.04189230129122734 -0.056714292615652084 0.01630222611129284 0.035890236496925354 -0.002554947044700384 0.04020483046770096 -0.01389989908784628 -0.0440027080476284 -0.02266046032309532 0.061228569597005844 0.00583706283941865 -0.010159890167415142 -0.014385218732059002 -0.06352602690458298 -0.013985169120132923 -0.015572194941341877 0.003748724702745676 -0.03463594242930412 0.020775314420461655 -0.05650687217712402 0.05970854312181473 0.02229180373251438 -0.04628648981451988 -0.0010913737351074815 0.06541215628385544 -0.010369650088250637 0.056955624371767044 0.017108328640460968 -0.031311843544244766 0.01653265580534935 -0.0421493723988533 0.06920561194419861 0.05418679863214493 0.09906923025846481 -0.03287898749113083 -0.07021014392375946 0.055528074502944946 0.047808416187763214 -0.02726270630955696 0.0459914356470108 0.039963413029909134 0.015617887489497662 0.02547765150666237 -0.0388018898665905 0.029781503602862358 0.06748664379119873 0.025354549288749695 0.030369067564606667 8.353192242793739e-05 0.07570037245750427 -0.0714278593659401 0.018787875834203646 0.0631282453227227 0.13181079953137334 0.24068055902242805 0.35918326241676507 0.49252667835618397 0.681719288782967 0.8283402676992718 0.9305929083057808 -1.0282754 -0.86252403 -0.71600544 -0.55357414 -0.39576647 -0.538503 -0.63395584 -0.76931095 -0.99410653 -1.110097 -0.84402144 -0.5927691 -0.33790022 -0.07202719 -0.30892235 -0.48278815 -0.6677811 -0.9773526
0 400 0.043969690799713135 0.0022332416847348213 0.03520890697836876 -0.03141511231660843 -0.025820543989539146 -0.05482224002480507 -0.0001508990826550871 0.049941908568143845 0.0001614299399079755 -0.0017165433382615447 -0.0478331483900547 0.042199209332466125 -0.0358087383210659 0.023508047685027122 0.005478379782289267 -0.021129434928297997 -0.06181427836418152 -0.019982459023594856 0.06958175450563431 0.039163269102573395 -0.03692289814352989 -0.0012445852626115084 -0.028274163603782654 0.1069207638502121 0.03867426514625549 -0.08440470695495605 -0.04506305605173111 0.048691559582948685 0.03531361371278763 0.08090575039386749 -0.09900356829166412 -0.022469889372587204 -0.012317401356995106 0.058227941393852234 -0.04190421104431152 0.04521907866001129 0.06954436004161835 -0.01628972589969635 -0.0037535447627305984 0.10097472369670868 -0.0755353793501854 -0.005926503799855709 0.018291231244802475 -0.029237937182188034 0.05236537754535675 -0.07089286297559738 0.020377781242132187 0.04486279562115669 -0.0031936836894601583 0.05025603622198105 -0.017374873161315918 -0.05500338599085808 -0.028325574472546577 0.07653570920228958 0.00729632843285799 -0.012699862010776997 -0.017981523647904396 -0.07940752804279327 -0.01748146116733551 -0.019465243443846703 0.004685905762016773 -0.04329492896795273 0.025969142094254494 -0.07063359022140503 0.07463567703962326 0.02786475419998169 -0.05785811319947243 -0.0013642171397805214 0.08176519721746445 -0.01296206284314394 0.07119452953338623 0.02138541080057621 -0.03913980349898338 0.020665818825364113 -0.05268671363592148 0.08650701493024826 0.06773349642753601 0.12383653968572617 -0.04109873250126839 -0.08776267617940903 0.06941009312868118 0.05976051837205887 -0.03407838195562363 0.057489294558763504 0.04995426535606384 0.01952235959470272 0.031847063452005386 -0.0485023595392704 0.037226878106594086 0.08435830473899841 0.03169318661093712 0.037961333990097046 0.00010441490303492174 0.09462546557188034 -0.08928482234477997 0.04092127824046496 0.15530346593402117 0.31593734920809724 0.5113636980156588 0.6820095359372467 0.7661748808527087 0.8696147585465522 0.92944212038047 0.9797790246272671 -0.9803706 -0.82519674 -0.72860104 -0.5032635 -0.34247708 -0.4878804 -0.57791215 -0.7698801 -1.0503645 -1.0173135 -0.74931026 -0.52671665 -0.28754187 -0.0034720898 -0.24143364 -0.46452025 -0.7222754 -1.1111449
1 400 0.043969690799713135 0.0022332416847348213 0.03520890697836876 -0.03141511231660843 -0.025820543989539146 -0.05482224002480507 -0.0001508990826550871 0.049941908568143845 0.0001614299399079755 -0.0017165433382615447 -0.0478331483900547 0.042199209332466125 -0.0358087383210659 0.023508047685027122 0.005478379782289267 -0.021129434928297997 -0.06181427836418152 -0.019982459023594856 0.06958175450563431 0.039163269102573395 -0.03692289814352989 -0.0012445852626115084 -0.028274163603782654 0.1069207638502121 0.03867426514625549 -0.08440470695495605 -0.04506305605173111 0.048691559582948685 0.03531361371278763 0.08090575039386749 -0.09900356829166412 -0.022469889372587204 -0.012317401356995106 0.058227941393852234 -0.04190421104431152 0.04521907866001129 0.06954436004161835 -0.01628972589969635 -0.0037535447627305984 0.10097472369670868 -0.0755353793501854 -0.005926503799855709 0.018291231244802475 -0.029237937182188034 0.05236537754535675 -0.07089286297559738 0.020377781242132187 0.04486279562115669 -0.0031936836894601583 0.05025603622198105 -0.017374873161315918 -0.05500338599085808 -0.028325574472546577 0.07653570920228958 0.00729632843285799 -0.012699862010776997 -0.017981523647904396 -0.07940752804279327 -0.01748146116733551 -0.019465243443846703 0.004685905762016773 -0.04329492896795273 0.025969142094254494 -0.07063359022140503 0.07463567703962326 0.02786475419998169 -0.05785811319947243 -0.0013642171397805214 0.08176519721746445 -0.01296206284314394 0.07119452953338623 0.02138541080057621 -0.03913980349898338 0.020665818825364113 -0.05268671363592148 0.08650701493024826 0.06773349642753601 0.12383653968572617 -0.04109873250126839 -0.08776267617940903 0.06941009312868118 0.05976051837205887 -0.03407838195562363 0.057489294558763504 0.04995426535606384 0.01952235959470272 0.031847063452005386 -0.0485023595392704 0.037226878106594086 0.08435830473899841 0.03169318661093712 0.037961333990097046 0.00010441490303492174 0.09462546557188034 -0.08928482234477997 0.035181865148575485 0.0655836465191962 0.12062692233425915 0.2953767453095439 0.5043851814100753 0.5656745534155183 0.8169075830112239 0.8973207895631335 0.9662967420889208 -1.0561545 -0.94104934 -0.9262843 -0.729417 -0.70587635 -0.6655999 -0.84667814 -1.0002626 -1.099546 -1.1081879 -0.94885814 -0.8214905 -0.57155555 -0.2378754 -0.5150726 -0.75029397 -0.96643054 -1.1382775
2 400 0.043969690799713135 0.0022332416847348213 0.03520890697836876 -0.03141511231660843 -0.025820543989539146 -0.05482224002480507 -0.0001508990826550871 0.049941908568143845 0.0001614299399079755 -0.0017165433382615447 -0.0478331483900547 0.042199209332466125 -0.0358087383210659 0.023508047685027122 0.005478379782289267 -0.021129434928297997 -0.06181427836418152 -0.019982459023594856 0.06958175450563431 0.039163269102573395 -0.03692289814352989 -0.0012445852626115084 -0.028274163603782654 0.1069207638502121 0.03867426514625549 -0.08440470695495605 -0.04506305605173111 0.048691559582948685 0.03531361371278763 0.08090575039386749 -0.09900356829166412 -0.022469889372587204 -0.012317401356995106 0.058227941393852234 -0.04190421104431152 0.04521907866001129 0.06954436004161835 -0.01628972589969635 -0.0037535447627305984 0.10097472369670868 -0.0755353793501854 -0.005926503799855709 0.018291231244802475 -0.029237937182188034 0.05236537754535675 -0.07089286297559738 0.020377781242132187 0.04486279562115669 -0.0031936836894601583 0.05025603622198105 -0.017374873161315918 -0.05500338599085808 -0.028325574472546577 0.07653570920228958 0.00729632843285799 -0.012699862010776997 -0.017981523647904396 -0.07940752804279327 -0.01748146116733551 -0.019465243443846703 0.004685905762016773 -0.04329492896795273 0.025969142094254494 -0.07063359022140503 0.07463567703962326 0.02786475419998169 -0.05785811319947243 -0.0013642171397805214 0.08176519721746445 -0.01296206284314394 0.07119452953338623 0.02138541080057621 -0.03913980349898338 0.020665818825364113 -0.05268671363592148 0.08650701493024826 0.06773349642753601 0.12383653968572617 -0.04109873250126839 -0.08776267617940903 0.06941009312868118 0.05976051837205887 -0.03407838195562363 0.057489294558763504 0.04995426535606384 0.01952235959470272 0.031847063452005386 -0.0485023595392704 0.037226878106594086 0.08435830473899841 0.03169318661093712 0.037961333990097046 0.00010441490303492174 0.09462546557188034 -0.08928482234477997 0.01901830783462668 0.06330057195180788 0.13689746633362804 0.24076841462160853 0.35921971553641985 0.49342776327607113 0.6816798175232811 0.8262385397321829 0.930169370548195 -1.0263803 -0.8616505 -0.71436095 -0.5535629 -0.39583027 -0.5379739 -0.63400346 -0.76958406 -0.9937656 -1.1070226 -0.8426566 -0.587602 -0.33787984 -0.07213347 -0.30756214 -0.48278207 -0.6680726 -0.9766097
0 400 0.05276362970471382 0.0026798900216817856 0.04225068911910057 -0.037698134779930115 -0.030984653159976006 -0.0657866895198822 -0.00018107891082763672 0.05993029102683067 0.00019371593953110278 -0.0020598520059138536 -0.05739977955818176 0.05063905194401741 -0.04297048598527908 0.028209658339619637 0.00657405611127615 -0.025355322286486626 -0.07417713850736618 -0.023978952318429947 0.08349810540676117 0.04699592664837837 -0.04430747777223587 -0.0014935024082660675 -0.033928997814655304 0.12830492854118347 0.04640911892056465 -0.1012856513261795 -0.05407566949725151 0.05842987447977066 0.04237633943557739 0.09708690643310547 -0.11880428344011307 -0.026963869109749794 -0.014780881814658642 0.06987353414297104 -0.05028505623340607 0.05426289513707161 0.0834532380104065 -0.01954767107963562 -0.004504254087805748 0.12116967141628265 -0.09064245969057083 -0.007111805025488138 0.02194947749376297 -0.0350855253636837 0.06283845752477646 -0.08507143706083298 0.024453338235616684 0.05383535847067833 -0.003832420567050576 0.06030724570155144 -0.02084984816610813 -0.06600406765937805 -0.03399069234728813 0.09184285253286362 0.008755594491958618 -0.015239834785461426 -0.021577829495072365 -0.09528903663158417 -0.020977754145860672 -0.023358292877674103 0.005623087286949158 -0.051953915506601334 0.031162971630692482 -0.08476030826568604 0.08956281840801239 0.03343770653009415 -0.06942974030971527 -0.0016370606608688831 0.09811823815107346 -0.015554475598037243 0.08543343842029572 0.0256624948233366 -0.0469677671790123 0.024798983708024025 -0.06322406232357025 0.10380842536687851 0.08128020167350769 0.14860385656356812 -0.04931848123669624 -0.10531521588563919 0.08329211175441742 0.07171262800693512 -0.04089406132698059 0.0689871534705162 0.05994512140750885 0.023426832631230354 0.0382164791226387 -0.0582028329372406 0.04467225447297096 0.10122997313737869 0.03803182393312454 0.045553602278232574 0.00012529788364190608 0.113550566136837 -0.10714179277420044 0.040889867488215915 0.15668622126376022 0.3188515244050076 0.5113925496761765 0.6818945409633005 0.7650621059453047 0.8700009957667661 0.9292217365522196 0.9796724989614161 -0.9800392 -0.82545435 -0.73140097 -0.50322163 -0.3431615 -0.488145 -0.5781749 -0.7698711 -1.0512195 -1.0159812 -0.74917126 -0.54593706 -0.28747645 -0.0046694577 -0.24185428 -0.46488547 -0.72208226 -1.1118215
1 400 0.05276362970471382 0.0026798900216817856 0.04225068911910057 -0.037698134779930115 -0.030984653159976006 -0.0657866895198822 -0.00018107891082763672 0.05993029102683067 0.00019371593953110278 -0.0020598520059138536 -0.05739977955818176 0.05063905194401741 -0.04297048598527908 0.028209658339619637 0.00657405611127615 -0.025355322286486626 -0.07417713850736618 -0.023978952318429947 0.08349810540676117 0.04699592664837837 -0.04430747777223587 -0.0014935024082660675 -0.033928997814655304 0.12830492854118347 0.04640911892056465 -0.1012856513261795 -0.05407566949725151 0.05842987447977066 0.04237633943557739 0.09708690643310547 -0.11880428344011307 -0.026963869109749794 -0.014780881814658642 0.06987353414297104 -0.05028505623340607 0.05426289513707161 0.0834532380104065 -0.01954767107963562 -0.004504254087805748 0.12116967141628265 -0.09064245969057083 -0.007111805025488138 0.02194947749376297 -0.0350855253636837 0.06283845752477646 -0.08507143706083298 0.024453338235616684 0.05383535847067833 -0.003832420567050576 0.06030724570155144 -0.02084984816610813 -0.06600406765937805 -0.03399069234728813 0.09184285253286362 0.008755594491958618 -0.015239834785461426 -0.021577829495072365 -0.09528903663158417 -0.020977754145860672 -0.023358292877674103 0.005623087286949158 -0.051953915506601334 0.031162971630692482 -0.08476030826568604 0.08956281840801239 0.03343770653009415 -0.06942974030971527 -0.0016370606608688831 0.09811823815107346 -0.015554475598037243 0.08543343842029572 0.0256624948233366 -0.0469677671790123 0.024798983708024025 -0.06322406232357025 0.10380842536687851 0.08128020167350769 0.14860385656356812 -0.04931848123669624 -0.10531521588563919 0.08329211175441742 0.07171262800693512 -0.04089406132698059 0.0689871534705162 0.05994512140750885 0.023426832631230354 0.0382164791226387 -0.0582028329372406 0.04467225447297096 0.10122997313737869 0.03803182393312454 0.045553602278232574 0.00012529788364190608 0.113550566136837 -0.10714179277420044 0.0350291350458516 0.06538688113090091 0.11652469316554698 0.2953384964768967 0.5237870958528972 0.5462230725210616 0.8172363084449389 0.8913504799341471 0.9661805457614522 -1.059192 -0.94465417 -0.9341506 -0.73320186 -0.6890044 -0.6723286 -0.8534416 -1.0081074 -1.1072438 -1.1103196 -0.95164967 -0.8319702 -0.57450235 -0.24585429 -0.52335167 -0.7580788 -0.97613263 -1.1468072
2 400 0.05276362970471382 0.0026798900216817856 0.04225068911910057 -0.037698134779930115 -0.030984653159976006 -0.0657866895198822 -0.00018107891082763672 0.05993029102683067 0.00019371593953110278 -0.0020598520059138536 -0.05739977955818176 0.05063905194401741 -0.04297048598527908 0.028209658339619637 0.00657405611127615 -0.025355322286486626 -0.07417713850736618 -0.023978952318429947 0.08349810540676117 0.04699592664837837 -0.04430747777223587 -0.0014935024082660675 -0.033928997814655304 0.12830492854118347 0.04640911892056465 -0.1012856513261795 -0.05407566949725151 0.05842987447977066 0.04237633943557739 0.09708690643310547 -0.11880428344011307 -0.026963869109749794 -0.014780881814658642 0.06987353414297104 -0.05028505623340607 0.05426289513707161 0.0834532380104065 -0.01954767107963562 -0.004504254087805748 0.12116967141628265 -0.09064245969057083 -0.007111805025488138 0.02194947749376297 -0.0350855253636837 0.06283845752477646 -0.08507143706083298 0.024453338235616684 0.05383535847067833 -0.003832420567050576 0.06030724570155144 -0.02084984816610813 -0.06600406765937805 -0.03399069234728813 0.09184285253286362 0.008755594491958618 -0.015239834785461426 -0.021577829495072365 -0.09528903663158417 -0.020977754145860672 -0.023358292877674103 0.005623087286949158 -0.051953915506601334 0.031162971630692482 -0.08476030826568604 0.08956281840801239 0.03343770653009415 -0.06942974030971527 -0.0016370606608688831 0.09811823815107346 -0.015554475598037243 0.08543343842029572 0.0256624948233366 -0.0469677671790123 0.024798983708024025 -0.06322406232357025 0.10380842536687851 0.08128020167350769 0.14860385656356812 -0.04931848123669624 -0.10531521588563919 0.08329211175441742 0.07171262800693512 -0.04089406132698059 0.0689871534705162 0.05994512140750885 0.023426832631230354 0.0382164791226387 -0.0582028329372406 0.04467225447297096 0.10122997313737869 0.03803182393312454 0.045553602278232574 0.00012529788364190608 0.113550566136837 -0.10714179277420044 0.019231768101311882 0.06347540199233544 0.14219004393333567 0.24085626522864728 0.3591887529830138 0.4943362587692214 0.6816403646812289 0.8241716504862572 0.9297399322655469 -1.0246432 -0.8607856 -0.71270764 -0.5535516 -0.3957761 -0.5374412 -0.6340511 -0.7698785 -0.99349546 -1.1042062 -0.8413032 -0.58240205 -0.33785945 -0.07204321 -0.30619314 -0.48277605 -0.6684084 -0.97594416
0 400 0.06155756488442421 0.00312653835862875 0.049292467534542084 -0.0439811572432518 -0.036148760467767715 -0.07675113528966904 -0.00021125870989635587 0.0699186697602272 0.0002260019100503996 -0.0024031605571508408 -0.06696640700101852 0.0590788908302784 -0.050132233649492264 0.032911267131567 0.007669731508940458 -0.029581207782030106 -0.08653999119997025 -0.02797544188797474 0.09741445630788803 0.05482857674360275 -0.05169205740094185 -0.001742419321089983 -0.039583828300237656 0.14968906342983246 0.05414396896958351 -0.11816658824682236 -0.06308827549219131 0.06816818565130234 0.04943905770778656 0.11326804757118225 -0.138604998588562 -0.031457845121622086 -0.017244361340999603 0.08151911944150925 -0.05866589397192001 0.06330671161413193 0.09736210107803345 -0.02280561625957489 -0.005254962481558323 0.14136460423469543 -0.10574953258037567 -0.008297105319797993 0.025607723742723465 -0.04093310981988907 0.07331153005361557 -0.09925000369548798 0.028528893366456032 0.06280791014432907 -0.00447115721181035 0.07035844773054123 -0.024324821308255196 -0.07700473815202713 -0.03965580463409424 0.10714998841285706 0.010214859619736671 -0.01777980662882328 -0.025174133479595184 -0.11117053776979446 -0.024474045261740685 -0.027251340448856354 0.006560267880558968 -0.06061289831995964 0.03635679930448532 -0.09888702630996704 0.10448994487524033 0.039010655134916306 -0.08100135624408722 -0.0019099039491266012 0.11447127163410187 -0.01814688742160797 0.0996723398566246 0.029939575120806694 -0.05479572340846062 0.028932146728038788 -0.07376139611005783 0.12110982090234756 0.09482689201831818 0.17337115108966827 -0.0575382262468338 -0.12286774814128876 0.09717413038015366 0.08366472274065018 -0.04770973324775696 0.08048500865697861 0.06993597000837326 0.02733130380511284 0.04458588734269142 -0.0679033026099205 0.05211762711405754 0.11810162663459778 0.044370461255311966 0.053145866841077805 0.00014618085697293282 0.13247564435005188 -0.12499874830245972 0.04077693386682367 0.15808414396780834 0.3217567597008692 0.5114213890028533 0.6817795016449847 0.763681458030618 0.8702963276232101 0.9289992388057539 0.9795690795595963 -0.97969407 -0.8256402 -0.73417604 -0.50317985 -0.3438459 -0.48578113 -0.5784155 -0.7698387 -1.0522045 -1.0146141 -0.74893093 -0.56495965 -0.28741103 -0.0058668554 -0.2379665 -0.46518642 -0.7218613 -1.1126554
1 400 0.06155756488442421 0.00312653835862875 0.049292467534542084 -0.0439811572432518 -0.036148760467767715 -0.07675113528966904 -0.00021125870989635587 0.0699186697602272 0.0002260019100503996 -0.0024031605571508408 -0.06696640700101852 0.0590788908302784 -0.050132233649492264 0.032911267131567 0.007669731508940458 -0.029581207782030106 -0.08653999119997025 -0.02797544188797474 0.09741445630788803 0.05482857674360275 -0.05169205740094185 -0.001742419321089983 -0.039583828300237656 0.14968906342983246 0.05414396896958351 -0.11816658824682236 -0.06308827549219131 0.06816818565130234 0.04943905770778656 0.11326804757118225 -0.138604998588562 -0.031457845121622086 -0.017244361340999603 0.08151911944150925 -0.05866589397192001 0.06330671161413193 0.09736210107803345 -0.02280561625957489 -0.005254962481558323 0.14136460423469543 -0.10574953258037567 -0.008297105319797993 0.025607723742723465 -0.04093310981988907 0.07331153005361557 -0.09925000369548798 0.028528893366456032 0.06280791014432907 -0.00447115721181035 0.07035844773054123 -0.024324821308255196 -0.07700473815202713 -0.03965580463409424 0.10714998841285706 0.010214859619736671 -0.01777980662882328 -0.025174133479595184 -0.11117053776979446 -0.024474045261740685 -0.027251340448856354 0.006560267880558968 -0.06061289831995964 0.03635679930448532 -0.09888702630996704 0.10448994487524033 0.039010655134916306 -0.08100135624408722 -0.0019099039491266012 0.11447127163410187 -0.01814688742160797 0.0996723398566246 0.029939575120806694 -0.05479572340846062 0.028932146728038788 -0.07376139611005783 0.12110982090234756 0.09482689201831818 0.17337115108966827 -0.0575382262468338 -0.12286774814128876 0.09717413038015366 0.08366472274065018 -0.04770973324775696 0.08048500865697861 0.06993597000837326 0.02733130380511284 0.04458588734269142 -0.0679033026099205 0.05211762711405754 0.11810162663459778 0.044370461255311966 0.053145866841077805 0.00014618085697293282 0.13247564435005188 -0.12499874830245972 0.03488543933071654 0.06451304090279472 0.11252669364142558 0.2952029686510695 0.5429100171805493 0.5267978791077075 0.8175264060869922 0.8850815625500471 0.9660920112983717 -1.0621248 -0.9488088 -0.9420545 -0.7370151 -0.67238486 -0.6790081 -0.8601565 -1.0158166 -1.1150603 -1.1122872 -0.9556329 -0.84249985 -0.5775305 -0.25376704 -0.5315681 -0.7657946 -0.985638 -1.1555183
2 400 0.06155756488442421 0.00312653835862875 0.049292467534542084 -0.0439811572432518 -0.036148760467767715 -0.07675113528966904 -0.00021125870989635587 0.0699186697602272 0.0002260019100503996 -0.0024031605571508408 -0.06696640700101852 0.0590788908302784 -0.050132233649492264 0.032911267131567 0.007669731508940458 -0.029581207782030106 -0.08653999119997025 -0.02797544188797474 0.09741445630788803 0.05482857674360275 -0.05169205740094185 -0.001742419321089983 -0.039583828300237656 0.14968906342983246 0.05414396896958351 -0.11816658824682236 -0.06308827549219131 0.06816818565130234 0.04943905770778656 0.11326804757118225 -0.138604998588562 -0.031457845121622086 -0.017244361340999603 0.08151911944150925 -0.05866589397192001 0.06330671161413193 0.09736210107803345 -0.02280561625957489 -0.005254962481558323 0.14136460423469543 -0.10574953258037567 -0.008297105319797993 0.025607723742723465 -0.04093310981988907 0.07331153005361557 -0.09925000369548798 0.028528893366456032 0.06280791014432907 -0.00447115721181035 0.07035844773054123 -0.024324821308255196 -0.07700473815202713 -0.03965580463409424 0.10714998841285706 0.010214859619736671 -0.01777980662882328 -0.025174133479595184 -0.11117053776979446 -0.024474045261740685 -0.027251340448856354 0.006560267880558968 -0.06061289831995964 0.03635679930448532 -0.09888702630996704 0.10448994487524033 0.039010655134916306 -0.08100135624408722 -0.0019099039491266012 0.11447127163410187 -0.01814688742160797 0.0996723398566246 0.029939575120806694 -0.05479572340846062 0.028932146728038788 -0.07376139611005783 0.12110982090234756 0.09482689201831818 0.17337115108966827 -0.0575382262468338 -0.12286774814128876 0.09717413038015366 0.08366472274065018 -0.04770973324775696 0.08048500865697861 0.06993597000837326 0.02733130380511284 0.04458588734269142 -0.0679033026099205 0.05211762711405754 0.11810162663459778 0.044370461255311966 0.053145866841077805 0.00014618085697293282 0.13247564435005188 -0.12499874830245972 0.01944757965381255 0.06364863884640727 0.14759918850963424 0.24095324627934028 0.35916925223667057 0.49523746326207124 0.681600916405651 0.8219820762004368 0.9293115788117472 -1.0229061 -0.85991204 -0.7110703 -0.55353916 -0.395742 -0.5369121 -0.6340987 -0.7701111 -0.9931545 -1.1013899 -0.8399384 -0.5772522 -0.33783695 -0.07198641 -0.30483297 -0.48276997 -0.66864955 -0.97520137
0 400 0.0703515037894249 0.003573186695575714 0.056334253400564194 -0.050264179706573486 -0.041312869638204575 -0.08771558851003647 -0.00024143853806890547 0.07990705221891403 0.0002582879096735269 -0.0027464693412184715 -0.07653304189443588 0.06751873344182968 -0.057293981313705444 0.037612877786159515 0.008765407837927341 -0.033807095140218735 -0.09890284389257431 -0.03197193518280983 0.11133080720901489 0.06266123056411743 -0.05907663702964783 -0.001991336466744542 -0.045238662511110306 0.17107322812080383 0.06187882646918297 -0.1350475400686264 -0.07210089266300201 0.07790649682283401 0.056501783430576324 0.12944920361042023 -0.15840570628643036 -0.035951822996139526 -0.01970784179866314 0.09316470474004745 -0.06704673916101456 0.07235052436590195 0.1112709790468216 -0.02606356143951416 -0.0060056718066334724 0.1615595668554306 -0.12085660547018051 -0.009482406079769135 0.02926596999168396 -0.046780701726675034 0.08378460258245468 -0.11342858523130417 0.03260445222258568 0.07178047299385071 -0.005109894089400768 0.08040966093540192 -0.02779979817569256 -0.0880054160952568 -0.04532092064619064 0.12245713919401169 0.0116741256788373 -0.020319780334830284 -0.028770437464118004 -0.12705205380916595 -0.027970338240265846 -0.031144389882683754 0.007497449405491352 -0.06927188485860825 0.04155062884092331 -0.11301374435424805 0.11941708624362946 0.04458360746502876 -0.09257297962903976 -0.002182747470214963 0.13082431256771088 -0.020739300176501274 0.11391124874353409 0.034216657280921936 -0.06262368708848953 0.0330653116106987 -0.0842987447977066 0.13841122388839722 0.10837359726428986 0.19813846051692963 -0.06575797498226166 -0.14042028784751892 0.11105614900588989 0.09561683237552643 -0.05452541261911392 0.0919828712940216 0.07992682605981827 0.031235774978995323 0.05095530301332474 -0.077603779733181 0.059563007205724716 0.13497328758239746 0.05070909857749939 0.06073813512921333 0.00016706384485587478 0.15140074491500854 -0.1428557187318802 0.040629620872711374 0.15948234429506764 0.32469325330284093 0.5114502315824271 0.6816588788369279 0.7622116182416149 0.8701288926333921 0.9287386402398154 0.9794927941074141 -0.9795058 -0.8258892 -0.7369697 -0.503138 -0.3445406 -0.4834665 -0.57840395 -0.7697224 -1.0532744 -1.0134834 -0.7487806 -0.58413064 -0.2873456 -0.0070815086 -0.23415837 -0.46508265 -0.7215145 -1.1136606
1 400 0.0703515037894249 0.003573186695575714 0.056334253400564194 -0.050264179706573486 -0.041312869638204575 -0.08771558851003647 -0.00024143853806890547 0.07990705221891403 0.0002582879096735269 -0.0027464693412184715 -0.07653304189443588 0.06751873344182968 -0.057293981313705444 0.037612877786159515 0.008765407837927341 -0.033807095140218735 -0.09890284389257431 -0.03197193518280983 0.11133080720901489 0.06266123056411743 -0.05907663702964783 -0.001991336466744542 -0.045238662511110306 0.17107322812080383 0.06187882646918297 -0.1350475400686264 -0.07210089266300201 0.07790649682283401 0.056501783430576324 0.12944920361042023 -0.15840570628643036 -0.035951822996139526 -0.01970784179866314 0.09316470474004745 -0.06704673916101456 0.07235052436590195 0.1112709790468216 -0.02606356143951416 -0.0060056718066334724 0.1615595668554306 -0.12085660547018051 -0.009482406079769135 0.02926596999168396 -0.046780701726675034 0.08378460258245468 -0.11342858523130417 0.03260445222258568 0.07178047299385071 -0.005109894089400768 0.08040966093540192 -0.02779979817569256 -0.0880054160952568 -0.04532092064619064 0.12245713919401169 0.0116741256788373 -0.020319780334830284 -0.028770437464118004 -0.12705205380916595 -0.027970338240265846 -0.031144389882683754 0.007497449405491352 -0.06927188485860825 0.04155062884092331 -0.11301374435424805 0.11941708624362946 0.04458360746502876 -0.09257297962903976 -0.002182747470214963 0.13082431256771088 -0.020739300176501274 0.11391124874353409 0.034216657280921936 -0.06262368708848953 0.0330653116106987 -0.0842987447977066 0.13841122388839722 0.10837359726428986 0.19813846051692963 -0.06575797498226166 -0.14042028784751892 0.11105614900588989 0.09561683237552643 -0.05452541261911392 0.0919828712940216 0.07992682605981827 0.031235774978995323 0.05095530301332474 -0.077603779733181 0.059563007205724716 0.13497328758239746 0.05070909857749939 0.06073813512921333 0.00016706384485587478 0.15140074491500854 -0.1428557187318802 0.034744628425759275 0.06257561791405615 0.10865891253006038 0.29505345046823855 0.5628392335863455 0.5073638482585203 0.8178409185107356 0.8785322066443791 0.9659838627800078 -1.0650749 -0.95399344 -0.9499174 -0.7408604 -0.657415 -0.68585294 -0.8668611 -1.0236406 -1.1227877 -1.1142776 -0.96169436 -0.85297596 -0.58059 -0.2610873 -0.5399717 -0.77350783 -0.9953103 -1.1640959
2 400 0.0703515037894249 0.003573186695575714 0.056334253400564194 -0.050264179706573486 -0.041312869638204575 -0.08771558851003647 -0.00024143853806890547 0.07990705221891403 0.0002582879096735269 -0.0027464693412184715 -0.07653304189443588 0.06751873344182968 -0.057293981313705444 0.037612877786159515 0.008765407837927341 -0.033807095140218735 -0.09890284389257431 -0.03197193518280983 0.11133080720901489 0.06266123056411743 -0.05907663702964783 -0.001991336466744542 -0.045238662511110306 0.17107322812080383 0.06187882646918297 -0.1350475400686264 -0.07210089266300201 0.07790649682283401 0.056501783430576324 0.12944920361042023 -0.15840570628643036 -0.035951822996139526 -0.01970784179866314 0.09316470474004745 -0.06704673916101456 0.07235052436590195 0.1112709790468216 -0.02606356143951416 -0.0060056718066334724 0.1615595668554306 -0.12085660547018051 -0.009482406079769135 0.02926596999168396 -0.046780701726675034 0.08378460258245468 -0.11342858523130417 0.03260445222258568 0.07178047299385071 -0.005109894089400768 0.08040966093540192 -0.02779979817569256 -0.0880054160952568 -0.04532092064619064 0.12245713919401169 0.0116741256788373 -0.020319780334830284 -0.028770437464118004 -0.12705205380916595 -0.027970338240265846 -0.031144389882683754 0.007497449405491352 -0.06927188485860825 0.04155062884092331 -0.11301374435424805 0.11941708624362946 0.04458360746502876 -0.09257297962903976 -0.002182747470214963 0.13082431256771088 -0.020739300176501274 0.11391124874353409 0.034216657280921936 -0.06262368708848953 0.0330653116106987 -0.0842987447977066 0.13841122388839722 0.10837359726428986 0.19813846051692963 -0.06575797498226166 -0.14042028784751892 0.11105614900588989 0.09561683237552643 -0.05452541261911392 0.0919828712940216 0.07992682605981827 0.031235774978995323 0.05095530301332474 -0.077603779733181 0.059563007205724716 0.13497328758239746 0.05070909857749939 0.06073813512921333 0.00016706384485587478 0.15140074491500854 -0.1428557187318802 0.01966576658935214 0.06382229169025212 0.14721058615189234 0.24106033571856952 0.3592057178939053 0.4961460678749365 0.6814571052605337 0.819848132382194 0.9289054388777038 -1.021169 -0.8590386 -0.71480894 -0.55352545 -0.39580578 -0.5363794 -0.6341716 -0.77037984 -0.99291015 -1.0985736 -0.83857346 -0.5805055 -0.33781213 -0.07209268 -0.30346397 -0.48282588 -0.66895616 -0.9745884
0 400 0.07914543896913528 0.004019835032522678 0.0633760318160057 -0.05654720216989517 -0.046476978808641434 -0.0986800268292427 -0.0002716183371376246 0.08989543467760086 0.00029057389474473894 -0.0030897778924554586 -0.08609966188669205 0.07595857232809067 -0.06445572525262833 0.04231448471546173 0.009861083701252937 -0.038032982498407364 -0.11126569658517838 -0.03596842661499977 0.12524715065956116 0.07049388438463211 -0.06646121293306351 -0.0022402533795684576 -0.05089349299669266 0.19245736300945282 0.06961367279291153 -0.15192846953868866 -0.08111350238323212 0.08764480799436569 0.06356450170278549 0.145630344748497 -0.1782064139842987 -0.04044580087065697 -0.022171322256326675 0.10481029003858566 -0.0754275768995285 0.08139433711767197 0.12517984211444855 -0.02932150661945343 -0.006756380200386047 0.18175449967384338 -0.13596367835998535 -0.010667706839740276 0.032924216240644455 -0.0526282861828804 0.09425767511129379 -0.12760715186595917 0.03668000549077988 0.08075302839279175 -0.005748630501329899 0.09046085923910141 -0.03127476945519447 -0.09900609403848648 -0.05098603293299675 0.13776427507400513 0.013133390806615353 -0.02285975031554699 -0.03236674144864082 -0.14293354749679565 -0.03146662935614586 -0.035037435591220856 0.008434629999101162 -0.07793086767196655 0.046744454652071 -0.12714046239852905 0.134344220161438 0.05015655606985092 -0.10414460301399231 -0.002455590758472681 0.14717735350131989 -0.023331712931394577 0.12815015017986298 0.03849373757839203 -0.07045164704322815 0.037198472768068314 -0.09483607858419418 0.15571261942386627 0.12192028760910034 0.22290576994419098 -0.07397771626710892 -0.1579728126525879 0.12493816763162613 0.10756892710924149 -0.06134108453989029 0.10348072648048401 0.08991767466068268 0.03514024615287781 0.05732471123337746 -0.0873042419552803 0.067008376121521 0.15184494853019714 0.05704773589968681 0.06833039969205856 0.0001879468181869015 0.17032583057880402 -0.16071267426013947 0.040499138784602526 0.16076199803558017 0.3276436520323527 0.5114790462290072 0.6815438082672186 0.7608177681244406 0.8699616010001552 0.9285162645569284 0.9793987873149219 -0.9792787 -0.8261926 -0.73976344 -0.5030962 -0.345225 -0.48108608 -0.57839227 -0.7697134 -1.0542312 -1.0122986 -0.74872446 -0.6033016 -0.28728017 -0.008278877 -0.2302434 -0.464979 -0.7213214 -1.1144904
1 400 0.07914543896913528 0.004019835032522678 0.0633760318160057 -0.05654720216989517 -0.046476978808641434 -0.0986800268292427 -0.0002716183371376246 0.08989543467760086 0.00029057389474473894 -0.0030897778924554586 -0.08609966188669205 0.07595857232809067 -0.06445572525262833 0.04231448471546173 0.009861083701252937 -0.038032982498407364 -0.11126569658517838 -0.03596842661499977 0.12524715065956116 0.07049388438463211 -0.06646121293306351 -0.0022402533795684576 -0.05089349299669266 0.19245736300945282 0.06961367279291153 -0.15192846953868866 -0.08111350238323212 0.08764480799436569 0.06356450170278549 0.145630344748497 -0.1782064139842987 -0.04044580087065697 -0.022171322256326675 0.10481029003858566 -0.0754275768995285 0.08139433711767197 0.12517984211444855 -0.02932150661945343 -0.006756380200386047 0.18175449967384338 -0.13596367835998535 -0.010667706839740276 0.032924216240644455 -0.0526282861828804 0.09425767511129379 -0.12760715186595917 0.03668000549077988 0.08075302839279175 -0.005748630501329899 0.09046085923910141 -0.03127476945519447 -0.09900609403848648 -0.05098603293299675 0.13776427507400513 0.013133390806615353 -0.02285975031554699 -0.03236674144864082 -0.14293354749679565 -0.03146662935614586 -0.035037435591220856 0.008434629999101162 -0.07793086767196655 0.046744454652071 -0.12714046239852905 0.134344220161438 0.05015655606985092 -0.10414460301399231 -0.002455590758472681 0.14717735350131989 -0.023331712931394577 0.12815015017986298 0.03849373757839203 -0.07045164704322815 0.037198472768068314 -0.09483607858419418 0.15571261942386627 0.12192028760910034 0.22290576994419098 -0.07397771626710892 -0.1579728126525879 0.12493816763162613 0.10756892710924149 -0.06134108453989029 0.10348072648048401 0.08991767466068268 0.03514024615287781 0.05732471123337746 -0.0873042419552803 0.067008376121521 0.15184494853019714 0.05704773589968681 0.06833039969205856 0.0001879468181869015 0.17032583057880402 -0.16071267426013947 0.034505353157835296 0.06067508040095076 0.10462384939568017 0.2913465577301233 0.5738460437096293 0.4879079374913555 0.8178040827040466 0.8717254826987165 0.9658529126979652 -1.0683442 -0.9591527 -0.95751595 -0.7456128 -0.64888453 -0.69272035 -0.8729651 -1.0314684 -1.1304767 -1.1167924 -0.96772873 -0.86315525 -0.5855331 -0.27524844 -0.5483997 -0.780412 -1.0049931 -1.172593
2 400 0.07914543896913528 0.004019835032522678 0.0633760318160057 -0.05654720216989517 -0.046476978808641434 -0.0986800268292427 -0.0002716183371376246 0.08989543467760086 0.00029057389474473894 -0.0030897778924554586 -0.08609966188669205 0.07595857232809067 -0.06445572525262833 0.04231448471546173 0.009861083701252937 -0.038032982498407364 -0.11126569658517838 -0.03596842661499977 0.12524715065956116 0.07049388438463211 -0.06646121293306351 -0.0022402533795684576 -0.05089349299669266 0.19245736300945282 0.06961367279291153 -0.15192846953868866 -0.08111350238323212 0.08764480799436569 0.06356450170278549 0.145630344748497 -0.1782064139842987 -0.04044580087065697 -0.022171322256326675 0.10481029003858566 -0.0754275768995285 0.08139433711767197 0.12517984211444855 -0.02932150661945343 -0.006756380200386047 0.18175449967384338 -0.13596367835998535 -0.010667706839740276 0.032924216240644455 -0.0526282861828804 0.09425767511129379 -0.12760715186595917 0.03668000549077988 0.08075302839279175 -0.005748630501329899 0.09046085923910141 -0.03127476945519447 -0.09900609403848648 -0.05098603293299675 0.13776427507400513 0.013133390806615353 -0.02285975031554699 -0.03236674144864082 -0.14293354749679565 -0.03146662935614586 -0.035037435591220856 0.008434629999101162 -0.07793086767196655 0.046744454652071 -0.12714046239852905 0.134344220161438 0.05015655606985092 -0.10414460301399231 -0.002455590758472681 0.14717735350131989 -0.023331712931394577 0.12815015017986298 0.03849373757839203 -0.07045164704322815 0.037198472768068314 -0.09483607858419418 0.15571261942386627 0.12192028760910034 0.22290576994419098 -0.07397771626710892 -0.1579728126525879 0.12493816763162613 0.10756892710924149 -0.06134108453989029 0.10348072648048401 0.08991767466068268 0.03514024615287781 0.05732471123337746 -0.0873042419552803 0.067008376121521 0.15184494853019714 0.05704773589968681 0.06833039969205856 0.0001879468181869015 0.17032583057880402 -0.16071267426013947 0.019886351998686703 0.06399639082854458 0.1460607851594611 0.24114830247119423 0.35918623068523764 0.49647773747558777 0.6814176505166495 0.8177647788901349 0.9284440511921809 -1.0194318 -0.858165 -0.71925235 -0.5535142 -0.39577168 -0.53656286 -0.6342192 -0.77040696 -0.99254346 -1.0957572 -0.83720875 -0.58486253 -0.33779174 -0.07203588 -0.3033206 -0.4828198 -0.66875696 -0.973793
0 400 0.08793938159942627 0.004466483369469643 0.07041781395673752 -0.06283022463321686 -0.05164108797907829 -0.10964448004961014 -0.0003017981653101742 0.09988381713628769 0.000322859879815951 -0.0034330866765230894 -0.0956662967801094 0.08439841866493225 -0.0716174766421318 0.047016095370054245 0.010956759564578533 -0.04225886985659599 -0.12362855672836304 -0.03996491804718971 0.13916350901126862 0.07832653820514679 -0.07384579628705978 -0.0024891705252230167 -0.05654832720756531 0.2138415277004242 0.07734853029251099 -0.1688094139099121 -0.09012611210346222 0.09738311916589737 0.07062722742557526 0.16181150078773499 -0.19800713658332825 -0.04493977874517441 -0.02463480271399021 0.11645588278770447 -0.08380842208862305 0.09043815732002258 0.1390887200832367 -0.0325794517993927 -0.007507089525461197 0.20194944739341736 -0.1510707587003708 -0.011853007599711418 0.03658246248960495 -0.05847587436437607 0.1047307550907135 -0.14178572595119476 0.040755562484264374 0.08972559124231339 -0.006387367378920317 0.1005120724439621 -0.034749746322631836 -0.11000677198171616 -0.056651148945093155 0.15307141840457916 0.01459265686571598 -0.025399724021553993 -0.03596304729580879 -0.15881505608558655 -0.03496292233467102 -0.038930486887693405 0.009371811524033546 -0.08658985793590546 0.05193828418850899 -0.14126718044281006 0.14927135407924652 0.05572950839996338 -0.11571622639894485 -0.002728434279561043 0.1635303944349289 -0.02592412568628788 0.14238905906677246 0.04277082160115242 -0.07827960699796677 0.041331637650728226 -0.10537342727184296 0.17301402986049652 0.13546699285507202 0.24767307937145233 -0.08219746500253677 -0.17552535235881805 0.13882018625736237 0.11952103674411774 -0.06815676391124725 0.11497858911752701 0.09990853071212769 0.03904471918940544 0.06369412690401077 -0.0970047190785408 0.07445375621318817 0.16871660947799683 0.06338637322187424 0.07592266798019409 0.00020882980606984347 0.18925093114376068 -0.17856964468955994 0.040357127572084886 0.16150500355832037 0.3305843123182125 0.5114982577972297 0.6814254276247944 0.7559219677075393 0.869794238401507 0.9283201013663586 0.9792889271270242 -0.9790743 -0.8269629 -0.74253225 -0.5030683 -0.345977 -0.47917208 -0.5783802 -0.7697068 -1.0550636 -1.0111513 -0.74940383 -0.62227476 -0.28723657 -0.009596109 -0.22716886 -0.46487522 -0.721153 -1.1151377
1 400 0.08793938159942627 0.004466483369469643 0.07041781395673752 -0.06283022463321686 -0.05164108797907829 -0.10964448004961014 -0.0003017981653101742 0.09988381713628769 0.000322859879815951 -0.0034330866765230894 -0.0956662967801094 0.08439841866493225 -0.0716174766421318 0.047016095370054245 0.010956759564578533 -0.04225886985659599 -0.12362855672836304 -0.03996491804718971 0.13916350901126862 0.07832653820514679 -0.07384579628705978 -0.0024891705252230167 -0.05654832720756531 0.2138415277004242 0.07734853029251099 -0.1688094139099121 -0.09012611210346222 0.09738311916589737 0.07062722742557526 0.16181150078773499 -0.19800713658332825 -0.04493977874517441 -0.02463480271399021 0.11645588278770447 -0.08380842208862305 0.09043815732002258 0.1390887200832367 -0.0325794517993927 -0.007507089525461197 0.20194944739341736 -0.1510707587003708 -0.011853007599711418 0.03658246248960495 -0.05847587436437607 0.1047307550907135 -0.14178572595119476 0.040755562484264374 0.08972559124231339 -0.006387367378920317 0.1005120724439621 -0.034749746322631836 -0.11000677198171616 -0.056651148945093155 0.15307141840457916 0.01459265686571598 -0.025399724021553993 -0.03596304729580879 -0.15881505608558655 -0.03496292233467102 -0.038930486887693405 0.009371811524033546 -0.08658985793590546 0.05193828418850899 -0.14126718044281006 0.14927135407924652 0.05572950839996338 -0.11571622639894485 -0.002728434279561043 0.1635303944349289 -0.02592412568628788 0.14238905906677246 0.04277082160115242 -0.07827960699796677 0.041331637650728226 -0.10537342727184296 0.17301402986049652 0.13546699285507202 0.24767307937145233 -0.08219746500253677 -0.17552535235881805 0.13882018625736237 0.11952103674411774 -0.06815676391124725 0.11497858911752701 0.09990853071212769 0.03904471918940544 0.06369412690401077 -0.0970047190785408 0.07445375621318817 0.16871660947799683 0.06338637322187424 0.07592266798019409 0.00020882980606984347 0.18925093114376068 -0.17856964468955994 0.033563991024643816 0.058841671316795185 0.09985829435158237 0.2851753687803606 0.5621554404617302 0.4686420572185674 0.8177334999794619 0.8645370756514567 0.9657578470295631 -1.0727866 -0.9642618 -0.9648366 -0.7509716 -0.6462918 -0.69951683 -0.8789074 -1.0391629 -1.1381645 -1.1216987 -0.97370565 -0.8731028 -0.5917821 -0.28354996 -0.55674124 -0.78712046 -1.0145038 -1.1811484
2 400 0.08793938159942627 0.004466483369469643 0.07041781395673752 -0.06283022463321686 -0.05164108797907829 -0.10964448004961014 -0.0003017981653101742 0.09988381713628769 0.000322859879815951 -0.0034330866765230894 -0.0956662967801094 0.08439841866493225 -0.0716174766421318 0.047016095370054245 0.010956759564578533 -0.04225886985659599 -0.12362855672836304 -0.03996491804718971 0.13916350901126862 0.07832653820514679 -0.07384579628705978 -0.0024891705252230167 -0.05654832720756531 0.2138415277004242 0.07734853029251099 -0.1688094139099121 -0.09012611210346222 0.09738311916589737 0.07062722742557526 0.16181150078773499 -0.19800713658332825 -0.04493977874517441 -0.02463480271399021 0.11645588278770447 -0.08380842208862305 0.09043815732002258 0.1390887200832367 -0.0325794517993927 -0.007507089525461197 0.20194944739341736 -0.1510707587003708 -0.011853007599711418 0.03658246248960495 -0.05847587436437607 0.1047307550907135 -0.14178572595119476 0.040755562484264374 0.08972559124231339 -0.006387367378920317 0.1005120724439621 -0.034749746322631836 -0.11000677198171616 -0.056651148945093155 0.15307141840457916 0.01459265686571598 -0.025399724021553993 -0.03596304729580879 -0.15881505608558655 -0.03496292233467102 -0.038930486887693405 0.009371811524033546 -0.08658985793590546 0.05193828418850899 -0.14126718044281006 0.14927135407924652 0.05572950839996338 -0.11571622639894485 -0.002728434279561043 0.1635303944349289 -0.02592412568628788 0.14238905906677246 0.04277082160115242 -0.07827960699796677 0.041331637650728226 -0.10537342727184296 0.17301402986049652 0.13546699285507202 0.24767307937145233 -0.08219746500253677 -0.17552535235881805 0.13882018625736237 0.11952103674411774 -0.06815676391124725 0.11497858911752701 0.09990853071212769 0.03904471918940544 0.06369412690401077 -0.0970047190785408 0.07445375621318817 0.16871660947799683 0.06338637322187424 0.07592266798019409 0.00020882980606984347 0.18925093114376068 -0.17856964468955994 0.020121232143005173 0.06417093187309605 0.14501253538011377 0.2412453523804802 0.35917580351304823 0.49236577284612926 0.6813781449951344 0.8157510023720753 0.9280333238055384 -1.0176003 -0.8572916 -0.7234835 -0.5535017 -0.39575338 -0.5391475 -0.63426685 -0.77040035 -0.99229914 -1.0927907 -0.8358439 -0.5893767 -0.33776924 -0.072005406 -0.3074545 -0.48281372 -0.66844594 -0.97317994
-0.050776742 0.10723068 0.22181056 0.013068744 
0.03320921 -0.06399196 -0.053267267 0.12332706 
0.0820598 0.0029375756 0.025467925 0.15328602 
0.050914593 -0.066454865 -0.021896387 -0.017458424 
-0.04099148 -0.023555882 0.14073493 -0.06121369 
0.15335706 -0.056769338 0.024420291 -0.13227779 
-0.16465376 -0.01542382 0.033215184 0.026076283 
0.10731113 0.10763687 0.038499333 0.02876804 
-0.0153067205 -0.04786661 -0.07478123 0.08210761 
0.065656476 0.014378574 0.0891136 -0.025675032 
-0.112448476 -0.11425025 0.0119845 -0.0038386886 
-0.023620661 0.092203274 0.20996995 0.032434847 
0.2078509 -0.039635964 0.10374718 -0.07277709 
0.022759588 0.024066664 -0.111275904 0.051857408 
0.03226693 -0.024941178 0.09504771 0.07731134 
0.14019556 -0.0052185953 0.04062229 -0.07717415 
-0.09992149 -0.044915844 -0.04798116 -0.19585234 
0.20083503 0.0068740947 -0.0012418043 -0.09584886 
-0.10177603 0.2166845 0.071735226 -0.08604842 
0.13597941 0.04170592 0.03754015 0.10214574 
-0.0426059 -0.10113132 0.110736266 0.029126273 
-0.012690448 -0.0014484427 0.009934846 -0.0023966972 
-0.13382877 -0.14213607 0.03149675 0.13396378 
-0.09601024 0.19138049 -0.1505368 0.10807556 
0.07723029 0.14619811 -0.09074581 -0.10130296 
-0.17554294 -0.17521381 0.03126123 -0.053602707 
-0.015920928 -0.07165861 0.034809977 -0.06537637 
-0.083644934 0.021537803 0.075590424 0.17852269 
0.07828068 0.12667449 -0.07946238 -0.07963778 
-0.14657107 0.074038245 -0.0117275175 0.21661302 
0.10795914 -0.19521455 -0.06709781 -0.082012564 
-0.06639898 0.03661202 -0.19259228 -0.18129684 
0.079932526 -0.0444944 0.13141344 0.03846944 
0.18316786 0.052268706 -0.11315152 0.15674171 
0.09799844 -0.11945945 0.07989691 0.041622464 
-0.09588963 -0.013163332 0.04915678 0.22427815 
0.1721751 0.10038878 0.0731701 0.13225839 
0.051455714 -0.0031626476 -0.047431402 -0.06818012 
0.15148483 0.027790857 -0.036933996 -0.06637378 
-0.17306623 0.11848165 -0.06670975 0.21919963 
-0.08447214 -0.14849687 0.052897494 -0.059589025 
-0.13825549 0.05850922 0.21783862 -0.119896695 
0.17930028 0.028172385 0.041963756 0.03634666 
0.17490177 -0.020223174 -0.021462433 -0.089250945 
-0.14043884 0.107673414 0.01749144 0.03206097 
0.22333111 -0.15084867 -0.04875268 -0.035220664 
0.14842072 0.058877632 0.20472303 0.0008173231 
-0.1552409 0.09438196 0.082348555 0.027724445 
0.16235423 -0.061351832 0.117724754 0.11023507 
-0.025432741 0.13672993 0.027246024 -0.026797287 
0.013705778 -0.10373188 -0.018919753 0.11160558 
-0.09996166 -0.098567314 -0.009189404 -0.06523468 
-0.12677236 -0.011790982 0.04943034 -0.102394134 
0.103677474 0.19619416 0.066924915 -0.013692819 
-0.052116144 -0.010819492 -0.13746026 0.040482864 
0.12098481 0.048883814 -0.035696395 -0.14479169 
0.0076072947 -0.039957196 0.07845341 -0.0002937268 
-0.09591785 -0.10850108 0.21829036 -0.13761795 
0.074583665 0.004050205 0.10016066 -0.07516516 
-0.04312068 -0.072258405 0.028402107 0.047201194 
0.090685256 0.076071315 0.16939475 -0.10348653 
0.14767808 -0.14973062 -0.024147656 0.08418116 
0.039756056 0.054238807 0.01558061 0.017415116 
0.08762131 -0.07533804 -0.09321417 -0.17815977 
0.0066441945 0.17466664 -0.21276434 -0.00565461 
0.013769012 0.0677163 0.14289707 0.00995545 
0.13126324 -0.10145639 0.04458132 -0.06319544 
0.102374166 0.049126595 0.09494746 -0.08618809 
0.14516418 0.20810562 -0.09612481 -0.023449605 
-0.005054162 -0.08177264 -0.107697055 0.08401031 
-0.09553466 0.14210121 0.06963808 0.05699928 
0.07501647 0.03504094 0.06362963 0.036608648 
0.060742475 0.029816797 0.0060126595 -0.2246519 
0.10447988 0.1446382 -0.06387817 -0.1750551 
0.14831027 -0.15559676 0.022398243 0.057009123 
-0.061459284 0.15154877 -0.042153586 0.09968498 
-0.06853029 0.21180975 0.07763638 -0.084084615 
-0.06939024 0.19143517 -0.119222224 0.18530108 
-0.10363207 -0.06690024 0.017667579 -0.05991336 
-0.111988 -0.19838832 -0.114124104 -0.035355784 
0.08379706 0.07935723 0.067411356 0.16753173 
0.1110698 0.12534781 -0.053963162 0.032945324 
-0.1648372 -0.05940176 0.019873597 -0.043963835 
0.12266782 0.110359825 0.098310344 0.061760988 
-0.111246645 0.17777193 0.05869905 -0.10261966 
0.014806772 0.069716394 0.06036344 -0.036436826 
-0.11929618 0.027368274 -0.010880767 0.08661082 
-0.016723683 -0.07094858 0.10352102 -0.07675681 
0.009840817 0.10477613 0.2176853 -0.011010026 
0.10110542 0.176756 0.025573354 0.053044047 
0.12119117 0.066666745 -0.081011064 0.0147135295 
0.15022558 0.039371256 0.0286063 0.100788206 
-0.13717714 -0.022474073 -0.0019183619 0.038102515 
0.15063117 0.11467549 -0.091006264 0.20393904 
0.08706373 -0.23074242 -0.056976613 0.025760313 
