NR_0029 NR_0031 NR_0028 NR_0024 NYU-65 NR_0027 UCLA049 PL015 NR_0021 KS091 KS096 KS094 NR_0020 NR_0019 SWC_066 UCLA044 KS086 UCLA035 UCLA033 UCLA037 UCLA034 PL017 NYU-45 NYU-48 NYU-47 NYU-46 ibl_witten_29 ZFM-02372 NYU-39 KS051 ZFM-02370 NYU-40 ZFM-01937 ZFM-01935 NYU-37 ibl_witten_26 ZFM-01936 ibl_witten_27 SWC_058 KS044 ibl_witten_25 KS043 KS046 ZFM-01576 SWC_061 SWC_060 KS042 SWC_053 ZFM-01577 ZFM-01592 SWC_052 NYU-30 DY_018 SWC_054 DY_020 SWC_043 CSH_ZAD_029 DY_016 CSH_ZAD_026 ibl_witten_20 ibl_witten_18 NYU-21 CSH_ZAD_019 CSH_ZAD_025 SWC_038 ibl_witten_17 ZM_3003 ibl_witten_19 DY_014 SWC_042 CSHL058 CSH_ZAD_022 CSH_ZAD_011 CSHL060 DY_013 DY_009 CSHL059 DY_008 CSHL045 NYU-11 CSHL052 DY_011 CSHL053 ZM_2241 DY_010 ZM_2240 NYU-12 CSHL047 CSHL049 ZM_1898 KS023 KS016 KS014 ZM_1897 ibl_witten_13 
0 2.3865218 1.1214639 0.8099534 3.2296705 1.367652 0.43395057
1 2.3207011 1.1083621 0.8249419 2.3055332 1.1130365 0.81709325
2 2.3167806 1.1066794 0.8248311 2.3005402 1.1114281 0.81709325
3 2.3143137 1.1055512 0.8249105 2.2957673 1.1106017 0.81709325
4 2.3125894 1.1046858 0.82499444 2.2928166 1.1102306 0.81973004
5 2.3106103 1.1038047 0.8249799 2.2925024 1.11043 0.81973004
6 2.309295 1.1031971 0.8251913 2.291846 1.1103854 0.81973004
7 2.3080091 1.1024542 0.82507676 2.2911162 1.110416 0.81973004
8 2.3070657 1.1018552 0.8251218 2.2900097 1.1101763 0.81973004
9 2.3058405 1.1013031 0.82533246 2.2897377 1.1100065 0.81959933
10 2.3052838 1.1007867 0.8254149 2.2884316 1.1096519 0.81973004
11 2.3041382 1.1000742 0.8253927 2.2879963 1.1094735 0.81709325
12 2.3033814 1.0995929 0.8253636 2.287095 1.1093063 0.8172272
13 2.3019238 1.0987967 0.82495385 2.2872775 1.108895 0.81709325
14 2.3010352 1.0982584 0.82507795 2.2870545 1.1082568 0.81709325
15 2.300094 1.0977178 0.825344 2.287721 1.1081578 0.81709325
16 2.2990806 1.0969106 0.8251934 2.2866516 1.1071583 0.81709325
17 2.2977023 1.0960203 0.8254552 2.2861931 1.1062237 0.81709325
18 2.2964475 1.0950328 0.82545924 2.2858326 1.1055025 0.81709325
19 2.295379 1.0942237 0.8252507 2.2839584 1.103181 0.81709325
20 2.293597 1.0929096 0.8253033 2.2833405 1.1016775 0.8166602
21 2.2923002 1.0918672 0.82549155 2.2818456 1.1000831 0.8165506
22 2.2906432 1.0904034 0.8253557 2.27905 1.0974042 0.816889
23 2.2886932 1.0888777 0.8255507 2.277736 1.0950428 0.8163389
24 2.286197 1.0870004 0.8254555 2.2741818 1.0927624 0.8141387
25 2.2836516 1.085086 0.82537115 2.2705874 1.0892849 0.81282055
26 2.2807922 1.082628 0.8253749 2.2669683 1.085061 0.8128214
27 2.2770314 1.079833 0.8259119 2.2639046 1.0803267 0.8126201
28 2.274318 1.0774031 0.8255725 2.260561 1.0759765 0.8128214
29 2.2699952 1.0741813 0.8254783 2.2543406 1.0701574 0.813832
30 2.2656248 1.0710461 0.82556605 2.245328 1.0658627 0.814633
31 2.2601528 1.0666581 0.82538193 2.2417624 1.0596215 0.81396663
32 2.2553194 1.0630767 0.82527673 2.2273424 1.0519953 0.81568164
33 2.249781 1.058842 0.82504886 2.2266345 1.0495545 0.8158295
34 2.2422404 1.0534925 0.825148 2.2250273 1.0462675 0.8174365
35 2.2344854 1.0485669 0.82528144 2.2135391 1.0378678 0.8166263
36 2.2269385 1.0432246 0.82543474 2.2096326 1.035016 0.81671524
37 2.218645 1.0373397 0.82547766 2.21363 1.0373005 0.8167222
38 2.212391 1.0328608 0.8252263 2.2109284 1.0346215 0.81664896
39 2.206311 1.0285863 0.82531667 2.2086115 1.033304 0.81695944
40 2.2006273 1.0244993 0.82508504 2.1992173 1.0292112 0.8178047
41 2.1958241 1.0212836 0.82548255 2.1995075 1.0305779 0.81715953
42 2.1917615 1.0185133 0.8253682 2.1930132 1.0276629 0.81709325
43 2.1885347 1.016742 0.8255642 2.1951191 1.0291623 0.81709325
44 2.1868625 1.0155302 0.8256193 2.192391 1.028048 0.81709325
45 2.1855464 1.0144192 0.8254327 2.1852596 1.0244201 0.8171601
46 2.1840017 1.0134068 0.82551855 2.1837013 1.0233372 0.8184742
47 2.1826353 1.012542 0.8255839 2.1843126 1.0244042 0.81709325
48 2.181555 1.011806 0.82539684 2.1799846 1.0223619 0.8181569
49 2.1807606 1.0113504 0.8253431 2.1802917 1.0226748 0.81808627
50 2.1799872 1.0108367 0.8251049 2.1770723 1.0212718 0.8176905
51 2.1797636 1.010629 0.82516974 2.1773484 1.0221711 0.8180665
52 2.1792507 1.0102547 0.82520163 2.1758015 1.0212059 0.8187235
53 2.1783936 1.0097483 0.82518756 2.1758478 1.0213811 0.8181716
54 2.1776206 1.0092748 0.8250831 2.1762123 1.0215147 0.8173071
55 2.177024 1.008897 0.8250293 2.1743152 1.0208313 0.81797856
56 2.1764393 1.0084662 0.825049 2.1718924 1.0199157 0.8170712
57 2.1759334 1.0081451 0.8250825 2.1719003 1.0199207 0.81849474
58 2.175128 1.0076157 0.825077 2.1711943 1.0198916 0.8174685
59 2.1750045 1.0075933 0.82493085 2.17089 1.0196369 0.8172348
60 2.1746087 1.0072913 0.82515943 2.168904 1.0188857 0.8171734
61 2.1740851 1.0070835 0.8250118 2.1687498 1.0189213 0.81730527
62 2.173612 1.0067072 0.82500684 2.166436 1.0179789 0.8169257
63 2.1733382 1.0064982 0.82512116 2.1644552 1.0170573 0.81713104
64 2.1730182 1.0064045 0.82495385 2.164351 1.0171016 0.8171748
65 2.1729634 1.0062807 0.8245448 2.1648762 1.0172862 0.81678706
66 2.1725597 1.0061203 0.82493395 2.163129 1.0166177 0.81714547
67 2.1724453 1.0060523 0.82484156 2.1633365 1.0168054 0.81759644
68 2.1720874 1.0057224 0.82509893 2.1619394 1.0163122 0.8170956
69 2.1722817 1.0059978 0.8252779 2.1639116 1.0175424 0.81704175
70 2.1719239 1.0057316 0.8252244 2.1594172 1.0155017 0.816999
71 2.171619 1.0055919 0.8251421 2.1638584 1.0175761 0.8170691
72 2.1712074 1.0053099 0.8249831 2.1625297 1.0170983 0.8170509
73 2.170937 1.0051218 0.82498974 2.1623368 1.0171136 0.81800675
74 2.1712537 1.0052298 0.8250168 2.160662 1.0163348 0.8200638
75 2.1710572 1.005114 0.8251376 2.1628268 1.0175159 0.8204319
76 2.1711316 1.0050447 0.8250567 2.1616266 1.0168285 0.82012635
77 2.1708608 1.0049088 0.8250024 2.161947 1.0172461 0.8201679
78 2.170318 1.004501 0.82503974 2.1635923 1.0178508 0.8204092
79 2.1700501 1.004429 0.82490003 2.1617327 1.0168579 0.82031405
80 2.16976 1.0042882 0.824983 2.1610904 1.01702 0.820305
81 2.1696932 1.0042021 0.82513523 2.1599293 1.0167085 0.820562
82 2.169303 1.0039133 0.8250387 2.1616337 1.0176872 0.82086176
83 2.1692224 1.0038496 0.8250332 2.160803 1.0171379 0.82068515
84 2.1690142 1.0038351 0.82492614 2.1607866 1.0171882 0.82077533
85 2.1687317 1.0035763 0.824838 2.1607099 1.0175366 0.82076687
86 2.1684446 1.003329 0.82511276 2.160824 1.0175079 0.82073087
87 2.168511 1.0032679 0.82510453 2.1610553 1.0172405 0.8196913
88 2.1681182 1.0031613 0.82486695 2.1618528 1.0175772 0.8202446
89 2.1681907 1.0032153 0.82511055 2.1601026 1.0170383 0.8200985
90 2.1680427 1.0031132 0.8251957 2.1612828 1.0173755 0.81915116
91 2.1682801 1.0029637 0.8250917 2.1610005 1.0173913 0.8198971
92 2.1679971 1.0030103 0.82546765 2.1600235 1.017322 0.81863445
93 2.1673577 1.0026624 0.8252798 2.1605303 1.017328 0.81925094
94 2.1674333 1.0025809 0.8253675 2.1598573 1.0171169 0.8196543
95 2.166834 1.0023571 0.8254075 2.160215 1.0171797 0.8195855
96 2.1672487 1.002516 0.8254721 2.1600533 1.0172241 0.81959724
97 2.1666925 1.0022079 0.82540876 2.1589212 1.0168145 0.8195514
98 2.1666873 1.0021774 0.82539856 2.1589222 1.0168731 0.81948084
99 2.1662169 1.0019977 0.82529384 2.1600997 1.0173196 0.8196252
0 0 0.0 0.0 0.0 0.0 0.0 0.0 0.0 0.0 0.0 0.0 0.0 0.0 0.0 0.0 0.0 0.0 0.0 0.0 0.0 0.0 0.0 0.0 0.0 0.0 0.0 0.0 0.0 0.0 0.0 0.0 0.0 0.0 0.0 0.0 0.0 0.0 0.0 0.0 0.0 0.0 0.0 0.0 0.0 0.0 0.0 0.0 0.0 0.0 0.0 0.0 0.0 0.0 0.0 0.0 0.0 0.0 0.0 0.0 0.0 0.0 0.0 0.0 0.0 0.0 0.0 0.0 0.0 0.0 0.0 0.0 0.0 0.0 0.0 0.0 0.0 0.0 0.0 0.0 0.0 0.0 0.0 0.0 0.0 0.0 0.0 0.0 0.0 0.0 0.0 0.0 0.0 0.0 0.0 0.0 0.0 0.03750453169266268 0.12059215715567123 0.27857917913036595 0.4801836151335945 0.6779947624497898 0.7934717370420183 0.8961387397413345 0.9418725072227764 0.9843213750752089 -1.025817 -0.9088522 -0.7872196 -0.62520456 -0.43790305 -0.64356416 -0.7693268 -0.87634736 -1.0162517 -1.088586 -0.8900355 -0.6745905 -0.412621 -0.18925957 -0.46658117 -0.69803834 -0.87061656 -1.142505
1 0 0.0 0.0 0.0 0.0 0.0 0.0 0.0 0.0 0.0 0.0 0.0 0.0 0.0 0.0 0.0 0.0 0.0 0.0 0.0 0.0 0.0 0.0 0.0 0.0 0.0 0.0 0.0 0.0 0.0 0.0 0.0 0.0 0.0 0.0 0.0 0.0 0.0 0.0 0.0 0.0 0.0 0.0 0.0 0.0 0.0 0.0 0.0 0.0 0.0 0.0 0.0 0.0 0.0 0.0 0.0 0.0 0.0 0.0 0.0 0.0 0.0 0.0 0.0 0.0 0.0 0.0 0.0 0.0 0.0 0.0 0.0 0.0 0.0 0.0 0.0 0.0 0.0 0.0 0.0 0.0 0.0 0.0 0.0 0.0 0.0 0.0 0.0 0.0 0.0 0.0 0.0 0.0 0.0 0.0 0.0 0.035780835828881384 0.0707443063731716 0.14347176226105507 0.3262268885896143 0.5030497579878173 0.6267532436967318 0.8195137801419425 0.9025265698112354 0.9702198124335724 -1.0257218 -0.9532655 -0.8412943 -0.70728874 -0.5890186 -0.66523063 -0.80076987 -0.9564829 -1.0480665 -1.0838995 -0.94134843 -0.7651106 -0.49068648 -0.1961401 -0.48308364 -0.68005794 -0.91113853 -1.105914
2 0 0.0 0.0 0.0 0.0 0.0 0.0 0.0 0.0 0.0 0.0 0.0 0.0 0.0 0.0 0.0 0.0 0.0 0.0 0.0 0.0 0.0 0.0 0.0 0.0 0.0 0.0 0.0 0.0 0.0 0.0 0.0 0.0 0.0 0.0 0.0 0.0 0.0 0.0 0.0 0.0 0.0 0.0 0.0 0.0 0.0 0.0 0.0 0.0 0.0 0.0 0.0 0.0 0.0 0.0 0.0 0.0 0.0 0.0 0.0 0.0 0.0 0.0 0.0 0.0 0.0 0.0 0.0 0.0 0.0 0.0 0.0 0.0 0.0 0.0 0.0 0.0 0.0 0.0 0.0 0.0 0.0 0.0 0.0 0.0 0.0 0.0 0.0 0.0 0.0 0.0 0.0 0.0 0.0 0.0 0.0 0.021841400061205645 0.04821437209251853 0.09071425049160359 0.21652751282383398 0.3393255879022773 0.47303434443956793 0.7157373523890707 0.8436186298031308 0.9400771828899358 -1.0123007 -0.9721503 -0.862535 -0.6747936 -0.5800481 -0.6566177 -0.76593953 -0.89717805 -1.0656675 -1.106274 -0.98481774 -0.79337156 -0.49463278 -0.3138654 -0.46309283 -0.61821985 -0.81691873 -1.1270546
0 400 0.0 0.0 0.0 0.0 0.0 0.0 0.0 0.0 0.0 0.0 0.0 0.0 0.0 0.0 0.0 0.0 0.0 0.0 0.0 0.0 0.0 0.0 0.0 0.0 0.0 0.0 0.0 0.0 0.0 0.0 0.0 0.0 0.0 0.0 0.0 0.0 0.0 0.0 0.0 0.0 0.0 0.0 0.0 0.0 0.0 0.0 0.0 0.0 0.0 0.0 0.0 0.0 0.0 0.0 0.0 0.0 0.0 0.0 0.0 0.0 0.0 0.0 0.0 0.0 0.0 0.0 0.0 0.0 0.0 0.0 0.0 0.0 0.0 0.0 0.0 0.0 0.0 0.0 0.0 0.0 0.0 0.0 0.0 0.0 0.0 0.0 0.0 0.0 0.0 0.0 0.0 0.0 0.0 0.0 0.0 0.038994506282401954 0.13248640833457892 0.25450927838742377 0.5343289765449893 0.6950911523227883 0.7760836999449342 0.8924368994475216 0.940080205145755 0.9832879807396104 -0.99200076 -0.78526616 -0.75450385 -0.5305152 -0.32667452 -0.54327554 -0.74757886 -0.86937666 -1.0082781 -1.0396585 -0.7362038 -0.6153517 -0.27495787 -0.04840088 -0.3382117 -0.66152644 -0.8589431 -1.1251633
1 400 0.0 0.0 0.0 0.0 0.0 0.0 0.0 0.0 0.0 0.0 0.0 0.0 0.0 0.0 0.0 0.0 0.0 0.0 0.0 0.0 0.0 0.0 0.0 0.0 0.0 0.0 0.0 0.0 0.0 0.0 0.0 0.0 0.0 0.0 0.0 0.0 0.0 0.0 0.0 0.0 0.0 0.0 0.0 0.0 0.0 0.0 0.0 0.0 0.0 0.0 0.0 0.0 0.0 0.0 0.0 0.0 0.0 0.0 0.0 0.0 0.0 0.0 0.0 0.0 0.0 0.0 0.0 0.0 0.0 0.0 0.0 0.0 0.0 0.0 0.0 0.0 0.0 0.0 0.0 0.0 0.0 0.0 0.0 0.0 0.0 0.0 0.0 0.0 0.0 0.0 0.0 0.0 0.0 0.0 0.0 0.0397648005730267 0.07485223554965792 0.14376472719004066 0.3408369590006676 0.5029649879478225 0.6255423509500575 0.8152523455241032 0.9016483993115406 0.9686015863295282 -1.0038264 -0.9442758 -0.83417654 -0.6962082 -0.58935636 -0.65800023 -0.79523796 -0.943795 -1.0391133 -1.0445608 -0.9250505 -0.7516109 -0.4681363 -0.19909655 -0.47301975 -0.6710408 -0.89586854 -1.0901796
2 400 0.0 0.0 0.0 0.0 0.0 0.0 0.0 0.0 0.0 0.0 0.0 0.0 0.0 0.0 0.0 0.0 0.0 0.0 0.0 0.0 0.0 0.0 0.0 0.0 0.0 0.0 0.0 0.0 0.0 0.0 0.0 0.0 0.0 0.0 0.0 0.0 0.0 0.0 0.0 0.0 0.0 0.0 0.0 0.0 0.0 0.0 0.0 0.0 0.0 0.0 0.0 0.0 0.0 0.0 0.0 0.0 0.0 0.0 0.0 0.0 0.0 0.0 0.0 0.0 0.0 0.0 0.0 0.0 0.0 0.0 0.0 0.0 0.0 0.0 0.0 0.0 0.0 0.0 0.0 0.0 0.0 0.0 0.0 0.0 0.0 0.0 0.0 0.0 0.0 0.0 0.0 0.0 0.0 0.0 0.0 0.025529300789863384 0.058521777285552065 0.09643480123409205 0.20469843039796368 0.31003226127157973 0.40928494252349207 0.6681687825105558 0.8148692860634607 0.9311310575620367 -0.91918576 -0.7956232 -0.7453711 -0.5649347 -0.40656775 -0.5700847 -0.73990494 -0.7875001 -1.0044929 -0.98557734 -0.7724389 -0.6264206 -0.35340142 -0.10929817 -0.36129415 -0.58027065 -0.6839278 -1.0358912
0 800 0.0 0.0 0.0 0.0 0.0 0.0 0.0 0.0 0.0 0.0 0.0 0.0 0.0 0.0 0.0 0.0 0.0 0.0 0.0 0.0 0.0 0.0 0.0 0.0 0.0 0.0 0.0 0.0 0.0 0.0 0.0 0.0 0.0 0.0 0.0 0.0 0.0 0.0 0.0 0.0 0.0 0.0 0.0 0.0 0.0 0.0 0.0 0.0 0.0 0.0 0.0 0.0 0.0 0.0 0.0 0.0 0.0 0.0 0.0 0.0 0.0 0.0 0.0 0.0 0.0 0.0 0.0 0.0 0.0 0.0 0.0 0.0 0.0 0.0 0.0 0.0 0.0 0.0 0.0 0.0 0.0 0.0 0.0 0.0 0.0 0.0 0.0 0.0 0.0 0.0 0.0 0.0 0.0 0.0 0.0 0.052534641542315304 0.19252483110314791 0.35348479011002026 0.5841343737571375 0.641472103893208 0.7246940407889461 0.8442482435288428 0.8900413778102934 0.9684702889939873 -0.5989649 -0.15583086 0.19964206 0.42208087 0.41531146 0.2403574 -0.10013676 -0.16112301 -0.67547905 -0.5524852 0.02091533 0.57936203 0.93085396 0.8920368 0.6415719 0.17980883 0.022517055 -0.65085894
1 800 0.0 0.0 0.0 0.0 0.0 0.0 0.0 0.0 0.0 0.0 0.0 0.0 0.0 0.0 0.0 0.0 0.0 0.0 0.0 0.0 0.0 0.0 0.0 0.0 0.0 0.0 0.0 0.0 0.0 0.0 0.0 0.0 0.0 0.0 0.0 0.0 0.0 0.0 0.0 0.0 0.0 0.0 0.0 0.0 0.0 0.0 0.0 0.0 0.0 0.0 0.0 0.0 0.0 0.0 0.0 0.0 0.0 0.0 0.0 0.0 0.0 0.0 0.0 0.0 0.0 0.0 0.0 0.0 0.0 0.0 0.0 0.0 0.0 0.0 0.0 0.0 0.0 0.0 0.0 0.0 0.0 0.0 0.0 0.0 0.0 0.0 0.0 0.0 0.0 0.0 0.0 0.0 0.0 0.0 0.0 0.05995643881478629 0.09641560398043912 0.10571311509786399 0.33913188771796426 0.5035046497577075 0.5246419365664562 0.8036629736584253 0.8877120372668112 0.9589281108461356 -0.75982183 -0.71622753 -0.7562776 -0.6398868 -0.4983573 -0.638779 -0.61063445 -0.8674011 -0.9978956 -0.7199979 -0.6526879 -0.64062136 -0.3800951 -0.09547797 -0.45012212 -0.44659546 -0.7932826 -1.0189666
2 800 0.0 0.0 0.0 0.0 0.0 0.0 0.0 0.0 0.0 0.0 0.0 0.0 0.0 0.0 0.0 0.0 0.0 0.0 0.0 0.0 0.0 0.0 0.0 0.0 0.0 0.0 0.0 0.0 0.0 0.0 0.0 0.0 0.0 0.0 0.0 0.0 0.0 0.0 0.0 0.0 0.0 0.0 0.0 0.0 0.0 0.0 0.0 0.0 0.0 0.0 0.0 0.0 0.0 0.0 0.0 0.0 0.0 0.0 0.0 0.0 0.0 0.0 0.0 0.0 0.0 0.0 0.0 0.0 0.0 0.0 0.0 0.0 0.0 0.0 0.0 0.0 0.0 0.0 0.0 0.0 0.0 0.0 0.0 0.0 0.0 0.0 0.0 0.0 0.0 0.0 0.0 0.0 0.0 0.0 0.0 0.04265082185857874 0.11386420139852242 0.23196163099570305 0.3349943932041161 0.4383454213598268 0.5111212451907254 0.6957799933583041 0.716644773622276 0.9104320421826816 -0.5446536 0.06229961 0.35274804 0.5198567 0.755489 0.46007538 0.12484676 -0.5470083 -0.575344 -0.5120661 0.2445654 0.70816755 0.9764652 1.2758394 0.88208926 0.47627696 -0.38343 -0.48659915
0 400 -0.0315697006881237 0.0014465946005657315 0.04922652617096901 0.04133608937263489 -0.025855906307697296 0.1547992080450058 -0.1534150093793869 0.10389922559261322 -0.0341901071369648 0.06697029620409012 -0.11218686401844025 -0.012186630629003048 0.19757668673992157 0.011743031442165375 0.01579427719116211 0.13949614763259888 -0.06309803575277328 0.1974818855524063 -0.053102992475032806 0.11060668528079987 -0.051129262894392014 -0.010944110341370106 -0.15684983134269714 -0.08810151368379593 0.09948382526636124 -0.16657733917236328 -0.010063556022942066 -0.10106544941663742 0.09505369514226913 -0.1606590300798416 0.08902642130851746 -0.03025750257074833 0.064004085958004 0.1415628045797348 0.07075270265340805 -0.12394019216299057 0.14510279893875122 0.056255925446748734 0.1494743376970291 -0.18161436915397644 -0.08030474931001663 -0.09331537783145905 0.15927718579769135 0.16974611580371857 -0.12019370496273041 0.19013530015945435 0.14439423382282257 -0.13266117870807648 0.12417532503604889 -0.0035918119829148054 -0.017483044415712357 -0.08957529813051224 -0.09713486582040787 0.11756927520036697 -0.058009229600429535 0.13730743527412415 0.0045826733112335205 -0.06957901269197464 0.08244401961565018 -0.053532738238573074 0.11076188832521439 0.10280823707580566 0.03888801112771034 0.09858492016792297 0.020090429112315178 0.02111208625137806 0.11922059208154678 0.11386219412088394 0.15397152304649353 -0.02956804819405079 -0.07912740111351013 0.06656387448310852 0.09537842869758606 0.1367792785167694 0.10838666558265686 -0.05719784274697304 -0.023866591975092888 -0.07627134770154953 -0.08984985947608948 -0.11820609867572784 0.05733383819460869 0.10626398772001266 -0.14678320288658142 0.11390649527311325 -0.06321348249912262 0.028058234602212906 -0.11925693601369858 -0.0072083501145243645 0.026668895035982132 0.10114159435033798 0.11168865114450455 0.12320782989263535 -0.13223586976528168 0.11140035092830658 0.04879302158951759 0.017879309206523808 0.20461247187026343 0.24906312675081985 0.45750252486221654 0.5855516936158794 0.6648593862495994 0.7981575960603863 0.9282180933114952 0.9551544477866323 -1.1655405 -0.9442185 -0.87983453 -0.6593021 -0.43169108 -0.6043289 -0.73838055 -0.95833373 -0.8978173 -1.359634 -0.97313535 -0.8555151 -0.48897287 -0.18931134 -0.3726161 -0.5806303 -0.94159067 -0.8511547
1 400 -0.0315697006881237 0.0014465946005657315 0.04922652617096901 0.04133608937263489 -0.025855906307697296 0.1547992080450058 -0.1534150093793869 0.10389922559261322 -0.0341901071369648 0.06697029620409012 -0.11218686401844025 -0.012186630629003048 0.19757668673992157 0.011743031442165375 0.01579427719116211 0.13949614763259888 -0.06309803575277328 0.1974818855524063 -0.053102992475032806 0.11060668528079987 -0.051129262894392014 -0.010944110341370106 -0.15684983134269714 -0.08810151368379593 0.09948382526636124 -0.16657733917236328 -0.010063556022942066 -0.10106544941663742 0.09505369514226913 -0.1606590300798416 0.08902642130851746 -0.03025750257074833 0.064004085958004 0.1415628045797348 0.07075270265340805 -0.12394019216299057 0.14510279893875122 0.056255925446748734 0.1494743376970291 -0.18161436915397644 -0.08030474931001663 -0.09331537783145905 0.15927718579769135 0.16974611580371857 -0.12019370496273041 0.19013530015945435 0.14439423382282257 -0.13266117870807648 0.12417532503604889 -0.0035918119829148054 -0.017483044415712357 -0.08957529813051224 -0.09713486582040787 0.11756927520036697 -0.058009229600429535 0.13730743527412415 0.0045826733112335205 -0.06957901269197464 0.08244401961565018 -0.053532738238573074 0.11076188832521439 0.10280823707580566 0.03888801112771034 0.09858492016792297 0.020090429112315178 0.02111208625137806 0.11922059208154678 0.11386219412088394 0.15397152304649353 -0.02956804819405079 -0.07912740111351013 0.06656387448310852 0.09537842869758606 0.1367792785167694 0.10838666558265686 -0.05719784274697304 -0.023866591975092888 -0.07627134770154953 -0.08984985947608948 -0.11820609867572784 0.05733383819460869 0.10626398772001266 -0.14678320288658142 0.11390649527311325 -0.06321348249912262 0.028058234602212906 -0.11925693601369858 -0.0072083501145243645 0.026668895035982132 0.10114159435033798 0.11168865114450455 0.12320782989263535 -0.13223586976528168 0.11140035092830658 0.04879302158951759 0.04067157182893532 0.08576669664943577 0.18353167232143036 0.4251178605533054 0.4545295588874109 0.7899769102944433 0.8064035025445099 0.9791661797776109 0.9654591781113766 -1.0750849 -0.9439843 -0.87005085 -0.70547104 -0.5093489 -0.7041784 -0.87576634 -0.89981306 -0.9235545 -1.184822 -0.94387794 -0.8273561 -0.539713 -0.1354013 -0.5833098 -0.79724765 -1.0039408 -0.89482427
2 400 -0.0315697006881237 0.0014465946005657315 0.04922652617096901 0.04133608937263489 -0.025855906307697296 0.1547992080450058 -0.1534150093793869 0.10389922559261322 -0.0341901071369648 0.06697029620409012 -0.11218686401844025 -0.012186630629003048 0.19757668673992157 0.011743031442165375 0.01579427719116211 0.13949614763259888 -0.06309803575277328 0.1974818855524063 -0.053102992475032806 0.11060668528079987 -0.051129262894392014 -0.010944110341370106 -0.15684983134269714 -0.08810151368379593 0.09948382526636124 -0.16657733917236328 -0.010063556022942066 -0.10106544941663742 0.09505369514226913 -0.1606590300798416 0.08902642130851746 -0.03025750257074833 0.064004085958004 0.1415628045797348 0.07075270265340805 -0.12394019216299057 0.14510279893875122 0.056255925446748734 0.1494743376970291 -0.18161436915397644 -0.08030474931001663 -0.09331537783145905 0.15927718579769135 0.16974611580371857 -0.12019370496273041 0.19013530015945435 0.14439423382282257 -0.13266117870807648 0.12417532503604889 -0.0035918119829148054 -0.017483044415712357 -0.08957529813051224 -0.09713486582040787 0.11756927520036697 -0.058009229600429535 0.13730743527412415 0.0045826733112335205 -0.06957901269197464 0.08244401961565018 -0.053532738238573074 0.11076188832521439 0.10280823707580566 0.03888801112771034 0.09858492016792297 0.020090429112315178 0.02111208625137806 0.11922059208154678 0.11386219412088394 0.15397152304649353 -0.02956804819405079 -0.07912740111351013 0.06656387448310852 0.09537842869758606 0.1367792785167694 0.10838666558265686 -0.05719784274697304 -0.023866591975092888 -0.07627134770154953 -0.08984985947608948 -0.11820609867572784 0.05733383819460869 0.10626398772001266 -0.14678320288658142 0.11390649527311325 -0.06321348249912262 0.028058234602212906 -0.11925693601369858 -0.0072083501145243645 0.026668895035982132 0.10114159435033798 0.11168865114450455 0.12320782989263535 -0.13223586976528168 0.11140035092830658 0.04879302158951759 0.006470113536986844 0.04407601222252515 0.09119153609075044 0.30536222041797667 0.4538641911471625 0.38333002642994174 0.5822009271439941 0.8573439240032167 0.8961263784185293 -0.9757825 -1.0080087 -0.93789625 -0.77161855 -0.5321776 -0.6829884 -0.7554786 -0.98872036 -0.9231113 -1.1701738 -1.0543754 -0.93833876 -0.6543238 -0.28381154 -0.47101483 -0.59703356 -0.914747 -0.8052142
0 400 -0.028412729501724243 0.001301935059018433 0.04430387169122696 0.03720248118042946 -0.023270314559340477 0.1393192857503891 -0.13807350397109985 0.09350930154323578 -0.03077109530568123 0.06027326360344887 -0.10096817463636398 -0.010967967100441456 0.17781901359558105 0.010568727739155293 0.014214849099516869 0.12554652988910675 -0.056788232177495956 0.17773368954658508 -0.047792691737413406 0.09954601526260376 -0.04601633548736572 -0.009849699214100838 -0.1411648392677307 -0.07929135859012604 0.0895354375243187 -0.14991959929466248 -0.009057200513780117 -0.09095890074968338 0.08554832637310028 -0.14459311962127686 0.08012377470731735 -0.027231751009821892 0.05760367587208748 0.1274065226316452 0.06367743015289307 -0.11154617369174957 0.13059251010417938 0.05063033103942871 0.13452689349651337 -0.16345292329788208 -0.07227427512407303 -0.08398383855819702 0.14334946870803833 0.1527715027332306 -0.10817433148622513 0.1711217612028122 0.12995480000972748 -0.11939505487680435 0.111757792532444 -0.003232630668208003 -0.01573473960161209 -0.0806177631020546 -0.08742137998342514 0.10581234842538834 -0.0522083044052124 0.12357668578624725 0.0041244057938456535 -0.062621109187603 0.0741996169090271 -0.04817946255207062 0.09968569874763489 0.09252741187810898 0.03499921038746834 0.08872642368078232 0.018081385642290115 0.01900087669491768 0.10729853063821793 0.10247597098350525 0.13857436180114746 -0.026611242443323135 -0.07121466100215912 0.05990748479962349 0.08584058284759521 0.12310134619474411 0.0975479930639267 -0.051478058099746704 -0.021479932591319084 -0.0686442106962204 -0.08086486905813217 -0.1063854843378067 0.05160045251250267 0.09563758969306946 -0.13210487365722656 0.10251584649085999 -0.05689213424921036 0.025252411141991615 -0.10733123868703842 -0.006487514823675156 0.02400200441479683 0.09102743119001389 0.10051978379487991 0.11088704317808151 -0.11901228129863739 0.10026030987501144 0.043913718312978745 0.015879849515067424 0.20188019918750313 0.2517930096905067 0.48485467811838 0.5937295506650184 0.692430154427023 0.810152577575867 0.928579719849218 0.9585791453998703 -1.1281229 -0.9298941 -0.8665785 -0.62192607 -0.42381823 -0.57260793 -0.7455941 -0.95639277 -0.9061356 -1.3109959 -0.94520104 -0.8303898 -0.43289614 -0.18314031 -0.33115053 -0.5928699 -0.93857646 -0.86804914
1 400 -0.028412729501724243 0.001301935059018433 0.04430387169122696 0.03720248118042946 -0.023270314559340477 0.1393192857503891 -0.13807350397109985 0.09350930154323578 -0.03077109530568123 0.06027326360344887 -0.10096817463636398 -0.010967967100441456 0.17781901359558105 0.010568727739155293 0.014214849099516869 0.12554652988910675 -0.056788232177495956 0.17773368954658508 -0.047792691737413406 0.09954601526260376 -0.04601633548736572 -0.009849699214100838 -0.1411648392677307 -0.07929135859012604 0.0895354375243187 -0.14991959929466248 -0.009057200513780117 -0.09095890074968338 0.08554832637310028 -0.14459311962127686 0.08012377470731735 -0.027231751009821892 0.05760367587208748 0.1274065226316452 0.06367743015289307 -0.11154617369174957 0.13059251010417938 0.05063033103942871 0.13452689349651337 -0.16345292329788208 -0.07227427512407303 -0.08398383855819702 0.14334946870803833 0.1527715027332306 -0.10817433148622513 0.1711217612028122 0.12995480000972748 -0.11939505487680435 0.111757792532444 -0.003232630668208003 -0.01573473960161209 -0.0806177631020546 -0.08742137998342514 0.10581234842538834 -0.0522083044052124 0.12357668578624725 0.0041244057938456535 -0.062621109187603 0.0741996169090271 -0.04817946255207062 0.09968569874763489 0.09252741187810898 0.03499921038746834 0.08872642368078232 0.018081385642290115 0.01900087669491768 0.10729853063821793 0.10247597098350525 0.13857436180114746 -0.026611242443323135 -0.07121466100215912 0.05990748479962349 0.08584058284759521 0.12310134619474411 0.0975479930639267 -0.051478058099746704 -0.021479932591319084 -0.0686442106962204 -0.08086486905813217 -0.1063854843378067 0.05160045251250267 0.09563758969306946 -0.13210487365722656 0.10251584649085999 -0.05689213424921036 0.025252411141991615 -0.10733123868703842 -0.006487514823675156 0.02400200441479683 0.09102743119001389 0.10051978379487991 0.11088704317808151 -0.11901228129863739 0.10026030987501144 0.043913718312978745 0.0276502323242253 0.08339729844151013 0.17691016440992505 0.42938775167564514 0.4657593420232501 0.7753527602829102 0.8030460022954987 0.9762845329130093 0.9660727772533558 -1.0959574 -0.94755197 -0.8679638 -0.6996884 -0.47397244 -0.6949496 -0.8630365 -0.900813 -0.9253118 -1.2160144 -0.94456017 -0.82226706 -0.5290197 -0.08954704 -0.56150377 -0.77690065 -0.9949628 -0.89780605
2 400 -0.028412729501724243 0.001301935059018433 0.04430387169122696 0.03720248118042946 -0.023270314559340477 0.1393192857503891 -0.13807350397109985 0.09350930154323578 -0.03077109530568123 0.06027326360344887 -0.10096817463636398 -0.010967967100441456 0.17781901359558105 0.010568727739155293 0.014214849099516869 0.12554652988910675 -0.056788232177495956 0.17773368954658508 -0.047792691737413406 0.09954601526260376 -0.04601633548736572 -0.009849699214100838 -0.1411648392677307 -0.07929135859012604 0.0895354375243187 -0.14991959929466248 -0.009057200513780117 -0.09095890074968338 0.08554832637310028 -0.14459311962127686 0.08012377470731735 -0.027231751009821892 0.05760367587208748 0.1274065226316452 0.06367743015289307 -0.11154617369174957 0.13059251010417938 0.05063033103942871 0.13452689349651337 -0.16345292329788208 -0.07227427512407303 -0.08398383855819702 0.14334946870803833 0.1527715027332306 -0.10817433148622513 0.1711217612028122 0.12995480000972748 -0.11939505487680435 0.111757792532444 -0.003232630668208003 -0.01573473960161209 -0.0806177631020546 -0.08742137998342514 0.10581234842538834 -0.0522083044052124 0.12357668578624725 0.0041244057938456535 -0.062621109187603 0.0741996169090271 -0.04817946255207062 0.09968569874763489 0.09252741187810898 0.03499921038746834 0.08872642368078232 0.018081385642290115 0.01900087669491768 0.10729853063821793 0.10247597098350525 0.13857436180114746 -0.026611242443323135 -0.07121466100215912 0.05990748479962349 0.08584058284759521 0.12310134619474411 0.0975479930639267 -0.051478058099746704 -0.021479932591319084 -0.0686442106962204 -0.08086486905813217 -0.1063854843378067 0.05160045251250267 0.09563758969306946 -0.13210487365722656 0.10251584649085999 -0.05689213424921036 0.025252411141991615 -0.10733123868703842 -0.006487514823675156 0.02400200441479683 0.09102743119001389 0.10051978379487991 0.11088704317808151 -0.11901228129863739 0.10026030987501144 0.043913718312978745 0.006002502996855134 0.04246594870598603 0.08924850122751415 0.297629257461019 0.4478510261174109 0.4076258409832148 0.5942964148132027 0.8771278028602614 0.9017239376426179 -0.9904351 -1.0040543 -0.93413484 -0.7674659 -0.5577425 -0.6749323 -0.7530663 -0.96305 -0.94322693 -1.1850182 -1.0458403 -0.9305407 -0.64546 -0.31391847 -0.47534594 -0.5914945 -0.90622807 -0.84837055
0 400 -0.025255760177969933 0.0011572757503017783 0.03938122093677521 0.03306887298822403 -0.020684724673628807 0.123839370906353 -0.1227320060133934 0.08311938494443893 -0.02735208533704281 0.053576238453388214 -0.08974949270486832 -0.009749304503202438 0.15806135535240173 0.009394424967467785 0.012635421939194202 0.11159691959619522 -0.05047842860221863 0.15798550844192505 -0.042482394725084305 0.08848535269498825 -0.04090341180562973 -0.00875528808683157 -0.12547986209392548 -0.07048121094703674 0.07958706468343735 -0.13326187431812286 -0.008050845004618168 -0.08085235953330994 0.07604295760393143 -0.1285272240638733 0.07122113555669785 -0.024206003174185753 0.05120326951146126 0.1132502481341362 0.05660216137766838 -0.09915215522050858 0.11608224362134933 0.04500474035739899 0.11957947164773941 -0.1452914923429489 -0.06424380093812943 -0.0746523067355156 0.12742175161838531 0.13579688966274261 -0.09615496546030045 0.15210823714733124 0.11551538854837418 -0.10612894594669342 0.09934026002883911 -0.0028734495863318443 -0.0139864357188344 -0.07166024297475815 -0.07770789414644241 0.0940554216504097 -0.04640738293528557 0.10984595119953156 0.003666138742119074 -0.05566320940852165 0.06595521420240402 -0.04282619059085846 0.08860950917005539 0.08224659413099289 0.031110409647226334 0.07886793464422226 0.016072344034910202 0.016889669001102448 0.09537647664546967 0.09108975529670715 0.12317722290754318 -0.02365443855524063 -0.0633019208908081 0.05325109884142876 0.07630274444818497 0.10942342132329941 0.08670933544635773 -0.04575827345252037 -0.01909327320754528 -0.061017077416181564 -0.07187988609075546 -0.09456487745046616 0.04586707055568695 0.08501119166612625 -0.1174265667796135 0.09112519770860672 -0.050570785999298096 0.022446587681770325 -0.09540554881095886 -0.005766679998487234 0.021335115656256676 0.08091327548027039 0.08935092389583588 0.09856626391410828 -0.1057887002825737 0.0891202837228775 0.039034418761730194 0.014134216175477709 0.19147248652143264 0.2543462834357133 0.4926899751023999 0.6181715254487591 0.7090308519960787 0.8204110978329106 0.9289107491361527 0.9641133648422676 -1.0908897 -0.92190194 -0.8533409 -0.61142516 -0.3921563 -0.56208867 -0.7520454 -0.9543965 -0.9231875 -1.2624196 -0.92825687 -0.80527484 -0.4149152 -0.14518242 -0.3183967 -0.60381615 -0.93546987 -0.91476893
1 400 -0.025255760177969933 0.0011572757503017783 0.03938122093677521 0.03306887298822403 -0.020684724673628807 0.123839370906353 -0.1227320060133934 0.08311938494443893 -0.02735208533704281 0.053576238453388214 -0.08974949270486832 -0.009749304503202438 0.15806135535240173 0.009394424967467785 0.012635421939194202 0.11159691959619522 -0.05047842860221863 0.15798550844192505 -0.042482394725084305 0.08848535269498825 -0.04090341180562973 -0.00875528808683157 -0.12547986209392548 -0.07048121094703674 0.07958706468343735 -0.13326187431812286 -0.008050845004618168 -0.08085235953330994 0.07604295760393143 -0.1285272240638733 0.07122113555669785 -0.024206003174185753 0.05120326951146126 0.1132502481341362 0.05660216137766838 -0.09915215522050858 0.11608224362134933 0.04500474035739899 0.11957947164773941 -0.1452914923429489 -0.06424380093812943 -0.0746523067355156 0.12742175161838531 0.13579688966274261 -0.09615496546030045 0.15210823714733124 0.11551538854837418 -0.10612894594669342 0.09934026002883911 -0.0028734495863318443 -0.0139864357188344 -0.07166024297475815 -0.07770789414644241 0.0940554216504097 -0.04640738293528557 0.10984595119953156 0.003666138742119074 -0.05566320940852165 0.06595521420240402 -0.04282619059085846 0.08860950917005539 0.08224659413099289 0.031110409647226334 0.07886793464422226 0.016072344034910202 0.016889669001102448 0.09537647664546967 0.09108975529670715 0.12317722290754318 -0.02365443855524063 -0.0633019208908081 0.05325109884142876 0.07630274444818497 0.10942342132329941 0.08670933544635773 -0.04575827345252037 -0.01909327320754528 -0.061017077416181564 -0.07187988609075546 -0.09456487745046616 0.04586707055568695 0.08501119166612625 -0.1174265667796135 0.09112519770860672 -0.050570785999298096 0.022446587681770325 -0.09540554881095886 -0.005766679998487234 0.021335115656256676 0.08091327548027039 0.08935092389583588 0.09856626391410828 -0.1057887002825737 0.0891202837228775 0.039034418761730194 0.018650240893490422 0.08119445774357405 0.17071202594113752 0.4216491600450732 0.45212040040045437 0.7540603765498107 0.7996343568008165 0.9730279933046537 0.9664161429336822 -1.1172336 -0.95094514 -0.86567235 -0.6955176 -0.43769935 -0.6809411 -0.8503735 -0.9017602 -0.9263087 -1.2479007 -0.94497895 -0.81682515 -0.5202428 -0.047917843 -0.53231454 -0.75665843 -0.98595524 -0.8994974
2 400 -0.025255760177969933 0.0011572757503017783 0.03938122093677521 0.03306887298822403 -0.020684724673628807 0.123839370906353 -0.1227320060133934 0.08311938494443893 -0.02735208533704281 0.053576238453388214 -0.08974949270486832 -0.009749304503202438 0.15806135535240173 0.009394424967467785 0.012635421939194202 0.11159691959619522 -0.05047842860221863 0.15798550844192505 -0.042482394725084305 0.08848535269498825 -0.04090341180562973 -0.00875528808683157 -0.12547986209392548 -0.07048121094703674 0.07958706468343735 -0.13326187431812286 -0.008050845004618168 -0.08085235953330994 0.07604295760393143 -0.1285272240638733 0.07122113555669785 -0.024206003174185753 0.05120326951146126 0.1132502481341362 0.05660216137766838 -0.09915215522050858 0.11608224362134933 0.04500474035739899 0.11957947164773941 -0.1452914923429489 -0.06424380093812943 -0.0746523067355156 0.12742175161838531 0.13579688966274261 -0.09615496546030045 0.15210823714733124 0.11551538854837418 -0.10612894594669342 0.09934026002883911 -0.0028734495863318443 -0.0139864357188344 -0.07166024297475815 -0.07770789414644241 0.0940554216504097 -0.04640738293528557 0.10984595119953156 0.003666138742119074 -0.05566320940852165 0.06595521420240402 -0.04282619059085846 0.08860950917005539 0.08224659413099289 0.031110409647226334 0.07886793464422226 0.016072344034910202 0.016889669001102448 0.09537647664546967 0.09108975529670715 0.12317722290754318 -0.02365443855524063 -0.0633019208908081 0.05325109884142876 0.07630274444818497 0.10942342132329941 0.08670933544635773 -0.04575827345252037 -0.01909327320754528 -0.061017077416181564 -0.07187988609075546 -0.09456487745046616 0.04586707055568695 0.08501119166612625 -0.1174265667796135 0.09112519770860672 -0.050570785999298096 0.022446587681770325 -0.09540554881095886 -0.005766679998487234 0.021335115656256676 0.08091327548027039 0.08935092389583588 0.09856626391410828 -0.1057887002825737 0.0891202837228775 0.039034418761730194 0.00564702541109735 0.041864411936078136 0.08719810830825062 0.2896641989673398 0.43344374462465113 0.4752135572657396 0.6312406640925984 0.8974706419257732 0.907955701104826 -1.003467 -0.9965351 -0.9305879 -0.7634552 -0.58400756 -0.64024484 -0.739986 -0.9329886 -0.96500593 -1.1973308 -1.0308828 -0.92311096 -0.63682854 -0.34318966 -0.47158906 -0.5947869 -0.89659727 -0.8986597
0 400 -0.022098790854215622 0.0010126162087544799 0.03445856645703316 0.02893526293337345 -0.018099134787917137 0.1083594411611557 -0.10739050805568695 0.0727294534444809 -0.02393307536840439 0.046879205852746964 -0.07853080332279205 -0.008530640974640846 0.13830368220806122 0.008220122195780277 0.011055993847548962 0.0976473018527031 -0.0441686250269413 0.13823731243610382 -0.037172093987464905 0.07742467522621155 -0.03579048439860344 -0.007660876959562302 -0.10979487746953964 -0.06167105957865715 0.0696386769413948 -0.11660413444042206 -0.007044489029794931 -0.0707458108663559 0.06653758883476257 -0.11246132105588913 0.06231849268078804 -0.021180251613259315 0.04480285942554474 0.099093958735466 0.049526892602443695 -0.08675813674926758 0.1015719547867775 0.039379145950078964 0.10463203489780426 -0.12713006138801575 -0.05621332302689552 -0.06532076001167297 0.1114940270781517 0.11882227659225464 -0.08413559198379517 0.13309471309185028 0.10107596218585968 -0.0928628221154213 0.08692272752523422 -0.002514268271625042 -0.012238130904734135 -0.0627027079463005 -0.06799440830945969 0.08229849487543106 -0.040606461465358734 0.09611520171165466 0.003207871224731207 -0.04870530962944031 0.057710811495780945 -0.037472914904356 0.07753331959247589 0.0719657614827156 0.02722160704433918 0.0690094456076622 0.01406330056488514 0.014778460375964642 0.08345441520214081 0.07970353215932846 0.10778006166219711 -0.020697632804512978 -0.05538918077945709 0.046594712883234024 0.06676489859819412 0.0957454964518547 0.07587066292762756 -0.04003848880529404 -0.016706613823771477 -0.05338994413614273 -0.06289490312337875 -0.08274427056312561 0.04013368487358093 0.07438479363918304 -0.10274823755025864 0.07973454892635345 -0.044249437749385834 0.019640764221549034 -0.0834798514842987 -0.005045845173299313 0.018668226897716522 0.07079911231994629 0.07818205654621124 0.08624547719955444 -0.09256510436534882 0.07798024266958237 0.034155115485191345 0.01254006550546303 0.1791138189662064 0.25710718980570935 0.5004790689711656 0.6421209214058244 0.719278856024795 0.8301836067915686 0.9292384375082042 0.9689773040658105 -1.0539166 -0.91587967 -0.84006137 -0.6009899 -0.3601891 -0.5685786 -0.75846463 -0.9524013 -0.9403919 -1.2143205 -0.9147135 -0.7801033 -0.39706153 -0.10686174 -0.32891756 -0.61470795 -0.9323647 -0.9618106
1 400 -0.022098790854215622 0.0010126162087544799 0.03445856645703316 0.02893526293337345 -0.018099134787917137 0.1083594411611557 -0.10739050805568695 0.0727294534444809 -0.02393307536840439 0.046879205852746964 -0.07853080332279205 -0.008530640974640846 0.13830368220806122 0.008220122195780277 0.011055993847548962 0.0976473018527031 -0.0441686250269413 0.13823731243610382 -0.037172093987464905 0.07742467522621155 -0.03579048439860344 -0.007660876959562302 -0.10979487746953964 -0.06167105957865715 0.0696386769413948 -0.11660413444042206 -0.007044489029794931 -0.0707458108663559 0.06653758883476257 -0.11246132105588913 0.06231849268078804 -0.021180251613259315 0.04480285942554474 0.099093958735466 0.049526892602443695 -0.08675813674926758 0.1015719547867775 0.039379145950078964 0.10463203489780426 -0.12713006138801575 -0.05621332302689552 -0.06532076001167297 0.1114940270781517 0.11882227659225464 -0.08413559198379517 0.13309471309185028 0.10107596218585968 -0.0928628221154213 0.08692272752523422 -0.002514268271625042 -0.012238130904734135 -0.0627027079463005 -0.06799440830945969 0.08229849487543106 -0.040606461465358734 0.09611520171165466 0.003207871224731207 -0.04870530962944031 0.057710811495780945 -0.037472914904356 0.07753331959247589 0.0719657614827156 0.02722160704433918 0.0690094456076622 0.01406330056488514 0.014778460375964642 0.08345441520214081 0.07970353215932846 0.10778006166219711 -0.020697632804512978 -0.05538918077945709 0.046594712883234024 0.06676489859819412 0.0957454964518547 0.07587066292762756 -0.04003848880529404 -0.016706613823771477 -0.05338994413614273 -0.06289490312337875 -0.08274427056312561 0.04013368487358093 0.07438479363918304 -0.10274823755025864 0.07973454892635345 -0.044249437749385834 0.019640764221549034 -0.0834798514842987 -0.005045845173299313 0.018668226897716522 0.07079911231994629 0.07818205654621124 0.08624547719955444 -0.09256510436534882 0.07798024266958237 0.034155115485191345 0.014453801417480882 0.07894363381361362 0.1644820840855863 0.41278913874403195 0.3711471278444587 0.7314833268028094 0.8002449594744371 0.9693239419790363 0.9667981579799062 -1.1298373 -0.95450544 -0.8635613 -0.69155055 -0.4017132 -0.66689676 -0.8398178 -0.9027602 -0.92757565 -1.2663394 -0.9456589 -0.8116938 -0.5117425 -0.020139366 -0.50310457 -0.7400707 -0.9769772 -0.90253663
2 400 -0.022098790854215622 0.0010126162087544799 0.03445856645703316 0.02893526293337345 -0.018099134787917137 0.1083594411611557 -0.10739050805568695 0.0727294534444809 -0.02393307536840439 0.046879205852746964 -0.07853080332279205 -0.008530640974640846 0.13830368220806122 0.008220122195780277 0.011055993847548962 0.0976473018527031 -0.0441686250269413 0.13823731243610382 -0.037172093987464905 0.07742467522621155 -0.03579048439860344 -0.007660876959562302 -0.10979487746953964 -0.06167105957865715 0.0696386769413948 -0.11660413444042206 -0.007044489029794931 -0.0707458108663559 0.06653758883476257 -0.11246132105588913 0.06231849268078804 -0.021180251613259315 0.04480285942554474 0.099093958735466 0.049526892602443695 -0.08675813674926758 0.1015719547867775 0.039379145950078964 0.10463203489780426 -0.12713006138801575 -0.05621332302689552 -0.06532076001167297 0.1114940270781517 0.11882227659225464 -0.08413559198379517 0.13309471309185028 0.10107596218585968 -0.0928628221154213 0.08692272752523422 -0.002514268271625042 -0.012238130904734135 -0.0627027079463005 -0.06799440830945969 0.08229849487543106 -0.040606461465358734 0.09611520171165466 0.003207871224731207 -0.04870530962944031 0.057710811495780945 -0.037472914904356 0.07753331959247589 0.0719657614827156 0.02722160704433918 0.0690094456076622 0.01406330056488514 0.014778460375964642 0.08345441520214081 0.07970353215932846 0.10778006166219711 -0.020697632804512978 -0.05538918077945709 0.046594712883234024 0.06676489859819412 0.0957454964518547 0.07587066292762756 -0.04003848880529404 -0.016706613823771477 -0.05338994413614273 -0.06289490312337875 -0.08274427056312561 0.04013368487358093 0.07438479363918304 -0.10274823755025864 0.07973454892635345 -0.044249437749385834 0.019640764221549034 -0.0834798514842987 -0.005045845173299313 0.018668226897716522 0.07079911231994629 0.07818205654621124 0.08624547719955444 -0.09256510436534882 0.07798024266958237 0.034155115485191345 0.006826515203360592 0.04355624121721005 0.08540571412002326 0.28179671419553204 0.41674077586957653 0.46857907327161846 0.6540630899800595 0.8901298598890529 0.913227805450036 -0.98784846 -0.9889882 -0.9265982 -0.7594509 -0.59460855 -0.6428336 -0.7208532 -0.91702706 -0.98559916 -1.1647016 -1.0175236 -0.91489697 -0.6282059 -0.3405274 -0.46870378 -0.5818418 -0.8725418 -0.9465945
0 400 -0.01894182153046131 0.0008679567836225033 0.029535917565226555 0.024801654741168022 -0.015513543970882893 0.0928795263171196 -0.0920490100979805 0.06233953684568405 -0.02051406539976597 0.04018218070268631 -0.06731212139129639 -0.007311978843063116 0.1185460165143013 0.007045818958431482 0.009476566687226295 0.08369769155979156 -0.03785882145166397 0.11848913878202438 -0.0318617969751358 0.06636401265859604 -0.030677558854222298 -0.006566466297954321 -0.0941099002957344 -0.052860911935567856 0.05969029664993286 -0.09994640946388245 -0.0060381339862942696 -0.06063927337527275 0.05703222006559372 -0.09639542549848557 0.05341585353016853 -0.018154501914978027 0.03840245306491852 0.084937684237957 0.04245162382721901 -0.07436411827802658 0.08706168085336685 0.03375355526804924 0.08968460559844971 -0.10896862298250198 -0.04818285256624222 -0.05598922818899155 0.09556631743907928 0.10184767097234726 -0.07211622595787048 0.11408118158578873 0.08663654327392578 -0.07959671318531036 0.07450519502162933 -0.0021550871897488832 -0.010489827021956444 -0.05374518036842346 -0.05828092247247696 0.07054156810045242 -0.0348055399954319 0.08238446712493896 0.0027496041730046272 -0.04174740985035896 0.049466412514448166 -0.032119642943143845 0.06645713746547699 0.06168494373559952 0.023332808166742325 0.059150952845811844 0.012054258026182652 0.01266725268214941 0.07153236120939255 0.06831731647253036 0.09238291531801224 -0.017740828916430473 -0.04747644439339638 0.03993832692503929 0.057227060198783875 0.08206757158041 0.0650320053100586 -0.034318707883358 -0.014319955371320248 -0.0457628108561039 -0.053909916430711746 -0.07092366367578506 0.03440030291676521 0.06375839561223984 -0.08806992322206497 0.06834390014410019 -0.03792808949947357 0.016834940761327744 -0.07155416160821915 -0.004325010348111391 0.01600133813917637 0.06068496033549309 0.0670131966471672 0.07392469793558121 -0.07934152334928513 0.06684021651744843 0.029275814071297646 0.011646763418542587 0.16716224514587097 0.25978484511188055 0.5082636849075954 0.66544273107476 0.7293387844586892 0.8377815279466228 0.9295842422622593 0.9731865191627028 -1.0190098 -0.9100426 -0.826753 -0.59056294 -0.3284004 -0.5750567 -0.76366144 -0.9504419 -0.95754164 -1.1670026 -0.901487 -0.75486356 -0.37918657 -0.06872502 -0.33942634 -0.6235257 -0.9293195 -1.0087321
1 400 -0.01894182153046131 0.0008679567836225033 0.029535917565226555 0.024801654741168022 -0.015513543970882893 0.0928795263171196 -0.0920490100979805 0.06233953684568405 -0.02051406539976597 0.04018218070268631 -0.06731212139129639 -0.007311978843063116 0.1185460165143013 0.007045818958431482 0.009476566687226295 0.08369769155979156 -0.03785882145166397 0.11848913878202438 -0.0318617969751358 0.06636401265859604 -0.030677558854222298 -0.006566466297954321 -0.0941099002957344 -0.052860911935567856 0.05969029664993286 -0.09994640946388245 -0.0060381339862942696 -0.06063927337527275 0.05703222006559372 -0.09639542549848557 0.05341585353016853 -0.018154501914978027 0.03840245306491852 0.084937684237957 0.04245162382721901 -0.07436411827802658 0.08706168085336685 0.03375355526804924 0.08968460559844971 -0.10896862298250198 -0.04818285256624222 -0.05598922818899155 0.09556631743907928 0.10184767097234726 -0.07211622595787048 0.11408118158578873 0.08663654327392578 -0.07959671318531036 0.07450519502162933 -0.0021550871897488832 -0.010489827021956444 -0.05374518036842346 -0.05828092247247696 0.07054156810045242 -0.0348055399954319 0.08238446712493896 0.0027496041730046272 -0.04174740985035896 0.049466412514448166 -0.032119642943143845 0.06645713746547699 0.06168494373559952 0.023332808166742325 0.059150952845811844 0.012054258026182652 0.01266725268214941 0.07153236120939255 0.06831731647253036 0.09238291531801224 -0.017740828916430473 -0.04747644439339638 0.03993832692503929 0.057227060198783875 0.08206757158041 0.0650320053100586 -0.034318707883358 -0.014319955371320248 -0.0457628108561039 -0.053909916430711746 -0.07092366367578506 0.03440030291676521 0.06375839561223984 -0.08806992322206497 0.06834390014410019 -0.03792808949947357 0.016834940761327744 -0.07155416160821915 -0.004325010348111391 0.01600133813917637 0.06068496033549309 0.0670131966471672 0.07392469793558121 -0.07934152334928513 0.06684021651744843 0.029275814071297646 0.01374537004022769 0.0767763335452309 0.15852453607343456 0.4043589512090097 0.3535277387058013 0.7084294909019794 0.7981895693185912 0.9651238170480554 0.9701140036062766 -1.1311092 -0.95799196 -0.86136127 -0.6860266 -0.44761807 -0.65359807 -0.8277615 -0.9038429 -0.9434884 -1.2668868 -0.94621813 -0.80640745 -0.4895244 -0.07175207 -0.47654867 -0.72091854 -0.9680835 -0.96372783
2 400 -0.01894182153046131 0.0008679567836225033 0.029535917565226555 0.024801654741168022 -0.015513543970882893 0.0928795263171196 -0.0920490100979805 0.06233953684568405 -0.02051406539976597 0.04018218070268631 -0.06731212139129639 -0.007311978843063116 0.1185460165143013 0.007045818958431482 0.009476566687226295 0.08369769155979156 -0.03785882145166397 0.11848913878202438 -0.0318617969751358 0.06636401265859604 -0.030677558854222298 -0.006566466297954321 -0.0941099002957344 -0.052860911935567856 0.05969029664993286 -0.09994640946388245 -0.0060381339862942696 -0.06063927337527275 0.05703222006559372 -0.09639542549848557 0.05341585353016853 -0.018154501914978027 0.03840245306491852 0.084937684237957 0.04245162382721901 -0.07436411827802658 0.08706168085336685 0.03375355526804924 0.08968460559844971 -0.10896862298250198 -0.04818285256624222 -0.05598922818899155 0.09556631743907928 0.10184767097234726 -0.07211622595787048 0.11408118158578873 0.08663654327392578 -0.07959671318531036 0.07450519502162933 -0.0021550871897488832 -0.010489827021956444 -0.05374518036842346 -0.05828092247247696 0.07054156810045242 -0.0348055399954319 0.08238446712493896 0.0027496041730046272 -0.04174740985035896 0.049466412514448166 -0.032119642943143845 0.06645713746547699 0.06168494373559952 0.023332808166742325 0.059150952845811844 0.012054258026182652 0.01266725268214941 0.07153236120939255 0.06831731647253036 0.09238291531801224 -0.017740828916430473 -0.04747644439339638 0.03993832692503929 0.057227060198783875 0.08206757158041 0.0650320053100586 -0.034318707883358 -0.014319955371320248 -0.0457628108561039 -0.053909916430711746 -0.07092366367578506 0.03440030291676521 0.06375839561223984 -0.08806992322206497 0.06834390014410019 -0.03792808949947357 0.016834940761327744 -0.07155416160821915 -0.004325010348111391 0.01600133813917637 0.06068496033549309 0.0670131966471672 0.07392469793558121 -0.07934152334928513 0.06684021651744843 0.029275814071297646 0.008273471458915774 0.04611024814266343 0.0866484248524212 0.27867925969974716 0.3957319711227175 0.4619543360286977 0.6562499364372404 0.8812767953685684 0.9176874756587686 -0.9741717 -0.9546602 -0.91411656 -0.74972457 -0.58405787 -0.6454533 -0.7205028 -0.89850366 -0.99139225 -1.1342903 -0.9732734 -0.89129007 -0.60914207 -0.32131982 -0.46586567 -0.5776276 -0.8455486 -0.9783169
0 400 -0.01578485034406185 0.0007232973002828658 0.024613263085484505 0.020668044686317444 -0.012927953153848648 0.0773996040225029 -0.07670750468969345 0.05194961279630661 -0.0170950535684824 0.03348514810204506 -0.05609343200922012 -0.006093315314501524 0.09878834336996078 0.005871515721082687 0.007897138595581055 0.06974807381629944 -0.03154901787638664 0.09874094277620316 -0.026551496237516403 0.05530334264039993 -0.025564631447196007 -0.005472055170685053 -0.07842491567134857 -0.044050756841897964 0.04974191263318062 -0.08328866958618164 -0.005031778011471033 -0.05053272470831871 0.04752684757113457 -0.0803295150399208 0.04451321065425873 -0.015128751285374165 0.032002042979002 0.0707814022898674 0.035376351326704025 -0.061970096081495285 0.07255139946937561 0.028127962723374367 0.07473716884851456 -0.09080718457698822 -0.040152374655008316 -0.04665768891572952 0.07963859289884567 0.08487305790185928 -0.060096852481365204 0.09506765007972717 0.07219711691141129 -0.06633058935403824 0.062087662518024445 -0.0017959059914574027 -0.008741522207856178 -0.04478764906525612 -0.048567432910203934 0.05878463760018349 -0.029004614800214767 0.06865371763706207 0.0022913366556167603 -0.03478950634598732 0.04122200980782509 -0.026766369119286537 0.05538094416260719 0.05140411853790283 0.01944400556385517 0.04929246008396149 0.010045214556157589 0.01055604312568903 0.05961029604077339 0.05693109706044197 0.07698576152324677 -0.014784024097025394 -0.039563700556755066 0.03328193724155426 0.04768921434879303 0.0683896392583847 0.05419333279132843 -0.02859892137348652 -0.011933295987546444 -0.038135673850774765 -0.04492492973804474 -0.05910304933786392 0.028666919097304344 0.05313199386000633 -0.07339160144329071 0.056953247636556625 -0.03160674124956131 0.014029117301106453 -0.05962846800684929 -0.0036041750572621822 0.013334447517991066 0.05057079717516899 0.055844325572252274 0.06160391494631767 -0.06611793488264084 0.05570017546415329 0.024396510794758797 0.013581121379200011 0.155881459887219 0.2616563053538586 0.5161176955919988 0.6510491138965822 0.7390996593916487 0.8446045331275338 0.9299028772681116 0.9768203776535056 -0.99728775 -0.904173 -0.8137182 -0.58003414 -0.30763426 -0.58161044 -0.76849824 -0.9484277 -0.9746182 -1.1271653 -0.88820267 -0.73004705 -0.36118257 -0.048132002 -0.35003254 -0.6317325 -0.9261831 -1.0555393
1 400 -0.01578485034406185 0.0007232973002828658 0.024613263085484505 0.020668044686317444 -0.012927953153848648 0.0773996040225029 -0.07670750468969345 0.05194961279630661 -0.0170950535684824 0.03348514810204506 -0.05609343200922012 -0.006093315314501524 0.09878834336996078 0.005871515721082687 0.007897138595581055 0.06974807381629944 -0.03154901787638664 0.09874094277620316 -0.026551496237516403 0.05530334264039993 -0.025564631447196007 -0.005472055170685053 -0.07842491567134857 -0.044050756841897964 0.04974191263318062 -0.08328866958618164 -0.005031778011471033 -0.05053272470831871 0.04752684757113457 -0.0803295150399208 0.04451321065425873 -0.015128751285374165 0.032002042979002 0.0707814022898674 0.035376351326704025 -0.061970096081495285 0.07255139946937561 0.028127962723374367 0.07473716884851456 -0.09080718457698822 -0.040152374655008316 -0.04665768891572952 0.07963859289884567 0.08487305790185928 -0.060096852481365204 0.09506765007972717 0.07219711691141129 -0.06633058935403824 0.062087662518024445 -0.0017959059914574027 -0.008741522207856178 -0.04478764906525612 -0.048567432910203934 0.05878463760018349 -0.029004614800214767 0.06865371763706207 0.0022913366556167603 -0.03478950634598732 0.04122200980782509 -0.026766369119286537 0.05538094416260719 0.05140411853790283 0.01944400556385517 0.04929246008396149 0.010045214556157589 0.01055604312568903 0.05961029604077339 0.05693109706044197 0.07698576152324677 -0.014784024097025394 -0.039563700556755066 0.03328193724155426 0.04768921434879303 0.0683896392583847 0.05419333279132843 -0.02859892137348652 -0.011933295987546444 -0.038135673850774765 -0.04492492973804474 -0.05910304933786392 0.028666919097304344 0.05313199386000633 -0.07339160144329071 0.056953247636556625 -0.03160674124956131 0.014029117301106453 -0.05962846800684929 -0.0036041750572621822 0.013334447517991066 0.05057079717516899 0.055844325572252274 0.06160391494631767 -0.06611793488264084 0.05570017546415329 0.024396510794758797 0.014812703583982182 0.07783925284484261 0.1527370765358304 0.3806138573421276 0.38603936533800914 0.6864573351309934 0.7960606961775984 0.9590998514734923 0.9716455252606124 -1.1241642 -0.9545474 -0.85917664 -0.68735886 -0.5283736 -0.6420777 -0.81565523 -0.913474 -0.95069593 -1.2533772 -0.9400544 -0.8011496 -0.46841642 -0.15536457 -0.45646626 -0.7016834 -0.9649893 -0.98858106
2 400 -0.01578485034406185 0.0007232973002828658 0.024613263085484505 0.020668044686317444 -0.012927953153848648 0.0773996040225029 -0.07670750468969345 0.05194961279630661 -0.0170950535684824 0.03348514810204506 -0.05609343200922012 -0.006093315314501524 0.09878834336996078 0.005871515721082687 0.007897138595581055 0.06974807381629944 -0.03154901787638664 0.09874094277620316 -0.026551496237516403 0.05530334264039993 -0.025564631447196007 -0.005472055170685053 -0.07842491567134857 -0.044050756841897964 0.04974191263318062 -0.08328866958618164 -0.005031778011471033 -0.05053272470831871 0.04752684757113457 -0.0803295150399208 0.04451321065425873 -0.015128751285374165 0.032002042979002 0.0707814022898674 0.035376351326704025 -0.061970096081495285 0.07255139946937561 0.028127962723374367 0.07473716884851456 -0.09080718457698822 -0.040152374655008316 -0.04665768891572952 0.07963859289884567 0.08487305790185928 -0.060096852481365204 0.09506765007972717 0.07219711691141129 -0.06633058935403824 0.062087662518024445 -0.0017959059914574027 -0.008741522207856178 -0.04478764906525612 -0.048567432910203934 0.05878463760018349 -0.029004614800214767 0.06865371763706207 0.0022913366556167603 -0.03478950634598732 0.04122200980782509 -0.026766369119286537 0.05538094416260719 0.05140411853790283 0.01944400556385517 0.04929246008396149 0.010045214556157589 0.01055604312568903 0.05961029604077339 0.05693109706044197 0.07698576152324677 -0.014784024097025394 -0.039563700556755066 0.03328193724155426 0.04768921434879303 0.0683896392583847 0.05419333279132843 -0.02859892137348652 -0.011933295987546444 -0.038135673850774765 -0.04492492973804474 -0.05910304933786392 0.028666919097304344 0.05313199386000633 -0.07339160144329071 0.056953247636556625 -0.03160674124956131 0.014029117301106453 -0.05962846800684929 -0.0036041750572621822 0.013334447517991066 0.05057079717516899 0.055844325572252274 0.06160391494631767 -0.06611793488264084 0.05570017546415329 0.024396510794758797 0.0099862577719549 0.04929896174555606 0.08945873666118465 0.28005167693993677 0.3547015821977405 0.45969987960331016 0.658262707117907 0.8718647836562977 0.9218770941472307 -0.96498525 -0.90208906 -0.90053916 -0.7202527 -0.576329 -0.64457524 -0.7237661 -0.879998 -0.99538624 -1.1095533 -0.90827763 -0.86603916 -0.5655246 -0.3122332 -0.4601901 -0.57809556 -0.81862307 -1.0068797
0 400 -0.012627880088984966 0.0005786378751508892 0.019690610468387604 0.016534436494112015 -0.010342362336814404 0.0619196854531765 -0.0613660030066967 0.04155969247221947 -0.013676042668521404 0.026788119226694107 -0.04487474635243416 -0.004874652251601219 0.07903067767620087 0.0046972124837338924 0.006317710969597101 0.05579845979809761 -0.025239214301109314 0.07899275422096252 -0.021241197362542152 0.044242676347494125 -0.020451705902814865 -0.004377644043415785 -0.06273993104696274 -0.03524060547351837 0.039793532341718674 -0.06663093715906143 -0.004025422502309084 -0.04042617976665497 0.038021478801965714 -0.06426361203193665 0.03561056777834892 -0.012103001587092876 0.02560163475573063 0.0566251240670681 0.02830108068883419 -0.04957607761025429 0.05804112181067467 0.022502370178699493 0.059789735823869705 -0.07264574617147446 -0.03212190046906471 -0.0373261533677578 0.06371087580919266 0.06789844483137131 -0.04807748273015022 0.07605411857366562 0.05775769427418709 -0.05306447297334671 0.049670130014419556 -0.0014367247931659222 -0.0069932178594172 -0.035830121487379074 -0.03885394707322121 0.04702771082520485 -0.023203691467642784 0.05492297559976578 0.001833069371059537 -0.027831604704260826 0.03297760710120201 -0.02141309529542923 0.044304754585027695 0.041123297065496445 0.015555204823613167 0.03943396732211113 0.008036172017455101 0.008444834500551224 0.04768823832273483 0.04554487764835358 0.06158861145377159 -0.011827219277620316 -0.03165096044540405 0.02662554942071438 0.038151372224092484 0.054711710661649704 0.043354667723178864 -0.022879136726260185 -0.00954663660377264 -0.030508538708090782 -0.03593994304537773 -0.04728243872523308 0.022933535277843475 0.042505595833063126 -0.05871328338980675 0.04556259885430336 -0.025285392999649048 0.011223293840885162 -0.04770277440547943 -0.002883339999243617 0.010667557828128338 0.04045663774013519 0.04467546194791794 0.04928313195705414 -0.05289435014128685 0.04456014186143875 0.019517209380865097 0.01587889435541601 0.14546320186456851 0.2602580724105361 0.5239031603847498 0.6247327688505855 0.7612941907221817 0.8510874478050152 0.9428040873784855 0.9790284661156329 -0.97563064 -0.8980902 -0.8018983 -0.56958866 -0.31961244 -0.5783906 -0.77325726 -0.91655576 -0.98528147 -1.08719 -0.8745537 -0.70715725 -0.3432954 -0.063850254 -0.35789818 -0.63980734 -0.91513693 -1.0795311
1 400 -0.012627880088984966 0.0005786378751508892 0.019690610468387604 0.016534436494112015 -0.010342362336814404 0.0619196854531765 -0.0613660030066967 0.04155969247221947 -0.013676042668521404 0.026788119226694107 -0.04487474635243416 -0.004874652251601219 0.07903067767620087 0.0046972124837338924 0.006317710969597101 0.05579845979809761 -0.025239214301109314 0.07899275422096252 -0.021241197362542152 0.044242676347494125 -0.020451705902814865 -0.004377644043415785 -0.06273993104696274 -0.03524060547351837 0.039793532341718674 -0.06663093715906143 -0.004025422502309084 -0.04042617976665497 0.038021478801965714 -0.06426361203193665 0.03561056777834892 -0.012103001587092876 0.02560163475573063 0.0566251240670681 0.02830108068883419 -0.04957607761025429 0.05804112181067467 0.022502370178699493 0.059789735823869705 -0.07264574617147446 -0.03212190046906471 -0.0373261533677578 0.06371087580919266 0.06789844483137131 -0.04807748273015022 0.07605411857366562 0.05775769427418709 -0.05306447297334671 0.049670130014419556 -0.0014367247931659222 -0.0069932178594172 -0.035830121487379074 -0.03885394707322121 0.04702771082520485 -0.023203691467642784 0.05492297559976578 0.001833069371059537 -0.027831604704260826 0.03297760710120201 -0.02141309529542923 0.044304754585027695 0.041123297065496445 0.015555204823613167 0.03943396732211113 0.008036172017455101 0.008444834500551224 0.04768823832273483 0.04554487764835358 0.06158861145377159 -0.011827219277620316 -0.03165096044540405 0.02662554942071438 0.038151372224092484 0.054711710661649704 0.043354667723178864 -0.022879136726260185 -0.00954663660377264 -0.030508538708090782 -0.03593994304537773 -0.04728243872523308 0.022933535277843475 0.042505595833063126 -0.05871328338980675 0.04556259885430336 -0.025285392999649048 0.011223293840885162 -0.04770277440547943 -0.002883339999243617 0.010667557828128338 0.04045663774013519 0.04467546194791794 0.04928313195705414 -0.05289435014128685 0.04456014186143875 0.019517209380865097 0.018066420753723653 0.0770572141966947 0.1488491360455603 0.3514477378155285 0.4221065130822904 0.6740388812215515 0.7939281016667283 0.9455428178493397 0.9712964836637588 -1.1001673 -0.9546199 -0.8535747 -0.69622076 -0.5933376 -0.6405496 -0.8036033 -0.9352803 -0.9705469 -1.2117249 -0.94153893 -0.7896534 -0.46817982 -0.22093664 -0.4527076 -0.68253505 -0.9553157 -1.0196661
2 400 -0.012627880088984966 0.0005786378751508892 0.019690610468387604 0.016534436494112015 -0.010342362336814404 0.0619196854531765 -0.0613660030066967 0.04155969247221947 -0.013676042668521404 0.026788119226694107 -0.04487474635243416 -0.004874652251601219 0.07903067767620087 0.0046972124837338924 0.006317710969597101 0.05579845979809761 -0.025239214301109314 0.07899275422096252 -0.021241197362542152 0.044242676347494125 -0.020451705902814865 -0.004377644043415785 -0.06273993104696274 -0.03524060547351837 0.039793532341718674 -0.06663093715906143 -0.004025422502309084 -0.04042617976665497 0.038021478801965714 -0.06426361203193665 0.03561056777834892 -0.012103001587092876 0.02560163475573063 0.0566251240670681 0.02830108068883419 -0.04957607761025429 0.05804112181067467 0.022502370178699493 0.059789735823869705 -0.07264574617147446 -0.03212190046906471 -0.0373261533677578 0.06371087580919266 0.06789844483137131 -0.04807748273015022 0.07605411857366562 0.05775769427418709 -0.05306447297334671 0.049670130014419556 -0.0014367247931659222 -0.0069932178594172 -0.035830121487379074 -0.03885394707322121 0.04702771082520485 -0.023203691467642784 0.05492297559976578 0.001833069371059537 -0.027831604704260826 0.03297760710120201 -0.02141309529542923 0.044304754585027695 0.041123297065496445 0.015555204823613167 0.03943396732211113 0.008036172017455101 0.008444834500551224 0.04768823832273483 0.04554487764835358 0.06158861145377159 -0.011827219277620316 -0.03165096044540405 0.02662554942071438 0.038151372224092484 0.054711710661649704 0.043354667723178864 -0.022879136726260185 -0.00954663660377264 -0.030508538708090782 -0.03593994304537773 -0.04728243872523308 0.022933535277843475 0.042505595833063126 -0.05871328338980675 0.04556259885430336 -0.025285392999649048 0.011223293840885162 -0.04770277440547943 -0.002883339999243617 0.010667557828128338 0.04045663774013519 0.04467546194791794 0.04928313195705414 -0.05289435014128685 0.04456014186143875 0.019517209380865097 0.01205388123167506 0.05270494757280773 0.09173919749724561 0.2823599297692363 0.3005289901324152 0.439420725378233 0.6602662164462298 0.8618468036815236 0.9249042874621968 -0.95564747 -0.84938186 -0.88754976 -0.6839919 -0.53555006 -0.6153638 -0.72701526 -0.8616116 -0.99472535 -1.0845896 -0.8431397 -0.84174204 -0.51416945 -0.26594496 -0.42125025 -0.5785441 -0.7918234 -1.0147108
0 400 -0.009470910765230656 0.00043397839181125164 0.014767958782613277 0.012400827370584011 -0.007756771985441446 0.0464397631585598 -0.04602450504899025 0.031169768422842026 -0.010257032699882984 0.020091090351343155 -0.03365606069564819 -0.003655989421531558 0.05927300825715065 0.003522909479215741 0.004738283343613148 0.04184884577989578 -0.018929410725831985 0.05924456939101219 -0.0159308984875679 0.03318200632929802 -0.015338779427111149 -0.0032832331489771605 -0.0470549501478672 -0.026430455967783928 0.02984514832496643 -0.04997320473194122 -0.0030190669931471348 -0.030319636687636375 0.02851611003279686 -0.04819771274924278 0.026707926765084267 -0.009077250957489014 0.01920122653245926 0.0424688421189785 0.021225811913609505 -0.03718205913901329 0.043530840426683426 0.01687677763402462 0.044842302799224854 -0.05448431149125099 -0.02409142628312111 -0.027994614094495773 0.04778315871953964 0.05092383548617363 -0.03605811297893524 0.05704059079289436 0.04331827163696289 -0.03979835659265518 0.03725259751081467 -0.0010775435948744416 -0.005244913510978222 -0.02687259018421173 -0.02914046123623848 0.03527078405022621 -0.01740276999771595 0.04119223356246948 0.0013748020865023136 -0.02087370492517948 0.024733206257224083 -0.016059821471571922 0.033228568732738495 0.03084247186779976 0.011666404083371162 0.029575476422905922 0.006027129013091326 0.006333626341074705 0.035766180604696274 0.03415865823626518 0.04619145765900612 -0.008870414458215237 -0.02373822219669819 0.019969163462519646 0.028613530099391937 0.041033785790205 0.0325160026550293 -0.017159353941679 -0.007159977685660124 -0.02288140542805195 -0.026954958215355873 -0.03546183183789253 0.017200151458382607 0.03187919780611992 -0.044034961611032486 0.034171950072050095 -0.018964044749736786 0.008417470380663872 -0.03577708080410957 -0.0021625051740556955 0.008000669069588184 0.030342480167746544 0.0335065983235836 0.036962348967790604 -0.03967076167464256 0.03342010825872421 0.014637907035648823 0.01904821696179544 0.13750142031885035 0.2588077577216646 0.5316988686784085 0.6222185497736166 0.8036050781899063 0.8640804904537447 0.9553616816620488 0.9808073444933163 -0.96115375 -0.8942714 -0.79002166 -0.5591142 -0.32173687 -0.553708 -0.7867526 -0.87729645 -0.9943234 -1.0545942 -0.86563766 -0.6841514 -0.32535392 -0.06491709 -0.3586349 -0.6834668 -0.90147185 -1.0977724
1 400 -0.009470910765230656 0.00043397839181125164 0.014767958782613277 0.012400827370584011 -0.007756771985441446 0.0464397631585598 -0.04602450504899025 0.031169768422842026 -0.010257032699882984 0.020091090351343155 -0.03365606069564819 -0.003655989421531558 0.05927300825715065 0.003522909479215741 0.004738283343613148 0.04184884577989578 -0.018929410725831985 0.05924456939101219 -0.0159308984875679 0.03318200632929802 -0.015338779427111149 -0.0032832331489771605 -0.0470549501478672 -0.026430455967783928 0.02984514832496643 -0.04997320473194122 -0.0030190669931471348 -0.030319636687636375 0.02851611003279686 -0.04819771274924278 0.026707926765084267 -0.009077250957489014 0.01920122653245926 0.0424688421189785 0.021225811913609505 -0.03718205913901329 0.043530840426683426 0.01687677763402462 0.044842302799224854 -0.05448431149125099 -0.02409142628312111 -0.027994614094495773 0.04778315871953964 0.05092383548617363 -0.03605811297893524 0.05704059079289436 0.04331827163696289 -0.03979835659265518 0.03725259751081467 -0.0010775435948744416 -0.005244913510978222 -0.02687259018421173 -0.02914046123623848 0.03527078405022621 -0.01740276999771595 0.04119223356246948 0.0013748020865023136 -0.02087370492517948 0.024733206257224083 -0.016059821471571922 0.033228568732738495 0.03084247186779976 0.011666404083371162 0.029575476422905922 0.006027129013091326 0.006333626341074705 0.035766180604696274 0.03415865823626518 0.04619145765900612 -0.008870414458215237 -0.02373822219669819 0.019969163462519646 0.028613530099391937 0.041033785790205 0.0325160026550293 -0.017159353941679 -0.007159977685660124 -0.02288140542805195 -0.026954958215355873 -0.03546183183789253 0.017200151458382607 0.03187919780611992 -0.044034961611032486 0.034171950072050095 -0.018964044749736786 0.008417470380663872 -0.03577708080410957 -0.0021625051740556955 0.008000669069588184 0.030342480167746544 0.0335065983235836 0.036962348967790604 -0.03967076167464256 0.03342010825872421 0.014637907035648823 0.022045428666625965 0.07617592464585847 0.1476221394916141 0.34880621119458716 0.47004453724617234 0.6627820718276329 0.7952614461223944 0.9278209833467901 0.9708565689824745 -1.0760422 -0.9548857 -0.84280205 -0.69620043 -0.59150624 -0.6404237 -0.796027 -0.95614815 -0.9905664 -1.1698675 -0.9433578 -0.76871693 -0.46814635 -0.21007976 -0.45122126 -0.6707008 -0.94441926 -1.0506603
2 400 -0.009470910765230656 0.00043397839181125164 0.014767958782613277 0.012400827370584011 -0.007756771985441446 0.0464397631585598 -0.04602450504899025 0.031169768422842026 -0.010257032699882984 0.020091090351343155 -0.03365606069564819 -0.003655989421531558 0.05927300825715065 0.003522909479215741 0.004738283343613148 0.04184884577989578 -0.018929410725831985 0.05924456939101219 -0.0159308984875679 0.03318200632929802 -0.015338779427111149 -0.0032832331489771605 -0.0470549501478672 -0.026430455967783928 0.02984514832496643 -0.04997320473194122 -0.0030190669931471348 -0.030319636687636375 0.02851611003279686 -0.04819771274924278 0.026707926765084267 -0.009077250957489014 0.01920122653245926 0.0424688421189785 0.021225811913609505 -0.03718205913901329 0.043530840426683426 0.01687677763402462 0.044842302799224854 -0.05448431149125099 -0.02409142628312111 -0.027994614094495773 0.04778315871953964 0.05092383548617363 -0.03605811297893524 0.05704059079289436 0.04331827163696289 -0.03979835659265518 0.03725259751081467 -0.0010775435948744416 -0.005244913510978222 -0.02687259018421173 -0.02914046123623848 0.03527078405022621 -0.01740276999771595 0.04119223356246948 0.0013748020865023136 -0.02087370492517948 0.024733206257224083 -0.016059821471571922 0.033228568732738495 0.03084247186779976 0.011666404083371162 0.029575476422905922 0.006027129013091326 0.006333626341074705 0.035766180604696274 0.03415865823626518 0.04619145765900612 -0.008870414458215237 -0.02373822219669819 0.019969163462519646 0.028613530099391937 0.041033785790205 0.0325160026550293 -0.017159353941679 -0.007159977685660124 -0.02288140542805195 -0.026954958215355873 -0.03546183183789253 0.017200151458382607 0.03187919780611992 -0.044034961611032486 0.034171950072050095 -0.018964044749736786 0.008417470380663872 -0.03577708080410957 -0.0021625051740556955 0.008000669069588184 0.030342480167746544 0.0335065983235836 0.036962348967790604 -0.03967076167464256 0.03342010825872421 0.014637907035648823 0.014561762840752494 0.0562988626360068 0.09279977287164964 0.23771029375326302 0.2885695391175338 0.4066945960469513 0.66224434034492 0.8510827741785917 0.9277743057273109 -0.94639665 -0.80090404 -0.8754899 -0.57179195 -0.515095 -0.5702901 -0.73023474 -0.84305865 -0.9943316 -1.0596602 -0.78281355 -0.8188702 -0.3721301 -0.24440375 -0.36336207 -0.57896596 -0.76479053 -1.0225621
0 400 -0.006313940044492483 0.0002893189375754446 0.009845305234193802 0.008267218247056007 -0.005171181168407202 0.03095984272658825 -0.03068300150334835 0.020779846236109734 -0.006838021334260702 0.013394059613347054 -0.02243737317621708 -0.0024373261258006096 0.03951533883810043 0.0023486062418669462 0.0031588554847985506 0.027899229899048805 -0.012619607150554657 0.03949637711048126 -0.010620598681271076 0.022121338173747063 -0.010225852951407433 -0.0021888220217078924 -0.03136996552348137 -0.017620302736759186 0.019896766170859337 -0.033315468579530716 -0.002012711251154542 -0.020213089883327484 0.019010739400982857 -0.03213180601596832 0.01780528388917446 -0.006051500793546438 0.012800817377865314 0.02831256203353405 0.014150540344417095 -0.024788038805127144 0.029020560905337334 0.011251185089349747 0.029894867911934853 -0.03632287308573723 -0.016060950234532356 -0.0186630766838789 0.03185543790459633 0.033949222415685654 -0.02403874136507511 0.03802705928683281 0.028878847137093544 -0.026532236486673355 0.024835065007209778 -0.0007183623965829611 -0.0034966089297086 -0.017915060743689537 -0.019426973536610603 0.023513855412602425 -0.011601845733821392 0.02746148779988289 0.0009165346855297685 -0.013915802352130413 0.016488803550601006 -0.010706547647714615 0.022152377292513847 0.020561648532748222 0.007777602411806583 0.019716983661055565 0.0040180860087275505 0.004222417250275612 0.023844119161367416 0.02277243882417679 0.030794305726885796 -0.005913609638810158 -0.015825480222702026 0.01331277471035719 0.019075686112046242 0.027355855330824852 0.021677333861589432 -0.011439568363130093 -0.00477331830188632 -0.015254269354045391 -0.017969971522688866 -0.02364121936261654 0.011466767638921738 0.021252797916531563 -0.029356641694903374 0.02278129942715168 -0.012642696499824524 0.005611646920442581 -0.023851387202739716 -0.0014416699996218085 0.005333778914064169 0.020228318870067596 0.02233773097395897 0.02464156597852707 -0.026447175070643425 0.022280070930719376 0.009758604690432549 0.024460024323422015 0.13423236684499865 0.25743749552708683 0.5394507120355476 0.6482495882951363 0.7964715109506658 0.8843299159616714 0.9507465932712629 0.9822687912990911 -0.9645101 -0.8778322 -0.77817506 -0.54867667 -0.32183006 -0.55608875 -0.7503952 -0.8746664 -1.0023837 -1.0399182 -0.8452884 -0.66121256 -0.30749306 -0.057599604 -0.3586844 -0.6566138 -0.8873403 -1.1140013
1 400 -0.006313940044492483 0.0002893189375754446 0.009845305234193802 0.008267218247056007 -0.005171181168407202 0.03095984272658825 -0.03068300150334835 0.020779846236109734 -0.006838021334260702 0.013394059613347054 -0.02243737317621708 -0.0024373261258006096 0.03951533883810043 0.0023486062418669462 0.0031588554847985506 0.027899229899048805 -0.012619607150554657 0.03949637711048126 -0.010620598681271076 0.022121338173747063 -0.010225852951407433 -0.0021888220217078924 -0.03136996552348137 -0.017620302736759186 0.019896766170859337 -0.033315468579530716 -0.002012711251154542 -0.020213089883327484 0.019010739400982857 -0.03213180601596832 0.01780528388917446 -0.006051500793546438 0.012800817377865314 0.02831256203353405 0.014150540344417095 -0.024788038805127144 0.029020560905337334 0.011251185089349747 0.029894867911934853 -0.03632287308573723 -0.016060950234532356 -0.0186630766838789 0.03185543790459633 0.033949222415685654 -0.02403874136507511 0.03802705928683281 0.028878847137093544 -0.026532236486673355 0.024835065007209778 -0.0007183623965829611 -0.0034966089297086 -0.017915060743689537 -0.019426973536610603 0.023513855412602425 -0.011601845733821392 0.02746148779988289 0.0009165346855297685 -0.013915802352130413 0.016488803550601006 -0.010706547647714615 0.022152377292513847 0.020561648532748222 0.007777602411806583 0.019716983661055565 0.0040180860087275505 0.004222417250275612 0.023844119161367416 0.02277243882417679 0.030794305726885796 -0.005913609638810158 -0.015825480222702026 0.01331277471035719 0.019075686112046242 0.027355855330824852 0.021677333861589432 -0.011439568363130093 -0.00477331830188632 -0.015254269354045391 -0.017969971522688866 -0.02364121936261654 0.011466767638921738 0.021252797916531563 -0.029356641694903374 0.02278129942715168 -0.012642696499824524 0.005611646920442581 -0.023851387202739716 -0.0014416699996218085 0.005333778914064169 0.020228318870067596 0.02233773097395897 0.02464156597852707 -0.026447175070643425 0.022280070930719376 0.009758604690432549 0.026836672663722805 0.07531073030815622 0.15163662775038386 0.3461329563392846 0.5025445464494264 0.6465124518421476 0.8020837846450692 0.9205042640911223 0.9702753514489237 -1.052124 -0.9551368 -0.836668 -0.6962189 -0.5897721 -0.64735353 -0.7957616 -0.94929814 -1.0085881 -1.128362 -0.9451333 -0.75768757 -0.4681716 -0.20241046 -0.46280915 -0.67080915 -0.9260982 -1.0720596
2 400 -0.006313940044492483 0.0002893189375754446 0.009845305234193802 0.008267218247056007 -0.005171181168407202 0.03095984272658825 -0.03068300150334835 0.020779846236109734 -0.006838021334260702 0.013394059613347054 -0.02243737317621708 -0.0024373261258006096 0.03951533883810043 0.0023486062418669462 0.0031588554847985506 0.027899229899048805 -0.012619607150554657 0.03949637711048126 -0.010620598681271076 0.022121338173747063 -0.010225852951407433 -0.0021888220217078924 -0.03136996552348137 -0.017620302736759186 0.019896766170859337 -0.033315468579530716 -0.002012711251154542 -0.020213089883327484 0.019010739400982857 -0.03213180601596832 0.01780528388917446 -0.006051500793546438 0.012800817377865314 0.02831256203353405 0.014150540344417095 -0.024788038805127144 0.029020560905337334 0.011251185089349747 0.029894867911934853 -0.03632287308573723 -0.016060950234532356 -0.0186630766838789 0.03185543790459633 0.033949222415685654 -0.02403874136507511 0.03802705928683281 0.028878847137093544 -0.026532236486673355 0.024835065007209778 -0.0007183623965829611 -0.0034966089297086 -0.017915060743689537 -0.019426973536610603 0.023513855412602425 -0.011601845733821392 0.02746148779988289 0.0009165346855297685 -0.013915802352130413 0.016488803550601006 -0.010706547647714615 0.022152377292513847 0.020561648532748222 0.007777602411806583 0.019716983661055565 0.0040180860087275505 0.004222417250275612 0.023844119161367416 0.02277243882417679 0.030794305726885796 -0.005913609638810158 -0.015825480222702026 0.01331277471035719 0.019075686112046242 0.027355855330824852 0.021677333861589432 -0.011439568363130093 -0.00477331830188632 -0.015254269354045391 -0.017969971522688866 -0.02364121936261654 0.011466767638921738 0.021252797916531563 -0.029356641694903374 0.02278129942715168 -0.012642696499824524 0.005611646920442581 -0.023851387202739716 -0.0014416699996218085 0.005333778914064169 0.020228318870067596 0.02233773097395897 0.02464156597852707 -0.026447175070643425 0.022280070930719376 0.009758604690432549 0.01754731574813085 0.0588904848354654 0.0939237738192819 0.216663545746194 0.28881531846948894 0.4086104962129063 0.6642564962336386 0.8396571938569435 0.9288739257360408 -0.9376366 -0.7898152 -0.84991395 -0.5537324 -0.49359673 -0.56945777 -0.7334751 -0.82455003 -0.99763715 -1.035421 -0.76638305 -0.7781702 -0.3452621 -0.22190815 -0.36155117 -0.5794313 -0.7378173 -1.026883
0 400 -0.0031569700222462416 0.0001446594687877223 0.004922652617096901 0.004133609123528004 -0.002585590584203601 0.015479921363294125 -0.015341500751674175 0.010389923118054867 -0.003419010667130351 0.006697029806673527 -0.01121868658810854 -0.0012186630629003048 0.019757669419050217 0.0011743031209334731 0.0015794277423992753 0.013949614949524403 -0.0063098035752773285 0.01974818855524063 -0.005310299340635538 0.011060669086873531 -0.005112926475703716 -0.0010944110108539462 -0.015684982761740685 -0.008810151368379593 0.009948383085429668 -0.016657734289765358 -0.001006355625577271 -0.010106544941663742 0.009505369700491428 -0.01606590300798416 0.00890264194458723 -0.003025750396773219 0.006400408688932657 0.014156281016767025 0.007075270172208548 -0.012394019402563572 0.014510280452668667 0.005625592544674873 0.014947433955967426 -0.018161436542868614 -0.008030475117266178 -0.00933153834193945 0.015927718952298164 0.016974611207842827 -0.012019370682537556 0.019013529643416405 0.014439423568546772 -0.013266118243336678 0.012417532503604889 -0.00035918119829148054 -0.0017483044648543 -0.008957530371844769 -0.009713486768305302 0.011756927706301212 -0.005800922866910696 0.013730743899941444 0.00045826734276488423 -0.0069579011760652065 0.008244401775300503 -0.0053532738238573074 0.011076188646256924 0.010280824266374111 0.0038888012059032917 0.009858491830527782 0.0020090430043637753 0.002111208625137806 0.011922059580683708 0.011386219412088394 0.015397152863442898 -0.002956804819405079 -0.007912740111351013 0.006656387355178595 0.009537843056023121 0.013677927665412426 0.010838666930794716 -0.005719784181565046 -0.00238665915094316 -0.0076271346770226955 -0.008984985761344433 -0.01182060968130827 0.005733383819460869 0.010626398958265781 -0.014678320847451687 0.01139064971357584 -0.006321348249912262 0.0028058234602212906 -0.011925693601369858 -0.0007208349998109043 0.0026668894570320845 0.010114159435033798 0.011168865486979485 0.012320782989263535 -0.013223587535321712 0.011140035465359688 0.004879302345216274 0.03135477746987767 0.1332929352174008 0.25586271428703017 0.5471871495223696 0.6760160670313058 0.7864315883522155 0.8900702874979011 0.9456583471748532 0.9827873347578219 -0.97000325 -0.83127904 -0.76638234 -0.5382358 -0.32368177 -0.5496257 -0.7453151 -0.87201214 -1.0053356 -1.0281106 -0.7904804 -0.63835084 -0.28960705 -0.0523206 -0.34837362 -0.65724576 -0.8731264 -1.1195666
1 400 -0.0031569700222462416 0.0001446594687877223 0.004922652617096901 0.004133609123528004 -0.002585590584203601 0.015479921363294125 -0.015341500751674175 0.010389923118054867 -0.003419010667130351 0.006697029806673527 -0.01121868658810854 -0.0012186630629003048 0.019757669419050217 0.0011743031209334731 0.0015794277423992753 0.013949614949524403 -0.0063098035752773285 0.01974818855524063 -0.005310299340635538 0.011060669086873531 -0.005112926475703716 -0.0010944110108539462 -0.015684982761740685 -0.008810151368379593 0.009948383085429668 -0.016657734289765358 -0.001006355625577271 -0.010106544941663742 0.009505369700491428 -0.01606590300798416 0.00890264194458723 -0.003025750396773219 0.006400408688932657 0.014156281016767025 0.007075270172208548 -0.012394019402563572 0.014510280452668667 0.005625592544674873 0.014947433955967426 -0.018161436542868614 -0.008030475117266178 -0.00933153834193945 0.015927718952298164 0.016974611207842827 -0.012019370682537556 0.019013529643416405 0.014439423568546772 -0.013266118243336678 0.012417532503604889 -0.00035918119829148054 -0.0017483044648543 -0.008957530371844769 -0.009713486768305302 0.011756927706301212 -0.005800922866910696 0.013730743899941444 0.00045826734276488423 -0.0069579011760652065 0.008244401775300503 -0.0053532738238573074 0.011076188646256924 0.010280824266374111 0.0038888012059032917 0.009858491830527782 0.0020090430043637753 0.002111208625137806 0.011922059580683708 0.011386219412088394 0.015397152863442898 -0.002956804819405079 -0.007912740111351013 0.006656387355178595 0.009537843056023121 0.013677927665412426 0.010838666930794716 -0.005719784181565046 -0.00238665915094316 -0.0076271346770226955 -0.008984985761344433 -0.01182060968130827 0.005733383819460869 0.010626398958265781 -0.014678320847451687 0.01139064971357584 -0.006321348249912262 0.0028058234602212906 -0.011925693601369858 -0.0007208349998109043 0.0026668894570320845 0.010114159435033798 0.011168865486979485 0.012320782989263535 -0.013223587535321712 0.011140035465359688 0.004879302345216274 0.03269291255309368 0.07491733612261403 0.15625138302626487 0.34345820144779166 0.502918173835504 0.6341729985185937 0.8087474720338681 0.9142249011573805 0.9694437665534404 -1.0279436 -0.9508163 -0.830931 -0.6962277 -0.58954275 -0.6534398 -0.795489 -0.9400204 -1.0238206 -1.0864034 -0.93735933 -0.7475146 -0.46817023 -0.20072787 -0.4702621 -0.67090756 -0.90770423 -1.0810577
2 400 -0.0031569700222462416 0.0001446594687877223 0.004922652617096901 0.004133609123528004 -0.002585590584203601 0.015479921363294125 -0.015341500751674175 0.010389923118054867 -0.003419010667130351 0.006697029806673527 -0.01121868658810854 -0.0012186630629003048 0.019757669419050217 0.0011743031209334731 0.0015794277423992753 0.013949614949524403 -0.0063098035752773285 0.01974818855524063 -0.005310299340635538 0.011060669086873531 -0.005112926475703716 -0.0010944110108539462 -0.015684982761740685 -0.008810151368379593 0.009948383085429668 -0.016657734289765358 -0.001006355625577271 -0.010106544941663742 0.009505369700491428 -0.01606590300798416 0.00890264194458723 -0.003025750396773219 0.006400408688932657 0.014156281016767025 0.007075270172208548 -0.012394019402563572 0.014510280452668667 0.005625592544674873 0.014947433955967426 -0.018161436542868614 -0.008030475117266178 -0.00933153834193945 0.015927718952298164 0.016974611207842827 -0.012019370682537556 0.019013529643416405 0.014439423568546772 -0.013266118243336678 0.012417532503604889 -0.00035918119829148054 -0.0017483044648543 -0.008957530371844769 -0.009713486768305302 0.011756927706301212 -0.005800922866910696 0.013730743899941444 0.00045826734276488423 -0.0069579011760652065 0.008244401775300503 -0.0053532738238573074 0.011076188646256924 0.010280824266374111 0.0038888012059032917 0.009858491830527782 0.0020090430043637753 0.002111208625137806 0.011922059580683708 0.011386219412088394 0.015397152863442898 -0.002956804819405079 -0.007912740111351013 0.006656387355178595 0.009537843056023121 0.013677927665412426 0.010838666930794716 -0.005719784181565046 -0.00238665915094316 -0.0076271346770226955 -0.008984985761344433 -0.01182060968130827 0.005733383819460869 0.010626398958265781 -0.014678320847451687 0.01139064971357584 -0.006321348249912262 0.0028058234602212906 -0.011925693601369858 -0.0007208349998109043 0.0026668894570320845 0.010114159435033798 0.011168865486979485 0.012320782989263535 -0.013223587535321712 0.011140035465359688 0.004879302345216274 0.02117311002749619 0.05868764351125137 0.09517258981199761 0.2046692135743141 0.29617561474935217 0.40990682967279707 0.6662029474167069 0.827632179727409 0.93002589683 -0.9284448 -0.79295063 -0.7973928 -0.5609293 -0.45561397 -0.56913865 -0.73666644 -0.8060382 -1.0010861 -1.0105166 -0.76970774 -0.70195866 -0.34909454 -0.17500445 -0.36049303 -0.5798211 -0.71090305 -1.0314258
0 400 0.0 -0.0 -0.0 -0.0 0.0 -0.0 0.0 -0.0 0.0 -0.0 0.0 0.0 -0.0 -0.0 -0.0 -0.0 0.0 -0.0 0.0 -0.0 0.0 0.0 0.0 0.0 -0.0 0.0 0.0 0.0 -0.0 0.0 -0.0 0.0 -0.0 -0.0 -0.0 0.0 -0.0 -0.0 -0.0 0.0 0.0 0.0 -0.0 -0.0 0.0 -0.0 -0.0 0.0 -0.0 0.0 0.0 0.0 0.0 -0.0 0.0 -0.0 -0.0 0.0 -0.0 0.0 -0.0 -0.0 -0.0 -0.0 -0.0 -0.0 -0.0 -0.0 -0.0 0.0 0.0 -0.0 -0.0 -0.0 -0.0 0.0 0.0 0.0 0.0 0.0 -0.0 -0.0 0.0 -0.0 0.0 -0.0 0.0 0.0 -0.0 -0.0 -0.0 -0.0 0.0 -0.0 -0.0 0.038994506282401954 0.13248640833457892 0.25450927838742377 0.5343289765449893 0.6950911523227883 0.7760836999449342 0.8924368994475216 0.940080205145755 0.9832879807396104 -0.99200076 -0.78526616 -0.75450385 -0.5305152 -0.32667452 -0.54327554 -0.74757886 -0.86937666 -1.0082781 -1.0396585 -0.7362038 -0.6153517 -0.27495787 -0.04840088 -0.3382117 -0.66152644 -0.8589431 -1.1251633
1 400 0.0 -0.0 -0.0 -0.0 0.0 -0.0 0.0 -0.0 0.0 -0.0 0.0 0.0 -0.0 -0.0 -0.0 -0.0 0.0 -0.0 0.0 -0.0 0.0 0.0 0.0 0.0 -0.0 0.0 0.0 0.0 -0.0 0.0 -0.0 0.0 -0.0 -0.0 -0.0 0.0 -0.0 -0.0 -0.0 0.0 0.0 0.0 -0.0 -0.0 0.0 -0.0 -0.0 0.0 -0.0 0.0 0.0 0.0 0.0 -0.0 0.0 -0.0 -0.0 0.0 -0.0 0.0 -0.0 -0.0 -0.0 -0.0 -0.0 -0.0 -0.0 -0.0 -0.0 0.0 0.0 -0.0 -0.0 -0.0 -0.0 0.0 0.0 0.0 0.0 0.0 -0.0 -0.0 0.0 -0.0 0.0 -0.0 0.0 0.0 -0.0 -0.0 -0.0 -0.0 0.0 -0.0 -0.0 0.0397648005730267 0.07485223554965792 0.14376472719004066 0.3408369590006676 0.5029649879478225 0.6255423509500575 0.8152523455241032 0.9016483993115406 0.9686015863295282 -1.0038264 -0.9442758 -0.83417654 -0.6962082 -0.58935636 -0.65800023 -0.79523796 -0.943795 -1.0391133 -1.0445608 -0.9250505 -0.7516109 -0.4681363 -0.19909655 -0.47301975 -0.6710408 -0.89586854 -1.0901796
2 400 0.0 -0.0 -0.0 -0.0 0.0 -0.0 0.0 -0.0 0.0 -0.0 0.0 0.0 -0.0 -0.0 -0.0 -0.0 0.0 -0.0 0.0 -0.0 0.0 0.0 0.0 0.0 -0.0 0.0 0.0 0.0 -0.0 0.0 -0.0 0.0 -0.0 -0.0 -0.0 0.0 -0.0 -0.0 -0.0 0.0 0.0 0.0 -0.0 -0.0 0.0 -0.0 -0.0 0.0 -0.0 0.0 0.0 0.0 0.0 -0.0 0.0 -0.0 -0.0 0.0 -0.0 0.0 -0.0 -0.0 -0.0 -0.0 -0.0 -0.0 -0.0 -0.0 -0.0 0.0 0.0 -0.0 -0.0 -0.0 -0.0 0.0 0.0 0.0 0.0 0.0 -0.0 -0.0 0.0 -0.0 0.0 -0.0 0.0 0.0 -0.0 -0.0 -0.0 -0.0 0.0 -0.0 -0.0 0.025529300789863384 0.058521777285552065 0.09643480123409205 0.20469843039796368 0.31003226127157973 0.40928494252349207 0.6681687825105558 0.8148692860634607 0.9311310575620367 -0.91918576 -0.7956232 -0.7453711 -0.5649347 -0.40656775 -0.5700847 -0.73990494 -0.7875001 -1.0044929 -0.98557734 -0.7724389 -0.6264206 -0.35340142 -0.10929817 -0.36129415 -0.58027065 -0.6839278 -1.0358912
0 400 0.0031569700222462416 -0.0001446594687877223 -0.004922652617096901 -0.004133609123528004 0.002585590584203601 -0.015479921363294125 0.015341500751674175 -0.010389923118054867 0.003419010667130351 -0.006697029806673527 0.01121868658810854 0.0012186630629003048 -0.019757669419050217 -0.0011743031209334731 -0.0015794277423992753 -0.013949614949524403 0.0063098035752773285 -0.01974818855524063 0.005310299340635538 -0.011060669086873531 0.005112926475703716 0.0010944110108539462 0.015684982761740685 0.008810151368379593 -0.009948383085429668 0.016657734289765358 0.001006355625577271 0.010106544941663742 -0.009505369700491428 0.01606590300798416 -0.00890264194458723 0.003025750396773219 -0.006400408688932657 -0.014156281016767025 -0.007075270172208548 0.012394019402563572 -0.014510280452668667 -0.005625592544674873 -0.014947433955967426 0.018161436542868614 0.008030475117266178 0.00933153834193945 -0.015927718952298164 -0.016974611207842827 0.012019370682537556 -0.019013529643416405 -0.014439423568546772 0.013266118243336678 -0.012417532503604889 0.00035918119829148054 0.0017483044648543 0.008957530371844769 0.009713486768305302 -0.011756927706301212 0.005800922866910696 -0.013730743899941444 -0.00045826734276488423 0.0069579011760652065 -0.008244401775300503 0.0053532738238573074 -0.011076188646256924 -0.010280824266374111 -0.0038888012059032917 -0.009858491830527782 -0.0020090430043637753 -0.002111208625137806 -0.011922059580683708 -0.011386219412088394 -0.015397152863442898 0.002956804819405079 0.007912740111351013 -0.006656387355178595 -0.009537843056023121 -0.013677927665412426 -0.010838666930794716 0.005719784181565046 0.00238665915094316 0.0076271346770226955 0.008984985761344433 0.01182060968130827 -0.005733383819460869 -0.010626398958265781 0.014678320847451687 -0.01139064971357584 0.006321348249912262 -0.0028058234602212906 0.011925693601369858 0.0007208349998109043 -0.0026668894570320845 -0.010114159435033798 -0.011168865486979485 -0.012320782989263535 0.013223587535321712 -0.011140035465359688 -0.004879302345216274 0.049263881353546486 0.13157425181273216 0.2571906369280836 0.5052782024097277 0.7114310641524502 0.7653325120989817 0.8947362095080764 0.9346831234777977 0.9837672666442068 -0.9867555 -0.7386169 -0.71735775 -0.50543255 -0.33002213 -0.536816 -0.74974716 -0.8534616 -1.0111737 -1.020033 -0.6812823 -0.56268245 -0.2396634 -0.04490933 -0.3279056 -0.6656494 -0.82853615 -1.1306489
1 400 0.0031569700222462416 -0.0001446594687877223 -0.004922652617096901 -0.004133609123528004 0.002585590584203601 -0.015479921363294125 0.015341500751674175 -0.010389923118054867 0.003419010667130351 -0.006697029806673527 0.01121868658810854 0.0012186630629003048 -0.019757669419050217 -0.0011743031209334731 -0.0015794277423992753 -0.013949614949524403 0.0063098035752773285 -0.01974818855524063 0.005310299340635538 -0.011060669086873531 0.005112926475703716 0.0010944110108539462 0.015684982761740685 0.008810151368379593 -0.009948383085429668 0.016657734289765358 0.001006355625577271 0.010106544941663742 -0.009505369700491428 0.01606590300798416 -0.00890264194458723 0.003025750396773219 -0.006400408688932657 -0.014156281016767025 -0.007075270172208548 0.012394019402563572 -0.014510280452668667 -0.005625592544674873 -0.014947433955967426 0.018161436542868614 0.008030475117266178 0.00933153834193945 -0.015927718952298164 -0.016974611207842827 0.012019370682537556 -0.019013529643416405 -0.014439423568546772 0.013266118243336678 -0.012417532503604889 0.00035918119829148054 0.0017483044648543 0.008957530371844769 0.009713486768305302 -0.011756927706301212 0.005800922866910696 -0.013730743899941444 -0.00045826734276488423 0.0069579011760652065 -0.008244401775300503 0.0053532738238573074 -0.011076188646256924 -0.010280824266374111 -0.0038888012059032917 -0.009858491830527782 -0.0020090430043637753 -0.002111208625137806 -0.011922059580683708 -0.011386219412088394 -0.015397152863442898 0.002956804819405079 0.007912740111351013 -0.006656387355178595 -0.009537843056023121 -0.013677927665412426 -0.010838666930794716 0.005719784181565046 0.00238665915094316 0.0076271346770226955 0.008984985761344433 0.01182060968130827 -0.005733383819460869 -0.010626398958265781 0.014678320847451687 -0.01139064971357584 0.006321348249912262 -0.0028058234602212906 0.011925693601369858 0.0007208349998109043 -0.0026668894570320845 -0.010114159435033798 -0.011168865486979485 -0.012320782989263535 0.013223587535321712 -0.011140035465359688 -0.004879302345216274 0.05236542735980916 0.07466083227016704 0.11776392565586158 0.34298585077386196 0.49280077188109184 0.5942671965472093 0.8216162458037299 0.8897640571212473 0.9677322768832738 -0.96910965 -0.93798864 -0.8479328 -0.6995277 -0.5969632 -0.668826 -0.7950022 -0.9448942 -1.0543927 -0.98406005 -0.913167 -0.7729768 -0.47252214 -0.20131442 -0.48571926 -0.6712005 -0.884186 -1.099219
2 400 0.0031569700222462416 -0.0001446594687877223 -0.004922652617096901 -0.004133609123528004 0.002585590584203601 -0.015479921363294125 0.015341500751674175 -0.010389923118054867 0.003419010667130351 -0.006697029806673527 0.01121868658810854 0.0012186630629003048 -0.019757669419050217 -0.0011743031209334731 -0.0015794277423992753 -0.013949614949524403 0.0063098035752773285 -0.01974818855524063 0.005310299340635538 -0.011060669086873531 0.005112926475703716 0.0010944110108539462 0.015684982761740685 0.008810151368379593 -0.009948383085429668 0.016657734289765358 0.001006355625577271 0.010106544941663742 -0.009505369700491428 0.01606590300798416 -0.00890264194458723 0.003025750396773219 -0.006400408688932657 -0.014156281016767025 -0.007075270172208548 0.012394019402563572 -0.014510280452668667 -0.005625592544674873 -0.014947433955967426 0.018161436542868614 0.008030475117266178 0.00933153834193945 -0.015927718952298164 -0.016974611207842827 0.012019370682537556 -0.019013529643416405 -0.014439423568546772 0.013266118243336678 -0.012417532503604889 0.00035918119829148054 0.0017483044648543 0.008957530371844769 0.009713486768305302 -0.011756927706301212 0.005800922866910696 -0.013730743899941444 -0.00045826734276488423 0.0069579011760652065 -0.008244401775300503 0.0053532738238573074 -0.011076188646256924 -0.010280824266374111 -0.0038888012059032917 -0.009858491830527782 -0.0020090430043637753 -0.002111208625137806 -0.011922059580683708 -0.011386219412088394 -0.015397152863442898 0.002956804819405079 0.007912740111351013 -0.006656387355178595 -0.009537843056023121 -0.013677927665412426 -0.010838666930794716 0.005719784181565046 0.00238665915094316 0.0076271346770226955 0.008984985761344433 0.01182060968130827 -0.005733383819460869 -0.010626398958265781 0.014678320847451687 -0.01139064971357584 0.006321348249912262 -0.0028058234602212906 0.011925693601369858 0.0007208349998109043 -0.0026668894570320845 -0.010114159435033798 -0.011168865486979485 -0.012320782989263535 0.013223587535321712 -0.011140035465359688 -0.004879302345216274 0.030708606027564343 0.05837366771830002 0.10012230554692751 0.20467187021250027 0.32185759608679 0.40846843473414834 0.6701512324560405 0.8013968304965184 0.9322117441123376 -0.9098861 -0.79877734 -0.7329968 -0.56865996 -0.36615562 -0.5708165 -0.7431637 -0.76913905 -1.0077238 -0.9606836 -0.7756585 -0.60578537 -0.35739613 -0.058282316 -0.3618394 -0.5807346 -0.65715325 -1.0401547
0 400 0.006313940044492483 -0.0002893189375754446 -0.009845305234193802 -0.008267218247056007 0.005171181168407202 -0.03095984272658825 0.03068300150334835 -0.020779846236109734 0.006838021334260702 -0.013394059613347054 0.02243737317621708 0.0024373261258006096 -0.03951533883810043 -0.0023486062418669462 -0.0031588554847985506 -0.027899229899048805 0.012619607150554657 -0.03949637711048126 0.010620598681271076 -0.022121338173747063 0.010225852951407433 0.0021888220217078924 0.03136996552348137 0.017620302736759186 -0.019896766170859337 0.033315468579530716 0.002012711251154542 0.020213089883327484 -0.019010739400982857 0.03213180601596832 -0.01780528388917446 0.006051500793546438 -0.012800817377865314 -0.02831256203353405 -0.014150540344417095 0.024788038805127144 -0.029020560905337334 -0.011251185089349747 -0.029894867911934853 0.03632287308573723 0.016060950234532356 0.0186630766838789 -0.03185543790459633 -0.033949222415685654 0.02403874136507511 -0.03802705928683281 -0.028878847137093544 0.026532236486673355 -0.024835065007209778 0.0007183623965829611 0.0034966089297086 0.017915060743689537 0.019426973536610603 -0.023513855412602425 0.011601845733821392 -0.02746148779988289 -0.0009165346855297685 0.013915802352130413 -0.016488803550601006 0.010706547647714615 -0.022152377292513847 -0.020561648532748222 -0.007777602411806583 -0.019716983661055565 -0.0040180860087275505 -0.004222417250275612 -0.023844119161367416 -0.02277243882417679 -0.030794305726885796 0.005913609638810158 0.015825480222702026 -0.01331277471035719 -0.019075686112046242 -0.027355855330824852 -0.021677333861589432 0.011439568363130093 0.00477331830188632 0.015254269354045391 0.017969971522688866 0.02364121936261654 -0.011466767638921738 -0.021252797916531563 0.029356641694903374 -0.02278129942715168 0.012642696499824524 -0.005611646920442581 0.023851387202739716 0.0014416699996218085 -0.005333778914064169 -0.020228318870067596 -0.02233773097395897 -0.02464156597852707 0.026447175070643425 -0.022280070930719376 -0.009758604690432549 0.06290157208339622 0.1336349768691881 0.2685906971254874 0.4787791172690382 0.7272194515196597 0.754061562758423 0.8975424207816298 0.929960446010538 0.9842100884719349 -0.9616108 -0.67191696 -0.65274805 -0.4813549 -0.3332899 -0.5289478 -0.7383913 -0.8257657 -1.0139266 -0.97756267 -0.5991281 -0.47757977 -0.20755872 -0.04131785 -0.31611794 -0.65392554 -0.78488517 -1.1358755
1 400 0.006313940044492483 -0.0002893189375754446 -0.009845305234193802 -0.008267218247056007 0.005171181168407202 -0.03095984272658825 0.03068300150334835 -0.020779846236109734 0.006838021334260702 -0.013394059613347054 0.02243737317621708 0.0024373261258006096 -0.03951533883810043 -0.0023486062418669462 -0.0031588554847985506 -0.027899229899048805 0.012619607150554657 -0.03949637711048126 0.010620598681271076 -0.022121338173747063 0.010225852951407433 0.0021888220217078924 0.03136996552348137 0.017620302736759186 -0.019896766170859337 0.033315468579530716 0.002012711251154542 0.020213089883327484 -0.019010739400982857 0.03213180601596832 -0.01780528388917446 0.006051500793546438 -0.012800817377865314 -0.02831256203353405 -0.014150540344417095 0.024788038805127144 -0.029020560905337334 -0.011251185089349747 -0.029894867911934853 0.03632287308573723 0.016060950234532356 0.0186630766838789 -0.03185543790459633 -0.033949222415685654 0.02403874136507511 -0.03802705928683281 -0.028878847137093544 0.026532236486673355 -0.024835065007209778 0.0007183623965829611 0.0034966089297086 0.017915060743689537 0.019426973536610603 -0.023513855412602425 0.011601845733821392 -0.02746148779988289 -0.0009165346855297685 0.013915802352130413 -0.016488803550601006 0.010706547647714615 -0.022152377292513847 -0.020561648532748222 -0.007777602411806583 -0.019716983661055565 -0.0040180860087275505 -0.004222417250275612 -0.023844119161367416 -0.02277243882417679 -0.030794305726885796 0.005913609638810158 0.015825480222702026 -0.01331277471035719 -0.019075686112046242 -0.027355855330824852 -0.021677333861589432 0.011439568363130093 0.00477331830188632 0.015254269354045391 0.017969971522688866 0.02364121936261654 -0.011466767638921738 -0.021252797916531563 0.029356641694903374 -0.02278129942715168 0.012642696499824524 -0.005611646920442581 0.023851387202739716 0.0014416699996218085 -0.005333778914064169 -0.020228318870067596 -0.02233773097395897 -0.02464156597852707 0.026447175070643425 -0.022280070930719376 -0.009758604690432549 0.07371072174613069 0.08070135904014442 0.11180190713725337 0.36656379910858217 0.478458849047649 0.5421373469528683 0.8287593731449928 0.8798327526439382 0.9667997423033853 -0.9249537 -0.92008996 -0.85682446 -0.6900134 -0.6045591 -0.68801373 -0.80234516 -0.9426713 -1.0693892 -0.90695906 -0.8851062 -0.7856732 -0.44621515 -0.20092158 -0.49040538 -0.69537055 -0.87286067 -1.1079223
2 400 0.006313940044492483 -0.0002893189375754446 -0.009845305234193802 -0.008267218247056007 0.005171181168407202 -0.03095984272658825 0.03068300150334835 -0.020779846236109734 0.006838021334260702 -0.013394059613347054 0.02243737317621708 0.0024373261258006096 -0.03951533883810043 -0.0023486062418669462 -0.0031588554847985506 -0.027899229899048805 0.012619607150554657 -0.03949637711048126 0.010620598681271076 -0.022121338173747063 0.010225852951407433 0.0021888220217078924 0.03136996552348137 0.017620302736759186 -0.019896766170859337 0.033315468579530716 0.002012711251154542 0.020213089883327484 -0.019010739400982857 0.03213180601596832 -0.01780528388917446 0.006051500793546438 -0.012800817377865314 -0.02831256203353405 -0.014150540344417095 0.024788038805127144 -0.029020560905337334 -0.011251185089349747 -0.029894867911934853 0.03632287308573723 0.016060950234532356 0.0186630766838789 -0.03185543790459633 -0.033949222415685654 0.02403874136507511 -0.03802705928683281 -0.028878847137093544 0.026532236486673355 -0.024835065007209778 0.0007183623965829611 0.0034966089297086 0.017915060743689537 0.019426973536610603 -0.023513855412602425 0.011601845733821392 -0.02746148779988289 -0.0009165346855297685 0.013915802352130413 -0.016488803550601006 0.010706547647714615 -0.022152377292513847 -0.020561648532748222 -0.007777602411806583 -0.019716983661055565 -0.0040180860087275505 -0.004222417250275612 -0.023844119161367416 -0.02277243882417679 -0.030794305726885796 0.005913609638810158 0.015825480222702026 -0.01331277471035719 -0.019075686112046242 -0.027355855330824852 -0.021677333861589432 0.011439568363130093 0.00477331830188632 0.015254269354045391 0.017969971522688866 0.02364121936261654 -0.011466767638921738 -0.021252797916531563 0.029356641694903374 -0.02278129942715168 0.012642696499824524 -0.005611646920442581 0.023851387202739716 0.0014416699996218085 -0.005333778914064169 -0.020228318870067596 -0.02233773097395897 -0.02464156597852707 0.026447175070643425 -0.022280070930719376 -0.009758604690432549 0.03624057156760822 0.05816662974079145 0.1053311160321224 0.20466127403290407 0.36169050720485024 0.4092366625861424 0.6915095390466321 0.7926867567830496 0.9326215068244563 -0.9017352 -0.80195224 -0.7425541 -0.5726856 -0.37890306 -0.5700452 -0.7098582 -0.75990164 -1.013213 -0.9370403 -0.7790202 -0.61555547 -0.36174846 -0.0656867 -0.36080718 -0.54757196 -0.64274895 -1.0448786
0 400 0.009470910765230656 -0.00043397839181125164 -0.014767958782613277 -0.012400827370584011 0.007756771985441446 -0.0464397631585598 0.04602450504899025 -0.031169768422842026 0.010257032699882984 -0.020091090351343155 0.03365606069564819 0.003655989421531558 -0.05927300825715065 -0.003522909479215741 -0.004738283343613148 -0.04184884577989578 0.018929410725831985 -0.05924456939101219 0.0159308984875679 -0.03318200632929802 0.015338779427111149 0.0032832331489771605 0.0470549501478672 0.026430455967783928 -0.02984514832496643 0.04997320473194122 0.0030190669931471348 0.030319636687636375 -0.02851611003279686 0.04819771274924278 -0.026707926765084267 0.009077250957489014 -0.01920122653245926 -0.0424688421189785 -0.021225811913609505 0.03718205913901329 -0.043530840426683426 -0.01687677763402462 -0.044842302799224854 0.05448431149125099 0.02409142628312111 0.027994614094495773 -0.04778315871953964 -0.05092383548617363 0.03605811297893524 -0.05704059079289436 -0.04331827163696289 0.03979835659265518 -0.03725259751081467 0.0010775435948744416 0.005244913510978222 0.02687259018421173 0.02914046123623848 -0.03527078405022621 0.01740276999771595 -0.04119223356246948 -0.0013748020865023136 0.02087370492517948 -0.024733206257224083 0.016059821471571922 -0.033228568732738495 -0.03084247186779976 -0.011666404083371162 -0.029575476422905922 -0.006027129013091326 -0.006333626341074705 -0.035766180604696274 -0.03415865823626518 -0.04619145765900612 0.008870414458215237 0.02373822219669819 -0.019969163462519646 -0.028613530099391937 -0.041033785790205 -0.0325160026550293 0.017159353941679 0.007159977685660124 0.02288140542805195 0.026954958215355873 0.03546183183789253 -0.017200151458382607 -0.03187919780611992 0.044034961611032486 -0.034171950072050095 0.018964044749736786 -0.008417470380663872 0.03577708080410957 0.0021625051740556955 -0.008000669069588184 -0.030342480167746544 -0.0335065983235836 -0.036962348967790604 0.03967076167464256 -0.03342010825872421 -0.014637907035648823 0.08001418098010382 0.13630638674904166 0.2611327958895173 0.46554144183961893 0.7320821364025959 0.713380640841177 0.8993592643596457 0.9245663688284563 0.9845333334780841 -0.9364275 -0.60058653 -0.5961758 -0.4454574 -0.34028205 -0.53856647 -0.7205002 -0.8262818 -1.0184585 -0.93502355 -0.51087105 -0.4039375 -0.16254851 -0.043575227 -0.34892046 -0.6335399 -0.78185785 -1.1421753
1 400 0.009470910765230656 -0.00043397839181125164 -0.014767958782613277 -0.012400827370584011 0.007756771985441446 -0.0464397631585598 0.04602450504899025 -0.031169768422842026 0.010257032699882984 -0.020091090351343155 0.03365606069564819 0.003655989421531558 -0.05927300825715065 -0.003522909479215741 -0.004738283343613148 -0.04184884577989578 0.018929410725831985 -0.05924456939101219 0.0159308984875679 -0.03318200632929802 0.015338779427111149 0.0032832331489771605 0.0470549501478672 0.026430455967783928 -0.02984514832496643 0.04997320473194122 0.0030190669931471348 0.030319636687636375 -0.02851611003279686 0.04819771274924278 -0.026707926765084267 0.009077250957489014 -0.01920122653245926 -0.0424688421189785 -0.021225811913609505 0.03718205913901329 -0.043530840426683426 -0.01687677763402462 -0.044842302799224854 0.05448431149125099 0.02409142628312111 0.027994614094495773 -0.04778315871953964 -0.05092383548617363 0.03605811297893524 -0.05704059079289436 -0.04331827163696289 0.03979835659265518 -0.03725259751081467 0.0010775435948744416 0.005244913510978222 0.02687259018421173 0.02914046123623848 -0.03527078405022621 0.01740276999771595 -0.04119223356246948 -0.0013748020865023136 0.02087370492517948 -0.024733206257224083 0.016059821471571922 -0.033228568732738495 -0.03084247186779976 -0.011666404083371162 -0.029575476422905922 -0.006027129013091326 -0.006333626341074705 -0.035766180604696274 -0.03415865823626518 -0.04619145765900612 0.008870414458215237 0.02373822219669819 -0.019969163462519646 -0.028613530099391937 -0.041033785790205 -0.0325160026550293 0.017159353941679 0.007159977685660124 0.02288140542805195 0.026954958215355873 0.03546183183789253 -0.017200151458382607 -0.03187919780611992 0.044034961611032486 -0.034171950072050095 0.018964044749736786 -0.008417470380663872 0.03577708080410957 0.0021625051740556955 -0.008000669069588184 -0.030342480167746544 -0.0335065983235836 -0.036962348967790604 0.03967076167464256 -0.03342010825872421 -0.014637907035648823 0.10861772852611712 0.0911032028469751 0.1430556853521459 0.35217347241134106 0.4693520971043052 0.5729458174469301 0.8406819904128812 0.8715486572709161 0.9648644437760298 -0.87266517 -0.898075 -0.8370564 -0.69099087 -0.6105608 -0.6768669 -0.8110429 -0.936238 -1.0644996 -0.81675994 -0.8532693 -0.752408 -0.43560928 -0.19889793 -0.47337186 -0.71999884 -0.85893357 -1.0871686
2 400 0.009470910765230656 -0.00043397839181125164 -0.014767958782613277 -0.012400827370584011 0.007756771985441446 -0.0464397631585598 0.04602450504899025 -0.031169768422842026 0.010257032699882984 -0.020091090351343155 0.03365606069564819 0.003655989421531558 -0.05927300825715065 -0.003522909479215741 -0.004738283343613148 -0.04184884577989578 0.018929410725831985 -0.05924456939101219 0.0159308984875679 -0.03318200632929802 0.015338779427111149 0.0032832331489771605 0.0470549501478672 0.026430455967783928 -0.02984514832496643 0.04997320473194122 0.0030190669931471348 0.030319636687636375 -0.02851611003279686 0.04819771274924278 -0.026707926765084267 0.009077250957489014 -0.01920122653245926 -0.0424688421189785 -0.021225811913609505 0.03718205913901329 -0.043530840426683426 -0.01687677763402462 -0.044842302799224854 0.05448431149125099 0.02409142628312111 0.027994614094495773 -0.04778315871953964 -0.05092383548617363 0.03605811297893524 -0.05704059079289436 -0.04331827163696289 0.03979835659265518 -0.03725259751081467 0.0010775435948744416 0.005244913510978222 0.02687259018421173 0.02914046123623848 -0.03527078405022621 0.01740276999771595 -0.04119223356246948 -0.0013748020865023136 0.02087370492517948 -0.024733206257224083 0.016059821471571922 -0.033228568732738495 -0.03084247186779976 -0.011666404083371162 -0.029575476422905922 -0.006027129013091326 -0.006333626341074705 -0.035766180604696274 -0.03415865823626518 -0.04619145765900612 0.008870414458215237 0.02373822219669819 -0.019969163462519646 -0.028613530099391937 -0.041033785790205 -0.0325160026550293 0.017159353941679 0.007159977685660124 0.02288140542805195 0.026954958215355873 0.03546183183789253 -0.017200151458382607 -0.03187919780611992 0.044034961611032486 -0.034171950072050095 0.018964044749736786 -0.008417470380663872 0.03577708080410957 0.0021625051740556955 -0.008000669069588184 -0.030342480167746544 -0.0335065983235836 -0.036962348967790604 0.03967076167464256 -0.03342010825872421 -0.014637907035648823 0.042642354139558775 0.05796466296862153 0.11080738011373074 0.2046505790962292 0.37927973361553896 0.4110390178976682 0.7391195053227638 0.7712094048366761 0.9308604622511314 -0.8931173 -0.8048548 -0.75292605 -0.5768853 -0.401714 -0.5679107 -0.631891 -0.76458573 -1.0262091 -0.91295874 -0.7820535 -0.62641 -0.36626226 -0.094374 -0.3583072 -0.46161842 -0.6349373 -1.0510575
0 400 0.012627880088984966 -0.0005786378751508892 -0.019690610468387604 -0.016534436494112015 0.010342362336814404 -0.0619196854531765 0.0613660030066967 -0.04155969247221947 0.013676042668521404 -0.026788119226694107 0.04487474635243416 0.004874652251601219 -0.07903067767620087 -0.0046972124837338924 -0.006317710969597101 -0.05579845979809761 0.025239214301109314 -0.07899275422096252 0.021241197362542152 -0.044242676347494125 0.020451705902814865 0.004377644043415785 0.06273993104696274 0.03524060547351837 -0.039793532341718674 0.06663093715906143 0.004025422502309084 0.04042617976665497 -0.038021478801965714 0.06426361203193665 -0.03561056777834892 0.012103001587092876 -0.02560163475573063 -0.0566251240670681 -0.02830108068883419 0.04957607761025429 -0.05804112181067467 -0.022502370178699493 -0.059789735823869705 0.07264574617147446 0.03212190046906471 0.0373261533677578 -0.06371087580919266 -0.06789844483137131 0.04807748273015022 -0.07605411857366562 -0.05775769427418709 0.05306447297334671 -0.049670130014419556 0.0014367247931659222 0.0069932178594172 0.035830121487379074 0.03885394707322121 -0.04702771082520485 0.023203691467642784 -0.05492297559976578 -0.001833069371059537 0.027831604704260826 -0.03297760710120201 0.02141309529542923 -0.044304754585027695 -0.041123297065496445 -0.015555204823613167 -0.03943396732211113 -0.008036172017455101 -0.008444834500551224 -0.04768823832273483 -0.04554487764835358 -0.06158861145377159 0.011827219277620316 0.03165096044540405 -0.02662554942071438 -0.038151372224092484 -0.054711710661649704 -0.043354667723178864 0.022879136726260185 0.00954663660377264 0.030508538708090782 0.03593994304537773 0.04728243872523308 -0.022933535277843475 -0.042505595833063126 0.05871328338980675 -0.04556259885430336 0.025285392999649048 -0.011223293840885162 0.04770277440547943 0.002883339999243617 -0.010667557828128338 -0.04045663774013519 -0.04467546194791794 -0.04928313195705414 0.05289435014128685 -0.04456014186143875 -0.019517209380865097 0.10116348387381849 0.1375698180182277 0.29727861648593096 0.46696526972081087 0.731014806900548 0.6623298052036416 0.899044622653559 0.9183864357323375 0.9854442575358956 -0.9114119 -0.5384211 -0.5884427 -0.4448436 -0.37198347 -0.5490482 -0.72170836 -0.82744694 -1.020909 -0.8927778 -0.43368545 -0.38113272 -0.16847688 -0.07207078 -0.37614915 -0.6325113 -0.7828927 -1.1426022
1 400 0.012627880088984966 -0.0005786378751508892 -0.019690610468387604 -0.016534436494112015 0.010342362336814404 -0.0619196854531765 0.0613660030066967 -0.04155969247221947 0.013676042668521404 -0.026788119226694107 0.04487474635243416 0.004874652251601219 -0.07903067767620087 -0.0046972124837338924 -0.006317710969597101 -0.05579845979809761 0.025239214301109314 -0.07899275422096252 0.021241197362542152 -0.044242676347494125 0.020451705902814865 0.004377644043415785 0.06273993104696274 0.03524060547351837 -0.039793532341718674 0.06663093715906143 0.004025422502309084 0.04042617976665497 -0.038021478801965714 0.06426361203193665 -0.03561056777834892 0.012103001587092876 -0.02560163475573063 -0.0566251240670681 -0.02830108068883419 0.04957607761025429 -0.05804112181067467 -0.022502370178699493 -0.059789735823869705 0.07264574617147446 0.03212190046906471 0.0373261533677578 -0.06371087580919266 -0.06789844483137131 0.04807748273015022 -0.07605411857366562 -0.05775769427418709 0.05306447297334671 -0.049670130014419556 0.0014367247931659222 0.0069932178594172 0.035830121487379074 0.03885394707322121 -0.04702771082520485 0.023203691467642784 -0.05492297559976578 -0.001833069371059537 0.027831604704260826 -0.03297760710120201 0.02141309529542923 -0.044304754585027695 -0.041123297065496445 -0.015555204823613167 -0.03943396732211113 -0.008036172017455101 -0.008444834500551224 -0.04768823832273483 -0.04554487764835358 -0.06158861145377159 0.011827219277620316 0.03165096044540405 -0.02662554942071438 -0.038151372224092484 -0.054711710661649704 -0.043354667723178864 0.022879136726260185 0.00954663660377264 0.030508538708090782 0.03593994304537773 0.04728243872523308 -0.022933535277843475 -0.042505595833063126 0.05871328338980675 -0.04556259885430336 0.025285392999649048 -0.011223293840885162 0.04770277440547943 0.002883339999243617 -0.010667557828128338 -0.04045663774013519 -0.04467546194791794 -0.04928313195705414 0.05289435014128685 -0.04456014186143875 -0.019517209380865097 0.1575173519414165 0.10595705276228255 0.19299423718827868 0.336931209722709 0.46741144705065696 0.618385362313611 0.8449262935063514 0.8775805879706393 0.9626070703782499 -0.8202678 -0.87901056 -0.8057096 -0.6919344 -0.62562394 -0.65390855 -0.82831883 -0.91076183 -1.0553643 -0.72664535 -0.8290867 -0.70368326 -0.42497256 -0.21093842 -0.43730247 -0.74748135 -0.83639646 -1.0601621
2 400 0.012627880088984966 -0.0005786378751508892 -0.019690610468387604 -0.016534436494112015 0.010342362336814404 -0.0619196854531765 0.0613660030066967 -0.04155969247221947 0.013676042668521404 -0.026788119226694107 0.04487474635243416 0.004874652251601219 -0.07903067767620087 -0.0046972124837338924 -0.006317710969597101 -0.05579845979809761 0.025239214301109314 -0.07899275422096252 0.021241197362542152 -0.044242676347494125 0.020451705902814865 0.004377644043415785 0.06273993104696274 0.03524060547351837 -0.039793532341718674 0.06663093715906143 0.004025422502309084 0.04042617976665497 -0.038021478801965714 0.06426361203193665 -0.03561056777834892 0.012103001587092876 -0.02560163475573063 -0.0566251240670681 -0.02830108068883419 0.04957607761025429 -0.05804112181067467 -0.022502370178699493 -0.059789735823869705 0.07264574617147446 0.03212190046906471 0.0373261533677578 -0.06371087580919266 -0.06789844483137131 0.04807748273015022 -0.07605411857366562 -0.05775769427418709 0.05306447297334671 -0.049670130014419556 0.0014367247931659222 0.0069932178594172 0.035830121487379074 0.03885394707322121 -0.04702771082520485 0.023203691467642784 -0.05492297559976578 -0.001833069371059537 0.027831604704260826 -0.03297760710120201 0.02141309529542923 -0.044304754585027695 -0.041123297065496445 -0.015555204823613167 -0.03943396732211113 -0.008036172017455101 -0.008444834500551224 -0.04768823832273483 -0.04554487764835358 -0.06158861145377159 0.011827219277620316 0.03165096044540405 -0.02662554942071438 -0.038151372224092484 -0.054711710661649704 -0.043354667723178864 0.022879136726260185 0.00954663660377264 0.030508538708090782 0.03593994304537773 0.04728243872523308 -0.022933535277843475 -0.042505595833063126 0.05871328338980675 -0.04556259885430336 0.025285392999649048 -0.011223293840885162 0.04770277440547943 0.002883339999243617 -0.010667557828128338 -0.04045663774013519 -0.04467546194791794 -0.04928313195705414 0.05289435014128685 -0.04456014186143875 -0.019517209380865097 0.057576742285413006 0.05777855704145858 0.11653943746039572 0.2046399551678748 0.3973551178808164 0.4129906369973011 0.7772195378811356 0.7193979535220534 0.9288631068457027 -0.9041229 -0.80759364 -0.7627418 -0.580911 -0.42374492 -0.56589067 -0.5584408 -0.7985085 -1.0393767 -0.9080845 -0.7849063 -0.63650113 -0.3706146 -0.11850777 -0.35594848 -0.37542927 -0.64136934 -1.0573403
0 400 0.01578485034406185 -0.0007232973002828658 -0.024613263085484505 -0.020668044686317444 0.012927953153848648 -0.0773996040225029 0.07670750468969345 -0.05194961279630661 0.0170950535684824 -0.03348514810204506 0.05609343200922012 0.006093315314501524 -0.09878834336996078 -0.005871515721082687 -0.007897138595581055 -0.06974807381629944 0.03154901787638664 -0.09874094277620316 0.026551496237516403 -0.05530334264039993 0.025564631447196007 0.005472055170685053 0.07842491567134857 0.044050756841897964 -0.04974191263318062 0.08328866958618164 0.005031778011471033 0.05053272470831871 -0.04752684757113457 0.0803295150399208 -0.04451321065425873 0.015128751285374165 -0.032002042979002 -0.0707814022898674 -0.035376351326704025 0.061970096081495285 -0.07255139946937561 -0.028127962723374367 -0.07473716884851456 0.09080718457698822 0.040152374655008316 0.04665768891572952 -0.07963859289884567 -0.08487305790185928 0.060096852481365204 -0.09506765007972717 -0.07219711691141129 0.06633058935403824 -0.062087662518024445 0.0017959059914574027 0.008741522207856178 0.04478764906525612 0.048567432910203934 -0.05878463760018349 0.029004614800214767 -0.06865371763706207 -0.0022913366556167603 0.03478950634598732 -0.04122200980782509 0.026766369119286537 -0.05538094416260719 -0.05140411853790283 -0.01944400556385517 -0.04929246008396149 -0.010045214556157589 -0.01055604312568903 -0.05961029604077339 -0.05693109706044197 -0.07698576152324677 0.014784024097025394 0.039563700556755066 -0.03328193724155426 -0.04768921434879303 -0.0683896392583847 -0.05419333279132843 0.02859892137348652 0.011933295987546444 0.038135673850774765 0.04492492973804474 0.05910304933786392 -0.028666919097304344 -0.05313199386000633 0.07339160144329071 -0.056953247636556625 0.03160674124956131 -0.014029117301106453 0.05962846800684929 0.0036041750572621822 -0.013334447517991066 -0.05057079717516899 -0.055844325572252274 -0.06160391494631767 0.06611793488264084 -0.05570017546415329 -0.024396510794758797 0.1272736530528928 0.14438768498804636 0.33137962046115316 0.4715735885087847 0.7255504914279586 0.6433242822244968 0.8952224500031942 0.8922228117368227 0.9856936106522249 -0.88726115 -0.5107802 -0.6102162 -0.435208 -0.43639225 -0.55420035 -0.7463696 -0.78077155 -1.0204604 -0.8522172 -0.39697248 -0.41344184 -0.16288742 -0.1428483 -0.371799 -0.6481147 -0.725047 -1.1290263
1 400 0.01578485034406185 -0.0007232973002828658 -0.024613263085484505 -0.020668044686317444 0.012927953153848648 -0.0773996040225029 0.07670750468969345 -0.05194961279630661 0.0170950535684824 -0.03348514810204506 0.05609343200922012 0.006093315314501524 -0.09878834336996078 -0.005871515721082687 -0.007897138595581055 -0.06974807381629944 0.03154901787638664 -0.09874094277620316 0.026551496237516403 -0.05530334264039993 0.025564631447196007 0.005472055170685053 0.07842491567134857 0.044050756841897964 -0.04974191263318062 0.08328866958618164 0.005031778011471033 0.05053272470831871 -0.04752684757113457 0.0803295150399208 -0.04451321065425873 0.015128751285374165 -0.032002042979002 -0.0707814022898674 -0.035376351326704025 0.061970096081495285 -0.07255139946937561 -0.028127962723374367 -0.07473716884851456 0.09080718457698822 0.040152374655008316 0.04665768891572952 -0.07963859289884567 -0.08487305790185928 0.060096852481365204 -0.09506765007972717 -0.07219711691141129 0.06633058935403824 -0.062087662518024445 0.0017959059914574027 0.008741522207856178 0.04478764906525612 0.048567432910203934 -0.05878463760018349 0.029004614800214767 -0.06865371763706207 -0.0022913366556167603 0.03478950634598732 -0.04122200980782509 0.026766369119286537 -0.05538094416260719 -0.05140411853790283 -0.01944400556385517 -0.04929246008396149 -0.010045214556157589 -0.01055604312568903 -0.05961029604077339 -0.05693109706044197 -0.07698576152324677 0.014784024097025394 0.039563700556755066 -0.03328193724155426 -0.04768921434879303 -0.0683896392583847 -0.05419333279132843 0.02859892137348652 0.011933295987546444 0.038135673850774765 0.04492492973804474 0.05910304933786392 -0.028666919097304344 -0.05313199386000633 0.07339160144329071 -0.056953247636556625 0.03160674124956131 -0.014029117301106453 0.05962846800684929 0.0036041750572621822 -0.013334447517991066 -0.05057079717516899 -0.055844325572252274 -0.06160391494631767 0.06611793488264084 -0.05570017546415329 -0.024396510794758797 0.2267646964527954 0.11698014086690338 0.2550429507048167 0.3096531774026854 0.4699294932770445 0.5977979000913236 0.8539031580318898 0.8841155356602991 0.9600410414120985 -0.76865053 -0.8634801 -0.7751931 -0.6892258 -0.6302954 -0.6457274 -0.8146019 -0.88032186 -1.0448389 -0.6393055 -0.8020098 -0.655275 -0.41455895 -0.21831904 -0.42342103 -0.72783554 -0.8093226 -1.0308129
2 400 0.01578485034406185 -0.0007232973002828658 -0.024613263085484505 -0.020668044686317444 0.012927953153848648 -0.0773996040225029 0.07670750468969345 -0.05194961279630661 0.0170950535684824 -0.03348514810204506 0.05609343200922012 0.006093315314501524 -0.09878834336996078 -0.005871515721082687 -0.007897138595581055 -0.06974807381629944 0.03154901787638664 -0.09874094277620316 0.026551496237516403 -0.05530334264039993 0.025564631447196007 0.005472055170685053 0.07842491567134857 0.044050756841897964 -0.04974191263318062 0.08328866958618164 0.005031778011471033 0.05053272470831871 -0.04752684757113457 0.0803295150399208 -0.04451321065425873 0.015128751285374165 -0.032002042979002 -0.0707814022898674 -0.035376351326704025 0.061970096081495285 -0.07255139946937561 -0.028127962723374367 -0.07473716884851456 0.09080718457698822 0.040152374655008316 0.04665768891572952 -0.07963859289884567 -0.08487305790185928 0.060096852481365204 -0.09506765007972717 -0.07219711691141129 0.06633058935403824 -0.062087662518024445 0.0017959059914574027 0.008741522207856178 0.04478764906525612 0.048567432910203934 -0.05878463760018349 0.029004614800214767 -0.06865371763706207 -0.0022913366556167603 0.03478950634598732 -0.04122200980782509 0.026766369119286537 -0.05538094416260719 -0.05140411853790283 -0.01944400556385517 -0.04929246008396149 -0.010045214556157589 -0.01055604312568903 -0.05961029604077339 -0.05693109706044197 -0.07698576152324677 0.014784024097025394 0.039563700556755066 -0.03328193724155426 -0.04768921434879303 -0.0683896392583847 -0.05419333279132843 0.02859892137348652 0.011933295987546444 0.038135673850774765 0.04492492973804474 0.05910304933786392 -0.028666919097304344 -0.05313199386000633 0.07339160144329071 -0.056953247636556625 0.03160674124956131 -0.014029117301106453 0.05962846800684929 0.0036041750572621822 -0.013334447517991066 -0.05057079717516899 -0.055844325572252274 -0.06160391494631767 0.06611793488264084 -0.05570017546415329 -0.024396510794758797 0.07581877985803356 0.05886987685325615 0.12483474137747326 0.20462932235915338 0.43883032051699544 0.4149732757880792 0.7885634623962489 0.6736603924409749 0.9261555125889346 -0.919441 -0.78708655 -0.795673 -0.5849366 -0.4800132 -0.5639225 -0.53126335 -0.824289 -1.0530359 -0.9077506 -0.7551346 -0.6791822 -0.37496692 -0.1866438 -0.353654 -0.34529245 -0.6455518 -1.0638193
0 400 0.01894182153046131 -0.0008679567836225033 -0.029535917565226555 -0.024801654741168022 0.015513543970882893 -0.0928795263171196 0.0920490100979805 -0.06233953684568405 0.02051406539976597 -0.04018218070268631 0.06731212139129639 0.007311978843063116 -0.1185460165143013 -0.007045818958431482 -0.009476566687226295 -0.08369769155979156 0.03785882145166397 -0.11848913878202438 0.0318617969751358 -0.06636401265859604 0.030677558854222298 0.006566466297954321 0.0941099002957344 0.052860911935567856 -0.05969029664993286 0.09994640946388245 0.0060381339862942696 0.06063927337527275 -0.05703222006559372 0.09639542549848557 -0.05341585353016853 0.018154501914978027 -0.03840245306491852 -0.084937684237957 -0.04245162382721901 0.07436411827802658 -0.08706168085336685 -0.03375355526804924 -0.08968460559844971 0.10896862298250198 0.04818285256624222 0.05598922818899155 -0.09556631743907928 -0.10184767097234726 0.07211622595787048 -0.11408118158578873 -0.08663654327392578 0.07959671318531036 -0.07450519502162933 0.0021550871897488832 0.010489827021956444 0.05374518036842346 0.05828092247247696 -0.07054156810045242 0.0348055399954319 -0.08238446712493896 -0.0027496041730046272 0.04174740985035896 -0.049466412514448166 0.032119642943143845 -0.06645713746547699 -0.06168494373559952 -0.023332808166742325 -0.059150952845811844 -0.012054258026182652 -0.01266725268214941 -0.07153236120939255 -0.06831731647253036 -0.09238291531801224 0.017740828916430473 0.04747644439339638 -0.03993832692503929 -0.057227060198783875 -0.08206757158041 -0.0650320053100586 0.034318707883358 0.014319955371320248 0.0457628108561039 0.053909916430711746 0.07092366367578506 -0.03440030291676521 -0.06375839561223984 0.08806992322206497 -0.06834390014410019 0.03792808949947357 -0.016834940761327744 0.07155416160821915 0.004325010348111391 -0.01600133813917637 -0.06068496033549309 -0.0670131966471672 -0.07392469793558121 0.07934152334928513 -0.06684021651744843 -0.029275814071297646 0.17244930238746442 0.15475837931532976 0.3443563861472527 0.4745729266377463 0.7253849669457304 0.6074009936817643 0.8913650540518255 0.8482873186028336 0.9848958036238036 -0.8523589 -0.49059266 -0.65501773 -0.42441952 -0.45192456 -0.56488025 -0.7703217 -0.7164554 -1.0116482 -0.7932143 -0.3703177 -0.4613331 -0.15560803 -0.16478816 -0.35226148 -0.6628902 -0.64553297 -1.0922122
1 400 0.01894182153046131 -0.0008679567836225033 -0.029535917565226555 -0.024801654741168022 0.015513543970882893 -0.0928795263171196 0.0920490100979805 -0.06233953684568405 0.02051406539976597 -0.04018218070268631 0.06731212139129639 0.007311978843063116 -0.1185460165143013 -0.007045818958431482 -0.009476566687226295 -0.08369769155979156 0.03785882145166397 -0.11848913878202438 0.0318617969751358 -0.06636401265859604 0.030677558854222298 0.006566466297954321 0.0941099002957344 0.052860911935567856 -0.05969029664993286 0.09994640946388245 0.0060381339862942696 0.06063927337527275 -0.05703222006559372 0.09639542549848557 -0.05341585353016853 0.018154501914978027 -0.03840245306491852 -0.084937684237957 -0.04245162382721901 0.07436411827802658 -0.08706168085336685 -0.03375355526804924 -0.08968460559844971 0.10896862298250198 0.04818285256624222 0.05598922818899155 -0.09556631743907928 -0.10184767097234726 0.07211622595787048 -0.11408118158578873 -0.08663654327392578 0.07959671318531036 -0.07450519502162933 0.0021550871897488832 0.010489827021956444 0.05374518036842346 0.05828092247247696 -0.07054156810045242 0.0348055399954319 -0.08238446712493896 -0.0027496041730046272 0.04174740985035896 -0.049466412514448166 0.032119642943143845 -0.06645713746547699 -0.06168494373559952 -0.023332808166742325 -0.059150952845811844 -0.012054258026182652 -0.01266725268214941 -0.07153236120939255 -0.06831731647253036 -0.09238291531801224 0.017740828916430473 0.04747644439339638 -0.03993832692503929 -0.057227060198783875 -0.08206757158041 -0.0650320053100586 0.034318707883358 0.014319955371320248 0.0457628108561039 0.053909916430711746 0.07092366367578506 -0.03440030291676521 -0.06375839561223984 0.08806992322206497 -0.06834390014410019 0.03792808949947357 -0.016834940761327744 0.07155416160821915 0.004325010348111391 -0.01600133813917637 -0.06068496033549309 -0.0670131966471672 -0.07392469793558121 0.07934152334928513 -0.06684021651744843 -0.029275814071297646 0.32051053000224206 0.13131537663617307 0.3011974279288016 0.3416114208205133 0.47262364807347423 0.5704413003840544 0.8686217462844047 0.8612738367119855 0.9590404003143265 -0.71771914 -0.84689635 -0.7551855 -0.6753993 -0.6270513 -0.63506126 -0.7988845 -0.8392778 -1.0158954 -0.5532781 -0.77331376 -0.6222688 -0.39951405 -0.21540532 -0.40532327 -0.70096445 -0.74521637 -0.9804889
2 400 0.01894182153046131 -0.0008679567836225033 -0.029535917565226555 -0.024801654741168022 0.015513543970882893 -0.0928795263171196 0.0920490100979805 -0.06233953684568405 0.02051406539976597 -0.04018218070268631 0.06731212139129639 0.007311978843063116 -0.1185460165143013 -0.007045818958431482 -0.009476566687226295 -0.08369769155979156 0.03785882145166397 -0.11848913878202438 0.0318617969751358 -0.06636401265859604 0.030677558854222298 0.006566466297954321 0.0941099002957344 0.052860911935567856 -0.05969029664993286 0.09994640946388245 0.0060381339862942696 0.06063927337527275 -0.05703222006559372 0.09639542549848557 -0.05341585353016853 0.018154501914978027 -0.03840245306491852 -0.084937684237957 -0.04245162382721901 0.07436411827802658 -0.08706168085336685 -0.03375355526804924 -0.08968460559844971 0.10896862298250198 0.04818285256624222 0.05598922818899155 -0.09556631743907928 -0.10184767097234726 0.07211622595787048 -0.11408118158578873 -0.08663654327392578 0.07959671318531036 -0.07450519502162933 0.0021550871897488832 0.010489827021956444 0.05374518036842346 0.05828092247247696 -0.07054156810045242 0.0348055399954319 -0.08238446712493896 -0.0027496041730046272 0.04174740985035896 -0.049466412514448166 0.032119642943143845 -0.06645713746547699 -0.06168494373559952 -0.023332808166742325 -0.059150952845811844 -0.012054258026182652 -0.01266725268214941 -0.07153236120939255 -0.06831731647253036 -0.09238291531801224 0.017740828916430473 0.04747644439339638 -0.03993832692503929 -0.057227060198783875 -0.08206757158041 -0.0650320053100586 0.034318707883358 0.014319955371320248 0.0457628108561039 0.053909916430711746 0.07092366367578506 -0.03440030291676521 -0.06375839561223984 0.08806992322206497 -0.06834390014410019 0.03792808949947357 -0.016834940761327744 0.07155416160821915 0.004325010348111391 -0.01600133813917637 -0.06068496033549309 -0.0670131966471672 -0.07392469793558121 0.07934152334928513 -0.06684021651744843 -0.029275814071297646 0.09985332100834926 0.06018723215107238 0.13522992289099975 0.2046425910772832 0.4898162907466757 0.4167896209615874 0.7982147472141584 0.6911613763380652 0.9228383961534246 -0.9007529 -0.7725228 -0.802144 -0.5886416 -0.5533402 -0.5617695 -0.5064552 -0.80108845 -1.0620364 -0.87204015 -0.7345447 -0.6881245 -0.37891617 -0.27823427 -0.35113454 -0.31808448 -0.6280159 -1.0633852
0 400 0.022098790854215622 -0.0010126162087544799 -0.03445856645703316 -0.02893526293337345 0.018099134787917137 -0.1083594411611557 0.10739050805568695 -0.0727294534444809 0.02393307536840439 -0.046879205852746964 0.07853080332279205 0.008530640974640846 -0.13830368220806122 -0.008220122195780277 -0.011055993847548962 -0.0976473018527031 0.0441686250269413 -0.13823731243610382 0.037172093987464905 -0.07742467522621155 0.03579048439860344 0.007660876959562302 0.10979487746953964 0.06167105957865715 -0.0696386769413948 0.11660413444042206 0.007044489029794931 0.0707458108663559 -0.06653758883476257 0.11246132105588913 -0.06231849268078804 0.021180251613259315 -0.04480285942554474 -0.099093958735466 -0.049526892602443695 0.08675813674926758 -0.1015719547867775 -0.039379145950078964 -0.10463203489780426 0.12713006138801575 0.05621332302689552 0.06532076001167297 -0.1114940270781517 -0.11882227659225464 0.08413559198379517 -0.13309471309185028 -0.10107596218585968 0.0928628221154213 -0.08692272752523422 0.002514268271625042 0.012238130904734135 0.0627027079463005 0.06799440830945969 -0.08229849487543106 0.040606461465358734 -0.09611520171165466 -0.003207871224731207 0.04870530962944031 -0.057710811495780945 0.037472914904356 -0.07753331959247589 -0.0719657614827156 -0.02722160704433918 -0.0690094456076622 -0.01406330056488514 -0.014778460375964642 -0.08345441520214081 -0.07970353215932846 -0.10778006166219711 0.020697632804512978 0.05538918077945709 -0.046594712883234024 -0.06676489859819412 -0.0957454964518547 -0.07587066292762756 0.04003848880529404 0.016706613823771477 0.05338994413614273 0.06289490312337875 0.08274427056312561 -0.04013368487358093 -0.07438479363918304 0.10274823755025864 -0.07973454892635345 0.044249437749385834 -0.019640764221549034 0.0834798514842987 0.005045845173299313 -0.018668226897716522 -0.07079911231994629 -0.07818205654621124 -0.08624547719955444 0.09256510436534882 -0.07798024266958237 -0.034155115485191345 0.23262261939597043 0.17341065603599404 0.38300059030230427 0.4733288001335697 0.7198484068630185 0.6111533225774842 0.8876270172313528 0.809215220622862 0.9832337475782299 -0.81903744 -0.47959626 -0.64627093 -0.42952263 -0.45940176 -0.5777574 -0.79017395 -0.6321919 -0.9971998 -0.73688054 -0.35761464 -0.45111093 -0.16723892 -0.17695908 -0.3638817 -0.6729445 -0.55262643 -1.0409348
1 400 0.022098790854215622 -0.0010126162087544799 -0.03445856645703316 -0.02893526293337345 0.018099134787917137 -0.1083594411611557 0.10739050805568695 -0.0727294534444809 0.02393307536840439 -0.046879205852746964 0.07853080332279205 0.008530640974640846 -0.13830368220806122 -0.008220122195780277 -0.011055993847548962 -0.0976473018527031 0.0441686250269413 -0.13823731243610382 0.037172093987464905 -0.07742467522621155 0.03579048439860344 0.007660876959562302 0.10979487746953964 0.06167105957865715 -0.0696386769413948 0.11660413444042206 0.007044489029794931 0.0707458108663559 -0.06653758883476257 0.11246132105588913 -0.06231849268078804 0.021180251613259315 -0.04480285942554474 -0.099093958735466 -0.049526892602443695 0.08675813674926758 -0.1015719547867775 -0.039379145950078964 -0.10463203489780426 0.12713006138801575 0.05621332302689552 0.06532076001167297 -0.1114940270781517 -0.11882227659225464 0.08413559198379517 -0.13309471309185028 -0.10107596218585968 0.0928628221154213 -0.08692272752523422 0.002514268271625042 0.012238130904734135 0.0627027079463005 0.06799440830945969 -0.08229849487543106 0.040606461465358734 -0.09611520171165466 -0.003207871224731207 0.04870530962944031 -0.057710811495780945 0.037472914904356 -0.07753331959247589 -0.0719657614827156 -0.02722160704433918 -0.0690094456076622 -0.01406330056488514 -0.014778460375964642 -0.08345441520214081 -0.07970353215932846 -0.10778006166219711 0.020697632804512978 0.05538918077945709 -0.046594712883234024 -0.06676489859819412 -0.0957454964518547 -0.07587066292762756 0.04003848880529404 0.016706613823771477 0.05338994413614273 0.06289490312337875 0.08274427056312561 -0.04013368487358093 -0.07438479363918304 0.10274823755025864 -0.07973454892635345 0.044249437749385834 -0.019640764221549034 0.0834798514842987 0.005045845173299313 -0.018668226897716522 -0.07079911231994629 -0.07818205654621124 -0.08624547719955444 0.09256510436534882 -0.07798024266958237 -0.034155115485191345 0.45502058591099526 0.147280318742917 0.3429738048415249 0.43957873299513517 0.4722581400638189 0.5484123149781939 0.8687331110524696 0.8338091050016645 0.9615716935439054 -0.663926 -0.83008623 -0.73270154 -0.6477505 -0.62424153 -0.6265968 -0.79768 -0.80154437 -0.9803488 -0.4628005 -0.7442145 -0.5836668 -0.3738011 -0.21951133 -0.39096123 -0.68289804 -0.6831876 -0.93727005
2 400 0.022098790854215622 -0.0010126162087544799 -0.03445856645703316 -0.02893526293337345 0.018099134787917137 -0.1083594411611557 0.10739050805568695 -0.0727294534444809 0.02393307536840439 -0.046879205852746964 0.07853080332279205 0.008530640974640846 -0.13830368220806122 -0.008220122195780277 -0.011055993847548962 -0.0976473018527031 0.0441686250269413 -0.13823731243610382 0.037172093987464905 -0.07742467522621155 0.03579048439860344 0.007660876959562302 0.10979487746953964 0.06167105957865715 -0.0696386769413948 0.11660413444042206 0.007044489029794931 0.0707458108663559 -0.06653758883476257 0.11246132105588913 -0.06231849268078804 0.021180251613259315 -0.04480285942554474 -0.099093958735466 -0.049526892602443695 0.08675813674926758 -0.1015719547867775 -0.039379145950078964 -0.10463203489780426 0.12713006138801575 0.05621332302689552 0.06532076001167297 -0.1114940270781517 -0.11882227659225464 0.08413559198379517 -0.13309471309185028 -0.10107596218585968 0.0928628221154213 -0.08692272752523422 0.002514268271625042 0.012238130904734135 0.0627027079463005 0.06799440830945969 -0.08229849487543106 0.040606461465358734 -0.09611520171165466 -0.003207871224731207 0.04870530962944031 -0.057710811495780945 0.037472914904356 -0.07753331959247589 -0.0719657614827156 -0.02722160704433918 -0.0690094456076622 -0.01406330056488514 -0.014778460375964642 -0.08345441520214081 -0.07970353215932846 -0.10778006166219711 0.020697632804512978 0.05538918077945709 -0.046594712883234024 -0.06676489859819412 -0.0957454964518547 -0.07587066292762756 0.04003848880529404 0.016706613823771477 0.05338994413614273 0.06289490312337875 0.08274427056312561 -0.04013368487358093 -0.07438479363918304 0.10274823755025864 -0.07973454892635345 0.044249437749385834 -0.019640764221549034 0.0834798514842987 0.005045845173299313 -0.018668226897716522 -0.07079911231994629 -0.07818205654621124 -0.08624547719955444 0.09256510436534882 -0.07798024266958237 -0.034155115485191345 0.13039164897356817 0.062336108342469554 0.14636692260759074 0.20599675261848374 0.527917399124141 0.425723724820721 0.8075118573048607 0.7091566212911463 0.9171865038894335 -0.8753898 -0.7500653 -0.7991466 -0.59882915 -0.56578773 -0.58231163 -0.4814823 -0.7768479 -1.0510765 -0.83008766 -0.70658267 -0.6845796 -0.39105678 -0.29109338 -0.36808124 -0.29064664 -0.6098175 -1.0335491
0 400 0.025255760177969933 -0.0011572757503017783 -0.03938122093677521 -0.03306887298822403 0.020684724673628807 -0.123839370906353 0.1227320060133934 -0.08311938494443893 0.02735208533704281 -0.053576238453388214 0.08974949270486832 0.009749304503202438 -0.15806135535240173 -0.009394424967467785 -0.012635421939194202 -0.11159691959619522 0.05047842860221863 -0.15798550844192505 0.042482394725084305 -0.08848535269498825 0.04090341180562973 0.00875528808683157 0.12547986209392548 0.07048121094703674 -0.07958706468343735 0.13326187431812286 0.008050845004618168 0.08085235953330994 -0.07604295760393143 0.1285272240638733 -0.07122113555669785 0.024206003174185753 -0.05120326951146126 -0.1132502481341362 -0.05660216137766838 0.09915215522050858 -0.11608224362134933 -0.04500474035739899 -0.11957947164773941 0.1452914923429489 0.06424380093812943 0.0746523067355156 -0.12742175161838531 -0.13579688966274261 0.09615496546030045 -0.15210823714733124 -0.11551538854837418 0.10612894594669342 -0.09934026002883911 0.0028734495863318443 0.0139864357188344 0.07166024297475815 0.07770789414644241 -0.0940554216504097 0.04640738293528557 -0.10984595119953156 -0.003666138742119074 0.05566320940852165 -0.06595521420240402 0.04282619059085846 -0.08860950917005539 -0.08224659413099289 -0.031110409647226334 -0.07886793464422226 -0.016072344034910202 -0.016889669001102448 -0.09537647664546967 -0.09108975529670715 -0.12317722290754318 0.02365443855524063 0.0633019208908081 -0.05325109884142876 -0.07630274444818497 -0.10942342132329941 -0.08670933544635773 0.04575827345252037 0.01909327320754528 0.061017077416181564 0.07187988609075546 0.09456487745046616 -0.04586707055568695 -0.08501119166612625 0.1174265667796135 -0.09112519770860672 0.050570785999298096 -0.022446587681770325 0.09540554881095886 0.005766679998487234 -0.021335115656256676 -0.08091327548027039 -0.08935092389583588 -0.09856626391410828 0.1057887002825737 -0.0891202837228775 -0.039034418761730194 0.31656830413352083 0.19160456415222404 0.4272168543880771 0.46993839144151167 0.7106691749233717 0.6104365440152665 0.8817782942952486 0.7700501398219461 0.9812177670935993 -0.7926389 -0.46904135 -0.65029544 -0.45129597 -0.4729921 -0.59007865 -0.7981114 -0.5693882 -0.9827737 -0.69345105 -0.34573376 -0.45792085 -0.19775295 -0.19263035 -0.37987295 -0.67705 -0.4766791 -0.99530447
1 400 0.025255760177969933 -0.0011572757503017783 -0.03938122093677521 -0.03306887298822403 0.020684724673628807 -0.123839370906353 0.1227320060133934 -0.08311938494443893 0.02735208533704281 -0.053576238453388214 0.08974949270486832 0.009749304503202438 -0.15806135535240173 -0.009394424967467785 -0.012635421939194202 -0.11159691959619522 0.05047842860221863 -0.15798550844192505 0.042482394725084305 -0.08848535269498825 0.04090341180562973 0.00875528808683157 0.12547986209392548 0.07048121094703674 -0.07958706468343735 0.13326187431812286 0.008050845004618168 0.08085235953330994 -0.07604295760393143 0.1285272240638733 -0.07122113555669785 0.024206003174185753 -0.05120326951146126 -0.1132502481341362 -0.05660216137766838 0.09915215522050858 -0.11608224362134933 -0.04500474035739899 -0.11957947164773941 0.1452914923429489 0.06424380093812943 0.0746523067355156 -0.12742175161838531 -0.13579688966274261 0.09615496546030045 -0.15210823714733124 -0.11551538854837418 0.10612894594669342 -0.09934026002883911 0.0028734495863318443 0.0139864357188344 0.07166024297475815 0.07770789414644241 -0.0940554216504097 0.04640738293528557 -0.10984595119953156 -0.003666138742119074 0.05566320940852165 -0.06595521420240402 0.04282619059085846 -0.08860950917005539 -0.08224659413099289 -0.031110409647226334 -0.07886793464422226 -0.016072344034910202 -0.016889669001102448 -0.09537647664546967 -0.09108975529670715 -0.12317722290754318 0.02365443855524063 0.0633019208908081 -0.05325109884142876 -0.07630274444818497 -0.10942342132329941 -0.08670933544635773 0.04575827345252037 0.01909327320754528 0.061017077416181564 0.07187988609075546 0.09456487745046616 -0.04586707055568695 -0.08501119166612625 0.1174265667796135 -0.09112519770860672 0.050570785999298096 -0.022446587681770325 0.09540554881095886 0.005766679998487234 -0.021335115656256676 -0.08091327548027039 -0.08935092389583588 -0.09856626391410828 0.1057887002825737 -0.0891202837228775 -0.039034418761730194 0.4687848940155183 0.16899906618062072 0.39571070869915526 0.5216856201917006 0.4956029064519241 0.5393501276298727 0.8697976091475795 0.8053041968998852 0.9652988048453469 -0.6468871 -0.81501544 -0.7110988 -0.62327373 -0.5973574 -0.6231378 -0.79398274 -0.76478434 -0.9509046 -0.43137944 -0.71918106 -0.54760396 -0.3522703 -0.22738697 -0.3850921 -0.66934824 -0.62291455 -0.91894567
2 400 0.025255760177969933 -0.0011572757503017783 -0.03938122093677521 -0.03306887298822403 0.020684724673628807 -0.123839370906353 0.1227320060133934 -0.08311938494443893 0.02735208533704281 -0.053576238453388214 0.08974949270486832 0.009749304503202438 -0.15806135535240173 -0.009394424967467785 -0.012635421939194202 -0.11159691959619522 0.05047842860221863 -0.15798550844192505 0.042482394725084305 -0.08848535269498825 0.04090341180562973 0.00875528808683157 0.12547986209392548 0.07048121094703674 -0.07958706468343735 0.13326187431812286 0.008050845004618168 0.08085235953330994 -0.07604295760393143 0.1285272240638733 -0.07122113555669785 0.024206003174185753 -0.05120326951146126 -0.1132502481341362 -0.05660216137766838 0.09915215522050858 -0.11608224362134933 -0.04500474035739899 -0.11957947164773941 0.1452914923429489 0.06424380093812943 0.0746523067355156 -0.12742175161838531 -0.13579688966274261 0.09615496546030045 -0.15210823714733124 -0.11551538854837418 0.10612894594669342 -0.09934026002883911 0.0028734495863318443 0.0139864357188344 0.07166024297475815 0.07770789414644241 -0.0940554216504097 0.04640738293528557 -0.10984595119953156 -0.003666138742119074 0.05566320940852165 -0.06595521420240402 0.04282619059085846 -0.08860950917005539 -0.08224659413099289 -0.031110409647226334 -0.07886793464422226 -0.016072344034910202 -0.016889669001102448 -0.09537647664546967 -0.09108975529670715 -0.12317722290754318 0.02365443855524063 0.0633019208908081 -0.05325109884142876 -0.07630274444818497 -0.10942342132329941 -0.08670933544635773 0.04575827345252037 0.01909327320754528 0.061017077416181564 0.07187988609075546 0.09456487745046616 -0.04586707055568695 -0.08501119166612625 0.1174265667796135 -0.09112519770860672 0.050570785999298096 -0.022446587681770325 0.09540554881095886 0.005766679998487234 -0.021335115656256676 -0.08091327548027039 -0.08935092389583588 -0.09856626391410828 0.1057887002825737 -0.0891202837228775 -0.039034418761730194 0.173792513408691 0.06540909001310208 0.15826716579974442 0.202216009188446 0.529873847305506 0.4353279905210412 0.8130337661267754 0.7267121784685452 0.9147410327502938 -0.84824914 -0.7159789 -0.7961142 -0.60166794 -0.5632536 -0.6048959 -0.4541744 -0.7526102 -1.0332589 -0.7855481 -0.6673006 -0.6809701 -0.3954996 -0.28967193 -0.3867704 -0.25638476 -0.5917 -0.99859643
0 400 0.028412729501724243 -0.001301935059018433 -0.04430387169122696 -0.03720248118042946 0.023270314559340477 -0.1393192857503891 0.13807350397109985 -0.09350930154323578 0.03077109530568123 -0.06027326360344887 0.10096817463636398 0.010967967100441456 -0.17781901359558105 -0.010568727739155293 -0.014214849099516869 -0.12554652988910675 0.056788232177495956 -0.17773368954658508 0.047792691737413406 -0.09954601526260376 0.04601633548736572 0.009849699214100838 0.1411648392677307 0.07929135859012604 -0.0895354375243187 0.14991959929466248 0.009057200513780117 0.09095890074968338 -0.08554832637310028 0.14459311962127686 -0.08012377470731735 0.027231751009821892 -0.05760367587208748 -0.1274065226316452 -0.06367743015289307 0.11154617369174957 -0.13059251010417938 -0.05063033103942871 -0.13452689349651337 0.16345292329788208 0.07227427512407303 0.08398383855819702 -0.14334946870803833 -0.1527715027332306 0.10817433148622513 -0.1711217612028122 -0.12995480000972748 0.11939505487680435 -0.111757792532444 0.003232630668208003 0.01573473960161209 0.0806177631020546 0.08742137998342514 -0.10581234842538834 0.0522083044052124 -0.12357668578624725 -0.0041244057938456535 0.062621109187603 -0.0741996169090271 0.04817946255207062 -0.09968569874763489 -0.09252741187810898 -0.03499921038746834 -0.08872642368078232 -0.018081385642290115 -0.01900087669491768 -0.10729853063821793 -0.10247597098350525 -0.13857436180114746 0.026611242443323135 0.07121466100215912 -0.05990748479962349 -0.08584058284759521 -0.12310134619474411 -0.0975479930639267 0.051478058099746704 0.021479932591319084 0.0686442106962204 0.08086486905813217 0.1063854843378067 -0.05160045251250267 -0.09563758969306946 0.13210487365722656 -0.10251584649085999 0.05689213424921036 -0.025252411141991615 0.10733123868703842 0.006487514823675156 -0.02400200441479683 -0.09102743119001389 -0.10051978379487991 -0.11088704317808151 0.11901228129863739 -0.10026030987501144 -0.043913718312978745 0.413153177849995 0.20997401396961896 0.4518942575125746 0.4678516152287491 0.6947023365933792 0.6101374022504423 0.8771127505507272 0.7486665121188748 0.9801817078200487 -0.7647387 -0.45757297 -0.64912283 -0.49153462 -0.47768492 -0.6031481 -0.78888285 -0.562764 -0.9775896 -0.6478508 -0.33295065 -0.45725784 -0.24903512 -0.19721907 -0.3968079 -0.66603255 -0.44935703 -0.98650825
1 400 0.028412729501724243 -0.001301935059018433 -0.04430387169122696 -0.03720248118042946 0.023270314559340477 -0.1393192857503891 0.13807350397109985 -0.09350930154323578 0.03077109530568123 -0.06027326360344887 0.10096817463636398 0.010967967100441456 -0.17781901359558105 -0.010568727739155293 -0.014214849099516869 -0.12554652988910675 0.056788232177495956 -0.17773368954658508 0.047792691737413406 -0.09954601526260376 0.04601633548736572 0.009849699214100838 0.1411648392677307 0.07929135859012604 -0.0895354375243187 0.14991959929466248 0.009057200513780117 0.09095890074968338 -0.08554832637310028 0.14459311962127686 -0.08012377470731735 0.027231751009821892 -0.05760367587208748 -0.1274065226316452 -0.06367743015289307 0.11154617369174957 -0.13059251010417938 -0.05063033103942871 -0.13452689349651337 0.16345292329788208 0.07227427512407303 0.08398383855819702 -0.14334946870803833 -0.1527715027332306 0.10817433148622513 -0.1711217612028122 -0.12995480000972748 0.11939505487680435 -0.111757792532444 0.003232630668208003 0.01573473960161209 0.0806177631020546 0.08742137998342514 -0.10581234842538834 0.0522083044052124 -0.12357668578624725 -0.0041244057938456535 0.062621109187603 -0.0741996169090271 0.04817946255207062 -0.09968569874763489 -0.09252741187810898 -0.03499921038746834 -0.08872642368078232 -0.018081385642290115 -0.01900087669491768 -0.10729853063821793 -0.10247597098350525 -0.13857436180114746 0.026611242443323135 0.07121466100215912 -0.05990748479962349 -0.08584058284759521 -0.12310134619474411 -0.0975479930639267 0.051478058099746704 0.021479932591319084 0.0686442106962204 0.08086486905813217 0.1063854843378067 -0.05160045251250267 -0.09563758969306946 0.13210487365722656 -0.10251584649085999 0.05689213424921036 -0.025252411141991615 0.10733123868703842 0.006487514823675156 -0.02400200441479683 -0.09102743119001389 -0.10051978379487991 -0.11088704317808151 0.11901228129863739 -0.10026030987501144 -0.043913718312978745 0.4813552622926343 0.19388472544094484 0.4354361850623304 0.5310571531942627 0.5014172168800738 0.5346989562843895 0.874083809918525 0.7731731852686804 0.9674412347437613 -0.6301813 -0.8000714 -0.69152117 -0.61762774 -0.59552187 -0.62136644 -0.79470396 -0.7279684 -0.9293442 -0.40048698 -0.69449747 -0.51391685 -0.36057886 -0.25306335 -0.3820866 -0.6733253 -0.5625488 -0.90464795
2 400 0.028412729501724243 -0.001301935059018433 -0.04430387169122696 -0.03720248118042946 0.023270314559340477 -0.1393192857503891 0.13807350397109985 -0.09350930154323578 0.03077109530568123 -0.06027326360344887 0.10096817463636398 0.010967967100441456 -0.17781901359558105 -0.010568727739155293 -0.014214849099516869 -0.12554652988910675 0.056788232177495956 -0.17773368954658508 0.047792691737413406 -0.09954601526260376 0.04601633548736572 0.009849699214100838 0.1411648392677307 0.07929135859012604 -0.0895354375243187 0.14991959929466248 0.009057200513780117 0.09095890074968338 -0.08554832637310028 0.14459311962127686 -0.08012377470731735 0.027231751009821892 -0.05760367587208748 -0.1274065226316452 -0.06367743015289307 0.11154617369174957 -0.13059251010417938 -0.05063033103942871 -0.13452689349651337 0.16345292329788208 0.07227427512407303 0.08398383855819702 -0.14334946870803833 -0.1527715027332306 0.10817433148622513 -0.1711217612028122 -0.12995480000972748 0.11939505487680435 -0.111757792532444 0.003232630668208003 0.01573473960161209 0.0806177631020546 0.08742137998342514 -0.10581234842538834 0.0522083044052124 -0.12357668578624725 -0.0041244057938456535 0.062621109187603 -0.0741996169090271 0.04817946255207062 -0.09968569874763489 -0.09252741187810898 -0.03499921038746834 -0.08872642368078232 -0.018081385642290115 -0.01900087669491768 -0.10729853063821793 -0.10247597098350525 -0.13857436180114746 0.026611242443323135 0.07121466100215912 -0.05990748479962349 -0.08584058284759521 -0.12310134619474411 -0.0975479930639267 0.051478058099746704 0.021479932591319084 0.0686442106962204 0.08086486905813217 0.1063854843378067 -0.05160045251250267 -0.09563758969306946 0.13210487365722656 -0.10251584649085999 0.05689213424921036 -0.025252411141991615 0.10733123868703842 0.006487514823675156 -0.02400200441479683 -0.09102743119001389 -0.10051978379487991 -0.11088704317808151 0.11901228129863739 -0.10026030987501144 -0.043913718312978745 0.26975585263136637 0.06800909991145514 0.17084236124015234 0.2162602293367861 0.5328627778655266 0.42862664904935116 0.8154673851876973 0.7103207789269671 0.9195699800935284 -0.79765534 -0.68043643 -0.79451776 -0.61421645 -0.5595151 -0.61491376 -0.41262877 -0.7227527 -0.9986988 -0.7010253 -0.6264365 -0.6780528 -0.4171449 -0.28921503 -0.3879191 -0.19000624 -0.550748 -0.949445
0 400 0.0315697006881237 -0.0014465946005657315 -0.04922652617096901 -0.04133608937263489 0.025855906307697296 -0.1547992080450058 0.1534150093793869 -0.10389922559261322 0.0341901071369648 -0.06697029620409012 0.11218686401844025 0.012186630629003048 -0.19757668673992157 -0.011743031442165375 -0.01579427719116211 -0.13949614763259888 0.06309803575277328 -0.1974818855524063 0.053102992475032806 -0.11060668528079987 0.051129262894392014 0.010944110341370106 0.15684983134269714 0.08810151368379593 -0.09948382526636124 0.16657733917236328 0.010063556022942066 0.10106544941663742 -0.09505369514226913 0.1606590300798416 -0.08902642130851746 0.03025750257074833 -0.064004085958004 -0.1415628045797348 -0.07075270265340805 0.12394019216299057 -0.14510279893875122 -0.056255925446748734 -0.1494743376970291 0.18161436915397644 0.08030474931001663 0.09331537783145905 -0.15927718579769135 -0.16974611580371857 0.12019370496273041 -0.19013530015945435 -0.14439423382282257 0.13266117870807648 -0.12417532503604889 0.0035918119829148054 0.017483044415712357 0.08957529813051224 0.09713486582040787 -0.11756927520036697 0.058009229600429535 -0.13730743527412415 -0.0045826733112335205 0.06957901269197464 -0.08244401961565018 0.053532738238573074 -0.11076188832521439 -0.10280823707580566 -0.03888801112771034 -0.09858492016792297 -0.020090429112315178 -0.02111208625137806 -0.11922059208154678 -0.11386219412088394 -0.15397152304649353 0.02956804819405079 0.07912740111351013 -0.06656387448310852 -0.09537842869758606 -0.1367792785167694 -0.10838666558265686 0.05719784274697304 0.023866591975092888 0.07627134770154953 0.08984985947608948 0.11820609867572784 -0.05733383819460869 -0.10626398772001266 0.14678320288658142 -0.11390649527311325 0.06321348249912262 -0.028058234602212906 0.11925693601369858 0.0072083501145243645 -0.026668895035982132 -0.10114159435033798 -0.11168865114450455 -0.12320782989263535 0.13223586976528168 -0.11140035092830658 -0.04879302158951759 0.42564544061892523 0.229588884499489 0.4795118159827859 0.4813494895442895 0.6807673959911119 0.5923651167710786 0.8743892803453754 0.7633185763493354 0.9791044864093682 -0.7613826 -0.44630742 -0.6034182 -0.5372966 -0.4897737 -0.63250744 -0.7720897 -0.59964204 -0.97247374 -0.64118636 -0.32041988 -0.39619187 -0.3053337 -0.21257448 -0.4355778 -0.6451762 -0.48562232 -0.977828
1 400 0.0315697006881237 -0.0014465946005657315 -0.04922652617096901 -0.04133608937263489 0.025855906307697296 -0.1547992080450058 0.1534150093793869 -0.10389922559261322 0.0341901071369648 -0.06697029620409012 0.11218686401844025 0.012186630629003048 -0.19757668673992157 -0.011743031442165375 -0.01579427719116211 -0.13949614763259888 0.06309803575277328 -0.1974818855524063 0.053102992475032806 -0.11060668528079987 0.051129262894392014 0.010944110341370106 0.15684983134269714 0.08810151368379593 -0.09948382526636124 0.16657733917236328 0.010063556022942066 0.10106544941663742 -0.09505369514226913 0.1606590300798416 -0.08902642130851746 0.03025750257074833 -0.064004085958004 -0.1415628045797348 -0.07075270265340805 0.12394019216299057 -0.14510279893875122 -0.056255925446748734 -0.1494743376970291 0.18161436915397644 0.08030474931001663 0.09331537783145905 -0.15927718579769135 -0.16974611580371857 0.12019370496273041 -0.19013530015945435 -0.14439423382282257 0.13266117870807648 -0.12417532503604889 0.0035918119829148054 0.017483044415712357 0.08957529813051224 0.09713486582040787 -0.11756927520036697 0.058009229600429535 -0.13730743527412415 -0.0045826733112335205 0.06957901269197464 -0.08244401961565018 0.053532738238573074 -0.11076188832521439 -0.10280823707580566 -0.03888801112771034 -0.09858492016792297 -0.020090429112315178 -0.02111208625137806 -0.11922059208154678 -0.11386219412088394 -0.15397152304649353 0.02956804819405079 0.07912740111351013 -0.06656387448310852 -0.09537842869758606 -0.1367792785167694 -0.10838666558265686 0.05719784274697304 0.023866591975092888 0.07627134770154953 0.08984985947608948 0.11820609867572784 -0.05733383819460869 -0.10626398772001266 0.14678320288658142 -0.11390649527311325 0.06321348249912262 -0.028058234602212906 0.11925693601369858 0.0072083501145243645 -0.026668895035982132 -0.10114159435033798 -0.11168865114450455 -0.12320782989263535 0.13223586976528168 -0.11140035092830658 -0.04879302158951759 0.4936619238814127 0.2177977959982841 0.447449437691021 0.5332116298833668 0.500619955689274 0.52987977155297 0.8783983094466511 0.7612922216625528 0.9664804963677843 -0.6138564 -0.7863362 -0.675374 -0.6208005 -0.5986978 -0.61953354 -0.7958769 -0.7180189 -0.92649657 -0.3702989 -0.6716233 -0.48405743 -0.38112634 -0.28086242 -0.3789766 -0.6777672 -0.54608166 -0.8998163
2 400 0.0315697006881237 -0.0014465946005657315 -0.04922652617096901 -0.04133608937263489 0.025855906307697296 -0.1547992080450058 0.1534150093793869 -0.10389922559261322 0.0341901071369648 -0.06697029620409012 0.11218686401844025 0.012186630629003048 -0.19757668673992157 -0.011743031442165375 -0.01579427719116211 -0.13949614763259888 0.06309803575277328 -0.1974818855524063 0.053102992475032806 -0.11060668528079987 0.051129262894392014 0.010944110341370106 0.15684983134269714 0.08810151368379593 -0.09948382526636124 0.16657733917236328 0.010063556022942066 0.10106544941663742 -0.09505369514226913 0.1606590300798416 -0.08902642130851746 0.03025750257074833 -0.064004085958004 -0.1415628045797348 -0.07075270265340805 0.12394019216299057 -0.14510279893875122 -0.056255925446748734 -0.1494743376970291 0.18161436915397644 0.08030474931001663 0.09331537783145905 -0.15927718579769135 -0.16974611580371857 0.12019370496273041 -0.19013530015945435 -0.14439423382282257 0.13266117870807648 -0.12417532503604889 0.0035918119829148054 0.017483044415712357 0.08957529813051224 0.09713486582040787 -0.11756927520036697 0.058009229600429535 -0.13730743527412415 -0.0045826733112335205 0.06957901269197464 -0.08244401961565018 0.053532738238573074 -0.11076188832521439 -0.10280823707580566 -0.03888801112771034 -0.09858492016792297 -0.020090429112315178 -0.02111208625137806 -0.11922059208154678 -0.11386219412088394 -0.15397152304649353 0.02956804819405079 0.07912740111351013 -0.06656387448310852 -0.09537842869758606 -0.1367792785167694 -0.10838666558265686 0.05719784274697304 0.023866591975092888 0.07627134770154953 0.08984985947608948 0.11820609867572784 -0.05733383819460869 -0.10626398772001266 0.14678320288658142 -0.11390649527311325 0.06321348249912262 -0.028058234602212906 0.11925693601369858 0.0072083501145243645 -0.026668895035982132 -0.10114159435033798 -0.11168865114450455 -0.12320782989263535 0.13223586976528168 -0.11140035092830658 -0.04879302158951759 0.3956160915604716 0.07451837506995584 0.18916610493727437 0.2651250494861062 0.5233102275467182 0.40339632393512387 0.824851937431285 0.6577221474310473 0.9226757290145017 -0.7458912 -0.69763076 -0.79295087 -0.659083 -0.57319516 -0.62066466 -0.39623415 -0.6805243 -0.957237 -0.61445814 -0.63949347 -0.6800803 -0.46798074 -0.31275022 -0.37443626 -0.17210689 -0.4812724 -0.888636
0 400 -0.08793938159942627 -0.004466483369469643 -0.07041781395673752 0.06283022463321686 0.05164108797907829 0.10964448004961014 0.0003017981653101742 -0.09988381713628769 -0.000322859879815951 0.0034330866765230894 0.0956662967801094 -0.08439841866493225 0.0716174766421318 -0.047016095370054245 -0.010956759564578533 0.04225886985659599 0.12362855672836304 0.03996491804718971 -0.13916350901126862 -0.07832653820514679 0.07384579628705978 0.0024891705252230167 0.05654832720756531 -0.2138415277004242 -0.07734853029251099 0.1688094139099121 0.09012611210346222 -0.09738311916589737 -0.07062722742557526 -0.16181150078773499 0.19800713658332825 0.04493977874517441 0.02463480271399021 -0.11645588278770447 0.08380842208862305 -0.09043815732002258 -0.1390887200832367 0.0325794517993927 0.007507089525461197 -0.20194944739341736 0.1510707587003708 0.011853007599711418 -0.03658246248960495 0.05847587436437607 -0.1047307550907135 0.14178572595119476 -0.040755562484264374 -0.08972559124231339 0.006387367378920317 -0.1005120724439621 0.034749746322631836 0.11000677198171616 0.056651148945093155 -0.15307141840457916 -0.01459265686571598 0.025399724021553993 0.03596304729580879 0.15881505608558655 0.03496292233467102 0.038930486887693405 -0.009371811524033546 0.08658985793590546 -0.05193828418850899 0.14126718044281006 -0.14927135407924652 -0.05572950839996338 0.11571622639894485 0.002728434279561043 -0.1635303944349289 0.02592412568628788 -0.14238905906677246 -0.04277082160115242 0.07827960699796677 -0.041331637650728226 0.10537342727184296 -0.17301402986049652 -0.13546699285507202 -0.24767307937145233 0.08219746500253677 0.17552535235881805 -0.13882018625736237 -0.11952103674411774 0.06815676391124725 -0.11497858911752701 -0.09990853071212769 -0.03904471918940544 -0.06369412690401077 0.0970047190785408 -0.07445375621318817 -0.16871660947799683 -0.06338637322187424 -0.07592266798019409 -0.00020882980606984347 -0.18925093114376068 0.17856964468955994 0.06032176409128757 0.1833195336451317 0.3765196254933607 0.5195209247000391 0.6924771541615001 0.6979596103873791 0.8767560142025643 0.9039380151761922 0.9797598013804493 -0.9259047 -0.83214766 -0.7219397 -0.5121254 -0.2324793 -0.6040626 -0.7895634 -0.774249 -0.9807739 -0.9281535 -0.7544802 -0.56649 -0.26527938 0.09130877 -0.38643628 -0.678231 -0.7434654 -1.0236336
1 400 -0.08793938159942627 -0.004466483369469643 -0.07041781395673752 0.06283022463321686 0.05164108797907829 0.10964448004961014 0.0003017981653101742 -0.09988381713628769 -0.000322859879815951 0.0034330866765230894 0.0956662967801094 -0.08439841866493225 0.0716174766421318 -0.047016095370054245 -0.010956759564578533 0.04225886985659599 0.12362855672836304 0.03996491804718971 -0.13916350901126862 -0.07832653820514679 0.07384579628705978 0.0024891705252230167 0.05654832720756531 -0.2138415277004242 -0.07734853029251099 0.1688094139099121 0.09012611210346222 -0.09738311916589737 -0.07062722742557526 -0.16181150078773499 0.19800713658332825 0.04493977874517441 0.02463480271399021 -0.11645588278770447 0.08380842208862305 -0.09043815732002258 -0.1390887200832367 0.0325794517993927 0.007507089525461197 -0.20194944739341736 0.1510707587003708 0.011853007599711418 -0.03658246248960495 0.05847587436437607 -0.1047307550907135 0.14178572595119476 -0.040755562484264374 -0.08972559124231339 0.006387367378920317 -0.1005120724439621 0.034749746322631836 0.11000677198171616 0.056651148945093155 -0.15307141840457916 -0.01459265686571598 0.025399724021553993 0.03596304729580879 0.15881505608558655 0.03496292233467102 0.038930486887693405 -0.009371811524033546 0.08658985793590546 -0.05193828418850899 0.14126718044281006 -0.14927135407924652 -0.05572950839996338 0.11571622639894485 0.002728434279561043 -0.1635303944349289 0.02592412568628788 -0.14238905906677246 -0.04277082160115242 0.07827960699796677 -0.041331637650728226 0.10537342727184296 -0.17301402986049652 -0.13546699285507202 -0.24767307937145233 0.08219746500253677 0.17552535235881805 -0.13882018625736237 -0.11952103674411774 0.06815676391124725 -0.11497858911752701 -0.09990853071212769 -0.03904471918940544 -0.06369412690401077 0.0970047190785408 -0.07445375621318817 -0.16871660947799683 -0.06338637322187424 -0.07592266798019409 -0.00020882980606984347 -0.18925093114376068 0.17856964468955994 0.04693723713023658 0.14224306825564917 0.20921067798949444 0.385291139203297 0.518988350459285 0.4787838994156383 0.8100798966440783 0.7927078432226738 0.9612533707104076 -0.9744145 -0.8939779 -0.8480077 -0.70928824 -0.5751616 -0.6545229 -0.77549267 -0.7628353 -0.913039 -0.9899967 -0.86602175 -0.7478131 -0.5364899 -0.2699431 -0.44479054 -0.65692997 -0.6189848 -0.88170815
2 400 -0.08793938159942627 -0.004466483369469643 -0.07041781395673752 0.06283022463321686 0.05164108797907829 0.10964448004961014 0.0003017981653101742 -0.09988381713628769 -0.000322859879815951 0.0034330866765230894 0.0956662967801094 -0.08439841866493225 0.0716174766421318 -0.047016095370054245 -0.010956759564578533 0.04225886985659599 0.12362855672836304 0.03996491804718971 -0.13916350901126862 -0.07832653820514679 0.07384579628705978 0.0024891705252230167 0.05654832720756531 -0.2138415277004242 -0.07734853029251099 0.1688094139099121 0.09012611210346222 -0.09738311916589737 -0.07062722742557526 -0.16181150078773499 0.19800713658332825 0.04493977874517441 0.02463480271399021 -0.11645588278770447 0.08380842208862305 -0.09043815732002258 -0.1390887200832367 0.0325794517993927 0.007507089525461197 -0.20194944739341736 0.1510707587003708 0.011853007599711418 -0.03658246248960495 0.05847587436437607 -0.1047307550907135 0.14178572595119476 -0.040755562484264374 -0.08972559124231339 0.006387367378920317 -0.1005120724439621 0.034749746322631836 0.11000677198171616 0.056651148945093155 -0.15307141840457916 -0.01459265686571598 0.025399724021553993 0.03596304729580879 0.15881505608558655 0.03496292233467102 0.038930486887693405 -0.009371811524033546 0.08658985793590546 -0.05193828418850899 0.14126718044281006 -0.14927135407924652 -0.05572950839996338 0.11571622639894485 0.002728434279561043 -0.1635303944349289 0.02592412568628788 -0.14238905906677246 -0.04277082160115242 0.07827960699796677 -0.041331637650728226 0.10537342727184296 -0.17301402986049652 -0.13546699285507202 -0.24767307937145233 0.08219746500253677 0.17552535235881805 -0.13882018625736237 -0.11952103674411774 0.06815676391124725 -0.11497858911752701 -0.09990853071212769 -0.03904471918940544 -0.06369412690401077 0.0970047190785408 -0.07445375621318817 -0.16871660947799683 -0.06338637322187424 -0.07592266798019409 -0.00020882980606984347 -0.18925093114376068 0.17856964468955994 0.03632862533229535 0.0730948784314983 0.15412350063842337 0.27064743802435753 0.33174034633586363 0.3999650794954035 0.7296239627743054 0.8300616484890272 0.943770662406412 -0.97912765 -0.90275216 -0.7794907 -0.5817407 -0.5729379 -0.6242447 -0.628562 -0.62927014 -0.8960561 -0.99429214 -0.86500406 -0.64584655 -0.3430302 -0.32265866 -0.4130153 -0.44935977 -0.5331495 -0.9254302
0 400 -0.07914543896913528 -0.004019835032522678 -0.0633760318160057 0.05654720216989517 0.046476978808641434 0.0986800268292427 0.0002716183371376246 -0.08989543467760086 -0.00029057389474473894 0.0030897778924554586 0.08609966188669205 -0.07595857232809067 0.06445572525262833 -0.04231448471546173 -0.009861083701252937 0.038032982498407364 0.11126569658517838 0.03596842661499977 -0.12524715065956116 -0.07049388438463211 0.06646121293306351 0.0022402533795684576 0.05089349299669266 -0.19245736300945282 -0.06961367279291153 0.15192846953868866 0.08111350238323212 -0.08764480799436569 -0.06356450170278549 -0.145630344748497 0.1782064139842987 0.04044580087065697 0.022171322256326675 -0.10481029003858566 0.0754275768995285 -0.08139433711767197 -0.12517984211444855 0.02932150661945343 0.006756380200386047 -0.18175449967384338 0.13596367835998535 0.010667706839740276 -0.032924216240644455 0.0526282861828804 -0.09425767511129379 0.12760715186595917 -0.03668000549077988 -0.08075302839279175 0.005748630501329899 -0.09046085923910141 0.03127476945519447 0.09900609403848648 0.05098603293299675 -0.13776427507400513 -0.013133390806615353 0.02285975031554699 0.03236674144864082 0.14293354749679565 0.03146662935614586 0.035037435591220856 -0.008434629999101162 0.07793086767196655 -0.046744454652071 0.12714046239852905 -0.134344220161438 -0.05015655606985092 0.10414460301399231 0.002455590758472681 -0.14717735350131989 0.023331712931394577 -0.12815015017986298 -0.03849373757839203 0.07045164704322815 -0.037198472768068314 0.09483607858419418 -0.15571261942386627 -0.12192028760910034 -0.22290576994419098 0.07397771626710892 0.1579728126525879 -0.12493816763162613 -0.10756892710924149 0.06134108453989029 -0.10348072648048401 -0.08991767466068268 -0.03514024615287781 -0.05732471123337746 0.0873042419552803 -0.067008376121521 -0.15184494853019714 -0.05704773589968681 -0.06833039969205856 -0.0001879468181869015 -0.17032583057880402 0.16071267426013947 0.059094506711319376 0.16762355166403672 0.3604508075738684 0.5356606446248199 0.7055178103737453 0.7281211619330902 0.8856055167282246 0.9136457542805695 0.9819410219646264 -0.9193367 -0.83610237 -0.7201562 -0.49808723 -0.24324784 -0.5845436 -0.7983426 -0.79857695 -0.9950067 -0.91702545 -0.75946915 -0.56140137 -0.24612857 0.08009657 -0.36596915 -0.70983684 -0.77079856 -1.067384
1 400 -0.07914543896913528 -0.004019835032522678 -0.0633760318160057 0.05654720216989517 0.046476978808641434 0.0986800268292427 0.0002716183371376246 -0.08989543467760086 -0.00029057389474473894 0.0030897778924554586 0.08609966188669205 -0.07595857232809067 0.06445572525262833 -0.04231448471546173 -0.009861083701252937 0.038032982498407364 0.11126569658517838 0.03596842661499977 -0.12524715065956116 -0.07049388438463211 0.06646121293306351 0.0022402533795684576 0.05089349299669266 -0.19245736300945282 -0.06961367279291153 0.15192846953868866 0.08111350238323212 -0.08764480799436569 -0.06356450170278549 -0.145630344748497 0.1782064139842987 0.04044580087065697 0.022171322256326675 -0.10481029003858566 0.0754275768995285 -0.08139433711767197 -0.12517984211444855 0.02932150661945343 0.006756380200386047 -0.18175449967384338 0.13596367835998535 0.010667706839740276 -0.032924216240644455 0.0526282861828804 -0.09425767511129379 0.12760715186595917 -0.03668000549077988 -0.08075302839279175 0.005748630501329899 -0.09046085923910141 0.03127476945519447 0.09900609403848648 0.05098603293299675 -0.13776427507400513 -0.013133390806615353 0.02285975031554699 0.03236674144864082 0.14293354749679565 0.03146662935614586 0.035037435591220856 -0.008434629999101162 0.07793086767196655 -0.046744454652071 0.12714046239852905 -0.134344220161438 -0.05015655606985092 0.10414460301399231 0.002455590758472681 -0.14717735350131989 0.023331712931394577 -0.12815015017986298 -0.03849373757839203 0.07045164704322815 -0.037198472768068314 0.09483607858419418 -0.15571261942386627 -0.12192028760910034 -0.22290576994419098 0.07397771626710892 0.1579728126525879 -0.12493816763162613 -0.10756892710924149 0.06134108453989029 -0.10348072648048401 -0.08991767466068268 -0.03514024615287781 -0.05732471123337746 0.0873042419552803 -0.067008376121521 -0.15184494853019714 -0.05704773589968681 -0.06833039969205856 -0.0001879468181869015 -0.17032583057880402 0.16071267426013947 0.04593290435942413 0.13405801664129421 0.18912016529545697 0.38718567387602326 0.5182012086037404 0.5044371830451997 0.8134810849778835 0.8209517378390413 0.9641324170582465 -0.97628134 -0.89749634 -0.85308635 -0.70484865 -0.5688397 -0.65783376 -0.7766257 -0.7930569 -0.923175 -0.99182034 -0.8711295 -0.75488174 -0.50734085 -0.24337065 -0.44964817 -0.67250013 -0.66878194 -0.9143549
2 400 -0.07914543896913528 -0.004019835032522678 -0.0633760318160057 0.05654720216989517 0.046476978808641434 0.0986800268292427 0.0002716183371376246 -0.08989543467760086 -0.00029057389474473894 0.0030897778924554586 0.08609966188669205 -0.07595857232809067 0.06445572525262833 -0.04231448471546173 -0.009861083701252937 0.038032982498407364 0.11126569658517838 0.03596842661499977 -0.12524715065956116 -0.07049388438463211 0.06646121293306351 0.0022402533795684576 0.05089349299669266 -0.19245736300945282 -0.06961367279291153 0.15192846953868866 0.08111350238323212 -0.08764480799436569 -0.06356450170278549 -0.145630344748497 0.1782064139842987 0.04044580087065697 0.022171322256326675 -0.10481029003858566 0.0754275768995285 -0.08139433711767197 -0.12517984211444855 0.02932150661945343 0.006756380200386047 -0.18175449967384338 0.13596367835998535 0.010667706839740276 -0.032924216240644455 0.0526282861828804 -0.09425767511129379 0.12760715186595917 -0.03668000549077988 -0.08075302839279175 0.005748630501329899 -0.09046085923910141 0.03127476945519447 0.09900609403848648 0.05098603293299675 -0.13776427507400513 -0.013133390806615353 0.02285975031554699 0.03236674144864082 0.14293354749679565 0.03146662935614586 0.035037435591220856 -0.008434629999101162 0.07793086767196655 -0.046744454652071 0.12714046239852905 -0.134344220161438 -0.05015655606985092 0.10414460301399231 0.002455590758472681 -0.14717735350131989 0.023331712931394577 -0.12815015017986298 -0.03849373757839203 0.07045164704322815 -0.037198472768068314 0.09483607858419418 -0.15571261942386627 -0.12192028760910034 -0.22290576994419098 0.07397771626710892 0.1579728126525879 -0.12493816763162613 -0.10756892710924149 0.06134108453989029 -0.10348072648048401 -0.08991767466068268 -0.03514024615287781 -0.05732471123337746 0.0873042419552803 -0.067008376121521 -0.15184494853019714 -0.05704773589968681 -0.06833039969205856 -0.0001879468181869015 -0.17032583057880402 0.16071267426013947 0.03230344217905783 0.07087154188332963 0.14651289307339066 0.260925137145289 0.2837241281154967 0.41384655466880343 0.7254153589385905 0.8320177039899935 0.9426151705685476 -0.9939544 -0.90412444 -0.7821723 -0.5604781 -0.5028051 -0.62588364 -0.65151274 -0.6389942 -0.92454576 -1.0191634 -0.8668406 -0.65198684 -0.31754324 -0.23594587 -0.41874292 -0.4853398 -0.5457958 -0.95910585
0 400 -0.0703515037894249 -0.003573186695575714 -0.056334253400564194 0.050264179706573486 0.041312869638204575 0.08771558851003647 0.00024143853806890547 -0.07990705221891403 -0.0002582879096735269 0.0027464693412184715 0.07653304189443588 -0.06751873344182968 0.057293981313705444 -0.037612877786159515 -0.008765407837927341 0.033807095140218735 0.09890284389257431 0.03197193518280983 -0.11133080720901489 -0.06266123056411743 0.05907663702964783 0.001991336466744542 0.045238662511110306 -0.17107322812080383 -0.06187882646918297 0.1350475400686264 0.07210089266300201 -0.07790649682283401 -0.056501783430576324 -0.12944920361042023 0.15840570628643036 0.035951822996139526 0.01970784179866314 -0.09316470474004745 0.06704673916101456 -0.07235052436590195 -0.1112709790468216 0.02606356143951416 0.0060056718066334724 -0.1615595668554306 0.12085660547018051 0.009482406079769135 -0.02926596999168396 0.046780701726675034 -0.08378460258245468 0.11342858523130417 -0.03260445222258568 -0.07178047299385071 0.005109894089400768 -0.08040966093540192 0.02779979817569256 0.0880054160952568 0.04532092064619064 -0.12245713919401169 -0.0116741256788373 0.020319780334830284 0.028770437464118004 0.12705205380916595 0.027970338240265846 0.031144389882683754 -0.007497449405491352 0.06927188485860825 -0.04155062884092331 0.11301374435424805 -0.11941708624362946 -0.04458360746502876 0.09257297962903976 0.002182747470214963 -0.13082431256771088 0.020739300176501274 -0.11391124874353409 -0.034216657280921936 0.06262368708848953 -0.0330653116106987 0.0842987447977066 -0.13841122388839722 -0.10837359726428986 -0.19813846051692963 0.06575797498226166 0.14042028784751892 -0.11105614900588989 -0.09561683237552643 0.05452541261911392 -0.0919828712940216 -0.07992682605981827 -0.031235774978995323 -0.05095530301332474 0.077603779733181 -0.059563007205724716 -0.13497328758239746 -0.05070909857749939 -0.06073813512921333 -0.00016706384485587478 -0.15140074491500854 0.1428557187318802 0.05860685314572749 0.15561246504260184 0.33968990923996084 0.5515757992551636 0.7201522374589122 0.7503357057208458 0.8878310527467889 0.9165526300059759 0.9834210714635641 -0.9116253 -0.8394233 -0.7191688 -0.50216925 -0.25262082 -0.5666477 -0.79172164 -0.81482184 -1.0057501 -0.9063598 -0.76371825 -0.5573083 -0.2484605 0.07014793 -0.35048655 -0.70879847 -0.7786921 -1.1008308
1 400 -0.0703515037894249 -0.003573186695575714 -0.056334253400564194 0.050264179706573486 0.041312869638204575 0.08771558851003647 0.00024143853806890547 -0.07990705221891403 -0.0002582879096735269 0.0027464693412184715 0.07653304189443588 -0.06751873344182968 0.057293981313705444 -0.037612877786159515 -0.008765407837927341 0.033807095140218735 0.09890284389257431 0.03197193518280983 -0.11133080720901489 -0.06266123056411743 0.05907663702964783 0.001991336466744542 0.045238662511110306 -0.17107322812080383 -0.06187882646918297 0.1350475400686264 0.07210089266300201 -0.07790649682283401 -0.056501783430576324 -0.12944920361042023 0.15840570628643036 0.035951822996139526 0.01970784179866314 -0.09316470474004745 0.06704673916101456 -0.07235052436590195 -0.1112709790468216 0.02606356143951416 0.0060056718066334724 -0.1615595668554306 0.12085660547018051 0.009482406079769135 -0.02926596999168396 0.046780701726675034 -0.08378460258245468 0.11342858523130417 -0.03260445222258568 -0.07178047299385071 0.005109894089400768 -0.08040966093540192 0.02779979817569256 0.0880054160952568 0.04532092064619064 -0.12245713919401169 -0.0116741256788373 0.020319780334830284 0.028770437464118004 0.12705205380916595 0.027970338240265846 0.031144389882683754 -0.007497449405491352 0.06927188485860825 -0.04155062884092331 0.11301374435424805 -0.11941708624362946 -0.04458360746502876 0.09257297962903976 0.002182747470214963 -0.13082431256771088 0.020739300176501274 -0.11391124874353409 -0.034216657280921936 0.06262368708848953 -0.0330653116106987 0.0842987447977066 -0.13841122388839722 -0.10837359726428986 -0.19813846051692963 0.06575797498226166 0.14042028784751892 -0.11105614900588989 -0.09561683237552643 0.05452541261911392 -0.0919828712940216 -0.07992682605981827 -0.031235774978995323 -0.05095530301332474 0.077603779733181 -0.059563007205724716 -0.13497328758239746 -0.05070909857749939 -0.06073813512921333 -0.00016706384485587478 -0.15140074491500854 0.1428557187318802 0.0459998031166874 0.12651099401598712 0.1773189108622325 0.38650954604316035 0.5182734847970693 0.5301256441953206 0.8174964499637047 0.8461009706156553 0.9671452906321155 -0.9759154 -0.9003977 -0.8540261 -0.7012112 -0.5335149 -0.6611045 -0.7898759 -0.8234738 -0.93386257 -0.9900142 -0.87510276 -0.75673246 -0.49002522 -0.1788813 -0.45443037 -0.6995844 -0.71888876 -0.94515693
2 400 -0.0703515037894249 -0.003573186695575714 -0.056334253400564194 0.050264179706573486 0.041312869638204575 0.08771558851003647 0.00024143853806890547 -0.07990705221891403 -0.0002582879096735269 0.0027464693412184715 0.07653304189443588 -0.06751873344182968 0.057293981313705444 -0.037612877786159515 -0.008765407837927341 0.033807095140218735 0.09890284389257431 0.03197193518280983 -0.11133080720901489 -0.06266123056411743 0.05907663702964783 0.001991336466744542 0.045238662511110306 -0.17107322812080383 -0.06187882646918297 0.1350475400686264 0.07210089266300201 -0.07790649682283401 -0.056501783430576324 -0.12944920361042023 0.15840570628643036 0.035951822996139526 0.01970784179866314 -0.09316470474004745 0.06704673916101456 -0.07235052436590195 -0.1112709790468216 0.02606356143951416 0.0060056718066334724 -0.1615595668554306 0.12085660547018051 0.009482406079769135 -0.02926596999168396 0.046780701726675034 -0.08378460258245468 0.11342858523130417 -0.03260445222258568 -0.07178047299385071 0.005109894089400768 -0.08040966093540192 0.02779979817569256 0.0880054160952568 0.04532092064619064 -0.12245713919401169 -0.0116741256788373 0.020319780334830284 0.028770437464118004 0.12705205380916595 0.027970338240265846 0.031144389882683754 -0.007497449405491352 0.06927188485860825 -0.04155062884092331 0.11301374435424805 -0.11941708624362946 -0.04458360746502876 0.09257297962903976 0.002182747470214963 -0.13082431256771088 0.020739300176501274 -0.11391124874353409 -0.034216657280921936 0.06262368708848953 -0.0330653116106987 0.0842987447977066 -0.13841122388839722 -0.10837359726428986 -0.19813846051692963 0.06575797498226166 0.14042028784751892 -0.11105614900588989 -0.09561683237552643 0.05452541261911392 -0.0919828712940216 -0.07992682605981827 -0.031235774978995323 -0.05095530301332474 0.077603779733181 -0.059563007205724716 -0.13497328758239746 -0.05070909857749939 -0.06073813512921333 -0.00016706384485587478 -0.15140074491500854 0.1428557187318802 0.029082730863812932 0.06871111935308108 0.139241896436768 0.25834398601668235 0.2904016204260646 0.403382473695964 0.7133679616571251 0.833826468468314 0.9414428157694354 -1.0094113 -0.90544546 -0.7862878 -0.5470912 -0.47031814 -0.59652066 -0.66985524 -0.6486298 -0.95338714 -1.046031 -0.8685788 -0.6584674 -0.30241197 -0.19324812 -0.3874335 -0.5062448 -0.5582616 -0.99318874
0 400 -0.06155756488442421 -0.00312653835862875 -0.049292467534542084 0.0439811572432518 0.036148760467767715 0.07675113528966904 0.00021125870989635587 -0.0699186697602272 -0.0002260019100503996 0.0024031605571508408 0.06696640700101852 -0.0590788908302784 0.050132233649492264 -0.032911267131567 -0.007669731508940458 0.029581207782030106 0.08653999119997025 0.02797544188797474 -0.09741445630788803 -0.05482857674360275 0.05169205740094185 0.001742419321089983 0.039583828300237656 -0.14968906342983246 -0.05414396896958351 0.11816658824682236 0.06308827549219131 -0.06816818565130234 -0.04943905770778656 -0.11326804757118225 0.138604998588562 0.031457845121622086 0.017244361340999603 -0.08151911944150925 0.05866589397192001 -0.06330671161413193 -0.09736210107803345 0.02280561625957489 0.005254962481558323 -0.14136460423469543 0.10574953258037567 0.008297105319797993 -0.025607723742723465 0.04093310981988907 -0.07331153005361557 0.09925000369548798 -0.028528893366456032 -0.06280791014432907 0.00447115721181035 -0.07035844773054123 0.024324821308255196 0.07700473815202713 0.03965580463409424 -0.10714998841285706 -0.010214859619736671 0.01777980662882328 0.025174133479595184 0.11117053776979446 0.024474045261740685 0.027251340448856354 -0.006560267880558968 0.06061289831995964 -0.03635679930448532 0.09888702630996704 -0.10448994487524033 -0.039010655134916306 0.08100135624408722 0.0019099039491266012 -0.11447127163410187 0.01814688742160797 -0.0996723398566246 -0.029939575120806694 0.05479572340846062 -0.028932146728038788 0.07376139611005783 -0.12110982090234756 -0.09482689201831818 -0.17337115108966827 0.0575382262468338 0.12286774814128876 -0.09717413038015366 -0.08366472274065018 0.04770973324775696 -0.08048500865697861 -0.06993597000837326 -0.02733130380511284 -0.04458588734269142 0.0679033026099205 -0.05211762711405754 -0.11810162663459778 -0.044370461255311966 -0.053145866841077805 -0.00014618085697293282 -0.13247564435005188 0.12499874830245972 0.0580168559256783 0.14800941065541115 0.3205903448916859 0.5451691009787571 0.7315681388713597 0.759646771742011 0.8887062448118197 0.9188492832874807 0.9845039195923216 -0.9050907 -0.84296393 -0.7186745 -0.50850433 -0.26170465 -0.544769 -0.77954286 -0.82900196 -1.0143253 -0.8979856 -0.769102 -0.5542804 -0.2534426 0.058459073 -0.33252093 -0.69647604 -0.78602016 -1.1279935
1 400 -0.06155756488442421 -0.00312653835862875 -0.049292467534542084 0.0439811572432518 0.036148760467767715 0.07675113528966904 0.00021125870989635587 -0.0699186697602272 -0.0002260019100503996 0.0024031605571508408 0.06696640700101852 -0.0590788908302784 0.050132233649492264 -0.032911267131567 -0.007669731508940458 0.029581207782030106 0.08653999119997025 0.02797544188797474 -0.09741445630788803 -0.05482857674360275 0.05169205740094185 0.001742419321089983 0.039583828300237656 -0.14968906342983246 -0.05414396896958351 0.11816658824682236 0.06308827549219131 -0.06816818565130234 -0.04943905770778656 -0.11326804757118225 0.138604998588562 0.031457845121622086 0.017244361340999603 -0.08151911944150925 0.05866589397192001 -0.06330671161413193 -0.09736210107803345 0.02280561625957489 0.005254962481558323 -0.14136460423469543 0.10574953258037567 0.008297105319797993 -0.025607723742723465 0.04093310981988907 -0.07331153005361557 0.09925000369548798 -0.028528893366456032 -0.06280791014432907 0.00447115721181035 -0.07035844773054123 0.024324821308255196 0.07700473815202713 0.03965580463409424 -0.10714998841285706 -0.010214859619736671 0.01777980662882328 0.025174133479595184 0.11117053776979446 0.024474045261740685 0.027251340448856354 -0.006560267880558968 0.06061289831995964 -0.03635679930448532 0.09888702630996704 -0.10448994487524033 -0.039010655134916306 0.08100135624408722 0.0019099039491266012 -0.11447127163410187 0.01814688742160797 -0.0996723398566246 -0.029939575120806694 0.05479572340846062 -0.028932146728038788 0.07376139611005783 -0.12110982090234756 -0.09482689201831818 -0.17337115108966827 0.0575382262468338 0.12286774814128876 -0.09717413038015366 -0.08366472274065018 0.04770973324775696 -0.08048500865697861 -0.06993597000837326 -0.02733130380511284 -0.04458588734269142 0.0679033026099205 -0.05211762711405754 -0.11810162663459778 -0.044370461255311966 -0.053145866841077805 -0.00014618085697293282 -0.13247564435005188 0.12499874830245972 0.04641792886836289 0.11949786953647418 0.16978866527040387 0.3937472326922074 0.5193129816359278 0.5491126987181754 0.8197085254757471 0.8681413409255353 0.9675527718338472 -0.9762712 -0.9031025 -0.8525324 -0.70081484 -0.50908005 -0.66532123 -0.80275273 -0.8537104 -0.96118426 -0.9916322 -0.8787366 -0.75456065 -0.48138258 -0.13983524 -0.46037424 -0.7176998 -0.76869667 -0.98317206
2 400 -0.06155756488442421 -0.00312653835862875 -0.049292467534542084 0.0439811572432518 0.036148760467767715 0.07675113528966904 0.00021125870989635587 -0.0699186697602272 -0.0002260019100503996 0.0024031605571508408 0.06696640700101852 -0.0590788908302784 0.050132233649492264 -0.032911267131567 -0.007669731508940458 0.029581207782030106 0.08653999119997025 0.02797544188797474 -0.09741445630788803 -0.05482857674360275 0.05169205740094185 0.001742419321089983 0.039583828300237656 -0.14968906342983246 -0.05414396896958351 0.11816658824682236 0.06308827549219131 -0.06816818565130234 -0.04943905770778656 -0.11326804757118225 0.138604998588562 0.031457845121622086 0.017244361340999603 -0.08151911944150925 0.05866589397192001 -0.06330671161413193 -0.09736210107803345 0.02280561625957489 0.005254962481558323 -0.14136460423469543 0.10574953258037567 0.008297105319797993 -0.025607723742723465 0.04093310981988907 -0.07331153005361557 0.09925000369548798 -0.028528893366456032 -0.06280791014432907 0.00447115721181035 -0.07035844773054123 0.024324821308255196 0.07700473815202713 0.03965580463409424 -0.10714998841285706 -0.010214859619736671 0.01777980662882328 0.025174133479595184 0.11117053776979446 0.024474045261740685 0.027251340448856354 -0.006560267880558968 0.06061289831995964 -0.03635679930448532 0.09888702630996704 -0.10448994487524033 -0.039010655134916306 0.08100135624408722 0.0019099039491266012 -0.11447127163410187 0.01814688742160797 -0.0996723398566246 -0.029939575120806694 0.05479572340846062 -0.028932146728038788 0.07376139611005783 -0.12110982090234756 -0.09482689201831818 -0.17337115108966827 0.0575382262468338 0.12286774814128876 -0.09717413038015366 -0.08366472274065018 0.04770973324775696 -0.08048500865697861 -0.06993597000837326 -0.02733130380511284 -0.04458588734269142 0.0679033026099205 -0.05211762711405754 -0.11810162663459778 -0.044370461255311966 -0.053145866841077805 -0.00014618085697293282 -0.13247564435005188 0.12499874830245972 0.026271279948215882 0.06745084951998867 0.13228223362011118 0.2557869430900665 0.2987712445043147 0.39982965097754075 0.701009315904024 0.8342211435492152 0.9402237945641101 -1.0244758 -0.9095459 -0.79017556 -0.533714 -0.43987635 -0.57720965 -0.6881617 -0.66003 -0.98181283 -1.0722554 -0.8759811 -0.66466224 -0.28730085 -0.15309334 -0.36848205 -0.52709514 -0.56989574 -1.0266759
0 400 -0.05276362970471382 -0.0026798900216817856 -0.04225068911910057 0.037698134779930115 0.030984653159976006 0.0657866895198822 0.00018107891082763672 -0.05993029102683067 -0.00019371593953110278 0.0020598520059138536 0.05739977955818176 -0.05063905194401741 0.04297048598527908 -0.028209658339619637 -0.00657405611127615 0.025355322286486626 0.07417713850736618 0.023978952318429947 -0.08349810540676117 -0.04699592664837837 0.04430747777223587 0.0014935024082660675 0.033928997814655304 -0.12830492854118347 -0.04640911892056465 0.1012856513261795 0.05407566949725151 -0.05842987447977066 -0.04237633943557739 -0.09708690643310547 0.11880428344011307 0.026963869109749794 0.014780881814658642 -0.06987353414297104 0.05028505623340607 -0.05426289513707161 -0.0834532380104065 0.01954767107963562 0.004504254087805748 -0.12116967141628265 0.09064245969057083 0.007111805025488138 -0.02194947749376297 0.0350855253636837 -0.06283845752477646 0.08507143706083298 -0.024453338235616684 -0.05383535847067833 0.003832420567050576 -0.06030724570155144 0.02084984816610813 0.06600406765937805 0.03399069234728813 -0.09184285253286362 -0.008755594491958618 0.015239834785461426 0.021577829495072365 0.09528903663158417 0.020977754145860672 0.023358292877674103 -0.005623087286949158 0.051953915506601334 -0.031162971630692482 0.08476030826568604 -0.08956281840801239 -0.03343770653009415 0.06942974030971527 0.0016370606608688831 -0.09811823815107346 0.015554475598037243 -0.08543343842029572 -0.0256624948233366 0.0469677671790123 -0.024798983708024025 0.06322406232357025 -0.10380842536687851 -0.08128020167350769 -0.14860385656356812 0.04931848123669624 0.10531521588563919 -0.08329211175441742 -0.07171262800693512 0.04089406132698059 -0.0689871534705162 -0.05994512140750885 -0.023426832631230354 -0.0382164791226387 0.0582028329372406 -0.04467225447297096 -0.10122997313737869 -0.03803182393312454 -0.045553602278232574 -0.00012529788364190608 -0.113550566136837 0.10714179277420044 0.05465399362734234 0.14510184276362376 0.3111939648475728 0.5362029832470765 0.7341852228713804 0.7623785112634783 0.8897132387527359 0.9210243583706467 0.9849131438133636 -0.914592 -0.8491873 -0.71852046 -0.51198083 -0.27265373 -0.5424751 -0.7670772 -0.8387358 -1.0183182 -0.9126781 -0.7805028 -0.5529422 -0.25406015 0.04194513 -0.3323454 -0.6837482 -0.7956655 -1.1433942
1 400 -0.05276362970471382 -0.0026798900216817856 -0.04225068911910057 0.037698134779930115 0.030984653159976006 0.0657866895198822 0.00018107891082763672 -0.05993029102683067 -0.00019371593953110278 0.0020598520059138536 0.05739977955818176 -0.05063905194401741 0.04297048598527908 -0.028209658339619637 -0.00657405611127615 0.025355322286486626 0.07417713850736618 0.023978952318429947 -0.08349810540676117 -0.04699592664837837 0.04430747777223587 0.0014935024082660675 0.033928997814655304 -0.12830492854118347 -0.04640911892056465 0.1012856513261795 0.05407566949725151 -0.05842987447977066 -0.04237633943557739 -0.09708690643310547 0.11880428344011307 0.026963869109749794 0.014780881814658642 -0.06987353414297104 0.05028505623340607 -0.05426289513707161 -0.0834532380104065 0.01954767107963562 0.004504254087805748 -0.12116967141628265 0.09064245969057083 0.007111805025488138 -0.02194947749376297 0.0350855253636837 -0.06283845752477646 0.08507143706083298 -0.024453338235616684 -0.05383535847067833 0.003832420567050576 -0.06030724570155144 0.02084984816610813 0.06600406765937805 0.03399069234728813 -0.09184285253286362 -0.008755594491958618 0.015239834785461426 0.021577829495072365 0.09528903663158417 0.020977754145860672 0.023358292877674103 -0.005623087286949158 0.051953915506601334 -0.031162971630692482 0.08476030826568604 -0.08956281840801239 -0.03343770653009415 0.06942974030971527 0.0016370606608688831 -0.09811823815107346 0.015554475598037243 -0.08543343842029572 -0.0256624948233366 0.0469677671790123 -0.024798983708024025 0.06322406232357025 -0.10380842536687851 -0.08128020167350769 -0.14860385656356812 0.04931848123669624 0.10531521588563919 -0.08329211175441742 -0.07171262800693512 0.04089406132698059 -0.0689871534705162 -0.05994512140750885 -0.023426832631230354 -0.0382164791226387 0.0582028329372406 -0.04467225447297096 -0.10122997313737869 -0.03803182393312454 -0.045553602278232574 -0.00012529788364190608 -0.113550566136837 0.10714179277420044 0.046064966356341185 0.11295022982924854 0.16564863723389828 0.40096200964342205 0.5187322479414848 0.5650124747705999 0.8249779067889738 0.8863486108908373 0.9684827210868018 -0.9788645 -0.9056748 -0.84743917 -0.7004417 -0.5010617 -0.66957957 -0.8069131 -0.8828255 -0.98567724 -0.9991292 -0.88214624 -0.74855626 -0.47281596 -0.12254976 -0.46627086 -0.724871 -0.8166114 -1.0190196
2 400 -0.05276362970471382 -0.0026798900216817856 -0.04225068911910057 0.037698134779930115 0.030984653159976006 0.0657866895198822 0.00018107891082763672 -0.05993029102683067 -0.00019371593953110278 0.0020598520059138536 0.05739977955818176 -0.05063905194401741 0.04297048598527908 -0.028209658339619637 -0.00657405611127615 0.025355322286486626 0.07417713850736618 0.023978952318429947 -0.08349810540676117 -0.04699592664837837 0.04430747777223587 0.0014935024082660675 0.033928997814655304 -0.12830492854118347 -0.04640911892056465 0.1012856513261795 0.05407566949725151 -0.05842987447977066 -0.04237633943557739 -0.09708690643310547 0.11880428344011307 0.026963869109749794 0.014780881814658642 -0.06987353414297104 0.05028505623340607 -0.05426289513707161 -0.0834532380104065 0.01954767107963562 0.004504254087805748 -0.12116967141628265 0.09064245969057083 0.007111805025488138 -0.02194947749376297 0.0350855253636837 -0.06283845752477646 0.08507143706083298 -0.024453338235616684 -0.05383535847067833 0.003832420567050576 -0.06030724570155144 0.02084984816610813 0.06600406765937805 0.03399069234728813 -0.09184285253286362 -0.008755594491958618 0.015239834785461426 0.021577829495072365 0.09528903663158417 0.020977754145860672 0.023358292877674103 -0.005623087286949158 0.051953915506601334 -0.031162971630692482 0.08476030826568604 -0.08956281840801239 -0.03343770653009415 0.06942974030971527 0.0016370606608688831 -0.09811823815107346 0.015554475598037243 -0.08543343842029572 -0.0256624948233366 0.0469677671790123 -0.024798983708024025 0.06322406232357025 -0.10380842536687851 -0.08128020167350769 -0.14860385656356812 0.04931848123669624 0.10531521588563919 -0.08329211175441742 -0.07171262800693512 0.04089406132698059 -0.0689871534705162 -0.05994512140750885 -0.023426832631230354 -0.0382164791226387 0.0582028329372406 -0.04467225447297096 -0.10122997313737869 -0.03803182393312454 -0.045553602278232574 -0.00012529788364190608 -0.113550566136837 0.10714179277420044 0.02543094629441338 0.06533036858174093 0.1258558719241362 0.2540209652036487 0.3071954400676865 0.40243315286880266 0.6884593930215196 0.8289951258930888 0.9372313815488781 -1.0313431 -0.91529346 -0.7511059 -0.52141213 -0.40988767 -0.57239956 -0.70643556 -0.6788727 -0.99029887 -1.0854394 -0.88620365 -0.61423934 -0.27317455 -0.11353667 -0.36346734 -0.5479104 -0.58501816 -1.0307517
0 400 -0.043969690799713135 -0.0022332416847348213 -0.03520890697836876 0.03141511231660843 0.025820543989539146 0.05482224002480507 0.0001508990826550871 -0.049941908568143845 -0.0001614299399079755 0.0017165433382615447 0.0478331483900547 -0.042199209332466125 0.0358087383210659 -0.023508047685027122 -0.005478379782289267 0.021129434928297997 0.06181427836418152 0.019982459023594856 -0.06958175450563431 -0.039163269102573395 0.03692289814352989 0.0012445852626115084 0.028274163603782654 -0.1069207638502121 -0.03867426514625549 0.08440470695495605 0.04506305605173111 -0.048691559582948685 -0.03531361371278763 -0.08090575039386749 0.09900356829166412 0.022469889372587204 0.012317401356995106 -0.058227941393852234 0.04190421104431152 -0.04521907866001129 -0.06954436004161835 0.01628972589969635 0.0037535447627305984 -0.10097472369670868 0.0755353793501854 0.005926503799855709 -0.018291231244802475 0.029237937182188034 -0.05236537754535675 0.07089286297559738 -0.020377781242132187 -0.04486279562115669 0.0031936836894601583 -0.05025603622198105 0.017374873161315918 0.05500338599085808 0.028325574472546577 -0.07653570920228958 -0.00729632843285799 0.012699862010776997 0.017981523647904396 0.07940752804279327 0.01748146116733551 0.019465243443846703 -0.004685905762016773 0.04329492896795273 -0.025969142094254494 0.07063359022140503 -0.07463567703962326 -0.02786475419998169 0.05785811319947243 0.0013642171397805214 -0.08176519721746445 0.01296206284314394 -0.07119452953338623 -0.02138541080057621 0.03913980349898338 -0.020665818825364113 0.05268671363592148 -0.08650701493024826 -0.06773349642753601 -0.12383653968572617 0.04109873250126839 0.08776267617940903 -0.06941009312868118 -0.05976051837205887 0.03407838195562363 -0.057489294558763504 -0.04995426535606384 -0.01952235959470272 -0.031847063452005386 0.0485023595392704 -0.037226878106594086 -0.08435830473899841 -0.03169318661093712 -0.037961333990097046 -0.00010441490303492174 -0.09462546557188034 0.08928482234477997 0.05144908087739226 0.1422716703498361 0.29983763903480154 0.5381883454034665 0.7345574442511156 0.7647449504498192 0.891437866662083 0.9245104530274338 0.9846272983525366 -0.9241663 -0.855431 -0.71898115 -0.51523775 -0.28010008 -0.5443577 -0.7544129 -0.846799 -1.0172095 -0.92748475 -0.79194856 -0.55256045 -0.25346056 0.02958396 -0.3357027 -0.6704836 -0.8052242 -1.1457438
1 400 -0.043969690799713135 -0.0022332416847348213 -0.03520890697836876 0.03141511231660843 0.025820543989539146 0.05482224002480507 0.0001508990826550871 -0.049941908568143845 -0.0001614299399079755 0.0017165433382615447 0.0478331483900547 -0.042199209332466125 0.0358087383210659 -0.023508047685027122 -0.005478379782289267 0.021129434928297997 0.06181427836418152 0.019982459023594856 -0.06958175450563431 -0.039163269102573395 0.03692289814352989 0.0012445852626115084 0.028274163603782654 -0.1069207638502121 -0.03867426514625549 0.08440470695495605 0.04506305605173111 -0.048691559582948685 -0.03531361371278763 -0.08090575039386749 0.09900356829166412 0.022469889372587204 0.012317401356995106 -0.058227941393852234 0.04190421104431152 -0.04521907866001129 -0.06954436004161835 0.01628972589969635 0.0037535447627305984 -0.10097472369670868 0.0755353793501854 0.005926503799855709 -0.018291231244802475 0.029237937182188034 -0.05236537754535675 0.07089286297559738 -0.020377781242132187 -0.04486279562115669 0.0031936836894601583 -0.05025603622198105 0.017374873161315918 0.05500338599085808 0.028325574472546577 -0.07653570920228958 -0.00729632843285799 0.012699862010776997 0.017981523647904396 0.07940752804279327 0.01748146116733551 0.019465243443846703 -0.004685905762016773 0.04329492896795273 -0.025969142094254494 0.07063359022140503 -0.07463567703962326 -0.02786475419998169 0.05785811319947243 0.0013642171397805214 -0.08176519721746445 0.01296206284314394 -0.07119452953338623 -0.02138541080057621 0.03913980349898338 -0.020665818825364113 0.05268671363592148 -0.08650701493024826 -0.06773349642753601 -0.12383653968572617 0.04109873250126839 0.08776267617940903 -0.06941009312868118 -0.05976051837205887 0.03407838195562363 -0.057489294558763504 -0.04995426535606384 -0.01952235959470272 -0.031847063452005386 0.0485023595392704 -0.037226878106594086 -0.08435830473899841 -0.03169318661093712 -0.037961333990097046 -0.00010441490303492174 -0.09462546557188034 0.08928482234477997 0.04410619851389919 0.1066344064610987 0.1600532281510552 0.40585788330264055 0.503747839274771 0.5791486524309156 0.8297849441943795 0.8905327258004119 0.9689048153619448 -0.9800251 -0.9083077 -0.8418335 -0.6995661 -0.5091175 -0.66896534 -0.8103792 -0.89606583 -1.0035114 -0.99687195 -0.88565135 -0.74805665 -0.46538192 -0.12239072 -0.4692287 -0.7304827 -0.8357674 -1.04408
2 400 -0.043969690799713135 -0.0022332416847348213 -0.03520890697836876 0.03141511231660843 0.025820543989539146 0.05482224002480507 0.0001508990826550871 -0.049941908568143845 -0.0001614299399079755 0.0017165433382615447 0.0478331483900547 -0.042199209332466125 0.0358087383210659 -0.023508047685027122 -0.005478379782289267 0.021129434928297997 0.06181427836418152 0.019982459023594856 -0.06958175450563431 -0.039163269102573395 0.03692289814352989 0.0012445852626115084 0.028274163603782654 -0.1069207638502121 -0.03867426514625549 0.08440470695495605 0.04506305605173111 -0.048691559582948685 -0.03531361371278763 -0.08090575039386749 0.09900356829166412 0.022469889372587204 0.012317401356995106 -0.058227941393852234 0.04190421104431152 -0.04521907866001129 -0.06954436004161835 0.01628972589969635 0.0037535447627305984 -0.10097472369670868 0.0755353793501854 0.005926503799855709 -0.018291231244802475 0.029237937182188034 -0.05236537754535675 0.07089286297559738 -0.020377781242132187 -0.04486279562115669 0.0031936836894601583 -0.05025603622198105 0.017374873161315918 0.05500338599085808 0.028325574472546577 -0.07653570920228958 -0.00729632843285799 0.012699862010776997 0.017981523647904396 0.07940752804279327 0.01748146116733551 0.019465243443846703 -0.004685905762016773 0.04329492896795273 -0.025969142094254494 0.07063359022140503 -0.07463567703962326 -0.02786475419998169 0.05785811319947243 0.0013642171397805214 -0.08176519721746445 0.01296206284314394 -0.07119452953338623 -0.02138541080057621 0.03913980349898338 -0.020665818825364113 0.05268671363592148 -0.08650701493024826 -0.06773349642753601 -0.12383653968572617 0.04109873250126839 0.08776267617940903 -0.06941009312868118 -0.05976051837205887 0.03407838195562363 -0.057489294558763504 -0.04995426535606384 -0.01952235959470272 -0.031847063452005386 0.0485023595392704 -0.037226878106594086 -0.08435830473899841 -0.03169318661093712 -0.037961333990097046 -0.00010441490303492174 -0.09462546557188034 0.08928482234477997 0.02492795309576794 0.06311558439862129 0.12058843350360543 0.237510226101388 0.3127048808471258 0.40510474178207184 0.6754844360255687 0.8235037015160738 0.934121117040133 -1.0362577 -0.9213891 -0.72040695 -0.54775995 -0.38972023 -0.5676352 -0.7248915 -0.69778544 -0.99883956 -1.0955651 -0.89703166 -0.5755571 -0.31088746 -0.08704856 -0.35850093 -0.56899 -0.60014963 -1.0348692
0 400 -0.03517575189471245 -0.001786593347787857 -0.028167126700282097 0.025132089853286743 0.020656434819102287 0.043857794255018234 0.00012071926903445274 -0.039953526109457016 -0.00012914395483676344 0.0013732346706092358 0.03826652094721794 -0.03375936672091484 0.028646990656852722 -0.018806438893079758 -0.004382703918963671 0.016903547570109367 0.049451421946287155 0.015985967591404915 -0.055665403604507446 -0.031330615282058716 0.029538318514823914 0.000995668233372271 0.022619331255555153 -0.08553661406040192 -0.030939413234591484 0.0675237700343132 0.03605044633150101 -0.03895324841141701 -0.028250891715288162 -0.06472460180521011 0.07920285314321518 0.017975911498069763 0.00985392089933157 -0.04658235237002373 0.03352336958050728 -0.036175262182950974 -0.0556354895234108 0.01303178071975708 0.0030028359033167362 -0.0807797834277153 0.060428302735090256 0.004741203039884567 -0.01463298499584198 0.023390350863337517 -0.04189230129122734 0.056714292615652084 -0.01630222611129284 -0.035890236496925354 0.002554947044700384 -0.04020483046770096 0.01389989908784628 0.0440027080476284 0.02266046032309532 -0.061228569597005844 -0.00583706283941865 0.010159890167415142 0.014385218732059002 0.06352602690458298 0.013985169120132923 0.015572194941341877 -0.003748724702745676 0.03463594242930412 -0.020775314420461655 0.05650687217712402 -0.05970854312181473 -0.02229180373251438 0.04628648981451988 0.0010913737351074815 -0.06541215628385544 0.010369650088250637 -0.056955624371767044 -0.017108328640460968 0.031311843544244766 -0.01653265580534935 0.0421493723988533 -0.06920561194419861 -0.05418679863214493 -0.09906923025846481 0.03287898749113083 0.07021014392375946 -0.055528074502944946 -0.047808416187763214 0.02726270630955696 -0.0459914356470108 -0.039963413029909134 -0.015617887489497662 -0.02547765150666237 0.0388018898665905 -0.029781503602862358 -0.06748664379119873 -0.025354549288749695 -0.030369067564606667 -8.353192242793739e-05 -0.07570037245750427 0.0714278593659401 0.04766118061164612 0.1406486241711923 0.2982859897317121 0.5359934435654603 0.7345391771695361 0.7670289948497205 0.8916227844580755 0.9287135774141227 0.9844037789599266 -0.94303215 -0.84548444 -0.71169823 -0.51663023 -0.2867864 -0.54601103 -0.75298023 -0.8536271 -1.0181977 -0.95532453 -0.78494966 -0.5434776 -0.25302064 0.018117964 -0.3387694 -0.668584 -0.8192016 -1.1459235
1 400 -0.03517575189471245 -0.001786593347787857 -0.028167126700282097 0.025132089853286743 0.020656434819102287 0.043857794255018234 0.00012071926903445274 -0.039953526109457016 -0.00012914395483676344 0.0013732346706092358 0.03826652094721794 -0.03375936672091484 0.028646990656852722 -0.018806438893079758 -0.004382703918963671 0.016903547570109367 0.049451421946287155 0.015985967591404915 -0.055665403604507446 -0.031330615282058716 0.029538318514823914 0.000995668233372271 0.022619331255555153 -0.08553661406040192 -0.030939413234591484 0.0675237700343132 0.03605044633150101 -0.03895324841141701 -0.028250891715288162 -0.06472460180521011 0.07920285314321518 0.017975911498069763 0.00985392089933157 -0.04658235237002373 0.03352336958050728 -0.036175262182950974 -0.0556354895234108 0.01303178071975708 0.0030028359033167362 -0.0807797834277153 0.060428302735090256 0.004741203039884567 -0.01463298499584198 0.023390350863337517 -0.04189230129122734 0.056714292615652084 -0.01630222611129284 -0.035890236496925354 0.002554947044700384 -0.04020483046770096 0.01389989908784628 0.0440027080476284 0.02266046032309532 -0.061228569597005844 -0.00583706283941865 0.010159890167415142 0.014385218732059002 0.06352602690458298 0.013985169120132923 0.015572194941341877 -0.003748724702745676 0.03463594242930412 -0.020775314420461655 0.05650687217712402 -0.05970854312181473 -0.02229180373251438 0.04628648981451988 0.0010913737351074815 -0.06541215628385544 0.010369650088250637 -0.056955624371767044 -0.017108328640460968 0.031311843544244766 -0.01653265580534935 0.0421493723988533 -0.06920561194419861 -0.05418679863214493 -0.09906923025846481 0.03287898749113083 0.07021014392375946 -0.055528074502944946 -0.047808416187763214 0.02726270630955696 -0.0459914356470108 -0.039963413029909134 -0.015617887489497662 -0.02547765150666237 0.0388018898665905 -0.029781503602862358 -0.06748664379119873 -0.025354549288749695 -0.030369067564606667 -8.353192242793739e-05 -0.07570037245750427 0.0714278593659401 0.042962629114136695 0.09660836618486064 0.1546412270175881 0.39654130242274943 0.49998340065752467 0.5974823088467626 0.8267175082108014 0.8850188356850647 0.9693402323764244 -0.9842271 -0.9138402 -0.83632016 -0.6962518 -0.5211352 -0.66578406 -0.80503654 -0.918772 -1.0213957 -1.0041456 -0.8874202 -0.7476392 -0.45977482 -0.12825665 -0.47148418 -0.711398 -0.85391426 -1.0691693
2 400 -0.03517575189471245 -0.001786593347787857 -0.028167126700282097 0.025132089853286743 0.020656434819102287 0.043857794255018234 0.00012071926903445274 -0.039953526109457016 -0.00012914395483676344 0.0013732346706092358 0.03826652094721794 -0.03375936672091484 0.028646990656852722 -0.018806438893079758 -0.004382703918963671 0.016903547570109367 0.049451421946287155 0.015985967591404915 -0.055665403604507446 -0.031330615282058716 0.029538318514823914 0.000995668233372271 0.022619331255555153 -0.08553661406040192 -0.030939413234591484 0.0675237700343132 0.03605044633150101 -0.03895324841141701 -0.028250891715288162 -0.06472460180521011 0.07920285314321518 0.017975911498069763 0.00985392089933157 -0.04658235237002373 0.03352336958050728 -0.036175262182950974 -0.0556354895234108 0.01303178071975708 0.0030028359033167362 -0.0807797834277153 0.060428302735090256 0.004741203039884567 -0.01463298499584198 0.023390350863337517 -0.04189230129122734 0.056714292615652084 -0.01630222611129284 -0.035890236496925354 0.002554947044700384 -0.04020483046770096 0.01389989908784628 0.0440027080476284 0.02266046032309532 -0.061228569597005844 -0.00583706283941865 0.010159890167415142 0.014385218732059002 0.06352602690458298 0.013985169120132923 0.015572194941341877 -0.003748724702745676 0.03463594242930412 -0.020775314420461655 0.05650687217712402 -0.05970854312181473 -0.02229180373251438 0.04628648981451988 0.0010913737351074815 -0.06541215628385544 0.010369650088250637 -0.056955624371767044 -0.017108328640460968 0.031311843544244766 -0.01653265580534935 0.0421493723988533 -0.06920561194419861 -0.05418679863214493 -0.09906923025846481 0.03287898749113083 0.07021014392375946 -0.055528074502944946 -0.047808416187763214 0.02726270630955696 -0.0459914356470108 -0.039963413029909134 -0.015617887489497662 -0.02547765150666237 0.0388018898665905 -0.029781503602862358 -0.06748664379119873 -0.025354549288749695 -0.030369067564606667 -8.353192242793739e-05 -0.07570037245750427 0.0714278593659401 0.024432318877252633 0.06097276404192273 0.11542672291068694 0.22290012109284782 0.31676186203807966 0.4120671717087366 0.6662250373334568 0.8180058133637986 0.9323326099471251 -1.0412116 -0.92749095 -0.72483015 -0.5720589 -0.37472802 -0.5565842 -0.7365607 -0.7166755 -1.003086 -1.1057625 -0.9078723 -0.5849962 -0.34588033 -0.06743726 -0.34515387 -0.5846018 -0.61531866 -1.0365746
0 400 -0.02638181485235691 -0.0013399450108408928 -0.021125344559550285 0.018849067389965057 0.015492326579988003 0.0328933447599411 9.053945541381836e-05 -0.029965145513415337 -9.685796976555139e-05 0.0010299260029569268 0.02869988977909088 -0.025319525972008705 0.02148524299263954 -0.014104829169809818 -0.003287028055638075 0.012677661143243313 0.03708856925368309 0.011989476159214973 -0.041749052703380585 -0.023497963324189186 0.022153738886117935 0.0007467512041330338 0.016964498907327652 -0.06415246427059174 -0.023204559460282326 0.05064282566308975 0.027037834748625755 -0.02921493723988533 -0.021188169717788696 -0.048543453216552734 0.059402141720056534 0.013481934554874897 0.007390440907329321 -0.03493676707148552 0.025142528116703033 -0.027131447568535805 -0.04172661900520325 0.00977383553981781 0.002252127043902874 -0.06058483570814133 0.045321229845285416 0.003555902512744069 -0.010974738746881485 0.01754276268184185 -0.03141922876238823 0.04253571853041649 -0.012226669117808342 -0.026917679235339165 0.001916210283525288 -0.03015362285077572 0.010424924083054066 0.033002033829689026 0.016995346173644066 -0.04592142626643181 -0.004377797245979309 0.007619917392730713 0.010788914747536182 0.047644518315792084 0.010488877072930336 0.011679146438837051 -0.002811543643474579 0.025976957753300667 -0.015581485815346241 0.04238015413284302 -0.044781409204006195 -0.016718853265047073 0.034714870154857635 0.0008185303304344416 -0.04905911907553673 0.0077772377990186214 -0.04271671921014786 -0.0128312474116683 0.02348388358950615 -0.012399491854012012 0.031612031161785126 -0.051904212683439255 -0.040640100836753845 -0.07430192828178406 0.02465924061834812 0.052657607942819595 -0.04164605587720871 -0.03585631400346756 0.020447030663490295 -0.0344935767352581 -0.029972560703754425 -0.011713416315615177 -0.01910823956131935 0.0291014164686203 -0.02233612723648548 -0.050614986568689346 -0.01901591196656227 -0.022776801139116287 -6.264894182095304e-05 -0.0567752830684185 0.05357089638710022 0.042873687121718754 0.138552693742847 0.2868412856834719 0.5355628703833875 0.72504261358572 0.7693288049123604 0.8918087448623285 0.93261914148905 0.984208673912535 -0.9791844 -0.83043903 -0.72784454 -0.5200897 -0.29679313 -0.54779375 -0.7516144 -0.86040616 -1.0146912 -1.0074279 -0.7727804 -0.5686291 -0.25848553 0.0014552474 -0.34199753 -0.6667923 -0.83346856 -1.1401545
1 400 -0.02638181485235691 -0.0013399450108408928 -0.021125344559550285 0.018849067389965057 0.015492326579988003 0.0328933447599411 9.053945541381836e-05 -0.029965145513415337 -9.685796976555139e-05 0.0010299260029569268 0.02869988977909088 -0.025319525972008705 0.02148524299263954 -0.014104829169809818 -0.003287028055638075 0.012677661143243313 0.03708856925368309 0.011989476159214973 -0.041749052703380585 -0.023497963324189186 0.022153738886117935 0.0007467512041330338 0.016964498907327652 -0.06415246427059174 -0.023204559460282326 0.05064282566308975 0.027037834748625755 -0.02921493723988533 -0.021188169717788696 -0.048543453216552734 0.059402141720056534 0.013481934554874897 0.007390440907329321 -0.03493676707148552 0.025142528116703033 -0.027131447568535805 -0.04172661900520325 0.00977383553981781 0.002252127043902874 -0.06058483570814133 0.045321229845285416 0.003555902512744069 -0.010974738746881485 0.01754276268184185 -0.03141922876238823 0.04253571853041649 -0.012226669117808342 -0.026917679235339165 0.001916210283525288 -0.03015362285077572 0.010424924083054066 0.033002033829689026 0.016995346173644066 -0.04592142626643181 -0.004377797245979309 0.007619917392730713 0.010788914747536182 0.047644518315792084 0.010488877072930336 0.011679146438837051 -0.002811543643474579 0.025976957753300667 -0.015581485815346241 0.04238015413284302 -0.044781409204006195 -0.016718853265047073 0.034714870154857635 0.0008185303304344416 -0.04905911907553673 0.0077772377990186214 -0.04271671921014786 -0.0128312474116683 0.02348388358950615 -0.012399491854012012 0.031612031161785126 -0.051904212683439255 -0.040640100836753845 -0.07430192828178406 0.02465924061834812 0.052657607942819595 -0.04164605587720871 -0.03585631400346756 0.020447030663490295 -0.0344935767352581 -0.029972560703754425 -0.011713416315615177 -0.01910823956131935 0.0291014164686203 -0.02233612723648548 -0.050614986568689346 -0.01901591196656227 -0.022776801139116287 -6.264894182095304e-05 -0.0567752830684185 0.05357089638710022 0.042129264831921844 0.08866952418062952 0.1494915126410969 0.38674800818234556 0.5017597853188418 0.6154904293516001 0.8231982392802896 0.887608761358635 0.9697219164972173 -0.98916584 -0.9203668 -0.83113617 -0.6928674 -0.54032934 -0.6626234 -0.79988116 -0.92738277 -1.0390183 -1.0143138 -0.8918505 -0.74718297 -0.45408273 -0.1494493 -0.4737464 -0.6922718 -0.86484504 -1.0938663
2 400 -0.02638181485235691 -0.0013399450108408928 -0.021125344559550285 0.018849067389965057 0.015492326579988003 0.0328933447599411 9.053945541381836e-05 -0.029965145513415337 -9.685796976555139e-05 0.0010299260029569268 0.02869988977909088 -0.025319525972008705 0.02148524299263954 -0.014104829169809818 -0.003287028055638075 0.012677661143243313 0.03708856925368309 0.011989476159214973 -0.041749052703380585 -0.023497963324189186 0.022153738886117935 0.0007467512041330338 0.016964498907327652 -0.06415246427059174 -0.023204559460282326 0.05064282566308975 0.027037834748625755 -0.02921493723988533 -0.021188169717788696 -0.048543453216552734 0.059402141720056534 0.013481934554874897 0.007390440907329321 -0.03493676707148552 0.025142528116703033 -0.027131447568535805 -0.04172661900520325 0.00977383553981781 0.002252127043902874 -0.06058483570814133 0.045321229845285416 0.003555902512744069 -0.010974738746881485 0.01754276268184185 -0.03141922876238823 0.04253571853041649 -0.012226669117808342 -0.026917679235339165 0.001916210283525288 -0.03015362285077572 0.010424924083054066 0.033002033829689026 0.016995346173644066 -0.04592142626643181 -0.004377797245979309 0.007619917392730713 0.010788914747536182 0.047644518315792084 0.010488877072930336 0.011679146438837051 -0.002811543643474579 0.025976957753300667 -0.015581485815346241 0.04238015413284302 -0.044781409204006195 -0.016718853265047073 0.034714870154857635 0.0008185303304344416 -0.04905911907553673 0.0077772377990186214 -0.04271671921014786 -0.0128312474116683 0.02348388358950615 -0.012399491854012012 0.031612031161785126 -0.051904212683439255 -0.040640100836753845 -0.07430192828178406 0.02465924061834812 0.052657607942819595 -0.04164605587720871 -0.03585631400346756 0.020447030663490295 -0.0344935767352581 -0.029972560703754425 -0.011713416315615177 -0.01910823956131935 0.0291014164686203 -0.02233612723648548 -0.050614986568689346 -0.01901591196656227 -0.022776801139116287 -6.264894182095304e-05 -0.0567752830684185 0.05357089638710022 0.024415659313331936 0.05889809951827262 0.11040297587367066 0.21721362053376508 0.3208161632510074 0.42064070951348315 0.6599073545584214 0.812457888823613 0.9320606816080287 -1.0162835 -0.93359286 -0.73005134 -0.5793092 -0.3595783 -0.54342234 -0.7365385 -0.7356398 -1.0035586 -1.081759 -0.9187131 -0.59547675 -0.3580918 -0.047623575 -0.32896885 -0.57313883 -0.6306177 -1.0365883
0 400 -0.017587875947356224 -0.0008932966738939285 -0.014083563350141048 0.012566044926643372 0.010328217409551144 0.021928897127509117 6.035963451722637e-05 -0.019976763054728508 -6.457197741838172e-05 0.0006866173353046179 0.01913326047360897 -0.01687968336045742 0.014323495328426361 -0.009403219446539879 -0.0021913519594818354 0.008451773785054684 0.024725710973143578 0.007992983795702457 -0.027832701802253723 -0.015665307641029358 0.014769159257411957 0.0004978341166861355 0.011309665627777576 -0.04276830703020096 -0.015469706617295742 0.0337618850171566 0.018025223165750504 -0.019476624205708504 -0.014125445857644081 -0.03236230090260506 0.03960142657160759 0.008987955749034882 0.004926960449665785 -0.023291176185011864 0.01676168479025364 -0.018087631091475487 -0.0278177447617054 0.00651589035987854 0.0015014179516583681 -0.04038989171385765 0.030214151367545128 0.0023706015199422836 -0.00731649249792099 0.011695175431668758 -0.02094615064561367 0.028357146307826042 -0.00815111305564642 -0.017945118248462677 0.001277473522350192 -0.02010241523385048 0.00694994954392314 0.0220013540238142 0.01133023016154766 -0.030614284798502922 -0.002918531419709325 0.005079945083707571 0.007192609366029501 0.03176301345229149 0.0069925845600664616 0.0077860974706709385 -0.001874362351372838 0.01731797121465206 -0.010387657210230827 0.02825343608856201 -0.029854271560907364 -0.01114590186625719 0.02314324490725994 0.0005456868675537407 -0.03270607814192772 0.0051848250441253185 -0.028477812185883522 -0.008554164320230484 0.015655921772122383 -0.008266327902674675 0.02107468619942665 -0.034602805972099304 -0.027093399316072464 -0.04953461512923241 0.016439493745565414 0.03510507196187973 -0.027764037251472473 -0.023904208093881607 0.01363135315477848 -0.0229957178235054 -0.019981706514954567 -0.007808943744748831 -0.012738825753331184 0.01940094493329525 -0.014890751801431179 -0.033743321895599365 -0.012677274644374847 -0.015184533782303333 -4.1765961213968694e-05 -0.037850186228752136 0.03571392968297005 0.040649179857083426 0.13648300522515655 0.27579377512679576 0.5351957066226147 0.71530421131478 0.7715845314768817 0.8920471309535326 0.9360137635824368 0.9839078260396226 -0.99654514 -0.81539357 -0.7373401 -0.5234739 -0.3067193 -0.5463834 -0.7502918 -0.8665649 -1.0123906 -1.0343565 -0.76061106 -0.5849953 -0.26384294 -0.01510793 -0.3408621 -0.66507775 -0.84686697 -1.1350217
1 400 -0.017587875947356224 -0.0008932966738939285 -0.014083563350141048 0.012566044926643372 0.010328217409551144 0.021928897127509117 6.035963451722637e-05 -0.019976763054728508 -6.457197741838172e-05 0.0006866173353046179 0.01913326047360897 -0.01687968336045742 0.014323495328426361 -0.009403219446539879 -0.0021913519594818354 0.008451773785054684 0.024725710973143578 0.007992983795702457 -0.027832701802253723 -0.015665307641029358 0.014769159257411957 0.0004978341166861355 0.011309665627777576 -0.04276830703020096 -0.015469706617295742 0.0337618850171566 0.018025223165750504 -0.019476624205708504 -0.014125445857644081 -0.03236230090260506 0.03960142657160759 0.008987955749034882 0.004926960449665785 -0.023291176185011864 0.01676168479025364 -0.018087631091475487 -0.0278177447617054 0.00651589035987854 0.0015014179516583681 -0.04038989171385765 0.030214151367545128 0.0023706015199422836 -0.00731649249792099 0.011695175431668758 -0.02094615064561367 0.028357146307826042 -0.00815111305564642 -0.017945118248462677 0.001277473522350192 -0.02010241523385048 0.00694994954392314 0.0220013540238142 0.01133023016154766 -0.030614284798502922 -0.002918531419709325 0.005079945083707571 0.007192609366029501 0.03176301345229149 0.0069925845600664616 0.0077860974706709385 -0.001874362351372838 0.01731797121465206 -0.010387657210230827 0.02825343608856201 -0.029854271560907364 -0.01114590186625719 0.02314324490725994 0.0005456868675537407 -0.03270607814192772 0.0051848250441253185 -0.028477812185883522 -0.008554164320230484 0.015655921772122383 -0.008266327902674675 0.02107468619942665 -0.034602805972099304 -0.027093399316072464 -0.04953461512923241 0.016439493745565414 0.03510507196187973 -0.027764037251472473 -0.023904208093881607 0.01363135315477848 -0.0229957178235054 -0.019981706514954567 -0.007808943744748831 -0.012738825753331184 0.01940094493329525 -0.014890751801431179 -0.033743321895599365 -0.012677274644374847 -0.015184533782303333 -4.1765961213968694e-05 -0.037850186228752136 0.03571392968297005 0.04130148910125414 0.08295253220259204 0.1450332846973381 0.3770229694977805 0.5029761612995032 0.6189416658033986 0.8183336571685595 0.8924710863431453 0.9695698508054374 -0.9941485 -0.9286503 -0.83199614 -0.6894515 -0.55995095 -0.66102725 -0.79493105 -0.93284 -1.0440522 -1.0245615 -0.9008825 -0.74789673 -0.448339 -0.17085469 -0.4742479 -0.672419 -0.87516177 -1.1000286
2 400 -0.017587875947356224 -0.0008932966738939285 -0.014083563350141048 0.012566044926643372 0.010328217409551144 0.021928897127509117 6.035963451722637e-05 -0.019976763054728508 -6.457197741838172e-05 0.0006866173353046179 0.01913326047360897 -0.01687968336045742 0.014323495328426361 -0.009403219446539879 -0.0021913519594818354 0.008451773785054684 0.024725710973143578 0.007992983795702457 -0.027832701802253723 -0.015665307641029358 0.014769159257411957 0.0004978341166861355 0.011309665627777576 -0.04276830703020096 -0.015469706617295742 0.0337618850171566 0.018025223165750504 -0.019476624205708504 -0.014125445857644081 -0.03236230090260506 0.03960142657160759 0.008987955749034882 0.004926960449665785 -0.023291176185011864 0.01676168479025364 -0.018087631091475487 -0.0278177447617054 0.00651589035987854 0.0015014179516583681 -0.04038989171385765 0.030214151367545128 0.0023706015199422836 -0.00731649249792099 0.011695175431668758 -0.02094615064561367 0.028357146307826042 -0.00815111305564642 -0.017945118248462677 0.001277473522350192 -0.02010241523385048 0.00694994954392314 0.0220013540238142 0.01133023016154766 -0.030614284798502922 -0.002918531419709325 0.005079945083707571 0.007192609366029501 0.03176301345229149 0.0069925845600664616 0.0077860974706709385 -0.001874362351372838 0.01731797121465206 -0.010387657210230827 0.02825343608856201 -0.029854271560907364 -0.01114590186625719 0.02314324490725994 0.0005456868675537407 -0.03270607814192772 0.0051848250441253185 -0.028477812185883522 -0.008554164320230484 0.015655921772122383 -0.008266327902674675 0.02107468619942665 -0.034602805972099304 -0.027093399316072464 -0.04953461512923241 0.016439493745565414 0.03510507196187973 -0.027764037251472473 -0.023904208093881607 0.01363135315477848 -0.0229957178235054 -0.019981706514954567 -0.007808943744748831 -0.012738825753331184 0.01940094493329525 -0.014890751801431179 -0.033743321895599365 -0.012677274644374847 -0.015184533782303333 -4.1765961213968694e-05 -0.037850186228752136 0.03571392968297005 0.02452688644282864 0.0579914115883938 0.10551690125410602 0.21162119806353896 0.3220283521036509 0.4150591423831208 0.6625155038755098 0.8066282090051738 0.9317670865525615 -0.9828524 -0.9090116 -0.7353164 -0.58651966 -0.36045778 -0.55373824 -0.7375492 -0.7546054 -1.0038028 -1.0480436 -0.8944478 -0.60602236 -0.3702484 -0.04943341 -0.3422376 -0.57502276 -0.6458509 -1.0362765
0 400 -0.008793937973678112 -0.00044664833694696426 -0.007041781675070524 0.006283022463321686 0.005164108704775572 0.010964448563754559 3.0179817258613184e-05 -0.009988381527364254 -3.228598870919086e-05 0.00034330866765230894 0.009566630236804485 -0.00843984168022871 0.0071617476642131805 -0.004701609723269939 -0.0010956759797409177 0.004225886892527342 0.012362855486571789 0.003996491897851229 -0.013916350901126862 -0.007832653820514679 0.007384579628705978 0.00024891705834306777 0.005654832813888788 -0.02138415351510048 -0.007734853308647871 0.0168809425085783 0.009012611582875252 -0.009738312102854252 -0.0070627229288220406 -0.01618115045130253 0.019800713285803795 0.004493977874517441 0.0024634802248328924 -0.011645588092505932 0.00838084239512682 -0.009043815545737743 -0.0139088723808527 0.00325794517993927 0.0007507089758291841 -0.020194945856928825 0.015107075683772564 0.0011853007599711418 -0.003658246248960495 0.005847587715834379 -0.010473075322806835 0.014178573153913021 -0.00407555652782321 -0.008972559124231339 0.000638736761175096 -0.01005120761692524 0.00347497477196157 0.0110006770119071 0.00566511508077383 -0.015307142399251461 -0.0014592657098546624 0.0025399725418537855 0.0035963046830147505 0.015881506726145744 0.0034962922800332308 0.0038930487353354692 -0.000937181175686419 0.00865898560732603 -0.005193828605115414 0.014126718044281006 -0.014927135780453682 -0.005572950933128595 0.01157162245362997 0.00027284343377687037 -0.01635303907096386 0.0025924125220626593 -0.014238906092941761 -0.004277082160115242 0.007827960886061192 -0.0041331639513373375 0.010537343099713326 -0.017301402986049652 -0.013546699658036232 -0.024767307564616203 0.008219746872782707 0.017552535980939865 -0.013882018625736237 -0.011952104046940804 0.00681567657738924 -0.0114978589117527 -0.009990853257477283 -0.0039044718723744154 -0.006369412876665592 0.009700472466647625 -0.0074453759007155895 -0.016871660947799683 -0.006338637322187424 -0.007592266891151667 -2.0882980606984347e-05 -0.018925093114376068 0.017856964841485023 0.039569066922989726 0.13451592721195313 0.2650021810234282 0.5347763001874258 0.7052512799986196 0.7738241139390948 0.8922342945342917 0.9383901809641498 0.9835802811767406 -1.0041509 -0.8000711 -0.74596137 -0.52696353 -0.31669763 -0.5448464 -0.74893475 -0.86971116 -1.0102115 -1.0483085 -0.7480869 -0.6002477 -0.26936 -0.03177142 -0.33955407 -0.66330165 -0.85577834 -1.1298676
1 400 -0.008793937973678112 -0.00044664833694696426 -0.007041781675070524 0.006283022463321686 0.005164108704775572 0.010964448563754559 3.0179817258613184e-05 -0.009988381527364254 -3.228598870919086e-05 0.00034330866765230894 0.009566630236804485 -0.00843984168022871 0.0071617476642131805 -0.004701609723269939 -0.0010956759797409177 0.004225886892527342 0.012362855486571789 0.003996491897851229 -0.013916350901126862 -0.007832653820514679 0.007384579628705978 0.00024891705834306777 0.005654832813888788 -0.02138415351510048 -0.007734853308647871 0.0168809425085783 0.009012611582875252 -0.009738312102854252 -0.0070627229288220406 -0.01618115045130253 0.019800713285803795 0.004493977874517441 0.0024634802248328924 -0.011645588092505932 0.00838084239512682 -0.009043815545737743 -0.0139088723808527 0.00325794517993927 0.0007507089758291841 -0.020194945856928825 0.015107075683772564 0.0011853007599711418 -0.003658246248960495 0.005847587715834379 -0.010473075322806835 0.014178573153913021 -0.00407555652782321 -0.008972559124231339 0.000638736761175096 -0.01005120761692524 0.00347497477196157 0.0110006770119071 0.00566511508077383 -0.015307142399251461 -0.0014592657098546624 0.0025399725418537855 0.0035963046830147505 0.015881506726145744 0.0034962922800332308 0.0038930487353354692 -0.000937181175686419 0.00865898560732603 -0.005193828605115414 0.014126718044281006 -0.014927135780453682 -0.005572950933128595 0.01157162245362997 0.00027284343377687037 -0.01635303907096386 0.0025924125220626593 -0.014238906092941761 -0.004277082160115242 0.007827960886061192 -0.0041331639513373375 0.010537343099713326 -0.017301402986049652 -0.013546699658036232 -0.024767307564616203 0.008219746872782707 0.017552535980939865 -0.013882018625736237 -0.011952104046940804 0.00681567657738924 -0.0114978589117527 -0.009990853257477283 -0.0039044718723744154 -0.006369412876665592 0.009700472466647625 -0.0074453759007155895 -0.016871660947799683 -0.006338637322187424 -0.007592266891151667 -2.0882980606984347e-05 -0.018925093114376068 0.017856964841485023 0.04049400886578806 0.07867608070102698 0.14067203086645208 0.35904792766932764 0.5028998877909517 0.6222657212889284 0.8165072404527627 0.8971796711046217 0.9691092602253389 -0.9990629 -0.93650955 -0.83287156 -0.6924896 -0.5805784 -0.65943813 -0.79477745 -0.93829054 -1.0416439 -1.034687 -0.91263247 -0.7486373 -0.45781082 -0.19279344 -0.4736581 -0.6704226 -0.8855113 -1.0952014
2 400 -0.008793937973678112 -0.00044664833694696426 -0.007041781675070524 0.006283022463321686 0.005164108704775572 0.010964448563754559 3.0179817258613184e-05 -0.009988381527364254 -3.228598870919086e-05 0.00034330866765230894 0.009566630236804485 -0.00843984168022871 0.0071617476642131805 -0.004701609723269939 -0.0010956759797409177 0.004225886892527342 0.012362855486571789 0.003996491897851229 -0.013916350901126862 -0.007832653820514679 0.007384579628705978 0.00024891705834306777 0.005654832813888788 -0.02138415351510048 -0.007734853308647871 0.0168809425085783 0.009012611582875252 -0.009738312102854252 -0.0070627229288220406 -0.01618115045130253 0.019800713285803795 0.004493977874517441 0.0024634802248328924 -0.011645588092505932 0.00838084239512682 -0.009043815545737743 -0.0139088723808527 0.00325794517993927 0.0007507089758291841 -0.020194945856928825 0.015107075683772564 0.0011853007599711418 -0.003658246248960495 0.005847587715834379 -0.010473075322806835 0.014178573153913021 -0.00407555652782321 -0.008972559124231339 0.000638736761175096 -0.01005120761692524 0.00347497477196157 0.0110006770119071 0.00566511508077383 -0.015307142399251461 -0.0014592657098546624 0.0025399725418537855 0.0035963046830147505 0.015881506726145744 0.0034962922800332308 0.0038930487353354692 -0.000937181175686419 0.00865898560732603 -0.005193828605115414 0.014126718044281006 -0.014927135780453682 -0.005572950933128595 0.01157162245362997 0.00027284343377687037 -0.01635303907096386 0.0025924125220626593 -0.014238906092941761 -0.004277082160115242 0.007827960886061192 -0.0041331639513373375 0.010537343099713326 -0.017301402986049652 -0.013546699658036232 -0.024767307564616203 0.008219746872782707 0.017552535980939865 -0.013882018625736237 -0.011952104046940804 0.00681567657738924 -0.0114978589117527 -0.009990853257477283 -0.0039044718723744154 -0.006369412876665592 0.009700472466647625 -0.0074453759007155895 -0.016871660947799683 -0.006338637322187424 -0.007592266891151667 -2.0882980606984347e-05 -0.018925093114376068 0.017856964841485023 0.024962764492090152 0.05825822909375656 0.10085440622460788 0.2061476297345764 0.31748486644045176 0.40989653452419483 0.665348281169383 0.8050487813717172 0.9314353502798541 -0.9505404 -0.85218126 -0.74033964 -0.59378374 -0.3791278 -0.56496763 -0.7387272 -0.7744098 -1.0041094 -1.0162097 -0.8332794 -0.61623645 -0.38247728 -0.07385951 -0.35585308 -0.57764155 -0.66461134 -1.0360434
0 400 0.0 0.0 0.0 -0.0 -0.0 -0.0 -0.0 0.0 0.0 -0.0 -0.0 0.0 -0.0 0.0 0.0 -0.0 -0.0 -0.0 0.0 0.0 -0.0 -0.0 -0.0 0.0 0.0 -0.0 -0.0 0.0 0.0 0.0 -0.0 -0.0 -0.0 0.0 -0.0 0.0 0.0 -0.0 -0.0 0.0 -0.0 -0.0 0.0 -0.0 0.0 -0.0 0.0 0.0 -0.0 0.0 -0.0 -0.0 -0.0 0.0 0.0 -0.0 -0.0 -0.0 -0.0 -0.0 0.0 -0.0 0.0 -0.0 0.0 0.0 -0.0 -0.0 0.0 -0.0 0.0 0.0 -0.0 0.0 -0.0 0.0 0.0 0.0 -0.0 -0.0 0.0 0.0 -0.0 0.0 0.0 0.0 0.0 -0.0 0.0 0.0 0.0 0.0 0.0 0.0 -0.0 0.038994506282401954 0.13248640833457892 0.25450927838742377 0.5343289765449893 0.6950911523227883 0.7760836999449342 0.8924368994475216 0.940080205145755 0.9832879807396104 -0.99200076 -0.78526616 -0.75450385 -0.5305152 -0.32667452 -0.54327554 -0.74757886 -0.86937666 -1.0082781 -1.0396585 -0.7362038 -0.6153517 -0.27495787 -0.04840088 -0.3382117 -0.66152644 -0.8589431 -1.1251633
1 400 0.0 0.0 0.0 -0.0 -0.0 -0.0 -0.0 0.0 0.0 -0.0 -0.0 0.0 -0.0 0.0 0.0 -0.0 -0.0 -0.0 0.0 0.0 -0.0 -0.0 -0.0 0.0 0.0 -0.0 -0.0 0.0 0.0 0.0 -0.0 -0.0 -0.0 0.0 -0.0 0.0 0.0 -0.0 -0.0 0.0 -0.0 -0.0 0.0 -0.0 0.0 -0.0 0.0 0.0 -0.0 0.0 -0.0 -0.0 -0.0 0.0 0.0 -0.0 -0.0 -0.0 -0.0 -0.0 0.0 -0.0 0.0 -0.0 0.0 0.0 -0.0 -0.0 0.0 -0.0 0.0 0.0 -0.0 0.0 -0.0 0.0 0.0 0.0 -0.0 -0.0 0.0 0.0 -0.0 0.0 0.0 0.0 0.0 -0.0 0.0 0.0 0.0 0.0 0.0 0.0 -0.0 0.0397648005730267 0.07485223554965792 0.14376472719004066 0.3408369590006676 0.5029649879478225 0.6255423509500575 0.8152523455241032 0.9016483993115406 0.9686015863295282 -1.0038264 -0.9442758 -0.83417654 -0.6962082 -0.58935636 -0.65800023 -0.79523796 -0.943795 -1.0391133 -1.0445608 -0.9250505 -0.7516109 -0.4681363 -0.19909655 -0.47301975 -0.6710408 -0.89586854 -1.0901796
2 400 0.0 0.0 0.0 -0.0 -0.0 -0.0 -0.0 0.0 0.0 -0.0 -0.0 0.0 -0.0 0.0 0.0 -0.0 -0.0 -0.0 0.0 0.0 -0.0 -0.0 -0.0 0.0 0.0 -0.0 -0.0 0.0 0.0 0.0 -0.0 -0.0 -0.0 0.0 -0.0 0.0 0.0 -0.0 -0.0 0.0 -0.0 -0.0 0.0 -0.0 0.0 -0.0 0.0 0.0 -0.0 0.0 -0.0 -0.0 -0.0 0.0 0.0 -0.0 -0.0 -0.0 -0.0 -0.0 0.0 -0.0 0.0 -0.0 0.0 0.0 -0.0 -0.0 0.0 -0.0 0.0 0.0 -0.0 0.0 -0.0 0.0 0.0 0.0 -0.0 -0.0 0.0 0.0 -0.0 0.0 0.0 0.0 0.0 -0.0 0.0 0.0 0.0 0.0 0.0 0.0 -0.0 0.025529300789863384 0.058521777285552065 0.09643480123409205 0.20469843039796368 0.31003226127157973 0.40928494252349207 0.6681687825105558 0.8148692860634607 0.9311310575620367 -0.91918576 -0.7956232 -0.7453711 -0.5649347 -0.40656775 -0.5700847 -0.73990494 -0.7875001 -1.0044929 -0.98557734 -0.7724389 -0.6264206 -0.35340142 -0.10929817 -0.36129415 -0.58027065 -0.6839278 -1.0358912
0 400 0.008793937973678112 0.00044664833694696426 0.007041781675070524 -0.006283022463321686 -0.005164108704775572 -0.010964448563754559 -3.0179817258613184e-05 0.009988381527364254 3.228598870919086e-05 -0.00034330866765230894 -0.009566630236804485 0.00843984168022871 -0.0071617476642131805 0.004701609723269939 0.0010956759797409177 -0.004225886892527342 -0.012362855486571789 -0.003996491897851229 0.013916350901126862 0.007832653820514679 -0.007384579628705978 -0.00024891705834306777 -0.005654832813888788 0.02138415351510048 0.007734853308647871 -0.0168809425085783 -0.009012611582875252 0.009738312102854252 0.0070627229288220406 0.01618115045130253 -0.019800713285803795 -0.004493977874517441 -0.0024634802248328924 0.011645588092505932 -0.00838084239512682 0.009043815545737743 0.0139088723808527 -0.00325794517993927 -0.0007507089758291841 0.020194945856928825 -0.015107075683772564 -0.0011853007599711418 0.003658246248960495 -0.005847587715834379 0.010473075322806835 -0.014178573153913021 0.00407555652782321 0.008972559124231339 -0.000638736761175096 0.01005120761692524 -0.00347497477196157 -0.0110006770119071 -0.00566511508077383 0.015307142399251461 0.0014592657098546624 -0.0025399725418537855 -0.0035963046830147505 -0.015881506726145744 -0.0034962922800332308 -0.0038930487353354692 0.000937181175686419 -0.00865898560732603 0.005193828605115414 -0.014126718044281006 0.014927135780453682 0.005572950933128595 -0.01157162245362997 -0.00027284343377687037 0.01635303907096386 -0.0025924125220626593 0.014238906092941761 0.004277082160115242 -0.007827960886061192 0.0041331639513373375 -0.010537343099713326 0.017301402986049652 0.013546699658036232 0.024767307564616203 -0.008219746872782707 -0.017552535980939865 0.013882018625736237 0.011952104046940804 -0.00681567657738924 0.0114978589117527 0.009990853257477283 0.0039044718723744154 0.006369412876665592 -0.009700472466647625 0.0074453759007155895 0.016871660947799683 0.006338637322187424 0.007592266891151667 2.0882980606984347e-05 0.018925093114376068 -0.017856964841485023 0.03927206222071479 0.13049940125215587 0.24582809726374008 0.5076629889790407 0.6846961684055822 0.7810443620921971 0.8926618000677602 0.94185112899719 0.9829478582373904 -0.9461535 -0.7702652 -0.7507943 -0.56193984 -0.33662674 -0.5406539 -0.7407493 -0.8686879 -1.0060973 -0.9924568 -0.72409403 -0.6164475 -0.31991848 -0.06501418 -0.3359099 -0.65275276 -0.86139596 -1.1200024
1 400 0.008793937973678112 0.00044664833694696426 0.007041781675070524 -0.006283022463321686 -0.005164108704775572 -0.010964448563754559 -3.0179817258613184e-05 0.009988381527364254 3.228598870919086e-05 -0.00034330866765230894 -0.009566630236804485 0.00843984168022871 -0.0071617476642131805 0.004701609723269939 0.0010956759797409177 -0.004225886892527342 -0.012362855486571789 -0.003996491897851229 0.013916350901126862 0.007832653820514679 -0.007384579628705978 -0.00024891705834306777 -0.005654832813888788 0.02138415351510048 0.007734853308647871 -0.0168809425085783 -0.009012611582875252 0.009738312102854252 0.0070627229288220406 0.01618115045130253 -0.019800713285803795 -0.004493977874517441 -0.0024634802248328924 0.011645588092505932 -0.00838084239512682 0.009043815545737743 0.0139088723808527 -0.00325794517993927 -0.0007507089758291841 0.020194945856928825 -0.015107075683772564 -0.0011853007599711418 0.003658246248960495 -0.005847587715834379 0.010473075322806835 -0.014178573153913021 0.00407555652782321 0.008972559124231339 -0.000638736761175096 0.01005120761692524 -0.00347497477196157 -0.0110006770119071 -0.00566511508077383 0.015307142399251461 0.0014592657098546624 -0.0025399725418537855 -0.0035963046830147505 -0.015881506726145744 -0.0034962922800332308 -0.0038930487353354692 0.000937181175686419 -0.00865898560732603 0.005193828605115414 -0.014126718044281006 0.014927135780453682 0.005572950933128595 -0.01157162245362997 -0.00027284343377687037 0.01635303907096386 -0.0025924125220626593 0.014238906092941761 0.004277082160115242 -0.007827960886061192 0.0041331639513373375 -0.010537343099713326 0.017301402986049652 0.013546699658036232 0.024767307564616203 -0.008219746872782707 -0.017552535980939865 0.013882018625736237 0.011952104046940804 -0.00681567657738924 0.0114978589117527 0.009990853257477283 0.0039044718723744154 0.006369412876665592 -0.009700472466647625 0.0074453759007155895 0.016871660947799683 0.006338637322187424 0.007592266891151667 2.0882980606984347e-05 0.018925093114376068 -0.017856964841485023 0.03818501445317305 0.07117220715319453 0.14830808789781982 0.3289674965395818 0.5031432779579957 0.628840470882516 0.8140734144099159 0.9059843173903495 0.9680860753156812 -1.0094833 -0.95212007 -0.8353986 -0.70360017 -0.5886461 -0.65654075 -0.79574865 -0.9491933 -1.036536 -1.0555874 -0.9376099 -0.75468147 -0.48365903 -0.19287987 -0.47236553 -0.6717441 -0.9061471 -1.0850694
2 400 0.008793937973678112 0.00044664833694696426 0.007041781675070524 -0.006283022463321686 -0.005164108704775572 -0.010964448563754559 -3.0179817258613184e-05 0.009988381527364254 3.228598870919086e-05 -0.00034330866765230894 -0.009566630236804485 0.00843984168022871 -0.0071617476642131805 0.004701609723269939 0.0010956759797409177 -0.004225886892527342 -0.012362855486571789 -0.003996491897851229 0.013916350901126862 0.007832653820514679 -0.007384579628705978 -0.00024891705834306777 -0.005654832813888788 0.02138415351510048 0.007734853308647871 -0.0168809425085783 -0.009012611582875252 0.009738312102854252 0.0070627229288220406 0.01618115045130253 -0.019800713285803795 -0.004493977874517441 -0.0024634802248328924 0.011645588092505932 -0.00838084239512682 0.009043815545737743 0.0139088723808527 -0.00325794517993927 -0.0007507089758291841 0.020194945856928825 -0.015107075683772564 -0.0011853007599711418 0.003658246248960495 -0.005847587715834379 0.010473075322806835 -0.014178573153913021 0.00407555652782321 0.008972559124231339 -0.000638736761175096 0.01005120761692524 -0.00347497477196157 -0.0110006770119071 -0.00566511508077383 0.015307142399251461 0.0014592657098546624 -0.0025399725418537855 -0.0035963046830147505 -0.015881506726145744 -0.0034962922800332308 -0.0038930487353354692 0.000937181175686419 -0.00865898560732603 0.005193828605115414 -0.014126718044281006 0.014927135780453682 0.005572950933128595 -0.01157162245362997 -0.00027284343377687037 0.01635303907096386 -0.0025924125220626593 0.014238906092941761 0.004277082160115242 -0.007827960886061192 0.0041331639513373375 -0.010537343099713326 0.017301402986049652 0.013546699658036232 0.024767307564616203 -0.008219746872782707 -0.017552535980939865 0.013882018625736237 0.011952104046940804 -0.00681567657738924 0.0114978589117527 0.009990853257477283 0.0039044718723744154 0.006369412876665592 -0.009700472466647625 0.0074453759007155895 0.016871660947799683 0.006338637322187424 0.007592266891151667 2.0882980606984347e-05 0.018925093114376068 -0.017856964841485023 0.02549524541449517 0.058285929768016026 0.09213144644936995 0.20604945653850607 0.3007366078838762 0.4025176740099385 0.6710020807315856 0.8242819922939445 0.9308002258008944 -0.88855994 -0.73944217 -0.7502393 -0.5094175 -0.43738914 -0.5784755 -0.7411066 -0.8006678 -1.0046647 -0.9559169 -0.71106374 -0.636428 -0.29382157 -0.15081163 -0.3716957 -0.58291745 -0.70333123 -1.0354772
0 400 0.017587875947356224 0.0008932966738939285 0.014083563350141048 -0.012566044926643372 -0.010328217409551144 -0.021928897127509117 -6.035963451722637e-05 0.019976763054728508 6.457197741838172e-05 -0.0006866173353046179 -0.01913326047360897 0.01687968336045742 -0.014323495328426361 0.009403219446539879 0.0021913519594818354 -0.008451773785054684 -0.024725710973143578 -0.007992983795702457 0.027832701802253723 0.015665307641029358 -0.014769159257411957 -0.0004978341166861355 -0.011309665627777576 0.04276830703020096 0.015469706617295742 -0.0337618850171566 -0.018025223165750504 0.019476624205708504 0.014125445857644081 0.03236230090260506 -0.03960142657160759 -0.008987955749034882 -0.004926960449665785 0.023291176185011864 -0.01676168479025364 0.018087631091475487 0.0278177447617054 -0.00651589035987854 -0.0015014179516583681 0.04038989171385765 -0.030214151367545128 -0.0023706015199422836 0.00731649249792099 -0.011695175431668758 0.02094615064561367 -0.028357146307826042 0.00815111305564642 0.017945118248462677 -0.001277473522350192 0.02010241523385048 -0.00694994954392314 -0.0220013540238142 -0.01133023016154766 0.030614284798502922 0.002918531419709325 -0.005079945083707571 -0.007192609366029501 -0.03176301345229149 -0.0069925845600664616 -0.0077860974706709385 0.001874362351372838 -0.01731797121465206 0.010387657210230827 -0.02825343608856201 0.029854271560907364 0.01114590186625719 -0.02314324490725994 -0.0005456868675537407 0.03270607814192772 -0.0051848250441253185 0.028477812185883522 0.008554164320230484 -0.015655921772122383 0.008266327902674675 -0.02107468619942665 0.034602805972099304 0.027093399316072464 0.04953461512923241 -0.016439493745565414 -0.03510507196187973 0.027764037251472473 0.023904208093881607 -0.01363135315477848 0.0229957178235054 0.019981706514954567 0.007808943744748831 0.012738825753331184 -0.01940094493329525 0.014890751801431179 0.033743321895599365 0.012677274644374847 0.015184533782303333 4.1765961213968694e-05 0.037850186228752136 -0.03571392968297005 0.03954141467833835 0.12852637449515533 0.2278277573172548 0.47895212778530616 0.6741129533895688 0.7914083883114585 0.8934473031573532 0.9440568513878945 0.9826009373894892 -0.900035 -0.7551753 -0.7741008 -0.59545076 -0.34657896 -0.53716016 -0.710417 -0.85267526 -1.0039165 -0.9449433 -0.7118652 -0.649503 -0.3678184 -0.08162749 -0.33286035 -0.61495024 -0.8462485 -1.1148415
1 400 0.017587875947356224 0.0008932966738939285 0.014083563350141048 -0.012566044926643372 -0.010328217409551144 -0.021928897127509117 -6.035963451722637e-05 0.019976763054728508 6.457197741838172e-05 -0.0006866173353046179 -0.01913326047360897 0.01687968336045742 -0.014323495328426361 0.009403219446539879 0.0021913519594818354 -0.008451773785054684 -0.024725710973143578 -0.007992983795702457 0.027832701802253723 0.015665307641029358 -0.014769159257411957 -0.0004978341166861355 -0.011309665627777576 0.04276830703020096 0.015469706617295742 -0.0337618850171566 -0.018025223165750504 0.019476624205708504 0.014125445857644081 0.03236230090260506 -0.03960142657160759 -0.008987955749034882 -0.004926960449665785 0.023291176185011864 -0.01676168479025364 0.018087631091475487 0.0278177447617054 -0.00651589035987854 -0.0015014179516583681 0.04038989171385765 -0.030214151367545128 -0.0023706015199422836 0.00731649249792099 -0.011695175431668758 0.02094615064561367 -0.028357146307826042 0.00815111305564642 0.017945118248462677 -0.001277473522350192 0.02010241523385048 -0.00694994954392314 -0.0220013540238142 -0.01133023016154766 0.030614284798502922 0.002918531419709325 -0.005079945083707571 -0.007192609366029501 -0.03176301345229149 -0.0069925845600664616 -0.0077860974706709385 0.001874362351372838 -0.01731797121465206 0.010387657210230827 -0.02825343608856201 0.029854271560907364 0.01114590186625719 -0.02314324490725994 -0.0005456868675537407 0.03270607814192772 -0.0051848250441253185 0.028477812185883522 0.008554164320230484 -0.015655921772122383 0.008266327902674675 -0.02107468619942665 0.034602805972099304 0.027093399316072464 0.04953461512923241 -0.016439493745565414 -0.03510507196187973 0.027764037251472473 0.023904208093881607 -0.01363135315477848 0.0229957178235054 0.019981706514954567 0.007808943744748831 0.012738825753331184 -0.01940094493329525 0.014890751801431179 0.033743321895599365 0.012677274644374847 0.015184533782303333 4.1765961213968694e-05 0.037850186228752136 -0.03571392968297005 0.035856041026322824 0.0676886208279542 0.14560981093203937 0.31736420062894694 0.503321528314929 0.6242998160428661 0.8128074263587458 0.9101547210555727 0.9675623833737154 -1.0158788 -0.9598848 -0.84056664 -0.71095765 -0.5879359 -0.66044396 -0.79620826 -0.9546965 -1.0339586 -1.0674764 -0.95002115 -0.76403403 -0.4991352 -0.1866637 -0.47925216 -0.672361 -0.9165429 -1.0799593
2 400 0.017587875947356224 0.0008932966738939285 0.014083563350141048 -0.012566044926643372 -0.010328217409551144 -0.021928897127509117 -6.035963451722637e-05 0.019976763054728508 6.457197741838172e-05 -0.0006866173353046179 -0.01913326047360897 0.01687968336045742 -0.014323495328426361 0.009403219446539879 0.0021913519594818354 -0.008451773785054684 -0.024725710973143578 -0.007992983795702457 0.027832701802253723 0.015665307641029358 -0.014769159257411957 -0.0004978341166861355 -0.011309665627777576 0.04276830703020096 0.015469706617295742 -0.0337618850171566 -0.018025223165750504 0.019476624205708504 0.014125445857644081 0.03236230090260506 -0.03960142657160759 -0.008987955749034882 -0.004926960449665785 0.023291176185011864 -0.01676168479025364 0.018087631091475487 0.0278177447617054 -0.00651589035987854 -0.0015014179516583681 0.04038989171385765 -0.030214151367545128 -0.0023706015199422836 0.00731649249792099 -0.011695175431668758 0.02094615064561367 -0.028357146307826042 0.00815111305564642 0.017945118248462677 -0.001277473522350192 0.02010241523385048 -0.00694994954392314 -0.0220013540238142 -0.01133023016154766 0.030614284798502922 0.002918531419709325 -0.005079945083707571 -0.007192609366029501 -0.03176301345229149 -0.0069925845600664616 -0.0077860974706709385 0.001874362351372838 -0.01731797121465206 0.010387657210230827 -0.02825343608856201 0.029854271560907364 0.01114590186625719 -0.02314324490725994 -0.0005456868675537407 0.03270607814192772 -0.0051848250441253185 0.028477812185883522 0.008554164320230484 -0.015655921772122383 0.008266327902674675 -0.02107468619942665 0.034602805972099304 0.027093399316072464 0.04953461512923241 -0.016439493745565414 -0.03510507196187973 0.027764037251472473 0.023904208093881607 -0.01363135315477848 0.0229957178235054 0.019981706514954567 0.007808943744748831 0.012738825753331184 -0.01940094493329525 0.014890751801431179 0.033743321895599365 0.012677274644374847 0.015184533782303333 4.1765961213968694e-05 0.037850186228752136 -0.03571392968297005 0.024932023846649946 0.05803809480584247 0.08351334989780411 0.20743530962718407 0.2929305218324975 0.39236960970566365 0.6748219982301285 0.8332948280285539 0.9305186749114892 -0.85836565 -0.6836159 -0.77017415 -0.45392984 -0.45609057 -0.5889361 -0.7356176 -0.81368387 -1.0051084 -0.92675483 -0.6500224 -0.6672071 -0.23426814 -0.17560197 -0.3851875 -0.5779109 -0.7225591 -1.0354486
0 400 0.02638181485235691 0.0013399450108408928 0.021125344559550285 -0.018849067389965057 -0.015492326579988003 -0.0328933447599411 -9.053945541381836e-05 0.029965145513415337 9.685796976555139e-05 -0.0010299260029569268 -0.02869988977909088 0.025319525972008705 -0.02148524299263954 0.014104829169809818 0.003287028055638075 -0.012677661143243313 -0.03708856925368309 -0.011989476159214973 0.041749052703380585 0.023497963324189186 -0.022153738886117935 -0.0007467512041330338 -0.016964498907327652 0.06415246427059174 0.023204559460282326 -0.05064282566308975 -0.027037834748625755 0.02921493723988533 0.021188169717788696 0.048543453216552734 -0.059402141720056534 -0.013481934554874897 -0.007390440907329321 0.03493676707148552 -0.025142528116703033 0.027131447568535805 0.04172661900520325 -0.00977383553981781 -0.002252127043902874 0.06058483570814133 -0.045321229845285416 -0.003555902512744069 0.010974738746881485 -0.01754276268184185 0.03141922876238823 -0.04253571853041649 0.012226669117808342 0.026917679235339165 -0.001916210283525288 0.03015362285077572 -0.010424924083054066 -0.033002033829689026 -0.016995346173644066 0.04592142626643181 0.004377797245979309 -0.007619917392730713 -0.010788914747536182 -0.047644518315792084 -0.010488877072930336 -0.011679146438837051 0.002811543643474579 -0.025976957753300667 0.015581485815346241 -0.04238015413284302 0.044781409204006195 0.016718853265047073 -0.034714870154857635 -0.0008185303304344416 0.04905911907553673 -0.0077772377990186214 0.04271671921014786 0.0128312474116683 -0.02348388358950615 0.012399491854012012 -0.031612031161785126 0.051904212683439255 0.040640100836753845 0.07430192828178406 -0.02465924061834812 -0.052657607942819595 0.04164605587720871 0.03585631400346756 -0.020447030663490295 0.0344935767352581 0.029972560703754425 0.011713416315615177 0.01910823956131935 -0.0291014164686203 0.02233612723648548 0.050614986568689346 0.01901591196656227 0.022776801139116287 6.264894182095304e-05 0.0567752830684185 -0.05357089638710022 0.039711495404177295 0.12659009356122647 0.20582441868385168 0.450480149753924 0.6604730417326823 0.8035641733727373 0.892130835468282 0.9463011704654095 0.982291709433084 -0.8559588 -0.74017435 -0.7876822 -0.6288888 -0.35697365 -0.53558815 -0.6834862 -0.8337455 -1.001985 -0.90023553 -0.69975543 -0.6724845 -0.4156226 -0.09877327 -0.33129847 -0.57762563 -0.8278043 -1.1101439
1 400 0.02638181485235691 0.0013399450108408928 0.021125344559550285 -0.018849067389965057 -0.015492326579988003 -0.0328933447599411 -9.053945541381836e-05 0.029965145513415337 9.685796976555139e-05 -0.0010299260029569268 -0.02869988977909088 0.025319525972008705 -0.02148524299263954 0.014104829169809818 0.003287028055638075 -0.012677661143243313 -0.03708856925368309 -0.011989476159214973 0.041749052703380585 0.023497963324189186 -0.022153738886117935 -0.0007467512041330338 -0.016964498907327652 0.06415246427059174 0.023204559460282326 -0.05064282566308975 -0.027037834748625755 0.02921493723988533 0.021188169717788696 0.048543453216552734 -0.059402141720056534 -0.013481934554874897 -0.007390440907329321 0.03493676707148552 -0.025142528116703033 0.027131447568535805 0.04172661900520325 -0.00977383553981781 -0.002252127043902874 0.06058483570814133 -0.045321229845285416 -0.003555902512744069 0.010974738746881485 -0.01754276268184185 0.03141922876238823 -0.04253571853041649 0.012226669117808342 0.026917679235339165 -0.001916210283525288 0.03015362285077572 -0.010424924083054066 -0.033002033829689026 -0.016995346173644066 0.04592142626643181 0.004377797245979309 -0.007619917392730713 -0.010788914747536182 -0.047644518315792084 -0.010488877072930336 -0.011679146438837051 0.002811543643474579 -0.025976957753300667 0.015581485815346241 -0.04238015413284302 0.044781409204006195 0.016718853265047073 -0.034714870154857635 -0.0008185303304344416 0.04905911907553673 -0.0077772377990186214 0.04271671921014786 0.0128312474116683 -0.02348388358950615 0.012399491854012012 -0.031612031161785126 0.051904212683439255 0.040640100836753845 0.07430192828178406 -0.02465924061834812 -0.052657607942819595 0.04164605587720871 0.03585631400346756 -0.020447030663490295 0.0344935767352581 0.029972560703754425 0.011713416315615177 0.01910823956131935 -0.0291014164686203 0.02233612723648548 0.050614986568689346 0.01901591196656227 0.022776801139116287 6.264894182095304e-05 0.0567752830684185 -0.05357089638710022 0.033772908676042046 0.0643602982516873 0.13841337627071035 0.3059807087090943 0.5034999654574119 0.6129253130693927 0.8116144563136014 0.9141593267052868 0.9670798940077769 -1.0227278 -0.96766436 -0.8482307 -0.7183047 -0.5872252 -0.6704397 -0.79673433 -0.96020925 -1.0316439 -1.0800714 -0.96246696 -0.77734184 -0.51458514 -0.18044284 -0.4931904 -0.6730883 -0.92695403 -1.0752616
2 400 0.02638181485235691 0.0013399450108408928 0.021125344559550285 -0.018849067389965057 -0.015492326579988003 -0.0328933447599411 -9.053945541381836e-05 0.029965145513415337 9.685796976555139e-05 -0.0010299260029569268 -0.02869988977909088 0.025319525972008705 -0.02148524299263954 0.014104829169809818 0.003287028055638075 -0.012677661143243313 -0.03708856925368309 -0.011989476159214973 0.041749052703380585 0.023497963324189186 -0.022153738886117935 -0.0007467512041330338 -0.016964498907327652 0.06415246427059174 0.023204559460282326 -0.05064282566308975 -0.027037834748625755 0.02921493723988533 0.021188169717788696 0.048543453216552734 -0.059402141720056534 -0.013481934554874897 -0.007390440907329321 0.03493676707148552 -0.025142528116703033 0.027131447568535805 0.04172661900520325 -0.00977383553981781 -0.002252127043902874 0.06058483570814133 -0.045321229845285416 -0.003555902512744069 0.010974738746881485 -0.01754276268184185 0.03141922876238823 -0.04253571853041649 0.012226669117808342 0.026917679235339165 -0.001916210283525288 0.03015362285077572 -0.010424924083054066 -0.033002033829689026 -0.016995346173644066 0.04592142626643181 0.004377797245979309 -0.007619917392730713 -0.010788914747536182 -0.047644518315792084 -0.010488877072930336 -0.011679146438837051 0.002811543643474579 -0.025976957753300667 0.015581485815346241 -0.04238015413284302 0.044781409204006195 0.016718853265047073 -0.034714870154857635 -0.0008185303304344416 0.04905911907553673 -0.0077772377990186214 0.04271671921014786 0.0128312474116683 -0.02348388358950615 0.012399491854012012 -0.031612031161785126 0.051904212683439255 0.040640100836753845 0.07430192828178406 -0.02465924061834812 -0.052657607942819595 0.04164605587720871 0.03585631400346756 -0.020447030663490295 0.0344935767352581 0.029972560703754425 0.011713416315615177 0.01910823956131935 -0.0291014164686203 0.02233612723648548 0.050614986568689346 0.01901591196656227 0.022776801139116287 6.264894182095304e-05 0.0567752830684185 -0.05357089638710022 0.02436679054370279 0.05781222209002307 0.07436363244376716 0.20647489653497322 0.29257938797163147 0.3823310935070866 0.6798767954456095 0.8419595479201654 0.930181161080068 -0.8284687 -0.6273848 -0.7950368 -0.41138422 -0.4498431 -0.5994164 -0.7210824 -0.82679915 -1.0052512 -0.89796257 -0.5885149 -0.7047783 -0.18977296 -0.16601291 -0.39870426 -0.56255054 -0.74189126 -1.0349923
0 400 0.03517575189471245 0.001786593347787857 0.028167126700282097 -0.025132089853286743 -0.020656434819102287 -0.043857794255018234 -0.00012071926903445274 0.039953526109457016 0.00012914395483676344 -0.0013732346706092358 -0.03826652094721794 0.03375936672091484 -0.028646990656852722 0.018806438893079758 0.004382703918963671 -0.016903547570109367 -0.049451421946287155 -0.015985967591404915 0.055665403604507446 0.031330615282058716 -0.029538318514823914 -0.000995668233372271 -0.022619331255555153 0.08553661406040192 0.030939413234591484 -0.0675237700343132 -0.03605044633150101 0.03895324841141701 0.028250891715288162 0.06472460180521011 -0.07920285314321518 -0.017975911498069763 -0.00985392089933157 0.04658235237002373 -0.03352336958050728 0.036175262182950974 0.0556354895234108 -0.01303178071975708 -0.0030028359033167362 0.0807797834277153 -0.060428302735090256 -0.004741203039884567 0.01463298499584198 -0.023390350863337517 0.04189230129122734 -0.056714292615652084 0.01630222611129284 0.035890236496925354 -0.002554947044700384 0.04020483046770096 -0.01389989908784628 -0.0440027080476284 -0.02266046032309532 0.061228569597005844 0.00583706283941865 -0.010159890167415142 -0.014385218732059002 -0.06352602690458298 -0.013985169120132923 -0.015572194941341877 0.003748724702745676 -0.03463594242930412 0.020775314420461655 -0.05650687217712402 0.05970854312181473 0.02229180373251438 -0.04628648981451988 -0.0010913737351074815 0.06541215628385544 -0.010369650088250637 0.056955624371767044 0.017108328640460968 -0.031311843544244766 0.01653265580534935 -0.0421493723988533 0.06920561194419861 0.05418679863214493 0.09906923025846481 -0.03287898749113083 -0.07021014392375946 0.055528074502944946 0.047808416187763214 -0.02726270630955696 0.0459914356470108 0.039963413029909134 0.015617887489497662 0.02547765150666237 -0.0388018898665905 0.029781503602862358 0.06748664379119873 0.025354549288749695 0.030369067564606667 8.353192242793739e-05 0.07570037245750427 -0.0714278593659401 0.044676677209626696 0.12470697175023926 0.1854305806889949 0.41021905420357496 0.6485922188878741 0.8054930394008951 0.8879422049527558 0.9484892069736677 0.9819316668060631 -0.8658588 -0.7246485 -0.80122674 -0.66158354 -0.37361968 -0.5474835 -0.66103613 -0.81436896 -0.9998041 -0.91495454 -0.6870178 -0.6953944 -0.46337992 -0.12240437 -0.34716412 -0.5409347 -0.80883634 -1.104983
1 400 0.03517575189471245 0.001786593347787857 0.028167126700282097 -0.025132089853286743 -0.020656434819102287 -0.043857794255018234 -0.00012071926903445274 0.039953526109457016 0.00012914395483676344 -0.0013732346706092358 -0.03826652094721794 0.03375936672091484 -0.028646990656852722 0.018806438893079758 0.004382703918963671 -0.016903547570109367 -0.049451421946287155 -0.015985967591404915 0.055665403604507446 0.031330615282058716 -0.029538318514823914 -0.000995668233372271 -0.022619331255555153 0.08553661406040192 0.030939413234591484 -0.0675237700343132 -0.03605044633150101 0.03895324841141701 0.028250891715288162 0.06472460180521011 -0.07920285314321518 -0.017975911498069763 -0.00985392089933157 0.04658235237002373 -0.03352336958050728 0.036175262182950974 0.0556354895234108 -0.01303178071975708 -0.0030028359033167362 0.0807797834277153 -0.060428302735090256 -0.004741203039884567 0.01463298499584198 -0.023390350863337517 0.04189230129122734 -0.056714292615652084 0.01630222611129284 0.035890236496925354 -0.002554947044700384 0.04020483046770096 -0.01389989908784628 -0.0440027080476284 -0.02266046032309532 0.061228569597005844 0.00583706283941865 -0.010159890167415142 -0.014385218732059002 -0.06352602690458298 -0.013985169120132923 -0.015572194941341877 0.003748724702745676 -0.03463594242930412 0.020775314420461655 -0.05650687217712402 0.05970854312181473 0.02229180373251438 -0.04628648981451988 -0.0010913737351074815 0.06541215628385544 -0.010369650088250637 0.056955624371767044 0.017108328640460968 -0.031311843544244766 0.01653265580534935 -0.0421493723988533 0.06920561194419861 0.05418679863214493 0.09906923025846481 -0.03287898749113083 -0.07021014392375946 0.055528074502944946 0.047808416187763214 -0.02726270630955696 0.0459914356470108 0.039963413029909134 0.015617887489497662 0.02547765150666237 -0.0388018898665905 0.029781503602862358 0.06748664379119873 0.025354549288749695 0.030369067564606667 8.353192242793739e-05 0.07570037245750427 -0.0714278593659401 0.032680096667482596 0.06169614746222746 0.12807704634819383 0.2948243795763792 0.5036776067705023 0.5919218821356416 0.8104619498762041 0.9179494923630124 0.9664921501445408 -1.0087256 -0.9621237 -0.8579037 -0.72566295 -0.5865175 -0.68185794 -0.7972655 -0.96568185 -1.0286679 -1.0694648 -0.9596373 -0.79377747 -0.5300608 -0.17424828 -0.5093634 -0.6738275 -0.9372618 -1.06839
2 400 0.03517575189471245 0.001786593347787857 0.028167126700282097 -0.025132089853286743 -0.020656434819102287 -0.043857794255018234 -0.00012071926903445274 0.039953526109457016 0.00012914395483676344 -0.0013732346706092358 -0.03826652094721794 0.03375936672091484 -0.028646990656852722 0.018806438893079758 0.004382703918963671 -0.016903547570109367 -0.049451421946287155 -0.015985967591404915 0.055665403604507446 0.031330615282058716 -0.029538318514823914 -0.000995668233372271 -0.022619331255555153 0.08553661406040192 0.030939413234591484 -0.0675237700343132 -0.03605044633150101 0.03895324841141701 0.028250891715288162 0.06472460180521011 -0.07920285314321518 -0.017975911498069763 -0.00985392089933157 0.04658235237002373 -0.03352336958050728 0.036175262182950974 0.0556354895234108 -0.01303178071975708 -0.0030028359033167362 0.0807797834277153 -0.060428302735090256 -0.004741203039884567 0.01463298499584198 -0.023390350863337517 0.04189230129122734 -0.056714292615652084 0.01630222611129284 0.035890236496925354 -0.002554947044700384 0.04020483046770096 -0.01389989908784628 -0.0440027080476284 -0.02266046032309532 0.061228569597005844 0.00583706283941865 -0.010159890167415142 -0.014385218732059002 -0.06352602690458298 -0.013985169120132923 -0.015572194941341877 0.003748724702745676 -0.03463594242930412 0.020775314420461655 -0.05650687217712402 0.05970854312181473 0.02229180373251438 -0.04628648981451988 -0.0010913737351074815 0.06541215628385544 -0.010369650088250637 0.056955624371767044 0.017108328640460968 -0.031311843544244766 0.01653265580534935 -0.0421493723988533 0.06920561194419861 0.05418679863214493 0.09906923025846481 -0.03287898749113083 -0.07021014392375946 0.055528074502944946 0.047808416187763214 -0.02726270630955696 0.0459914356470108 0.039963413029909134 0.015617887489497662 0.02547765150666237 -0.0388018898665905 0.029781503602862358 0.06748664379119873 0.025354549288749695 0.030369067564606667 8.353192242793739e-05 0.07570037245750427 -0.0714278593659401 0.02689095767134056 0.05760360233465284 0.0661933496066058 0.18955270611391065 0.28761042953156907 0.37238985308536016 0.6815690869559768 0.8495361132762348 0.9298972142033223 -0.86940676 -0.57072127 -0.81977975 -0.46156347 -0.48192152 -0.609868 -0.7002587 -0.83623564 -1.0056949 -0.94479764 -0.5264962 -0.7421469 -0.25353163 -0.21270417 -0.4121826 -0.5392656 -0.7564346 -1.0349637
0 400 0.043969690799713135 0.0022332416847348213 0.03520890697836876 -0.03141511231660843 -0.025820543989539146 -0.05482224002480507 -0.0001508990826550871 0.049941908568143845 0.0001614299399079755 -0.0017165433382615447 -0.0478331483900547 0.042199209332466125 -0.0358087383210659 0.023508047685027122 0.005478379782289267 -0.021129434928297997 -0.06181427836418152 -0.019982459023594856 0.06958175450563431 0.039163269102573395 -0.03692289814352989 -0.0012445852626115084 -0.028274163603782654 0.1069207638502121 0.03867426514625549 -0.08440470695495605 -0.04506305605173111 0.048691559582948685 0.03531361371278763 0.08090575039386749 -0.09900356829166412 -0.022469889372587204 -0.012317401356995106 0.058227941393852234 -0.04190421104431152 0.04521907866001129 0.06954436004161835 -0.01628972589969635 -0.0037535447627305984 0.10097472369670868 -0.0755353793501854 -0.005926503799855709 0.018291231244802475 -0.029237937182188034 0.05236537754535675 -0.07089286297559738 0.020377781242132187 0.04486279562115669 -0.0031936836894601583 0.05025603622198105 -0.017374873161315918 -0.05500338599085808 -0.028325574472546577 0.07653570920228958 0.00729632843285799 -0.012699862010776997 -0.017981523647904396 -0.07940752804279327 -0.01748146116733551 -0.019465243443846703 0.004685905762016773 -0.04329492896795273 0.025969142094254494 -0.07063359022140503 0.07463567703962326 0.02786475419998169 -0.05785811319947243 -0.0013642171397805214 0.08176519721746445 -0.01296206284314394 0.07119452953338623 0.02138541080057621 -0.03913980349898338 0.020665818825364113 -0.05268671363592148 0.08650701493024826 0.06773349642753601 0.12383653968572617 -0.04109873250126839 -0.08776267617940903 0.06941009312868118 0.05976051837205887 -0.03407838195562363 0.057489294558763504 0.04995426535606384 0.01952235959470272 0.031847063452005386 -0.0485023595392704 0.037226878106594086 0.08435830473899841 0.03169318661093712 0.037961333990097046 0.00010441490303492174 0.09462546557188034 -0.08928482234477997 0.05422682037386437 0.12282062630231233 0.16664109357581974 0.3708596857611962 0.6773840030662567 0.7972259346607701 0.8739857634412456 0.949525908163118 0.9815726381724867 -0.9060016 -0.7098472 -0.81480676 -0.691816 -0.4594722 -0.5708263 -0.690417 -0.80359817 -0.99767196 -0.9618194 -0.6751343 -0.71837384 -0.50801694 -0.21626958 -0.38206533 -0.53996277 -0.79836786 -1.0999401
1 400 0.043969690799713135 0.0022332416847348213 0.03520890697836876 -0.03141511231660843 -0.025820543989539146 -0.05482224002480507 -0.0001508990826550871 0.049941908568143845 0.0001614299399079755 -0.0017165433382615447 -0.0478331483900547 0.042199209332466125 -0.0358087383210659 0.023508047685027122 0.005478379782289267 -0.021129434928297997 -0.06181427836418152 -0.019982459023594856 0.06958175450563431 0.039163269102573395 -0.03692289814352989 -0.0012445852626115084 -0.028274163603782654 0.1069207638502121 0.03867426514625549 -0.08440470695495605 -0.04506305605173111 0.048691559582948685 0.03531361371278763 0.08090575039386749 -0.09900356829166412 -0.022469889372587204 -0.012317401356995106 0.058227941393852234 -0.04190421104431152 0.04521907866001129 0.06954436004161835 -0.01628972589969635 -0.0037535447627305984 0.10097472369670868 -0.0755353793501854 -0.005926503799855709 0.018291231244802475 -0.029237937182188034 0.05236537754535675 -0.07089286297559738 0.020377781242132187 0.04486279562115669 -0.0031936836894601583 0.05025603622198105 -0.017374873161315918 -0.05500338599085808 -0.028325574472546577 0.07653570920228958 0.00729632843285799 -0.012699862010776997 -0.017981523647904396 -0.07940752804279327 -0.01748146116733551 -0.019465243443846703 0.004685905762016773 -0.04329492896795273 0.025969142094254494 -0.07063359022140503 0.07463567703962326 0.02786475419998169 -0.05785811319947243 -0.0013642171397805214 0.08176519721746445 -0.01296206284314394 0.07119452953338623 0.02138541080057621 -0.03913980349898338 0.020665818825364113 -0.05268671363592148 0.08650701493024826 0.06773349642753601 0.12383653968572617 -0.04109873250126839 -0.08776267617940903 0.06941009312868118 0.05976051837205887 -0.03407838195562363 0.057489294558763504 0.04995426535606384 0.01952235959470272 0.031847063452005386 -0.0485023595392704 0.037226878106594086 0.08435830473899841 0.03169318661093712 0.037961333990097046 0.00010441490303492174 0.09462546557188034 -0.08928482234477997 0.03195122095399644 0.059790529923518715 0.11396446012068272 0.2839083809988221 0.5038564932351898 0.5706662416232414 0.8116597777625573 0.9216294112510787 0.9656641652984874 -0.97877306 -0.93887186 -0.87040144 -0.73302114 -0.5858048 -0.6931998 -0.80118513 -0.9710919 -1.0230165 -1.0405955 -0.9365754 -0.8146009 -0.5455365 -0.16801 -0.52543604 -0.68009555 -0.9475558 -1.0493593
2 400 0.043969690799713135 0.0022332416847348213 0.03520890697836876 -0.03141511231660843 -0.025820543989539146 -0.05482224002480507 -0.0001508990826550871 0.049941908568143845 0.0001614299399079755 -0.0017165433382615447 -0.0478331483900547 0.042199209332466125 -0.0358087383210659 0.023508047685027122 0.005478379782289267 -0.021129434928297997 -0.06181427836418152 -0.019982459023594856 0.06958175450563431 0.039163269102573395 -0.03692289814352989 -0.0012445852626115084 -0.028274163603782654 0.1069207638502121 0.03867426514625549 -0.08440470695495605 -0.04506305605173111 0.048691559582948685 0.03531361371278763 0.08090575039386749 -0.09900356829166412 -0.022469889372587204 -0.012317401356995106 0.058227941393852234 -0.04190421104431152 0.04521907866001129 0.06954436004161835 -0.01628972589969635 -0.0037535447627305984 0.10097472369670868 -0.0755353793501854 -0.005926503799855709 0.018291231244802475 -0.029237937182188034 0.05236537754535675 -0.07089286297559738 0.020377781242132187 0.04486279562115669 -0.0031936836894601583 0.05025603622198105 -0.017374873161315918 -0.05500338599085808 -0.028325574472546577 0.07653570920228958 0.00729632843285799 -0.012699862010776997 -0.017981523647904396 -0.07940752804279327 -0.01748146116733551 -0.019465243443846703 0.004685905762016773 -0.04329492896795273 0.025969142094254494 -0.07063359022140503 0.07463567703962326 0.02786475419998169 -0.05785811319947243 -0.0013642171397805214 0.08176519721746445 -0.01296206284314394 0.07119452953338623 0.02138541080057621 -0.03913980349898338 0.020665818825364113 -0.05268671363592148 0.08650701493024826 0.06773349642753601 0.12383653968572617 -0.04109873250126839 -0.08776267617940903 0.06941009312868118 0.05976051837205887 -0.03407838195562363 0.057489294558763504 0.04995426535606384 0.01952235959470272 0.031847063452005386 -0.0485023595392704 0.037226878106594086 0.08435830473899841 0.03169318661093712 0.037961333990097046 0.00010441490303492174 0.09462546557188034 -0.08928482234477997 0.0301309366573791 0.05736892410835676 0.05884323978338503 0.17373528307023087 0.28119637233359646 0.36265531432021086 0.6569133177289879 0.8548297462655243 0.9294821042614997 -0.91989434 -0.5146925 -0.84433603 -0.5118178 -0.57215416 -0.62039965 -0.7495818 -0.82229424 -1.0006477 -1.001859 -0.46522164 -0.77929425 -0.31732127 -0.32847634 -0.4257557 -0.59727854 -0.74362075 -1.0230381
0 400 0.05276362970471382 0.0026798900216817856 0.04225068911910057 -0.037698134779930115 -0.030984653159976006 -0.0657866895198822 -0.00018107891082763672 0.05993029102683067 0.00019371593953110278 -0.0020598520059138536 -0.05739977955818176 0.05063905194401741 -0.04297048598527908 0.028209658339619637 0.00657405611127615 -0.025355322286486626 -0.07417713850736618 -0.023978952318429947 0.08349810540676117 0.04699592664837837 -0.04430747777223587 -0.0014935024082660675 -0.033928997814655304 0.12830492854118347 0.04640911892056465 -0.1012856513261795 -0.05407566949725151 0.05842987447977066 0.04237633943557739 0.09708690643310547 -0.11880428344011307 -0.026963869109749794 -0.014780881814658642 0.06987353414297104 -0.05028505623340607 0.05426289513707161 0.0834532380104065 -0.01954767107963562 -0.004504254087805748 0.12116967141628265 -0.09064245969057083 -0.007111805025488138 0.02194947749376297 -0.0350855253636837 0.06283845752477646 -0.08507143706083298 0.024453338235616684 0.05383535847067833 -0.003832420567050576 0.06030724570155144 -0.02084984816610813 -0.06600406765937805 -0.03399069234728813 0.09184285253286362 0.008755594491958618 -0.015239834785461426 -0.021577829495072365 -0.09528903663158417 -0.020977754145860672 -0.023358292877674103 0.005623087286949158 -0.051953915506601334 0.031162971630692482 -0.08476030826568604 0.08956281840801239 0.03343770653009415 -0.06942974030971527 -0.0016370606608688831 0.09811823815107346 -0.015554475598037243 0.08543343842029572 0.0256624948233366 -0.0469677671790123 0.024798983708024025 -0.06322406232357025 0.10380842536687851 0.08128020167350769 0.14860385656356812 -0.04931848123669624 -0.10531521588563919 0.08329211175441742 0.07171262800693512 -0.04089406132698059 0.0689871534705162 0.05994512140750885 0.023426832631230354 0.0382164791226387 -0.0582028329372406 0.04467225447297096 0.10122997313737869 0.03803182393312454 0.045553602278232574 0.00012529788364190608 0.113550566136837 -0.10714179277420044 0.06546615579503617 0.12094752082762017 0.1495007095244226 0.34509523082350835 0.6701449820449832 0.7878941900419807 0.865901641895237 0.9443345864330229 0.9794928084036797 -0.9460246 -0.6947574 -0.82824516 -0.70363307 -0.56782436 -0.59571606 -0.7454239 -0.8389674 -0.9823793 -1.0087389 -0.66290545 -0.741099 -0.5280294 -0.340051 -0.41979265 -0.60403514 -0.8320366 -1.0438118
1 400 0.05276362970471382 0.0026798900216817856 0.04225068911910057 -0.037698134779930115 -0.030984653159976006 -0.0657866895198822 -0.00018107891082763672 0.05993029102683067 0.00019371593953110278 -0.0020598520059138536 -0.05739977955818176 0.05063905194401741 -0.04297048598527908 0.028209658339619637 0.00657405611127615 -0.025355322286486626 -0.07417713850736618 -0.023978952318429947 0.08349810540676117 0.04699592664837837 -0.04430747777223587 -0.0014935024082660675 -0.033928997814655304 0.12830492854118347 0.04640911892056465 -0.1012856513261795 -0.05407566949725151 0.05842987447977066 0.04237633943557739 0.09708690643310547 -0.11880428344011307 -0.026963869109749794 -0.014780881814658642 0.06987353414297104 -0.05028505623340607 0.05426289513707161 0.0834532380104065 -0.01954767107963562 -0.004504254087805748 0.12116967141628265 -0.09064245969057083 -0.007111805025488138 0.02194947749376297 -0.0350855253636837 0.06283845752477646 -0.08507143706083298 0.024453338235616684 0.05383535847067833 -0.003832420567050576 0.06030724570155144 -0.02084984816610813 -0.06600406765937805 -0.03399069234728813 0.09184285253286362 0.008755594491958618 -0.015239834785461426 -0.021577829495072365 -0.09528903663158417 -0.020977754145860672 -0.023358292877674103 0.005623087286949158 -0.051953915506601334 0.031162971630692482 -0.08476030826568604 0.08956281840801239 0.03343770653009415 -0.06942974030971527 -0.0016370606608688831 0.09811823815107346 -0.015554475598037243 0.08543343842029572 0.0256624948233366 -0.0469677671790123 0.024798983708024025 -0.06322406232357025 0.10380842536687851 0.08128020167350769 0.14860385656356812 -0.04931848123669624 -0.10531521588563919 0.08329211175441742 0.07171262800693512 -0.04089406132698059 0.0689871534705162 0.05994512140750885 0.023426832631230354 0.0382164791226387 -0.0582028329372406 0.04467225447297096 0.10122997313737869 0.03803182393312454 0.045553602278232574 0.00012529788364190608 0.113550566136837 -0.10714179277420044 0.033584459193275525 0.05794015439641897 0.10114125559045863 0.2695341028786071 0.5040340379774859 0.5490402440630326 0.8179137427776543 0.9251479053726823 0.9648430598904658 -0.99166393 -0.9156855 -0.88301593 -0.74456656 -0.5850976 -0.70451444 -0.79762065 -0.97659236 -1.0175122 -1.0574918 -0.9135742 -0.83562636 -0.5950276 -0.16181962 -0.541464 -0.6803845 -0.95792866 -1.0305159
2 400 0.05276362970471382 0.0026798900216817856 0.04225068911910057 -0.037698134779930115 -0.030984653159976006 -0.0657866895198822 -0.00018107891082763672 0.05993029102683067 0.00019371593953110278 -0.0020598520059138536 -0.05739977955818176 0.05063905194401741 -0.04297048598527908 0.028209658339619637 0.00657405611127615 -0.025355322286486626 -0.07417713850736618 -0.023978952318429947 0.08349810540676117 0.04699592664837837 -0.04430747777223587 -0.0014935024082660675 -0.033928997814655304 0.12830492854118347 0.04640911892056465 -0.1012856513261795 -0.05407566949725151 0.05842987447977066 0.04237633943557739 0.09708690643310547 -0.11880428344011307 -0.026963869109749794 -0.014780881814658642 0.06987353414297104 -0.05028505623340607 0.05426289513707161 0.0834532380104065 -0.01954767107963562 -0.004504254087805748 0.12116967141628265 -0.09064245969057083 -0.007111805025488138 0.02194947749376297 -0.0350855253636837 0.06283845752477646 -0.08507143706083298 0.024453338235616684 0.05383535847067833 -0.003832420567050576 0.06030724570155144 -0.02084984816610813 -0.06600406765937805 -0.03399069234728813 0.09184285253286362 0.008755594491958618 -0.015239834785461426 -0.021577829495072365 -0.09528903663158417 -0.020977754145860672 -0.023358292877674103 0.005623087286949158 -0.051953915506601334 0.031162971630692482 -0.08476030826568604 0.08956281840801239 0.03343770653009415 -0.06942974030971527 -0.0016370606608688831 0.09811823815107346 -0.015554475598037243 0.08543343842029572 0.0256624948233366 -0.0469677671790123 0.024798983708024025 -0.06322406232357025 0.10380842536687851 0.08128020167350769 0.14860385656356812 -0.04931848123669624 -0.10531521588563919 0.08329211175441742 0.07171262800693512 -0.04089406132698059 0.0689871534705162 0.05994512140750885 0.023426832631230354 0.0382164791226387 -0.0582028329372406 0.04467225447297096 0.10122997313737869 0.03803182393312454 0.045553602278232574 0.00012529788364190608 0.113550566136837 -0.10714179277420044 0.03376206926618012 0.05674517876818041 0.05225454676290973 0.15742274777741871 0.28699129365463355 0.35288770621274607 0.6378458492764228 0.8583454344906608 0.927839250338544 -0.97018903 -0.46091473 -0.8688276 -0.5853653 -0.59346884 -0.63082266 -0.75261605 -0.78053087 -0.9584697 -1.0586897 -0.4072151 -0.8163607 -0.40812787 -0.35142347 -0.43920445 -0.60238075 -0.6992085 -0.931643
0 400 0.06155756488442421 0.00312653835862875 0.049292467534542084 -0.0439811572432518 -0.036148760467767715 -0.07675113528966904 -0.00021125870989635587 0.0699186697602272 0.0002260019100503996 -0.0024031605571508408 -0.06696640700101852 0.0590788908302784 -0.050132233649492264 0.032911267131567 0.007669731508940458 -0.029581207782030106 -0.08653999119997025 -0.02797544188797474 0.09741445630788803 0.05482857674360275 -0.05169205740094185 -0.001742419321089983 -0.039583828300237656 0.14968906342983246 0.05414396896958351 -0.11816658824682236 -0.06308827549219131 0.06816818565130234 0.04943905770778656 0.11326804757118225 -0.138604998588562 -0.031457845121622086 -0.017244361340999603 0.08151911944150925 -0.05866589397192001 0.06330671161413193 0.09736210107803345 -0.02280561625957489 -0.005254962481558323 0.14136460423469543 -0.10574953258037567 -0.008297105319797993 0.025607723742723465 -0.04093310981988907 0.07331153005361557 -0.09925000369548798 0.028528893366456032 0.06280791014432907 -0.00447115721181035 0.07035844773054123 -0.024324821308255196 -0.07700473815202713 -0.03965580463409424 0.10714998841285706 0.010214859619736671 -0.01777980662882328 -0.025174133479595184 -0.11117053776979446 -0.024474045261740685 -0.027251340448856354 0.006560267880558968 -0.06061289831995964 0.03635679930448532 -0.09888702630996704 0.10448994487524033 0.039010655134916306 -0.08100135624408722 -0.0019099039491266012 0.11447127163410187 -0.01814688742160797 0.0996723398566246 0.029939575120806694 -0.05479572340846062 0.028932146728038788 -0.07376139611005783 0.12110982090234756 0.09482689201831818 0.17337115108966827 -0.0575382262468338 -0.12286774814128876 0.09717413038015366 0.08366472274065018 -0.04770973324775696 0.08048500865697861 0.06993597000837326 0.02733130380511284 0.04458588734269142 -0.0679033026099205 0.05211762711405754 0.11810162663459778 0.044370461255311966 0.053145866841077805 0.00014618085697293282 0.13247564435005188 -0.12499874830245972 0.07909605457345349 0.11077686191737944 0.13376073285108547 0.3329904960095244 0.658693891649803 0.7782067979665579 0.8589579354484552 0.9408818807603615 0.9766475733879085 -0.98597175 -0.73898757 -0.84183764 -0.71213585 -0.583527 -0.6207327 -0.76415026 -0.81579685 -0.9637053 -1.0553627 -0.7198061 -0.7641036 -0.5430705 -0.36240622 -0.45769975 -0.62863094 -0.798766 -0.9750773
1 400 0.06155756488442421 0.00312653835862875 0.049292467534542084 -0.0439811572432518 -0.036148760467767715 -0.07675113528966904 -0.00021125870989635587 0.0699186697602272 0.0002260019100503996 -0.0024031605571508408 -0.06696640700101852 0.0590788908302784 -0.050132233649492264 0.032911267131567 0.007669731508940458 -0.029581207782030106 -0.08653999119997025 -0.02797544188797474 0.09741445630788803 0.05482857674360275 -0.05169205740094185 -0.001742419321089983 -0.039583828300237656 0.14968906342983246 0.05414396896958351 -0.11816658824682236 -0.06308827549219131 0.06816818565130234 0.04943905770778656 0.11326804757118225 -0.138604998588562 -0.031457845121622086 -0.017244361340999603 0.08151911944150925 -0.05866589397192001 0.06330671161413193 0.09736210107803345 -0.02280561625957489 -0.005254962481558323 0.14136460423469543 -0.10574953258037567 -0.008297105319797993 0.025607723742723465 -0.04093310981988907 0.07331153005361557 -0.09925000369548798 0.028528893366456032 0.06280791014432907 -0.00447115721181035 0.07035844773054123 -0.024324821308255196 -0.07700473815202713 -0.03965580463409424 0.10714998841285706 0.010214859619736671 -0.01777980662882328 -0.025174133479595184 -0.11117053776979446 -0.024474045261740685 -0.027251340448856354 0.006560267880558968 -0.06061289831995964 0.03635679930448532 -0.09888702630996704 0.10448994487524033 0.039010655134916306 -0.08100135624408722 -0.0019099039491266012 0.11447127163410187 -0.01814688742160797 0.0996723398566246 0.029939575120806694 -0.05479572340846062 0.028932146728038788 -0.07376139611005783 0.12110982090234756 0.09482689201831818 0.17337115108966827 -0.0575382262468338 -0.12286774814128876 0.09717413038015366 0.08366472274065018 -0.04770973324775696 0.08048500865697861 0.06993597000837326 0.02733130380511284 0.04458588734269142 -0.0679033026099205 0.05211762711405754 0.11810162663459778 0.044370461255311966 0.053145866841077805 0.00014618085697293282 0.13247564435005188 -0.12499874830245972 0.03780683330706096 0.05614588798258806 0.08961978921346536 0.25360655715898045 0.503000681082396 0.5272301750399243 0.8034818086532014 0.9284045868362258 0.9639535041057128 -1.0358092 -0.8923848 -0.89555395 -0.7511103 -0.589214 -0.7159857 -0.8050159 -0.980157 -1.0117508 -1.1071879 -0.8904439 -0.8565061 -0.60871553 -0.19785108 -0.5577159 -0.68546605 -0.96602166 -1.0113066
2 400 0.06155756488442421 0.00312653835862875 0.049292467534542084 -0.0439811572432518 -0.036148760467767715 -0.07675113528966904 -0.00021125870989635587 0.0699186697602272 0.0002260019100503996 -0.0024031605571508408 -0.06696640700101852 0.0590788908302784 -0.050132233649492264 0.032911267131567 0.007669731508940458 -0.029581207782030106 -0.08653999119997025 -0.02797544188797474 0.09741445630788803 0.05482857674360275 -0.05169205740094185 -0.001742419321089983 -0.039583828300237656 0.14968906342983246 0.05414396896958351 -0.11816658824682236 -0.06308827549219131 0.06816818565130234 0.04943905770778656 0.11326804757118225 -0.138604998588562 -0.031457845121622086 -0.017244361340999603 0.08151911944150925 -0.05866589397192001 0.06330671161413193 0.09736210107803345 -0.02280561625957489 -0.005254962481558323 0.14136460423469543 -0.10574953258037567 -0.008297105319797993 0.025607723742723465 -0.04093310981988907 0.07331153005361557 -0.09925000369548798 0.028528893366456032 0.06280791014432907 -0.00447115721181035 0.07035844773054123 -0.024324821308255196 -0.07700473815202713 -0.03965580463409424 0.10714998841285706 0.010214859619736671 -0.01777980662882328 -0.025174133479595184 -0.11117053776979446 -0.024474045261740685 -0.027251340448856354 0.006560267880558968 -0.06061289831995964 0.03635679930448532 -0.09888702630996704 0.10448994487524033 0.039010655134916306 -0.08100135624408722 -0.0019099039491266012 0.11447127163410187 -0.01814688742160797 0.0996723398566246 0.029939575120806694 -0.05479572340846062 0.028932146728038788 -0.07376139611005783 0.12110982090234756 0.09482689201831818 0.17337115108966827 -0.0575382262468338 -0.12286774814128876 0.09717413038015366 0.08366472274065018 -0.04770973324775696 0.08048500865697861 0.06993597000837326 0.02733130380511284 0.04458588734269142 -0.0679033026099205 0.05211762711405754 0.11810162663459778 0.044370461255311966 0.053145866841077805 0.00014618085697293282 0.13247564435005188 -0.12499874830245972 0.037841734636106183 0.051524341705698175 0.046354825264921726 0.14167867672924464 0.29291444249865145 0.3456491090085419 0.6182284734010411 0.8617960253900631 0.9261979369285239 -1.0205917 -0.49551445 -0.89353067 -0.66961735 -0.6148344 -0.6446001 -0.7556157 -0.7385854 -0.91645974 -1.1155494 -0.45926678 -0.8537177 -0.5113985 -0.37441605 -0.45637357 -0.60747033 -0.6545973 -0.840407
0 400 0.0703515037894249 0.003573186695575714 0.056334253400564194 -0.050264179706573486 -0.041312869638204575 -0.08771558851003647 -0.00024143853806890547 0.07990705221891403 0.0002582879096735269 -0.0027464693412184715 -0.07653304189443588 0.06751873344182968 -0.057293981313705444 0.037612877786159515 0.008765407837927341 -0.033807095140218735 -0.09890284389257431 -0.03197193518280983 0.11133080720901489 0.06266123056411743 -0.05907663702964783 -0.001991336466744542 -0.045238662511110306 0.17107322812080383 0.06187882646918297 -0.1350475400686264 -0.07210089266300201 0.07790649682283401 0.056501783430576324 0.12944920361042023 -0.15840570628643036 -0.035951822996139526 -0.01970784179866314 0.09316470474004745 -0.06704673916101456 0.07235052436590195 0.1112709790468216 -0.02606356143951416 -0.0060056718066334724 0.1615595668554306 -0.12085660547018051 -0.009482406079769135 0.02926596999168396 -0.046780701726675034 0.08378460258245468 -0.11342858523130417 0.03260445222258568 0.07178047299385071 -0.005109894089400768 0.08040966093540192 -0.02779979817569256 -0.0880054160952568 -0.04532092064619064 0.12245713919401169 0.0116741256788373 -0.020319780334830284 -0.028770437464118004 -0.12705205380916595 -0.027970338240265846 -0.031144389882683754 0.007497449405491352 -0.06927188485860825 0.04155062884092331 -0.11301374435424805 0.11941708624362946 0.04458360746502876 -0.09257297962903976 -0.002182747470214963 0.13082431256771088 -0.020739300176501274 0.11391124874353409 0.034216657280921936 -0.06262368708848953 0.0330653116106987 -0.0842987447977066 0.13841122388839722 0.10837359726428986 0.19813846051692963 -0.06575797498226166 -0.14042028784751892 0.11105614900588989 0.09561683237552643 -0.05452541261911392 0.0919828712940216 0.07992682605981827 0.031235774978995323 0.05095530301332474 -0.077603779733181 0.059563007205724716 0.13497328758239746 0.05070909857749939 0.06073813512921333 0.00016706384485587478 0.15140074491500854 -0.1428557187318802 0.10076914390876177 0.0964158965371042 0.1194164336307424 0.32401598672016996 0.647088640012836 0.7683082271691073 0.8558990977489791 0.9371845964687275 0.9751870633281157 -1.0110295 -0.8230493 -0.8554281 -0.7199022 -0.5981804 -0.645622 -0.7769011 -0.7925246 -0.955824 -1.0835124 -0.8230897 -0.787098 -0.5570171 -0.38345346 -0.49543947 -0.6459901 -0.7653338 -0.94957757
1 400 0.0703515037894249 0.003573186695575714 0.056334253400564194 -0.050264179706573486 -0.041312869638204575 -0.08771558851003647 -0.00024143853806890547 0.07990705221891403 0.0002582879096735269 -0.0027464693412184715 -0.07653304189443588 0.06751873344182968 -0.057293981313705444 0.037612877786159515 0.008765407837927341 -0.033807095140218735 -0.09890284389257431 -0.03197193518280983 0.11133080720901489 0.06266123056411743 -0.05907663702964783 -0.001991336466744542 -0.045238662511110306 0.17107322812080383 0.06187882646918297 -0.1350475400686264 -0.07210089266300201 0.07790649682283401 0.056501783430576324 0.12944920361042023 -0.15840570628643036 -0.035951822996139526 -0.01970784179866314 0.09316470474004745 -0.06704673916101456 0.07235052436590195 0.1112709790468216 -0.02606356143951416 -0.0060056718066334724 0.1615595668554306 -0.12085660547018051 -0.009482406079769135 0.02926596999168396 -0.046780701726675034 0.08378460258245468 -0.11342858523130417 0.03260445222258568 0.07178047299385071 -0.005109894089400768 0.08040966093540192 -0.02779979817569256 -0.0880054160952568 -0.04532092064619064 0.12245713919401169 0.0116741256788373 -0.020319780334830284 -0.028770437464118004 -0.12705205380916595 -0.027970338240265846 -0.031144389882683754 0.007497449405491352 -0.06927188485860825 0.04155062884092331 -0.11301374435424805 0.11941708624362946 0.04458360746502876 -0.09257297962903976 -0.002182747470214963 0.13082431256771088 -0.020739300176501274 0.11391124874353409 0.034216657280921936 -0.06262368708848953 0.0330653116106987 -0.0842987447977066 0.13841122388839722 0.10837359726428986 0.19813846051692963 -0.06575797498226166 -0.14042028784751892 0.11105614900588989 0.09561683237552643 -0.05452541261911392 0.0919828712940216 0.07992682605981827 0.031235774978995323 0.05095530301332474 -0.077603779733181 0.059563007205724716 0.13497328758239746 0.05070909857749939 0.06073813512921333 0.00016706384485587478 0.15140074491500854 -0.1428557187318802 0.04385180377395103 0.05441708040024819 0.0808685883126251 0.23594995658250414 0.49093923422775965 0.5052867090947033 0.7840656653200122 0.9253355466752542 0.9625523332595032 -1.0307143 -0.8687067 -0.9027747 -0.7567971 -0.59502023 -0.7273496 -0.80313605 -0.948134 -0.9816573 -1.1006267 -0.8668797 -0.867681 -0.61734587 -0.23775232 -0.573799 -0.68100286 -0.9249861 -0.9404807
2 400 0.0703515037894249 0.003573186695575714 0.056334253400564194 -0.050264179706573486 -0.041312869638204575 -0.08771558851003647 -0.00024143853806890547 0.07990705221891403 0.0002582879096735269 -0.0027464693412184715 -0.07653304189443588 0.06751873344182968 -0.057293981313705444 0.037612877786159515 0.008765407837927341 -0.033807095140218735 -0.09890284389257431 -0.03197193518280983 0.11133080720901489 0.06266123056411743 -0.05907663702964783 -0.001991336466744542 -0.045238662511110306 0.17107322812080383 0.06187882646918297 -0.1350475400686264 -0.07210089266300201 0.07790649682283401 0.056501783430576324 0.12944920361042023 -0.15840570628643036 -0.035951822996139526 -0.01970784179866314 0.09316470474004745 -0.06704673916101456 0.07235052436590195 0.1112709790468216 -0.02606356143951416 -0.0060056718066334724 0.1615595668554306 -0.12085660547018051 -0.009482406079769135 0.02926596999168396 -0.046780701726675034 0.08378460258245468 -0.11342858523130417 0.03260445222258568 0.07178047299385071 -0.005109894089400768 0.08040966093540192 -0.02779979817569256 -0.0880054160952568 -0.04532092064619064 0.12245713919401169 0.0116741256788373 -0.020319780334830284 -0.028770437464118004 -0.12705205380916595 -0.027970338240265846 -0.031144389882683754 0.007497449405491352 -0.06927188485860825 0.04155062884092331 -0.11301374435424805 0.11941708624362946 0.04458360746502876 -0.09257297962903976 -0.002182747470214963 0.13082431256771088 -0.020739300176501274 0.11391124874353409 0.034216657280921936 -0.06262368708848953 0.0330653116106987 -0.0842987447977066 0.13841122388839722 0.10837359726428986 0.19813846051692963 -0.06575797498226166 -0.14042028784751892 0.11105614900588989 0.09561683237552643 -0.05452541261911392 0.0919828712940216 0.07992682605981827 0.031235774978995323 0.05095530301332474 -0.077603779733181 0.059563007205724716 0.13497328758239746 0.05070909857749939 0.06073813512921333 0.00016706384485587478 0.15140074491500854 -0.1428557187318802 0.0425058308016801 0.04458081552532887 0.04108742880850312 0.13322801226904848 0.29661477038737527 0.33781496354637475 0.5982694164667854 0.8644108394909641 0.9308161120768729 -1.0654438 -0.54553545 -0.91829383 -0.75108176 -0.63279533 -0.66423094 -0.7586127 -0.69774 -0.8903615 -1.1661497 -0.5256835 -0.8911598 -0.61374056 -0.3933451 -0.47981027 -0.61255217 -0.61047196 -0.8096192
0 400 0.07914543896913528 0.004019835032522678 0.0633760318160057 -0.05654720216989517 -0.046476978808641434 -0.0986800268292427 -0.0002716183371376246 0.08989543467760086 0.00029057389474473894 -0.0030897778924554586 -0.08609966188669205 0.07595857232809067 -0.06445572525262833 0.04231448471546173 0.009861083701252937 -0.038032982498407364 -0.11126569658517838 -0.03596842661499977 0.12524715065956116 0.07049388438463211 -0.06646121293306351 -0.0022402533795684576 -0.05089349299669266 0.19245736300945282 0.06961367279291153 -0.15192846953868866 -0.08111350238323212 0.08764480799436569 0.06356450170278549 0.145630344748497 -0.1782064139842987 -0.04044580087065697 -0.022171322256326675 0.10481029003858566 -0.0754275768995285 0.08139433711767197 0.12517984211444855 -0.02932150661945343 -0.006756380200386047 0.18175449967384338 -0.13596367835998535 -0.010667706839740276 0.032924216240644455 -0.0526282861828804 0.09425767511129379 -0.12760715186595917 0.03668000549077988 0.08075302839279175 -0.005748630501329899 0.09046085923910141 -0.03127476945519447 -0.09900609403848648 -0.05098603293299675 0.13776427507400513 0.013133390806615353 -0.02285975031554699 -0.03236674144864082 -0.14293354749679565 -0.03146662935614586 -0.035037435591220856 0.008434629999101162 -0.07793086767196655 0.046744454652071 -0.12714046239852905 0.134344220161438 0.05015655606985092 -0.10414460301399231 -0.002455590758472681 0.14717735350131989 -0.023331712931394577 0.12815015017986298 0.03849373757839203 -0.07045164704322815 0.037198472768068314 -0.09483607858419418 0.15571261942386627 0.12192028760910034 0.22290576994419098 -0.07397771626710892 -0.1579728126525879 0.12493816763162613 0.10756892710924149 -0.06134108453989029 0.10348072648048401 0.08991767466068268 0.03514024615287781 0.05732471123337746 -0.0873042419552803 0.067008376121521 0.15184494853019714 0.05704773589968681 0.06833039969205856 0.0001879468181869015 0.17032583057880402 -0.16071267426013947 0.1303154698293395 0.08362534287095579 0.10533923203671829 0.313137853614259 0.6338669580369382 0.7580177348203277 0.8570633798945058 0.9332692693605892 0.9750152844060379 -1.0023696 -0.89547193 -0.8708376 -0.7291185 -0.60923225 -0.67058104 -0.77779794 -0.7693885 -0.9473089 -1.0733191 -0.91415477 -0.81331307 -0.57352346 -0.39908504 -0.53325236 -0.64751184 -0.7320568 -0.937348
1 400 0.07914543896913528 0.004019835032522678 0.0633760318160057 -0.05654720216989517 -0.046476978808641434 -0.0986800268292427 -0.0002716183371376246 0.08989543467760086 0.00029057389474473894 -0.0030897778924554586 -0.08609966188669205 0.07595857232809067 -0.06445572525262833 0.04231448471546173 0.009861083701252937 -0.038032982498407364 -0.11126569658517838 -0.03596842661499977 0.12524715065956116 0.07049388438463211 -0.06646121293306351 -0.0022402533795684576 -0.05089349299669266 0.19245736300945282 0.06961367279291153 -0.15192846953868866 -0.08111350238323212 0.08764480799436569 0.06356450170278549 0.145630344748497 -0.1782064139842987 -0.04044580087065697 -0.022171322256326675 0.10481029003858566 -0.0754275768995285 0.08139433711767197 0.12517984211444855 -0.02932150661945343 -0.006756380200386047 0.18175449967384338 -0.13596367835998535 -0.010667706839740276 0.032924216240644455 -0.0526282861828804 0.09425767511129379 -0.12760715186595917 0.03668000549077988 0.08075302839279175 -0.005748630501329899 0.09046085923910141 -0.03127476945519447 -0.09900609403848648 -0.05098603293299675 0.13776427507400513 0.013133390806615353 -0.02285975031554699 -0.03236674144864082 -0.14293354749679565 -0.03146662935614586 -0.035037435591220856 0.008434629999101162 -0.07793086767196655 0.046744454652071 -0.12714046239852905 0.134344220161438 0.05015655606985092 -0.10414460301399231 -0.002455590758472681 0.14717735350131989 -0.023331712931394577 0.12815015017986298 0.03849373757839203 -0.07045164704322815 0.037198472768068314 -0.09483607858419418 0.15571261942386627 0.12192028760910034 0.22290576994419098 -0.07397771626710892 -0.1579728126525879 0.12493816763162613 0.10756892710924149 -0.06134108453989029 0.10348072648048401 0.08991767466068268 0.03514024615287781 0.05732471123337746 -0.0873042419552803 0.067008376121521 0.15184494853019714 0.05704773589968681 0.06833039969205856 0.0001879468181869015 0.17032583057880402 -0.16071267426013947 0.054201811723842114 0.05043745367281669 0.07259468523571277 0.21880704860284036 0.4682901819874418 0.4833929559284529 0.767087807402126 0.9172397758255924 0.9657600047202302 -1.0194387 -0.89051807 -0.91078866 -0.76287353 -0.6024907 -0.7387487 -0.8081795 -0.9225145 -0.9610468 -1.0837324 -0.89962757 -0.88027036 -0.62667537 -0.28170666 -0.58996916 -0.68769705 -0.8832252 -0.92907727
2 400 0.07914543896913528 0.004019835032522678 0.0633760318160057 -0.05654720216989517 -0.046476978808641434 -0.0986800268292427 -0.0002716183371376246 0.08989543467760086 0.00029057389474473894 -0.0030897778924554586 -0.08609966188669205 0.07595857232809067 -0.06445572525262833 0.04231448471546173 0.009861083701252937 -0.038032982498407364 -0.11126569658517838 -0.03596842661499977 0.12524715065956116 0.07049388438463211 -0.06646121293306351 -0.0022402533795684576 -0.05089349299669266 0.19245736300945282 0.06961367279291153 -0.15192846953868866 -0.08111350238323212 0.08764480799436569 0.06356450170278549 0.145630344748497 -0.1782064139842987 -0.04044580087065697 -0.022171322256326675 0.10481029003858566 -0.0754275768995285 0.08139433711767197 0.12517984211444855 -0.02932150661945343 -0.006756380200386047 0.18175449967384338 -0.13596367835998535 -0.010667706839740276 0.032924216240644455 -0.0526282861828804 0.09425767511129379 -0.12760715186595917 0.03668000549077988 0.08075302839279175 -0.005748630501329899 0.09046085923910141 -0.03127476945519447 -0.09900609403848648 -0.05098603293299675 0.13776427507400513 0.013133390806615353 -0.02285975031554699 -0.03236674144864082 -0.14293354749679565 -0.03146662935614586 -0.035037435591220856 0.008434629999101162 -0.07793086767196655 0.046744454652071 -0.12714046239852905 0.134344220161438 0.05015655606985092 -0.10414460301399231 -0.002455590758472681 0.14717735350131989 -0.023331712931394577 0.12815015017986298 0.03849373757839203 -0.07045164704322815 0.037198472768068314 -0.09483607858419418 0.15571261942386627 0.12192028760910034 0.22290576994419098 -0.07397771626710892 -0.1579728126525879 0.12493816763162613 0.10756892710924149 -0.06134108453989029 0.10348072648048401 0.08991767466068268 0.03514024615287781 0.05732471123337746 -0.0873042419552803 0.067008376121521 0.15184494853019714 0.05704773589968681 0.06833039969205856 0.0001879468181869015 0.17032583057880402 -0.16071267426013947 0.04925787364215962 0.0381671042552891 0.03643475756676129 0.1275728753614531 0.2885259668651188 0.31539516134368756 0.577990188245918 0.8548834422299518 0.9378914052628045 -1.0603442 -0.5958195 -0.94292444 -0.796168 -0.63807344 -0.67973864 -0.7615651 -0.6763668 -0.87143576 -1.1595776 -0.5911392 -0.92836916 -0.67502576 -0.3988679 -0.5040022 -0.61756575 -0.57613695 -0.8014376
0 400 0.08793938159942627 0.004466483369469643 0.07041781395673752 -0.06283022463321686 -0.05164108797907829 -0.10964448004961014 -0.0003017981653101742 0.09988381713628769 0.000322859879815951 -0.0034330866765230894 -0.0956662967801094 0.08439841866493225 -0.0716174766421318 0.047016095370054245 0.010956759564578533 -0.04225886985659599 -0.12362855672836304 -0.03996491804718971 0.13916350901126862 0.07832653820514679 -0.07384579628705978 -0.0024891705252230167 -0.05654832720756531 0.2138415277004242 0.07734853029251099 -0.1688094139099121 -0.09012611210346222 0.09738311916589737 0.07062722742557526 0.16181150078773499 -0.19800713658332825 -0.04493977874517441 -0.02463480271399021 0.11645588278770447 -0.08380842208862305 0.09043815732002258 0.1390887200832367 -0.0325794517993927 -0.007507089525461197 0.20194944739341736 -0.1510707587003708 -0.011853007599711418 0.03658246248960495 -0.05847587436437607 0.1047307550907135 -0.14178572595119476 0.040755562484264374 0.08972559124231339 -0.006387367378920317 0.1005120724439621 -0.034749746322631836 -0.11000677198171616 -0.056651148945093155 0.15307141840457916 0.01459265686571598 -0.025399724021553993 -0.03596304729580879 -0.15881505608558655 -0.03496292233467102 -0.038930486887693405 0.009371811524033546 -0.08658985793590546 0.05193828418850899 -0.14126718044281006 0.14927135407924652 0.05572950839996338 -0.11571622639894485 -0.002728434279561043 0.1635303944349289 -0.02592412568628788 0.14238905906677246 0.04277082160115242 -0.07827960699796677 0.041331637650728226 -0.10537342727184296 0.17301402986049652 0.13546699285507202 0.24767307937145233 -0.08219746500253677 -0.17552535235881805 0.13882018625736237 0.11952103674411774 -0.06815676391124725 0.11497858911752701 0.09990853071212769 0.03904471918940544 0.06369412690401077 -0.0970047190785408 0.07445375621318817 0.16871660947799683 0.06338637322187424 0.07592266798019409 0.00020882980606984347 0.18925093114376068 -0.17856964468955994 0.1671817676185611 0.07225892524275793 0.09252534137038056 0.3015642096117667 0.6203030176538029 0.7474864160339008 0.8585443896583808 0.9283147721760997 0.9750753141648022 -0.9945866 -0.9656233 -0.88672245 -0.73907137 -0.6204167 -0.69551444 -0.77894765 -0.7447519 -0.93633485 -1.064847 -1.0029378 -0.8403783 -0.59134287 -0.41488522 -0.57104456 -0.6494625 -0.69555104 -0.9218973
1 400 0.08793938159942627 0.004466483369469643 0.07041781395673752 -0.06283022463321686 -0.05164108797907829 -0.10964448004961014 -0.0003017981653101742 0.09988381713628769 0.000322859879815951 -0.0034330866765230894 -0.0956662967801094 0.08439841866493225 -0.0716174766421318 0.047016095370054245 0.010956759564578533 -0.04225886985659599 -0.12362855672836304 -0.03996491804718971 0.13916350901126862 0.07832653820514679 -0.07384579628705978 -0.0024891705252230167 -0.05654832720756531 0.2138415277004242 0.07734853029251099 -0.1688094139099121 -0.09012611210346222 0.09738311916589737 0.07062722742557526 0.16181150078773499 -0.19800713658332825 -0.04493977874517441 -0.02463480271399021 0.11645588278770447 -0.08380842208862305 0.09043815732002258 0.1390887200832367 -0.0325794517993927 -0.007507089525461197 0.20194944739341736 -0.1510707587003708 -0.011853007599711418 0.03658246248960495 -0.05847587436437607 0.1047307550907135 -0.14178572595119476 0.040755562484264374 0.08972559124231339 -0.006387367378920317 0.1005120724439621 -0.034749746322631836 -0.11000677198171616 -0.056651148945093155 0.15307141840457916 0.01459265686571598 -0.025399724021553993 -0.03596304729580879 -0.15881505608558655 -0.03496292233467102 -0.038930486887693405 0.009371811524033546 -0.08658985793590546 0.05193828418850899 -0.14126718044281006 0.14927135407924652 0.05572950839996338 -0.11571622639894485 -0.002728434279561043 0.1635303944349289 -0.02592412568628788 0.14238905906677246 0.04277082160115242 -0.07827960699796677 0.041331637650728226 -0.10537342727184296 0.17301402986049652 0.13546699285507202 0.24767307937145233 -0.08219746500253677 -0.17552535235881805 0.13882018625736237 0.11952103674411774 -0.06815676391124725 0.11497858911752701 0.09990853071212769 0.03904471918940544 0.06369412690401077 -0.0970047190785408 0.07445375621318817 0.16871660947799683 0.06338637322187424 0.07592266798019409 0.00020882980606984347 0.18925093114376068 -0.17856964468955994 0.07315086312111028 0.04593854695932957 0.06458690750426992 0.20067797829820663 0.4421649521541882 0.4615556367798407 0.7490808897601934 0.9083762882054005 0.9693193426836197 -1.000471 -0.9426737 -0.92009693 -0.7707436 -0.6107485 -0.7500347 -0.81323445 -0.8968969 -0.9372299 -1.054235 -0.9707228 -0.8951405 -0.63916767 -0.32899603 -0.6059336 -0.69440126 -0.84147036 -0.91636384
2 400 0.08793938159942627 0.004466483369469643 0.07041781395673752 -0.06283022463321686 -0.05164108797907829 -0.10964448004961014 -0.0003017981653101742 0.09988381713628769 0.000322859879815951 -0.0034330866765230894 -0.0956662967801094 0.08439841866493225 -0.0716174766421318 0.047016095370054245 0.010956759564578533 -0.04225886985659599 -0.12362855672836304 -0.03996491804718971 0.13916350901126862 0.07832653820514679 -0.07384579628705978 -0.0024891705252230167 -0.05654832720756531 0.2138415277004242 0.07734853029251099 -0.1688094139099121 -0.09012611210346222 0.09738311916589737 0.07062722742557526 0.16181150078773499 -0.19800713658332825 -0.04493977874517441 -0.02463480271399021 0.11645588278770447 -0.08380842208862305 0.09043815732002258 0.1390887200832367 -0.0325794517993927 -0.007507089525461197 0.20194944739341736 -0.1510707587003708 -0.011853007599711418 0.03658246248960495 -0.05847587436437607 0.1047307550907135 -0.14178572595119476 0.040755562484264374 0.08972559124231339 -0.006387367378920317 0.1005120724439621 -0.034749746322631836 -0.11000677198171616 -0.056651148945093155 0.15307141840457916 0.01459265686571598 -0.025399724021553993 -0.03596304729580879 -0.15881505608558655 -0.03496292233467102 -0.038930486887693405 0.009371811524033546 -0.08658985793590546 0.05193828418850899 -0.14126718044281006 0.14927135407924652 0.05572950839996338 -0.11571622639894485 -0.002728434279561043 0.1635303944349289 -0.02592412568628788 0.14238905906677246 0.04277082160115242 -0.07827960699796677 0.041331637650728226 -0.10537342727184296 0.17301402986049652 0.13546699285507202 0.24767307937145233 -0.08219746500253677 -0.17552535235881805 0.13882018625736237 0.11952103674411774 -0.06815676391124725 0.11497858911752701 0.09990853071212769 0.03904471918940544 0.06369412690401077 -0.0970047190785408 0.07445375621318817 0.16871660947799683 0.06338637322187424 0.07592266798019409 0.00020882980606984347 0.18925093114376068 -0.17856964468955994 0.05698052390894689 0.03261069416402628 0.032277842800783524 0.11206319628308457 0.27526899786114295 0.29369548576401366 0.5573492429904775 0.8448599923947465 0.9397996856792277 -1.0553318 -0.64663374 -0.9622954 -0.8113627 -0.6463307 -0.69530195 -0.7645569 -0.654937 -0.8684019 -1.1531565 -0.65723366 -0.9587352 -0.70068467 -0.41003135 -0.52831894 -0.6226467 -0.5417633 -0.8012441
-0.050776742 0.10723068 0.22181056 0.013068744 
0.03320921 -0.06399196 -0.053267267 0.12332706 
0.0820598 0.0029375756 0.025467925 0.15328602 
0.050914593 -0.066454865 -0.021896387 -0.017458424 
-0.04099148 -0.023555882 0.14073493 -0.06121369 
0.15335706 -0.056769338 0.024420291 -0.13227779 
-0.16465376 -0.01542382 0.033215184 0.026076283 
0.10731113 0.10763687 0.038499333 0.02876804 
-0.0153067205 -0.04786661 -0.07478123 0.08210761 
0.065656476 0.014378574 0.0891136 -0.025675032 
-0.112448476 -0.11425025 0.0119845 -0.0038386886 
-0.023620661 0.092203274 0.20996995 0.032434847 
0.2078509 -0.039635964 0.10374718 -0.07277709 
0.022759588 0.024066664 -0.111275904 0.051857408 
0.03226693 -0.024941178 0.09504771 0.07731134 
0.14019556 -0.0052185953 0.04062229 -0.07717415 
-0.09992149 -0.044915844 -0.04798116 -0.19585234 
0.20083503 0.0068740947 -0.0012418043 -0.09584886 
-0.10177603 0.2166845 0.071735226 -0.08604842 
0.13597941 0.04170592 0.03754015 0.10214574 
-0.0426059 -0.10113132 0.110736266 0.029126273 
-0.012690448 -0.0014484427 0.009934846 -0.0023966972 
-0.13382877 -0.14213607 0.03149675 0.13396378 
-0.09601024 0.19138049 -0.1505368 0.10807556 
0.07723029 0.14619811 -0.09074581 -0.10130296 
-0.17554294 -0.17521381 0.03126123 -0.053602707 
-0.015920928 -0.07165861 0.034809977 -0.06537637 
-0.083644934 0.021537803 0.075590424 0.17852269 
0.07828068 0.12667449 -0.07946238 -0.07963778 
-0.14657107 0.074038245 -0.0117275175 0.21661302 
0.10795914 -0.19521455 -0.06709781 -0.082012564 
-0.06639898 0.03661202 -0.19259228 -0.18129684 
0.079932526 -0.0444944 0.13141344 0.03846944 
0.18316786 0.052268706 -0.11315152 0.15674171 
0.09799844 -0.11945945 0.07989691 0.041622464 
-0.09588963 -0.013163332 0.04915678 0.22427815 
0.1721751 0.10038878 0.0731701 0.13225839 
0.051455714 -0.0031626476 -0.047431402 -0.06818012 
0.15148483 0.027790857 -0.036933996 -0.06637378 
-0.17306623 0.11848165 -0.06670975 0.21919963 
-0.08447214 -0.14849687 0.052897494 -0.059589025 
-0.13825549 0.05850922 0.21783862 -0.119896695 
0.17930028 0.028172385 0.041963756 0.03634666 
0.17490177 -0.020223174 -0.021462433 -0.089250945 
-0.14043884 0.107673414 0.01749144 0.03206097 
0.22333111 -0.15084867 -0.04875268 -0.035220664 
0.14842072 0.058877632 0.20472303 0.0008173231 
-0.1552409 0.09438196 0.082348555 0.027724445 
0.16235423 -0.061351832 0.117724754 0.11023507 
-0.025432741 0.13672993 0.027246024 -0.026797287 
0.013705778 -0.10373188 -0.018919753 0.11160558 
-0.09996166 -0.098567314 -0.009189404 -0.06523468 
-0.12677236 -0.011790982 0.04943034 -0.102394134 
0.103677474 0.19619416 0.066924915 -0.013692819 
-0.052116144 -0.010819492 -0.13746026 0.040482864 
0.12098481 0.048883814 -0.035696395 -0.14479169 
0.0076072947 -0.039957196 0.07845341 -0.0002937268 
-0.09591785 -0.10850108 0.21829036 -0.13761795 
0.074583665 0.004050205 0.10016066 -0.07516516 
-0.04312068 -0.072258405 0.028402107 0.047201194 
0.090685256 0.076071315 0.16939475 -0.10348653 
0.14767808 -0.14973062 -0.024147656 0.08418116 
0.039756056 0.054238807 0.01558061 0.017415116 
0.08762131 -0.07533804 -0.09321417 -0.17815977 
0.0066441945 0.17466664 -0.21276434 -0.00565461 
0.013769012 0.0677163 0.14289707 0.00995545 
0.13126324 -0.10145639 0.04458132 -0.06319544 
0.102374166 0.049126595 0.09494746 -0.08618809 
0.14516418 0.20810562 -0.09612481 -0.023449605 
-0.005054162 -0.08177264 -0.107697055 0.08401031 
-0.09553466 0.14210121 0.06963808 0.05699928 
0.07501647 0.03504094 0.06362963 0.036608648 
0.060742475 0.029816797 0.0060126595 -0.2246519 
0.10447988 0.1446382 -0.06387817 -0.1750551 
0.14831027 -0.15559676 0.022398243 0.057009123 
-0.061459284 0.15154877 -0.042153586 0.09968498 
-0.06853029 0.21180975 0.07763638 -0.084084615 
-0.06939024 0.19143517 -0.119222224 0.18530108 
-0.10363207 -0.06690024 0.017667579 -0.05991336 
-0.111988 -0.19838832 -0.114124104 -0.035355784 
0.08379706 0.07935723 0.067411356 0.16753173 
0.1110698 0.12534781 -0.053963162 0.032945324 
-0.1648372 -0.05940176 0.019873597 -0.043963835 
0.12266782 0.110359825 0.098310344 0.061760988 
-0.111246645 0.17777193 0.05869905 -0.10261966 
0.014806772 0.069716394 0.06036344 -0.036436826 
-0.11929618 0.027368274 -0.010880767 0.08661082 
-0.016723683 -0.07094858 0.10352102 -0.07675681 
0.009840817 0.10477613 0.2176853 -0.011010026 
0.10110542 0.176756 0.025573354 0.053044047 
0.12119117 0.066666745 -0.081011064 0.0147135295 
0.15022558 0.039371256 0.0286063 0.100788206 
-0.13717714 -0.022474073 -0.0019183619 0.038102515 
0.15063117 0.11467549 -0.091006264 0.20393904 
0.08706373 -0.23074242 -0.056976613 0.025760313 
