NR_0029 NR_0031 NR_0028 NR_0024 NYU-65 NR_0027 UCLA049 PL015 NR_0021 KS091 KS096 KS094 NR_0020 NR_0019 SWC_066 UCLA044 KS086 UCLA035 UCLA033 UCLA037 UCLA034 PL017 NYU-45 NYU-48 NYU-47 NYU-46 ibl_witten_29 ZFM-02372 NYU-39 KS051 ZFM-02370 NYU-40 ZFM-01937 ZFM-01935 NYU-37 ibl_witten_26 ZFM-01936 ibl_witten_27 SWC_058 KS044 ibl_witten_25 KS043 KS046 ZFM-01576 SWC_061 SWC_060 KS042 SWC_053 ZFM-01577 ZFM-01592 SWC_052 NYU-30 DY_018 SWC_054 DY_020 SWC_043 CSH_ZAD_029 DY_016 CSH_ZAD_026 ibl_witten_20 ibl_witten_18 NYU-21 CSH_ZAD_019 CSH_ZAD_025 SWC_038 ibl_witten_17 ZM_3003 ibl_witten_19 DY_014 SWC_042 CSHL058 CSH_ZAD_022 CSH_ZAD_011 CSHL060 DY_013 DY_009 CSHL059 DY_008 CSHL045 NYU-11 CSHL052 DY_011 CSHL053 ZM_2241 DY_010 ZM_2240 NYU-12 CSHL047 CSHL049 ZM_1898 KS023 KS016 KS014 ZM_1897 ibl_witten_13 
0 2.527258 1.1599616 0.7766998 3.1295495 1.3260012 0.4455943
1 2.3360784 1.1215644 0.82411927 2.08071 0.9678804 0.8231762
2 2.326639 1.117317 0.82394373 2.0792823 0.96690065 0.82305974
3 2.3153858 1.1114717 0.8244196 2.0881612 0.9706259 0.821974
4 2.3029342 1.1044949 0.82508415 2.1059973 0.9791845 0.8220172
5 2.2919843 1.0981891 0.8254975 2.1281219 0.991235 0.82184833
6 2.2836452 1.0933278 0.8254647 2.1446574 1.0016558 0.8224102
7 2.277218 1.089693 0.8253669 2.151818 1.0067557 0.8220385
8 2.2719755 1.0868341 0.8255551 2.1562097 1.0097518 0.8218111
9 2.2677028 1.0845593 0.82577354 2.1589494 1.0110413 0.8214
10 2.2640154 1.0826538 0.82622397 2.1606553 1.0115492 0.82265264
11 2.2609878 1.0811368 0.82658327 2.1613235 1.0109504 0.8222798
12 2.2585666 1.0799099 0.82663625 2.1626444 1.0105805 0.82223743
13 2.2565694 1.0788581 0.8266641 2.1635349 1.0101955 0.82202756
14 2.2548862 1.0779926 0.82677037 2.1656766 1.0104964 0.82176685
15 2.2534595 1.0772903 0.82661057 2.1663187 1.010112 0.8222185
16 2.252096 1.0766073 0.82674325 2.1683478 1.0104116 0.82277405
17 2.250936 1.076016 0.8267566 2.170003 1.0106636 0.822786
18 2.2499232 1.075533 0.8267056 2.1710865 1.0108918 0.82249326
19 2.249029 1.0751164 0.8267235 2.1722186 1.0110695 0.8208893
20 2.2482514 1.074737 0.8269207 2.1730556 1.0113829 0.8212293
21 2.2473793 1.0743189 0.8268877 2.1733785 1.0112091 0.8211482
22 2.2466388 1.0739542 0.8269034 2.1750798 1.0119152 0.8204372
23 2.2459755 1.0736642 0.82694507 2.176597 1.0124042 0.8201402
24 2.2452834 1.073338 0.8269423 2.1758041 1.0116402 0.82001173
25 2.2445946 1.0730352 0.8268691 2.1783059 1.0126737 0.8196994
26 2.2438936 1.072727 0.8269775 2.1775749 1.0122639 0.8196994
27 2.243284 1.0724653 0.8269358 2.181377 1.0139649 0.82023793
28 2.242632 1.0721382 0.8269888 2.1811285 1.0136646 0.82023793
29 2.242074 1.071897 0.8265529 2.181112 1.0131366 0.82023793
30 2.2414901 1.0716591 0.82645637 2.1828356 1.0140461 0.8210752
31 2.240954 1.0714262 0.8266267 2.1833873 1.014196 0.8211846
32 2.2404072 1.0712159 0.8266549 2.1842713 1.0144689 0.8205273
33 2.2399328 1.0709692 0.8266664 2.1842968 1.0142884 0.8205273
34 2.2394524 1.070769 0.8266388 2.185303 1.0149612 0.8205273
35 2.2389867 1.0705618 0.8266748 2.18605 1.014959 0.82023555
36 2.238425 1.0703217 0.8268613 2.1851082 1.0146285 0.8205273
37 2.2380068 1.070163 0.82715434 2.1871033 1.0152271 0.82023555
38 2.237532 1.0699607 0.82717115 2.1854014 1.0143623 0.82023555
39 2.2370763 1.0698026 0.82720494 2.1882083 1.0154835 0.82023555
40 2.2366936 1.0696496 0.8272675 2.186879 1.014731 0.82024205
41 2.2363012 1.0694782 0.8272461 2.1883523 1.0152905 0.8200302
42 2.235912 1.0693276 0.82728267 2.188239 1.0150443 0.8196619
43 2.23553 1.0691556 0.8274873 2.1902404 1.0157144 0.8196619
44 2.235191 1.0690165 0.8274632 2.1889606 1.0151829 0.81932074
45 2.2348154 1.0688682 0.8276387 2.1914928 1.0159094 0.81932074
46 2.2344837 1.0687399 0.82774794 2.191275 1.0157678 0.81932074
47 2.2341077 1.0685672 0.8278205 2.193025 1.0163478 0.819386
48 2.233803 1.0684776 0.8277661 2.192622 1.0161495 0.81954527
49 2.233426 1.0683159 0.82765365 2.1944246 1.0169861 0.8195187
50 2.2330525 1.0681493 0.8274649 2.1942456 1.0169058 0.81954527
51 2.2326856 1.0680392 0.8273522 2.1954668 1.0172575 0.81934273
52 2.2323835 1.067912 0.8274711 2.195369 1.0172468 0.81956726
53 2.2321167 1.0678073 0.827451 2.1968212 1.0178472 0.81934273
54 2.231804 1.0676951 0.8274711 2.1946595 1.016516 0.81956345
55 2.2314992 1.0675694 0.8274741 2.1970382 1.0178602 0.8198546
56 2.2313063 1.0674521 0.8274669 2.1966112 1.0173551 0.81954044
57 2.2309632 1.0673212 0.8275395 2.198348 1.0183645 0.81949604
58 2.2307255 1.0671983 0.8274378 2.1991522 1.0189552 0.8195277
59 2.2303803 1.0670481 0.8275106 2.2001257 1.019059 0.81978524
60 2.2300987 1.066907 0.8275768 2.1996875 1.0186777 0.8196788
61 2.2298925 1.0668124 0.8275813 2.2004125 1.0189759 0.8196788
62 2.2296436 1.0667243 0.8277344 2.2002976 1.0188805 0.8199645
63 2.229407 1.0665976 0.8277138 2.2019403 1.0196414 0.8200383
64 2.2291675 1.0664804 0.8276771 2.2008371 1.0190763 0.820168
65 2.2289972 1.0663989 0.82764196 2.2033498 1.0202174 0.81990474
66 2.228759 1.0662711 0.827705 2.2010229 1.0190328 0.8202119
67 2.2284951 1.0661703 0.8276598 2.2038589 1.0204594 0.8202119
68 2.2283826 1.066087 0.8277181 2.2018745 1.0195584 0.82050365
69 2.2281866 1.0659964 0.82775 2.2039244 1.0203693 0.8202119
70 2.2279928 1.0659238 0.8277831 2.2019918 1.0191654 0.82050365
71 2.2277935 1.0658096 0.82775545 2.2046578 1.0204396 0.82050365
72 2.2276523 1.0657794 0.8277195 2.2015078 1.0186106 0.82050365
73 2.227498 1.0657074 0.82783175 2.204457 1.0198832 0.8199534
74 2.2272413 1.0655755 0.8276747 2.2030625 1.019321 0.8202301
75 2.2270713 1.0655165 0.8276747 2.2047288 1.0201783 0.81944877
76 2.2267907 1.0653913 0.82775015 2.203086 1.0192502 0.8197406
77 2.2267618 1.0653895 0.8277769 2.204396 1.0196917 0.81944877
78 2.2264905 1.0652561 0.827774 2.2039354 1.019659 0.8208076
79 2.2263832 1.0652094 0.8276563 2.205437 1.0203938 0.8209662
80 2.2261872 1.0651088 0.82773983 2.2032847 1.0191964 0.8212764
81 2.2261193 1.0650845 0.82778543 2.2060673 1.0205249 0.82092935
82 2.2259705 1.0649837 0.8276879 2.2040956 1.019677 0.8210001
83 2.2258058 1.0649394 0.82761574 2.2059257 1.0205184 0.82081777
84 2.2256854 1.0648894 0.8275673 2.204675 1.0200166 0.8210001
85 2.225558 1.0648365 0.827528 2.2053986 1.0204759 0.82063264
86 2.2254498 1.0647972 0.8275679 2.2040613 1.0194718 0.82081777
87 2.2252269 1.0646796 0.8277958 2.205605 1.0205741 0.82081777
88 2.2251062 1.0646572 0.827661 2.2040057 1.0197074 0.82081777
89 2.2249498 1.0645809 0.82784927 2.2065375 1.0209572 0.82052594
90 2.2248173 1.0644823 0.8280205 2.204169 1.0195943 0.82081777
91 2.2246923 1.0644253 0.8278232 2.2068455 1.0211602 0.82063234
92 2.224489 1.0643274 0.82794833 2.2050598 1.0199987 0.82081777
93 2.2244184 1.0642817 0.8279707 2.2069862 1.02103 0.82046425
94 2.224284 1.064218 0.8280003 2.2049184 1.0198208 0.82081777
95 2.2241914 1.0641819 0.828116 2.206675 1.0208606 0.82058764
96 2.2240512 1.0641207 0.8279814 2.204606 1.0199112 0.82081777
97 2.2239118 1.0639842 0.8280188 2.2057004 1.0203828 0.8208375
98 2.2238672 1.0640117 0.8280335 2.2040088 1.0194001 0.8207111
99 2.223669 1.063895 0.8280323 2.205487 1.0204619 0.8203828
100 2.2236397 1.063917 0.82805616 2.2045064 1.019647 0.8208677
101 2.2235172 1.063876 0.8280935 2.2055235 1.0204812 0.8206291
102 2.2234364 1.063825 0.828028 2.2049127 1.0197206 0.8205774
103 2.2233062 1.0637555 0.82795936 2.2044353 1.0198863 0.8206344
104 2.2232158 1.0637214 0.8281328 2.20558 1.0198048 0.82036304
105 2.2231266 1.0636863 0.8280768 2.2058651 1.0203959 0.82021195
106 2.2229557 1.063637 0.8281959 2.205704 1.0202285 0.820515
107 2.2228103 1.0635183 0.82804537 2.2067578 1.0207181 0.8200731
108 2.222833 1.0634967 0.8281808 2.2058694 1.0202904 0.82019573
109 2.2226808 1.0634658 0.82805073 2.2072535 1.0210437 0.82033706
110 2.2224488 1.0633478 0.8282532 2.2070928 1.0208974 0.82056206
111 2.222397 1.0633333 0.82815564 2.2084484 1.0211673 0.8202306
112 2.2223983 1.0633497 0.82815856 2.2087216 1.0220445 0.82050455
113 2.222258 1.0632373 0.82819486 2.2070909 1.0205454 0.82042426
114 2.2222078 1.0632269 0.8283013 2.2069244 1.0209359 0.82051384
115 2.2220795 1.0632061 0.8282109 2.2075183 1.0210078 0.8201139
116 2.2219598 1.0631188 0.82824975 2.2081132 1.0216923 0.8201877
117 2.2219043 1.0630575 0.8282218 2.2073631 1.0210105 0.8201877
118 2.221687 1.0629773 0.828198 2.2080064 1.0214607 0.8198975
119 2.2217107 1.0629835 0.8280212 2.2081141 1.0212821 0.82005715
120 2.2215014 1.0628971 0.8282185 2.2077513 1.0212629 0.8200606
121 2.2214081 1.0628207 0.82804674 2.2083075 1.0215094 0.82038325
122 2.2212923 1.0628024 0.82797325 2.2092373 1.0223595 0.81999075
123 2.2212129 1.0627414 0.8279644 2.2090511 1.0218166 0.81977487
124 2.2211437 1.0626965 0.82784414 2.2074847 1.0213654 0.8196514
125 2.221048 1.062706 0.8279771 2.2079418 1.0214287 0.81977487
126 2.2210014 1.0626224 0.8280507 2.2072077 1.0212922 0.81977534
127 2.2207634 1.0625753 0.82798696 2.2079282 1.0217217 0.8198896
128 2.2208123 1.0625786 0.82805604 2.206031 1.0208634 0.8205436
129 2.2206411 1.0624623 0.8281032 2.2083035 1.0220612 0.81972176
130 2.2206297 1.06249 0.82812154 2.206342 1.0210787 0.8198568
131 2.220546 1.0624171 0.82803905 2.2068245 1.0212563 0.819905
132 2.2204478 1.0623896 0.828199 2.207962 1.0217065 0.8200847
133 2.220416 1.0623133 0.8282273 2.207086 1.0216208 0.8204774
134 2.2202554 1.0622699 0.8283326 2.2066772 1.0208224 0.8201095
135 2.2202785 1.062255 0.8282765 2.2081373 1.022043 0.8203535
136 2.220237 1.0622315 0.8282377 2.208229 1.0216936 0.8202671
137 2.2200818 1.0621687 0.8282331 2.2070713 1.02145 0.8201437
138 2.2201223 1.0621439 0.82830393 2.2080286 1.0216371 0.8202671
139 2.219983 1.0621231 0.8281282 2.206252 1.0208321 0.82055885
140 2.2199776 1.0620872 0.82826227 2.2075188 1.021313 0.8198939
141 2.2198973 1.0620856 0.8281092 2.2065904 1.0211309 0.8204769
142 2.2197874 1.0620106 0.8281277 2.2074292 1.0211226 0.8205688
143 2.219771 1.0620043 0.8280865 2.2063146 1.0210918 0.820368
144 2.219726 1.0619972 0.8280469 2.2067177 1.0206872 0.8205229
145 2.2195532 1.0619287 0.82800317 2.2059717 1.0205002 0.82027704
146 2.2195888 1.0619168 0.82806754 2.2082615 1.0217072 0.8205374
147 2.2193463 1.0617597 0.8279527 2.2058914 1.0203222 0.8206309
148 2.2193246 1.0617929 0.82800084 2.209403 1.0223774 0.82066077
149 2.2193055 1.0617466 0.82799125 2.2053096 1.0203446 0.8209228
150 2.2191048 1.0617077 0.82800865 2.2068965 1.0213776 0.82041395
151 2.2192466 1.0618091 0.82798505 2.2068577 1.0212274 0.82066077
152 2.219227 1.0617096 0.82799256 2.2062936 1.020833 0.82014954
153 2.2189472 1.0616078 0.8280615 2.2071798 1.0211805 0.8203347
154 2.2188768 1.0615637 0.82811177 2.2060146 1.0207967 0.82008785
155 2.2189775 1.0616486 0.8280904 2.208686 1.0219693 0.81985253
156 2.2185667 1.0614516 0.82806265 2.205307 1.0199122 0.8205544
157 2.2186937 1.0615106 0.82799417 2.2074661 1.021277 0.8202282
158 2.2188683 1.0615516 0.828082 2.2060819 1.0206735 0.8202282
159 2.218581 1.0614808 0.82787514 2.2055333 1.0205216 0.81956625
160 2.218704 1.0615002 0.8279453 2.2070572 1.0208064 0.8200431
161 2.2185647 1.0614135 0.82796496 2.2059798 1.0204382 0.8199814
162 2.2184815 1.061398 0.82796365 2.2064564 1.0209062 0.82009083
163 2.2185652 1.0614015 0.8279455 2.2055993 1.0201128 0.8199814
164 2.2182922 1.0613059 0.82821923 2.2048838 1.0198791 0.8201021
165 2.2184176 1.0613525 0.82803047 2.2062912 1.0206714 0.81997865
166 2.218216 1.0612873 0.8281889 2.2043226 1.019343 0.8199521
167 2.2182083 1.0612918 0.8280587 2.205528 1.0201496 0.8197782
168 2.218136 1.0612249 0.82808465 2.2072248 1.0213875 0.8197782
169 2.218069 1.0611664 0.8281184 2.2048302 1.0200754 0.81996334
170 2.2179015 1.0611693 0.82827294 2.2054205 1.0199155 0.81966347
171 2.2178268 1.0610703 0.82823896 2.204588 1.0197731 0.8197782
172 2.2179854 1.0611618 0.8282438 2.206665 1.0210425 0.8196269
173 2.2178917 1.061099 0.82815146 2.2045014 1.0195208 0.8197782
174 2.217688 1.061048 0.8281764 2.205587 1.0200967 0.8197782
175 2.2178094 1.061011 0.8281191 2.2052374 1.0197291 0.8197782
176 2.2176185 1.0610291 0.82813936 2.2072237 1.0210335 0.81951165
177 2.2176652 1.0610276 0.82817626 2.2063465 1.0203375 0.81998855
178 2.217658 1.0610039 0.8283551 2.20732 1.0208917 0.8194499
179 2.2175868 1.0609561 0.8282917 2.205856 1.020055 0.8197417
180 2.217462 1.0609326 0.82841694 2.2064614 1.0205573 0.8194499
181 2.2174387 1.0608853 0.82832897 2.206688 1.0202878 0.8193819
182 2.2172601 1.0608007 0.82824 2.2061677 1.020504 0.8194499
183 2.2172678 1.0607946 0.82829744 2.2054224 1.0197873 0.81964356
184 2.21721 1.0607573 0.8284087 2.2081523 1.0216569 0.8192444
185 2.2171113 1.0607411 0.8282969 2.207129 1.021041 0.81950504
186 2.2170959 1.0607121 0.8283754 2.2066839 1.020653 0.81953615
187 2.216976 1.0606815 0.8282917 2.2070537 1.0203431 0.8194499
188 2.2169526 1.060632 0.8282122 2.2070465 1.0207175 0.8197959
189 2.2168298 1.0606074 0.828455 2.2059236 1.0201234 0.8190024
190 2.2166843 1.0605922 0.8284483 2.2067723 1.020662 0.8192342
191 2.2167232 1.0605379 0.8284905 2.206846 1.020671 0.81876075
192 2.216615 1.060545 0.8284586 2.2075381 1.0209639 0.8192342
193 2.2166138 1.0605234 0.8283233 2.2074754 1.0210294 0.81889397
194 2.2164752 1.0604786 0.82852745 2.2059436 1.0201995 0.8191329
195 2.2164538 1.060424 0.82845587 2.2069893 1.0207573 0.8190647
196 2.21643 1.0604593 0.82861644 2.2071948 1.0209796 0.8189091
197 2.2162938 1.0604123 0.82849973 2.2074277 1.020431 0.8189828
198 2.2162611 1.0604068 0.82857203 2.2065926 1.0205804 0.8190589
199 2.2162106 1.060378 0.82847005 2.2076228 1.0211358 0.8187565
200 2.2162728 1.0603569 0.8285769 2.208282 1.0208031 0.8195082
201 2.2159588 1.0603 0.828675 2.2062309 1.0196673 0.81861794
202 2.2159479 1.06022 0.8286897 2.2068918 1.0203329 0.81880563
203 2.2159684 1.0602648 0.8288709 2.2080247 1.020676 0.81883687
204 2.2158844 1.0602404 0.82879734 2.2079468 1.020904 0.8188422
205 2.2158837 1.0602651 0.82867837 2.2076213 1.0202614 0.8187371
206 2.2159002 1.0602362 0.82864696 2.2063584 1.019877 0.81969064
207 2.2156873 1.0601068 0.8288495 2.2077441 1.0202874 0.8198054
208 2.2156298 1.0601497 0.8287569 2.2061875 1.019639 0.81968427
209 2.2155585 1.0600764 0.8288347 2.2088294 1.0213158 0.81955874
210 2.2156372 1.0601315 0.8288589 2.20773 1.020457 0.8195344
211 2.2154682 1.0600674 0.82880557 2.2064254 1.0196221 0.81953335
212 2.215527 1.0600613 0.82871765 2.2070673 1.0199736 0.8195602
213 2.21542 1.0599831 0.8290358 2.20694 1.0196686 0.8194455
214 2.2154555 1.0600482 0.8287838 2.2081223 1.02035 0.81951207
215 2.215366 1.0599611 0.8288347 2.2063563 1.0191447 0.81951207
216 2.215296 1.0599506 0.82888013 2.207937 1.0209931 0.8197336
217 2.215238 1.0599012 0.8287353 2.2071311 1.0198817 0.81928396
218 2.2151942 1.0598824 0.8289045 2.2079318 1.0200329 0.8193622
219 2.2150972 1.0597966 0.8288316 2.2058299 1.0194336 0.819231
220 2.2149832 1.0597972 0.8290711 2.2057183 1.0188057 0.81928396
221 2.2149246 1.0596983 0.8289586 2.2052522 1.0189937 0.81977326
222 2.2148266 1.0596724 0.82905036 2.2066927 1.0194616 0.8190139
223 2.2149448 1.0597626 0.8291332 2.206426 1.0198982 0.81883276
224 2.2147272 1.0596223 0.82913184 2.2068555 1.0194174 0.81861115
225 2.2147927 1.05967 0.82899284 2.2062123 1.0190006 0.81904984
226 2.2147782 1.0596383 0.8289662 2.2060056 1.0190068 0.8188447
227 2.214599 1.0595738 0.82911885 2.205514 1.0186074 0.81906366
228 2.2145524 1.0595456 0.8290283 2.2071106 1.0196302 0.8185962
229 2.214486 1.0594999 0.8291589 2.2065465 1.0192407 0.8189494
230 2.214511 1.059485 0.829056 2.2059498 1.0188447 0.8185359
231 2.2146897 1.0595723 0.8292614 2.2058322 1.0194954 0.8190538
232 2.214448 1.0594907 0.82898575 2.2085824 1.020298 0.8186535
233 2.214407 1.059382 0.82906467 2.2049992 1.0193661 0.8187784
234 2.2143962 1.0594517 0.82890826 2.2067325 1.0194783 0.8189956
235 2.2142835 1.059366 0.8291545 2.205336 1.018353 0.81927454
236 2.2142715 1.0593305 0.8289563 2.2055135 1.0190322 0.8189487
237 2.2141082 1.0592653 0.828903 2.2058828 1.0191427 0.8185334
238 2.21412 1.0592482 0.8289885 2.2034957 1.0180781 0.81924045
239 2.214012 1.0592167 0.8289709 2.2064142 1.018907 0.818413
240 2.2140636 1.059221 0.82900983 2.2050247 1.0184429 0.81888473
241 2.213917 1.059117 0.8289877 2.2056458 1.0188966 0.8188937
242 2.2139945 1.0591754 0.82890385 2.2059164 1.0195855 0.81837445
243 2.2138808 1.0590825 0.8289902 2.2053123 1.0190212 0.8181033
244 2.2138305 1.0591061 0.82897174 2.2061672 1.0189071 0.819115
245 2.213839 1.0590496 0.82889235 2.204356 1.0181872 0.8187992
246 2.2137344 1.0590304 0.8288368 2.2051835 1.0180587 0.81792945
247 2.213619 1.0589352 0.829 2.2022846 1.0167887 0.8183336
248 2.213695 1.0589994 0.8287553 2.2045991 1.0185965 0.8181247
249 2.2135134 1.0589137 0.82905453 2.2066543 1.019369 0.8180738
250 2.2136672 1.0589595 0.82895494 2.203347 1.0177941 0.81764644
251 2.2134902 1.0588626 0.82891965 2.2052422 1.0182968 0.81831586
252 2.2134314 1.05883 0.82894635 2.2033834 1.0173774 0.8177333
253 2.213393 1.0588119 0.82909 2.2070234 1.0193739 0.8180261
254 2.2134027 1.0588201 0.82886374 2.203265 1.0179421 0.81742615
255 2.2132514 1.0587257 0.8288908 2.2062776 1.0192826 0.8175361
256 2.2134073 1.0588038 0.82881385 2.2038214 1.0180863 0.8181615
257 2.2133405 1.0586728 0.8288755 2.205122 1.0189935 0.81776375
258 2.2132366 1.0587635 0.8287957 2.2054949 1.0186948 0.81726027
259 2.2131617 1.0586866 0.8287957 2.2034073 1.0174309 0.8184951
260 2.2130816 1.058613 0.828708 2.202194 1.017184 0.8179351
261 2.2130837 1.0586427 0.82875144 2.204773 1.0178509 0.8172992
262 2.2130337 1.0585548 0.8287027 2.2026787 1.0172995 0.8178365
263 2.2130659 1.0586393 0.8287033 2.2045257 1.0180209 0.81797713
264 2.2129335 1.0585428 0.8287771 2.2030218 1.0171332 0.81816316
265 2.212889 1.0585366 0.82867473 2.2039475 1.0176822 0.81750023
266 2.2128105 1.0584593 0.8286812 2.2043376 1.0180866 0.81723946
267 2.2128034 1.0584749 0.828737 2.2035298 1.017585 0.81810945
268 2.2127194 1.0584201 0.8287787 2.2056687 1.0183327 0.8181878
269 2.2127507 1.0584757 0.8287202 2.201967 1.0166143 0.8175646
270 2.2125578 1.0583576 0.82882875 2.2032444 1.0175378 0.8175547
271 2.2125623 1.0583671 0.8287243 2.2044017 1.0173396 0.8177423
272 2.2124588 1.0582546 0.8286693 2.2017987 1.0163513 0.8180799
273 2.2123516 1.0582405 0.82872504 2.2034988 1.0176136 0.81792474
274 2.212402 1.0582881 0.82877696 2.2023056 1.0171509 0.8183176
275 2.21253 1.0583555 0.82873774 2.2041636 1.0176296 0.81823313
276 2.2123296 1.0582755 0.8287879 2.204068 1.0181264 0.8181349
277 2.2123778 1.0582411 0.8288232 2.2016592 1.0171323 0.8173879
278 2.21224 1.0582134 0.82878745 2.2042608 1.0182029 0.81792027
279 2.212139 1.0581113 0.8287137 2.2035618 1.017617 0.8184333
280 2.2121205 1.0581173 0.82871354 2.2054129 1.0186496 0.81824994
281 2.2120178 1.058087 0.8285148 2.2016196 1.0161879 0.81860274
282 2.2120607 1.0581238 0.8288993 2.2021449 1.0166153 0.81854814
283 2.2120564 1.0580941 0.8286262 2.2045746 1.0180495 0.81853193
284 2.2120924 1.0581357 0.82880527 2.2043536 1.0178384 0.8183237
285 2.2119036 1.0580149 0.82888186 2.2017198 1.0169804 0.8183397
286 2.2118328 1.0579733 0.8288844 2.2027538 1.0168607 0.81810904
287 2.211753 1.0579591 0.82875276 2.2024362 1.016784 0.8181038
288 2.2117512 1.0579067 0.82873565 2.2011127 1.0161899 0.8173331
289 2.2116902 1.0578598 0.8287014 2.204435 1.0174811 0.81837636
290 2.211815 1.0579591 0.8287303 2.2047732 1.0187045 0.8184638
291 2.2116086 1.0578842 0.8286865 2.2027843 1.0166138 0.81832
292 2.2115996 1.0578347 0.82878006 2.202268 1.0173022 0.81757003
293 2.2116096 1.0578433 0.82891154 2.2026129 1.0170761 0.81810933
294 2.2115276 1.0577824 0.82868475 2.2007189 1.015922 0.8180258
295 2.2112973 1.0576941 0.82879096 2.2020292 1.0158043 0.81855386
296 2.2113829 1.0577356 0.828837 2.2006874 1.0160296 0.8186668
297 2.211473 1.057805 0.82877195 2.2016504 1.0167902 0.8185821
298 2.211335 1.0576664 0.82882446 2.2018044 1.0168252 0.818648
299 2.2112482 1.0576665 0.8288461 2.2003646 1.015901 0.81860274
300 2.2112765 1.057651 0.82881534 2.2021446 1.0168122 0.8187821
301 2.2112591 1.0576551 0.82870376 2.2010605 1.0158999 0.8186216
302 2.2111623 1.0575941 0.8289036 2.2030861 1.0167927 0.81849164
303 2.2110345 1.05754 0.82893294 2.2028215 1.0173041 0.8186509
304 2.211051 1.0575047 0.82873815 2.202026 1.0165511 0.818453
305 2.211112 1.0575181 0.8287384 2.199534 1.0155225 0.8187003
306 2.2109523 1.0574583 0.8287982 2.2009888 1.0157273 0.8185729
307 2.2110033 1.0575181 0.8288042 2.2011735 1.0168078 0.8188202
308 2.2109506 1.0574876 0.82869756 2.2025294 1.0164913 0.8180751
309 2.210937 1.0574777 0.82880324 2.1994705 1.0152373 0.81880474
310 2.2107196 1.0572923 0.8288075 2.2020702 1.016135 0.81911373
311 2.2108438 1.0574251 0.8288792 2.198958 1.0149912 0.8186139
312 2.210621 1.0573199 0.8287641 2.2013032 1.016041 0.8185982
313 2.2107646 1.0573415 0.82878727 2.2004387 1.0154259 0.8188653
314 2.210609 1.0573251 0.8285812 2.1994233 1.0154535 0.8189846
315 2.2106564 1.0573368 0.82871544 2.1999848 1.0151917 0.8193904
316 2.210551 1.0572315 0.82863814 2.1995003 1.0149988 0.819129
317 2.2104871 1.0572424 0.8287321 2.2016683 1.0160882 0.8189292
318 2.210477 1.057161 0.82866436 2.1976624 1.0141902 0.8194765
319 2.2104664 1.0572337 0.8287823 2.1991498 1.0148755 0.8192924
320 2.210547 1.0571972 0.8284938 2.1998537 1.0154283 0.819235
321 2.2104688 1.0571785 0.8285978 2.1979425 1.0140251 0.8195709
322 2.2102926 1.0571163 0.8287596 2.1987312 1.0146906 0.81940526
323 2.2103171 1.057145 0.8286185 2.199356 1.0148752 0.8195449
324 2.2103612 1.0570996 0.82859534 2.1978722 1.014183 0.8196482
325 2.2102697 1.0570616 0.8285587 2.199997 1.015156 0.81924677
326 2.2101815 1.0569803 0.8286458 2.1993372 1.0147929 0.81978106
327 2.210166 1.057051 0.82873327 2.201816 1.0161803 0.8193068
328 2.2101228 1.0569595 0.8286665 2.1984093 1.0144488 0.8192006
329 2.2101252 1.0569637 0.8286811 2.2012637 1.0158434 0.8203653
330 2.210116 1.056943 0.8286828 2.1996145 1.0148427 0.81899947
331 2.2099829 1.0569007 0.82868886 2.1999614 1.0152833 0.8195689
332 2.209997 1.0568446 0.8286705 2.1993074 1.0146303 0.8200076
333 2.2100112 1.0569363 0.82842296 2.1999698 1.0147798 0.81938
334 2.2099273 1.0568131 0.8286883 2.1978483 1.0140027 0.81953514
335 2.2097938 1.0567853 0.82842946 2.1997936 1.0150546 0.8196174
336 2.2100613 1.056885 0.82866085 2.199226 1.0146055 0.81961316
337 2.2096968 1.0566965 0.8285177 2.200496 1.0149066 0.81978405
338 2.2097347 1.0567249 0.8286093 2.198367 1.0143969 0.81919944
339 2.2097576 1.0567008 0.8283952 2.1998208 1.0151544 0.8198051
340 2.2096627 1.0567068 0.8285256 2.198671 1.0142338 0.8198889
341 2.2096534 1.0566661 0.82854795 2.1984653 1.0139421 0.8199501
342 2.2096064 1.0567149 0.82860255 2.197273 1.0135112 0.8192643
343 2.2094367 1.0565387 0.82851326 2.198207 1.0139405 0.8202618
344 2.209584 1.056623 0.82850075 2.1970248 1.0134815 0.81938213
345 2.2094824 1.0565957 0.82864684 2.1995807 1.0139724 0.8190406
346 2.209542 1.0565304 0.828527 2.1960907 1.0132524 0.8193332
347 2.209259 1.0564489 0.82869506 2.2002478 1.0144063 0.81976485
348 2.2093594 1.0565135 0.8286309 2.19599 1.0130236 0.81916994
349 2.2093837 1.0565143 0.82871056 2.1985266 1.0141779 0.8192989
350 2.2093441 1.0564791 0.8285335 2.1990807 1.0147685 0.8193786
351 2.2091482 1.0563505 0.8286144 2.1977022 1.0132133 0.8189699
352 2.2092354 1.0564296 0.82862884 2.1976812 1.0136346 0.8194313
353 2.209085 1.0563165 0.82864165 2.196492 1.013099 0.8189576
354 2.2090516 1.0562834 0.82873994 2.2009773 1.0156442 0.8193389
355 2.2089598 1.0562801 0.82878006 2.1955435 1.0125767 0.818692
356 2.2090297 1.0562994 0.8287466 2.1952958 1.0119569 0.81913227
357 2.2088013 1.0561726 0.82862836 2.1958 1.0125774 0.81899124
358 2.2088099 1.0561711 0.8285414 2.195738 1.0123175 0.8193167
359 2.208835 1.0561403 0.8284608 2.1948917 1.0123541 0.8188136
360 2.2087564 1.0561532 0.8286091 2.1966774 1.0121129 0.8191991
361 2.2086918 1.0560746 0.8285692 2.19263 1.0112382 0.8193328
362 2.2086627 1.0560577 0.82868505 2.1966302 1.0127686 0.81936055
363 2.2086093 1.0560051 0.82838315 2.1959856 1.0127099 0.8189699
364 2.2084796 1.055976 0.82872003 2.195314 1.0120237 0.81934845
365 2.2085583 1.0559989 0.8286485 2.1947007 1.0124832 0.8195677
366 2.2083905 1.0559243 0.82866824 2.1940608 1.0113312 0.8192093
367 2.2085388 1.0559201 0.82861817 2.1974092 1.0130428 0.81902885
368 2.2083387 1.0558949 0.8287861 2.1948853 1.0115926 0.8195358
369 2.2083185 1.0558447 0.8286228 2.196087 1.0127819 0.8194258
370 2.2083535 1.0558373 0.8284756 2.1954067 1.0119269 0.8194465
371 2.2081711 1.0557477 0.8286724 2.1946626 1.0119994 0.8194823
372 2.2082288 1.0557312 0.82861996 2.1955721 1.0118437 0.8193159
373 2.2081156 1.0556985 0.8285525 2.1921375 1.0107132 0.8186591
374 2.208155 1.0556808 0.8287473 2.1951683 1.0114878 0.819229
375 2.2079678 1.0556293 0.8287194 2.191891 1.0105096 0.81935185
376 2.2079802 1.0556328 0.8286182 2.195222 1.0119101 0.8191913
377 2.2079554 1.05555 0.8287212 2.1943758 1.011178 0.81926405
378 2.2077951 1.0554672 0.8289226 2.1958835 1.0119853 0.81926125
379 2.2079413 1.055546 0.82848054 2.1924837 1.0104743 0.81871647
380 2.2077024 1.0554115 0.82883924 2.196619 1.0122443 0.8189557
381 2.207825 1.0555171 0.8285858 2.1931443 1.0105897 0.81846225
382 2.2076752 1.055374 0.8287741 2.1951737 1.0115136 0.81886154
383 2.2077181 1.0554428 0.8286621 2.1945841 1.0117966 0.8192991
384 2.2075377 1.0552893 0.82866865 2.195303 1.0113109 0.81940764
385 2.2076685 1.0554112 0.82866776 2.1933234 1.0108156 0.8185609
386 2.2074826 1.0552692 0.82855153 2.1958559 1.0116441 0.8193392
387 2.2075205 1.055299 0.8288275 2.193608 1.0108181 0.81884336
388 2.2073019 1.0550888 0.8284709 2.1967974 1.0120476 0.8196324
389 2.2072845 1.0551252 0.8283456 2.1946323 1.0109063 0.8190531
390 2.207372 1.0551524 0.8285157 2.1967902 1.0126417 0.8186283
391 2.2073426 1.0551198 0.8284841 2.194599 1.0109398 0.81849474
392 2.2073078 1.0550624 0.8285404 2.1952515 1.0119915 0.8189002
393 2.2071466 1.055077 0.8285707 2.196721 1.0117074 0.818785
394 2.20711 1.0549476 0.8286411 2.193622 1.0106369 0.818701
395 2.2069263 1.0549214 0.8284224 2.1976368 1.0126866 0.8188476
396 2.2071066 1.0549576 0.82863307 2.1933599 1.0105338 0.8185948
397 2.2068293 1.0548234 0.8285988 2.1965117 1.0118225 0.81878805
398 2.2068293 1.0548337 0.82841605 2.1949532 1.0111313 0.8184203
399 2.2067955 1.0548611 0.8286323 2.1968217 1.0122564 0.8183135
400 2.2067997 1.0547209 0.8285393 2.193335 1.0102334 0.819104
401 2.2067282 1.0547595 0.828605 2.1968625 1.0119643 0.8190678
402 2.206597 1.054666 0.8285189 2.1946232 1.010954 0.8188476
403 2.206597 1.0546811 0.82849884 2.195395 1.011472 0.81892025
404 2.2066135 1.0546675 0.8285138 2.1942194 1.0104201 0.81908137
405 2.2065601 1.0545892 0.8285558 2.1957695 1.0117326 0.8187016
406 2.2065809 1.0547053 0.8286105 2.1940796 1.0102683 0.8188465
407 2.2064521 1.0546333 0.82862127 2.1945562 1.0112597 0.81871724
408 2.206488 1.0545912 0.8285527 2.1937194 1.0099883 0.818763
409 2.206308 1.0544816 0.82843524 2.195689 1.0112958 0.8185526
410 2.2062435 1.0544685 0.82854426 2.1927474 1.0095032 0.8187012
411 2.2062547 1.0544602 0.8285316 2.1923664 1.0103885 0.8192846
412 2.206118 1.0544171 0.82866 2.1900735 1.0087657 0.81856394
413 2.2060618 1.0543218 0.82844913 2.1926773 1.0100319 0.81839484
414 2.206218 1.0544183 0.8285568 2.1920547 1.0097046 0.81846446
415 2.2059834 1.0543122 0.828624 2.1912632 1.0091579 0.81886095
416 2.2060976 1.0543392 0.82845306 2.190625 1.0090319 0.81876034
417 2.2058914 1.0542831 0.8287224 2.1922452 1.00933 0.8185882
418 2.206021 1.0542833 0.82848203 2.1905174 1.0086194 0.8186244
419 2.2058024 1.0541694 0.82846403 2.1919017 1.0095369 0.81881106
420 2.2058644 1.054184 0.8283576 2.1899803 1.008403 0.8188284
421 2.2057126 1.0541462 0.8285947 2.1887145 1.0079396 0.8186257
422 2.2058342 1.0541201 0.8285306 2.1896574 1.0085889 0.818826
423 2.2054334 1.0539674 0.8286012 2.1923227 1.0094323 0.818711
424 2.2056048 1.0540524 0.82847226 2.189699 1.0086356 0.8186884
425 2.2054756 1.0539488 0.8285529 2.1892052 1.0084167 0.8183708
426 2.2054617 1.0539535 0.8283883 2.1893177 1.0083311 0.8182501
427 2.2053292 1.0538757 0.8285075 2.1903954 1.009167 0.8178969
428 2.205355 1.0539135 0.8283639 2.189299 1.0077096 0.8183591
429 2.205279 1.0538107 0.8284707 2.1882057 1.0079064 0.818755
430 2.2051055 1.0537187 0.828385 2.190123 1.0083998 0.8179777
431 2.2051144 1.0537338 0.82846016 2.189869 1.0085655 0.81835043
432 2.2050283 1.0536084 0.8284685 2.18751 1.007141 0.81841534
433 2.204805 1.0535631 0.82831615 2.1917293 1.0090957 0.81818604
434 2.2048624 1.0535994 0.8285076 2.1872 1.0067075 0.8183829
435 2.2048569 1.053572 0.82831323 2.190024 1.0087653 0.8177264
436 2.204769 1.0535175 0.82833135 2.1891932 1.0074967 0.818584
437 2.204778 1.0534884 0.82844 2.1883285 1.0076927 0.8183246
438 2.204705 1.053443 0.828511 2.1896822 1.0075784 0.8181308
439 2.2045796 1.0533279 0.8283725 2.187372 1.0076218 0.8183728
440 2.2044983 1.0532954 0.82850045 2.188591 1.0070952 0.8184683
441 2.2044637 1.0532825 0.8283643 2.1869214 1.0070288 0.8187981
442 2.204276 1.0531518 0.8283207 2.1894548 1.007886 0.8184406
443 2.2042918 1.0531921 0.8284013 2.187561 1.007278 0.8188439
444 2.2042065 1.0531048 0.82860553 2.1869037 1.0064456 0.81813943
445 2.2042186 1.0530577 0.82849735 2.1868286 1.0068347 0.8189911
446 2.2040203 1.0530014 0.8285152 2.1899233 1.008053 0.81829673
447 2.2043343 1.0530548 0.82831424 2.1859467 1.0067471 0.81817955
448 2.2040462 1.052955 0.8285695 2.188684 1.0074075 0.81803375
449 2.203915 1.052888 0.82834643 2.1860015 1.0066576 0.81833833
450 2.2038028 1.0528636 0.82868844 2.1869404 1.0069265 0.8187154
451 2.2037902 1.0528136 0.828356 2.1859288 1.0065651 0.8179997
452 2.2037048 1.0526725 0.8284042 2.189201 1.0079484 0.81902266
453 2.203716 1.0527579 0.8284154 2.1875165 1.00653 0.81851685
454 2.2036967 1.0527323 0.82852596 2.1846614 1.0059041 0.81852114
455 2.203452 1.0526041 0.8283967 2.1881483 1.0072597 0.81848407
456 2.2035112 1.052655 0.82839394 2.1843262 1.005599 0.81806445
457 2.2034292 1.0525507 0.8283922 2.187006 1.0065482 0.8189086
458 2.2033775 1.0525275 0.82843375 2.1862452 1.0059736 0.81878966
459 2.2032495 1.052486 0.82842207 2.1849656 1.0058687 0.8189624
460 2.203293 1.0524762 0.82844794 2.184608 1.0050721 0.81830925
461 2.2032828 1.0524898 0.82840735 2.1837938 1.0051671 0.8190138
462 2.2031975 1.0523659 0.8285088 2.1860662 1.0058384 0.81750184
463 2.2031634 1.0523825 0.8286409 2.1829634 1.004644 0.81852007
464 2.2029898 1.0522498 0.8284503 2.1873581 1.0065446 0.8190379
465 2.203008 1.0522956 0.8285828 2.181121 1.0031555 0.8178028
466 2.203009 1.0523039 0.8284048 2.1834955 1.0052292 0.8179542
467 2.2027652 1.0521481 0.8285067 2.182942 1.0041095 0.8185917
468 2.2027364 1.052129 0.828671 2.1826096 1.0043846 0.81888205
469 2.202836 1.0521693 0.8285318 2.1835325 1.0050904 0.8176437
470 2.202669 1.0520675 0.82851666 2.1831703 1.0042795 0.81856215
471 2.2027268 1.0520985 0.82848144 2.1796985 1.0033922 0.8191772
472 2.2025568 1.0519907 0.8285698 2.181822 1.0036026 0.8184131
473 2.2025561 1.0519536 0.8283849 2.179166 1.0029186 0.81875205
474 2.2024515 1.0518924 0.8286526 2.180656 1.0034969 0.81865317
475 2.2024536 1.0519059 0.828421 2.1790705 1.0029665 0.8189291
476 2.2022617 1.0517969 0.8286869 2.1811697 1.0031538 0.8184646
477 2.2023926 1.0517672 0.82861215 2.1774502 1.0022807 0.81930685
478 2.2021034 1.051607 0.82866037 2.180971 1.0034808 0.8189168
479 2.2020314 1.051637 0.8285469 2.1804574 1.0029328 0.81788
480 2.2019684 1.0516407 0.82866824 2.1791139 1.0023612 0.8181973
481 2.2020311 1.0516553 0.8284157 2.1780555 1.0021204 0.8182415
482 2.2019129 1.0515586 0.8283977 2.1774385 1.0017949 0.8192279
483 2.2019522 1.051546 0.8286047 2.1765437 1.0013357 0.8188178
484 2.2016 1.0513759 0.8285687 2.176934 1.001397 0.8177106
485 2.2017097 1.0514044 0.8284082 2.1773899 1.0015359 0.8180297
486 2.2017047 1.0513664 0.8284229 2.1763096 1.0013329 0.8188705
487 2.2015717 1.0513179 0.8285563 2.172877 0.99963045 0.81866014
488 2.2014513 1.0512002 0.82873356 2.1752644 1.0008277 0.81821716
489 2.201477 1.0512277 0.828706 2.1731076 1.0001292 0.81939274
490 2.201336 1.0511972 0.8284113 2.175878 1.001065 0.81828076
491 2.201294 1.0511187 0.82850903 2.1717672 0.9994391 0.8190694
492 2.2010098 1.0509201 0.82837546 2.1734853 1.0000882 0.81854516
493 2.2011375 1.0510559 0.8284972 2.1737971 0.99994564 0.8186469
494 2.201066 1.0508622 0.8282821 2.17242 0.99972034 0.8186962
495 2.200885 1.0508444 0.8283826 2.173172 0.9995265 0.8191455
496 2.2009003 1.0508217 0.8282989 2.1711512 0.99903 0.8192243
497 2.2008276 1.0508426 0.82836515 2.1698318 0.9983723 0.8188613
498 2.2007926 1.0507855 0.8282295 2.170621 0.99898493 0.81881726
499 2.2006967 1.0507519 0.82847714 2.1704452 0.9987614 0.81891215
0 0 0.0 0.0 0.0 0.0 0.0 0.0 0.0 0.0 0.0 0.0 0.0 0.0 0.0 0.0 0.0 0.0 0.0 0.0 0.0 0.0 0.0 0.0 0.0 0.0 0.0 0.0 0.0 0.0 0.0 0.0 0.0 0.0 0.0 0.0 0.0 0.0 0.0 0.0 0.0 0.0 0.0 0.0 0.0 0.0 0.0 0.0 0.0 0.0 0.0 0.0 0.0 0.0 0.0 0.0 0.0 0.0 0.0 0.0 0.0 0.0 0.0 0.0 0.0 0.0 0.0 0.0 0.0 0.0 0.0 0.0 0.0 0.0 0.0 0.0 0.0 0.0 0.0 0.0 0.0 0.0 0.0 0.0 0.0 0.0 0.0 0.0 0.0 0.0 0.0 0.0 0.0 0.0 0.0 0.0 0.0 0.03302001910456199 0.11401333234097638 0.297128462262674 0.5481853882456608 0.6910711417419658 0.7808520980120828 0.8887789944554271 0.934292501778976 0.9865853825483376 -0.98088634 -0.80982685 -0.65637636 -0.43158242 -0.20789789 -0.40242082 -0.56690204 -0.7482363 -1.0089265 -1.0729053 -0.80210125 -0.4698252 -0.16553158 0.06713624 -0.19143474 -0.47280598 -0.7093244 -1.1196312
1 0 0.0 0.0 0.0 0.0 0.0 0.0 0.0 0.0 0.0 0.0 0.0 0.0 0.0 0.0 0.0 0.0 0.0 0.0 0.0 0.0 0.0 0.0 0.0 0.0 0.0 0.0 0.0 0.0 0.0 0.0 0.0 0.0 0.0 0.0 0.0 0.0 0.0 0.0 0.0 0.0 0.0 0.0 0.0 0.0 0.0 0.0 0.0 0.0 0.0 0.0 0.0 0.0 0.0 0.0 0.0 0.0 0.0 0.0 0.0 0.0 0.0 0.0 0.0 0.0 0.0 0.0 0.0 0.0 0.0 0.0 0.0 0.0 0.0 0.0 0.0 0.0 0.0 0.0 0.0 0.0 0.0 0.0 0.0 0.0 0.0 0.0 0.0 0.0 0.0 0.0 0.0 0.0 0.0 0.0 0.0 0.02556497548427062 0.06750701062767248 0.16156344484075252 0.3333175984499074 0.49126558775274876 0.618697302895062 0.8504995999821406 0.9236616698995602 0.9675762744089881 -1.0616986 -0.9518173 -0.8528931 -0.7133424 -0.4927921 -0.6581048 -0.81927365 -0.933012 -1.0241593 -1.1693413 -0.9730736 -0.7331955 -0.48031873 -0.07533183 -0.36679506 -0.70170045 -0.8923344 -1.0398088
2 0 0.0 0.0 0.0 0.0 0.0 0.0 0.0 0.0 0.0 0.0 0.0 0.0 0.0 0.0 0.0 0.0 0.0 0.0 0.0 0.0 0.0 0.0 0.0 0.0 0.0 0.0 0.0 0.0 0.0 0.0 0.0 0.0 0.0 0.0 0.0 0.0 0.0 0.0 0.0 0.0 0.0 0.0 0.0 0.0 0.0 0.0 0.0 0.0 0.0 0.0 0.0 0.0 0.0 0.0 0.0 0.0 0.0 0.0 0.0 0.0 0.0 0.0 0.0 0.0 0.0 0.0 0.0 0.0 0.0 0.0 0.0 0.0 0.0 0.0 0.0 0.0 0.0 0.0 0.0 0.0 0.0 0.0 0.0 0.0 0.0 0.0 0.0 0.0 0.0 0.0 0.0 0.0 0.0 0.0 0.0 0.014420080560670406 0.0481660780128259 0.10414850490435867 0.23184410548131168 0.37540666667293193 0.5014912874147155 0.7184610596935088 0.81275397402062 0.9386561263119361 -1.0539192 -0.84544885 -0.6665853 -0.49800172 -0.407242 -0.5124382 -0.64307916 -0.74796903 -0.9611889 -1.1713572 -0.87304896 -0.58205503 -0.30193037 -0.15211296 -0.27252358 -0.5465727 -0.6337035 -0.9888253
0 400 0.0 0.0 0.0 0.0 0.0 0.0 0.0 0.0 0.0 0.0 0.0 0.0 0.0 0.0 0.0 0.0 0.0 0.0 0.0 0.0 0.0 0.0 0.0 0.0 0.0 0.0 0.0 0.0 0.0 0.0 0.0 0.0 0.0 0.0 0.0 0.0 0.0 0.0 0.0 0.0 0.0 0.0 0.0 0.0 0.0 0.0 0.0 0.0 0.0 0.0 0.0 0.0 0.0 0.0 0.0 0.0 0.0 0.0 0.0 0.0 0.0 0.0 0.0 0.0 0.0 0.0 0.0 0.0 0.0 0.0 0.0 0.0 0.0 0.0 0.0 0.0 0.0 0.0 0.0 0.0 0.0 0.0 0.0 0.0 0.0 0.0 0.0 0.0 0.0 0.0 0.0 0.0 0.0 0.0 0.0 0.03455787092804475 0.12048495673082336 0.2998397181911096 0.5476780993474041 0.6862492165163256 0.776374816367068 0.884952441737337 0.9317346480598797 0.9860171374398444 -0.97068334 -0.79616094 -0.64771616 -0.42762887 -0.19995642 -0.39279875 -0.55423445 -0.7344566 -1.0008067 -1.0578235 -0.7830102 -0.45968783 -0.1635901 0.078091815 -0.17783622 -0.4562232 -0.69029826 -1.1085424
1 400 0.0 0.0 0.0 0.0 0.0 0.0 0.0 0.0 0.0 0.0 0.0 0.0 0.0 0.0 0.0 0.0 0.0 0.0 0.0 0.0 0.0 0.0 0.0 0.0 0.0 0.0 0.0 0.0 0.0 0.0 0.0 0.0 0.0 0.0 0.0 0.0 0.0 0.0 0.0 0.0 0.0 0.0 0.0 0.0 0.0 0.0 0.0 0.0 0.0 0.0 0.0 0.0 0.0 0.0 0.0 0.0 0.0 0.0 0.0 0.0 0.0 0.0 0.0 0.0 0.0 0.0 0.0 0.0 0.0 0.0 0.0 0.0 0.0 0.0 0.0 0.0 0.0 0.0 0.0 0.0 0.0 0.0 0.0 0.0 0.0 0.0 0.0 0.0 0.0 0.0 0.0 0.0 0.0 0.0 0.0 0.026944003190391003 0.07037132832244362 0.16397352312746544 0.34028622211664433 0.4778321163870923 0.6075494864721218 0.8442295618168093 0.9233556564636685 0.9675604443103831 -1.0506274 -0.93954027 -0.84183633 -0.6995261 -0.48474216 -0.6447581 -0.82338655 -0.9297776 -1.0175574 -1.1541088 -0.9573743 -0.7213132 -0.4656189 -0.044447787 -0.3416872 -0.6983672 -0.8901073 -1.0336505
2 400 0.0 0.0 0.0 0.0 0.0 0.0 0.0 0.0 0.0 0.0 0.0 0.0 0.0 0.0 0.0 0.0 0.0 0.0 0.0 0.0 0.0 0.0 0.0 0.0 0.0 0.0 0.0 0.0 0.0 0.0 0.0 0.0 0.0 0.0 0.0 0.0 0.0 0.0 0.0 0.0 0.0 0.0 0.0 0.0 0.0 0.0 0.0 0.0 0.0 0.0 0.0 0.0 0.0 0.0 0.0 0.0 0.0 0.0 0.0 0.0 0.0 0.0 0.0 0.0 0.0 0.0 0.0 0.0 0.0 0.0 0.0 0.0 0.0 0.0 0.0 0.0 0.0 0.0 0.0 0.0 0.0 0.0 0.0 0.0 0.0 0.0 0.0 0.0 0.0 0.0 0.0 0.0 0.0 0.0 0.0 0.01518466926726371 0.05034234635270811 0.10751386992451607 0.2354399452453756 0.3820584718422637 0.499145629106102 0.719781683763353 0.8124351287836196 0.9364556174968817 -1.036074 -0.833228 -0.6531708 -0.4826202 -0.39136332 -0.50711334 -0.63384473 -0.73825574 -0.9528464 -1.1455488 -0.8559197 -0.5634196 -0.28498816 -0.13128352 -0.26333535 -0.5367784 -0.62290394 -0.9768227
0 800 0.0 0.0 0.0 0.0 0.0 0.0 0.0 0.0 0.0 0.0 0.0 0.0 0.0 0.0 0.0 0.0 0.0 0.0 0.0 0.0 0.0 0.0 0.0 0.0 0.0 0.0 0.0 0.0 0.0 0.0 0.0 0.0 0.0 0.0 0.0 0.0 0.0 0.0 0.0 0.0 0.0 0.0 0.0 0.0 0.0 0.0 0.0 0.0 0.0 0.0 0.0 0.0 0.0 0.0 0.0 0.0 0.0 0.0 0.0 0.0 0.0 0.0 0.0 0.0 0.0 0.0 0.0 0.0 0.0 0.0 0.0 0.0 0.0 0.0 0.0 0.0 0.0 0.0 0.0 0.0 0.0 0.0 0.0 0.0 0.0 0.0 0.0 0.0 0.0 0.0 0.0 0.0 0.0 0.0 0.0 0.03421682595291114 0.11900810388149399 0.2978443074567239 0.5446804443472932 0.6816413339838034 0.7749603944768766 0.8839880472676449 0.9315110747208135 0.9860810009220724 -0.97265613 -0.8017129 -0.6512228 -0.4285121 -0.20517409 -0.39409274 -0.5546189 -0.74947953 -1.0052178 -1.0607799 -0.79143846 -0.46419513 -0.16413811 0.071727976 -0.1805461 -0.45569408 -0.7094037 -1.1138757
1 800 0.0 0.0 0.0 0.0 0.0 0.0 0.0 0.0 0.0 0.0 0.0 0.0 0.0 0.0 0.0 0.0 0.0 0.0 0.0 0.0 0.0 0.0 0.0 0.0 0.0 0.0 0.0 0.0 0.0 0.0 0.0 0.0 0.0 0.0 0.0 0.0 0.0 0.0 0.0 0.0 0.0 0.0 0.0 0.0 0.0 0.0 0.0 0.0 0.0 0.0 0.0 0.0 0.0 0.0 0.0 0.0 0.0 0.0 0.0 0.0 0.0 0.0 0.0 0.0 0.0 0.0 0.0 0.0 0.0 0.0 0.0 0.0 0.0 0.0 0.0 0.0 0.0 0.0 0.0 0.0 0.0 0.0 0.0 0.0 0.0 0.0 0.0 0.0 0.0 0.0 0.0 0.0 0.0 0.0 0.0 0.02654425752498574 0.06905082055206492 0.16230991206721945 0.338818513029774 0.48159435907180964 0.6010874394155228 0.8430877680655561 0.9211614643978175 0.9666353381106492 -1.0514778 -0.94518983 -0.84008396 -0.6979083 -0.48736835 -0.6485152 -0.8096938 -0.9335946 -1.0207167 -1.1544199 -0.9645988 -0.7187993 -0.4623561 -0.06042993 -0.3586414 -0.68473995 -0.8929773 -1.0351237
2 800 0.0 0.0 0.0 0.0 0.0 0.0 0.0 0.0 0.0 0.0 0.0 0.0 0.0 0.0 0.0 0.0 0.0 0.0 0.0 0.0 0.0 0.0 0.0 0.0 0.0 0.0 0.0 0.0 0.0 0.0 0.0 0.0 0.0 0.0 0.0 0.0 0.0 0.0 0.0 0.0 0.0 0.0 0.0 0.0 0.0 0.0 0.0 0.0 0.0 0.0 0.0 0.0 0.0 0.0 0.0 0.0 0.0 0.0 0.0 0.0 0.0 0.0 0.0 0.0 0.0 0.0 0.0 0.0 0.0 0.0 0.0 0.0 0.0 0.0 0.0 0.0 0.0 0.0 0.0 0.0 0.0 0.0 0.0 0.0 0.0 0.0 0.0 0.0 0.0 0.0 0.0 0.0 0.0 0.0 0.0 0.015611753862129008 0.04987714510880754 0.10667608590113954 0.23619082114341408 0.38343112525679063 0.4992757514736882 0.7175170747577133 0.809203716438594 0.936898850144862 -1.0477169 -0.8429812 -0.66703856 -0.49441957 -0.40054017 -0.51397014 -0.6274679 -0.7439977 -0.9588704 -1.1615348 -0.8677129 -0.5798956 -0.29724395 -0.14461647 -0.27581787 -0.5282102 -0.6300698 -0.98585653
0 400 0.0219651497900486 -0.006029100622981787 0.07389780133962631 0.11311304569244385 -0.1884850561618805 -0.034053735435009 0.03681553155183792 0.04584498703479767 0.07663052529096603 -0.013715457171201706 0.0372098833322525 -0.07008921355009079 0.0897085890173912 0.13954052329063416 0.16638851165771484 0.22201871871948242 0.024779194965958595 -0.31063809990882874 0.07201777398586273 -0.10158034414052963 -0.12862646579742432 -0.09493937343358994 0.1571451723575592 0.06337392330169678 0.070008285343647 -0.06682060658931732 -0.045622870326042175 -0.08457121253013611 -0.021304771304130554 0.05958614870905876 0.1392887532711029 0.10284292697906494 0.09005984663963318 0.010950859636068344 -0.05730351060628891 0.015693144872784615 -0.1405191421508789 0.015898892655968666 0.11875983327627182 -0.03205558657646179 0.18276821076869965 -0.05971542000770569 -0.183568075299263 0.04990430921316147 0.10513334721326828 0.1325998306274414 0.18818813562393188 0.020178338512778282 -0.01687583327293396 -0.016572928056120872 -0.016715843230485916 0.07921671122312546 0.07891438156366348 -0.004128457512706518 -0.05954133719205856 -0.051580850034952164 -0.016733741387724876 -0.08660120517015457 -0.08129598200321198 -0.2352038323879242 -0.06411048024892807 0.054631948471069336 -0.07442629337310791 -0.008210689760744572 -0.12817120552062988 -0.26203814148902893 -0.08897116780281067 0.027176640927791595 -0.0929909199476242 0.09136982262134552 -0.024082666262984276 -0.056845489889383316 0.07349129021167755 -0.01957525499165058 -0.24244272708892822 0.09521473944187164 0.055762823671102524 0.16865670680999756 0.04950942099094391 -0.050827424973249435 -0.05103391781449318 -0.11864109337329865 0.07593808323144913 0.021907910704612732 0.024450931698083878 0.10140036791563034 -0.09600193798542023 -0.06658935546875 -0.013789315707981586 -0.018128652125597 -0.10147643089294434 -0.12334088981151581 0.11882738769054413 0.0019750867504626513 0.07680287212133408 0.06731763267369403 0.9397611385302995 0.0007607644642758306 0.40013394070929426 0.18842688165241542 0.0022891195426455397 0.056363750710207036 0.16076171459374466 0.9860382912398133 -3.761432 -3.4914453 -2.1490197 -3.1863153 -2.663764 -2.2238543 -3.2119071 -3.4106615 -4.792569 -4.816749 -4.0082774 -2.3092558 -4.118503 -3.835189 -2.3807526 -4.2805142 -4.2291455 -6.0206313
1 400 0.0219651497900486 -0.006029100622981787 0.07389780133962631 0.11311304569244385 -0.1884850561618805 -0.034053735435009 0.03681553155183792 0.04584498703479767 0.07663052529096603 -0.013715457171201706 0.0372098833322525 -0.07008921355009079 0.0897085890173912 0.13954052329063416 0.16638851165771484 0.22201871871948242 0.024779194965958595 -0.31063809990882874 0.07201777398586273 -0.10158034414052963 -0.12862646579742432 -0.09493937343358994 0.1571451723575592 0.06337392330169678 0.070008285343647 -0.06682060658931732 -0.045622870326042175 -0.08457121253013611 -0.021304771304130554 0.05958614870905876 0.1392887532711029 0.10284292697906494 0.09005984663963318 0.010950859636068344 -0.05730351060628891 0.015693144872784615 -0.1405191421508789 0.015898892655968666 0.11875983327627182 -0.03205558657646179 0.18276821076869965 -0.05971542000770569 -0.183568075299263 0.04990430921316147 0.10513334721326828 0.1325998306274414 0.18818813562393188 0.020178338512778282 -0.01687583327293396 -0.016572928056120872 -0.016715843230485916 0.07921671122312546 0.07891438156366348 -0.004128457512706518 -0.05954133719205856 -0.051580850034952164 -0.016733741387724876 -0.08660120517015457 -0.08129598200321198 -0.2352038323879242 -0.06411048024892807 0.054631948471069336 -0.07442629337310791 -0.008210689760744572 -0.12817120552062988 -0.26203814148902893 -0.08897116780281067 0.027176640927791595 -0.0929909199476242 0.09136982262134552 -0.024082666262984276 -0.056845489889383316 0.07349129021167755 -0.01957525499165058 -0.24244272708892822 0.09521473944187164 0.055762823671102524 0.16865670680999756 0.04950942099094391 -0.050827424973249435 -0.05103391781449318 -0.11864109337329865 0.07593808323144913 0.021907910704612732 0.024450931698083878 0.10140036791563034 -0.09600193798542023 -0.06658935546875 -0.013789315707981586 -0.018128652125597 -0.10147643089294434 -0.12334088981151581 0.11882738769054413 0.0019750867504626513 0.07680287212133408 0.008699940016664177 0.3416378965118277 0.0003053768619619792 0.04059099613343138 0.10440284210037917 0.0020796936209168133 0.02070929394977737 0.6936447750144571 0.5016833251873514 -3.6801956 -3.6641433 -2.429989 -2.974968 -2.5075269 -2.406738 -2.60729 -3.0803368 -4.191165 -4.2288446 -3.7864091 -2.2761254 -3.3344553 -3.0669935 -2.4151917 -3.457424 -3.7230067 -4.0782146
2 400 0.0219651497900486 -0.006029100622981787 0.07389780133962631 0.11311304569244385 -0.1884850561618805 -0.034053735435009 0.03681553155183792 0.04584498703479767 0.07663052529096603 -0.013715457171201706 0.0372098833322525 -0.07008921355009079 0.0897085890173912 0.13954052329063416 0.16638851165771484 0.22201871871948242 0.024779194965958595 -0.31063809990882874 0.07201777398586273 -0.10158034414052963 -0.12862646579742432 -0.09493937343358994 0.1571451723575592 0.06337392330169678 0.070008285343647 -0.06682060658931732 -0.045622870326042175 -0.08457121253013611 -0.021304771304130554 0.05958614870905876 0.1392887532711029 0.10284292697906494 0.09005984663963318 0.010950859636068344 -0.05730351060628891 0.015693144872784615 -0.1405191421508789 0.015898892655968666 0.11875983327627182 -0.03205558657646179 0.18276821076869965 -0.05971542000770569 -0.183568075299263 0.04990430921316147 0.10513334721326828 0.1325998306274414 0.18818813562393188 0.020178338512778282 -0.01687583327293396 -0.016572928056120872 -0.016715843230485916 0.07921671122312546 0.07891438156366348 -0.004128457512706518 -0.05954133719205856 -0.051580850034952164 -0.016733741387724876 -0.08660120517015457 -0.08129598200321198 -0.2352038323879242 -0.06411048024892807 0.054631948471069336 -0.07442629337310791 -0.008210689760744572 -0.12817120552062988 -0.26203814148902893 -0.08897116780281067 0.027176640927791595 -0.0929909199476242 0.09136982262134552 -0.024082666262984276 -0.056845489889383316 0.07349129021167755 -0.01957525499165058 -0.24244272708892822 0.09521473944187164 0.055762823671102524 0.16865670680999756 0.04950942099094391 -0.050827424973249435 -0.05103391781449318 -0.11864109337329865 0.07593808323144913 0.021907910704612732 0.024450931698083878 0.10140036791563034 -0.09600193798542023 -0.06658935546875 -0.013789315707981586 -0.018128652125597 -0.10147643089294434 -0.12334088981151581 0.11882738769054413 0.0019750867504626513 0.07680287212133408 0.0332584541081189 0.24070167774814594 0.0002729396041829327 0.0619625939697895 0.05229349059309038 0.002592279756097233 0.09190038142248148 0.038325857804669766 0.9749549486572148 -3.3423445 -2.652598 -1.0109605 -2.0196652 -2.2698777 -1.5719044 -2.601689 -2.3881862 -4.823772 -4.770174 -3.7117414 -1.7725596 -3.745817 -3.913326 -2.52138 -4.2859387 -3.9630847 -6.2239013
0 400 0.01976863481104374 -0.005426190327852964 0.06650801748037338 0.10180173814296722 -0.1696365475654602 -0.030648361891508102 0.03313397616147995 0.0412604883313179 0.06896746903657913 -0.012343911454081535 0.03348889574408531 -0.06308028846979141 0.08073772490024567 0.12558646500110626 0.14974965155124664 0.19981683790683746 0.02230127528309822 -0.27957427501678467 0.06481599807739258 -0.09142230451107025 -0.11576381325721741 -0.08544543385505676 0.14143064618110657 0.05703653022646904 0.06300745159387589 -0.06013854593038559 -0.04106058180332184 -0.07611408829689026 -0.01917429454624653 0.053627531975507736 0.12535987794399261 0.09255862981081009 0.08105386048555374 0.00985577329993248 -0.05157315731048584 0.014123830012977123 -0.12646722793579102 0.01430900301784277 0.10688384622335434 -0.028850026428699493 0.16449138522148132 -0.053743876516819 -0.1652112603187561 0.0449138768017292 0.09462001174688339 0.11933984607458115 0.16936931014060974 0.01816050335764885 -0.015188249759376049 -0.014915634877979755 -0.015044258907437325 0.07129503786563873 0.07102294266223907 -0.0037156117614358664 -0.05358720198273659 -0.04642276465892792 -0.015060367062687874 -0.07794108241796494 -0.0731663852930069 -0.21168343722820282 -0.057699430733919144 0.049168750643730164 -0.066983662545681 -0.007389620412141085 -0.11535408347845078 -0.23583431541919708 -0.08007404953241348 0.024458976462483406 -0.08369182795286179 0.08223284035921097 -0.021674398332834244 -0.051160939037799835 0.06614215672016144 -0.01761772856116295 -0.21819844841957092 0.08569326251745224 0.05018654093146324 0.1517910361289978 0.04455847665667534 -0.04574467986822128 -0.04593052342534065 -0.10677698254585266 0.06834427267313004 0.01971711963415146 0.0220058374106884 0.09126032888889313 -0.08640173822641373 -0.05993041768670082 -0.01241038367152214 -0.01631578616797924 -0.09132878482341766 -0.11100679636001587 0.10694464296102524 0.0017775780288502574 0.06912258267402649 0.07771220583133545 0.9497004089204502 0.0014642619191358138 0.5166802068788384 0.26138334180243716 0.004448100818550731 0.09270588830249653 0.47377015488077506 0.9900019497309094 -3.772231 -3.222205 -2.0248034 -3.0367358 -2.5478623 -2.0881848 -3.0882008 -3.2941706 -4.474953 -4.5066104 -3.662647 -2.0845215 -3.8059087 -3.5697615 -2.1515796 -4.0081058 -3.979357 -5.6925607
1 400 0.01976863481104374 -0.005426190327852964 0.06650801748037338 0.10180173814296722 -0.1696365475654602 -0.030648361891508102 0.03313397616147995 0.0412604883313179 0.06896746903657913 -0.012343911454081535 0.03348889574408531 -0.06308028846979141 0.08073772490024567 0.12558646500110626 0.14974965155124664 0.19981683790683746 0.02230127528309822 -0.27957427501678467 0.06481599807739258 -0.09142230451107025 -0.11576381325721741 -0.08544543385505676 0.14143064618110657 0.05703653022646904 0.06300745159387589 -0.06013854593038559 -0.04106058180332184 -0.07611408829689026 -0.01917429454624653 0.053627531975507736 0.12535987794399261 0.09255862981081009 0.08105386048555374 0.00985577329993248 -0.05157315731048584 0.014123830012977123 -0.12646722793579102 0.01430900301784277 0.10688384622335434 -0.028850026428699493 0.16449138522148132 -0.053743876516819 -0.1652112603187561 0.0449138768017292 0.09462001174688339 0.11933984607458115 0.16936931014060974 0.01816050335764885 -0.015188249759376049 -0.014915634877979755 -0.015044258907437325 0.07129503786563873 0.07102294266223907 -0.0037156117614358664 -0.05358720198273659 -0.04642276465892792 -0.015060367062687874 -0.07794108241796494 -0.0731663852930069 -0.21168343722820282 -0.057699430733919144 0.049168750643730164 -0.066983662545681 -0.007389620412141085 -0.11535408347845078 -0.23583431541919708 -0.08007404953241348 0.024458976462483406 -0.08369182795286179 0.08223284035921097 -0.021674398332834244 -0.051160939037799835 0.06614215672016144 -0.01761772856116295 -0.21819844841957092 0.08569326251745224 0.05018654093146324 0.1517910361289978 0.04455847665667534 -0.04574467986822128 -0.04593052342534065 -0.10677698254585266 0.06834427267313004 0.01971711963415146 0.0220058374106884 0.09126032888889313 -0.08640173822641373 -0.05993041768670082 -0.01241038367152214 -0.01631578616797924 -0.09132878482341766 -0.11100679636001587 0.10694464296102524 0.0017775780288502574 0.06912258267402649 0.010607587720668367 0.2758764031744666 0.0008161059790123683 0.06157921231772171 0.14608577364922073 0.004606475184737677 0.09366414463232588 0.9095968990285351 0.65140348717885 -3.5016441 -3.3178053 -2.3601072 -2.8623407 -2.4077635 -2.2581232 -2.4013722 -2.939985 -3.9649003 -3.8054733 -3.3833566 -2.1776361 -3.153961 -2.8500316 -2.2490656 -3.108777 -3.3790362 -3.8071022
2 400 0.01976863481104374 -0.005426190327852964 0.06650801748037338 0.10180173814296722 -0.1696365475654602 -0.030648361891508102 0.03313397616147995 0.0412604883313179 0.06896746903657913 -0.012343911454081535 0.03348889574408531 -0.06308028846979141 0.08073772490024567 0.12558646500110626 0.14974965155124664 0.19981683790683746 0.02230127528309822 -0.27957427501678467 0.06481599807739258 -0.09142230451107025 -0.11576381325721741 -0.08544543385505676 0.14143064618110657 0.05703653022646904 0.06300745159387589 -0.06013854593038559 -0.04106058180332184 -0.07611408829689026 -0.01917429454624653 0.053627531975507736 0.12535987794399261 0.09255862981081009 0.08105386048555374 0.00985577329993248 -0.05157315731048584 0.014123830012977123 -0.12646722793579102 0.01430900301784277 0.10688384622335434 -0.028850026428699493 0.16449138522148132 -0.053743876516819 -0.1652112603187561 0.0449138768017292 0.09462001174688339 0.11933984607458115 0.16936931014060974 0.01816050335764885 -0.015188249759376049 -0.014915634877979755 -0.015044258907437325 0.07129503786563873 0.07102294266223907 -0.0037156117614358664 -0.05358720198273659 -0.04642276465892792 -0.015060367062687874 -0.07794108241796494 -0.0731663852930069 -0.21168343722820282 -0.057699430733919144 0.049168750643730164 -0.066983662545681 -0.007389620412141085 -0.11535408347845078 -0.23583431541919708 -0.08007404953241348 0.024458976462483406 -0.08369182795286179 0.08223284035921097 -0.021674398332834244 -0.051160939037799835 0.06614215672016144 -0.01761772856116295 -0.21819844841957092 0.08569326251745224 0.05018654093146324 0.1517910361289978 0.04455847665667534 -0.04574467986822128 -0.04593052342534065 -0.10677698254585266 0.06834427267313004 0.01971711963415146 0.0220058374106884 0.09126032888889313 -0.08640173822641373 -0.05993041768670082 -0.01241038367152214 -0.01631578616797924 -0.09132878482341766 -0.11100679636001587 0.10694464296102524 0.0017775780288502574 0.06912258267402649 0.04291590933182501 0.3086377046554189 0.0004286501111026344 0.07764135477861416 0.06775980479870077 0.00404450311135325 0.12036636014976462 0.08074145856168959 0.9800810489340546 -3.2176702 -2.570513 -0.9351069 -1.9121747 -2.1444867 -1.4489837 -2.480487 -2.3264396 -4.3919945 -4.4379916 -3.4237773 -1.5543792 -3.4071798 -3.5796134 -2.2081997 -3.9609377 -3.6500258 -5.6832623
0 400 0.01757211983203888 -0.004823280498385429 0.05911824107170105 0.0904904380440712 -0.1507880538702011 -0.027242988348007202 0.029452426359057426 0.036675989627838135 0.06130442023277283 -0.010972365736961365 0.029767906293272972 -0.05607137084007263 0.07176687568426132 0.11163242161273956 0.13311080634593964 0.1776149719953537 0.019823355600237846 -0.248510479927063 0.057614218443632126 -0.08126427978277206 -0.10290117561817169 -0.07595150172710419 0.12571613490581512 0.0506991408765316 0.05600662901997566 -0.05345648527145386 -0.0364982970058918 -0.067656971514225 -0.017043817788362503 0.04766891896724701 0.11143100261688232 0.08227434009313583 0.0720478817820549 0.00876068789511919 -0.04584280773997307 0.012554516084492207 -0.11241531372070312 0.012719114311039448 0.09500786662101746 -0.025644470006227493 0.1462145745754242 -0.04777233675122261 -0.1468544602394104 0.039923448115587234 0.0841066762804985 0.10607986897230148 0.15055051445960999 0.016142671927809715 -0.013500667177140713 -0.013258342631161213 -0.013372674584388733 0.0633733719587326 0.06313150376081467 -0.0033027660101652145 -0.04763307049870491 -0.04126467928290367 -0.013386993668973446 -0.0692809671163559 -0.06503678858280182 -0.18816307187080383 -0.051288384944200516 0.04370556026697159 -0.05954103544354439 -0.006568551994860172 -0.10253696888685226 -0.20963051915168762 -0.0711769387125969 0.021741313859820366 -0.07439273595809937 0.07309585809707642 -0.01926613412797451 -0.04547639191150665 0.05879303440451622 -0.015660203993320465 -0.19395418465137482 0.07617179304361343 0.04461025819182396 0.13492536544799805 0.03960753604769707 -0.04066194221377373 -0.04082713648676872 -0.09491287916898727 0.06075046584010124 0.017526328563690186 0.019560744985938072 0.08112029731273651 -0.07680155336856842 -0.05327148362994194 -0.01103145256638527 -0.01450292207300663 -0.08118114620447159 -0.09867271035909653 0.09506191313266754 0.0015800694236531854 0.0614422969520092 0.07213517861260638 0.9526177531897168 0.002872677981459795 0.6333946408564222 0.3583020311621582 0.022493425145333246 0.15077007224648523 0.8119258205916028 0.9921676795310455 -3.4116375 -2.8772564 -1.9065654 -2.890468 -2.4323547 -1.8827755 -2.9657347 -3.1788428 -4.0673213 -3.974396 -3.2632685 -1.8662786 -3.495509 -3.2919924 -1.8622075 -3.736417 -3.7335002 -5.1909814
1 400 0.01757211983203888 -0.004823280498385429 0.05911824107170105 0.0904904380440712 -0.1507880538702011 -0.027242988348007202 0.029452426359057426 0.036675989627838135 0.06130442023277283 -0.010972365736961365 0.029767906293272972 -0.05607137084007263 0.07176687568426132 0.11163242161273956 0.13311080634593964 0.1776149719953537 0.019823355600237846 -0.248510479927063 0.057614218443632126 -0.08126427978277206 -0.10290117561817169 -0.07595150172710419 0.12571613490581512 0.0506991408765316 0.05600662901997566 -0.05345648527145386 -0.0364982970058918 -0.067656971514225 -0.017043817788362503 0.04766891896724701 0.11143100261688232 0.08227434009313583 0.0720478817820549 0.00876068789511919 -0.04584280773997307 0.012554516084492207 -0.11241531372070312 0.012719114311039448 0.09500786662101746 -0.025644470006227493 0.1462145745754242 -0.04777233675122261 -0.1468544602394104 0.039923448115587234 0.0841066762804985 0.10607986897230148 0.15055051445960999 0.016142671927809715 -0.013500667177140713 -0.013258342631161213 -0.013372674584388733 0.0633733719587326 0.06313150376081467 -0.0033027660101652145 -0.04763307049870491 -0.04126467928290367 -0.013386993668973446 -0.0692809671163559 -0.06503678858280182 -0.18816307187080383 -0.051288384944200516 0.04370556026697159 -0.05954103544354439 -0.006568551994860172 -0.10253696888685226 -0.20963051915168762 -0.0711769387125969 0.021741313859820366 -0.07439273595809937 0.07309585809707642 -0.01926613412797451 -0.04547639191150665 0.05879303440451622 -0.015660203993320465 -0.19395418465137482 0.07617179304361343 0.04461025819182396 0.13492536544799805 0.03960753604769707 -0.04066194221377373 -0.04082713648676872 -0.09491287916898727 0.06075046584010124 0.017526328563690186 0.019560744985938072 0.08112029731273651 -0.07680155336856842 -0.05327148362994194 -0.01103145256638527 -0.01450292207300663 -0.08118114620447159 -0.09867271035909653 0.09506191313266754 0.0015800694236531854 0.0614422969520092 0.013017836458066312 0.21824996301623314 0.002665331398104921 0.08063990451573806 0.21506850235232713 0.010308846179528488 0.24731753045222807 0.9683142091827343 0.8150696108679343 -3.3212438 -2.9672205 -2.3095245 -2.646134 -2.2630844 -2.1064703 -2.2267337 -2.9131606 -3.7296746 -3.3807747 -2.975331 -2.0979402 -2.7746618 -2.6034822 -2.082168 -2.849907 -3.188213 -3.522771
2 400 0.01757211983203888 -0.004823280498385429 0.05911824107170105 0.0904904380440712 -0.1507880538702011 -0.027242988348007202 0.029452426359057426 0.036675989627838135 0.06130442023277283 -0.010972365736961365 0.029767906293272972 -0.05607137084007263 0.07176687568426132 0.11163242161273956 0.13311080634593964 0.1776149719953537 0.019823355600237846 -0.248510479927063 0.057614218443632126 -0.08126427978277206 -0.10290117561817169 -0.07595150172710419 0.12571613490581512 0.0506991408765316 0.05600662901997566 -0.05345648527145386 -0.0364982970058918 -0.067656971514225 -0.017043817788362503 0.04766891896724701 0.11143100261688232 0.08227434009313583 0.0720478817820549 0.00876068789511919 -0.04584280773997307 0.012554516084492207 -0.11241531372070312 0.012719114311039448 0.09500786662101746 -0.025644470006227493 0.1462145745754242 -0.04777233675122261 -0.1468544602394104 0.039923448115587234 0.0841066762804985 0.10607986897230148 0.15055051445960999 0.016142671927809715 -0.013500667177140713 -0.013258342631161213 -0.013372674584388733 0.0633733719587326 0.06313150376081467 -0.0033027660101652145 -0.04763307049870491 -0.04126467928290367 -0.013386993668973446 -0.0692809671163559 -0.06503678858280182 -0.18816307187080383 -0.051288384944200516 0.04370556026697159 -0.05954103544354439 -0.006568551994860172 -0.10253696888685226 -0.20963051915168762 -0.0711769387125969 0.021741313859820366 -0.07439273595809937 0.07309585809707642 -0.01926613412797451 -0.04547639191150665 0.05879303440451622 -0.015660203993320465 -0.19395418465137482 0.07617179304361343 0.04461025819182396 0.13492536544799805 0.03960753604769707 -0.04066194221377373 -0.04082713648676872 -0.09491287916898727 0.06075046584010124 0.017526328563690186 0.019560744985938072 0.08112029731273651 -0.07680155336856842 -0.05327148362994194 -0.01103145256638527 -0.01450292207300663 -0.08118114620447159 -0.09867271035909653 0.09506191313266754 0.0015800694236531854 0.0614422969520092 0.035255822723506386 0.4026731372592975 0.0006674900565003607 0.09412139801929434 0.08635740794028668 0.0063599626686029155 0.15758975634121292 0.17966174296097417 0.9814512410597772 -3.1374629 -2.492314 -0.8580158 -1.8200693 -2.0190558 -1.3245884 -2.3586226 -2.2733536 -3.9553275 -4.009722 -3.1461458 -1.3363662 -3.093342 -3.2503211 -1.895586 -3.6338284 -3.3589818 -5.1212783
0 400 0.01537560485303402 -0.004220370203256607 0.05172846093773842 0.07917913049459457 -0.13193953037261963 -0.023837614804506302 0.025770870968699455 0.03209149092435837 0.053641367703676224 -0.009600820019841194 0.02604691870510578 -0.04906244948506355 0.06279601156711578 0.09767836332321167 0.11647195369005203 0.15541310608386993 0.017345435917377472 -0.21744666993618011 0.05041244253516197 -0.07110624015331268 -0.09003852307796478 -0.06645756214857101 0.11000161617994308 0.044361744076013565 0.04900579899549484 -0.046774424612522125 -0.03193600848317146 -0.059199847280979156 -0.014913340099155903 0.041710302233695984 0.09750212728977203 0.07199005037546158 0.06304188817739487 0.007665601558983326 -0.0401124581694603 0.010985201224684715 -0.09836339950561523 0.011129224672913551 0.08313187956809998 -0.022438909858465195 0.12793774902820587 -0.04180079326033592 -0.1284976452589035 0.03493301570415497 0.07359334081411362 0.09281987696886063 0.13173168897628784 0.014124836772680283 -0.011813082732260227 -0.011601049453020096 -0.011701090261340141 0.05545169860124588 0.05524006485939026 -0.0028899202588945627 -0.041678935289382935 -0.036106593906879425 -0.011713618412613869 -0.06062084436416626 -0.05690718814730644 -0.16464267671108246 -0.04487733542919159 0.038242362439632416 -0.05209840461611748 -0.005747482646256685 -0.08971983939409256 -0.18342669308185577 -0.06227981671690941 0.019023647531867027 -0.06509364396333694 0.06395887583494186 -0.016857866197824478 -0.03979184105992317 0.05144390091300011 -0.013702678494155407 -0.16970990598201752 0.06665031611919403 0.03903397545218468 0.11805969476699829 0.034656595438718796 -0.035579197108745575 -0.035723742097616196 -0.0830487608909607 0.05315665900707245 0.015335537493228912 0.017115652561187744 0.0709802582859993 -0.06720135360956192 -0.04661254957318306 -0.009652520529925823 -0.01269005611538887 -0.07103350013494492 -0.08633862435817719 0.08317916840314865 0.0013825607020407915 0.05376201122999191 0.06804390704000607 0.9536568634784762 0.006389137841729817 0.7350898879757063 0.49224864336295293 0.14369124339689981 0.23306877258731987 0.9421724168838428 0.9972961416914013 -3.026921 -2.5529017 -1.8112102 -2.7427435 -2.3157406 -1.6516234 -2.842921 -2.8955872 -3.6851244 -3.434105 -2.903946 -1.6787806 -3.1839745 -3.0186875 -1.5452199 -3.4646242 -3.3630106 -4.7848744
1 400 0.01537560485303402 -0.004220370203256607 0.05172846093773842 0.07917913049459457 -0.13193953037261963 -0.023837614804506302 0.025770870968699455 0.03209149092435837 0.053641367703676224 -0.009600820019841194 0.02604691870510578 -0.04906244948506355 0.06279601156711578 0.09767836332321167 0.11647195369005203 0.15541310608386993 0.017345435917377472 -0.21744666993618011 0.05041244253516197 -0.07110624015331268 -0.09003852307796478 -0.06645756214857101 0.11000161617994308 0.044361744076013565 0.04900579899549484 -0.046774424612522125 -0.03193600848317146 -0.059199847280979156 -0.014913340099155903 0.041710302233695984 0.09750212728977203 0.07199005037546158 0.06304188817739487 0.007665601558983326 -0.0401124581694603 0.010985201224684715 -0.09836339950561523 0.011129224672913551 0.08313187956809998 -0.022438909858465195 0.12793774902820587 -0.04180079326033592 -0.1284976452589035 0.03493301570415497 0.07359334081411362 0.09281987696886063 0.13173168897628784 0.014124836772680283 -0.011813082732260227 -0.011601049453020096 -0.011701090261340141 0.05545169860124588 0.05524006485939026 -0.0028899202588945627 -0.041678935289382935 -0.036106593906879425 -0.011713618412613869 -0.06062084436416626 -0.05690718814730644 -0.16464267671108246 -0.04487733542919159 0.038242362439632416 -0.05209840461611748 -0.005747482646256685 -0.08971983939409256 -0.18342669308185577 -0.06227981671690941 0.019023647531867027 -0.06509364396333694 0.06395887583494186 -0.016857866197824478 -0.03979184105992317 0.05144390091300011 -0.013702678494155407 -0.16970990598201752 0.06665031611919403 0.03903397545218468 0.11805969476699829 0.034656595438718796 -0.035579197108745575 -0.035723742097616196 -0.0830487608909607 0.05315665900707245 0.015335537493228912 0.017115652561187744 0.0709802582859993 -0.06720135360956192 -0.04661254957318306 -0.009652520529925823 -0.01269005611538887 -0.07103350013494492 -0.08633862435817719 0.08317916840314865 0.0013825607020407915 0.05376201122999191 0.01860910459301528 0.20323538524172258 0.008806279849319306 0.17829375972011013 0.3078734656897543 0.024419830604565564 0.41010327762092025 0.9858480781972699 0.9694341771166072 -2.8911471 -2.5978854 -2.263548 -2.4579928 -2.1525538 -1.9307461 -2.1095338 -2.7369854 -3.3177538 -2.9131906 -2.5607543 -2.0211878 -2.5065868 -2.3943012 -1.8889668 -2.6903384 -2.8922448 -3.1383078
2 400 0.01537560485303402 -0.004220370203256607 0.05172846093773842 0.07917913049459457 -0.13193953037261963 -0.023837614804506302 0.025770870968699455 0.03209149092435837 0.053641367703676224 -0.009600820019841194 0.02604691870510578 -0.04906244948506355 0.06279601156711578 0.09767836332321167 0.11647195369005203 0.15541310608386993 0.017345435917377472 -0.21744666993618011 0.05041244253516197 -0.07110624015331268 -0.09003852307796478 -0.06645756214857101 0.11000161617994308 0.044361744076013565 0.04900579899549484 -0.046774424612522125 -0.03193600848317146 -0.059199847280979156 -0.014913340099155903 0.041710302233695984 0.09750212728977203 0.07199005037546158 0.06304188817739487 0.007665601558983326 -0.0401124581694603 0.010985201224684715 -0.09836339950561523 0.011129224672913551 0.08313187956809998 -0.022438909858465195 0.12793774902820587 -0.04180079326033592 -0.1284976452589035 0.03493301570415497 0.07359334081411362 0.09281987696886063 0.13173168897628784 0.014124836772680283 -0.011813082732260227 -0.011601049453020096 -0.011701090261340141 0.05545169860124588 0.05524006485939026 -0.0028899202588945627 -0.041678935289382935 -0.036106593906879425 -0.011713618412613869 -0.06062084436416626 -0.05690718814730644 -0.16464267671108246 -0.04487733542919159 0.038242362439632416 -0.05209840461611748 -0.005747482646256685 -0.08971983939409256 -0.18342669308185577 -0.06227981671690941 0.019023647531867027 -0.06509364396333694 0.06395887583494186 -0.016857866197824478 -0.03979184105992317 0.05144390091300011 -0.013702678494155407 -0.16970990598201752 0.06665031611919403 0.03903397545218468 0.11805969476699829 0.034656595438718796 -0.035579197108745575 -0.035723742097616196 -0.0830487608909607 0.05315665900707245 0.015335537493228912 0.017115652561187744 0.0709802582859993 -0.06720135360956192 -0.04661254957318306 -0.009652520529925823 -0.01269005611538887 -0.07103350013494492 -0.08633862435817719 0.08317916840314865 0.0013825607020407915 0.05376201122999191 0.041525818474556955 0.5015675840538659 0.001051771703142829 0.1133163419770091 0.10575646651146757 0.00997040644133045 0.18909695660724235 0.34084280317766963 0.9653449952703623 -3.0280766 -2.423958 -0.78423536 -1.7284795 -1.9113407 -1.20162 -2.1609106 -2.2537022 -3.5751307 -3.6199663 -2.8851001 -1.1192282 -2.7814217 -2.9489784 -1.5815767 -3.2435966 -3.1304178 -4.42203
0 400 0.013179090805351734 -0.0036174606066197157 0.04433868080377579 0.06786783039569855 -0.11309103667736053 -0.0204322412610054 0.022089319303631783 0.02750699408352375 0.04597831517457962 -0.008229274302721024 0.02232593111693859 -0.042053528130054474 0.05382515490055084 0.08372431993484497 0.09983310848474503 0.13321124017238617 0.014867517165839672 -0.18638285994529724 0.04321066662669182 -0.0609482079744339 -0.07717588543891907 -0.05696362629532814 0.09428710490465164 0.038024354726076126 0.04200497269630432 -0.04009236395359039 -0.027373723685741425 -0.050742730498313904 -0.012782863341271877 0.03575168922543526 0.08357325196266174 0.061705756932497025 0.05403590947389603 0.006570516154170036 -0.034382108598947525 0.009415887296199799 -0.08431148529052734 0.00953933596611023 0.07125589996576309 -0.019233353435993195 0.10966093093156815 -0.03582925349473953 -0.1101408526301384 0.029942587018013 0.06308001279830933 0.07955989986658096 0.11291288584470749 0.012107003480196 -0.010125500150024891 -0.009943757206201553 -0.01002950593829155 0.047530028969049454 0.04734862968325615 -0.002477074507623911 -0.03572480380535126 -0.030948510393500328 -0.01004024501889944 -0.05196072533726692 -0.048777591437101364 -0.14112231135368347 -0.03846628963947296 0.03277917206287384 -0.044655777513980865 -0.004926414228975773 -0.07690272480249405 -0.1572228968143463 -0.05338270217180252 0.016305984929203987 -0.05579455569386482 0.05482189729809761 -0.014449600130319595 -0.03410729393362999 0.04409477487206459 -0.011745153926312923 -0.1454656422138214 0.057128846645355225 0.03345769643783569 0.10119403153657913 0.029705652967095375 -0.03049645572900772 -0.030620351433753967 -0.0711846575140953 0.045562852174043655 0.013144747354090214 0.014670559205114841 0.06084022298455238 -0.057601165026426315 -0.03995361551642418 -0.008273589424788952 -0.01087719202041626 -0.06088586151599884 -0.07400453835725784 0.07129643857479095 0.0011850520968437195 0.046081725507974625 0.0644161137838465 0.9256411887536127 0.01967767951348667 0.8109294403195554 0.6505847334697978 0.3533816399275123 0.5780638332474248 0.9716184290736972 0.9986657280166631 -2.6416986 -2.243357 -1.7569058 -2.5790596 -2.1945097 -1.5531024 -2.7300148 -2.4109175 -3.2652707 -2.8941374 -2.5245075 -1.5811512 -2.855486 -2.7519035 -1.4120457 -3.2302034 -2.763498 -4.275754
1 400 0.013179090805351734 -0.0036174606066197157 0.04433868080377579 0.06786783039569855 -0.11309103667736053 -0.0204322412610054 0.022089319303631783 0.02750699408352375 0.04597831517457962 -0.008229274302721024 0.02232593111693859 -0.042053528130054474 0.05382515490055084 0.08372431993484497 0.09983310848474503 0.13321124017238617 0.014867517165839672 -0.18638285994529724 0.04321066662669182 -0.0609482079744339 -0.07717588543891907 -0.05696362629532814 0.09428710490465164 0.038024354726076126 0.04200497269630432 -0.04009236395359039 -0.027373723685741425 -0.050742730498313904 -0.012782863341271877 0.03575168922543526 0.08357325196266174 0.061705756932497025 0.05403590947389603 0.006570516154170036 -0.034382108598947525 0.009415887296199799 -0.08431148529052734 0.00953933596611023 0.07125589996576309 -0.019233353435993195 0.10966093093156815 -0.03582925349473953 -0.1101408526301384 0.029942587018013 0.06308001279830933 0.07955989986658096 0.11291288584470749 0.012107003480196 -0.010125500150024891 -0.009943757206201553 -0.01002950593829155 0.047530028969049454 0.04734862968325615 -0.002477074507623911 -0.03572480380535126 -0.030948510393500328 -0.01004024501889944 -0.05196072533726692 -0.048777591437101364 -0.14112231135368347 -0.03846628963947296 0.03277917206287384 -0.044655777513980865 -0.004926414228975773 -0.07690272480249405 -0.1572228968143463 -0.05338270217180252 0.016305984929203987 -0.05579455569386482 0.05482189729809761 -0.014449600130319595 -0.03410729393362999 0.04409477487206459 -0.011745153926312923 -0.1454656422138214 0.057128846645355225 0.03345769643783569 0.10119403153657913 0.029705652967095375 -0.03049645572900772 -0.030620351433753967 -0.0711846575140953 0.045562852174043655 0.013144747354090214 0.014670559205114841 0.06084022298455238 -0.057601165026426315 -0.03995361551642418 -0.008273589424788952 -0.01087719202041626 -0.06088586151599884 -0.07400453835725784 0.07129643857479095 0.0011850520968437195 0.046081725507974625 0.03518147089158182 0.2136415797267715 0.025746288702694225 0.36160143512776605 0.3915714793247926 0.06427150237738288 0.6363464889142222 0.989343417349833 0.9846237400019077 -2.4303777 -2.2462761 -2.1699045 -2.274934 -2.0218155 -1.7564026 -1.9821196 -2.3583295 -2.9210773 -2.4802558 -2.176863 -1.903441 -2.2491992 -2.1552656 -1.6984786 -2.517182 -2.4734347 -2.8017852
2 400 0.013179090805351734 -0.0036174606066197157 0.04433868080377579 0.06786783039569855 -0.11309103667736053 -0.0204322412610054 0.022089319303631783 0.02750699408352375 0.04597831517457962 -0.008229274302721024 0.02232593111693859 -0.042053528130054474 0.05382515490055084 0.08372431993484497 0.09983310848474503 0.13321124017238617 0.014867517165839672 -0.18638285994529724 0.04321066662669182 -0.0609482079744339 -0.07717588543891907 -0.05696362629532814 0.09428710490465164 0.038024354726076126 0.04200497269630432 -0.04009236395359039 -0.027373723685741425 -0.050742730498313904 -0.012782863341271877 0.03575168922543526 0.08357325196266174 0.061705756932497025 0.05403590947389603 0.006570516154170036 -0.034382108598947525 0.009415887296199799 -0.08431148529052734 0.00953933596611023 0.07125589996576309 -0.019233353435993195 0.10966093093156815 -0.03582925349473953 -0.1101408526301384 0.029942587018013 0.06308001279830933 0.07955989986658096 0.11291288584470749 0.012107003480196 -0.010125500150024891 -0.009943757206201553 -0.01002950593829155 0.047530028969049454 0.04734862968325615 -0.002477074507623911 -0.03572480380535126 -0.030948510393500328 -0.01004024501889944 -0.05196072533726692 -0.048777591437101364 -0.14112231135368347 -0.03846628963947296 0.03277917206287384 -0.044655777513980865 -0.004926414228975773 -0.07690272480249405 -0.1572228968143463 -0.05338270217180252 0.016305984929203987 -0.05579455569386482 0.05482189729809761 -0.014449600130319595 -0.03410729393362999 0.04409477487206459 -0.011745153926312923 -0.1454656422138214 0.057128846645355225 0.03345769643783569 0.10119403153657913 0.029705652967095375 -0.03049645572900772 -0.030620351433753967 -0.0711846575140953 0.045562852174043655 0.013144747354090214 0.014670559205114841 0.06084022298455238 -0.057601165026426315 -0.03995361551642418 -0.008273589424788952 -0.01087719202041626 -0.06088586151599884 -0.07400453835725784 0.07129643857479095 0.0011850520968437195 0.046081725507974625 0.03886459415220874 0.5378111435585932 0.001862082682199176 0.1517958309477468 0.13027910508158533 0.014918048161330532 0.22834347185075846 0.5430112132944989 0.9363372468990734 -2.7198987 -2.362326 -0.7203827 -1.6461557 -1.805163 -1.1010894 -1.955483 -2.205703 -3.1951687 -3.0487416 -2.6456847 -0.92696106 -2.4910166 -2.6505768 -1.3164926 -2.8417554 -2.840248 -3.7237613
0 400 0.0109825748950243 -0.0030145503114908934 0.036948900669813156 0.056556522846221924 -0.09424252808094025 -0.0170268677175045 0.01840776577591896 0.022922493517398834 0.03831526264548302 -0.006857728585600853 0.01860494166612625 -0.035044606775045395 0.0448542945086956 0.06977026164531708 0.08319425582885742 0.11100935935974121 0.012389597482979298 -0.15531904995441437 0.036008886992931366 -0.050790172070264816 -0.06431323289871216 -0.04746968671679497 0.0785725861787796 0.03168696165084839 0.0350041426718235 -0.03341030329465866 -0.022811435163021088 -0.042285606265068054 -0.010652385652065277 0.02979307435452938 0.06964437663555145 0.05142146348953247 0.04502992331981659 0.005475429818034172 -0.028651755303144455 0.007846572436392307 -0.07025957107543945 0.007949446327984333 0.05937991663813591 -0.016027793288230896 0.09138410538434982 -0.029857710003852844 -0.0917840376496315 0.024952154606580734 0.05256667360663414 0.0662999153137207 0.09409406781196594 0.010089169256389141 -0.00843791663646698 -0.008286464028060436 -0.008357921615242958 0.03960835561156273 0.03945719078183174 -0.002064228756353259 -0.02977066859602928 -0.025790425017476082 -0.008366870693862438 -0.043300602585077286 -0.04064799100160599 -0.1176019161939621 -0.032055240124464035 0.027315974235534668 -0.037213146686553955 -0.004105344880372286 -0.06408560276031494 -0.13101907074451447 -0.044485583901405334 0.013588320463895798 -0.0464954599738121 0.04568491131067276 -0.012041333131492138 -0.028422744944691658 0.036745645105838776 -0.00978762749582529 -0.12122136354446411 0.04760736972093582 0.027881411835551262 0.08432835340499878 0.024754710495471954 -0.025413712486624718 -0.02551695890724659 -0.05932054668664932 0.037969041615724564 0.010953955352306366 0.012225465849041939 0.05070018395781517 -0.048000968992710114 -0.033294677734375 -0.006894657853990793 -0.0090643260627985 -0.05073821544647217 -0.061670444905757904 0.059413693845272064 0.0009875433752313256 0.03840143606066704 0.061035970485993886 0.8161556358647162 0.093322109978788 0.820331791504776 0.772613215080256 0.5991138999170207 0.8555096596082207 0.9771598327559943 0.9980159343270901 -2.2563841 -1.950069 -1.7552171 -2.2164829 -2.0924652 -1.456385 -2.5731356 -1.9397314 -2.7782357 -2.3544014 -2.1172261 -1.5788403 -2.3839447 -2.5170834 -1.318192 -2.9604504 -2.1117284 -3.5535564
1 400 0.0109825748950243 -0.0030145503114908934 0.036948900669813156 0.056556522846221924 -0.09424252808094025 -0.0170268677175045 0.01840776577591896 0.022922493517398834 0.03831526264548302 -0.006857728585600853 0.01860494166612625 -0.035044606775045395 0.0448542945086956 0.06977026164531708 0.08319425582885742 0.11100935935974121 0.012389597482979298 -0.15531904995441437 0.036008886992931366 -0.050790172070264816 -0.06431323289871216 -0.04746968671679497 0.0785725861787796 0.03168696165084839 0.0350041426718235 -0.03341030329465866 -0.022811435163021088 -0.042285606265068054 -0.010652385652065277 0.02979307435452938 0.06964437663555145 0.05142146348953247 0.04502992331981659 0.005475429818034172 -0.028651755303144455 0.007846572436392307 -0.07025957107543945 0.007949446327984333 0.05937991663813591 -0.016027793288230896 0.09138410538434982 -0.029857710003852844 -0.0917840376496315 0.024952154606580734 0.05256667360663414 0.0662999153137207 0.09409406781196594 0.010089169256389141 -0.00843791663646698 -0.008286464028060436 -0.008357921615242958 0.03960835561156273 0.03945719078183174 -0.002064228756353259 -0.02977066859602928 -0.025790425017476082 -0.008366870693862438 -0.043300602585077286 -0.04064799100160599 -0.1176019161939621 -0.032055240124464035 0.027315974235534668 -0.037213146686553955 -0.004105344880372286 -0.06408560276031494 -0.13101907074451447 -0.044485583901405334 0.013588320463895798 -0.0464954599738121 0.04568491131067276 -0.012041333131492138 -0.028422744944691658 0.036745645105838776 -0.00978762749582529 -0.12122136354446411 0.04760736972093582 0.027881411835551262 0.08432835340499878 0.024754710495471954 -0.025413712486624718 -0.02551695890724659 -0.05932054668664932 0.037969041615724564 0.010953955352306366 0.012225465849041939 0.05070018395781517 -0.048000968992710114 -0.033294677734375 -0.006894657853990793 -0.0090643260627985 -0.05073821544647217 -0.061670444905757904 0.059413693845272064 0.0009875433752313256 0.03840143606066704 0.05143011965060071 0.22206999770110147 0.06395052655492653 0.4716789891462093 0.48269798720666846 0.17413697799332184 0.8325880710652436 0.9875063706486875 0.9837281053209362 -1.9967899 -1.9138706 -1.9955087 -2.053292 -1.8919859 -1.6165854 -1.8892698 -1.9449642 -2.456419 -2.0505393 -1.8170742 -1.7333102 -1.9214063 -1.9158971 -1.5405319 -2.3717859 -1.975809 -2.4110007
2 400 0.0109825748950243 -0.0030145503114908934 0.036948900669813156 0.056556522846221924 -0.09424252808094025 -0.0170268677175045 0.01840776577591896 0.022922493517398834 0.03831526264548302 -0.006857728585600853 0.01860494166612625 -0.035044606775045395 0.0448542945086956 0.06977026164531708 0.08319425582885742 0.11100935935974121 0.012389597482979298 -0.15531904995441437 0.036008886992931366 -0.050790172070264816 -0.06431323289871216 -0.04746968671679497 0.0785725861787796 0.03168696165084839 0.0350041426718235 -0.03341030329465866 -0.022811435163021088 -0.042285606265068054 -0.010652385652065277 0.02979307435452938 0.06964437663555145 0.05142146348953247 0.04502992331981659 0.005475429818034172 -0.028651755303144455 0.007846572436392307 -0.07025957107543945 0.007949446327984333 0.05937991663813591 -0.016027793288230896 0.09138410538434982 -0.029857710003852844 -0.0917840376496315 0.024952154606580734 0.05256667360663414 0.0662999153137207 0.09409406781196594 0.010089169256389141 -0.00843791663646698 -0.008286464028060436 -0.008357921615242958 0.03960835561156273 0.03945719078183174 -0.002064228756353259 -0.02977066859602928 -0.025790425017476082 -0.008366870693862438 -0.043300602585077286 -0.04064799100160599 -0.1176019161939621 -0.032055240124464035 0.027315974235534668 -0.037213146686553955 -0.004105344880372286 -0.06408560276031494 -0.13101907074451447 -0.044485583901405334 0.013588320463895798 -0.0464954599738121 0.04568491131067276 -0.012041333131492138 -0.028422744944691658 0.036745645105838776 -0.00978762749582529 -0.12122136354446411 0.04760736972093582 0.027881411835551262 0.08432835340499878 0.024754710495471954 -0.025413712486624718 -0.02551695890724659 -0.05932054668664932 0.037969041615724564 0.010953955352306366 0.012225465849041939 0.05070018395781517 -0.048000968992710114 -0.033294677734375 -0.006894657853990793 -0.0090643260627985 -0.05073821544647217 -0.061670444905757904 0.059413693845272064 0.0009875433752313256 0.03840143606066704 0.03531430484358598 0.4166551641156169 0.005903914370179467 0.2131007746266485 0.168580347673173 0.019901225712774747 0.30460723910472587 0.7631573117757928 0.9144730807803271 -2.1785574 -1.9776847 -0.75422144 -1.5693885 -1.6610498 -0.9752468 -1.777789 -2.146158 -2.7468462 -2.3514862 -2.1219242 -0.8859517 -2.2142725 -2.2741115 -1.0627463 -2.4157686 -2.5126336 -3.0663726
0 400 0.00878605991601944 -0.0024116402491927147 0.029559120535850525 0.0452452190220356 -0.07539402693510056 -0.013621494174003601 0.014726213179528713 0.018337994813919067 0.030652210116386414 -0.005486182868480682 0.014883953146636486 -0.028035685420036316 0.03588343784213066 0.05581621080636978 0.06655540317296982 0.08880748599767685 0.009911677800118923 -0.1242552399635315 0.028807109221816063 -0.04063213989138603 -0.051450587809085846 -0.037975750863552094 0.06285806745290756 0.0253495704382658 0.02800331450998783 -0.02672824263572693 -0.0182491485029459 -0.0338284857571125 -0.008521908894181252 0.023834459483623505 0.05571550130844116 0.04113717004656792 0.03602394089102745 0.004380343947559595 -0.022921403869986534 0.006277258042246103 -0.05620765686035156 0.006359557155519724 0.04750393331050873 -0.012822235003113747 0.0731072872877121 -0.023886168375611305 -0.0734272301197052 0.019961724057793617 0.04205333814024925 0.05303993448615074 0.07527525722980499 0.008071335963904858 -0.006750333588570356 -0.0066291713155806065 -0.0066863372921943665 0.0316866859793663 0.03156575188040733 -0.0016513830050826073 -0.023816535249352455 -0.020632339641451836 -0.006693496834486723 -0.03464048355817795 -0.03251839429140091 -0.09408153593540192 -0.025644192472100258 0.021852780133485794 -0.029770517721772194 -0.003284275997430086 -0.05126848444342613 -0.10481525957584381 -0.03558846935629845 0.010870656929910183 -0.03719636797904968 0.03654792904853821 -0.009633067063987255 -0.022738195955753326 0.02939651720225811 -0.007830101996660233 -0.09697709232568741 0.03808589652180672 0.02230512909591198 0.06746268272399902 0.019803768023848534 -0.020330971106886864 -0.02041356824338436 -0.04745643958449364 0.03037523292005062 0.008763164281845093 0.009780372492969036 0.040560148656368256 -0.03840077668428421 -0.02663574181497097 -0.005515726283192635 -0.007251461036503315 -0.040590573102235794 -0.049336355179548264 0.04753095656633377 0.0007900347118265927 0.0307211484760046 0.05741658443119648 0.6173312382290207 0.291266681430331 0.7327696098406936 0.8010203771049581 0.7927242112679923 0.9221745945846561 0.9818761537406988 0.9972587518846447 -1.8894304 -1.7051052 -1.5936328 -1.7685935 -1.9654778 -1.4488932 -2.1482358 -1.4896249 -2.270191 -1.8187084 -1.7602028 -1.4695244 -1.7565967 -2.1836407 -1.3590953 -2.4478502 -1.5083263 -2.8102486
1 400 0.00878605991601944 -0.0024116402491927147 0.029559120535850525 0.0452452190220356 -0.07539402693510056 -0.013621494174003601 0.014726213179528713 0.018337994813919067 0.030652210116386414 -0.005486182868480682 0.014883953146636486 -0.028035685420036316 0.03588343784213066 0.05581621080636978 0.06655540317296982 0.08880748599767685 0.009911677800118923 -0.1242552399635315 0.028807109221816063 -0.04063213989138603 -0.051450587809085846 -0.037975750863552094 0.06285806745290756 0.0253495704382658 0.02800331450998783 -0.02672824263572693 -0.0182491485029459 -0.0338284857571125 -0.008521908894181252 0.023834459483623505 0.05571550130844116 0.04113717004656792 0.03602394089102745 0.004380343947559595 -0.022921403869986534 0.006277258042246103 -0.05620765686035156 0.006359557155519724 0.04750393331050873 -0.012822235003113747 0.0731072872877121 -0.023886168375611305 -0.0734272301197052 0.019961724057793617 0.04205333814024925 0.05303993448615074 0.07527525722980499 0.008071335963904858 -0.006750333588570356 -0.0066291713155806065 -0.0066863372921943665 0.0316866859793663 0.03156575188040733 -0.0016513830050826073 -0.023816535249352455 -0.020632339641451836 -0.006693496834486723 -0.03464048355817795 -0.03251839429140091 -0.09408153593540192 -0.025644192472100258 0.021852780133485794 -0.029770517721772194 -0.003284275997430086 -0.05126848444342613 -0.10481525957584381 -0.03558846935629845 0.010870656929910183 -0.03719636797904968 0.03654792904853821 -0.009633067063987255 -0.022738195955753326 0.02939651720225811 -0.007830101996660233 -0.09697709232568741 0.03808589652180672 0.02230512909591198 0.06746268272399902 0.019803768023848534 -0.020330971106886864 -0.02041356824338436 -0.04745643958449364 0.03037523292005062 0.008763164281845093 0.009780372492969036 0.040560148656368256 -0.03840077668428421 -0.02663574181497097 -0.005515726283192635 -0.007251461036503315 -0.040590573102235794 -0.049336355179548264 0.04753095656633377 0.0007900347118265927 0.0307211484760046 0.060371664441012725 0.22200630136732524 0.124185649596947 0.42373632377493614 0.554790319769325 0.3935383509526874 0.9493306354213669 0.9746671003822296 0.9857813904186853 -1.5614252 -1.5989754 -1.6877791 -1.6608386 -1.7888685 -1.4785622 -1.8230118 -1.5741022 -1.9377589 -1.572767 -1.4750869 -1.4634987 -1.4599042 -1.6657732 -1.3836224 -2.2054303 -1.5751106 -1.9673073
2 400 0.00878605991601944 -0.0024116402491927147 0.029559120535850525 0.0452452190220356 -0.07539402693510056 -0.013621494174003601 0.014726213179528713 0.018337994813919067 0.030652210116386414 -0.005486182868480682 0.014883953146636486 -0.028035685420036316 0.03588343784213066 0.05581621080636978 0.06655540317296982 0.08880748599767685 0.009911677800118923 -0.1242552399635315 0.028807109221816063 -0.04063213989138603 -0.051450587809085846 -0.037975750863552094 0.06285806745290756 0.0253495704382658 0.02800331450998783 -0.02672824263572693 -0.0182491485029459 -0.0338284857571125 -0.008521908894181252 0.023834459483623505 0.05571550130844116 0.04113717004656792 0.03602394089102745 0.004380343947559595 -0.022921403869986534 0.006277258042246103 -0.05620765686035156 0.006359557155519724 0.04750393331050873 -0.012822235003113747 0.0731072872877121 -0.023886168375611305 -0.0734272301197052 0.019961724057793617 0.04205333814024925 0.05303993448615074 0.07527525722980499 0.008071335963904858 -0.006750333588570356 -0.0066291713155806065 -0.0066863372921943665 0.0316866859793663 0.03156575188040733 -0.0016513830050826073 -0.023816535249352455 -0.020632339641451836 -0.006693496834486723 -0.03464048355817795 -0.03251839429140091 -0.09408153593540192 -0.025644192472100258 0.021852780133485794 -0.029770517721772194 -0.003284275997430086 -0.05126848444342613 -0.10481525957584381 -0.03558846935629845 0.010870656929910183 -0.03719636797904968 0.03654792904853821 -0.009633067063987255 -0.022738195955753326 0.02939651720225811 -0.007830101996660233 -0.09697709232568741 0.03808589652180672 0.02230512909591198 0.06746268272399902 0.019803768023848534 -0.020330971106886864 -0.02041356824338436 -0.04745643958449364 0.03037523292005062 0.008763164281845093 0.009780372492969036 0.040560148656368256 -0.03840077668428421 -0.02663574181497097 -0.005515726283192635 -0.007251461036503315 -0.040590573102235794 -0.049336355179548264 0.04753095656633377 0.0007900347118265927 0.0307211484760046 0.04166583221835144 0.30987444493164085 0.02914235580123469 0.2538248738940673 0.20276464100908173 0.040373576949001455 0.43648952363181664 0.8653702939745275 0.9020111351402826 -1.6059778 -1.5884135 -0.89419925 -1.3434229 -1.4617424 -0.9082279 -1.6682692 -1.8258567 -2.3201952 -1.6624317 -1.6189033 -1.0049206 -1.6825079 -1.839314 -0.9226905 -2.1145747 -2.0923343 -2.490579
0 400 0.006589545402675867 -0.0018087303033098578 0.022169340401887894 0.033933915197849274 -0.05654551833868027 -0.0102161206305027 0.011044659651815891 0.013753497041761875 0.02298915758728981 -0.004114637151360512 0.011162965558469296 -0.021026764065027237 0.02691257745027542 0.041862159967422485 0.04991655424237251 0.06660562008619308 0.007433758582919836 -0.09319142997264862 0.02160533331334591 -0.03047410398721695 -0.038587942719459534 -0.02848181314766407 0.04714355245232582 0.019012177363038063 0.02100248634815216 -0.020046181976795197 -0.013686861842870712 -0.025371365249156952 -0.006391431670635939 0.01787584461271763 0.04178662598133087 0.030852878466248512 0.027017954736948013 0.003285258077085018 -0.017191054299473763 0.004707943648099899 -0.04215574264526367 0.004769667983055115 0.035627949982881546 -0.009616676717996597 0.05483046546578407 -0.017914626747369766 -0.0550704263150692 0.0149712935090065 0.03154000639915466 0.03977994993329048 0.056456442922353745 0.006053501740098 -0.0050627500750124454 -0.004971878603100777 -0.005014752969145775 0.023765014484524727 0.023674314841628075 -0.0012385372538119555 -0.01786240190267563 -0.015474255196750164 -0.00502012250944972 -0.02598036266863346 -0.024388795718550682 -0.07056115567684174 -0.01923314481973648 0.01638958603143692 -0.022327888756990433 -0.0024632071144878864 -0.038451362401247025 -0.07861144840717316 -0.02669135108590126 0.008152992464601994 -0.02789727784693241 0.027410948649048805 -0.007224800065159798 -0.017053646966814995 0.022047387436032295 -0.005872576963156462 -0.0727328211069107 0.028564423322677612 0.016728848218917847 0.050597015768289566 0.014852826483547688 -0.01524822786450386 -0.015310175716876984 -0.03559232875704765 0.022781426087021828 0.006572373677045107 0.007335279602557421 0.03042011149227619 -0.028800582513213158 -0.01997680775821209 -0.004136794712394476 -0.00543859601020813 -0.03044293075799942 -0.03700226917862892 0.03564821928739548 0.0005925260484218597 0.023040862753987312 0.0784244096214279 0.4322584029467292 0.3589602904783013 0.7993248157763925 0.7738294855449296 0.8087591386900784 0.9357233617491204 0.9711338000324528 0.9962782313229461 -1.3898232 -1.4064552 -1.3039874 -1.3036397 -1.6558092 -1.362917 -1.7044042 -1.3598173 -1.7416908 -1.3108128 -1.3602399 -1.1870978 -1.1862309 -1.6771582 -1.2255449 -1.9002719 -1.4395427 -2.035894
1 400 0.006589545402675867 -0.0018087303033098578 0.022169340401887894 0.033933915197849274 -0.05654551833868027 -0.0102161206305027 0.011044659651815891 0.013753497041761875 0.02298915758728981 -0.004114637151360512 0.011162965558469296 -0.021026764065027237 0.02691257745027542 0.041862159967422485 0.04991655424237251 0.06660562008619308 0.007433758582919836 -0.09319142997264862 0.02160533331334591 -0.03047410398721695 -0.038587942719459534 -0.02848181314766407 0.04714355245232582 0.019012177363038063 0.02100248634815216 -0.020046181976795197 -0.013686861842870712 -0.025371365249156952 -0.006391431670635939 0.01787584461271763 0.04178662598133087 0.030852878466248512 0.027017954736948013 0.003285258077085018 -0.017191054299473763 0.004707943648099899 -0.04215574264526367 0.004769667983055115 0.035627949982881546 -0.009616676717996597 0.05483046546578407 -0.017914626747369766 -0.0550704263150692 0.0149712935090065 0.03154000639915466 0.03977994993329048 0.056456442922353745 0.006053501740098 -0.0050627500750124454 -0.004971878603100777 -0.005014752969145775 0.023765014484524727 0.023674314841628075 -0.0012385372538119555 -0.01786240190267563 -0.015474255196750164 -0.00502012250944972 -0.02598036266863346 -0.024388795718550682 -0.07056115567684174 -0.01923314481973648 0.01638958603143692 -0.022327888756990433 -0.0024632071144878864 -0.038451362401247025 -0.07861144840717316 -0.02669135108590126 0.008152992464601994 -0.02789727784693241 0.027410948649048805 -0.007224800065159798 -0.017053646966814995 0.022047387436032295 -0.005872576963156462 -0.0727328211069107 0.028564423322677612 0.016728848218917847 0.050597015768289566 0.014852826483547688 -0.01524822786450386 -0.015310175716876984 -0.03559232875704765 0.022781426087021828 0.006572373677045107 0.007335279602557421 0.03042011149227619 -0.028800582513213158 -0.01997680775821209 -0.004136794712394476 -0.00543859601020813 -0.03044293075799942 -0.03700226917862892 0.03564821928739548 0.0005925260484218597 0.023040862753987312 0.09473369429208749 0.18153868900305 0.27306647111125115 0.40749275705947763 0.5193924663088063 0.6726089379825219 0.9666724314843022 0.9547041376245458 0.9805268057833746 -1.2716311 -1.3201224 -1.3834523 -1.3505265 -1.5587567 -1.4070317 -1.6890987 -1.3121866 -1.4677198 -1.2163198 -1.1987858 -1.2252232 -1.1208351 -1.276561 -1.2368748 -1.8947716 -1.3687849 -1.4718966
2 400 0.006589545402675867 -0.0018087303033098578 0.022169340401887894 0.033933915197849274 -0.05654551833868027 -0.0102161206305027 0.011044659651815891 0.013753497041761875 0.02298915758728981 -0.004114637151360512 0.011162965558469296 -0.021026764065027237 0.02691257745027542 0.041862159967422485 0.04991655424237251 0.06660562008619308 0.007433758582919836 -0.09319142997264862 0.02160533331334591 -0.03047410398721695 -0.038587942719459534 -0.02848181314766407 0.04714355245232582 0.019012177363038063 0.02100248634815216 -0.020046181976795197 -0.013686861842870712 -0.025371365249156952 -0.006391431670635939 0.01787584461271763 0.04178662598133087 0.030852878466248512 0.027017954736948013 0.003285258077085018 -0.017191054299473763 0.004707943648099899 -0.04215574264526367 0.004769667983055115 0.035627949982881546 -0.009616676717996597 0.05483046546578407 -0.017914626747369766 -0.0550704263150692 0.0149712935090065 0.03154000639915466 0.03977994993329048 0.056456442922353745 0.006053501740098 -0.0050627500750124454 -0.004971878603100777 -0.005014752969145775 0.023765014484524727 0.023674314841628075 -0.0012385372538119555 -0.01786240190267563 -0.015474255196750164 -0.00502012250944972 -0.02598036266863346 -0.024388795718550682 -0.07056115567684174 -0.01923314481973648 0.01638958603143692 -0.022327888756990433 -0.0024632071144878864 -0.038451362401247025 -0.07861144840717316 -0.02669135108590126 0.008152992464601994 -0.02789727784693241 0.027410948649048805 -0.007224800065159798 -0.017053646966814995 0.022047387436032295 -0.005872576963156462 -0.0727328211069107 0.028564423322677612 0.016728848218917847 0.050597015768289566 0.014852826483547688 -0.01524822786450386 -0.015310175716876984 -0.03559232875704765 0.022781426087021828 0.006572373677045107 0.007335279602557421 0.03042011149227619 -0.028800582513213158 -0.01997680775821209 -0.004136794712394476 -0.00543859601020813 -0.03044293075799942 -0.03700226917862892 0.03564821928739548 0.0005925260484218597 0.023040862753987312 0.027566959062943805 0.11521999049957239 0.16748686956585632 0.3065714984894737 0.1946355571811649 0.11647737087028227 0.5920887069241336 0.8284258751888571 0.8949221701911274 -1.1315588 -1.2917792 -1.2069138 -1.1846339 -1.2217437 -0.8937309 -1.544823 -1.4173045 -1.8112594 -1.0929754 -1.281149 -1.2561824 -1.271319 -1.3578333 -0.88790447 -1.8309532 -1.6332996 -1.8436232
0 400 0.00439302995800972 -0.0012058201245963573 0.014779560267925262 0.0226226095110178 -0.03769701346755028 -0.0068107470870018005 0.007363106589764357 0.009168997406959534 0.015326105058193207 -0.002743091434240341 0.007441976573318243 -0.014017842710018158 0.01794171892106533 0.02790810540318489 0.03327770158648491 0.044403742998838425 0.004955838900059462 -0.06212761998176575 0.014403554610908031 -0.020316069945693016 -0.025725293904542923 -0.018987875431776047 0.03142903372645378 0.0126747852191329 0.014001657254993916 -0.013364121317863464 -0.00912457425147295 -0.01691424287855625 -0.004260954447090626 0.011917229741811752 0.02785775065422058 0.02056858502328396 0.018011970445513725 0.0021901719737797976 -0.011460701934993267 0.0031386290211230516 -0.02810382843017578 0.003179778577759862 0.023751966655254364 -0.006411117501556873 0.03655364364385605 -0.011943084187805653 -0.0367136150598526 0.009980862028896809 0.021026669070124626 0.02651996724307537 0.037637628614902496 0.004035667981952429 -0.003375166794285178 -0.0033145856577903032 -0.0033431686460971832 0.01584334298968315 0.015782875940203667 -0.0008256915025413036 -0.011908267624676228 -0.010316169820725918 -0.0033467484172433615 -0.017320241779088974 -0.016259197145700455 -0.04704076796770096 -0.012822096236050129 0.010926390066742897 -0.014885258860886097 -0.001642137998715043 -0.025634242221713066 -0.052407629787921906 -0.017794234678149223 0.0054353284649550915 -0.01859818398952484 0.018273964524269104 -0.0048165335319936275 -0.011369097977876663 0.014698258601129055 -0.003915050998330116 -0.048488546162843704 0.01904294826090336 0.01115256454795599 0.03373134136199951 0.009901884011924267 -0.010165485553443432 -0.01020678412169218 -0.02372821979224682 0.01518761646002531 0.004381582140922546 0.004890186246484518 0.020280074328184128 -0.019200388342142105 -0.013317870907485485 -0.0027578631415963173 -0.0036257305182516575 -0.020295286551117897 -0.024668177589774132 0.023765478283166885 0.00039501735591329634 0.0153605742380023 0.09845752605109054 0.2959067367309487 0.3842991195386912 0.728503564951453 0.6934374064344806 0.7726127703321253 0.8920356292584797 0.9557659651418946 0.9925905006942166 -1.116281 -1.130083 -1.1012002 -0.9247503 -1.166657 -1.1217586 -1.3300322 -1.1482366 -1.3518347 -1.0410694 -1.0526637 -0.9910642 -0.72703654 -0.9527734 -0.98212975 -1.4166859 -1.2283627 -1.5286388
1 400 0.00439302995800972 -0.0012058201245963573 0.014779560267925262 0.0226226095110178 -0.03769701346755028 -0.0068107470870018005 0.007363106589764357 0.009168997406959534 0.015326105058193207 -0.002743091434240341 0.007441976573318243 -0.014017842710018158 0.01794171892106533 0.02790810540318489 0.03327770158648491 0.044403742998838425 0.004955838900059462 -0.06212761998176575 0.014403554610908031 -0.020316069945693016 -0.025725293904542923 -0.018987875431776047 0.03142903372645378 0.0126747852191329 0.014001657254993916 -0.013364121317863464 -0.00912457425147295 -0.01691424287855625 -0.004260954447090626 0.011917229741811752 0.02785775065422058 0.02056858502328396 0.018011970445513725 0.0021901719737797976 -0.011460701934993267 0.0031386290211230516 -0.02810382843017578 0.003179778577759862 0.023751966655254364 -0.006411117501556873 0.03655364364385605 -0.011943084187805653 -0.0367136150598526 0.009980862028896809 0.021026669070124626 0.02651996724307537 0.037637628614902496 0.004035667981952429 -0.003375166794285178 -0.0033145856577903032 -0.0033431686460971832 0.01584334298968315 0.015782875940203667 -0.0008256915025413036 -0.011908267624676228 -0.010316169820725918 -0.0033467484172433615 -0.017320241779088974 -0.016259197145700455 -0.04704076796770096 -0.012822096236050129 0.010926390066742897 -0.014885258860886097 -0.001642137998715043 -0.025634242221713066 -0.052407629787921906 -0.017794234678149223 0.0054353284649550915 -0.01859818398952484 0.018273964524269104 -0.0048165335319936275 -0.011369097977876663 0.014698258601129055 -0.003915050998330116 -0.048488546162843704 0.01904294826090336 0.01115256454795599 0.03373134136199951 0.009901884011924267 -0.010165485553443432 -0.01020678412169218 -0.02372821979224682 0.01518761646002531 0.004381582140922546 0.004890186246484518 0.020280074328184128 -0.019200388342142105 -0.013317870907485485 -0.0027578631415963173 -0.0036257305182516575 -0.020295286551117897 -0.024668177589774132 0.023765478283166885 0.00039501735591329634 0.0153605742380023 0.10227164110044698 0.047252999412906574 0.2169801398929011 0.40281989987760214 0.4878116406635618 0.6796269978622427 0.8632790026937822 0.92670910470583 0.9553506653618955 -1.1629131 -1.1097939 -1.1025138 -1.0527523 -1.1660709 -1.093513 -1.3519876 -1.1715465 -1.2487218 -1.1509731 -1.1674194 -0.96677184 -0.80028236 -0.8018964 -0.8817897 -1.3791919 -1.1675367 -1.1677971
2 400 0.00439302995800972 -0.0012058201245963573 0.014779560267925262 0.0226226095110178 -0.03769701346755028 -0.0068107470870018005 0.007363106589764357 0.009168997406959534 0.015326105058193207 -0.002743091434240341 0.007441976573318243 -0.014017842710018158 0.01794171892106533 0.02790810540318489 0.03327770158648491 0.044403742998838425 0.004955838900059462 -0.06212761998176575 0.014403554610908031 -0.020316069945693016 -0.025725293904542923 -0.018987875431776047 0.03142903372645378 0.0126747852191329 0.014001657254993916 -0.013364121317863464 -0.00912457425147295 -0.01691424287855625 -0.004260954447090626 0.011917229741811752 0.02785775065422058 0.02056858502328396 0.018011970445513725 0.0021901719737797976 -0.011460701934993267 0.0031386290211230516 -0.02810382843017578 0.003179778577759862 0.023751966655254364 -0.006411117501556873 0.03655364364385605 -0.011943084187805653 -0.0367136150598526 0.009980862028896809 0.021026669070124626 0.02651996724307537 0.037637628614902496 0.004035667981952429 -0.003375166794285178 -0.0033145856577903032 -0.0033431686460971832 0.01584334298968315 0.015782875940203667 -0.0008256915025413036 -0.011908267624676228 -0.010316169820725918 -0.0033467484172433615 -0.017320241779088974 -0.016259197145700455 -0.04704076796770096 -0.012822096236050129 0.010926390066742897 -0.014885258860886097 -0.001642137998715043 -0.025634242221713066 -0.052407629787921906 -0.017794234678149223 0.0054353284649550915 -0.01859818398952484 0.018273964524269104 -0.0048165335319936275 -0.011369097977876663 0.014698258601129055 -0.003915050998330116 -0.048488546162843704 0.01904294826090336 0.01115256454795599 0.03373134136199951 0.009901884011924267 -0.010165485553443432 -0.01020678412169218 -0.02372821979224682 0.01518761646002531 0.004381582140922546 0.004890186246484518 0.020280074328184128 -0.019200388342142105 -0.013317870907485485 -0.0027578631415963173 -0.0036257305182516575 -0.020295286551117897 -0.024668177589774132 0.023765478283166885 0.00039501735591329634 0.0153605742380023 0.015275050432419392 0.030474948675884614 0.21632080453541408 0.3159067240399267 0.3246633951369506 0.30140774666682574 0.7187021854420965 0.7747177352249557 0.9069154704998925 -1.1189601 -1.0925537 -1.1334057 -1.085227 -1.1447438 -0.9365587 -1.4071723 -1.131625 -1.3545824 -1.2096384 -1.207019 -1.1094642 -0.97886467 -0.991548 -0.84764594 -1.5229241 -1.187526 -1.365932
0 400 0.00219651497900486 -0.0006029100622981787 0.007389780133962631 0.0113113047555089 -0.01884850673377514 -0.0034053735435009003 0.0036815532948821783 0.004584498703479767 0.007663052529096603 -0.0013715457171201706 0.0037209882866591215 -0.007008921355009079 0.008970859460532665 0.013954052701592445 0.016638850793242455 0.022201871499419212 0.002477919450029731 -0.031063809990882874 0.007201777305454016 -0.010158034972846508 -0.012862646952271461 -0.009493937715888023 0.01571451686322689 0.00633739260956645 0.007000828627496958 -0.006682060658931732 -0.004562287125736475 -0.008457121439278126 -0.002130477223545313 0.005958614870905876 0.01392887532711029 0.01028429251164198 0.009005985222756863 0.0010950859868898988 -0.0057303509674966335 0.0015693145105615258 -0.01405191421508789 0.001589889288879931 0.011875983327627182 -0.0032055587507784367 0.018276821821928024 -0.005971542093902826 -0.0183568075299263 0.004990431014448404 0.010513334535062313 0.013259983621537685 0.018818814307451248 0.0020178339909762144 -0.001687583397142589 -0.0016572928288951516 -0.0016715843230485916 0.007921671494841576 0.007891437970101833 -0.0004128457512706518 -0.005954133812338114 -0.005158084910362959 -0.0016733742086216807 -0.008660120889544487 -0.008129598572850227 -0.02352038398385048 -0.0064110481180250645 0.0054631950333714485 -0.0074426294304430485 -0.0008210689993575215 -0.012817121110856533 -0.026203814893960953 -0.008897117339074612 0.0027176642324775457 -0.00929909199476242 0.009136982262134552 -0.0024082667659968138 -0.005684548988938332 0.0073491293005645275 -0.001957525499165058 -0.024244273081421852 0.00952147413045168 0.005576282273977995 0.016865670680999756 0.004950942005962133 -0.005082742776721716 -0.00510339206084609 -0.01186410989612341 0.007593808230012655 0.002190791070461273 0.002445093123242259 0.010140037164092064 -0.009600194171071053 -0.0066589354537427425 -0.0013789315707981586 -0.0018128652591258287 -0.010147643275558949 -0.012334088794887066 0.011882739141583443 0.00019750867795664817 0.00768028711900115 0.029815782811021048 0.08759139209013081 0.2643152173529458 0.48561445400641673 0.6673854516061279 0.7505920225626569 0.8856248590330177 0.9363203812472042 0.9844860070864535 -1.0666646 -0.9176687 -0.8416511 -0.7027757 -0.64893883 -0.767215 -0.8594794 -0.94612813 -1.0970813 -1.1637719 -0.9626748 -0.665211 -0.4554841 -0.3068813 -0.5920965 -0.80301255 -0.9445206 -1.1829851
1 400 0.00219651497900486 -0.0006029100622981787 0.007389780133962631 0.0113113047555089 -0.01884850673377514 -0.0034053735435009003 0.0036815532948821783 0.004584498703479767 0.007663052529096603 -0.0013715457171201706 0.0037209882866591215 -0.007008921355009079 0.008970859460532665 0.013954052701592445 0.016638850793242455 0.022201871499419212 0.002477919450029731 -0.031063809990882874 0.007201777305454016 -0.010158034972846508 -0.012862646952271461 -0.009493937715888023 0.01571451686322689 0.00633739260956645 0.007000828627496958 -0.006682060658931732 -0.004562287125736475 -0.008457121439278126 -0.002130477223545313 0.005958614870905876 0.01392887532711029 0.01028429251164198 0.009005985222756863 0.0010950859868898988 -0.0057303509674966335 0.0015693145105615258 -0.01405191421508789 0.001589889288879931 0.011875983327627182 -0.0032055587507784367 0.018276821821928024 -0.005971542093902826 -0.0183568075299263 0.004990431014448404 0.010513334535062313 0.013259983621537685 0.018818814307451248 0.0020178339909762144 -0.001687583397142589 -0.0016572928288951516 -0.0016715843230485916 0.007921671494841576 0.007891437970101833 -0.0004128457512706518 -0.005954133812338114 -0.005158084910362959 -0.0016733742086216807 -0.008660120889544487 -0.008129598572850227 -0.02352038398385048 -0.0064110481180250645 0.0054631950333714485 -0.0074426294304430485 -0.0008210689993575215 -0.012817121110856533 -0.026203814893960953 -0.008897117339074612 0.0027176642324775457 -0.00929909199476242 0.009136982262134552 -0.0024082667659968138 -0.005684548988938332 0.0073491293005645275 -0.001957525499165058 -0.024244273081421852 0.00952147413045168 0.005576282273977995 0.016865670680999756 0.004950942005962133 -0.005082742776721716 -0.00510339206084609 -0.01186410989612341 0.007593808230012655 0.002190791070461273 0.002445093123242259 0.010140037164092064 -0.009600194171071053 -0.0066589354537427425 -0.0013789315707981586 -0.0018128652591258287 -0.010147643275558949 -0.012334088794887066 0.011882739141583443 0.00019750867795664817 0.00768028711900115 0.029660435400039216 0.05697914296104007 0.1493336477871205 0.34646600959642937 0.4730903940961154 0.6652045070127679 0.8509800321275445 0.911578926592686 0.9608753148137864 -1.1195017 -1.0234691 -0.90390086 -0.7801037 -0.76404095 -0.78523076 -0.97343767 -1.0587126 -1.1237729 -1.2233486 -1.0680869 -0.80701196 -0.5465101 -0.32907087 -0.5638737 -0.8901752 -1.0033273 -1.0979296
2 400 0.00219651497900486 -0.0006029100622981787 0.007389780133962631 0.0113113047555089 -0.01884850673377514 -0.0034053735435009003 0.0036815532948821783 0.004584498703479767 0.007663052529096603 -0.0013715457171201706 0.0037209882866591215 -0.007008921355009079 0.008970859460532665 0.013954052701592445 0.016638850793242455 0.022201871499419212 0.002477919450029731 -0.031063809990882874 0.007201777305454016 -0.010158034972846508 -0.012862646952271461 -0.009493937715888023 0.01571451686322689 0.00633739260956645 0.007000828627496958 -0.006682060658931732 -0.004562287125736475 -0.008457121439278126 -0.002130477223545313 0.005958614870905876 0.01392887532711029 0.01028429251164198 0.009005985222756863 0.0010950859868898988 -0.0057303509674966335 0.0015693145105615258 -0.01405191421508789 0.001589889288879931 0.011875983327627182 -0.0032055587507784367 0.018276821821928024 -0.005971542093902826 -0.0183568075299263 0.004990431014448404 0.010513334535062313 0.013259983621537685 0.018818814307451248 0.0020178339909762144 -0.001687583397142589 -0.0016572928288951516 -0.0016715843230485916 0.007921671494841576 0.007891437970101833 -0.0004128457512706518 -0.005954133812338114 -0.005158084910362959 -0.0016733742086216807 -0.008660120889544487 -0.008129598572850227 -0.02352038398385048 -0.0064110481180250645 0.0054631950333714485 -0.0074426294304430485 -0.0008210689993575215 -0.012817121110856533 -0.026203814893960953 -0.008897117339074612 0.0027176642324775457 -0.00929909199476242 0.009136982262134552 -0.0024082667659968138 -0.005684548988938332 0.0073491293005645275 -0.001957525499165058 -0.024244273081421852 0.00952147413045168 0.005576282273977995 0.016865670680999756 0.004950942005962133 -0.005082742776721716 -0.00510339206084609 -0.01186410989612341 0.007593808230012655 0.002190791070461273 0.002445093123242259 0.010140037164092064 -0.009600194171071053 -0.0066589354537427425 -0.0013789315707981586 -0.0018128652591258287 -0.010147643275558949 -0.012334088794887066 0.011882739141583443 0.00019750867795664817 0.00768028711900115 0.013709391893623352 0.04452094141315912 0.09224227849096764 0.21067904610196417 0.3435656573429973 0.5141921741001576 0.6646250023422213 0.8035005679675407 0.9124012968445221 -1.1224056 -0.99637485 -0.89946187 -0.6776407 -0.6569729 -0.7774584 -0.91526186 -0.91177225 -1.0391282 -1.2673583 -1.0672506 -0.91868895 -0.5297747 -0.43737954 -0.5880356 -0.8610756 -0.84902686 -1.0568393
0 400 -0.0 0.0 -0.0 -0.0 0.0 0.0 -0.0 -0.0 -0.0 0.0 -0.0 0.0 -0.0 -0.0 -0.0 -0.0 -0.0 0.0 -0.0 0.0 0.0 0.0 -0.0 -0.0 -0.0 0.0 0.0 0.0 0.0 -0.0 -0.0 -0.0 -0.0 -0.0 0.0 -0.0 0.0 -0.0 -0.0 0.0 -0.0 0.0 0.0 -0.0 -0.0 -0.0 -0.0 -0.0 0.0 0.0 0.0 -0.0 -0.0 0.0 0.0 0.0 0.0 0.0 0.0 0.0 0.0 -0.0 0.0 0.0 0.0 0.0 0.0 -0.0 0.0 -0.0 0.0 0.0 -0.0 0.0 0.0 -0.0 -0.0 -0.0 -0.0 0.0 0.0 0.0 -0.0 -0.0 -0.0 -0.0 0.0 0.0 0.0 0.0 0.0 0.0 -0.0 -0.0 -0.0 0.03455787092804475 0.12048495673082336 0.2998397181911096 0.5476780993474041 0.6862492165163256 0.776374816367068 0.884952441737337 0.9317346480598797 0.9860171374398444 -0.97068334 -0.79616094 -0.64771616 -0.42762887 -0.19995642 -0.39279875 -0.55423445 -0.7344566 -1.0008067 -1.0578235 -0.7830102 -0.45968783 -0.1635901 0.078091815 -0.17783622 -0.4562232 -0.69029826 -1.1085424
1 400 -0.0 0.0 -0.0 -0.0 0.0 0.0 -0.0 -0.0 -0.0 0.0 -0.0 0.0 -0.0 -0.0 -0.0 -0.0 -0.0 0.0 -0.0 0.0 0.0 0.0 -0.0 -0.0 -0.0 0.0 0.0 0.0 0.0 -0.0 -0.0 -0.0 -0.0 -0.0 0.0 -0.0 0.0 -0.0 -0.0 0.0 -0.0 0.0 0.0 -0.0 -0.0 -0.0 -0.0 -0.0 0.0 0.0 0.0 -0.0 -0.0 0.0 0.0 0.0 0.0 0.0 0.0 0.0 0.0 -0.0 0.0 0.0 0.0 0.0 0.0 -0.0 0.0 -0.0 0.0 0.0 -0.0 0.0 0.0 -0.0 -0.0 -0.0 -0.0 0.0 0.0 0.0 -0.0 -0.0 -0.0 -0.0 0.0 0.0 0.0 0.0 0.0 0.0 -0.0 -0.0 -0.0 0.026944003190391003 0.07037132832244362 0.16397352312746544 0.34028622211664433 0.4778321163870923 0.6075494864721218 0.8442295618168093 0.9233556564636685 0.9675604443103831 -1.0506274 -0.93954027 -0.84183633 -0.6995261 -0.48474216 -0.6447581 -0.82338655 -0.9297776 -1.0175574 -1.1541088 -0.9573743 -0.7213132 -0.4656189 -0.044447787 -0.3416872 -0.6983672 -0.8901073 -1.0336505
2 400 -0.0 0.0 -0.0 -0.0 0.0 0.0 -0.0 -0.0 -0.0 0.0 -0.0 0.0 -0.0 -0.0 -0.0 -0.0 -0.0 0.0 -0.0 0.0 0.0 0.0 -0.0 -0.0 -0.0 0.0 0.0 0.0 0.0 -0.0 -0.0 -0.0 -0.0 -0.0 0.0 -0.0 0.0 -0.0 -0.0 0.0 -0.0 0.0 0.0 -0.0 -0.0 -0.0 -0.0 -0.0 0.0 0.0 0.0 -0.0 -0.0 0.0 0.0 0.0 0.0 0.0 0.0 0.0 0.0 -0.0 0.0 0.0 0.0 0.0 0.0 -0.0 0.0 -0.0 0.0 0.0 -0.0 0.0 0.0 -0.0 -0.0 -0.0 -0.0 0.0 0.0 0.0 -0.0 -0.0 -0.0 -0.0 0.0 0.0 0.0 0.0 0.0 0.0 -0.0 -0.0 -0.0 0.01518466926726371 0.05034234635270811 0.10751386992451607 0.2354399452453756 0.3820584718422637 0.499145629106102 0.719781683763353 0.8124351287836196 0.9364556174968817 -1.036074 -0.833228 -0.6531708 -0.4826202 -0.39136332 -0.50711334 -0.63384473 -0.73825574 -0.9528464 -1.1455488 -0.8559197 -0.5634196 -0.28498816 -0.13128352 -0.26333535 -0.5367784 -0.62290394 -0.9768227
0 400 -0.00219651497900486 0.0006029100622981787 -0.007389780133962631 -0.0113113047555089 0.01884850673377514 0.0034053735435009003 -0.0036815532948821783 -0.004584498703479767 -0.007663052529096603 0.0013715457171201706 -0.0037209882866591215 0.007008921355009079 -0.008970859460532665 -0.013954052701592445 -0.016638850793242455 -0.022201871499419212 -0.002477919450029731 0.031063809990882874 -0.007201777305454016 0.010158034972846508 0.012862646952271461 0.009493937715888023 -0.01571451686322689 -0.00633739260956645 -0.007000828627496958 0.006682060658931732 0.004562287125736475 0.008457121439278126 0.002130477223545313 -0.005958614870905876 -0.01392887532711029 -0.01028429251164198 -0.009005985222756863 -0.0010950859868898988 0.0057303509674966335 -0.0015693145105615258 0.01405191421508789 -0.001589889288879931 -0.011875983327627182 0.0032055587507784367 -0.018276821821928024 0.005971542093902826 0.0183568075299263 -0.004990431014448404 -0.010513334535062313 -0.013259983621537685 -0.018818814307451248 -0.0020178339909762144 0.001687583397142589 0.0016572928288951516 0.0016715843230485916 -0.007921671494841576 -0.007891437970101833 0.0004128457512706518 0.005954133812338114 0.005158084910362959 0.0016733742086216807 0.008660120889544487 0.008129598572850227 0.02352038398385048 0.0064110481180250645 -0.0054631950333714485 0.0074426294304430485 0.0008210689993575215 0.012817121110856533 0.026203814893960953 0.008897117339074612 -0.0027176642324775457 0.00929909199476242 -0.009136982262134552 0.0024082667659968138 0.005684548988938332 -0.0073491293005645275 0.001957525499165058 0.024244273081421852 -0.00952147413045168 -0.005576282273977995 -0.016865670680999756 -0.004950942005962133 0.005082742776721716 0.00510339206084609 0.01186410989612341 -0.007593808230012655 -0.002190791070461273 -0.002445093123242259 -0.010140037164092064 0.009600194171071053 0.0066589354537427425 0.0013789315707981586 0.0018128652591258287 0.010147643275558949 0.012334088794887066 -0.011882739141583443 -0.00019750867795664817 -0.00768028711900115 0.03701776950089613 0.151122226392935 0.2751146408298913 0.4763080601744474 0.6681672790226572 0.7604603769753494 0.8603395864366956 0.9112338205479753 0.9726101018327044 -0.90420234 -0.6585027 -0.53351593 -0.13248023 -0.035039723 -0.18277249 -0.41206086 -0.48364812 -0.8187546 -0.9624598 -0.5879266 -0.36128548 0.15507884 0.25615054 0.06659427 -0.29550946 -0.43295234 -0.86678237
1 400 -0.00219651497900486 0.0006029100622981787 -0.007389780133962631 -0.0113113047555089 0.01884850673377514 0.0034053735435009003 -0.0036815532948821783 -0.004584498703479767 -0.007663052529096603 0.0013715457171201706 -0.0037209882866591215 0.007008921355009079 -0.008970859460532665 -0.013954052701592445 -0.016638850793242455 -0.022201871499419212 -0.002477919450029731 0.031063809990882874 -0.007201777305454016 0.010158034972846508 0.012862646952271461 0.009493937715888023 -0.01571451686322689 -0.00633739260956645 -0.007000828627496958 0.006682060658931732 0.004562287125736475 0.008457121439278126 0.002130477223545313 -0.005958614870905876 -0.01392887532711029 -0.01028429251164198 -0.009005985222756863 -0.0010950859868898988 0.0057303509674966335 -0.0015693145105615258 0.01405191421508789 -0.001589889288879931 -0.011875983327627182 0.0032055587507784367 -0.018276821821928024 0.005971542093902826 0.0183568075299263 -0.004990431014448404 -0.010513334535062313 -0.013259983621537685 -0.018818814307451248 -0.0020178339909762144 0.001687583397142589 0.0016572928288951516 0.0016715843230485916 -0.007921671494841576 -0.007891437970101833 0.0004128457512706518 0.005954133812338114 0.005158084910362959 0.0016733742086216807 0.008660120889544487 0.008129598572850227 0.02352038398385048 0.0064110481180250645 -0.0054631950333714485 0.0074426294304430485 0.0008210689993575215 0.012817121110856533 0.026203814893960953 0.008897117339074612 -0.0027176642324775457 0.00929909199476242 -0.009136982262134552 0.0024082667659968138 0.005684548988938332 -0.0073491293005645275 0.001957525499165058 0.024244273081421852 -0.00952147413045168 -0.005576282273977995 -0.016865670680999756 -0.004950942005962133 0.005082742776721716 0.00510339206084609 0.01186410989612341 -0.007593808230012655 -0.002190791070461273 -0.002445093123242259 -0.010140037164092064 0.009600194171071053 0.0066589354537427425 0.0013789315707981586 0.0018128652591258287 0.010147643275558949 0.012334088794887066 -0.011882739141583443 -0.00019750867795664817 -0.00768028711900115 0.032437207386398964 0.07562554961581616 0.1761734045659627 0.3093325442999727 0.4908313406213891 0.662655107959611 0.8282920931473239 0.9259583460293718 0.9764001198289181 -0.9702878 -0.8440641 -0.8366201 -0.52421165 -0.3904651 -0.53948927 -0.69626296 -0.82444525 -0.990062 -1.0322976 -0.85277843 -0.719627 -0.29813385 -0.07855318 -0.29672778 -0.58332354 -0.76679814 -1.0745614
2 400 -0.00219651497900486 0.0006029100622981787 -0.007389780133962631 -0.0113113047555089 0.01884850673377514 0.0034053735435009003 -0.0036815532948821783 -0.004584498703479767 -0.007663052529096603 0.0013715457171201706 -0.0037209882866591215 0.007008921355009079 -0.008970859460532665 -0.013954052701592445 -0.016638850793242455 -0.022201871499419212 -0.002477919450029731 0.031063809990882874 -0.007201777305454016 0.010158034972846508 0.012862646952271461 0.009493937715888023 -0.01571451686322689 -0.00633739260956645 -0.007000828627496958 0.006682060658931732 0.004562287125736475 0.008457121439278126 0.002130477223545313 -0.005958614870905876 -0.01392887532711029 -0.01028429251164198 -0.009005985222756863 -0.0010950859868898988 0.0057303509674966335 -0.0015693145105615258 0.01405191421508789 -0.001589889288879931 -0.011875983327627182 0.0032055587507784367 -0.018276821821928024 0.005971542093902826 0.0183568075299263 -0.004990431014448404 -0.010513334535062313 -0.013259983621537685 -0.018818814307451248 -0.0020178339909762144 0.001687583397142589 0.0016572928288951516 0.0016715843230485916 -0.007921671494841576 -0.007891437970101833 0.0004128457512706518 0.005954133812338114 0.005158084910362959 0.0016733742086216807 0.008660120889544487 0.008129598572850227 0.02352038398385048 0.0064110481180250645 -0.0054631950333714485 0.0074426294304430485 0.0008210689993575215 0.012817121110856533 0.026203814893960953 0.008897117339074612 -0.0027176642324775457 0.00929909199476242 -0.009136982262134552 0.0024082667659968138 0.005684548988938332 -0.0073491293005645275 0.001957525499165058 0.024244273081421852 -0.00952147413045168 -0.005576282273977995 -0.016865670680999756 -0.004950942005962133 0.005082742776721716 0.00510339206084609 0.01186410989612341 -0.007593808230012655 -0.002190791070461273 -0.002445093123242259 -0.010140037164092064 0.009600194171071053 0.0066589354537427425 0.0013789315707981586 0.0018128652591258287 0.010147643275558949 0.012334088794887066 -0.011882739141583443 -0.00019750867795664817 -0.00768028711900115 0.022515578964239048 0.07351860923670357 0.13159319128322614 0.22911713701468134 0.3843245964162634 0.48712247332968384 0.7321419898164755 0.7748282925575785 0.9304321788518628 -0.8885125 -0.6843127 -0.52315784 -0.26424107 -0.074242264 -0.23115231 -0.464122 -0.5740134 -0.8293395 -0.93959445 -0.63927144 -0.40921032 -0.013394728 0.24491487 0.033774346 -0.35061616 -0.40669054 -0.81310266
0 400 -0.00439302995800972 0.0012058201245963573 -0.014779560267925262 -0.0226226095110178 0.03769701346755028 0.0068107470870018005 -0.007363106589764357 -0.009168997406959534 -0.015326105058193207 0.002743091434240341 -0.007441976573318243 0.014017842710018158 -0.01794171892106533 -0.02790810540318489 -0.03327770158648491 -0.044403742998838425 -0.004955838900059462 0.06212761998176575 -0.014403554610908031 0.020316069945693016 0.025725293904542923 0.018987875431776047 -0.03142903372645378 -0.0126747852191329 -0.014001657254993916 0.013364121317863464 0.00912457425147295 0.01691424287855625 0.004260954447090626 -0.011917229741811752 -0.02785775065422058 -0.02056858502328396 -0.018011970445513725 -0.0021901719737797976 0.011460701934993267 -0.0031386290211230516 0.02810382843017578 -0.003179778577759862 -0.023751966655254364 0.006411117501556873 -0.03655364364385605 0.011943084187805653 0.0367136150598526 -0.009980862028896809 -0.021026669070124626 -0.02651996724307537 -0.037637628614902496 -0.004035667981952429 0.003375166794285178 0.0033145856577903032 0.0033431686460971832 -0.01584334298968315 -0.015782875940203667 0.0008256915025413036 0.011908267624676228 0.010316169820725918 0.0033467484172433615 0.017320241779088974 0.016259197145700455 0.04704076796770096 0.012822096236050129 -0.010926390066742897 0.014885258860886097 0.001642137998715043 0.025634242221713066 0.052407629787921906 0.017794234678149223 -0.0054353284649550915 0.01859818398952484 -0.018273964524269104 0.0048165335319936275 0.011369097977876663 -0.014698258601129055 0.003915050998330116 0.048488546162843704 -0.01904294826090336 -0.01115256454795599 -0.03373134136199951 -0.009901884011924267 0.010165485553443432 0.01020678412169218 0.02372821979224682 -0.01518761646002531 -0.004381582140922546 -0.004890186246484518 -0.020280074328184128 0.019200388342142105 0.013317870907485485 0.0027578631415963173 0.0036257305182516575 0.020295286551117897 0.024668177589774132 -0.023765478283166885 -0.00039501735591329634 -0.0153605742380023 0.04103582972503799 0.16327223356342643 0.3172399312742016 0.5527905911422387 0.6254744403199859 0.7115336801384506 0.8316533490203829 0.8966190729483242 0.9820807581341061 -0.70942914 -0.422841 -0.044507682 0.16120818 0.17081895 0.15866086 -0.12859763 -0.39028546 -0.77316487 -0.72855777 -0.2723515 0.17578565 0.46290153 0.47030032 0.40518034 0.035052955 -0.39195448 -0.8599662
1 400 -0.00439302995800972 0.0012058201245963573 -0.014779560267925262 -0.0226226095110178 0.03769701346755028 0.0068107470870018005 -0.007363106589764357 -0.009168997406959534 -0.015326105058193207 0.002743091434240341 -0.007441976573318243 0.014017842710018158 -0.01794171892106533 -0.02790810540318489 -0.03327770158648491 -0.044403742998838425 -0.004955838900059462 0.06212761998176575 -0.014403554610908031 0.020316069945693016 0.025725293904542923 0.018987875431776047 -0.03142903372645378 -0.0126747852191329 -0.014001657254993916 0.013364121317863464 0.00912457425147295 0.01691424287855625 0.004260954447090626 -0.011917229741811752 -0.02785775065422058 -0.02056858502328396 -0.018011970445513725 -0.0021901719737797976 0.011460701934993267 -0.0031386290211230516 0.02810382843017578 -0.003179778577759862 -0.023751966655254364 0.006411117501556873 -0.03655364364385605 0.011943084187805653 0.0367136150598526 -0.009980862028896809 -0.021026669070124626 -0.02651996724307537 -0.037637628614902496 -0.004035667981952429 0.003375166794285178 0.0033145856577903032 0.0033431686460971832 -0.01584334298968315 -0.015782875940203667 0.0008256915025413036 0.011908267624676228 0.010316169820725918 0.0033467484172433615 0.017320241779088974 0.016259197145700455 0.04704076796770096 0.012822096236050129 -0.010926390066742897 0.014885258860886097 0.001642137998715043 0.025634242221713066 0.052407629787921906 0.017794234678149223 -0.0054353284649550915 0.01859818398952484 -0.018273964524269104 0.0048165335319936275 0.011369097977876663 -0.014698258601129055 0.003915050998330116 0.048488546162843704 -0.01904294826090336 -0.01115256454795599 -0.03373134136199951 -0.009901884011924267 0.010165485553443432 0.01020678412169218 0.02372821979224682 -0.01518761646002531 -0.004381582140922546 -0.004890186246484518 -0.020280074328184128 0.019200388342142105 0.013317870907485485 0.0027578631415963173 0.0036257305182516575 0.020295286551117897 0.024668177589774132 -0.023765478283166885 -0.00039501735591329634 -0.0153605742380023 0.03562397641574913 0.08226874234057811 0.20687818633559613 0.27478183484358487 0.5099291907527628 0.6391219825760456 0.7782032424362026 0.9131927430415484 0.9864229031490713 -0.8694234 -0.7790859 -0.8169411 -0.4995759 -0.29994696 -0.4602802 -0.5705997 -0.7955903 -0.9957198 -0.9610843 -0.78503555 -0.6996162 -0.29781383 -0.051669642 -0.3347052 -0.4913751 -0.74884206 -1.1659632
2 400 -0.00439302995800972 0.0012058201245963573 -0.014779560267925262 -0.0226226095110178 0.03769701346755028 0.0068107470870018005 -0.007363106589764357 -0.009168997406959534 -0.015326105058193207 0.002743091434240341 -0.007441976573318243 0.014017842710018158 -0.01794171892106533 -0.02790810540318489 -0.03327770158648491 -0.044403742998838425 -0.004955838900059462 0.06212761998176575 -0.014403554610908031 0.020316069945693016 0.025725293904542923 0.018987875431776047 -0.03142903372645378 -0.0126747852191329 -0.014001657254993916 0.013364121317863464 0.00912457425147295 0.01691424287855625 0.004260954447090626 -0.011917229741811752 -0.02785775065422058 -0.02056858502328396 -0.018011970445513725 -0.0021901719737797976 0.011460701934993267 -0.0031386290211230516 0.02810382843017578 -0.003179778577759862 -0.023751966655254364 0.006411117501556873 -0.03655364364385605 0.011943084187805653 0.0367136150598526 -0.009980862028896809 -0.021026669070124626 -0.02651996724307537 -0.037637628614902496 -0.004035667981952429 0.003375166794285178 0.0033145856577903032 0.0033431686460971832 -0.01584334298968315 -0.015782875940203667 0.0008256915025413036 0.011908267624676228 0.010316169820725918 0.0033467484172433615 0.017320241779088974 0.016259197145700455 0.04704076796770096 0.012822096236050129 -0.010926390066742897 0.014885258860886097 0.001642137998715043 0.025634242221713066 0.052407629787921906 0.017794234678149223 -0.0054353284649550915 0.01859818398952484 -0.018273964524269104 0.0048165335319936275 0.011369097977876663 -0.014698258601129055 0.003915050998330116 0.048488546162843704 -0.01904294826090336 -0.01115256454795599 -0.03373134136199951 -0.009901884011924267 0.010165485553443432 0.01020678412169218 0.02372821979224682 -0.01518761646002531 -0.004381582140922546 -0.004890186246484518 -0.020280074328184128 0.019200388342142105 0.013317870907485485 0.0027578631415963173 0.0036257305182516575 0.020295286551117897 0.024668177589774132 -0.023765478283166885 -0.00039501735591329634 -0.0153605742380023 0.02441079839617896 0.074438838568521 0.16203172593852605 0.23016526907464793 0.3809883514941423 0.5124743453031324 0.6520285670102977 0.721478703966224 0.9086710553608309 -0.7035315 -0.4654333 -0.11686127 0.01968944 0.15683076 0.035833508 -0.1558277 -0.3088738 -0.6903044 -0.680471 -0.3682384 0.12682877 0.32626027 0.5278412 0.3485257 0.03611557 -0.08507401 -0.62934554
0 400 -0.006589545402675867 0.0018087303033098578 -0.022169340401887894 -0.033933915197849274 0.05654551833868027 0.0102161206305027 -0.011044659651815891 -0.013753497041761875 -0.02298915758728981 0.004114637151360512 -0.011162965558469296 0.021026764065027237 -0.02691257745027542 -0.041862159967422485 -0.04991655424237251 -0.06660562008619308 -0.007433758582919836 0.09319142997264862 -0.02160533331334591 0.03047410398721695 0.038587942719459534 0.02848181314766407 -0.04714355245232582 -0.019012177363038063 -0.02100248634815216 0.020046181976795197 0.013686861842870712 0.025371365249156952 0.006391431670635939 -0.01787584461271763 -0.04178662598133087 -0.030852878466248512 -0.027017954736948013 -0.003285258077085018 0.017191054299473763 -0.004707943648099899 0.04215574264526367 -0.004769667983055115 -0.035627949982881546 0.009616676717996597 -0.05483046546578407 0.017914626747369766 0.0550704263150692 -0.0149712935090065 -0.03154000639915466 -0.03977994993329048 -0.056456442922353745 -0.006053501740098 0.0050627500750124454 0.004971878603100777 0.005014752969145775 -0.023765014484524727 -0.023674314841628075 0.0012385372538119555 0.01786240190267563 0.015474255196750164 0.00502012250944972 0.02598036266863346 0.024388795718550682 0.07056115567684174 0.01923314481973648 -0.01638958603143692 0.022327888756990433 0.0024632071144878864 0.038451362401247025 0.07861144840717316 0.02669135108590126 -0.008152992464601994 0.02789727784693241 -0.027410948649048805 0.007224800065159798 0.017053646966814995 -0.022047387436032295 0.005872576963156462 0.0727328211069107 -0.028564423322677612 -0.016728848218917847 -0.050597015768289566 -0.014852826483547688 0.01524822786450386 0.015310175716876984 0.03559232875704765 -0.022781426087021828 -0.006572373677045107 -0.007335279602557421 -0.03042011149227619 0.028800582513213158 0.01997680775821209 0.004136794712394476 0.00543859601020813 0.03044293075799942 0.03700226917862892 -0.03564821928739548 -0.0005925260484218597 -0.023040862753987312 0.052049851059362315 0.23455288451456413 0.4290136643324928 0.6404932020483608 0.5981441903609219 0.6715661638364575 0.7297904436135284 0.8549926953008495 0.9829819288306436 -0.55812263 -0.13479076 0.2722579 0.4163474 0.3805329 0.32245114 0.22475544 -0.13715696 -0.6235449 -0.48902178 0.06472394 0.46038055 0.72133154 0.68383825 0.57180643 0.43613404 -0.113556564 -0.70197624
1 400 -0.006589545402675867 0.0018087303033098578 -0.022169340401887894 -0.033933915197849274 0.05654551833868027 0.0102161206305027 -0.011044659651815891 -0.013753497041761875 -0.02298915758728981 0.004114637151360512 -0.011162965558469296 0.021026764065027237 -0.02691257745027542 -0.041862159967422485 -0.04991655424237251 -0.06660562008619308 -0.007433758582919836 0.09319142997264862 -0.02160533331334591 0.03047410398721695 0.038587942719459534 0.02848181314766407 -0.04714355245232582 -0.019012177363038063 -0.02100248634815216 0.020046181976795197 0.013686861842870712 0.025371365249156952 0.006391431670635939 -0.01787584461271763 -0.04178662598133087 -0.030852878466248512 -0.027017954736948013 -0.003285258077085018 0.017191054299473763 -0.004707943648099899 0.04215574264526367 -0.004769667983055115 -0.035627949982881546 0.009616676717996597 -0.05483046546578407 0.017914626747369766 0.0550704263150692 -0.0149712935090065 -0.03154000639915466 -0.03977994993329048 -0.056456442922353745 -0.006053501740098 0.0050627500750124454 0.004971878603100777 0.005014752969145775 -0.023765014484524727 -0.023674314841628075 0.0012385372538119555 0.01786240190267563 0.015474255196750164 0.00502012250944972 0.02598036266863346 0.024388795718550682 0.07056115567684174 0.01923314481973648 -0.01638958603143692 0.022327888756990433 0.0024632071144878864 0.038451362401247025 0.07861144840717316 0.02669135108590126 -0.008152992464601994 0.02789727784693241 -0.027410948649048805 0.007224800065159798 0.017053646966814995 -0.022047387436032295 0.005872576963156462 0.0727328211069107 -0.028564423322677612 -0.016728848218917847 -0.050597015768289566 -0.014852826483547688 0.01524822786450386 0.015310175716876984 0.03559232875704765 -0.022781426087021828 -0.006572373677045107 -0.007335279602557421 -0.03042011149227619 0.028800582513213158 0.01997680775821209 0.004136794712394476 0.00543859601020813 0.03044293075799942 0.03700226917862892 -0.03564821928739548 -0.0005925260484218597 -0.023040862753987312 0.0542329120523329 0.11731893579466322 0.2774830551779454 0.28686983065579064 0.5800365048017914 0.7228178979677498 0.7126096689909752 0.8911816336931959 0.9873328320375345 -0.86190236 -0.71241575 -0.78123444 -0.5096307 -0.2717994 -0.44724655 -0.42010075 -0.7032701 -1.0068716 -1.0092375 -0.684444 -0.64988744 -0.32932246 -0.046446487 -0.30853394 -0.3499815 -0.711021 -1.2021215
2 400 -0.006589545402675867 0.0018087303033098578 -0.022169340401887894 -0.033933915197849274 0.05654551833868027 0.0102161206305027 -0.011044659651815891 -0.013753497041761875 -0.02298915758728981 0.004114637151360512 -0.011162965558469296 0.021026764065027237 -0.02691257745027542 -0.041862159967422485 -0.04991655424237251 -0.06660562008619308 -0.007433758582919836 0.09319142997264862 -0.02160533331334591 0.03047410398721695 0.038587942719459534 0.02848181314766407 -0.04714355245232582 -0.019012177363038063 -0.02100248634815216 0.020046181976795197 0.013686861842870712 0.025371365249156952 0.006391431670635939 -0.01787584461271763 -0.04178662598133087 -0.030852878466248512 -0.027017954736948013 -0.003285258077085018 0.017191054299473763 -0.004707943648099899 0.04215574264526367 -0.004769667983055115 -0.035627949982881546 0.009616676717996597 -0.05483046546578407 0.017914626747369766 0.0550704263150692 -0.0149712935090065 -0.03154000639915466 -0.03977994993329048 -0.056456442922353745 -0.006053501740098 0.0050627500750124454 0.004971878603100777 0.005014752969145775 -0.023765014484524727 -0.023674314841628075 0.0012385372538119555 0.01786240190267563 0.015474255196750164 0.00502012250944972 0.02598036266863346 0.024388795718550682 0.07056115567684174 0.01923314481973648 -0.01638958603143692 0.022327888756990433 0.0024632071144878864 0.038451362401247025 0.07861144840717316 0.02669135108590126 -0.008152992464601994 0.02789727784693241 -0.027410948649048805 0.007224800065159798 0.017053646966814995 -0.022047387436032295 0.005872576963156462 0.0727328211069107 -0.028564423322677612 -0.016728848218917847 -0.050597015768289566 -0.014852826483547688 0.01524822786450386 0.015310175716876984 0.03559232875704765 -0.022781426087021828 -0.006572373677045107 -0.007335279602557421 -0.03042011149227619 0.028800582513213158 0.01997680775821209 0.004136794712394476 0.00543859601020813 0.03044293075799942 0.03700226917862892 -0.03564821928739548 -0.0005925260484218597 -0.023040862753987312 0.03299438893754566 0.07310475964987834 0.19846670269155098 0.23609562834824518 0.3601973195498427 0.5165153797193496 0.5244868296790887 0.6953027530600885 0.903479281409339 -0.5074394 -0.10632458 0.17749122 0.23032698 0.35380372 0.3004304 0.22990385 -0.046441108 -0.5659538 -0.39523923 0.09973894 0.5086022 0.5990519 0.76900744 0.6522891 0.5059098 0.2185684 -0.50880075
0 400 -0.00878605991601944 0.0024116402491927147 -0.029559120535850525 -0.0452452190220356 0.07539402693510056 0.013621494174003601 -0.014726213179528713 -0.018337994813919067 -0.030652210116386414 0.005486182868480682 -0.014883953146636486 0.028035685420036316 -0.03588343784213066 -0.05581621080636978 -0.06655540317296982 -0.08880748599767685 -0.009911677800118923 0.1242552399635315 -0.028807109221816063 0.04063213989138603 0.051450587809085846 0.037975750863552094 -0.06285806745290756 -0.0253495704382658 -0.02800331450998783 0.02672824263572693 0.0182491485029459 0.0338284857571125 0.008521908894181252 -0.023834459483623505 -0.05571550130844116 -0.04113717004656792 -0.03602394089102745 -0.004380343947559595 0.022921403869986534 -0.006277258042246103 0.05620765686035156 -0.006359557155519724 -0.04750393331050873 0.012822235003113747 -0.0731072872877121 0.023886168375611305 0.0734272301197052 -0.019961724057793617 -0.04205333814024925 -0.05303993448615074 -0.07527525722980499 -0.008071335963904858 0.006750333588570356 0.0066291713155806065 0.0066863372921943665 -0.0316866859793663 -0.03156575188040733 0.0016513830050826073 0.023816535249352455 0.020632339641451836 0.006693496834486723 0.03464048355817795 0.03251839429140091 0.09408153593540192 0.025644192472100258 -0.021852780133485794 0.029770517721772194 0.003284275997430086 0.05126848444342613 0.10481525957584381 0.03558846935629845 -0.010870656929910183 0.03719636797904968 -0.03654792904853821 0.009633067063987255 0.022738195955753326 -0.02939651720225811 0.007830101996660233 0.09697709232568741 -0.03808589652180672 -0.02230512909591198 -0.06746268272399902 -0.019803768023848534 0.020330971106886864 0.02041356824338436 0.04745643958449364 -0.03037523292005062 -0.008763164281845093 -0.009780372492969036 -0.040560148656368256 0.03840077668428421 0.02663574181497097 0.005515726283192635 0.007251461036503315 0.040590573102235794 0.049336355179548264 -0.04753095656633377 -0.0007900347118265927 -0.0307211484760046 0.0767225562966288 0.3262621615051777 0.5033112908605912 0.6234336232149021 0.6015369201304641 0.6607077062329016 0.6290005996367687 0.818181318315898 0.9633422752034831 -0.46628445 0.10315299 0.4913164 0.6223333 0.5864688 0.49074224 0.50335455 0.17756113 -0.46303046 -0.39227247 0.34334773 0.67196256 0.95252985 0.9100335 0.74413896 0.7500352 0.2653839 -0.57212484
1 400 -0.00878605991601944 0.0024116402491927147 -0.029559120535850525 -0.0452452190220356 0.07539402693510056 0.013621494174003601 -0.014726213179528713 -0.018337994813919067 -0.030652210116386414 0.005486182868480682 -0.014883953146636486 0.028035685420036316 -0.03588343784213066 -0.05581621080636978 -0.06655540317296982 -0.08880748599767685 -0.009911677800118923 0.1242552399635315 -0.028807109221816063 0.04063213989138603 0.051450587809085846 0.037975750863552094 -0.06285806745290756 -0.0253495704382658 -0.02800331450998783 0.02672824263572693 0.0182491485029459 0.0338284857571125 0.008521908894181252 -0.023834459483623505 -0.05571550130844116 -0.04113717004656792 -0.03602394089102745 -0.004380343947559595 0.022921403869986534 -0.006277258042246103 0.05620765686035156 -0.006359557155519724 -0.04750393331050873 0.012822235003113747 -0.0731072872877121 0.023886168375611305 0.0734272301197052 -0.019961724057793617 -0.04205333814024925 -0.05303993448615074 -0.07527525722980499 -0.008071335963904858 0.006750333588570356 0.0066291713155806065 0.0066863372921943665 -0.0316866859793663 -0.03156575188040733 0.0016513830050826073 0.023816535249352455 0.020632339641451836 0.006693496834486723 0.03464048355817795 0.03251839429140091 0.09408153593540192 0.025644192472100258 -0.021852780133485794 0.029770517721772194 0.003284275997430086 0.05126848444342613 0.10481525957584381 0.03558846935629845 -0.010870656929910183 0.03719636797904968 -0.03654792904853821 0.009633067063987255 0.022738195955753326 -0.02939651720225811 0.007830101996660233 0.09697709232568741 -0.03808589652180672 -0.02230512909591198 -0.06746268272399902 -0.019803768023848534 0.020330971106886864 0.02041356824338436 0.04745643958449364 -0.03037523292005062 -0.008763164281845093 -0.009780372492969036 -0.040560148656368256 0.03840077668428421 0.02663574181497097 0.005515726283192635 0.007251461036503315 0.040590573102235794 0.049336355179548264 -0.04753095656633377 -0.0007900347118265927 -0.0307211484760046 0.08090745583205185 0.1677792604183009 0.3173142363449018 0.3271626229832479 0.617183511196658 0.7887158808791561 0.7298720058427292 0.8746440857744909 0.9869728591362968 -0.90281105 -0.6922358 -0.78721035 -0.5373273 -0.27153528 -0.4583746 -0.3869259 -0.6045084 -1.0322511 -1.1038594 -0.62982637 -0.6557894 -0.3891285 -0.04386738 -0.32799414 -0.31502014 -0.6279357 -1.2836127
2 400 -0.00878605991601944 0.0024116402491927147 -0.029559120535850525 -0.0452452190220356 0.07539402693510056 0.013621494174003601 -0.014726213179528713 -0.018337994813919067 -0.030652210116386414 0.005486182868480682 -0.014883953146636486 0.028035685420036316 -0.03588343784213066 -0.05581621080636978 -0.06655540317296982 -0.08880748599767685 -0.009911677800118923 0.1242552399635315 -0.028807109221816063 0.04063213989138603 0.051450587809085846 0.037975750863552094 -0.06285806745290756 -0.0253495704382658 -0.02800331450998783 0.02672824263572693 0.0182491485029459 0.0338284857571125 0.008521908894181252 -0.023834459483623505 -0.05571550130844116 -0.04113717004656792 -0.03602394089102745 -0.004380343947559595 0.022921403869986534 -0.006277258042246103 0.05620765686035156 -0.006359557155519724 -0.04750393331050873 0.012822235003113747 -0.0731072872877121 0.023886168375611305 0.0734272301197052 -0.019961724057793617 -0.04205333814024925 -0.05303993448615074 -0.07527525722980499 -0.008071335963904858 0.006750333588570356 0.0066291713155806065 0.0066863372921943665 -0.0316866859793663 -0.03156575188040733 0.0016513830050826073 0.023816535249352455 0.020632339641451836 0.006693496834486723 0.03464048355817795 0.03251839429140091 0.09408153593540192 0.025644192472100258 -0.021852780133485794 0.029770517721772194 0.003284275997430086 0.05126848444342613 0.10481525957584381 0.03558846935629845 -0.010870656929910183 0.03719636797904968 -0.03654792904853821 0.009633067063987255 0.022738195955753326 -0.02939651720225811 0.007830101996660233 0.09697709232568741 -0.03808589652180672 -0.02230512909591198 -0.06746268272399902 -0.019803768023848534 0.020330971106886864 0.02041356824338436 0.04745643958449364 -0.03037523292005062 -0.008763164281845093 -0.009780372492969036 -0.040560148656368256 0.03840077668428421 0.02663574181497097 0.005515726283192635 0.007251461036503315 0.040590573102235794 0.049336355179548264 -0.04753095656633377 -0.0007900347118265927 -0.0307211484760046 0.03460749430791711 0.07808026277744687 0.2277090788152364 0.2354437647345174 0.4765015370718649 0.5463770331415398 0.4668859743715543 0.6751897424959202 0.8873208992241847 -0.3428843 0.073337525 0.37268505 0.42357388 0.5711473 0.49121115 0.45933965 0.23814765 -0.4280916 -0.124549344 0.35245705 0.7631618 0.85013026 0.9641841 0.86605173 0.7894862 0.5527358 -0.3957774
0 400 -0.0109825748950243 0.0030145503114908934 -0.036948900669813156 -0.056556522846221924 0.09424252808094025 0.0170268677175045 -0.01840776577591896 -0.022922493517398834 -0.03831526264548302 0.006857728585600853 -0.01860494166612625 0.035044606775045395 -0.0448542945086956 -0.06977026164531708 -0.08319425582885742 -0.11100935935974121 -0.012389597482979298 0.15531904995441437 -0.036008886992931366 0.050790172070264816 0.06431323289871216 0.04746968671679497 -0.0785725861787796 -0.03168696165084839 -0.0350041426718235 0.03341030329465866 0.022811435163021088 0.042285606265068054 0.010652385652065277 -0.02979307435452938 -0.06964437663555145 -0.05142146348953247 -0.04502992331981659 -0.005475429818034172 0.028651755303144455 -0.007846572436392307 0.07025957107543945 -0.007949446327984333 -0.05937991663813591 0.016027793288230896 -0.09138410538434982 0.029857710003852844 0.0917840376496315 -0.024952154606580734 -0.05256667360663414 -0.0662999153137207 -0.09409406781196594 -0.010089169256389141 0.00843791663646698 0.008286464028060436 0.008357921615242958 -0.03960835561156273 -0.03945719078183174 0.002064228756353259 0.02977066859602928 0.025790425017476082 0.008366870693862438 0.043300602585077286 0.04064799100160599 0.1176019161939621 0.032055240124464035 -0.027315974235534668 0.037213146686553955 0.004105344880372286 0.06408560276031494 0.13101907074451447 0.044485583901405334 -0.013588320463895798 0.0464954599738121 -0.04568491131067276 0.012041333131492138 0.028422744944691658 -0.036745645105838776 0.00978762749582529 0.12122136354446411 -0.04760736972093582 -0.027881411835551262 -0.08432835340499878 -0.024754710495471954 0.025413712486624718 0.02551695890724659 0.05932054668664932 -0.037969041615724564 -0.010953955352306366 -0.012225465849041939 -0.05070018395781517 0.048000968992710114 0.033294677734375 0.006894657853990793 0.0090643260627985 0.05073821544647217 0.061670444905757904 -0.059413693845272064 -0.0009875433752313256 -0.03840143606066704 0.09955503974032687 0.41462604509032935 0.5320886524334599 0.6506170777474102 0.6158832094601849 0.6500294285924725 0.607588870905668 0.8148529405961422 0.9103659733162618 -0.23751271 0.343685 0.68257594 0.80462694 0.7922301 0.6589916 0.674862 0.43613973 -0.36868724 -0.11207463 0.62536836 0.87098414 1.1540942 1.1402994 0.9164519 0.9207528 0.55919987 -0.5851716
1 400 -0.0109825748950243 0.0030145503114908934 -0.036948900669813156 -0.056556522846221924 0.09424252808094025 0.0170268677175045 -0.01840776577591896 -0.022922493517398834 -0.03831526264548302 0.006857728585600853 -0.01860494166612625 0.035044606775045395 -0.0448542945086956 -0.06977026164531708 -0.08319425582885742 -0.11100935935974121 -0.012389597482979298 0.15531904995441437 -0.036008886992931366 0.050790172070264816 0.06431323289871216 0.04746968671679497 -0.0785725861787796 -0.03168696165084839 -0.0350041426718235 0.03341030329465866 0.022811435163021088 0.042285606265068054 0.010652385652065277 -0.02979307435452938 -0.06964437663555145 -0.05142146348953247 -0.04502992331981659 -0.005475429818034172 0.028651755303144455 -0.007846572436392307 0.07025957107543945 -0.007949446327984333 -0.05937991663813591 0.016027793288230896 -0.09138410538434982 0.029857710003852844 0.0917840376496315 -0.024952154606580734 -0.05256667360663414 -0.0662999153137207 -0.09409406781196594 -0.010089169256389141 0.00843791663646698 0.008286464028060436 0.008357921615242958 -0.03960835561156273 -0.03945719078183174 0.002064228756353259 0.02977066859602928 0.025790425017476082 0.008366870693862438 0.043300602585077286 0.04064799100160599 0.1176019161939621 0.032055240124464035 -0.027315974235534668 0.037213146686553955 0.004105344880372286 0.06408560276031494 0.13101907074451447 0.044485583901405334 -0.013588320463895798 0.0464954599738121 -0.04568491131067276 0.012041333131492138 0.028422744944691658 -0.036745645105838776 0.00978762749582529 0.12122136354446411 -0.04760736972093582 -0.027881411835551262 -0.08432835340499878 -0.024754710495471954 0.025413712486624718 0.02551695890724659 0.05932054668664932 -0.037969041615724564 -0.010953955352306366 -0.012225465849041939 -0.05070018395781517 0.048000968992710114 0.033294677734375 0.006894657853990793 0.0090643260627985 0.05073821544647217 0.061670444905757904 -0.059413693845272064 -0.0009875433752313256 -0.03840143606066704 0.11141515036342507 0.20815246415250543 0.27303406611476205 0.3210323726277358 0.7142347924375783 0.8350389727535273 0.7715272803719194 0.8964944263680106 0.9807923900826436 -0.9580388 -0.62969637 -0.5485557 -0.3551857 -0.2730676 -0.4134891 -0.40179005 -0.49621582 -1.0839075 -1.1605899 -0.5355573 -0.39016628 -0.16772616 -0.095022365 -0.2854569 -0.33988047 -0.49147248 -1.4849334
2 400 -0.0109825748950243 0.0030145503114908934 -0.036948900669813156 -0.056556522846221924 0.09424252808094025 0.0170268677175045 -0.01840776577591896 -0.022922493517398834 -0.03831526264548302 0.006857728585600853 -0.01860494166612625 0.035044606775045395 -0.0448542945086956 -0.06977026164531708 -0.08319425582885742 -0.11100935935974121 -0.012389597482979298 0.15531904995441437 -0.036008886992931366 0.050790172070264816 0.06431323289871216 0.04746968671679497 -0.0785725861787796 -0.03168696165084839 -0.0350041426718235 0.03341030329465866 0.022811435163021088 0.042285606265068054 0.010652385652065277 -0.02979307435452938 -0.06964437663555145 -0.05142146348953247 -0.04502992331981659 -0.005475429818034172 0.028651755303144455 -0.007846572436392307 0.07025957107543945 -0.007949446327984333 -0.05937991663813591 0.016027793288230896 -0.09138410538434982 0.029857710003852844 0.0917840376496315 -0.024952154606580734 -0.05256667360663414 -0.0662999153137207 -0.09409406781196594 -0.010089169256389141 0.00843791663646698 0.008286464028060436 0.008357921615242958 -0.03960835561156273 -0.03945719078183174 0.002064228756353259 0.02977066859602928 0.025790425017476082 0.008366870693862438 0.043300602585077286 0.04064799100160599 0.1176019161939621 0.032055240124464035 -0.027315974235534668 0.037213146686553955 0.004105344880372286 0.06408560276031494 0.13101907074451447 0.044485583901405334 -0.013588320463895798 0.0464954599738121 -0.04568491131067276 0.012041333131492138 0.028422744944691658 -0.036745645105838776 0.00978762749582529 0.12122136354446411 -0.04760736972093582 -0.027881411835551262 -0.08432835340499878 -0.024754710495471954 0.025413712486624718 0.02551695890724659 0.05932054668664932 -0.037969041615724564 -0.010953955352306366 -0.012225465849041939 -0.05070018395781517 0.048000968992710114 0.033294677734375 0.006894657853990793 0.0090643260627985 0.05073821544647217 0.061670444905757904 -0.059413693845272064 -0.0009875433752313256 -0.03840143606066704 0.035141046304867585 0.08537505511116068 0.25280742671963946 0.21891750685959657 0.47135103644760584 0.5756278919122183 0.452328744535229 0.6607521765413193 0.8108556695973637 -0.13067499 0.23935452 0.5746043 0.61819136 0.7762625 0.6812149 0.65528226 0.51805425 -0.1629329 0.21612449 0.5818167 1.0177748 1.0821102 1.2165431 1.0789515 1.0211653 0.8755167 -0.13793083
0 400 -0.013179090805351734 0.0036174606066197157 -0.04433868080377579 -0.06786783039569855 0.11309103667736053 0.0204322412610054 -0.022089319303631783 -0.02750699408352375 -0.04597831517457962 0.008229274302721024 -0.02232593111693859 0.042053528130054474 -0.05382515490055084 -0.08372431993484497 -0.09983310848474503 -0.13321124017238617 -0.014867517165839672 0.18638285994529724 -0.04321066662669182 0.0609482079744339 0.07717588543891907 0.05696362629532814 -0.09428710490465164 -0.038024354726076126 -0.04200497269630432 0.04009236395359039 0.027373723685741425 0.050742730498313904 0.012782863341271877 -0.03575168922543526 -0.08357325196266174 -0.061705756932497025 -0.05403590947389603 -0.006570516154170036 0.034382108598947525 -0.009415887296199799 0.08431148529052734 -0.00953933596611023 -0.07125589996576309 0.019233353435993195 -0.10966093093156815 0.03582925349473953 0.1101408526301384 -0.029942587018013 -0.06308001279830933 -0.07955989986658096 -0.11291288584470749 -0.012107003480196 0.010125500150024891 0.009943757206201553 0.01002950593829155 -0.047530028969049454 -0.04734862968325615 0.002477074507623911 0.03572480380535126 0.030948510393500328 0.01004024501889944 0.05196072533726692 0.048777591437101364 0.14112231135368347 0.03846628963947296 -0.03277917206287384 0.044655777513980865 0.004926414228975773 0.07690272480249405 0.1572228968143463 0.05338270217180252 -0.016305984929203987 0.05579455569386482 -0.05482189729809761 0.014449600130319595 0.03410729393362999 -0.04409477487206459 0.011745153926312923 0.1454656422138214 -0.057128846645355225 -0.03345769643783569 -0.10119403153657913 -0.029705652967095375 0.03049645572900772 0.030620351433753967 0.0711846575140953 -0.045562852174043655 -0.013144747354090214 -0.014670559205114841 -0.06084022298455238 0.057601165026426315 0.03995361551642418 0.008273589424788952 0.01087719202041626 0.06088586151599884 0.07400453835725784 -0.07129643857479095 -0.0011850520968437195 -0.046081725507974625 0.21556968460853554 0.5968991599936344 0.5788685575393355 0.6793970957879258 0.642694942990241 0.6736360350848354 0.6099049070265979 0.8279396958538999 0.9061977249690475 0.016157895 0.5436342 0.86514497 0.9846865 0.9845741 0.8459742 0.8569784 0.64008486 -0.19774511 0.12022345 0.79015064 1.056381 1.3522376 1.3493668 1.1253327 1.1115272 0.78495854 -0.4253912
1 400 -0.013179090805351734 0.0036174606066197157 -0.04433868080377579 -0.06786783039569855 0.11309103667736053 0.0204322412610054 -0.022089319303631783 -0.02750699408352375 -0.04597831517457962 0.008229274302721024 -0.02232593111693859 0.042053528130054474 -0.05382515490055084 -0.08372431993484497 -0.09983310848474503 -0.13321124017238617 -0.014867517165839672 0.18638285994529724 -0.04321066662669182 0.0609482079744339 0.07717588543891907 0.05696362629532814 -0.09428710490465164 -0.038024354726076126 -0.04200497269630432 0.04009236395359039 0.027373723685741425 0.050742730498313904 0.012782863341271877 -0.03575168922543526 -0.08357325196266174 -0.061705756932497025 -0.05403590947389603 -0.006570516154170036 0.034382108598947525 -0.009415887296199799 0.08431148529052734 -0.00953933596611023 -0.07125589996576309 0.019233353435993195 -0.10966093093156815 0.03582925349473953 0.1101408526301384 -0.029942587018013 -0.06308001279830933 -0.07955989986658096 -0.11291288584470749 -0.012107003480196 0.010125500150024891 0.009943757206201553 0.01002950593829155 -0.047530028969049454 -0.04734862968325615 0.002477074507623911 0.03572480380535126 0.030948510393500328 0.01004024501889944 0.05196072533726692 0.048777591437101364 0.14112231135368347 0.03846628963947296 -0.03277917206287384 0.044655777513980865 0.004926414228975773 0.07690272480249405 0.1572228968143463 0.05338270217180252 -0.016305984929203987 0.05579455569386482 -0.05482189729809761 0.014449600130319595 0.03410729393362999 -0.04409477487206459 0.011745153926312923 0.1454656422138214 -0.057128846645355225 -0.03345769643783569 -0.10119403153657913 -0.029705652967095375 0.03049645572900772 0.030620351433753967 0.0711846575140953 -0.045562852174043655 -0.013144747354090214 -0.014670559205114841 -0.06084022298455238 0.057601165026426315 0.03995361551642418 0.008273589424788952 0.01087719202041626 0.06088586151599884 0.07400453835725784 -0.07129643857479095 -0.0011850520968437195 -0.046081725507974625 0.12042140417143503 0.22274147802103494 0.24960388520695953 0.3208406793435191 0.7294643927630603 0.809365937105377 0.8242727892653522 0.9234845999008521 0.9866438146916953 -0.8725269 -0.5174311 -0.33855203 -0.122425884 -0.02670306 -0.13577032 -0.3985356 -0.40992093 -1.1086539 -1.0361278 -0.3949297 -0.14988942 0.12955676 0.16449334 0.0722135 -0.34343624 -0.37679523 -1.5599346
2 400 -0.013179090805351734 0.0036174606066197157 -0.04433868080377579 -0.06786783039569855 0.11309103667736053 0.0204322412610054 -0.022089319303631783 -0.02750699408352375 -0.04597831517457962 0.008229274302721024 -0.02232593111693859 0.042053528130054474 -0.05382515490055084 -0.08372431993484497 -0.09983310848474503 -0.13321124017238617 -0.014867517165839672 0.18638285994529724 -0.04321066662669182 0.0609482079744339 0.07717588543891907 0.05696362629532814 -0.09428710490465164 -0.038024354726076126 -0.04200497269630432 0.04009236395359039 0.027373723685741425 0.050742730498313904 0.012782863341271877 -0.03575168922543526 -0.08357325196266174 -0.061705756932497025 -0.05403590947389603 -0.006570516154170036 0.034382108598947525 -0.009415887296199799 0.08431148529052734 -0.00953933596611023 -0.07125589996576309 0.019233353435993195 -0.10966093093156815 0.03582925349473953 0.1101408526301384 -0.029942587018013 -0.06308001279830933 -0.07955989986658096 -0.11291288584470749 -0.012107003480196 0.010125500150024891 0.009943757206201553 0.01002950593829155 -0.047530028969049454 -0.04734862968325615 0.002477074507623911 0.03572480380535126 0.030948510393500328 0.01004024501889944 0.05196072533726692 0.048777591437101364 0.14112231135368347 0.03846628963947296 -0.03277917206287384 0.044655777513980865 0.004926414228975773 0.07690272480249405 0.1572228968143463 0.05338270217180252 -0.016305984929203987 0.05579455569386482 -0.05482189729809761 0.014449600130319595 0.03410729393362999 -0.04409477487206459 0.011745153926312923 0.1454656422138214 -0.057128846645355225 -0.03345769643783569 -0.10119403153657913 -0.029705652967095375 0.03049645572900772 0.030620351433753967 0.0711846575140953 -0.045562852174043655 -0.013144747354090214 -0.014670559205114841 -0.06084022298455238 0.057601165026426315 0.03995361551642418 0.008273589424788952 0.01087719202041626 0.06088586151599884 0.07400453835725784 -0.07129643857479095 -0.0011850520968437195 -0.046081725507974625 0.03774949400983972 0.10820003989232581 0.2868201405631388 0.21212149564047073 0.4665233681346702 0.6115712143766268 0.4380908582005077 0.6764459703246969 0.8207778632842235 0.07861692 0.42480102 0.76525426 0.824702 0.98200965 0.8698456 0.85237634 0.7438147 0.17728534 0.53523225 0.8325517 1.2255143 1.3219515 1.4693962 1.2857403 1.2540121 1.1256915 0.2605511
0 400 -0.01537560485303402 0.004220370203256607 -0.05172846093773842 -0.07917913049459457 0.13193953037261963 0.023837614804506302 -0.025770870968699455 -0.03209149092435837 -0.053641367703676224 0.009600820019841194 -0.02604691870510578 0.04906244948506355 -0.06279601156711578 -0.09767836332321167 -0.11647195369005203 -0.15541310608386993 -0.017345435917377472 0.21744666993618011 -0.05041244253516197 0.07110624015331268 0.09003852307796478 0.06645756214857101 -0.11000161617994308 -0.044361744076013565 -0.04900579899549484 0.046774424612522125 0.03193600848317146 0.059199847280979156 0.014913340099155903 -0.041710302233695984 -0.09750212728977203 -0.07199005037546158 -0.06304188817739487 -0.007665601558983326 0.0401124581694603 -0.010985201224684715 0.09836339950561523 -0.011129224672913551 -0.08313187956809998 0.022438909858465195 -0.12793774902820587 0.04180079326033592 0.1284976452589035 -0.03493301570415497 -0.07359334081411362 -0.09281987696886063 -0.13173168897628784 -0.014124836772680283 0.011813082732260227 0.011601049453020096 0.011701090261340141 -0.05545169860124588 -0.05524006485939026 0.0028899202588945627 0.041678935289382935 0.036106593906879425 0.011713618412613869 0.06062084436416626 0.05690718814730644 0.16464267671108246 0.04487733542919159 -0.038242362439632416 0.05209840461611748 0.005747482646256685 0.08971983939409256 0.18342669308185577 0.06227981671690941 -0.019023647531867027 0.06509364396333694 -0.06395887583494186 0.016857866197824478 0.03979184105992317 -0.05144390091300011 0.013702678494155407 0.16970990598201752 -0.06665031611919403 -0.03903397545218468 -0.11805969476699829 -0.034656595438718796 0.035579197108745575 0.035723742097616196 0.0830487608909607 -0.05315665900707245 -0.015335537493228912 -0.017115652561187744 -0.0709802582859993 0.06720135360956192 0.04661254957318306 0.009652520529925823 0.01269005611538887 0.07103350013494492 0.08633862435817719 -0.08317916840314865 -0.0013825607020407915 -0.05376201122999191 0.34063465528549675 0.673017859153621 0.6309080495226923 0.7069478336354091 0.6774827356083261 0.7047299828251319 0.6377945646704224 0.8444286245790242 0.9170751034977633 0.26453838 0.72403336 1.0475576 1.1649783 1.1679728 1.0379142 1.0418999 0.8266294 0.10378572 0.37630242 0.9660196 1.2422373 1.5506067 1.5453153 1.3435541 1.3052716 0.98937124 -0.06479369
1 400 -0.01537560485303402 0.004220370203256607 -0.05172846093773842 -0.07917913049459457 0.13193953037261963 0.023837614804506302 -0.025770870968699455 -0.03209149092435837 -0.053641367703676224 0.009600820019841194 -0.02604691870510578 0.04906244948506355 -0.06279601156711578 -0.09767836332321167 -0.11647195369005203 -0.15541310608386993 -0.017345435917377472 0.21744666993618011 -0.05041244253516197 0.07110624015331268 0.09003852307796478 0.06645756214857101 -0.11000161617994308 -0.044361744076013565 -0.04900579899549484 0.046774424612522125 0.03193600848317146 0.059199847280979156 0.014913340099155903 -0.041710302233695984 -0.09750212728977203 -0.07199005037546158 -0.06304188817739487 -0.007665601558983326 0.0401124581694603 -0.010985201224684715 0.09836339950561523 -0.011129224672913551 -0.08313187956809998 0.022438909858465195 -0.12793774902820587 0.04180079326033592 0.1284976452589035 -0.03493301570415497 -0.07359334081411362 -0.09281987696886063 -0.13173168897628784 -0.014124836772680283 0.011813082732260227 0.011601049453020096 0.011701090261340141 -0.05545169860124588 -0.05524006485939026 0.0028899202588945627 0.041678935289382935 0.036106593906879425 0.011713618412613869 0.06062084436416626 0.05690718814730644 0.16464267671108246 0.04487733542919159 -0.038242362439632416 0.05209840461611748 0.005747482646256685 0.08971983939409256 0.18342669308185577 0.06227981671690941 -0.019023647531867027 0.06509364396333694 -0.06395887583494186 0.016857866197824478 0.03979184105992317 -0.05144390091300011 0.013702678494155407 0.16970990598201752 -0.06665031611919403 -0.03903397545218468 -0.11805969476699829 -0.034656595438718796 0.035579197108745575 0.035723742097616196 0.0830487608909607 -0.05315665900707245 -0.015335537493228912 -0.017115652561187744 -0.0709802582859993 0.06720135360956192 0.04661254957318306 0.009652520529925823 0.01269005611538887 0.07103350013494492 0.08633862435817719 -0.08317916840314865 -0.0013825607020407915 -0.05376201122999191 0.14099138737503888 0.24058485990016396 0.24843270404966303 0.31115079467524115 0.698699744719881 0.7651626308813966 0.8250771640323216 0.9314605925469371 0.9871073495051501 -0.75045884 -0.39507723 -0.14888893 0.08084366 0.21443018 0.11384201 -0.26779836 -0.2241808 -1.0183064 -0.8714766 -0.2474628 0.06239657 0.37293285 0.4636305 0.3784135 -0.18767466 -0.14607458 -1.4542193
2 400 -0.01537560485303402 0.004220370203256607 -0.05172846093773842 -0.07917913049459457 0.13193953037261963 0.023837614804506302 -0.025770870968699455 -0.03209149092435837 -0.053641367703676224 0.009600820019841194 -0.02604691870510578 0.04906244948506355 -0.06279601156711578 -0.09767836332321167 -0.11647195369005203 -0.15541310608386993 -0.017345435917377472 0.21744666993618011 -0.05041244253516197 0.07110624015331268 0.09003852307796478 0.06645756214857101 -0.11000161617994308 -0.044361744076013565 -0.04900579899549484 0.046774424612522125 0.03193600848317146 0.059199847280979156 0.014913340099155903 -0.041710302233695984 -0.09750212728977203 -0.07199005037546158 -0.06304188817739487 -0.007665601558983326 0.0401124581694603 -0.010985201224684715 0.09836339950561523 -0.011129224672913551 -0.08313187956809998 0.022438909858465195 -0.12793774902820587 0.04180079326033592 0.1284976452589035 -0.03493301570415497 -0.07359334081411362 -0.09281987696886063 -0.13173168897628784 -0.014124836772680283 0.011813082732260227 0.011601049453020096 0.011701090261340141 -0.05545169860124588 -0.05524006485939026 0.0028899202588945627 0.041678935289382935 0.036106593906879425 0.011713618412613869 0.06062084436416626 0.05690718814730644 0.16464267671108246 0.04487733542919159 -0.038242362439632416 0.05209840461611748 0.005747482646256685 0.08971983939409256 0.18342669308185577 0.06227981671690941 -0.019023647531867027 0.06509364396333694 -0.06395887583494186 0.016857866197824478 0.03979184105992317 -0.05144390091300011 0.013702678494155407 0.16970990598201752 -0.06665031611919403 -0.03903397545218468 -0.11805969476699829 -0.034656595438718796 0.035579197108745575 0.035723742097616196 0.0830487608909607 -0.05315665900707245 -0.015335537493228912 -0.017115652561187744 -0.0709802582859993 0.06720135360956192 0.04661254957318306 0.009652520529925823 0.01269005611538887 0.07103350013494492 0.08633862435817719 -0.08317916840314865 -0.0013825607020407915 -0.05376201122999191 0.05143602807845493 0.1452941647178314 0.3325515687145728 0.21028356493348047 0.46147395364184274 0.6552765034392883 0.4267350587041207 0.7115216549465937 0.8294871083519468 0.27936986 0.62115836 0.9536694 1.0283396 1.1881382 1.0581453 1.0462439 0.93290687 0.5072218 0.7754022 1.0569224 1.4271789 1.556807 1.7228807 1.4876933 1.4809642 1.326274 0.64427847
0 400 -0.01757211983203888 0.004823280498385429 -0.05911824107170105 -0.0904904380440712 0.1507880538702011 0.027242988348007202 -0.029452426359057426 -0.036675989627838135 -0.06130442023277283 0.010972365736961365 -0.029767906293272972 0.05607137084007263 -0.07176687568426132 -0.11163242161273956 -0.13311080634593964 -0.1776149719953537 -0.019823355600237846 0.248510479927063 -0.057614218443632126 0.08126427978277206 0.10290117561817169 0.07595150172710419 -0.12571613490581512 -0.0506991408765316 -0.05600662901997566 0.05345648527145386 0.0364982970058918 0.067656971514225 0.017043817788362503 -0.04766891896724701 -0.11143100261688232 -0.08227434009313583 -0.0720478817820549 -0.00876068789511919 0.04584280773997307 -0.012554516084492207 0.11241531372070312 -0.012719114311039448 -0.09500786662101746 0.025644470006227493 -0.1462145745754242 0.04777233675122261 0.1468544602394104 -0.039923448115587234 -0.0841066762804985 -0.10607986897230148 -0.15055051445960999 -0.016142671927809715 0.013500667177140713 0.013258342631161213 0.013372674584388733 -0.0633733719587326 -0.06313150376081467 0.0033027660101652145 0.04763307049870491 0.04126467928290367 0.013386993668973446 0.0692809671163559 0.06503678858280182 0.18816307187080383 0.051288384944200516 -0.04370556026697159 0.05954103544354439 0.006568551994860172 0.10253696888685226 0.20963051915168762 0.0711769387125969 -0.021741313859820366 0.07439273595809937 -0.07309585809707642 0.01926613412797451 0.04547639191150665 -0.05879303440451622 0.015660203993320465 0.19395418465137482 -0.07617179304361343 -0.04461025819182396 -0.13492536544799805 -0.03960753604769707 0.04066194221377373 0.04082713648676872 0.09491287916898727 -0.06075046584010124 -0.017526328563690186 -0.019560744985938072 -0.08112029731273651 0.07680155336856842 0.05327148362994194 0.01103145256638527 0.01450292207300663 0.08118114620447159 0.09867271035909653 -0.09506191313266754 -0.0015800694236531854 -0.0614422969520092 0.4193690043777591 0.6966064054038057 0.6562620526996248 0.7326328148986871 0.7164684321932022 0.7342506103322177 0.6655085900554772 0.859878289093335 0.9219830141915454 0.5003369 0.9056078 1.2185967 1.3450739 1.3520352 1.2291315 1.2262113 1.0117905 0.38439646 0.6444797 1.1609417 1.422016 1.7489313 1.7392862 1.561232 1.4985869 1.190926 0.24874972
1 400 -0.01757211983203888 0.004823280498385429 -0.05911824107170105 -0.0904904380440712 0.1507880538702011 0.027242988348007202 -0.029452426359057426 -0.036675989627838135 -0.06130442023277283 0.010972365736961365 -0.029767906293272972 0.05607137084007263 -0.07176687568426132 -0.11163242161273956 -0.13311080634593964 -0.1776149719953537 -0.019823355600237846 0.248510479927063 -0.057614218443632126 0.08126427978277206 0.10290117561817169 0.07595150172710419 -0.12571613490581512 -0.0506991408765316 -0.05600662901997566 0.05345648527145386 0.0364982970058918 0.067656971514225 0.017043817788362503 -0.04766891896724701 -0.11143100261688232 -0.08227434009313583 -0.0720478817820549 -0.00876068789511919 0.04584280773997307 -0.012554516084492207 0.11241531372070312 -0.012719114311039448 -0.09500786662101746 0.025644470006227493 -0.1462145745754242 0.04777233675122261 0.1468544602394104 -0.039923448115587234 -0.0841066762804985 -0.10607986897230148 -0.15055051445960999 -0.016142671927809715 0.013500667177140713 0.013258342631161213 0.013372674584388733 -0.0633733719587326 -0.06313150376081467 0.0033027660101652145 0.04763307049870491 0.04126467928290367 0.013386993668973446 0.0692809671163559 0.06503678858280182 0.18816307187080383 0.051288384944200516 -0.04370556026697159 0.05954103544354439 0.006568551994860172 0.10253696888685226 0.20963051915168762 0.0711769387125969 -0.021741313859820366 0.07439273595809937 -0.07309585809707642 0.01926613412797451 0.04547639191150665 -0.05879303440451622 0.015660203993320465 0.19395418465137482 -0.07617179304361343 -0.04461025819182396 -0.13492536544799805 -0.03960753604769707 0.04066194221377373 0.04082713648676872 0.09491287916898727 -0.06075046584010124 -0.017526328563690186 -0.019560744985938072 -0.08112029731273651 0.07680155336856842 0.05327148362994194 0.01103145256638527 0.01450292207300663 0.08118114620447159 0.09867271035909653 -0.09506191313266754 -0.0015800694236531854 -0.0614422969520092 0.15904976888262476 0.2621254382424045 0.24710300968386245 0.3015300643009032 0.6648882643837849 0.7422593953258612 0.7821641822461506 0.929372497937076 0.9838840138277629 -0.5686699 -0.22137977 0.040442705 0.28392717 0.45313182 0.3035073 -0.054792255 0.031687617 -0.8455384 -0.6190656 -0.040427476 0.2744903 0.61609614 0.76259446 0.5997214 0.06480323 0.17494868 -1.2254627
2 400 -0.01757211983203888 0.004823280498385429 -0.05911824107170105 -0.0904904380440712 0.1507880538702011 0.027242988348007202 -0.029452426359057426 -0.036675989627838135 -0.06130442023277283 0.010972365736961365 -0.029767906293272972 0.05607137084007263 -0.07176687568426132 -0.11163242161273956 -0.13311080634593964 -0.1776149719953537 -0.019823355600237846 0.248510479927063 -0.057614218443632126 0.08126427978277206 0.10290117561817169 0.07595150172710419 -0.12571613490581512 -0.0506991408765316 -0.05600662901997566 0.05345648527145386 0.0364982970058918 0.067656971514225 0.017043817788362503 -0.04766891896724701 -0.11143100261688232 -0.08227434009313583 -0.0720478817820549 -0.00876068789511919 0.04584280773997307 -0.012554516084492207 0.11241531372070312 -0.012719114311039448 -0.09500786662101746 0.025644470006227493 -0.1462145745754242 0.04777233675122261 0.1468544602394104 -0.039923448115587234 -0.0841066762804985 -0.10607986897230148 -0.15055051445960999 -0.016142671927809715 0.013500667177140713 0.013258342631161213 0.013372674584388733 -0.0633733719587326 -0.06313150376081467 0.0033027660101652145 0.04763307049870491 0.04126467928290367 0.013386993668973446 0.0692809671163559 0.06503678858280182 0.18816307187080383 0.051288384944200516 -0.04370556026697159 0.05954103544354439 0.006568551994860172 0.10253696888685226 0.20963051915168762 0.0711769387125969 -0.021741313859820366 0.07439273595809937 -0.07309585809707642 0.01926613412797451 0.04547639191150665 -0.05879303440451622 0.015660203993320465 0.19395418465137482 -0.07617179304361343 -0.04461025819182396 -0.13492536544799805 -0.03960753604769707 0.04066194221377373 0.04082713648676872 0.09491287916898727 -0.06075046584010124 -0.017526328563690186 -0.019560744985938072 -0.08112029731273651 0.07680155336856842 0.05327148362994194 0.01103145256638527 0.01450292207300663 0.08118114620447159 0.09867271035909653 -0.09506191313266754 -0.0015800694236531854 -0.0614422969520092 0.07202833719815033 0.1984230813372538 0.3812313780856291 0.23541214204190358 0.45664649576435 0.6953864869331755 0.439320964177826 0.7440427949705093 0.8373920353048762 0.521189 0.8181305 1.1425526 1.2187234 1.39291 1.2449523 1.2237166 1.121695 0.76615775 1.0284895 1.2792324 1.6296045 1.7678336 1.9746413 1.6882963 1.6789157 1.5267396 0.92643505
0 400 -0.01976863481104374 0.005426190327852964 -0.06650801748037338 -0.10180173814296722 0.1696365475654602 0.030648361891508102 -0.03313397616147995 -0.0412604883313179 -0.06896746903657913 0.012343911454081535 -0.03348889574408531 0.06308028846979141 -0.08073772490024567 -0.12558646500110626 -0.14974965155124664 -0.19981683790683746 -0.02230127528309822 0.27957427501678467 -0.06481599807739258 0.09142230451107025 0.11576381325721741 0.08544543385505676 -0.14143064618110657 -0.05703653022646904 -0.06300745159387589 0.06013854593038559 0.04106058180332184 0.07611408829689026 0.01917429454624653 -0.053627531975507736 -0.12535987794399261 -0.09255862981081009 -0.08105386048555374 -0.00985577329993248 0.05157315731048584 -0.014123830012977123 0.12646722793579102 -0.01430900301784277 -0.10688384622335434 0.028850026428699493 -0.16449138522148132 0.053743876516819 0.1652112603187561 -0.0449138768017292 -0.09462001174688339 -0.11933984607458115 -0.16936931014060974 -0.01816050335764885 0.015188249759376049 0.014915634877979755 0.015044258907437325 -0.07129503786563873 -0.07102294266223907 0.0037156117614358664 0.05358720198273659 0.04642276465892792 0.015060367062687874 0.07794108241796494 0.0731663852930069 0.21168343722820282 0.057699430733919144 -0.049168750643730164 0.066983662545681 0.007389620412141085 0.11535408347845078 0.23583431541919708 0.08007404953241348 -0.024458976462483406 0.08369182795286179 -0.08223284035921097 0.021674398332834244 0.051160939037799835 -0.06614215672016144 0.01761772856116295 0.21819844841957092 -0.08569326251745224 -0.05018654093146324 -0.1517910361289978 -0.04455847665667534 0.04574467986822128 0.04593052342534065 0.10677698254585266 -0.06834427267313004 -0.01971711963415146 -0.0220058374106884 -0.09126032888889313 0.08640173822641373 0.05993041768670082 0.01241038367152214 0.01631578616797924 0.09132878482341766 0.11100679636001587 -0.10694464296102524 -0.0017775780288502574 -0.06912258267402649 0.5050247920122043 0.716162611341907 0.6809124360803049 0.7584510348109941 0.7554745419569587 0.7630152179486229 0.6916331176155888 0.876578287244141 0.9261055389162628 0.7864585 1.0921943 1.3901758 1.5226777 1.5379212 1.4205303 1.4135194 1.1946923 0.6443455 0.9712644 1.3598036 1.6018398 1.9407837 1.9340222 1.7790174 1.6944115 1.3814886 0.5304137
1 400 -0.01976863481104374 0.005426190327852964 -0.06650801748037338 -0.10180173814296722 0.1696365475654602 0.030648361891508102 -0.03313397616147995 -0.0412604883313179 -0.06896746903657913 0.012343911454081535 -0.03348889574408531 0.06308028846979141 -0.08073772490024567 -0.12558646500110626 -0.14974965155124664 -0.19981683790683746 -0.02230127528309822 0.27957427501678467 -0.06481599807739258 0.09142230451107025 0.11576381325721741 0.08544543385505676 -0.14143064618110657 -0.05703653022646904 -0.06300745159387589 0.06013854593038559 0.04106058180332184 0.07611408829689026 0.01917429454624653 -0.053627531975507736 -0.12535987794399261 -0.09255862981081009 -0.08105386048555374 -0.00985577329993248 0.05157315731048584 -0.014123830012977123 0.12646722793579102 -0.01430900301784277 -0.10688384622335434 0.028850026428699493 -0.16449138522148132 0.053743876516819 0.1652112603187561 -0.0449138768017292 -0.09462001174688339 -0.11933984607458115 -0.16936931014060974 -0.01816050335764885 0.015188249759376049 0.014915634877979755 0.015044258907437325 -0.07129503786563873 -0.07102294266223907 0.0037156117614358664 0.05358720198273659 0.04642276465892792 0.015060367062687874 0.07794108241796494 0.0731663852930069 0.21168343722820282 0.057699430733919144 -0.049168750643730164 0.066983662545681 0.007389620412141085 0.11535408347845078 0.23583431541919708 0.08007404953241348 -0.024458976462483406 0.08369182795286179 -0.08223284035921097 0.021674398332834244 0.051160939037799835 -0.06614215672016144 0.01761772856116295 0.21819844841957092 -0.08569326251745224 -0.05018654093146324 -0.1517910361289978 -0.04455847665667534 0.04574467986822128 0.04593052342534065 0.10677698254585266 -0.06834427267313004 -0.01971711963415146 -0.0220058374106884 -0.09126032888889313 0.08640173822641373 0.05993041768670082 0.01241038367152214 0.01631578616797924 0.09132878482341766 0.11100679636001587 -0.10694464296102524 -0.0017775780288502574 -0.06912258267402649 0.18249046889254675 0.2871172620609432 0.24625884249706217 0.29227322262643995 0.6293862851827825 0.729544502141751 0.737610970508471 0.925284251727049 0.9822166957022652 -0.38279304 0.003916353 0.23112115 0.48811993 0.6688483 0.4795489 0.15595695 0.2812507 -0.60627985 -0.3605553 0.2326542 0.4879375 0.86055815 1.0191929 0.7967621 0.31513572 0.48317105 -0.9086974
2 400 -0.01976863481104374 0.005426190327852964 -0.06650801748037338 -0.10180173814296722 0.1696365475654602 0.030648361891508102 -0.03313397616147995 -0.0412604883313179 -0.06896746903657913 0.012343911454081535 -0.03348889574408531 0.06308028846979141 -0.08073772490024567 -0.12558646500110626 -0.14974965155124664 -0.19981683790683746 -0.02230127528309822 0.27957427501678467 -0.06481599807739258 0.09142230451107025 0.11576381325721741 0.08544543385505676 -0.14143064618110657 -0.05703653022646904 -0.06300745159387589 0.06013854593038559 0.04106058180332184 0.07611408829689026 0.01917429454624653 -0.053627531975507736 -0.12535987794399261 -0.09255862981081009 -0.08105386048555374 -0.00985577329993248 0.05157315731048584 -0.014123830012977123 0.12646722793579102 -0.01430900301784277 -0.10688384622335434 0.028850026428699493 -0.16449138522148132 0.053743876516819 0.1652112603187561 -0.0449138768017292 -0.09462001174688339 -0.11933984607458115 -0.16936931014060974 -0.01816050335764885 0.015188249759376049 0.014915634877979755 0.015044258907437325 -0.07129503786563873 -0.07102294266223907 0.0037156117614358664 0.05358720198273659 0.04642276465892792 0.015060367062687874 0.07794108241796494 0.0731663852930069 0.21168343722820282 0.057699430733919144 -0.049168750643730164 0.066983662545681 0.007389620412141085 0.11535408347845078 0.23583431541919708 0.08007404953241348 -0.024458976462483406 0.08369182795286179 -0.08223284035921097 0.021674398332834244 0.051160939037799835 -0.06614215672016144 0.01761772856116295 0.21819844841957092 -0.08569326251745224 -0.05018654093146324 -0.1517910361289978 -0.04455847665667534 0.04574467986822128 0.04593052342534065 0.10677698254585266 -0.06834427267313004 -0.01971711963415146 -0.0220058374106884 -0.09126032888889313 0.08640173822641373 0.05993041768670082 0.01241038367152214 0.01631578616797924 0.09132878482341766 0.11100679636001587 -0.10694464296102524 -0.0017775780288502574 -0.06912258267402649 0.09444344418607856 0.26512328982904265 0.4317978459543634 0.2629650920646536 0.51662238927681 0.7339212531050829 0.4595704806644859 0.775088137016928 0.8449355592585397 0.762007 1.0166131 1.3266642 1.4091593 1.5937413 1.4340388 1.404093 1.3125767 1.019966 1.2724513 1.5025527 1.8240286 1.9787791 2.1529956 1.8909488 1.8775449 1.7289684 1.1994193
0 400 -0.0219651497900486 0.006029100622981787 -0.07389780133962631 -0.11311304569244385 0.1884850561618805 0.034053735435009 -0.03681553155183792 -0.04584498703479767 -0.07663052529096603 0.013715457171201706 -0.0372098833322525 0.07008921355009079 -0.0897085890173912 -0.13954052329063416 -0.16638851165771484 -0.22201871871948242 -0.024779194965958595 0.31063809990882874 -0.07201777398586273 0.10158034414052963 0.12862646579742432 0.09493937343358994 -0.1571451723575592 -0.06337392330169678 -0.070008285343647 0.06682060658931732 0.045622870326042175 0.08457121253013611 0.021304771304130554 -0.05958614870905876 -0.1392887532711029 -0.10284292697906494 -0.09005984663963318 -0.010950859636068344 0.05730351060628891 -0.015693144872784615 0.1405191421508789 -0.015898892655968666 -0.11875983327627182 0.03205558657646179 -0.18276821076869965 0.05971542000770569 0.183568075299263 -0.04990430921316147 -0.10513334721326828 -0.1325998306274414 -0.18818813562393188 -0.020178338512778282 0.01687583327293396 0.016572928056120872 0.016715843230485916 -0.07921671122312546 -0.07891438156366348 0.004128457512706518 0.05954133719205856 0.051580850034952164 0.016733741387724876 0.08660120517015457 0.08129598200321198 0.2352038323879242 0.06411048024892807 -0.054631948471069336 0.07442629337310791 0.008210689760744572 0.12817120552062988 0.26203814148902893 0.08897116780281067 -0.027176640927791595 0.0929909199476242 -0.09136982262134552 0.024082666262984276 0.056845489889383316 -0.07349129021167755 0.01957525499165058 0.24244272708892822 -0.09521473944187164 -0.055762823671102524 -0.16865670680999756 -0.04950942099094391 0.050827424973249435 0.05103391781449318 0.11864109337329865 -0.07593808323144913 -0.021907910704612732 -0.024450931698083878 -0.10140036791563034 0.09600193798542023 0.06658935546875 0.013789315707981586 0.018128652125597 0.10147643089294434 0.12334088981151581 -0.11882738769054413 -0.0019750867504626513 -0.07680287212133408 0.5832105856033972 0.7337975715755053 0.7043039672473695 0.7812098016750512 0.789090049832862 0.7909863883918997 0.7166477429731131 0.8911327714232904 0.929649079930014 1.0159694 1.2758105 1.5603547 1.6981866 1.7210624 1.6083593 1.5977058 1.3761718 0.89643395 1.2188599 1.5561999 1.7808796 2.1304677 2.1262693 1.9871824 1.8874896 1.5710034 0.80293304
1 400 -0.0219651497900486 0.006029100622981787 -0.07389780133962631 -0.11311304569244385 0.1884850561618805 0.034053735435009 -0.03681553155183792 -0.04584498703479767 -0.07663052529096603 0.013715457171201706 -0.0372098833322525 0.07008921355009079 -0.0897085890173912 -0.13954052329063416 -0.16638851165771484 -0.22201871871948242 -0.024779194965958595 0.31063809990882874 -0.07201777398586273 0.10158034414052963 0.12862646579742432 0.09493937343358994 -0.1571451723575592 -0.06337392330169678 -0.070008285343647 0.06682060658931732 0.045622870326042175 0.08457121253013611 0.021304771304130554 -0.05958614870905876 -0.1392887532711029 -0.10284292697906494 -0.09005984663963318 -0.010950859636068344 0.05730351060628891 -0.015693144872784615 0.1405191421508789 -0.015898892655968666 -0.11875983327627182 0.03205558657646179 -0.18276821076869965 0.05971542000770569 0.183568075299263 -0.04990430921316147 -0.10513334721326828 -0.1325998306274414 -0.18818813562393188 -0.020178338512778282 0.01687583327293396 0.016572928056120872 0.016715843230485916 -0.07921671122312546 -0.07891438156366348 0.004128457512706518 0.05954133719205856 0.051580850034952164 0.016733741387724876 0.08660120517015457 0.08129598200321198 0.2352038323879242 0.06411048024892807 -0.054631948471069336 0.07442629337310791 0.008210689760744572 0.12817120552062988 0.26203814148902893 0.08897116780281067 -0.027176640927791595 0.0929909199476242 -0.09136982262134552 0.024082666262984276 0.056845489889383316 -0.07349129021167755 0.01957525499165058 0.24244272708892822 -0.09521473944187164 -0.055762823671102524 -0.16865670680999756 -0.04950942099094391 0.050827424973249435 0.05103391781449318 0.11864109337329865 -0.07593808323144913 -0.021907910704612732 -0.024450931698083878 -0.10140036791563034 0.09600193798542023 0.06658935546875 0.013789315707981586 0.018128652125597 0.10147643089294434 0.12334088981151581 -0.11882738769054413 -0.0019750867504626513 -0.07680287212133408 0.2345056742178469 0.31237185136318385 0.24487551633082794 0.28313220073360623 0.6180333450059592 0.7051588110512267 0.6883452065232639 0.9293176915989242 0.9762701368466478 -0.17017666 0.20818749 0.4197937 0.69031227 0.8354752 0.64668334 0.36305776 0.48349133 -0.32469672 -0.099767014 0.48072278 0.6994385 1.1026764 1.2030493 0.9901183 0.5619604 0.7078474 -0.5739909
2 400 -0.0219651497900486 0.006029100622981787 -0.07389780133962631 -0.11311304569244385 0.1884850561618805 0.034053735435009 -0.03681553155183792 -0.04584498703479767 -0.07663052529096603 0.013715457171201706 -0.0372098833322525 0.07008921355009079 -0.0897085890173912 -0.13954052329063416 -0.16638851165771484 -0.22201871871948242 -0.024779194965958595 0.31063809990882874 -0.07201777398586273 0.10158034414052963 0.12862646579742432 0.09493937343358994 -0.1571451723575592 -0.06337392330169678 -0.070008285343647 0.06682060658931732 0.045622870326042175 0.08457121253013611 0.021304771304130554 -0.05958614870905876 -0.1392887532711029 -0.10284292697906494 -0.09005984663963318 -0.010950859636068344 0.05730351060628891 -0.015693144872784615 0.1405191421508789 -0.015898892655968666 -0.11875983327627182 0.03205558657646179 -0.18276821076869965 0.05971542000770569 0.183568075299263 -0.04990430921316147 -0.10513334721326828 -0.1325998306274414 -0.18818813562393188 -0.020178338512778282 0.01687583327293396 0.016572928056120872 0.016715843230485916 -0.07921671122312546 -0.07891438156366348 0.004128457512706518 0.05954133719205856 0.051580850034952164 0.016733741387724876 0.08660120517015457 0.08129598200321198 0.2352038323879242 0.06411048024892807 -0.054631948471069336 0.07442629337310791 0.008210689760744572 0.12817120552062988 0.26203814148902893 0.08897116780281067 -0.027176640927791595 0.0929909199476242 -0.09136982262134552 0.024082666262984276 0.056845489889383316 -0.07349129021167755 0.01957525499165058 0.24244272708892822 -0.09521473944187164 -0.055762823671102524 -0.16865670680999756 -0.04950942099094391 0.050827424973249435 0.05103391781449318 0.11864109337329865 -0.07593808323144913 -0.021907910704612732 -0.024450931698083878 -0.10140036791563034 0.09600193798542023 0.06658935546875 0.013789315707981586 0.018128652125597 0.10147643089294434 0.12334088981151581 -0.11882738769054413 -0.0019750867504626513 -0.07680287212133408 0.11441621054897742 0.332441181039703 0.4817155179883989 0.2718341923833484 0.5512976572073527 0.7684216434709173 0.47794458159064473 0.8017890030297647 0.8643623860010233 0.96414673 1.2113835 1.5079937 1.5872655 1.7806191 1.6204196 1.5827231 1.5000774 1.2092385 1.4967897 1.7161801 2.015201 2.1818085 2.3272767 2.0909514 2.0748868 1.9282501 1.3962697
0 400 -0.01082414761185646 -0.023223957046866417 0.03192136064171791 -0.07036000490188599 -0.10909003019332886 -0.07267342507839203 -0.02799822948873043 0.03326895833015442 -0.04330040141940117 -0.14993895590305328 0.021397089585661888 0.033912111073732376 -0.16773951053619385 0.03053385391831398 -0.18177156150341034 0.04698365181684494 0.20953498780727386 0.00752194644883275 -0.07591310888528824 -0.01180132944136858 0.1160888820886612 0.03704278543591499 0.003968572244048119 -0.10822594165802002 0.020952170714735985 0.0986706018447876 0.03234105184674263 0.07812195271253586 -0.0731712058186531 0.2071067988872528 0.03640666604042053 0.19163820147514343 -0.15790791809558868 -0.02021024562418461 0.06541546434164047 0.012491006404161453 0.04588473588228226 0.027924388647079468 0.018442925065755844 -0.1417430192232132 0.014723539352416992 0.06735723465681076 -0.13668523728847504 0.16721422970294952 -0.08180717378854752 0.014551582746207714 0.22983597218990326 -0.01501023955643177 -0.15995849668979645 0.08471070975065231 -0.03920392319560051 -0.06798864156007767 0.16955314576625824 0.015155690722167492 -0.05589677020907402 -0.06590358912944794 -0.06392725557088852 -0.0839206874370575 0.05219324678182602 0.032174427062273026 -0.0613434799015522 0.1362498551607132 0.18818487226963043 0.011143805459141731 0.06151919439435005 -0.16458849608898163 -0.009879909455776215 -0.032522138208150864 0.006840501446276903 -0.029980720952153206 0.03362857550382614 -0.03990521654486656 0.03657883033156395 0.10182161629199982 0.1676134616136551 -0.014881312847137451 -0.049839094281196594 -0.09664038568735123 -0.04907633736729622 0.0740881934762001 0.06259831041097641 -0.0015002385480329394 -0.042895641177892685 0.15190140902996063 0.16330546140670776 0.10552475601434708 0.10151688754558563 -0.15045134723186493 -0.005259073805063963 -0.23972292244434357 0.20937331020832062 -0.04260345548391342 -0.11456295102834702 0.28289884328842163 0.008073278702795506 0.9834293399397868 0.9983247507783773 0.9907961099657944 0.9950998237876789 0.9860662809900883 0.997650115399172 0.9978224979929298 0.9995970195170873 0.99992858479532 -1.3697182 -1.4050045 -1.2941123 -1.36643 -1.2940768 -1.2021695 -1.4651272 -1.7651651 -2.0467575 -1.6510341 -1.6110215 -1.432524 -1.4124925 -1.2880199 -1.2738981 -1.7774616 -2.346784 -2.8134887
1 400 -0.01082414761185646 -0.023223957046866417 0.03192136064171791 -0.07036000490188599 -0.10909003019332886 -0.07267342507839203 -0.02799822948873043 0.03326895833015442 -0.04330040141940117 -0.14993895590305328 0.021397089585661888 0.033912111073732376 -0.16773951053619385 0.03053385391831398 -0.18177156150341034 0.04698365181684494 0.20953498780727386 0.00752194644883275 -0.07591310888528824 -0.01180132944136858 0.1160888820886612 0.03704278543591499 0.003968572244048119 -0.10822594165802002 0.020952170714735985 0.0986706018447876 0.03234105184674263 0.07812195271253586 -0.0731712058186531 0.2071067988872528 0.03640666604042053 0.19163820147514343 -0.15790791809558868 -0.02021024562418461 0.06541546434164047 0.012491006404161453 0.04588473588228226 0.027924388647079468 0.018442925065755844 -0.1417430192232132 0.014723539352416992 0.06735723465681076 -0.13668523728847504 0.16721422970294952 -0.08180717378854752 0.014551582746207714 0.22983597218990326 -0.01501023955643177 -0.15995849668979645 0.08471070975065231 -0.03920392319560051 -0.06798864156007767 0.16955314576625824 0.015155690722167492 -0.05589677020907402 -0.06590358912944794 -0.06392725557088852 -0.0839206874370575 0.05219324678182602 0.032174427062273026 -0.0613434799015522 0.1362498551607132 0.18818487226963043 0.011143805459141731 0.06151919439435005 -0.16458849608898163 -0.009879909455776215 -0.032522138208150864 0.006840501446276903 -0.029980720952153206 0.03362857550382614 -0.03990521654486656 0.03657883033156395 0.10182161629199982 0.1676134616136551 -0.014881312847137451 -0.049839094281196594 -0.09664038568735123 -0.04907633736729622 0.0740881934762001 0.06259831041097641 -0.0015002385480329394 -0.042895641177892685 0.15190140902996063 0.16330546140670776 0.10552475601434708 0.10151688754558563 -0.15045134723186493 -0.005259073805063963 -0.23972292244434357 0.20937331020832062 -0.04260345548391342 -0.11456295102834702 0.28289884328842163 0.008073278702795506 0.6475116528983926 0.8984764113851058 0.7875820235790394 0.890512932189059 0.9631094043459651 0.9853119224763541 0.9954491039379162 0.9973195318343244 0.9993708964657605 -1.6544348 -1.5215981 -1.6042992 -1.5447501 -1.6105264 -1.577166 -1.7441596 -1.6861247 -1.9437242 -1.6100787 -1.439626 -1.476782 -1.3664229 -1.5424159 -1.5724868 -1.9073117 -1.883892 -2.278041
2 400 -0.01082414761185646 -0.023223957046866417 0.03192136064171791 -0.07036000490188599 -0.10909003019332886 -0.07267342507839203 -0.02799822948873043 0.03326895833015442 -0.04330040141940117 -0.14993895590305328 0.021397089585661888 0.033912111073732376 -0.16773951053619385 0.03053385391831398 -0.18177156150341034 0.04698365181684494 0.20953498780727386 0.00752194644883275 -0.07591310888528824 -0.01180132944136858 0.1160888820886612 0.03704278543591499 0.003968572244048119 -0.10822594165802002 0.020952170714735985 0.0986706018447876 0.03234105184674263 0.07812195271253586 -0.0731712058186531 0.2071067988872528 0.03640666604042053 0.19163820147514343 -0.15790791809558868 -0.02021024562418461 0.06541546434164047 0.012491006404161453 0.04588473588228226 0.027924388647079468 0.018442925065755844 -0.1417430192232132 0.014723539352416992 0.06735723465681076 -0.13668523728847504 0.16721422970294952 -0.08180717378854752 0.014551582746207714 0.22983597218990326 -0.01501023955643177 -0.15995849668979645 0.08471070975065231 -0.03920392319560051 -0.06798864156007767 0.16955314576625824 0.015155690722167492 -0.05589677020907402 -0.06590358912944794 -0.06392725557088852 -0.0839206874370575 0.05219324678182602 0.032174427062273026 -0.0613434799015522 0.1362498551607132 0.18818487226963043 0.011143805459141731 0.06151919439435005 -0.16458849608898163 -0.009879909455776215 -0.032522138208150864 0.006840501446276903 -0.029980720952153206 0.03362857550382614 -0.03990521654486656 0.03657883033156395 0.10182161629199982 0.1676134616136551 -0.014881312847137451 -0.049839094281196594 -0.09664038568735123 -0.04907633736729622 0.0740881934762001 0.06259831041097641 -0.0015002385480329394 -0.042895641177892685 0.15190140902996063 0.16330546140670776 0.10552475601434708 0.10151688754558563 -0.15045134723186493 -0.005259073805063963 -0.23972292244434357 0.20937331020832062 -0.04260345548391342 -0.11456295102834702 0.28289884328842163 0.008073278702795506 0.802623464230069 0.9158413588799307 0.9659028124623362 0.9230046053840605 0.933545299417953 0.976812043987802 0.995644994768635 0.9886028493470029 0.9981310238877329 -1.0761046 -0.943128 -0.7559961 -1.0770023 -1.2902462 -1.0487013 -1.0778077 -1.4852865 -1.8928691 -1.0647018 -0.9104003 -0.7504042 -0.954461 -1.1582277 -0.9735649 -1.2007966 -1.7506007 -2.374945
0 400 -0.009741732850670815 -0.02090156078338623 0.02872922457754612 -0.06332400441169739 -0.09818102419376373 -0.06540608406066895 -0.025198405608534813 0.029942061752080917 -0.03897035866975784 -0.13494504988193512 0.019257379695773125 0.03052089922130108 -0.15096555650234222 0.027480468153953552 -0.16359439492225647 0.042285285890102386 0.18858148157596588 0.006769751664251089 -0.06832179427146912 -0.01062119659036398 0.10447999089956284 0.033338505774736404 0.003571714973077178 -0.09740334749221802 0.0188569538295269 0.08880353718996048 0.029106946662068367 0.07030975818634033 -0.06585408002138138 0.18639610707759857 0.03276599943637848 0.17247436940670013 -0.14211712777614594 -0.018189219757914543 0.058873917907476425 0.011241905391216278 0.04129626229405403 0.0251319482922554 0.01659863255918026 -0.12756870687007904 0.013251185417175293 0.060621511191129684 -0.12301670759916306 0.1504928022623062 -0.07362645119428635 0.01309642381966114 0.20685237646102905 -0.013509214855730534 -0.14396263659000397 0.07623963803052902 -0.03528352826833725 -0.06118977442383766 0.1525978296995163 0.013640121556818485 -0.05030709132552147 -0.05931323021650314 -0.05753452703356743 -0.07552861422300339 0.04697392135858536 0.028956983238458633 -0.05520913004875183 0.12262486666440964 0.16936637461185455 0.010029424913227558 0.05536727234721184 -0.1481296420097351 -0.008891918696463108 -0.029269924387335777 0.006156451068818569 -0.02698264829814434 0.030265716835856438 -0.035914693027734756 0.032920945435762405 0.0916394516825676 0.15085211396217346 -0.013393181376159191 -0.044855184853076935 -0.08697634190320969 -0.04416870325803757 0.06667937338352203 0.05633847787976265 -0.0013502147048711777 -0.038606077432632446 0.1367112696170807 0.14697490632534027 0.09497227519750595 0.09136519581079483 -0.13540621101856232 -0.004733166191726923 -0.21575061976909637 0.18843597173690796 -0.03834310919046402 -0.10310665518045425 0.25460895895957947 0.007265950553119183 0.9668256876448905 0.9973866475777685 0.9843556961679782 0.9922320360069817 0.975578631835783 0.9965201060347508 0.9965783920010537 0.9995790930937699 0.9999219963816097 -1.2932303 -1.3268129 -1.1995199 -1.2731382 -1.2051225 -1.1004422 -1.3610528 -1.6907427 -1.9686137 -1.5095397 -1.4807423 -1.2747706 -1.2530694 -1.14791 -1.1266615 -1.612003 -2.2443857 -2.7017274
1 400 -0.009741732850670815 -0.02090156078338623 0.02872922457754612 -0.06332400441169739 -0.09818102419376373 -0.06540608406066895 -0.025198405608534813 0.029942061752080917 -0.03897035866975784 -0.13494504988193512 0.019257379695773125 0.03052089922130108 -0.15096555650234222 0.027480468153953552 -0.16359439492225647 0.042285285890102386 0.18858148157596588 0.006769751664251089 -0.06832179427146912 -0.01062119659036398 0.10447999089956284 0.033338505774736404 0.003571714973077178 -0.09740334749221802 0.0188569538295269 0.08880353718996048 0.029106946662068367 0.07030975818634033 -0.06585408002138138 0.18639610707759857 0.03276599943637848 0.17247436940670013 -0.14211712777614594 -0.018189219757914543 0.058873917907476425 0.011241905391216278 0.04129626229405403 0.0251319482922554 0.01659863255918026 -0.12756870687007904 0.013251185417175293 0.060621511191129684 -0.12301670759916306 0.1504928022623062 -0.07362645119428635 0.01309642381966114 0.20685237646102905 -0.013509214855730534 -0.14396263659000397 0.07623963803052902 -0.03528352826833725 -0.06118977442383766 0.1525978296995163 0.013640121556818485 -0.05030709132552147 -0.05931323021650314 -0.05753452703356743 -0.07552861422300339 0.04697392135858536 0.028956983238458633 -0.05520913004875183 0.12262486666440964 0.16936637461185455 0.010029424913227558 0.05536727234721184 -0.1481296420097351 -0.008891918696463108 -0.029269924387335777 0.006156451068818569 -0.02698264829814434 0.030265716835856438 -0.035914693027734756 0.032920945435762405 0.0916394516825676 0.15085211396217346 -0.013393181376159191 -0.044855184853076935 -0.08697634190320969 -0.04416870325803757 0.06667937338352203 0.05633847787976265 -0.0013502147048711777 -0.038606077432632446 0.1367112696170807 0.14697490632534027 0.09497227519750595 0.09136519581079483 -0.13540621101856232 -0.004733166191726923 -0.21575061976909637 0.18843597173690796 -0.03834310919046402 -0.10310665518045425 0.25460895895957947 0.007265950553119183 0.4880003830187943 0.8149367922697267 0.7130770557670975 0.8437739798658366 0.9449676634927692 0.9745849367491692 0.9931411581602855 0.9969695990417557 0.9993305184337983 -1.5361792 -1.4241455 -1.4880415 -1.4245467 -1.4753748 -1.4752122 -1.6100339 -1.543025 -1.8288182 -1.433746 -1.2744945 -1.3395976 -1.2255721 -1.3760865 -1.4336203 -1.7423742 -1.7097754 -2.1556306
2 400 -0.009741732850670815 -0.02090156078338623 0.02872922457754612 -0.06332400441169739 -0.09818102419376373 -0.06540608406066895 -0.025198405608534813 0.029942061752080917 -0.03897035866975784 -0.13494504988193512 0.019257379695773125 0.03052089922130108 -0.15096555650234222 0.027480468153953552 -0.16359439492225647 0.042285285890102386 0.18858148157596588 0.006769751664251089 -0.06832179427146912 -0.01062119659036398 0.10447999089956284 0.033338505774736404 0.003571714973077178 -0.09740334749221802 0.0188569538295269 0.08880353718996048 0.029106946662068367 0.07030975818634033 -0.06585408002138138 0.18639610707759857 0.03276599943637848 0.17247436940670013 -0.14211712777614594 -0.018189219757914543 0.058873917907476425 0.011241905391216278 0.04129626229405403 0.0251319482922554 0.01659863255918026 -0.12756870687007904 0.013251185417175293 0.060621511191129684 -0.12301670759916306 0.1504928022623062 -0.07362645119428635 0.01309642381966114 0.20685237646102905 -0.013509214855730534 -0.14396263659000397 0.07623963803052902 -0.03528352826833725 -0.06118977442383766 0.1525978296995163 0.013640121556818485 -0.05030709132552147 -0.05931323021650314 -0.05753452703356743 -0.07552861422300339 0.04697392135858536 0.028956983238458633 -0.05520913004875183 0.12262486666440964 0.16936637461185455 0.010029424913227558 0.05536727234721184 -0.1481296420097351 -0.008891918696463108 -0.029269924387335777 0.006156451068818569 -0.02698264829814434 0.030265716835856438 -0.035914693027734756 0.032920945435762405 0.0916394516825676 0.15085211396217346 -0.013393181376159191 -0.044855184853076935 -0.08697634190320969 -0.04416870325803757 0.06667937338352203 0.05633847787976265 -0.0013502147048711777 -0.038606077432632446 0.1367112696170807 0.14697490632534027 0.09497227519750595 0.09136519581079483 -0.13540621101856232 -0.004733166191726923 -0.21575061976909637 0.18843597173690796 -0.03834310919046402 -0.10310665518045425 0.25460895895957947 0.007265950553119183 0.6539413559708906 0.8619534265746139 0.9354023754534944 0.869732025207959 0.9084901909962726 0.964540651908576 0.9927317429870681 0.9810062657555145 0.9970292246907283 -1.0428941 -0.8947222 -0.6794767 -0.97983825 -1.149868 -0.965588 -0.9702648 -1.3130664 -1.7337508 -0.9952592 -0.84158707 -0.62055445 -0.8089446 -0.98913246 -0.8711862 -1.0414085 -1.5116005 -2.1553204
0 400 -0.008659318089485168 -0.018579166382551193 0.02553708851337433 -0.05628800392150879 -0.0872720256447792 -0.05813873931765556 -0.022398583590984344 0.026615167036652565 -0.034640323370695114 -0.11995116621255875 0.01711767166852951 0.02712968923151493 -0.1341916173696518 0.024427084252238274 -0.145417258143425 0.03758692368865013 0.1676279902458191 0.006017557345330715 -0.06073048710823059 -0.009441063739359379 0.09287110716104507 0.029634227976202965 0.003174857934936881 -0.08658075332641602 0.016761736944317818 0.07893647998571396 0.025872841477394104 0.062497563660144806 -0.058536965399980545 0.16568544507026672 0.029125332832336426 0.15331056714057922 -0.12632633745670319 -0.016168197616934776 0.05233237147331238 0.009992805309593678 0.036707788705825806 0.022339511662721634 0.014754340052604675 -0.11339441686868668 0.011778831481933594 0.05388578772544861 -0.10934819281101227 0.1337713897228241 -0.06544574350118637 0.011641266755759716 0.18386878073215485 -0.012008192017674446 -0.12796680629253387 0.06776856631040573 -0.03136314079165459 -0.05439091473817825 0.13564251363277435 0.012124552391469479 -0.044717416167259216 -0.05272287130355835 -0.051141805946826935 -0.06713654845952988 0.041754599660634995 0.02573954127728939 -0.04907478392124176 0.10899988561868668 0.15054790675640106 0.008915044367313385 0.04921535775065422 -0.13167080283164978 -0.007903927937150002 -0.02601771056652069 0.0054724011570215225 -0.023984577506780624 0.026902860030531883 -0.03192417323589325 0.02926306426525116 0.08145729452371597 0.13409076631069183 -0.011905050836503506 -0.039871275424957275 -0.07731231302022934 -0.039261069148778915 0.05927055701613426 0.05007864907383919 -0.001200190861709416 -0.03431651368737221 0.12152113020420074 0.13064436614513397 0.08441980928182602 0.08121351152658463 -0.1203610822558403 -0.00420725904405117 -0.19177834689617157 0.1674986481666565 -0.034082766622304916 -0.09165035933256149 0.2263190746307373 0.006458622869104147 0.9373895914707808 0.9949306431393646 0.9743058116458044 0.9876923516870976 0.9614596818234507 0.9951139749576149 0.9947117653532163 0.9991523066217787 0.9998436471533735 -1.2188212 -1.2560393 -1.1048449 -1.1797833 -1.1173128 -1.003264 -1.2631391 -1.5945469 -1.8759621 -1.3732399 -1.3605591 -1.1179328 -1.0937351 -1.0126715 -0.9915912 -1.4537383 -2.0828528 -2.541535
1 400 -0.008659318089485168 -0.018579166382551193 0.02553708851337433 -0.05628800392150879 -0.0872720256447792 -0.05813873931765556 -0.022398583590984344 0.026615167036652565 -0.034640323370695114 -0.11995116621255875 0.01711767166852951 0.02712968923151493 -0.1341916173696518 0.024427084252238274 -0.145417258143425 0.03758692368865013 0.1676279902458191 0.006017557345330715 -0.06073048710823059 -0.009441063739359379 0.09287110716104507 0.029634227976202965 0.003174857934936881 -0.08658075332641602 0.016761736944317818 0.07893647998571396 0.025872841477394104 0.062497563660144806 -0.058536965399980545 0.16568544507026672 0.029125332832336426 0.15331056714057922 -0.12632633745670319 -0.016168197616934776 0.05233237147331238 0.009992805309593678 0.036707788705825806 0.022339511662721634 0.014754340052604675 -0.11339441686868668 0.011778831481933594 0.05388578772544861 -0.10934819281101227 0.1337713897228241 -0.06544574350118637 0.011641266755759716 0.18386878073215485 -0.012008192017674446 -0.12796680629253387 0.06776856631040573 -0.03136314079165459 -0.05439091473817825 0.13564251363277435 0.012124552391469479 -0.044717416167259216 -0.05272287130355835 -0.051141805946826935 -0.06713654845952988 0.041754599660634995 0.02573954127728939 -0.04907478392124176 0.10899988561868668 0.15054790675640106 0.008915044367313385 0.04921535775065422 -0.13167080283164978 -0.007903927937150002 -0.02601771056652069 0.0054724011570215225 -0.023984577506780624 0.026902860030531883 -0.03192417323589325 0.02926306426525116 0.08145729452371597 0.13409076631069183 -0.011905050836503506 -0.039871275424957275 -0.07731231302022934 -0.039261069148778915 0.05927055701613426 0.05007864907383919 -0.001200190861709416 -0.03431651368737221 0.12152113020420074 0.13064436614513397 0.08441980928182602 0.08121351152658463 -0.1203610822558403 -0.00420725904405117 -0.19177834689617157 0.1674986481666565 -0.034082766622304916 -0.09165035933256149 0.2263190746307373 0.006458622869104147 0.43215614522402646 0.7621424371681229 0.6242044444332001 0.7880138331118849 0.916144931202781 0.9561120744737719 0.9894127760467 0.9964763922771503 0.999282128342261 -1.4271442 -1.3161181 -1.3710742 -1.3024477 -1.3427448 -1.3732046 -1.4773786 -1.4075766 -1.7236525 -1.3104117 -1.1453516 -1.201561 -1.0823599 -1.2109015 -1.294546 -1.5776039 -1.5496068 -2.0563374
2 400 -0.008659318089485168 -0.018579166382551193 0.02553708851337433 -0.05628800392150879 -0.0872720256447792 -0.05813873931765556 -0.022398583590984344 0.026615167036652565 -0.034640323370695114 -0.11995116621255875 0.01711767166852951 0.02712968923151493 -0.1341916173696518 0.024427084252238274 -0.145417258143425 0.03758692368865013 0.1676279902458191 0.006017557345330715 -0.06073048710823059 -0.009441063739359379 0.09287110716104507 0.029634227976202965 0.003174857934936881 -0.08658075332641602 0.016761736944317818 0.07893647998571396 0.025872841477394104 0.062497563660144806 -0.058536965399980545 0.16568544507026672 0.029125332832336426 0.15331056714057922 -0.12632633745670319 -0.016168197616934776 0.05233237147331238 0.009992805309593678 0.036707788705825806 0.022339511662721634 0.014754340052604675 -0.11339441686868668 0.011778831481933594 0.05388578772544861 -0.10934819281101227 0.1337713897228241 -0.06544574350118637 0.011641266755759716 0.18386878073215485 -0.012008192017674446 -0.12796680629253387 0.06776856631040573 -0.03136314079165459 -0.05439091473817825 0.13564251363277435 0.012124552391469479 -0.044717416167259216 -0.05272287130355835 -0.051141805946826935 -0.06713654845952988 0.041754599660634995 0.02573954127728939 -0.04907478392124176 0.10899988561868668 0.15054790675640106 0.008915044367313385 0.04921535775065422 -0.13167080283164978 -0.007903927937150002 -0.02601771056652069 0.0054724011570215225 -0.023984577506780624 0.026902860030531883 -0.03192417323589325 0.02926306426525116 0.08145729452371597 0.13409076631069183 -0.011905050836503506 -0.039871275424957275 -0.07731231302022934 -0.039261069148778915 0.05927055701613426 0.05007864907383919 -0.001200190861709416 -0.03431651368737221 0.12152113020420074 0.13064436614513397 0.08441980928182602 0.08121351152658463 -0.1203610822558403 -0.00420725904405117 -0.19177834689617157 0.1674986481666565 -0.034082766622304916 -0.09165035933256149 0.2263190746307373 0.006458622869104147 0.5023588885103105 0.7716769459777437 0.8673194147341697 0.8093584404567493 0.8733908532526259 0.9428143162012788 0.9864591218654558 0.9708527995963203 0.9958876769474526 -1.019214 -0.8306919 -0.6694181 -0.87987125 -0.99102914 -0.8873261 -0.91345966 -1.1639216 -1.585177 -0.941588 -0.7443503 -0.5607815 -0.6797576 -0.7911354 -0.7712832 -0.9393659 -1.3070916 -1.9609109
0 400 -0.007576903328299522 -0.016256770119071007 0.022344952449202538 -0.04925200343132019 -0.07636301964521408 -0.05087139829993248 -0.019598759710788727 0.023288270458579063 -0.03031028062105179 -0.10495726764202118 0.014977962709963322 0.023738477379083633 -0.11741765588521957 0.021373696625232697 -0.12724009156227112 0.03288855403661728 0.1466744840145111 0.005265362560749054 -0.05313917621970177 -0.008260930888354778 0.08126221597194672 0.025929950177669525 0.002778000431135297 -0.07575815916061401 0.01466651912778616 0.06906942278146744 0.02263873629271984 0.05468536540865898 -0.051219843327999115 0.1449747532606125 0.025484666228294373 0.13414673507213593 -0.11053553968667984 -0.014147171750664711 0.04579082503914833 0.008743704296648502 0.03211931511759758 0.019547071307897568 0.012910047546029091 -0.09922011196613312 0.010306477546691895 0.04715006425976753 -0.09567966312170029 0.11704996228218079 -0.0572650209069252 0.010186107829213142 0.16088518500328064 -0.01050716731697321 -0.1119709461927414 0.05929749459028244 -0.027442745864391327 -0.04759204760193825 0.11868719756603241 0.010608983226120472 -0.039127737283706665 -0.046132512390613556 -0.044749077409505844 -0.05874447897076607 0.036535270512104034 0.022522099316120148 -0.04294043406844139 0.09537489712238312 0.13172940909862518 0.007800663821399212 0.043063435703516006 -0.11521194875240326 -0.006915936712175608 -0.022765496745705605 0.0047883507795631886 -0.02098650485277176 0.02354000322520733 -0.027933651581406593 0.025605181232094765 0.07127512991428375 0.1173294186592102 -0.010416918434202671 -0.034887365996837616 -0.0676482692360878 -0.034353435039520264 0.051861733198165894 0.04381881654262543 -0.0010501670185476542 -0.03002694807946682 0.1063309833407402 0.11431381851434708 0.0738673284649849 0.07106181979179382 -0.10531593859195709 -0.003681351663544774 -0.16780604422092438 0.14656130969524384 -0.029822418466210365 -0.08019406348466873 0.19802919030189514 0.005651295185089111 0.8913459100815054 0.9858595773454173 0.9579066004985752 0.9798173643027026 0.9425557166548795 0.9931595505258722 0.9921102779916661 0.9981030735841696 0.9996259520451475 -1.149709 -1.2055542 -1.0220631 -1.0876836 -1.0356603 -0.90743613 -1.1672305 -1.484061 -1.7800536 -1.2478628 -1.261785 -0.97991055 -0.9360295 -0.9067158 -0.8581801 -1.3111267 -1.9002945 -2.3688037
1 400 -0.007576903328299522 -0.016256770119071007 0.022344952449202538 -0.04925200343132019 -0.07636301964521408 -0.05087139829993248 -0.019598759710788727 0.023288270458579063 -0.03031028062105179 -0.10495726764202118 0.014977962709963322 0.023738477379083633 -0.11741765588521957 0.021373696625232697 -0.12724009156227112 0.03288855403661728 0.1466744840145111 0.005265362560749054 -0.05313917621970177 -0.008260930888354778 0.08126221597194672 0.025929950177669525 0.002778000431135297 -0.07575815916061401 0.01466651912778616 0.06906942278146744 0.02263873629271984 0.05468536540865898 -0.051219843327999115 0.1449747532606125 0.025484666228294373 0.13414673507213593 -0.11053553968667984 -0.014147171750664711 0.04579082503914833 0.008743704296648502 0.03211931511759758 0.019547071307897568 0.012910047546029091 -0.09922011196613312 0.010306477546691895 0.04715006425976753 -0.09567966312170029 0.11704996228218079 -0.0572650209069252 0.010186107829213142 0.16088518500328064 -0.01050716731697321 -0.1119709461927414 0.05929749459028244 -0.027442745864391327 -0.04759204760193825 0.11868719756603241 0.010608983226120472 -0.039127737283706665 -0.046132512390613556 -0.044749077409505844 -0.05874447897076607 0.036535270512104034 0.022522099316120148 -0.04294043406844139 0.09537489712238312 0.13172940909862518 0.007800663821399212 0.043063435703516006 -0.11521194875240326 -0.006915936712175608 -0.022765496745705605 0.0047883507795631886 -0.02098650485277176 0.02354000322520733 -0.027933651581406593 0.025605181232094765 0.07127512991428375 0.1173294186592102 -0.010416918434202671 -0.034887365996837616 -0.0676482692360878 -0.034353435039520264 0.051861733198165894 0.04381881654262543 -0.0010501670185476542 -0.03002694807946682 0.1063309833407402 0.11431381851434708 0.0738673284649849 0.07106181979179382 -0.10531593859195709 -0.003681351663544774 -0.16780604422092438 0.14656130969524384 -0.029822418466210365 -0.08019406348466873 0.19802919030189514 0.005651295185089111 0.40608311795012403 0.6594956819646705 0.5267343683926526 0.7197929398132655 0.8689519882239021 0.9347197709768261 0.9828089547156665 0.995250911969374 0.9990089805461045 -1.3217254 -1.1401756 -1.2547032 -1.1810526 -1.2163415 -1.2629056 -1.3519374 -1.267673 -1.616164 -1.1988181 -0.9531684 -1.0642761 -0.94002587 -1.0496907 -1.1620874 -1.4177945 -1.3766223 -1.9371483
2 400 -0.007576903328299522 -0.016256770119071007 0.022344952449202538 -0.04925200343132019 -0.07636301964521408 -0.05087139829993248 -0.019598759710788727 0.023288270458579063 -0.03031028062105179 -0.10495726764202118 0.014977962709963322 0.023738477379083633 -0.11741765588521957 0.021373696625232697 -0.12724009156227112 0.03288855403661728 0.1466744840145111 0.005265362560749054 -0.05313917621970177 -0.008260930888354778 0.08126221597194672 0.025929950177669525 0.002778000431135297 -0.07575815916061401 0.01466651912778616 0.06906942278146744 0.02263873629271984 0.05468536540865898 -0.051219843327999115 0.1449747532606125 0.025484666228294373 0.13414673507213593 -0.11053553968667984 -0.014147171750664711 0.04579082503914833 0.008743704296648502 0.03211931511759758 0.019547071307897568 0.012910047546029091 -0.09922011196613312 0.010306477546691895 0.04715006425976753 -0.09567966312170029 0.11704996228218079 -0.0572650209069252 0.010186107829213142 0.16088518500328064 -0.01050716731697321 -0.1119709461927414 0.05929749459028244 -0.027442745864391327 -0.04759204760193825 0.11868719756603241 0.010608983226120472 -0.039127737283706665 -0.046132512390613556 -0.044749077409505844 -0.05874447897076607 0.036535270512104034 0.022522099316120148 -0.04294043406844139 0.09537489712238312 0.13172940909862518 0.007800663821399212 0.043063435703516006 -0.11521194875240326 -0.006915936712175608 -0.022765496745705605 0.0047883507795631886 -0.02098650485277176 0.02354000322520733 -0.027933651581406593 0.025605181232094765 0.07127512991428375 0.1173294186592102 -0.010416918434202671 -0.034887365996837616 -0.0676482692360878 -0.034353435039520264 0.051861733198165894 0.04381881654262543 -0.0010501670185476542 -0.03002694807946682 0.1063309833407402 0.11431381851434708 0.0738673284649849 0.07106181979179382 -0.10531593859195709 -0.003681351663544774 -0.16780604422092438 0.14656130969524384 -0.029822418466210365 -0.08019406348466873 0.19802919030189514 0.005651295185089111 0.35874324090847665 0.6676330780095152 0.7896090165533843 0.7502767999194683 0.8274085554432544 0.9082139838170066 0.9768814475542151 0.9782655731981658 0.9951903158616956 -1.0132817 -0.76942843 -0.6651821 -0.7599802 -0.82823336 -0.80814874 -0.86478794 -1.1877362 -1.4573847 -0.9099952 -0.6569666 -0.5393555 -0.5444405 -0.5859701 -0.6698221 -0.8627292 -1.364215 -1.8085631
0 400 -0.006494489032775164 -0.013934374786913395 0.019152816385030746 -0.04221600294113159 -0.06545402109622955 -0.043604057282209396 -0.01679893769323826 0.01996137574315071 -0.02598024159669876 -0.08996337652206421 0.012838254682719707 0.020347267389297485 -0.10064370930194855 0.018320312723517418 -0.10906293988227844 0.028190191835165024 0.12572099268436432 0.00451316824182868 -0.04554786533117294 -0.007080798037350178 0.06965333223342896 0.022225672379136086 0.002381143392995 -0.06493556499481201 0.01257130317389965 0.05920236185193062 0.019404631108045578 0.046873174607753754 -0.04390272498130798 0.12426408380270004 0.02184399962425232 0.11498292535543442 -0.09474475681781769 -0.012126147747039795 0.03924927860498428 0.007494604215025902 0.027530843392014503 0.0167546346783638 0.011065755039453506 -0.08504581451416016 0.008834123611450195 0.040414340794086456 -0.0820111483335495 0.10032854229211807 -0.04908430576324463 0.008730949833989143 0.13790158927440643 -0.009006144478917122 -0.09597510099411011 0.05082642659544945 -0.023522354662418365 -0.04079318791627884 0.10173188894987106 0.00909341499209404 -0.03353806212544441 -0.03954215347766876 -0.03835635632276535 -0.05035241320729256 0.03131594881415367 0.019304657354950905 -0.03680608794093132 0.08174991607666016 0.1129109263420105 0.006686283741146326 0.03691151738166809 -0.09875310212373734 -0.005927945952862501 -0.019513282924890518 0.004104300867766142 -0.017988434061408043 0.020177146419882774 -0.023943131789565086 0.02194729819893837 0.06109297275543213 0.10056807845830917 -0.008928787894546986 -0.029903458431363106 -0.057984232902526855 -0.02944580279290676 0.04445291683077812 0.037558987736701965 -0.0009001431753858924 -0.02573738619685173 0.09114085137844086 0.09798327833414078 0.06331485509872437 0.06091013550758362 -0.09027080982923508 -0.0031554445158690214 -0.14383375644683838 0.12562398612499237 -0.025562074035406113 -0.06873777508735657 0.16973930597305298 0.004843967501074076 0.7341402456303531 0.9307858763314288 0.9458084911997132 0.961500436011867 0.9223228178735087 0.9904235199903325 0.9889841232562185 0.9959023807411569 0.9992282726219343 -1.0920074 -1.1277139 -0.9577807 -0.9613178 -0.91740274 -0.81447935 -1.0806313 -1.328344 -1.6599278 -1.0815791 -1.1002451 -0.8826906 -0.7518641 -0.76539576 -0.7246743 -1.1909552 -1.6682706 -2.171052
1 400 -0.006494489032775164 -0.013934374786913395 0.019152816385030746 -0.04221600294113159 -0.06545402109622955 -0.043604057282209396 -0.01679893769323826 0.01996137574315071 -0.02598024159669876 -0.08996337652206421 0.012838254682719707 0.020347267389297485 -0.10064370930194855 0.018320312723517418 -0.10906293988227844 0.028190191835165024 0.12572099268436432 0.00451316824182868 -0.04554786533117294 -0.007080798037350178 0.06965333223342896 0.022225672379136086 0.002381143392995 -0.06493556499481201 0.01257130317389965 0.05920236185193062 0.019404631108045578 0.046873174607753754 -0.04390272498130798 0.12426408380270004 0.02184399962425232 0.11498292535543442 -0.09474475681781769 -0.012126147747039795 0.03924927860498428 0.007494604215025902 0.027530843392014503 0.0167546346783638 0.011065755039453506 -0.08504581451416016 0.008834123611450195 0.040414340794086456 -0.0820111483335495 0.10032854229211807 -0.04908430576324463 0.008730949833989143 0.13790158927440643 -0.009006144478917122 -0.09597510099411011 0.05082642659544945 -0.023522354662418365 -0.04079318791627884 0.10173188894987106 0.00909341499209404 -0.03353806212544441 -0.03954215347766876 -0.03835635632276535 -0.05035241320729256 0.03131594881415367 0.019304657354950905 -0.03680608794093132 0.08174991607666016 0.1129109263420105 0.006686283741146326 0.03691151738166809 -0.09875310212373734 -0.005927945952862501 -0.019513282924890518 0.004104300867766142 -0.017988434061408043 0.020177146419882774 -0.023943131789565086 0.02194729819893837 0.06109297275543213 0.10056807845830917 -0.008928787894546986 -0.029903458431363106 -0.057984232902526855 -0.02944580279290676 0.04445291683077812 0.037558987736701965 -0.0009001431753858924 -0.02573738619685173 0.09114085137844086 0.09798327833414078 0.06331485509872437 0.06091013550758362 -0.09027080982923508 -0.0031554445158690214 -0.14383375644683838 0.12562398612499237 -0.025562074035406113 -0.06873777508735657 0.16973930597305298 0.004843967501074076 0.36588276252693436 0.5688718176419199 0.4660885172847522 0.6762929714063006 0.8320543045696139 0.906740976637905 0.9721767478464471 0.9898161436367818 0.9983260771847895 -1.2334722 -1.086236 -1.1398016 -1.0643581 -1.0873073 -1.1465478 -1.2262928 -1.1459368 -1.4965631 -1.1050674 -0.89982873 -0.9406888 -0.80762756 -0.9025145 -1.0245404 -1.2576482 -1.1989735 -1.7767785
2 400 -0.006494489032775164 -0.013934374786913395 0.019152816385030746 -0.04221600294113159 -0.06545402109622955 -0.043604057282209396 -0.01679893769323826 0.01996137574315071 -0.02598024159669876 -0.08996337652206421 0.012838254682719707 0.020347267389297485 -0.10064370930194855 0.018320312723517418 -0.10906293988227844 0.028190191835165024 0.12572099268436432 0.00451316824182868 -0.04554786533117294 -0.007080798037350178 0.06965333223342896 0.022225672379136086 0.002381143392995 -0.06493556499481201 0.01257130317389965 0.05920236185193062 0.019404631108045578 0.046873174607753754 -0.04390272498130798 0.12426408380270004 0.02184399962425232 0.11498292535543442 -0.09474475681781769 -0.012126147747039795 0.03924927860498428 0.007494604215025902 0.027530843392014503 0.0167546346783638 0.011065755039453506 -0.08504581451416016 0.008834123611450195 0.040414340794086456 -0.0820111483335495 0.10032854229211807 -0.04908430576324463 0.008730949833989143 0.13790158927440643 -0.009006144478917122 -0.09597510099411011 0.05082642659544945 -0.023522354662418365 -0.04079318791627884 0.10173188894987106 0.00909341499209404 -0.03353806212544441 -0.03954215347766876 -0.03835635632276535 -0.05035241320729256 0.03131594881415367 0.019304657354950905 -0.03680608794093132 0.08174991607666016 0.1129109263420105 0.006686283741146326 0.03691151738166809 -0.09875310212373734 -0.005927945952862501 -0.019513282924890518 0.004104300867766142 -0.017988434061408043 0.020177146419882774 -0.023943131789565086 0.02194729819893837 0.06109297275543213 0.10056807845830917 -0.008928787894546986 -0.029903458431363106 -0.057984232902526855 -0.02944580279290676 0.04445291683077812 0.037558987736701965 -0.0009001431753858924 -0.02573738619685173 0.09114085137844086 0.09798327833414078 0.06331485509872437 0.06091013550758362 -0.09027080982923508 -0.0031554445158690214 -0.14383375644683838 0.12562398612499237 -0.025562074035406113 -0.06873777508735657 0.16973930597305298 0.004843967501074076 0.247094755679056 0.565787582058293 0.666441172497121 0.6885432951574364 0.7897984046343532 0.8559061604872771 0.9612495051373773 0.9751278274492781 0.994173514602953 -0.9823133 -0.6872165 -0.653957 -0.63488555 -0.7100415 -0.7287635 -0.8188292 -1.1172777 -1.3379462 -0.85460585 -0.5395545 -0.4990096 -0.40405226 -0.44448823 -0.56815636 -0.79624605 -1.2800021 -1.6667067
0 400 -0.00541207380592823 -0.011611978523433208 0.015960680320858955 -0.03518000245094299 -0.05454501509666443 -0.036336712539196014 -0.013999114744365215 0.01663447916507721 -0.021650200709700584 -0.07496947795152664 0.010698544792830944 0.016956055536866188 -0.08386975526809692 0.01526692695915699 -0.09088578075170517 0.02349182590842247 0.10476749390363693 0.003760973224416375 -0.03795655444264412 -0.00590066472068429 0.0580444410443306 0.018521392717957497 0.0019842861220240593 -0.05411297082901001 0.010476085357367992 0.0493353009223938 0.016170525923371315 0.03906097635626793 -0.03658560290932655 0.1035533994436264 0.018203333020210266 0.09581910073757172 -0.07895395904779434 -0.010105122812092304 0.032707732170820236 0.006245503202080727 0.02294236794114113 0.013962194323539734 0.009221462532877922 -0.0708715096116066 0.007361769676208496 0.03367861732840538 -0.06834261864423752 0.08360711485147476 -0.04090358689427376 0.007275791373103857 0.11491798609495163 -0.007505119778215885 -0.07997924834489822 0.04235535487532616 -0.019601961597800255 -0.033994320780038834 0.08477657288312912 0.007577845361083746 -0.02794838510453701 -0.03295179456472397 -0.03196362778544426 -0.04196034371852875 0.02609662339091301 0.016087213531136513 -0.0306717399507761 0.0681249275803566 0.09409243613481522 0.005571902729570866 0.030759597197175026 -0.08229424804449081 -0.004939954727888107 -0.016261069104075432 0.0034202507231384516 -0.014990360476076603 0.01681428775191307 -0.01995260827243328 0.018289415165781975 0.05091080814599991 0.08380673080682755 -0.007440656423568726 -0.024919547140598297 -0.04832019284367561 -0.02453816868364811 0.03704409673810005 0.031299155205488205 -0.0007501192740164697 -0.021447820588946342 0.07595070451498032 0.08165273070335388 0.05276237800717354 0.050758443772792816 -0.07522567361593246 -0.0026295369025319815 -0.11986146122217178 0.10468665510416031 -0.02130172774195671 -0.05728147551417351 0.14144942164421082 0.004036639351397753 0.4718981610919252 0.7196720753478426 0.8844328615004247 0.9330521847916732 0.8964627447233772 0.9866608774034785 0.9849810062522043 0.9909894419139388 0.9985918398166772 -1.0547953 -1.0307728 -0.8997642 -0.85622954 -0.79934585 -0.7468594 -1.0060179 -1.1503979 -1.5076092 -0.95595175 -0.9250392 -0.769973 -0.6188613 -0.6246414 -0.63292396 -1.0888641 -1.4088187 -1.9424024
1 400 -0.00541207380592823 -0.011611978523433208 0.015960680320858955 -0.03518000245094299 -0.05454501509666443 -0.036336712539196014 -0.013999114744365215 0.01663447916507721 -0.021650200709700584 -0.07496947795152664 0.010698544792830944 0.016956055536866188 -0.08386975526809692 0.01526692695915699 -0.09088578075170517 0.02349182590842247 0.10476749390363693 0.003760973224416375 -0.03795655444264412 -0.00590066472068429 0.0580444410443306 0.018521392717957497 0.0019842861220240593 -0.05411297082901001 0.010476085357367992 0.0493353009223938 0.016170525923371315 0.03906097635626793 -0.03658560290932655 0.1035533994436264 0.018203333020210266 0.09581910073757172 -0.07895395904779434 -0.010105122812092304 0.032707732170820236 0.006245503202080727 0.02294236794114113 0.013962194323539734 0.009221462532877922 -0.0708715096116066 0.007361769676208496 0.03367861732840538 -0.06834261864423752 0.08360711485147476 -0.04090358689427376 0.007275791373103857 0.11491798609495163 -0.007505119778215885 -0.07997924834489822 0.04235535487532616 -0.019601961597800255 -0.033994320780038834 0.08477657288312912 0.007577845361083746 -0.02794838510453701 -0.03295179456472397 -0.03196362778544426 -0.04196034371852875 0.02609662339091301 0.016087213531136513 -0.0306717399507761 0.0681249275803566 0.09409243613481522 0.005571902729570866 0.030759597197175026 -0.08229424804449081 -0.004939954727888107 -0.016261069104075432 0.0034202507231384516 -0.014990360476076603 0.01681428775191307 -0.01995260827243328 0.018289415165781975 0.05091080814599991 0.08380673080682755 -0.007440656423568726 -0.024919547140598297 -0.04832019284367561 -0.02453816868364811 0.03704409673810005 0.031299155205488205 -0.0007501192740164697 -0.021447820588946342 0.07595070451498032 0.08165273070335388 0.05276237800717354 0.050758443772792816 -0.07522567361593246 -0.0026295369025319815 -0.11986146122217178 0.10468665510416031 -0.02130172774195671 -0.05728147551417351 0.14144942164421082 0.004036639351397753 0.32720103392401295 0.42729064645132775 0.46004685578735444 0.6572399630286224 0.8105787548144857 0.8699570110031914 0.9551867089276924 0.9765394521150236 0.9971670882561021 -1.145128 -1.0420078 -1.0182639 -0.96113276 -0.96135557 -1.0297972 -1.100185 -1.0397391 -1.3767555 -1.011288 -0.877324 -0.81621337 -0.6961816 -0.7727456 -0.886732 -1.0969776 -1.046548 -1.616248
2 400 -0.00541207380592823 -0.011611978523433208 0.015960680320858955 -0.03518000245094299 -0.05454501509666443 -0.036336712539196014 -0.013999114744365215 0.01663447916507721 -0.021650200709700584 -0.07496947795152664 0.010698544792830944 0.016956055536866188 -0.08386975526809692 0.01526692695915699 -0.09088578075170517 0.02349182590842247 0.10476749390363693 0.003760973224416375 -0.03795655444264412 -0.00590066472068429 0.0580444410443306 0.018521392717957497 0.0019842861220240593 -0.05411297082901001 0.010476085357367992 0.0493353009223938 0.016170525923371315 0.03906097635626793 -0.03658560290932655 0.1035533994436264 0.018203333020210266 0.09581910073757172 -0.07895395904779434 -0.010105122812092304 0.032707732170820236 0.006245503202080727 0.02294236794114113 0.013962194323539734 0.009221462532877922 -0.0708715096116066 0.007361769676208496 0.03367861732840538 -0.06834261864423752 0.08360711485147476 -0.04090358689427376 0.007275791373103857 0.11491798609495163 -0.007505119778215885 -0.07997924834489822 0.04235535487532616 -0.019601961597800255 -0.033994320780038834 0.08477657288312912 0.007577845361083746 -0.02794838510453701 -0.03295179456472397 -0.03196362778544426 -0.04196034371852875 0.02609662339091301 0.016087213531136513 -0.0306717399507761 0.0681249275803566 0.09409243613481522 0.005571902729570866 0.030759597197175026 -0.08229424804449081 -0.004939954727888107 -0.016261069104075432 0.0034202507231384516 -0.014990360476076603 0.01681428775191307 -0.01995260827243328 0.018289415165781975 0.05091080814599991 0.08380673080682755 -0.007440656423568726 -0.024919547140598297 -0.04832019284367561 -0.02453816868364811 0.03704409673810005 0.031299155205488205 -0.0007501192740164697 -0.021447820588946342 0.07595070451498032 0.08165273070335388 0.05276237800717354 0.050758443772792816 -0.07522567361593246 -0.0026295369025319815 -0.11986146122217178 0.10468665510416031 -0.02130172774195671 -0.05728147551417351 0.14144942164421082 0.004036639351397753 0.2064415835550139 0.46054014786725195 0.5186178697954839 0.6196280359148435 0.7850574931280278 0.7797982381118612 0.9356727677068054 0.9792071719158556 0.993974745354668 -0.88709867 -0.60911906 -0.6150485 -0.522718 -0.64039254 -0.65102816 -0.772676 -1.0487444 -1.2522508 -0.7413416 -0.42112833 -0.42320716 -0.2817831 -0.37672365 -0.46818537 -0.72936803 -1.184967 -1.5486517
0 400 -0.004329659044742584 -0.009289583191275597 0.012768544256687164 -0.028144001960754395 -0.0436360128223896 -0.02906936965882778 -0.011199291795492172 0.013307583518326283 -0.017320161685347557 -0.05997558310627937 0.008558835834264755 0.013564844615757465 -0.0670958086848259 0.012213542126119137 -0.0727086290717125 0.018793461844325066 0.08381399512290955 0.0030087786726653576 -0.030365243554115295 -0.004720531869679689 0.04643555358052254 0.014817113988101482 0.0015874289674684405 -0.04329037666320801 0.008380868472158909 0.03946823999285698 0.012936420738697052 0.031248781830072403 -0.029268482699990273 0.08284272253513336 0.014562666416168213 0.07665528357028961 -0.06316316872835159 -0.008084098808467388 0.02616618573665619 0.004996402654796839 0.018353894352912903 0.011169755831360817 0.007377170026302338 -0.05669720843434334 0.005889415740966797 0.026942893862724304 -0.054674096405506134 0.06688569486141205 -0.032722871750593185 0.005820633377879858 0.09193439036607742 -0.006004096008837223 -0.06398340314626694 0.033884283155202866 -0.015681570395827293 -0.027195457369089127 0.06782125681638718 0.006062276195734739 -0.022358708083629608 -0.026361435651779175 -0.025570902973413467 -0.03356827422976494 0.020877299830317497 0.012869770638644695 -0.02453739196062088 0.05449994280934334 0.07527395337820053 0.0044575221836566925 0.02460767887532711 -0.06583540141582489 -0.003951963968575001 -0.013008855283260345 0.0027362005785107613 -0.011992288753390312 0.013451430015265942 -0.015962086617946625 0.01463153213262558 0.040728647261857986 0.06704538315534592 -0.005952525418251753 -0.019935637712478638 -0.03865615651011467 -0.019630534574389458 0.02963527850806713 0.025039324536919594 -0.000600095430854708 -0.017158256843686104 0.06076056510210037 0.06532218307256699 0.04220990464091301 0.04060675576329231 -0.06018054112792015 -0.002103629522025585 -0.09588917344808578 0.08374932408332825 -0.017041383311152458 -0.045825179666280746 0.11315953731536865 0.0032293114345520735 0.31711621474454793 0.5182300846467611 0.7474976560522727 0.8858278464030616 0.8639470245648718 0.9758712920164414 0.9789831045312426 0.9827934156683761 0.9974915400362281 -1.020281 -0.95683324 -0.8414612 -0.7702497 -0.65572226 -0.6974039 -0.932472 -1.0005459 -1.3606839 -0.9001035 -0.8584108 -0.67164254 -0.52427286 -0.4535594 -0.5703902 -0.988262 -1.1923487 -1.7208762
1 400 -0.004329659044742584 -0.009289583191275597 0.012768544256687164 -0.028144001960754395 -0.0436360128223896 -0.02906936965882778 -0.011199291795492172 0.013307583518326283 -0.017320161685347557 -0.05997558310627937 0.008558835834264755 0.013564844615757465 -0.0670958086848259 0.012213542126119137 -0.0727086290717125 0.018793461844325066 0.08381399512290955 0.0030087786726653576 -0.030365243554115295 -0.004720531869679689 0.04643555358052254 0.014817113988101482 0.0015874289674684405 -0.04329037666320801 0.008380868472158909 0.03946823999285698 0.012936420738697052 0.031248781830072403 -0.029268482699990273 0.08284272253513336 0.014562666416168213 0.07665528357028961 -0.06316316872835159 -0.008084098808467388 0.02616618573665619 0.004996402654796839 0.018353894352912903 0.011169755831360817 0.007377170026302338 -0.05669720843434334 0.005889415740966797 0.026942893862724304 -0.054674096405506134 0.06688569486141205 -0.032722871750593185 0.005820633377879858 0.09193439036607742 -0.006004096008837223 -0.06398340314626694 0.033884283155202866 -0.015681570395827293 -0.027195457369089127 0.06782125681638718 0.006062276195734739 -0.022358708083629608 -0.026361435651779175 -0.025570902973413467 -0.03356827422976494 0.020877299830317497 0.012869770638644695 -0.02453739196062088 0.05449994280934334 0.07527395337820053 0.0044575221836566925 0.02460767887532711 -0.06583540141582489 -0.003951963968575001 -0.013008855283260345 0.0027362005785107613 -0.011992288753390312 0.013451430015265942 -0.015962086617946625 0.01463153213262558 0.040728647261857986 0.06704538315534592 -0.005952525418251753 -0.019935637712478638 -0.03865615651011467 -0.019630534574389458 0.02963527850806713 0.025039324536919594 -0.000600095430854708 -0.017158256843686104 0.06076056510210037 0.06532218307256699 0.04220990464091301 0.04060675576329231 -0.06018054112792015 -0.002103629522025585 -0.09588917344808578 0.08374932408332825 -0.017041383311152458 -0.045825179666280746 0.11315953731536865 0.0032293114345520735 0.22615507991662526 0.2949392334906299 0.41804670720382603 0.6179073103824807 0.7753300788867518 0.8251216377260999 0.9367817209085981 0.9636935381276361 0.9944515727625839 -1.0838317 -0.9974942 -0.938745 -0.8780112 -0.84824777 -0.8994559 -0.9762306 -0.9947406 -1.2579222 -0.9604888 -0.8747878 -0.7353439 -0.607383 -0.6535911 -0.7479682 -0.9497328 -0.97960097 -1.4335384
2 400 -0.004329659044742584 -0.009289583191275597 0.012768544256687164 -0.028144001960754395 -0.0436360128223896 -0.02906936965882778 -0.011199291795492172 0.013307583518326283 -0.017320161685347557 -0.05997558310627937 0.008558835834264755 0.013564844615757465 -0.0670958086848259 0.012213542126119137 -0.0727086290717125 0.018793461844325066 0.08381399512290955 0.0030087786726653576 -0.030365243554115295 -0.004720531869679689 0.04643555358052254 0.014817113988101482 0.0015874289674684405 -0.04329037666320801 0.008380868472158909 0.03946823999285698 0.012936420738697052 0.031248781830072403 -0.029268482699990273 0.08284272253513336 0.014562666416168213 0.07665528357028961 -0.06316316872835159 -0.008084098808467388 0.02616618573665619 0.004996402654796839 0.018353894352912903 0.011169755831360817 0.007377170026302338 -0.05669720843434334 0.005889415740966797 0.026942893862724304 -0.054674096405506134 0.06688569486141205 -0.032722871750593185 0.005820633377879858 0.09193439036607742 -0.006004096008837223 -0.06398340314626694 0.033884283155202866 -0.015681570395827293 -0.027195457369089127 0.06782125681638718 0.006062276195734739 -0.022358708083629608 -0.026361435651779175 -0.025570902973413467 -0.03356827422976494 0.020877299830317497 0.012869770638644695 -0.02453739196062088 0.05449994280934334 0.07527395337820053 0.0044575221836566925 0.02460767887532711 -0.06583540141582489 -0.003951963968575001 -0.013008855283260345 0.0027362005785107613 -0.011992288753390312 0.013451430015265942 -0.015962086617946625 0.01463153213262558 0.040728647261857986 0.06704538315534592 -0.005952525418251753 -0.019935637712478638 -0.03865615651011467 -0.019630534574389458 0.02963527850806713 0.025039324536919594 -0.000600095430854708 -0.017158256843686104 0.06076056510210037 0.06532218307256699 0.04220990464091301 0.04060675576329231 -0.06018054112792015 -0.002103629522025585 -0.09588917344808578 0.08374932408332825 -0.017041383311152458 -0.045825179666280746 0.11315953731536865 0.0032293114345520735 0.08277163607021967 0.25455143083463755 0.40173655616232046 0.5436763656845177 0.7727467338260311 0.6880824037894614 0.8932934582178107 0.9660263780983358 0.9906828637297802 -0.84082156 -0.3761367 -0.56017613 -0.4194911 -0.56821966 -0.58465314 -0.7334125 -0.97256434 -1.1477273 -0.80664206 -0.0685126 -0.35501152 -0.17154083 -0.30561697 -0.38453662 -0.67331254 -1.0536243 -1.3637534
0 400 -0.003247244516387582 -0.0069671873934566975 0.009576408192515373 -0.021108001470565796 -0.03272701054811478 -0.021802028641104698 -0.00839946884661913 0.009980687871575356 -0.01299012079834938 -0.044981688261032104 0.006419127341359854 0.010173633694648743 -0.050321854650974274 0.009160156361758709 -0.05453146994113922 0.014095095917582512 0.06286049634218216 0.00225658412091434 -0.02277393266558647 -0.003540399018675089 0.03482666611671448 0.011112836189568043 0.0011905716964975 -0.032467782497406006 0.006285651586949825 0.02960118092596531 0.009702315554022789 0.023436587303876877 -0.02195136249065399 0.06213204190135002 0.01092199981212616 0.05749146267771721 -0.047372378408908844 -0.0060630738735198975 0.01962463930249214 0.003747302107512951 0.013765421696007252 0.0083773173391819 0.005532877519726753 -0.04252290725708008 0.004417061805725098 0.020207170397043228 -0.04100557416677475 0.050164271146059036 -0.024542152881622314 0.004365474916994572 0.06895079463720322 -0.004503072239458561 -0.047987550497055054 0.025413213297724724 -0.011761177331209183 -0.02039659395813942 0.05086594447493553 0.00454670749604702 -0.016769031062722206 -0.01977107673883438 -0.019178178161382675 -0.02517620660364628 0.015657974407076836 0.009652328677475452 -0.01840304397046566 0.04087495803833008 0.05645546317100525 0.003343141870573163 0.018455758690834045 -0.04937655106186867 -0.0029639729764312506 -0.009756641462445259 0.002052150433883071 -0.008994217030704021 0.010088573209941387 -0.011971565894782543 0.010973649099469185 0.030546486377716064 0.05028403922915459 -0.004464393947273493 -0.014951729215681553 -0.028992116451263428 -0.01472290139645338 0.02222645841538906 0.018779493868350983 -0.0004500715876929462 -0.012868693098425865 0.04557042568922043 0.04899163916707039 0.03165742754936218 0.03045506775379181 -0.04513540491461754 -0.0015777222579345107 -0.07191687822341919 0.06281199306249619 -0.012781037017703056 -0.034368887543678284 0.08486965298652649 0.002421983750537038 0.1471428501265393 0.3333651255091517 0.597004702601401 0.8123763657786807 0.8343252722422345 0.9524477311598887 0.970066481034536 0.9856762655913635 0.995383924855492 -1.0178442 -0.91065633 -0.7615308 -0.68229246 -0.50625277 -0.65685666 -0.85967577 -0.9868169 -1.1987184 -0.94077706 -0.81576383 -0.5693586 -0.429734 -0.28025097 -0.51845694 -0.88852257 -1.1484445 -1.4587516
1 400 -0.003247244516387582 -0.0069671873934566975 0.009576408192515373 -0.021108001470565796 -0.03272701054811478 -0.021802028641104698 -0.00839946884661913 0.009980687871575356 -0.01299012079834938 -0.044981688261032104 0.006419127341359854 0.010173633694648743 -0.050321854650974274 0.009160156361758709 -0.05453146994113922 0.014095095917582512 0.06286049634218216 0.00225658412091434 -0.02277393266558647 -0.003540399018675089 0.03482666611671448 0.011112836189568043 0.0011905716964975 -0.032467782497406006 0.006285651586949825 0.02960118092596531 0.009702315554022789 0.023436587303876877 -0.02195136249065399 0.06213204190135002 0.01092199981212616 0.05749146267771721 -0.047372378408908844 -0.0060630738735198975 0.01962463930249214 0.003747302107512951 0.013765421696007252 0.0083773173391819 0.005532877519726753 -0.04252290725708008 0.004417061805725098 0.020207170397043228 -0.04100557416677475 0.050164271146059036 -0.024542152881622314 0.004365474916994572 0.06895079463720322 -0.004503072239458561 -0.047987550497055054 0.025413213297724724 -0.011761177331209183 -0.02039659395813942 0.05086594447493553 0.00454670749604702 -0.016769031062722206 -0.01977107673883438 -0.019178178161382675 -0.02517620660364628 0.015657974407076836 0.009652328677475452 -0.01840304397046566 0.04087495803833008 0.05645546317100525 0.003343141870573163 0.018455758690834045 -0.04937655106186867 -0.0029639729764312506 -0.009756641462445259 0.002052150433883071 -0.008994217030704021 0.010088573209941387 -0.011971565894782543 0.010973649099469185 0.030546486377716064 0.05028403922915459 -0.004464393947273493 -0.014951729215681553 -0.028992116451263428 -0.01472290139645338 0.02222645841538906 0.018779493868350983 -0.0004500715876929462 -0.012868693098425865 0.04557042568922043 0.04899163916707039 0.03165742754936218 0.03045506775379181 -0.04513540491461754 -0.0015777222579345107 -0.07191687822341919 0.06281199306249619 -0.012781037017703056 -0.034368887543678284 0.08486965298652649 0.002421983750537038 0.06037517877329177 0.19090052182066028 0.370128015830518 0.5802509763270541 0.7522546949065162 0.7873668505036887 0.9230551209887369 0.9721320559165236 0.9887832331055726 -1.0570344 -0.9792111 -0.87976193 -0.80532384 -0.7708446 -0.80734843 -0.8873142 -1.0563864 -1.1528014 -1.0559492 -0.9107607 -0.6796017 -0.53640115 -0.5537338 -0.65338254 -0.86137474 -1.0886885 -1.2608435
2 400 -0.003247244516387582 -0.0069671873934566975 0.009576408192515373 -0.021108001470565796 -0.03272701054811478 -0.021802028641104698 -0.00839946884661913 0.009980687871575356 -0.01299012079834938 -0.044981688261032104 0.006419127341359854 0.010173633694648743 -0.050321854650974274 0.009160156361758709 -0.05453146994113922 0.014095095917582512 0.06286049634218216 0.00225658412091434 -0.02277393266558647 -0.003540399018675089 0.03482666611671448 0.011112836189568043 0.0011905716964975 -0.032467782497406006 0.006285651586949825 0.02960118092596531 0.009702315554022789 0.023436587303876877 -0.02195136249065399 0.06213204190135002 0.01092199981212616 0.05749146267771721 -0.047372378408908844 -0.0060630738735198975 0.01962463930249214 0.003747302107512951 0.013765421696007252 0.0083773173391819 0.005532877519726753 -0.04252290725708008 0.004417061805725098 0.020207170397043228 -0.04100557416677475 0.050164271146059036 -0.024542152881622314 0.004365474916994572 0.06895079463720322 -0.004503072239458561 -0.047987550497055054 0.025413213297724724 -0.011761177331209183 -0.02039659395813942 0.05086594447493553 0.00454670749604702 -0.016769031062722206 -0.01977107673883438 -0.019178178161382675 -0.02517620660364628 0.015657974407076836 0.009652328677475452 -0.01840304397046566 0.04087495803833008 0.05645546317100525 0.003343141870573163 0.018455758690834045 -0.04937655106186867 -0.0029639729764312506 -0.009756641462445259 0.002052150433883071 -0.008994217030704021 0.010088573209941387 -0.011971565894782543 0.010973649099469185 0.030546486377716064 0.05028403922915459 -0.004464393947273493 -0.014951729215681553 -0.028992116451263428 -0.01472290139645338 0.02222645841538906 0.018779493868350983 -0.0004500715876929462 -0.012868693098425865 0.04557042568922043 0.04899163916707039 0.03165742754936218 0.03045506775379181 -0.04513540491461754 -0.0015777222579345107 -0.07191687822341919 0.06281199306249619 -0.012781037017703056 -0.034368887543678284 0.08486965298652649 0.002421983750537038 0.04648889937959884 0.17282022494502622 0.27971753377707875 0.40937770071242074 0.7090752475233297 0.6120641816750336 0.8575853068703918 0.9374366720147047 0.9833277860250137 -0.8854352 -0.62350905 -0.36529696 -0.15415575 -0.4989498 -0.5224343 -0.67393017 -0.8972132 -1.0498439 -0.92902803 -0.5178868 -0.032855287 0.24808072 -0.23727243 -0.3077551 -0.6103369 -0.91552156 -1.1822058
0 400 -0.002164829522371292 -0.004644791595637798 0.006384272128343582 -0.014072000980377197 -0.0218180064111948 -0.01453468482941389 -0.005599645897746086 0.006653791759163141 -0.008660080842673779 -0.029987791553139687 0.004279417917132378 0.006782422307878733 -0.03354790434241295 0.006106771063059568 -0.03635431453585625 0.009396730922162533 0.04190699756145477 0.0015043893363326788 -0.015182621777057648 -0.0023602659348398447 0.02321777679026127 0.007408556994050741 0.0007937144837342203 -0.021645188331604004 0.004190434236079454 0.01973411999642849 0.006468210369348526 0.015624390915036201 -0.014634241349995136 0.04142136126756668 0.0072813332080841064 0.038327641785144806 -0.031581584364175797 -0.004042049404233694 0.013083092868328094 0.0024982013273984194 0.009176947176456451 0.0055848779156804085 0.003688585013151169 -0.02834860421717167 0.0029447078704833984 0.013471446931362152 -0.027337048202753067 0.033442847430706024 -0.016361435875296593 0.002910316688939929 0.04596719518303871 -0.0030020480044186115 -0.03199170157313347 0.016942141577601433 -0.007840785197913647 -0.013597728684544563 0.03391062840819359 0.0030311380978673697 -0.011179354041814804 -0.013180717825889587 -0.012785451486706734 -0.01678413711488247 0.010438649915158749 0.006434885319322348 -0.01226869598031044 0.02724997140467167 0.037636976689100266 0.0022287610918283463 0.012303839437663555 -0.032917700707912445 -0.0019759819842875004 -0.006504427641630173 0.0013681002892553806 -0.005996144376695156 0.006725715007632971 -0.007981043308973312 0.00731576606631279 0.020364323630928993 0.03352269157767296 -0.0029762627091258764 -0.009967818856239319 -0.019328078255057335 -0.009815267287194729 0.014817639254033566 0.012519662268459797 -0.000300047715427354 -0.008579128421843052 0.030380282551050186 0.03266109153628349 0.021104952320456505 0.020303377881646156 -0.030090270563960075 -0.0010518147610127926 -0.04794458672404289 0.041874662041664124 -0.008520691655576229 -0.022912589833140373 0.056579768657684326 0.0016146557172760367 0.04752117858845908 0.245081502391475 0.5010226679601846 0.7194837503597211 0.799061142631292 0.9045879208765617 0.9451191788559671 0.9819052527803485 0.9909092988789302 -0.9998137 -0.8516098 -0.6948191 -0.57922554 -0.40724486 -0.652452 -0.7851533 -0.9405887 -1.0520508 -1.0421685 -0.76391596 -0.4953243 -0.31860313 -0.17236643 -0.5029059 -0.78055125 -1.0444636 -1.2047253
1 400 -0.002164829522371292 -0.004644791595637798 0.006384272128343582 -0.014072000980377197 -0.0218180064111948 -0.01453468482941389 -0.005599645897746086 0.006653791759163141 -0.008660080842673779 -0.029987791553139687 0.004279417917132378 0.006782422307878733 -0.03354790434241295 0.006106771063059568 -0.03635431453585625 0.009396730922162533 0.04190699756145477 0.0015043893363326788 -0.015182621777057648 -0.0023602659348398447 0.02321777679026127 0.007408556994050741 0.0007937144837342203 -0.021645188331604004 0.004190434236079454 0.01973411999642849 0.006468210369348526 0.015624390915036201 -0.014634241349995136 0.04142136126756668 0.0072813332080841064 0.038327641785144806 -0.031581584364175797 -0.004042049404233694 0.013083092868328094 0.0024982013273984194 0.009176947176456451 0.0055848779156804085 0.003688585013151169 -0.02834860421717167 0.0029447078704833984 0.013471446931362152 -0.027337048202753067 0.033442847430706024 -0.016361435875296593 0.002910316688939929 0.04596719518303871 -0.0030020480044186115 -0.03199170157313347 0.016942141577601433 -0.007840785197913647 -0.013597728684544563 0.03391062840819359 0.0030311380978673697 -0.011179354041814804 -0.013180717825889587 -0.012785451486706734 -0.01678413711488247 0.010438649915158749 0.006434885319322348 -0.01226869598031044 0.02724997140467167 0.037636976689100266 0.0022287610918283463 0.012303839437663555 -0.032917700707912445 -0.0019759819842875004 -0.006504427641630173 0.0013681002892553806 -0.005996144376695156 0.006725715007632971 -0.007981043308973312 0.00731576606631279 0.020364323630928993 0.03352269157767296 -0.0029762627091258764 -0.009967818856239319 -0.019328078255057335 -0.009815267287194729 0.014817639254033566 0.012519662268459797 -0.000300047715427354 -0.008579128421843052 0.030380282551050186 0.03266109153628349 0.021104952320456505 0.020303377881646156 -0.030090270563960075 -0.0010518147610127926 -0.04794458672404289 0.041874662041664124 -0.008520691655576229 -0.022912589833140373 0.056579768657684326 0.0016146557172760367 0.03312016673287061 0.11979517138778902 0.30977543942419916 0.5495274884345884 0.665710286708448 0.6893988812544309 0.914014524619005 0.9671621490571263 0.9786275217732587 -1.0664667 -0.95704496 -0.84874105 -0.73268366 -0.6717286 -0.5861985 -0.8305632 -1.0259485 -1.0868621 -1.1512356 -0.9389304 -0.6574829 -0.46924162 -0.40083718 -0.31905672 -0.80857056 -1.0476867 -1.1525701
2 400 -0.002164829522371292 -0.004644791595637798 0.006384272128343582 -0.014072000980377197 -0.0218180064111948 -0.01453468482941389 -0.005599645897746086 0.006653791759163141 -0.008660080842673779 -0.029987791553139687 0.004279417917132378 0.006782422307878733 -0.03354790434241295 0.006106771063059568 -0.03635431453585625 0.009396730922162533 0.04190699756145477 0.0015043893363326788 -0.015182621777057648 -0.0023602659348398447 0.02321777679026127 0.007408556994050741 0.0007937144837342203 -0.021645188331604004 0.004190434236079454 0.01973411999642849 0.006468210369348526 0.015624390915036201 -0.014634241349995136 0.04142136126756668 0.0072813332080841064 0.038327641785144806 -0.031581584364175797 -0.004042049404233694 0.013083092868328094 0.0024982013273984194 0.009176947176456451 0.0055848779156804085 0.003688585013151169 -0.02834860421717167 0.0029447078704833984 0.013471446931362152 -0.027337048202753067 0.033442847430706024 -0.016361435875296593 0.002910316688939929 0.04596719518303871 -0.0030020480044186115 -0.03199170157313347 0.016942141577601433 -0.007840785197913647 -0.013597728684544563 0.03391062840819359 0.0030311380978673697 -0.011179354041814804 -0.013180717825889587 -0.012785451486706734 -0.01678413711488247 0.010438649915158749 0.006434885319322348 -0.01226869598031044 0.02724997140467167 0.037636976689100266 0.0022287610918283463 0.012303839437663555 -0.032917700707912445 -0.0019759819842875004 -0.006504427641630173 0.0013681002892553806 -0.005996144376695156 0.006725715007632971 -0.007981043308973312 0.00731576606631279 0.020364323630928993 0.03352269157767296 -0.0029762627091258764 -0.009967818856239319 -0.019328078255057335 -0.009815267287194729 0.014817639254033566 0.012519662268459797 -0.000300047715427354 -0.008579128421843052 0.030380282551050186 0.03266109153628349 0.021104952320456505 0.020303377881646156 -0.030090270563960075 -0.0010518147610127926 -0.04794458672404289 0.041874662041664124 -0.008520691655576229 -0.022912589833140373 0.056579768657684326 0.0016146557172760367 0.03779422845926567 0.1157275598755663 0.24715368126521728 0.365944899794509 0.6068921470281388 0.6229125347309087 0.8198010106115027 0.9019730493793645 0.9700885423155619 -0.9718349 -0.6961937 -0.5156943 -0.27226418 -0.37276772 -0.54141206 -0.61235875 -0.8393526 -1.0211589 -1.0589515 -0.6171748 -0.35140517 0.016186431 -0.09217492 -0.3278438 -0.51471615 -0.80825186 -1.1329534
0 400 -0.001082414761185646 -0.002322395797818899 0.003192136064171791 -0.007036000490188599 -0.0109090032055974 -0.007267342414706945 -0.002799822948873043 0.0033268958795815706 -0.004330040421336889 -0.014993895776569843 0.002139708958566189 0.0033912111539393663 -0.016773952171206474 0.003053385531529784 -0.018177157267928123 0.004698365461081266 0.020953498780727386 0.0007521946681663394 -0.007591310888528824 -0.0011801329674199224 0.011608888395130634 0.0037042784970253706 0.00039685724186711013 -0.010822594165802002 0.002095217118039727 0.009867059998214245 0.003234105184674263 0.007812195457518101 -0.007317120674997568 0.02071068063378334 0.0036406666040420532 0.019163820892572403 -0.015790792182087898 -0.002021024702116847 0.006541546434164047 0.0012491006636992097 0.004588473588228226 0.0027924389578402042 0.0018442925065755844 -0.014174302108585835 0.0014723539352416992 0.006735723465681076 -0.013668524101376534 0.016721423715353012 -0.008180717937648296 0.0014551583444699645 0.022983597591519356 -0.0015010240022093058 -0.015995850786566734 0.008471070788800716 -0.003920392598956823 -0.006798864342272282 0.016955314204096794 0.0015155690489336848 -0.005589677020907402 -0.006590358912944794 -0.006392725743353367 -0.008392068557441235 0.005219324957579374 0.003217442659661174 -0.00613434799015522 0.013624985702335835 0.018818488344550133 0.0011143805459141731 0.006151919718831778 -0.016458850353956223 -0.0009879909921437502 -0.0032522138208150864 0.0006840501446276903 -0.002998072188347578 0.0033628575038164854 -0.003990521654486656 0.003657883033156395 0.010182161815464497 0.01676134578883648 -0.0014881313545629382 -0.004983909428119659 -0.009664039127528667 -0.004907633643597364 0.007408819627016783 0.0062598311342298985 -0.000150023857713677 -0.004289564210921526 0.015190141275525093 0.016330545768141747 0.010552476160228252 0.010151688940823078 -0.015045135281980038 -0.0005259073805063963 -0.023972293362021446 0.020937331020832062 -0.0042603458277881145 -0.011456294916570187 0.028289884328842163 0.0008073278586380184 0.0357505450838466 0.15672902066558148 0.3884044037644345 0.6152225672921502 0.7393475739382124 0.843292512978832 0.9145172643129978 0.9644030384254076 0.988124233602593 -0.98264873 -0.8226503 -0.65861416 -0.4850368 -0.2886735 -0.5746179 -0.66858995 -0.85703075 -1.0221523 -1.0721258 -0.7723465 -0.45867813 -0.21542476 -0.02471283 -0.41996932 -0.6202797 -0.8875672 -1.150504
1 400 -0.001082414761185646 -0.002322395797818899 0.003192136064171791 -0.007036000490188599 -0.0109090032055974 -0.007267342414706945 -0.002799822948873043 0.0033268958795815706 -0.004330040421336889 -0.014993895776569843 0.002139708958566189 0.0033912111539393663 -0.016773952171206474 0.003053385531529784 -0.018177157267928123 0.004698365461081266 0.020953498780727386 0.0007521946681663394 -0.007591310888528824 -0.0011801329674199224 0.011608888395130634 0.0037042784970253706 0.00039685724186711013 -0.010822594165802002 0.002095217118039727 0.009867059998214245 0.003234105184674263 0.007812195457518101 -0.007317120674997568 0.02071068063378334 0.0036406666040420532 0.019163820892572403 -0.015790792182087898 -0.002021024702116847 0.006541546434164047 0.0012491006636992097 0.004588473588228226 0.0027924389578402042 0.0018442925065755844 -0.014174302108585835 0.0014723539352416992 0.006735723465681076 -0.013668524101376534 0.016721423715353012 -0.008180717937648296 0.0014551583444699645 0.022983597591519356 -0.0015010240022093058 -0.015995850786566734 0.008471070788800716 -0.003920392598956823 -0.006798864342272282 0.016955314204096794 0.0015155690489336848 -0.005589677020907402 -0.006590358912944794 -0.006392725743353367 -0.008392068557441235 0.005219324957579374 0.003217442659661174 -0.00613434799015522 0.013624985702335835 0.018818488344550133 0.0011143805459141731 0.006151919718831778 -0.016458850353956223 -0.0009879909921437502 -0.0032522138208150864 0.0006840501446276903 -0.002998072188347578 0.0033628575038164854 -0.003990521654486656 0.003657883033156395 0.010182161815464497 0.01676134578883648 -0.0014881313545629382 -0.004983909428119659 -0.009664039127528667 -0.004907633643597364 0.007408819627016783 0.0062598311342298985 -0.000150023857713677 -0.004289564210921526 0.015190141275525093 0.016330545768141747 0.010552476160228252 0.010151688940823078 -0.015045135281980038 -0.0005259073805063963 -0.023972293362021446 0.020937331020832062 -0.0042603458277881145 -0.011456294916570187 0.028289884328842163 0.0008073278586380184 0.029190532407855914 0.10519073907063671 0.24535246093671167 0.48480642524232065 0.5540148437214154 0.682531498990658 0.888902010934766 0.9507203723543572 0.9791635563833315 -1.0579108 -0.9243592 -0.8436539 -0.6919408 -0.57345486 -0.70549023 -0.80922025 -0.9658191 -1.1179359 -1.1733841 -0.91255116 -0.6746111 -0.44725585 -0.20981899 -0.5165951 -0.7424647 -0.9536433 -1.2211065
2 400 -0.001082414761185646 -0.002322395797818899 0.003192136064171791 -0.007036000490188599 -0.0109090032055974 -0.007267342414706945 -0.002799822948873043 0.0033268958795815706 -0.004330040421336889 -0.014993895776569843 0.002139708958566189 0.0033912111539393663 -0.016773952171206474 0.003053385531529784 -0.018177157267928123 0.004698365461081266 0.020953498780727386 0.0007521946681663394 -0.007591310888528824 -0.0011801329674199224 0.011608888395130634 0.0037042784970253706 0.00039685724186711013 -0.010822594165802002 0.002095217118039727 0.009867059998214245 0.003234105184674263 0.007812195457518101 -0.007317120674997568 0.02071068063378334 0.0036406666040420532 0.019163820892572403 -0.015790792182087898 -0.002021024702116847 0.006541546434164047 0.0012491006636992097 0.004588473588228226 0.0027924389578402042 0.0018442925065755844 -0.014174302108585835 0.0014723539352416992 0.006735723465681076 -0.013668524101376534 0.016721423715353012 -0.008180717937648296 0.0014551583444699645 0.022983597591519356 -0.0015010240022093058 -0.015995850786566734 0.008471070788800716 -0.003920392598956823 -0.006798864342272282 0.016955314204096794 0.0015155690489336848 -0.005589677020907402 -0.006590358912944794 -0.006392725743353367 -0.008392068557441235 0.005219324957579374 0.003217442659661174 -0.00613434799015522 0.013624985702335835 0.018818488344550133 0.0011143805459141731 0.006151919718831778 -0.016458850353956223 -0.0009879909921437502 -0.0032522138208150864 0.0006840501446276903 -0.002998072188347578 0.0033628575038164854 -0.003990521654486656 0.003657883033156395 0.010182161815464497 0.01676134578883648 -0.0014881313545629382 -0.004983909428119659 -0.009664039127528667 -0.004907633643597364 0.007408819627016783 0.0062598311342298985 -0.000150023857713677 -0.004289564210921526 0.015190141275525093 0.016330545768141747 0.010552476160228252 0.010151688940823078 -0.015045135281980038 -0.0005259073805063963 -0.023972293362021446 0.020937331020832062 -0.0042603458277881145 -0.011456294916570187 0.028289884328842163 0.0008073278586380184 0.029194979707270613 0.08071450987751605 0.1410643173704988 0.3025211150780771 0.48443056680851654 0.5631614510762096 0.7720661352623402 0.8552092472228008 0.9581322424128028 -1.0474501 -0.76490754 -0.595224 -0.3809801 -0.3279055 -0.5207962 -0.6030899 -0.7912264 -0.9902359 -1.1638619 -0.7196753 -0.50309616 -0.17397845 -0.043733105 -0.26176697 -0.49399906 -0.7130969 -1.0661169
0 400 0.0 0.0 -0.0 0.0 0.0 0.0 0.0 -0.0 0.0 0.0 -0.0 -0.0 0.0 -0.0 0.0 -0.0 -0.0 -0.0 0.0 0.0 -0.0 -0.0 -0.0 0.0 -0.0 -0.0 -0.0 -0.0 0.0 -0.0 -0.0 -0.0 0.0 0.0 -0.0 -0.0 -0.0 -0.0 -0.0 0.0 -0.0 -0.0 0.0 -0.0 0.0 -0.0 -0.0 0.0 0.0 -0.0 0.0 0.0 -0.0 -0.0 0.0 0.0 0.0 0.0 -0.0 -0.0 0.0 -0.0 -0.0 -0.0 -0.0 0.0 0.0 0.0 -0.0 0.0 -0.0 0.0 -0.0 -0.0 -0.0 0.0 0.0 0.0 0.0 -0.0 -0.0 0.0 0.0 -0.0 -0.0 -0.0 -0.0 0.0 0.0 0.0 -0.0 0.0 0.0 -0.0 -0.0 0.03455787092804475 0.12048495673082336 0.2998397181911096 0.5476780993474041 0.6862492165163256 0.776374816367068 0.884952441737337 0.9317346480598797 0.9860171374398444 -0.97068334 -0.79616094 -0.64771616 -0.42762887 -0.19995642 -0.39279875 -0.55423445 -0.7344566 -1.0008067 -1.0578235 -0.7830102 -0.45968783 -0.1635901 0.078091815 -0.17783622 -0.4562232 -0.69029826 -1.1085424
1 400 0.0 0.0 -0.0 0.0 0.0 0.0 0.0 -0.0 0.0 0.0 -0.0 -0.0 0.0 -0.0 0.0 -0.0 -0.0 -0.0 0.0 0.0 -0.0 -0.0 -0.0 0.0 -0.0 -0.0 -0.0 -0.0 0.0 -0.0 -0.0 -0.0 0.0 0.0 -0.0 -0.0 -0.0 -0.0 -0.0 0.0 -0.0 -0.0 0.0 -0.0 0.0 -0.0 -0.0 0.0 0.0 -0.0 0.0 0.0 -0.0 -0.0 0.0 0.0 0.0 0.0 -0.0 -0.0 0.0 -0.0 -0.0 -0.0 -0.0 0.0 0.0 0.0 -0.0 0.0 -0.0 0.0 -0.0 -0.0 -0.0 0.0 0.0 0.0 0.0 -0.0 -0.0 0.0 0.0 -0.0 -0.0 -0.0 -0.0 0.0 0.0 0.0 -0.0 0.0 0.0 -0.0 -0.0 0.026944003190391003 0.07037132832244362 0.16397352312746544 0.34028622211664433 0.4778321163870923 0.6075494864721218 0.8442295618168093 0.9233556564636685 0.9675604443103831 -1.0506274 -0.93954027 -0.84183633 -0.6995261 -0.48474216 -0.6447581 -0.82338655 -0.9297776 -1.0175574 -1.1541088 -0.9573743 -0.7213132 -0.4656189 -0.044447787 -0.3416872 -0.6983672 -0.8901073 -1.0336505
2 400 0.0 0.0 -0.0 0.0 0.0 0.0 0.0 -0.0 0.0 0.0 -0.0 -0.0 0.0 -0.0 0.0 -0.0 -0.0 -0.0 0.0 0.0 -0.0 -0.0 -0.0 0.0 -0.0 -0.0 -0.0 -0.0 0.0 -0.0 -0.0 -0.0 0.0 0.0 -0.0 -0.0 -0.0 -0.0 -0.0 0.0 -0.0 -0.0 0.0 -0.0 0.0 -0.0 -0.0 0.0 0.0 -0.0 0.0 0.0 -0.0 -0.0 0.0 0.0 0.0 0.0 -0.0 -0.0 0.0 -0.0 -0.0 -0.0 -0.0 0.0 0.0 0.0 -0.0 0.0 -0.0 0.0 -0.0 -0.0 -0.0 0.0 0.0 0.0 0.0 -0.0 -0.0 0.0 0.0 -0.0 -0.0 -0.0 -0.0 0.0 0.0 0.0 -0.0 0.0 0.0 -0.0 -0.0 0.01518466926726371 0.05034234635270811 0.10751386992451607 0.2354399452453756 0.3820584718422637 0.499145629106102 0.719781683763353 0.8124351287836196 0.9364556174968817 -1.036074 -0.833228 -0.6531708 -0.4826202 -0.39136332 -0.50711334 -0.63384473 -0.73825574 -0.9528464 -1.1455488 -0.8559197 -0.5634196 -0.28498816 -0.13128352 -0.26333535 -0.5367784 -0.62290394 -0.9768227
0 400 0.001082414761185646 0.002322395797818899 -0.003192136064171791 0.007036000490188599 0.0109090032055974 0.007267342414706945 0.002799822948873043 -0.0033268958795815706 0.004330040421336889 0.014993895776569843 -0.002139708958566189 -0.0033912111539393663 0.016773952171206474 -0.003053385531529784 0.018177157267928123 -0.004698365461081266 -0.020953498780727386 -0.0007521946681663394 0.007591310888528824 0.0011801329674199224 -0.011608888395130634 -0.0037042784970253706 -0.00039685724186711013 0.010822594165802002 -0.002095217118039727 -0.009867059998214245 -0.003234105184674263 -0.007812195457518101 0.007317120674997568 -0.02071068063378334 -0.0036406666040420532 -0.019163820892572403 0.015790792182087898 0.002021024702116847 -0.006541546434164047 -0.0012491006636992097 -0.004588473588228226 -0.0027924389578402042 -0.0018442925065755844 0.014174302108585835 -0.0014723539352416992 -0.006735723465681076 0.013668524101376534 -0.016721423715353012 0.008180717937648296 -0.0014551583444699645 -0.022983597591519356 0.0015010240022093058 0.015995850786566734 -0.008471070788800716 0.003920392598956823 0.006798864342272282 -0.016955314204096794 -0.0015155690489336848 0.005589677020907402 0.006590358912944794 0.006392725743353367 0.008392068557441235 -0.005219324957579374 -0.003217442659661174 0.00613434799015522 -0.013624985702335835 -0.018818488344550133 -0.0011143805459141731 -0.006151919718831778 0.016458850353956223 0.0009879909921437502 0.0032522138208150864 -0.0006840501446276903 0.002998072188347578 -0.0033628575038164854 0.003990521654486656 -0.003657883033156395 -0.010182161815464497 -0.01676134578883648 0.0014881313545629382 0.004983909428119659 0.009664039127528667 0.004907633643597364 -0.007408819627016783 -0.0062598311342298985 0.000150023857713677 0.004289564210921526 -0.015190141275525093 -0.016330545768141747 -0.010552476160228252 -0.010151688940823078 0.015045135281980038 0.0005259073805063963 0.023972293362021446 -0.020937331020832062 0.0042603458277881145 0.011456294916570187 -0.028289884328842163 -0.0008073278586380184 0.024057805397037668 0.10895468852543505 0.21457852572522565 0.44046639216698746 0.6548710722342339 0.7521567403272699 0.8428105685185696 0.8759970754177459 0.9546170080651424 -1.0590377 -0.7529752 -0.6991151 -0.45999202 -0.16839801 -0.27370197 -0.48492718 -0.62600183 -0.88454044 -1.1701912 -0.7267668 -0.5329424 -0.2192313 0.13331012 0.04243967 -0.3544141 -0.5075395 -0.8736645
1 400 0.001082414761185646 0.002322395797818899 -0.003192136064171791 0.007036000490188599 0.0109090032055974 0.007267342414706945 0.002799822948873043 -0.0033268958795815706 0.004330040421336889 0.014993895776569843 -0.002139708958566189 -0.0033912111539393663 0.016773952171206474 -0.003053385531529784 0.018177157267928123 -0.004698365461081266 -0.020953498780727386 -0.0007521946681663394 0.007591310888528824 0.0011801329674199224 -0.011608888395130634 -0.0037042784970253706 -0.00039685724186711013 0.010822594165802002 -0.002095217118039727 -0.009867059998214245 -0.003234105184674263 -0.007812195457518101 0.007317120674997568 -0.02071068063378334 -0.0036406666040420532 -0.019163820892572403 0.015790792182087898 0.002021024702116847 -0.006541546434164047 -0.0012491006636992097 -0.004588473588228226 -0.0027924389578402042 -0.0018442925065755844 0.014174302108585835 -0.0014723539352416992 -0.006735723465681076 0.013668524101376534 -0.016721423715353012 0.008180717937648296 -0.0014551583444699645 -0.022983597591519356 0.0015010240022093058 0.015995850786566734 -0.008471070788800716 0.003920392598956823 0.006798864342272282 -0.016955314204096794 -0.0015155690489336848 0.005589677020907402 0.006590358912944794 0.006392725743353367 0.008392068557441235 -0.005219324957579374 -0.003217442659661174 0.00613434799015522 -0.013624985702335835 -0.018818488344550133 -0.0011143805459141731 -0.006151919718831778 0.016458850353956223 0.0009879909921437502 0.0032522138208150864 -0.0006840501446276903 0.002998072188347578 -0.0033628575038164854 0.003990521654486656 -0.003657883033156395 -0.010182161815464497 -0.01676134578883648 0.0014881313545629382 0.004983909428119659 0.009664039127528667 0.004907633643597364 -0.007408819627016783 -0.0062598311342298985 0.000150023857713677 0.004289564210921526 -0.015190141275525093 -0.016330545768141747 -0.010552476160228252 -0.010151688940823078 0.015045135281980038 0.0005259073805063963 0.023972293362021446 -0.020937331020832062 0.0042603458277881145 0.011456294916570187 -0.028289884328842163 -0.0008073278586380184 0.022037787495045272 0.04462798070746885 0.08317492771405065 0.29172920700199506 0.4340165459660729 0.6173532954786601 0.7762994484860667 0.8751337825875813 0.9555137223494026 -1.081934 -1.0082034 -0.8735399 -0.71834195 -0.5397152 -0.59057814 -0.7653532 -0.9169841 -1.0171949 -1.209554 -1.0670791 -0.8389664 -0.5339321 -0.1465817 -0.21059513 -0.5791819 -0.8470427 -1.0166439
2 400 0.001082414761185646 0.002322395797818899 -0.003192136064171791 0.007036000490188599 0.0109090032055974 0.007267342414706945 0.002799822948873043 -0.0033268958795815706 0.004330040421336889 0.014993895776569843 -0.002139708958566189 -0.0033912111539393663 0.016773952171206474 -0.003053385531529784 0.018177157267928123 -0.004698365461081266 -0.020953498780727386 -0.0007521946681663394 0.007591310888528824 0.0011801329674199224 -0.011608888395130634 -0.0037042784970253706 -0.00039685724186711013 0.010822594165802002 -0.002095217118039727 -0.009867059998214245 -0.003234105184674263 -0.007812195457518101 0.007317120674997568 -0.02071068063378334 -0.0036406666040420532 -0.019163820892572403 0.015790792182087898 0.002021024702116847 -0.006541546434164047 -0.0012491006636992097 -0.004588473588228226 -0.0027924389578402042 -0.0018442925065755844 0.014174302108585835 -0.0014723539352416992 -0.006735723465681076 0.013668524101376534 -0.016721423715353012 0.008180717937648296 -0.0014551583444699645 -0.022983597591519356 0.0015010240022093058 0.015995850786566734 -0.008471070788800716 0.003920392598956823 0.006798864342272282 -0.016955314204096794 -0.0015155690489336848 0.005589677020907402 0.006590358912944794 0.006392725743353367 0.008392068557441235 -0.005219324957579374 -0.003217442659661174 0.00613434799015522 -0.013624985702335835 -0.018818488344550133 -0.0011143805459141731 -0.006151919718831778 0.016458850353956223 0.0009879909921437502 0.0032522138208150864 -0.0006840501446276903 0.002998072188347578 -0.0033628575038164854 0.003990521654486656 -0.003657883033156395 -0.010182161815464497 -0.01676134578883648 0.0014881313545629382 0.004983909428119659 0.009664039127528667 0.004907633643597364 -0.007408819627016783 -0.0062598311342298985 0.000150023857713677 0.004289564210921526 -0.015190141275525093 -0.016330545768141747 -0.010552476160228252 -0.010151688940823078 0.015045135281980038 0.0005259073805063963 0.023972293362021446 -0.020937331020832062 0.0042603458277881145 0.011456294916570187 -0.028289884328842163 -0.0008073278586380184 0.012622707660933456 0.030476089498633892 0.057514250268736904 0.17982914296915584 0.23677228142856482 0.41448749159214165 0.5859185780281092 0.7520973122583828 0.8807153204040403 -1.0664761 -0.9062952 -0.78138506 -0.5576492 -0.37790057 -0.506569 -0.62368864 -0.65856963 -0.8645474 -1.1879992 -0.9552885 -0.7421799 -0.37762868 -0.09000632 -0.27943838 -0.5029898 -0.53771716 -0.7943339
0 400 0.002164829522371292 0.004644791595637798 -0.006384272128343582 0.014072000980377197 0.0218180064111948 0.01453468482941389 0.005599645897746086 -0.006653791759163141 0.008660080842673779 0.029987791553139687 -0.004279417917132378 -0.006782422307878733 0.03354790434241295 -0.006106771063059568 0.03635431453585625 -0.009396730922162533 -0.04190699756145477 -0.0015043893363326788 0.015182621777057648 0.0023602659348398447 -0.02321777679026127 -0.007408556994050741 -0.0007937144837342203 0.021645188331604004 -0.004190434236079454 -0.01973411999642849 -0.006468210369348526 -0.015624390915036201 0.014634241349995136 -0.04142136126756668 -0.0072813332080841064 -0.038327641785144806 0.031581584364175797 0.004042049404233694 -0.013083092868328094 -0.0024982013273984194 -0.009176947176456451 -0.0055848779156804085 -0.003688585013151169 0.02834860421717167 -0.0029447078704833984 -0.013471446931362152 0.027337048202753067 -0.033442847430706024 0.016361435875296593 -0.002910316688939929 -0.04596719518303871 0.0030020480044186115 0.03199170157313347 -0.016942141577601433 0.007840785197913647 0.013597728684544563 -0.03391062840819359 -0.0030311380978673697 0.011179354041814804 0.013180717825889587 0.012785451486706734 0.01678413711488247 -0.010438649915158749 -0.006434885319322348 0.01226869598031044 -0.02724997140467167 -0.037636976689100266 -0.0022287610918283463 -0.012303839437663555 0.032917700707912445 0.0019759819842875004 0.006504427641630173 -0.0013681002892553806 0.005996144376695156 -0.006725715007632971 0.007981043308973312 -0.00731576606631279 -0.020364323630928993 -0.03352269157767296 0.0029762627091258764 0.009967818856239319 0.019328078255057335 0.009815267287194729 -0.014817639254033566 -0.012519662268459797 0.000300047715427354 0.008579128421843052 -0.030380282551050186 -0.03266109153628349 -0.021104952320456505 -0.020303377881646156 0.030090270563960075 0.0010518147610127926 0.04794458672404289 -0.041874662041664124 0.008520691655576229 0.022912589833140373 -0.056579768657684326 -0.0016146557172760367 0.021420593313761963 0.08098489650401532 0.15150508343264973 0.3432176928744244 0.5247402933365878 0.6642164704164596 0.797035353599776 0.806171948371591 0.9554821975354848 -1.1558385 -0.82189333 -0.76008904 -0.53069174 -0.17869693 -0.27264413 -0.48472944 -0.57680094 -0.83772194 -1.262761 -0.8290471 -0.64225286 -0.31644535 0.29038835 0.06678052 -0.30168867 -0.42046046 -0.8282373
1 400 0.002164829522371292 0.004644791595637798 -0.006384272128343582 0.014072000980377197 0.0218180064111948 0.01453468482941389 0.005599645897746086 -0.006653791759163141 0.008660080842673779 0.029987791553139687 -0.004279417917132378 -0.006782422307878733 0.03354790434241295 -0.006106771063059568 0.03635431453585625 -0.009396730922162533 -0.04190699756145477 -0.0015043893363326788 0.015182621777057648 0.0023602659348398447 -0.02321777679026127 -0.007408556994050741 -0.0007937144837342203 0.021645188331604004 -0.004190434236079454 -0.01973411999642849 -0.006468210369348526 -0.015624390915036201 0.014634241349995136 -0.04142136126756668 -0.0072813332080841064 -0.038327641785144806 0.031581584364175797 0.004042049404233694 -0.013083092868328094 -0.0024982013273984194 -0.009176947176456451 -0.0055848779156804085 -0.003688585013151169 0.02834860421717167 -0.0029447078704833984 -0.013471446931362152 0.027337048202753067 -0.033442847430706024 0.016361435875296593 -0.002910316688939929 -0.04596719518303871 0.0030020480044186115 0.03199170157313347 -0.016942141577601433 0.007840785197913647 0.013597728684544563 -0.03391062840819359 -0.0030311380978673697 0.011179354041814804 0.013180717825889587 0.012785451486706734 0.01678413711488247 -0.010438649915158749 -0.006434885319322348 0.01226869598031044 -0.02724997140467167 -0.037636976689100266 -0.0022287610918283463 -0.012303839437663555 0.032917700707912445 0.0019759819842875004 0.006504427641630173 -0.0013681002892553806 0.005996144376695156 -0.006725715007632971 0.007981043308973312 -0.00731576606631279 -0.020364323630928993 -0.03352269157767296 0.0029762627091258764 0.009967818856239319 0.019328078255057335 0.009815267287194729 -0.014817639254033566 -0.012519662268459797 0.000300047715427354 0.008579128421843052 -0.030380282551050186 -0.03266109153628349 -0.021104952320456505 -0.020303377881646156 0.030090270563960075 0.0010518147610127926 0.04794458672404289 -0.041874662041664124 0.008520691655576229 0.022912589833140373 -0.056579768657684326 -0.0016146557172760367 0.02337437384178731 0.03324281122812268 0.05437945635479409 0.17312589120969737 0.3206815510534436 0.49449842583108383 0.7208812331984887 0.7905836698485558 0.952738910042629 -1.066599 -1.0460985 -0.91730535 -0.7829344 -0.67989373 -0.6716913 -0.74395466 -0.90832007 -1.0099938 -1.2213143 -1.1512738 -0.95122164 -0.6490666 -0.45388466 -0.42855453 -0.6569468 -0.8217636 -1.0013707
2 400 0.002164829522371292 0.004644791595637798 -0.006384272128343582 0.014072000980377197 0.0218180064111948 0.01453468482941389 0.005599645897746086 -0.006653791759163141 0.008660080842673779 0.029987791553139687 -0.004279417917132378 -0.006782422307878733 0.03354790434241295 -0.006106771063059568 0.03635431453585625 -0.009396730922162533 -0.04190699756145477 -0.0015043893363326788 0.015182621777057648 0.0023602659348398447 -0.02321777679026127 -0.007408556994050741 -0.0007937144837342203 0.021645188331604004 -0.004190434236079454 -0.01973411999642849 -0.006468210369348526 -0.015624390915036201 0.014634241349995136 -0.04142136126756668 -0.0072813332080841064 -0.038327641785144806 0.031581584364175797 0.004042049404233694 -0.013083092868328094 -0.0024982013273984194 -0.009176947176456451 -0.0055848779156804085 -0.003688585013151169 0.02834860421717167 -0.0029447078704833984 -0.013471446931362152 0.027337048202753067 -0.033442847430706024 0.016361435875296593 -0.002910316688939929 -0.04596719518303871 0.0030020480044186115 0.03199170157313347 -0.016942141577601433 0.007840785197913647 0.013597728684544563 -0.03391062840819359 -0.0030311380978673697 0.011179354041814804 0.013180717825889587 0.012785451486706734 0.01678413711488247 -0.010438649915158749 -0.006434885319322348 0.01226869598031044 -0.02724997140467167 -0.037636976689100266 -0.0022287610918283463 -0.012303839437663555 0.032917700707912445 0.0019759819842875004 0.006504427641630173 -0.0013681002892553806 0.005996144376695156 -0.006725715007632971 0.007981043308973312 -0.00731576606631279 -0.020364323630928993 -0.03352269157767296 0.0029762627091258764 0.009967818856239319 0.019328078255057335 0.009815267287194729 -0.014817639254033566 -0.012519662268459797 0.000300047715427354 0.008579128421843052 -0.030380282551050186 -0.03266109153628349 -0.021104952320456505 -0.020303377881646156 0.030090270563960075 0.0010518147610127926 0.04794458672404289 -0.041874662041664124 0.008520691655576229 0.022912589833140373 -0.056579768657684326 -0.0016146557172760367 0.007190291701848656 0.02008856643590022 0.03035399602164232 0.1544943244947179 0.24967217276728806 0.33625071550312896 0.6167757385304515 0.7626937585773247 0.8572315288323356 -1.1368093 -0.9434123 -0.8668281 -0.59743214 -0.36161008 -0.5312307 -0.5882236 -0.6923679 -0.90650284 -1.3520086 -1.0302461 -0.8865555 -0.44973367 -0.15477695 -0.3605598 -0.48329407 -0.6113159 -0.8910766
0 400 0.003247244516387582 0.0069671873934566975 -0.009576408192515373 0.021108001470565796 0.03272701054811478 0.021802028641104698 0.00839946884661913 -0.009980687871575356 0.01299012079834938 0.044981688261032104 -0.006419127341359854 -0.010173633694648743 0.050321854650974274 -0.009160156361758709 0.05453146994113922 -0.014095095917582512 -0.06286049634218216 -0.00225658412091434 0.02277393266558647 0.003540399018675089 -0.03482666611671448 -0.011112836189568043 -0.0011905716964975 0.032467782497406006 -0.006285651586949825 -0.02960118092596531 -0.009702315554022789 -0.023436587303876877 0.02195136249065399 -0.06213204190135002 -0.01092199981212616 -0.05749146267771721 0.047372378408908844 0.0060630738735198975 -0.01962463930249214 -0.003747302107512951 -0.013765421696007252 -0.0083773173391819 -0.005532877519726753 0.04252290725708008 -0.004417061805725098 -0.020207170397043228 0.04100557416677475 -0.050164271146059036 0.024542152881622314 -0.004365474916994572 -0.06895079463720322 0.004503072239458561 0.047987550497055054 -0.025413213297724724 0.011761177331209183 0.02039659395813942 -0.05086594447493553 -0.00454670749604702 0.016769031062722206 0.01977107673883438 0.019178178161382675 0.02517620660364628 -0.015657974407076836 -0.009652328677475452 0.01840304397046566 -0.04087495803833008 -0.05645546317100525 -0.003343141870573163 -0.018455758690834045 0.04937655106186867 0.0029639729764312506 0.009756641462445259 -0.002052150433883071 0.008994217030704021 -0.010088573209941387 0.011971565894782543 -0.010973649099469185 -0.030546486377716064 -0.05028403922915459 0.004464393947273493 0.014951729215681553 0.028992116451263428 0.01472290139645338 -0.02222645841538906 -0.018779493868350983 0.0004500715876929462 0.012868693098425865 -0.04557042568922043 -0.04899163916707039 -0.03165742754936218 -0.03045506775379181 0.04513540491461754 0.0015777222579345107 0.07191687822341919 -0.06281199306249619 0.012781037017703056 0.034368887543678284 -0.08486965298652649 -0.002421983750537038 0.030383013217811495 0.07070503760311583 0.07756880227654776 0.26360025963434996 0.4318725399065734 0.5944899214934024 0.7000080443353026 0.8446831056201906 0.9662583941069421 -1.1706887 -0.83098346 -0.84729016 -0.55977917 -0.13677019 -0.2947357 -0.47849846 -0.54438984 -0.78359246 -1.2695969 -0.8556961 -0.81057316 -0.38398558 0.3860888 0.04205562 -0.23780216 -0.4054435 -0.7952395
1 400 0.003247244516387582 0.0069671873934566975 -0.009576408192515373 0.021108001470565796 0.03272701054811478 0.021802028641104698 0.00839946884661913 -0.009980687871575356 0.01299012079834938 0.044981688261032104 -0.006419127341359854 -0.010173633694648743 0.050321854650974274 -0.009160156361758709 0.05453146994113922 -0.014095095917582512 -0.06286049634218216 -0.00225658412091434 0.02277393266558647 0.003540399018675089 -0.03482666611671448 -0.011112836189568043 -0.0011905716964975 0.032467782497406006 -0.006285651586949825 -0.02960118092596531 -0.009702315554022789 -0.023436587303876877 0.02195136249065399 -0.06213204190135002 -0.01092199981212616 -0.05749146267771721 0.047372378408908844 0.0060630738735198975 -0.01962463930249214 -0.003747302107512951 -0.013765421696007252 -0.0083773173391819 -0.005532877519726753 0.04252290725708008 -0.004417061805725098 -0.020207170397043228 0.04100557416677475 -0.050164271146059036 0.024542152881622314 -0.004365474916994572 -0.06895079463720322 0.004503072239458561 0.047987550497055054 -0.025413213297724724 0.011761177331209183 0.02039659395813942 -0.05086594447493553 -0.00454670749604702 0.016769031062722206 0.01977107673883438 0.019178178161382675 0.02517620660364628 -0.015657974407076836 -0.009652328677475452 0.01840304397046566 -0.04087495803833008 -0.05645546317100525 -0.003343141870573163 -0.018455758690834045 0.04937655106186867 0.0029639729764312506 0.009756641462445259 -0.002052150433883071 0.008994217030704021 -0.010088573209941387 0.011971565894782543 -0.010973649099469185 -0.030546486377716064 -0.05028403922915459 0.004464393947273493 0.014951729215681553 0.028992116451263428 0.01472290139645338 -0.02222645841538906 -0.018779493868350983 0.0004500715876929462 0.012868693098425865 -0.04557042568922043 -0.04899163916707039 -0.03165742754936218 -0.03045506775379181 0.04513540491461754 0.0015777222579345107 0.07191687822341919 -0.06281199306249619 0.012781037017703056 0.034368887543678284 -0.08486965298652649 -0.002421983750537038 0.032289086254603826 0.0206195492431119 0.03581918569506251 0.11632646461571589 0.21725120997149108 0.37032853901235224 0.7190098251768354 0.6237366725264765 0.8798694010986452 -1.0348582 -1.083373 -0.9808823 -0.7793294 -0.7880584 -0.7852529 -0.7493206 -0.85122406 -1.0593816 -1.2227286 -1.2658523 -1.071267 -0.7049402 -0.7253497 -0.69388425 -0.7254444 -0.7317201 -0.97168654
2 400 0.003247244516387582 0.0069671873934566975 -0.009576408192515373 0.021108001470565796 0.03272701054811478 0.021802028641104698 0.00839946884661913 -0.009980687871575356 0.01299012079834938 0.044981688261032104 -0.006419127341359854 -0.010173633694648743 0.050321854650974274 -0.009160156361758709 0.05453146994113922 -0.014095095917582512 -0.06286049634218216 -0.00225658412091434 0.02277393266558647 0.003540399018675089 -0.03482666611671448 -0.011112836189568043 -0.0011905716964975 0.032467782497406006 -0.006285651586949825 -0.02960118092596531 -0.009702315554022789 -0.023436587303876877 0.02195136249065399 -0.06213204190135002 -0.01092199981212616 -0.05749146267771721 0.047372378408908844 0.0060630738735198975 -0.01962463930249214 -0.003747302107512951 -0.013765421696007252 -0.0083773173391819 -0.005532877519726753 0.04252290725708008 -0.004417061805725098 -0.020207170397043228 0.04100557416677475 -0.050164271146059036 0.024542152881622314 -0.004365474916994572 -0.06895079463720322 0.004503072239458561 0.047987550497055054 -0.025413213297724724 0.011761177331209183 0.02039659395813942 -0.05086594447493553 -0.00454670749604702 0.016769031062722206 0.01977107673883438 0.019178178161382675 0.02517620660364628 -0.015657974407076836 -0.009652328677475452 0.01840304397046566 -0.04087495803833008 -0.05645546317100525 -0.003343141870573163 -0.018455758690834045 0.04937655106186867 0.0029639729764312506 0.009756641462445259 -0.002052150433883071 0.008994217030704021 -0.010088573209941387 0.011971565894782543 -0.010973649099469185 -0.030546486377716064 -0.05028403922915459 0.004464393947273493 0.014951729215681553 0.028992116451263428 0.01472290139645338 -0.02222645841538906 -0.018779493868350983 0.0004500715876929462 0.012868693098425865 -0.04557042568922043 -0.04899163916707039 -0.03165742754936218 -0.03045506775379181 0.04513540491461754 0.0015777222579345107 0.07191687822341919 -0.06281199306249619 0.012781037017703056 0.034368887543678284 -0.08486965298652649 -0.002421983750537038 0.004489695198637636 0.01615861160601352 0.020786449097646053 0.12927526769198297 0.20821274722664987 0.2759766209342375 0.5700725192769492 0.7670388489179689 0.8743047312985222 -1.1842724 -0.9817699 -0.9380201 -0.63215476 -0.31956077 -0.5478542 -0.5524988 -0.94317687 -1.0068204 -1.4735948 -1.112494 -1.0139251 -0.51765454 -0.17542851 -0.40623337 -0.491314 -0.6757573 -1.0554997
0 400 0.004329659044742584 0.009289583191275597 -0.012768544256687164 0.028144001960754395 0.0436360128223896 0.02906936965882778 0.011199291795492172 -0.013307583518326283 0.017320161685347557 0.05997558310627937 -0.008558835834264755 -0.013564844615757465 0.0670958086848259 -0.012213542126119137 0.0727086290717125 -0.018793461844325066 -0.08381399512290955 -0.0030087786726653576 0.030365243554115295 0.004720531869679689 -0.04643555358052254 -0.014817113988101482 -0.0015874289674684405 0.04329037666320801 -0.008380868472158909 -0.03946823999285698 -0.012936420738697052 -0.031248781830072403 0.029268482699990273 -0.08284272253513336 -0.014562666416168213 -0.07665528357028961 0.06316316872835159 0.008084098808467388 -0.02616618573665619 -0.004996402654796839 -0.018353894352912903 -0.011169755831360817 -0.007377170026302338 0.05669720843434334 -0.005889415740966797 -0.026942893862724304 0.054674096405506134 -0.06688569486141205 0.032722871750593185 -0.005820633377879858 -0.09193439036607742 0.006004096008837223 0.06398340314626694 -0.033884283155202866 0.015681570395827293 0.027195457369089127 -0.06782125681638718 -0.006062276195734739 0.022358708083629608 0.026361435651779175 0.025570902973413467 0.03356827422976494 -0.020877299830317497 -0.012869770638644695 0.02453739196062088 -0.05449994280934334 -0.07527395337820053 -0.0044575221836566925 -0.02460767887532711 0.06583540141582489 0.003951963968575001 0.013008855283260345 -0.0027362005785107613 0.011992288753390312 -0.013451430015265942 0.015962086617946625 -0.01463153213262558 -0.040728647261857986 -0.06704538315534592 0.005952525418251753 0.019935637712478638 0.03865615651011467 0.019630534574389458 -0.02963527850806713 -0.025039324536919594 0.000600095430854708 0.017158256843686104 -0.06076056510210037 -0.06532218307256699 -0.04220990464091301 -0.04060675576329231 0.06018054112792015 0.002103629522025585 0.09588917344808578 -0.08374932408332825 0.017041383311152458 0.045825179666280746 -0.11315953731536865 -0.0032293114345520735 0.038912864139189964 0.05327171298742879 0.04510320120479834 0.24542786228223293 0.3121752782542435 0.43285478516519943 0.5452742069607645 0.8864338545426317 0.9735279333189824 -1.2295246 -0.95090294 -0.9377334 -0.59386206 -0.19236043 -0.37298998 -0.5540702 -0.50796735 -0.7639397 -1.3214481 -1.0241395 -0.96089244 -0.46756965 0.2851495 -0.060511887 -0.33608764 -0.4058969 -0.81709486
1 400 0.004329659044742584 0.009289583191275597 -0.012768544256687164 0.028144001960754395 0.0436360128223896 0.02906936965882778 0.011199291795492172 -0.013307583518326283 0.017320161685347557 0.05997558310627937 -0.008558835834264755 -0.013564844615757465 0.0670958086848259 -0.012213542126119137 0.0727086290717125 -0.018793461844325066 -0.08381399512290955 -0.0030087786726653576 0.030365243554115295 0.004720531869679689 -0.04643555358052254 -0.014817113988101482 -0.0015874289674684405 0.04329037666320801 -0.008380868472158909 -0.03946823999285698 -0.012936420738697052 -0.031248781830072403 0.029268482699990273 -0.08284272253513336 -0.014562666416168213 -0.07665528357028961 0.06316316872835159 0.008084098808467388 -0.02616618573665619 -0.004996402654796839 -0.018353894352912903 -0.011169755831360817 -0.007377170026302338 0.05669720843434334 -0.005889415740966797 -0.026942893862724304 0.054674096405506134 -0.06688569486141205 0.032722871750593185 -0.005820633377879858 -0.09193439036607742 0.006004096008837223 0.06398340314626694 -0.033884283155202866 0.015681570395827293 0.027195457369089127 -0.06782125681638718 -0.006062276195734739 0.022358708083629608 0.026361435651779175 0.025570902973413467 0.03356827422976494 -0.020877299830317497 -0.012869770638644695 0.02453739196062088 -0.05449994280934334 -0.07527395337820053 -0.0044575221836566925 -0.02460767887532711 0.06583540141582489 0.003951963968575001 0.013008855283260345 -0.0027362005785107613 0.011992288753390312 -0.013451430015265942 0.015962086617946625 -0.01463153213262558 -0.040728647261857986 -0.06704538315534592 0.005952525418251753 0.019935637712478638 0.03865615651011467 0.019630534574389458 -0.02963527850806713 -0.025039324536919594 0.000600095430854708 0.017158256843686104 -0.06076056510210037 -0.06532218307256699 -0.04220990464091301 -0.04060675576329231 0.06018054112792015 0.002103629522025585 0.09588917344808578 -0.08374932408332825 0.017041383311152458 0.045825179666280746 -0.11315953731536865 -0.0032293114345520735 0.02779199008349768 0.01350471534767337 0.023511402237235343 0.07999273747576933 0.15807866259315093 0.2820303286370013 0.7002111207219465 0.48283940565787137 0.847285304830599 -1.0064006 -1.1102866 -1.053161 -0.81036925 -0.87956643 -0.9164828 -0.6532254 -0.74832976 -1.1012379 -1.2600942 -1.3604457 -1.2020705 -0.79583603 -0.884697 -0.9272306 -0.67947644 -0.6036719 -1.0243231
2 400 0.004329659044742584 0.009289583191275597 -0.012768544256687164 0.028144001960754395 0.0436360128223896 0.02906936965882778 0.011199291795492172 -0.013307583518326283 0.017320161685347557 0.05997558310627937 -0.008558835834264755 -0.013564844615757465 0.0670958086848259 -0.012213542126119137 0.0727086290717125 -0.018793461844325066 -0.08381399512290955 -0.0030087786726653576 0.030365243554115295 0.004720531869679689 -0.04643555358052254 -0.014817113988101482 -0.0015874289674684405 0.04329037666320801 -0.008380868472158909 -0.03946823999285698 -0.012936420738697052 -0.031248781830072403 0.029268482699990273 -0.08284272253513336 -0.014562666416168213 -0.07665528357028961 0.06316316872835159 0.008084098808467388 -0.02616618573665619 -0.004996402654796839 -0.018353894352912903 -0.011169755831360817 -0.007377170026302338 0.05669720843434334 -0.005889415740966797 -0.026942893862724304 0.054674096405506134 -0.06688569486141205 0.032722871750593185 -0.005820633377879858 -0.09193439036607742 0.006004096008837223 0.06398340314626694 -0.033884283155202866 0.015681570395827293 0.027195457369089127 -0.06782125681638718 -0.006062276195734739 0.022358708083629608 0.026361435651779175 0.025570902973413467 0.03356827422976494 -0.020877299830317497 -0.012869770638644695 0.02453739196062088 -0.05449994280934334 -0.07527395337820053 -0.0044575221836566925 -0.02460767887532711 0.06583540141582489 0.003951963968575001 0.013008855283260345 -0.0027362005785107613 0.011992288753390312 -0.013451430015265942 0.015962086617946625 -0.01463153213262558 -0.040728647261857986 -0.06704538315534592 0.005952525418251753 0.019935637712478638 0.03865615651011467 0.019630534574389458 -0.02963527850806713 -0.025039324536919594 0.000600095430854708 0.017158256843686104 -0.06076056510210037 -0.06532218307256699 -0.04220990464091301 -0.04060675576329231 0.06018054112792015 0.002103629522025585 0.09588917344808578 -0.08374932408332825 0.017041383311152458 0.045825179666280746 -0.11315953731536865 -0.0032293114345520735 0.003404244355512901 0.012812839115445663 0.014482609035299703 0.10914558059574908 0.16590056275530973 0.2565604587022346 0.5079792469063155 0.7714781260694079 0.8440112308342003 -1.1703907 -1.0806475 -0.9884672 -0.6663469 -0.328823 -0.5541441 -0.5061331 -0.7284622 -1.0050592 -1.5115207 -1.2568998 -1.1115851 -0.586319 -0.25841337 -0.44976956 -0.48690194 -0.6983468 -1.0162014
0 400 0.00541207380592823 0.011611978523433208 -0.015960680320858955 0.03518000245094299 0.05454501509666443 0.036336712539196014 0.013999114744365215 -0.01663447916507721 0.021650200709700584 0.07496947795152664 -0.010698544792830944 -0.016956055536866188 0.08386975526809692 -0.01526692695915699 0.09088578075170517 -0.02349182590842247 -0.10476749390363693 -0.003760973224416375 0.03795655444264412 0.00590066472068429 -0.0580444410443306 -0.018521392717957497 -0.0019842861220240593 0.05411297082901001 -0.010476085357367992 -0.0493353009223938 -0.016170525923371315 -0.03906097635626793 0.03658560290932655 -0.1035533994436264 -0.018203333020210266 -0.09581910073757172 0.07895395904779434 0.010105122812092304 -0.032707732170820236 -0.006245503202080727 -0.02294236794114113 -0.013962194323539734 -0.009221462532877922 0.0708715096116066 -0.007361769676208496 -0.03367861732840538 0.06834261864423752 -0.08360711485147476 0.04090358689427376 -0.007275791373103857 -0.11491798609495163 0.007505119778215885 0.07997924834489822 -0.04235535487532616 0.019601961597800255 0.033994320780038834 -0.08477657288312912 -0.007577845361083746 0.02794838510453701 0.03295179456472397 0.03196362778544426 0.04196034371852875 -0.02609662339091301 -0.016087213531136513 0.0306717399507761 -0.0681249275803566 -0.09409243613481522 -0.005571902729570866 -0.030759597197175026 0.08229424804449081 0.004939954727888107 0.016261069104075432 -0.0034202507231384516 0.014990360476076603 -0.01681428775191307 0.01995260827243328 -0.018289415165781975 -0.05091080814599991 -0.08380673080682755 0.007440656423568726 0.024919547140598297 0.04832019284367561 0.02453816868364811 -0.03704409673810005 -0.031299155205488205 0.0007501192740164697 0.021447820588946342 -0.07595070451498032 -0.08165273070335388 -0.05276237800717354 -0.050758443772792816 0.07522567361593246 0.0026295369025319815 0.11986146122217178 -0.10468665510416031 0.02130172774195671 0.05728147551417351 -0.14144942164421082 -0.004036639351397753 0.026566027945891826 0.029488688300973964 0.023291068161807104 0.20224056077811745 0.22509715801893437 0.2222307820732629 0.48735799131034196 0.8903305001633328 0.967551484962199 -1.2864802 -1.1349581 -0.9961839 -0.6093142 -0.26090983 -0.44260007 -0.61773765 -0.68528855 -0.74332696 -1.4666663 -1.2840096 -1.0734266 -0.5219383 0.14293836 -0.15375796 -0.46412855 -0.4724822 -0.8122589
1 400 0.00541207380592823 0.011611978523433208 -0.015960680320858955 0.03518000245094299 0.05454501509666443 0.036336712539196014 0.013999114744365215 -0.01663447916507721 0.021650200709700584 0.07496947795152664 -0.010698544792830944 -0.016956055536866188 0.08386975526809692 -0.01526692695915699 0.09088578075170517 -0.02349182590842247 -0.10476749390363693 -0.003760973224416375 0.03795655444264412 0.00590066472068429 -0.0580444410443306 -0.018521392717957497 -0.0019842861220240593 0.05411297082901001 -0.010476085357367992 -0.0493353009223938 -0.016170525923371315 -0.03906097635626793 0.03658560290932655 -0.1035533994436264 -0.018203333020210266 -0.09581910073757172 0.07895395904779434 0.010105122812092304 -0.032707732170820236 -0.006245503202080727 -0.02294236794114113 -0.013962194323539734 -0.009221462532877922 0.0708715096116066 -0.007361769676208496 -0.03367861732840538 0.06834261864423752 -0.08360711485147476 0.04090358689427376 -0.007275791373103857 -0.11491798609495163 0.007505119778215885 0.07997924834489822 -0.04235535487532616 0.019601961597800255 0.033994320780038834 -0.08477657288312912 -0.007577845361083746 0.02794838510453701 0.03295179456472397 0.03196362778544426 0.04196034371852875 -0.02609662339091301 -0.016087213531136513 0.0306717399507761 -0.0681249275803566 -0.09409243613481522 -0.005571902729570866 -0.030759597197175026 0.08229424804449081 0.004939954727888107 0.016261069104075432 -0.0034202507231384516 0.014990360476076603 -0.01681428775191307 0.01995260827243328 -0.018289415165781975 -0.05091080814599991 -0.08380673080682755 0.007440656423568726 0.024919547140598297 0.04832019284367561 0.02453816868364811 -0.03704409673810005 -0.031299155205488205 0.0007501192740164697 0.021447820588946342 -0.07595070451498032 -0.08165273070335388 -0.05276237800717354 -0.050758443772792816 0.07522567361593246 0.0026295369025319815 0.11986146122217178 -0.10468665510416031 0.02130172774195671 0.05728147551417351 -0.14144942164421082 -0.004036639351397753 0.018854318769923713 0.0096901792304635 0.01666621209430768 0.04991673055164248 0.11348405036941332 0.20986341603757655 0.6863157771583411 0.39678547594179936 0.6899514858533082 -1.0250922 -1.1792494 -1.154421 -0.9254308 -0.9304066 -1.0532039 -0.54070675 -0.7370281 -1.1965474 -1.3692956 -1.5008087 -1.3690051 -0.9813606 -0.9975923 -1.1245575 -0.62080866 -0.63800436 -1.1248367
2 400 0.00541207380592823 0.011611978523433208 -0.015960680320858955 0.03518000245094299 0.05454501509666443 0.036336712539196014 0.013999114744365215 -0.01663447916507721 0.021650200709700584 0.07496947795152664 -0.010698544792830944 -0.016956055536866188 0.08386975526809692 -0.01526692695915699 0.09088578075170517 -0.02349182590842247 -0.10476749390363693 -0.003760973224416375 0.03795655444264412 0.00590066472068429 -0.0580444410443306 -0.018521392717957497 -0.0019842861220240593 0.05411297082901001 -0.010476085357367992 -0.0493353009223938 -0.016170525923371315 -0.03906097635626793 0.03658560290932655 -0.1035533994436264 -0.018203333020210266 -0.09581910073757172 0.07895395904779434 0.010105122812092304 -0.032707732170820236 -0.006245503202080727 -0.02294236794114113 -0.013962194323539734 -0.009221462532877922 0.0708715096116066 -0.007361769676208496 -0.03367861732840538 0.06834261864423752 -0.08360711485147476 0.04090358689427376 -0.007275791373103857 -0.11491798609495163 0.007505119778215885 0.07997924834489822 -0.04235535487532616 0.019601961597800255 0.033994320780038834 -0.08477657288312912 -0.007577845361083746 0.02794838510453701 0.03295179456472397 0.03196362778544426 0.04196034371852875 -0.02609662339091301 -0.016087213531136513 0.0306717399507761 -0.0681249275803566 -0.09409243613481522 -0.005571902729570866 -0.030759597197175026 0.08229424804449081 0.004939954727888107 0.016261069104075432 -0.0034202507231384516 0.014990360476076603 -0.01681428775191307 0.01995260827243328 -0.018289415165781975 -0.05091080814599991 -0.08380673080682755 0.007440656423568726 0.024919547140598297 0.04832019284367561 0.02453816868364811 -0.03704409673810005 -0.031299155205488205 0.0007501192740164697 0.021447820588946342 -0.07595070451498032 -0.08165273070335388 -0.05276237800717354 -0.050758443772792816 0.07522567361593246 0.0026295369025319815 0.11986146122217178 -0.10468665510416031 0.02130172774195671 0.05728147551417351 -0.14144942164421082 -0.004036639351397753 0.0026560806032272905 0.010549200359151852 0.010081102915976248 0.09675824768519095 0.12971725728688155 0.22395620558543883 0.4874519563693551 0.7527677160896632 0.7669433697989022 -1.1260165 -1.1333219 -1.0388619 -0.6993604 -0.32353866 -0.59350336 -0.5305652 -0.70363235 -0.9797745 -1.5200032 -1.3472004 -1.2091628 -0.659069 -0.31994677 -0.5362171 -0.54631865 -0.73709154 -0.97442794
0 400 0.006494489032775164 0.013934374786913395 -0.019152816385030746 0.04221600294113159 0.06545402109622955 0.043604057282209396 0.01679893769323826 -0.01996137574315071 0.02598024159669876 0.08996337652206421 -0.012838254682719707 -0.020347267389297485 0.10064370930194855 -0.018320312723517418 0.10906293988227844 -0.028190191835165024 -0.12572099268436432 -0.00451316824182868 0.04554786533117294 0.007080798037350178 -0.06965333223342896 -0.022225672379136086 -0.002381143392995 0.06493556499481201 -0.01257130317389965 -0.05920236185193062 -0.019404631108045578 -0.046873174607753754 0.04390272498130798 -0.12426408380270004 -0.02184399962425232 -0.11498292535543442 0.09474475681781769 0.012126147747039795 -0.03924927860498428 -0.007494604215025902 -0.027530843392014503 -0.0167546346783638 -0.011065755039453506 0.08504581451416016 -0.008834123611450195 -0.040414340794086456 0.0820111483335495 -0.10032854229211807 0.04908430576324463 -0.008730949833989143 -0.13790158927440643 0.009006144478917122 0.09597510099411011 -0.05082642659544945 0.023522354662418365 0.04079318791627884 -0.10173188894987106 -0.00909341499209404 0.03353806212544441 0.03954215347766876 0.03835635632276535 0.05035241320729256 -0.03131594881415367 -0.019304657354950905 0.03680608794093132 -0.08174991607666016 -0.1129109263420105 -0.006686283741146326 -0.03691151738166809 0.09875310212373734 0.005927945952862501 0.019513282924890518 -0.004104300867766142 0.017988434061408043 -0.020177146419882774 0.023943131789565086 -0.02194729819893837 -0.06109297275543213 -0.10056807845830917 0.008928787894546986 0.029903458431363106 0.057984232902526855 0.02944580279290676 -0.04445291683077812 -0.037558987736701965 0.0009001431753858924 0.02573738619685173 -0.09114085137844086 -0.09798327833414078 -0.06331485509872437 -0.06091013550758362 0.09027080982923508 0.0031554445158690214 0.14383375644683838 -0.12562398612499237 0.025562074035406113 0.06873777508735657 -0.16973930597305298 -0.004843967501074076 0.01663320385807793 0.020136153160860783 0.01941695220572441 0.1594929450211311 0.19888395966808037 0.17332400520512858 0.5196375685350912 0.8235869678870507 0.8658045063674801 -1.2251056 -1.2785172 -1.042692 -0.63783526 -0.29087704 -0.47614533 -0.6926522 -0.45305339 -0.7124716 -1.483748 -1.4938668 -1.1670017 -0.58778054 0.038958535 -0.22580785 -0.6060375 -0.39998078 -0.7036805
1 400 0.006494489032775164 0.013934374786913395 -0.019152816385030746 0.04221600294113159 0.06545402109622955 0.043604057282209396 0.01679893769323826 -0.01996137574315071 0.02598024159669876 0.08996337652206421 -0.012838254682719707 -0.020347267389297485 0.10064370930194855 -0.018320312723517418 0.10906293988227844 -0.028190191835165024 -0.12572099268436432 -0.00451316824182868 0.04554786533117294 0.007080798037350178 -0.06965333223342896 -0.022225672379136086 -0.002381143392995 0.06493556499481201 -0.01257130317389965 -0.05920236185193062 -0.019404631108045578 -0.046873174607753754 0.04390272498130798 -0.12426408380270004 -0.02184399962425232 -0.11498292535543442 0.09474475681781769 0.012126147747039795 -0.03924927860498428 -0.007494604215025902 -0.027530843392014503 -0.0167546346783638 -0.011065755039453506 0.08504581451416016 -0.008834123611450195 -0.040414340794086456 0.0820111483335495 -0.10032854229211807 0.04908430576324463 -0.008730949833989143 -0.13790158927440643 0.009006144478917122 0.09597510099411011 -0.05082642659544945 0.023522354662418365 0.04079318791627884 -0.10173188894987106 -0.00909341499209404 0.03353806212544441 0.03954215347766876 0.03835635632276535 0.05035241320729256 -0.03131594881415367 -0.019304657354950905 0.03680608794093132 -0.08174991607666016 -0.1129109263420105 -0.006686283741146326 -0.03691151738166809 0.09875310212373734 0.005927945952862501 0.019513282924890518 -0.004104300867766142 0.017988434061408043 -0.020177146419882774 0.023943131789565086 -0.02194729819893837 -0.06109297275543213 -0.10056807845830917 0.008928787894546986 0.029903458431363106 0.057984232902526855 0.02944580279290676 -0.04445291683077812 -0.037558987736701965 0.0009001431753858924 0.02573738619685173 -0.09114085137844086 -0.09798327833414078 -0.06331485509872437 -0.06091013550758362 0.09027080982923508 0.0031554445158690214 0.14383375644683838 -0.12562398612499237 0.025562074035406113 0.06873777508735657 -0.16973930597305298 -0.004843967501074076 0.011065374963339699 0.008461206505611185 0.012101931293619193 0.03436104685425707 0.08759109941792269 0.16033348170304781 0.6413302739580715 0.11625849513870153 0.41254743791839754 -1.1496291 -1.3060801 -1.2328756 -1.0648496 -0.9825158 -1.1881475 -0.4409032 -0.8597851 -1.3144672 -1.5967458 -1.6947668 -1.5094147 -1.1900046 -1.1035764 -1.316314 -0.5625178 -0.826778 -1.3098019
2 400 0.006494489032775164 0.013934374786913395 -0.019152816385030746 0.04221600294113159 0.06545402109622955 0.043604057282209396 0.01679893769323826 -0.01996137574315071 0.02598024159669876 0.08996337652206421 -0.012838254682719707 -0.020347267389297485 0.10064370930194855 -0.018320312723517418 0.10906293988227844 -0.028190191835165024 -0.12572099268436432 -0.00451316824182868 0.04554786533117294 0.007080798037350178 -0.06965333223342896 -0.022225672379136086 -0.002381143392995 0.06493556499481201 -0.01257130317389965 -0.05920236185193062 -0.019404631108045578 -0.046873174607753754 0.04390272498130798 -0.12426408380270004 -0.02184399962425232 -0.11498292535543442 0.09474475681781769 0.012126147747039795 -0.03924927860498428 -0.007494604215025902 -0.027530843392014503 -0.0167546346783638 -0.011065755039453506 0.08504581451416016 -0.008834123611450195 -0.040414340794086456 0.0820111483335495 -0.10032854229211807 0.04908430576324463 -0.008730949833989143 -0.13790158927440643 0.009006144478917122 0.09597510099411011 -0.05082642659544945 0.023522354662418365 0.04079318791627884 -0.10173188894987106 -0.00909341499209404 0.03353806212544441 0.03954215347766876 0.03835635632276535 0.05035241320729256 -0.03131594881415367 -0.019304657354950905 0.03680608794093132 -0.08174991607666016 -0.1129109263420105 -0.006686283741146326 -0.03691151738166809 0.09875310212373734 0.005927945952862501 0.019513282924890518 -0.004104300867766142 0.017988434061408043 -0.020177146419882774 0.023943131789565086 -0.02194729819893837 -0.06109297275543213 -0.10056807845830917 0.008928787894546986 0.029903458431363106 0.057984232902526855 0.02944580279290676 -0.04445291683077812 -0.037558987736701965 0.0009001431753858924 0.02573738619685173 -0.09114085137844086 -0.09798327833414078 -0.06331485509872437 -0.06091013550758362 0.09027080982923508 0.0031554445158690214 0.14383375644683838 -0.12562398612499237 0.025562074035406113 0.06873777508735657 -0.16973930597305298 -0.004843967501074076 0.002003359882987349 0.0077678717736962555 0.00698851410152604 0.08304108053759521 0.09187604738550323 0.17455664618500683 0.43269309231922265 0.7614809176641487 0.6064031546292955 -1.0748669 -1.1834517 -1.0894864 -0.7424315 -0.29983866 -0.654387 -0.599432 -0.70843697 -0.93486416 -1.5237471 -1.4429138 -1.3071997 -0.7448929 -0.35568902 -0.66163164 -0.6727049 -0.7395984 -0.9373554
0 400 0.007576903328299522 0.016256770119071007 -0.022344952449202538 0.04925200343132019 0.07636301964521408 0.05087139829993248 0.019598759710788727 -0.023288270458579063 0.03031028062105179 0.10495726764202118 -0.014977962709963322 -0.023738477379083633 0.11741765588521957 -0.021373696625232697 0.12724009156227112 -0.03288855403661728 -0.1466744840145111 -0.005265362560749054 0.05313917621970177 0.008260930888354778 -0.08126221597194672 -0.025929950177669525 -0.002778000431135297 0.07575815916061401 -0.01466651912778616 -0.06906942278146744 -0.02263873629271984 -0.05468536540865898 0.051219843327999115 -0.1449747532606125 -0.025484666228294373 -0.13414673507213593 0.11053553968667984 0.014147171750664711 -0.04579082503914833 -0.008743704296648502 -0.03211931511759758 -0.019547071307897568 -0.012910047546029091 0.09922011196613312 -0.010306477546691895 -0.04715006425976753 0.09567966312170029 -0.11704996228218079 0.0572650209069252 -0.010186107829213142 -0.16088518500328064 0.01050716731697321 0.1119709461927414 -0.05929749459028244 0.027442745864391327 0.04759204760193825 -0.11868719756603241 -0.010608983226120472 0.039127737283706665 0.046132512390613556 0.044749077409505844 0.05874447897076607 -0.036535270512104034 -0.022522099316120148 0.04294043406844139 -0.09537489712238312 -0.13172940909862518 -0.007800663821399212 -0.043063435703516006 0.11521194875240326 0.006915936712175608 0.022765496745705605 -0.0047883507795631886 0.02098650485277176 -0.02354000322520733 0.027933651581406593 -0.025605181232094765 -0.07127512991428375 -0.1173294186592102 0.010416918434202671 0.034887365996837616 0.0676482692360878 0.034353435039520264 -0.051861733198165894 -0.04381881654262543 0.0010501670185476542 0.03002694807946682 -0.1063309833407402 -0.11431381851434708 -0.0738673284649849 -0.07106181979179382 0.10531593859195709 0.003681351663544774 0.16780604422092438 -0.14656130969524384 0.029822418466210365 0.08019406348466873 -0.19802919030189514 -0.005651295185089111 0.011526644592809268 0.014766423240893728 0.015723753686304444 0.12156495213574778 0.17511824426163994 0.16026376418464594 0.6066116455498484 0.723758219205842 0.7378029358435461 -1.152351 -1.2952261 -1.1037095 -0.68827903 -0.3192054 -0.5137902 -0.74240327 -0.43957922 -0.7102525 -1.4968562 -1.5526736 -1.2747388 -0.677086 -0.06267469 -0.3034467 -0.7166652 -0.39453804 -0.6822129
1 400 0.007576903328299522 0.016256770119071007 -0.022344952449202538 0.04925200343132019 0.07636301964521408 0.05087139829993248 0.019598759710788727 -0.023288270458579063 0.03031028062105179 0.10495726764202118 -0.014977962709963322 -0.023738477379083633 0.11741765588521957 -0.021373696625232697 0.12724009156227112 -0.03288855403661728 -0.1466744840145111 -0.005265362560749054 0.05313917621970177 0.008260930888354778 -0.08126221597194672 -0.025929950177669525 -0.002778000431135297 0.07575815916061401 -0.01466651912778616 -0.06906942278146744 -0.02263873629271984 -0.05468536540865898 0.051219843327999115 -0.1449747532606125 -0.025484666228294373 -0.13414673507213593 0.11053553968667984 0.014147171750664711 -0.04579082503914833 -0.008743704296648502 -0.03211931511759758 -0.019547071307897568 -0.012910047546029091 0.09922011196613312 -0.010306477546691895 -0.04715006425976753 0.09567966312170029 -0.11704996228218079 0.0572650209069252 -0.010186107829213142 -0.16088518500328064 0.01050716731697321 0.1119709461927414 -0.05929749459028244 0.027442745864391327 0.04759204760193825 -0.11868719756603241 -0.010608983226120472 0.039127737283706665 0.046132512390613556 0.044749077409505844 0.05874447897076607 -0.036535270512104034 -0.022522099316120148 0.04294043406844139 -0.09537489712238312 -0.13172940909862518 -0.007800663821399212 -0.043063435703516006 0.11521194875240326 0.006915936712175608 0.022765496745705605 -0.0047883507795631886 0.02098650485277176 -0.02354000322520733 0.027933651581406593 -0.025605181232094765 -0.07127512991428375 -0.1173294186592102 0.010416918434202671 0.034887365996837616 0.0676482692360878 0.034353435039520264 -0.051861733198165894 -0.04381881654262543 0.0010501670185476542 0.03002694807946682 -0.1063309833407402 -0.11431381851434708 -0.0738673284649849 -0.07106181979179382 0.10531593859195709 0.003681351663544774 0.16780604422092438 -0.14656130969524384 0.029822418466210365 0.08019406348466873 -0.19802919030189514 -0.005651295185089111 0.007675849044758764 0.007581111215350362 0.00950049966197525 0.024893701981903105 0.07067961154577813 0.11646928488266056 0.5411385470373554 0.09279026336543104 0.2659339409384125 -1.2958251 -1.4319798 -1.3226558 -1.1342486 -1.0130674 -1.312941 -0.41332513 -0.9866537 -1.4447577 -1.8160517 -1.8874198 -1.6616409 -1.3159504 -1.1885064 -1.4997108 -0.57774156 -1.0234671 -1.513117
2 400 0.007576903328299522 0.016256770119071007 -0.022344952449202538 0.04925200343132019 0.07636301964521408 0.05087139829993248 0.019598759710788727 -0.023288270458579063 0.03031028062105179 0.10495726764202118 -0.014977962709963322 -0.023738477379083633 0.11741765588521957 -0.021373696625232697 0.12724009156227112 -0.03288855403661728 -0.1466744840145111 -0.005265362560749054 0.05313917621970177 0.008260930888354778 -0.08126221597194672 -0.025929950177669525 -0.002778000431135297 0.07575815916061401 -0.01466651912778616 -0.06906942278146744 -0.02263873629271984 -0.05468536540865898 0.051219843327999115 -0.1449747532606125 -0.025484666228294373 -0.13414673507213593 0.11053553968667984 0.014147171750664711 -0.04579082503914833 -0.008743704296648502 -0.03211931511759758 -0.019547071307897568 -0.012910047546029091 0.09922011196613312 -0.010306477546691895 -0.04715006425976753 0.09567966312170029 -0.11704996228218079 0.0572650209069252 -0.010186107829213142 -0.16088518500328064 0.01050716731697321 0.1119709461927414 -0.05929749459028244 0.027442745864391327 0.04759204760193825 -0.11868719756603241 -0.010608983226120472 0.039127737283706665 0.046132512390613556 0.044749077409505844 0.05874447897076607 -0.036535270512104034 -0.022522099316120148 0.04294043406844139 -0.09537489712238312 -0.13172940909862518 -0.007800663821399212 -0.043063435703516006 0.11521194875240326 0.006915936712175608 0.022765496745705605 -0.0047883507795631886 0.02098650485277176 -0.02354000322520733 0.027933651581406593 -0.025605181232094765 -0.07127512991428375 -0.1173294186592102 0.010416918434202671 0.034887365996837616 0.0676482692360878 0.034353435039520264 -0.051861733198165894 -0.04381881654262543 0.0010501670185476542 0.03002694807946682 -0.1063309833407402 -0.11431381851434708 -0.0738673284649849 -0.07106181979179382 0.10531593859195709 0.003681351663544774 0.16780604422092438 -0.14656130969524384 0.029822418466210365 0.08019406348466873 -0.19802919030189514 -0.005651295185089111 0.001507566864924346 0.005276063484723359 0.004418405826287263 0.06223076831772484 0.0636529507788013 0.13364937813889172 0.412674322955451 0.6955570142012738 0.5214411431936272 -1.0241836 -1.2480872 -1.1653512 -0.7901017 -0.27858394 -0.71439564 -0.678437 -0.7014191 -0.98339033 -1.5278959 -1.5592315 -1.436031 -0.84094036 -0.3952579 -0.78474957 -0.79841775 -0.7466031 -1.0436817
0 400 0.008659318089485168 0.018579166382551193 -0.02553708851337433 0.05628800392150879 0.0872720256447792 0.05813873931765556 0.022398583590984344 -0.026615167036652565 0.034640323370695114 0.11995116621255875 -0.01711767166852951 -0.02712968923151493 0.1341916173696518 -0.024427084252238274 0.145417258143425 -0.03758692368865013 -0.1676279902458191 -0.006017557345330715 0.06073048710823059 0.009441063739359379 -0.09287110716104507 -0.029634227976202965 -0.003174857934936881 0.08658075332641602 -0.016761736944317818 -0.07893647998571396 -0.025872841477394104 -0.062497563660144806 0.058536965399980545 -0.16568544507026672 -0.029125332832336426 -0.15331056714057922 0.12632633745670319 0.016168197616934776 -0.05233237147331238 -0.009992805309593678 -0.036707788705825806 -0.022339511662721634 -0.014754340052604675 0.11339441686868668 -0.011778831481933594 -0.05388578772544861 0.10934819281101227 -0.1337713897228241 0.06544574350118637 -0.011641266755759716 -0.18386878073215485 0.012008192017674446 0.12796680629253387 -0.06776856631040573 0.03136314079165459 0.05439091473817825 -0.13564251363277435 -0.012124552391469479 0.044717416167259216 0.05272287130355835 0.051141805946826935 0.06713654845952988 -0.041754599660634995 -0.02573954127728939 0.04907478392124176 -0.10899988561868668 -0.15054790675640106 -0.008915044367313385 -0.04921535775065422 0.13167080283164978 0.007903927937150002 0.02601771056652069 -0.0054724011570215225 0.023984577506780624 -0.026902860030531883 0.03192417323589325 -0.02926306426525116 -0.08145729452371597 -0.13409076631069183 0.011905050836503506 0.039871275424957275 0.07731231302022934 0.039261069148778915 -0.05927055701613426 -0.05007864907383919 0.001200190861709416 0.03431651368737221 -0.12152113020420074 -0.13064436614513397 -0.08441980928182602 -0.08121351152658463 0.1203610822558403 0.00420725904405117 0.19177834689617157 -0.1674986481666565 0.034082766622304916 0.09165035933256149 -0.2263190746307373 -0.006458622869104147 0.007970205616248878 0.010806799761886308 0.012707773088610715 0.09150838434436005 0.15372934132228144 0.14337757775499158 0.6620623206625226 0.5933157023079532 0.6484916125452231 -1.0848575 -1.3125225 -1.1641941 -0.7402702 -0.3473701 -0.5504005 -0.7805792 -0.47305065 -0.69831663 -1.5158076 -1.6124551 -1.3818389 -0.7685495 -0.16423713 -0.38927674 -0.8081433 -0.460082 -0.687503
1 400 0.008659318089485168 0.018579166382551193 -0.02553708851337433 0.05628800392150879 0.0872720256447792 0.05813873931765556 0.022398583590984344 -0.026615167036652565 0.034640323370695114 0.11995116621255875 -0.01711767166852951 -0.02712968923151493 0.1341916173696518 -0.024427084252238274 0.145417258143425 -0.03758692368865013 -0.1676279902458191 -0.006017557345330715 0.06073048710823059 0.009441063739359379 -0.09287110716104507 -0.029634227976202965 -0.003174857934936881 0.08658075332641602 -0.016761736944317818 -0.07893647998571396 -0.025872841477394104 -0.062497563660144806 0.058536965399980545 -0.16568544507026672 -0.029125332832336426 -0.15331056714057922 0.12632633745670319 0.016168197616934776 -0.05233237147331238 -0.009992805309593678 -0.036707788705825806 -0.022339511662721634 -0.014754340052604675 0.11339441686868668 -0.011778831481933594 -0.05388578772544861 0.10934819281101227 -0.1337713897228241 0.06544574350118637 -0.011641266755759716 -0.18386878073215485 0.012008192017674446 0.12796680629253387 -0.06776856631040573 0.03136314079165459 0.05439091473817825 -0.13564251363277435 -0.012124552391469479 0.044717416167259216 0.05272287130355835 0.051141805946826935 0.06713654845952988 -0.041754599660634995 -0.02573954127728939 0.04907478392124176 -0.10899988561868668 -0.15054790675640106 -0.008915044367313385 -0.04921535775065422 0.13167080283164978 0.007903927937150002 0.02601771056652069 -0.0054724011570215225 0.023984577506780624 -0.026902860030531883 0.03192417323589325 -0.02926306426525116 -0.08145729452371597 -0.13409076631069183 0.011905050836503506 0.039871275424957275 0.07731231302022934 0.039261069148778915 -0.05927055701613426 -0.05007864907383919 0.001200190861709416 0.03431651368737221 -0.12152113020420074 -0.13064436614513397 -0.08441980928182602 -0.08121351152658463 0.1203610822558403 0.00420725904405117 0.19177834689617157 -0.1674986481666565 0.034082766622304916 0.09165035933256149 -0.2263190746307373 -0.006458622869104147 0.005368052242183228 0.005661341450088135 0.006374195712007271 0.017601718810420216 0.05765320041966948 0.057882321872820254 0.47193689556103735 0.0742926099054168 0.19490810892798457 -1.3675983 -1.6114044 -1.4534535 -1.2251582 -1.037579 -1.4172766 -0.43721348 -1.103689 -1.5011843 -1.9474304 -2.1362944 -1.8535446 -1.4607472 -1.2675501 -1.6603225 -0.65107316 -1.2034152 -1.6287956
2 400 0.008659318089485168 0.018579166382551193 -0.02553708851337433 0.05628800392150879 0.0872720256447792 0.05813873931765556 0.022398583590984344 -0.026615167036652565 0.034640323370695114 0.11995116621255875 -0.01711767166852951 -0.02712968923151493 0.1341916173696518 -0.024427084252238274 0.145417258143425 -0.03758692368865013 -0.1676279902458191 -0.006017557345330715 0.06073048710823059 0.009441063739359379 -0.09287110716104507 -0.029634227976202965 -0.003174857934936881 0.08658075332641602 -0.016761736944317818 -0.07893647998571396 -0.025872841477394104 -0.062497563660144806 0.058536965399980545 -0.16568544507026672 -0.029125332832336426 -0.15331056714057922 0.12632633745670319 0.016168197616934776 -0.05233237147331238 -0.009992805309593678 -0.036707788705825806 -0.022339511662721634 -0.014754340052604675 0.11339441686868668 -0.011778831481933594 -0.05388578772544861 0.10934819281101227 -0.1337713897228241 0.06544574350118637 -0.011641266755759716 -0.18386878073215485 0.012008192017674446 0.12796680629253387 -0.06776856631040573 0.03136314079165459 0.05439091473817825 -0.13564251363277435 -0.012124552391469479 0.044717416167259216 0.05272287130355835 0.051141805946826935 0.06713654845952988 -0.041754599660634995 -0.02573954127728939 0.04907478392124176 -0.10899988561868668 -0.15054790675640106 -0.008915044367313385 -0.04921535775065422 0.13167080283164978 0.007903927937150002 0.02601771056652069 -0.0054724011570215225 0.023984577506780624 -0.026902860030531883 0.03192417323589325 -0.02926306426525116 -0.08145729452371597 -0.13409076631069183 0.011905050836503506 0.039871275424957275 0.07731231302022934 0.039261069148778915 -0.05927055701613426 -0.05007864907383919 0.001200190861709416 0.03431651368737221 -0.12152113020420074 -0.13064436614513397 -0.08441980928182602 -0.08121351152658463 0.1203610822558403 0.00420725904405117 0.19177834689617157 -0.1674986481666565 0.034082766622304916 0.09165035933256149 -0.2263190746307373 -0.006458622869104147 0.0011834381927662196 0.0033311598653791765 0.003016155041120057 0.04048264947130056 0.048205603489492536 0.10011515511377594 0.41088377103226625 0.6289497136116956 0.35754106128379903 -0.9916923 -1.3321112 -1.2080085 -0.8412311 -0.30352467 -0.77361166 -0.76675594 -0.7125713 -1.0467155 -1.5496328 -1.6993492 -1.5341309 -0.9466543 -0.47880554 -0.9036395 -0.9331305 -0.7810876 -1.2029555
0 400 0.009741732850670815 0.02090156078338623 -0.02872922457754612 0.06332400441169739 0.09818102419376373 0.06540608406066895 0.025198405608534813 -0.029942061752080917 0.03897035866975784 0.13494504988193512 -0.019257379695773125 -0.03052089922130108 0.15096555650234222 -0.027480468153953552 0.16359439492225647 -0.042285285890102386 -0.18858148157596588 -0.006769751664251089 0.06832179427146912 0.01062119659036398 -0.10447999089956284 -0.033338505774736404 -0.003571714973077178 0.09740334749221802 -0.0188569538295269 -0.08880353718996048 -0.029106946662068367 -0.07030975818634033 0.06585408002138138 -0.18639610707759857 -0.03276599943637848 -0.17247436940670013 0.14211712777614594 0.018189219757914543 -0.058873917907476425 -0.011241905391216278 -0.04129626229405403 -0.0251319482922554 -0.01659863255918026 0.12756870687007904 -0.013251185417175293 -0.060621511191129684 0.12301670759916306 -0.1504928022623062 0.07362645119428635 -0.01309642381966114 -0.20685237646102905 0.013509214855730534 0.14396263659000397 -0.07623963803052902 0.03528352826833725 0.06118977442383766 -0.1525978296995163 -0.013640121556818485 0.05030709132552147 0.05931323021650314 0.05753452703356743 0.07552861422300339 -0.04697392135858536 -0.028956983238458633 0.05520913004875183 -0.12262486666440964 -0.16936637461185455 -0.010029424913227558 -0.05536727234721184 0.1481296420097351 0.008891918696463108 0.029269924387335777 -0.006156451068818569 0.02698264829814434 -0.030265716835856438 0.035914693027734756 -0.032920945435762405 -0.0916394516825676 -0.15085211396217346 0.013393181376159191 0.044855184853076935 0.08697634190320969 0.04416870325803757 -0.06667937338352203 -0.05633847787976265 0.0013502147048711777 0.038606077432632446 -0.1367112696170807 -0.14697490632534027 -0.09497227519750595 -0.09136519581079483 0.13540621101856232 0.004733166191726923 0.21575061976909637 -0.18843597173690796 0.03834310919046402 0.10310665518045425 -0.25460895895957947 -0.007265950553119183 0.006827498056794624 0.007899533592906427 0.010242485403098595 0.06825024395171579 0.14470108798775463 0.12263483093701073 0.6771031304346492 0.4217910166935781 0.5463373206076618 -1.1211824 -1.3294604 -1.2256103 -0.7925342 -0.41451123 -0.5985745 -0.8168262 -0.43918636 -0.7041891 -1.616956 -1.671728 -1.4901981 -0.8604948 -0.29806775 -0.50938904 -0.8979396 -0.4447096 -0.72814244
1 400 0.009741732850670815 0.02090156078338623 -0.02872922457754612 0.06332400441169739 0.09818102419376373 0.06540608406066895 0.025198405608534813 -0.029942061752080917 0.03897035866975784 0.13494504988193512 -0.019257379695773125 -0.03052089922130108 0.15096555650234222 -0.027480468153953552 0.16359439492225647 -0.042285285890102386 -0.18858148157596588 -0.006769751664251089 0.06832179427146912 0.01062119659036398 -0.10447999089956284 -0.033338505774736404 -0.003571714973077178 0.09740334749221802 -0.0188569538295269 -0.08880353718996048 -0.029106946662068367 -0.07030975818634033 0.06585408002138138 -0.18639610707759857 -0.03276599943637848 -0.17247436940670013 0.14211712777614594 0.018189219757914543 -0.058873917907476425 -0.011241905391216278 -0.04129626229405403 -0.0251319482922554 -0.01659863255918026 0.12756870687007904 -0.013251185417175293 -0.060621511191129684 0.12301670759916306 -0.1504928022623062 0.07362645119428635 -0.01309642381966114 -0.20685237646102905 0.013509214855730534 0.14396263659000397 -0.07623963803052902 0.03528352826833725 0.06118977442383766 -0.1525978296995163 -0.013640121556818485 0.05030709132552147 0.05931323021650314 0.05753452703356743 0.07552861422300339 -0.04697392135858536 -0.028956983238458633 0.05520913004875183 -0.12262486666440964 -0.16936637461185455 -0.010029424913227558 -0.05536727234721184 0.1481296420097351 0.008891918696463108 0.029269924387335777 -0.006156451068818569 0.02698264829814434 -0.030265716835856438 0.035914693027734756 -0.032920945435762405 -0.0916394516825676 -0.15085211396217346 0.013393181376159191 0.044855184853076935 0.08697634190320969 0.04416870325803757 -0.06667937338352203 -0.05633847787976265 0.0013502147048711777 0.038606077432632446 -0.1367112696170807 -0.14697490632534027 -0.09497227519750595 -0.09136519581079483 0.13540621101856232 0.004733166191726923 0.21575061976909637 -0.18843597173690796 0.03834310919046402 0.10310665518045425 -0.25460895895957947 -0.007265950553119183 0.0037560971527917 0.00414971048082402 0.0043996846588321 0.01224143091897122 0.04682621227558986 0.04488903942620169 0.4460813756603459 0.060300503042841305 0.12379560389222476 -1.4385787 -1.7750559 -1.5683753 -1.3277367 -1.0630913 -1.4876454 -0.53488016 -1.1697369 -1.5619644 -2.0783324 -2.3638217 -2.0283952 -1.6162705 -1.3478463 -1.7828968 -0.7964137 -1.3260565 -1.7655774
2 400 0.009741732850670815 0.02090156078338623 -0.02872922457754612 0.06332400441169739 0.09818102419376373 0.06540608406066895 0.025198405608534813 -0.029942061752080917 0.03897035866975784 0.13494504988193512 -0.019257379695773125 -0.03052089922130108 0.15096555650234222 -0.027480468153953552 0.16359439492225647 -0.042285285890102386 -0.18858148157596588 -0.006769751664251089 0.06832179427146912 0.01062119659036398 -0.10447999089956284 -0.033338505774736404 -0.003571714973077178 0.09740334749221802 -0.0188569538295269 -0.08880353718996048 -0.029106946662068367 -0.07030975818634033 0.06585408002138138 -0.18639610707759857 -0.03276599943637848 -0.17247436940670013 0.14211712777614594 0.018189219757914543 -0.058873917907476425 -0.011241905391216278 -0.04129626229405403 -0.0251319482922554 -0.01659863255918026 0.12756870687007904 -0.013251185417175293 -0.060621511191129684 0.12301670759916306 -0.1504928022623062 0.07362645119428635 -0.01309642381966114 -0.20685237646102905 0.013509214855730534 0.14396263659000397 -0.07623963803052902 0.03528352826833725 0.06118977442383766 -0.1525978296995163 -0.013640121556818485 0.05030709132552147 0.05931323021650314 0.05753452703356743 0.07552861422300339 -0.04697392135858536 -0.028956983238458633 0.05520913004875183 -0.12262486666440964 -0.16936637461185455 -0.010029424913227558 -0.05536727234721184 0.1481296420097351 0.008891918696463108 0.029269924387335777 -0.006156451068818569 0.02698264829814434 -0.030265716835856438 0.035914693027734756 -0.032920945435762405 -0.0916394516825676 -0.15085211396217346 0.013393181376159191 0.044855184853076935 0.08697634190320969 0.04416870325803757 -0.06667937338352203 -0.05633847787976265 0.0013502147048711777 0.038606077432632446 -0.1367112696170807 -0.14697490632534027 -0.09497227519750595 -0.09136519581079483 0.13540621101856232 0.004733166191726923 0.21575061976909637 -0.18843597173690796 0.03834310919046402 0.10310665518045425 -0.25460895895957947 -0.007265950553119183 0.0013619076815450204 0.0021711850324991973 0.0020701291632225583 0.02596340912762236 0.052576598074848206 0.07373630167065137 0.4054854316183013 0.5527228621905729 0.20289538888584402 -1.1198468 -1.402019 -1.2478188 -0.89320457 -0.48367956 -0.8327177 -0.8387897 -0.71793616 -1.0572796 -1.7260221 -1.8263377 -1.6295142 -1.0537192 -0.7134434 -1.021509 -1.0520837 -0.8081368 -1.3137642
0 400 0.01082414761185646 0.023223957046866417 -0.03192136064171791 0.07036000490188599 0.10909003019332886 0.07267342507839203 0.02799822948873043 -0.03326895833015442 0.04330040141940117 0.14993895590305328 -0.021397089585661888 -0.033912111073732376 0.16773951053619385 -0.03053385391831398 0.18177156150341034 -0.04698365181684494 -0.20953498780727386 -0.00752194644883275 0.07591310888528824 0.01180132944136858 -0.1160888820886612 -0.03704278543591499 -0.003968572244048119 0.10822594165802002 -0.020952170714735985 -0.0986706018447876 -0.03234105184674263 -0.07812195271253586 0.0731712058186531 -0.2071067988872528 -0.03640666604042053 -0.19163820147514343 0.15790791809558868 0.02021024562418461 -0.06541546434164047 -0.012491006404161453 -0.04588473588228226 -0.027924388647079468 -0.018442925065755844 0.1417430192232132 -0.014723539352416992 -0.06735723465681076 0.13668523728847504 -0.16721422970294952 0.08180717378854752 -0.014551582746207714 -0.22983597218990326 0.01501023955643177 0.15995849668979645 -0.08471070975065231 0.03920392319560051 0.06798864156007767 -0.16955314576625824 -0.015155690722167492 0.05589677020907402 0.06590358912944794 0.06392725557088852 0.0839206874370575 -0.05219324678182602 -0.032174427062273026 0.0613434799015522 -0.1362498551607132 -0.18818487226963043 -0.011143805459141731 -0.06151919439435005 0.16458849608898163 0.009879909455776215 0.032522138208150864 -0.006840501446276903 0.029980720952153206 -0.03362857550382614 0.03990521654486656 -0.03657883033156395 -0.10182161629199982 -0.1676134616136551 0.014881312847137451 0.049839094281196594 0.09664038568735123 0.04907633736729622 -0.0740881934762001 -0.06259831041097641 0.0015002385480329394 0.042895641177892685 -0.15190140902996063 -0.16330546140670776 -0.10552475601434708 -0.10151688754558563 0.15045134723186493 0.005259073805063963 0.23972292244434357 -0.20937331020832062 0.04260345548391342 0.11456295102834702 -0.28289884328842163 -0.008073278702795506 0.007269409281740967 0.00577006956025935 0.008281488208805312 0.05066527355718562 0.15824359174995672 0.10443893563870513 0.679617609934693 0.4111571775056665 0.4406702893078642 -1.2824818 -1.3466892 -1.2860924 -0.8440601 -0.5639243 -0.6470003 -0.8411173 -0.46294552 -0.70907253 -1.8361354 -1.7313931 -1.5971394 -0.9512375 -0.5041812 -0.62938154 -0.9803983 -0.5366008 -0.7671643
1 400 0.01082414761185646 0.023223957046866417 -0.03192136064171791 0.07036000490188599 0.10909003019332886 0.07267342507839203 0.02799822948873043 -0.03326895833015442 0.04330040141940117 0.14993895590305328 -0.021397089585661888 -0.033912111073732376 0.16773951053619385 -0.03053385391831398 0.18177156150341034 -0.04698365181684494 -0.20953498780727386 -0.00752194644883275 0.07591310888528824 0.01180132944136858 -0.1160888820886612 -0.03704278543591499 -0.003968572244048119 0.10822594165802002 -0.020952170714735985 -0.0986706018447876 -0.03234105184674263 -0.07812195271253586 0.0731712058186531 -0.2071067988872528 -0.03640666604042053 -0.19163820147514343 0.15790791809558868 0.02021024562418461 -0.06541546434164047 -0.012491006404161453 -0.04588473588228226 -0.027924388647079468 -0.018442925065755844 0.1417430192232132 -0.014723539352416992 -0.06735723465681076 0.13668523728847504 -0.16721422970294952 0.08180717378854752 -0.014551582746207714 -0.22983597218990326 0.01501023955643177 0.15995849668979645 -0.08471070975065231 0.03920392319560051 0.06798864156007767 -0.16955314576625824 -0.015155690722167492 0.05589677020907402 0.06590358912944794 0.06392725557088852 0.0839206874370575 -0.05219324678182602 -0.032174427062273026 0.0613434799015522 -0.1362498551607132 -0.18818487226963043 -0.011143805459141731 -0.06151919439435005 0.16458849608898163 0.009879909455776215 0.032522138208150864 -0.006840501446276903 0.029980720952153206 -0.03362857550382614 0.03990521654486656 -0.03657883033156395 -0.10182161629199982 -0.1676134616136551 0.014881312847137451 0.049839094281196594 0.09664038568735123 0.04907633736729622 -0.0740881934762001 -0.06259831041097641 0.0015002385480329394 0.042895641177892685 -0.15190140902996063 -0.16330546140670776 -0.10552475601434708 -0.10151688754558563 0.15045134723186493 0.005259073805063963 0.23972292244434357 -0.20937331020832062 0.04260345548391342 0.11456295102834702 -0.28289884328842163 -0.008073278702795506 0.002622659431729377 0.0030775357173716223 0.003105146272024004 0.008490239288693722 0.03740496225315584 0.037921997663436485 0.46927235666455225 0.05050854589860835 0.056828428521955535 -1.5096961 -1.8676488 -1.6737291 -1.4301686 -1.0944934 -1.5542796 -0.65611184 -1.2379347 -1.6340221 -2.2088983 -2.5071914 -2.1918046 -1.771415 -1.4323394 -1.900723 -0.9622269 -1.446638 -1.9539284
2 400 0.01082414761185646 0.023223957046866417 -0.03192136064171791 0.07036000490188599 0.10909003019332886 0.07267342507839203 0.02799822948873043 -0.03326895833015442 0.04330040141940117 0.14993895590305328 -0.021397089585661888 -0.033912111073732376 0.16773951053619385 -0.03053385391831398 0.18177156150341034 -0.04698365181684494 -0.20953498780727386 -0.00752194644883275 0.07591310888528824 0.01180132944136858 -0.1160888820886612 -0.03704278543591499 -0.003968572244048119 0.10822594165802002 -0.020952170714735985 -0.0986706018447876 -0.03234105184674263 -0.07812195271253586 0.0731712058186531 -0.2071067988872528 -0.03640666604042053 -0.19163820147514343 0.15790791809558868 0.02021024562418461 -0.06541546434164047 -0.012491006404161453 -0.04588473588228226 -0.027924388647079468 -0.018442925065755844 0.1417430192232132 -0.014723539352416992 -0.06735723465681076 0.13668523728847504 -0.16721422970294952 0.08180717378854752 -0.014551582746207714 -0.22983597218990326 0.01501023955643177 0.15995849668979645 -0.08471070975065231 0.03920392319560051 0.06798864156007767 -0.16955314576625824 -0.015155690722167492 0.05589677020907402 0.06590358912944794 0.06392725557088852 0.0839206874370575 -0.05219324678182602 -0.032174427062273026 0.0613434799015522 -0.1362498551607132 -0.18818487226963043 -0.011143805459141731 -0.06151919439435005 0.16458849608898163 0.009879909455776215 0.032522138208150864 -0.006840501446276903 0.029980720952153206 -0.03362857550382614 0.03990521654486656 -0.03657883033156395 -0.10182161629199982 -0.1676134616136551 0.014881312847137451 0.049839094281196594 0.09664038568735123 0.04907633736729622 -0.0740881934762001 -0.06259831041097641 0.0015002385480329394 0.042895641177892685 -0.15190140902996063 -0.16330546140670776 -0.10552475601434708 -0.10151688754558563 0.15045134723186493 0.005259073805063963 0.23972292244434357 -0.20937331020832062 0.04260345548391342 0.11456295102834702 -0.28289884328842163 -0.008073278702795506 0.0015646375114776532 0.0015266881090061273 0.0014208345651308778 0.01664862257200972 0.057140004825896096 0.05392135940473077 0.3722444348653623 0.47105136457418145 0.10973120158729827 -1.2475563 -1.4433842 -1.2879418 -0.9444901 -0.66354907 -0.8905766 -0.8731209 -0.72613895 -1.0578773 -1.9015887 -1.9250699 -1.725028 -1.1593862 -0.9474808 -1.1372538 -1.1348546 -0.83785594 -1.4137427
0.034169946 -0.05380949 -0.14913534 0.0640589 
-0.015161912 -0.22439797 -0.15385483 -0.35657695 
-0.1263584 0.08358307 -0.4038749 0.16944718 
-0.06272684 -0.30431122 -0.5918261 0.37630668 
0.17544751 -0.30507717 1.1421245 -0.4064894 
0.23323625 -0.31644183 0.037582293 -0.17641184 
0.15811323 -0.12568967 -0.29473016 0.12906048 
0.18232848 0.12245176 -0.36522734 0.18133423 
-0.057991207 -0.15157236 -0.33749622 0.34613928 
0.004256293 -0.5879301 0.123576544 -0.03831771 
-0.35559434 0.0442953 -0.08014785 0.0010323956 
-0.07596732 0.18074791 0.47617632 -0.17139545 
0.40219814 -0.4020052 -0.2456938 1.062722 
-0.4324099 0.033012785 -0.6628633 0.27794224 
-0.2608208 -0.715514 -0.6955021 0.63775855 
-0.14238822 0.12569249 -1.2202585 0.71019644 
-0.2955532 0.6668349 -0.2853904 -0.34777144 
1.5987499 0.3006934 1.2336503 -0.35039908 
-0.25201166 -0.28655943 -0.21025127 0.2888179 
0.27663088 -0.009509727 0.45896193 -0.27412114 
0.37881944 0.5082171 0.5302653 -0.34084666 
0.2090655 0.21614605 0.49359563 -0.17615461 
-0.43262115 0.042856276 -0.57491153 0.6352655 
-0.50285506 -0.49079862 -0.13847658 0.032297943 
-0.7518919 -0.04655307 -0.18272652 -0.1420105 
0.1336104 0.36985686 0.22765458 -0.30046096 
0.22725877 0.1535319 0.15436427 -0.08840724 
-0.1499219 0.22765628 0.3854362 -0.5586652 
-0.17123547 -0.24195792 0.29785135 0.013736219 
-0.3105644 0.6900662 -0.413524 -0.12972012 
-0.067690715 0.3186356 -0.45687634 0.9788351 
-0.38682213 0.5870653 -0.6641255 -0.07228941 
0.104744144 -0.5795652 -0.42252576 0.48530042 
0.21192755 -0.049391285 -0.11769163 0.14699015 
0.15991573 0.32412943 0.3028539 -0.044423062 
-0.13253096 0.010498763 -0.07720313 -0.052120186 
0.6146916 0.28417453 0.57229227 -0.22271243 
-0.3460347 -0.014562953 -0.101326525 -0.2938622 
-0.11765699 -0.08454766 -0.8190287 0.061585236 
-0.11950998 -0.53015494 0.3229159 -0.063471444 
-0.5543018 -0.14587113 -1.0022789 0.14323175 
0.058099408 0.2339659 0.22028792 -0.3114334 
1.091933 -0.44444722 0.59665513 -0.3455899 
-0.3798323 0.59511346 -0.21809264 -0.019155692 
-0.32186234 -0.38013425 -0.4558542 0.23565014 
-0.28513253 -0.035602108 -0.7064809 0.25595456 
-0.46147174 0.82343453 -0.964296 0.4686992 
-0.2722695 0.06335518 0.22549416 0.35225368 
-0.1441531 -0.6114308 0.2459214 -0.02921145 
0.032837894 0.23376039 -0.10723184 -0.31608889 
0.12720333 -0.2004407 -0.03442092 -0.16273655 
-0.44549632 -0.31628868 -0.24217264 0.14000207 
-0.38000017 0.63723385 -0.32432106 0.17782018 
0.03546285 0.09565761 0.053160805 0.07711946 
0.31262702 -0.14925796 0.2804193 -0.015637316 
-0.019976772 -0.26316816 0.30272034 -0.2119214 
0.31113034 -0.24503875 -0.042931147 -0.0060897996 
-0.0056238817 -0.21174918 0.67429745 -0.041941583 
0.09551296 0.15580004 0.29320937 -0.43733552 
0.41497532 0.054393847 0.9224689 -1.0615435 
0.31687582 -0.2491793 0.18541305 -0.22894423 
-0.27312672 0.5624024 -0.15414323 0.23797105 
0.41851106 0.7209132 0.08760759 -0.30347228 
-0.2588837 0.008933806 0.12339473 -0.15342838 
0.4103502 0.22215049 0.42095208 -0.5095455 
0.6493223 -0.48784557 1.3595926 -0.54481477 
-0.13464996 -0.12339925 0.42261007 -0.58003885 
-0.030803869 0.1600214 0.31801143 0.82558316 
0.44032636 0.08481028 0.35261756 -0.16819185 
-0.44999188 -0.11481849 -0.23867066 0.31467164 
-0.064621255 0.07711858 0.068253785 -0.24385911 
0.28567243 -0.1165412 0.22906849 -0.08496627 
-0.20025799 -0.016912112 -0.54462385 -0.13877693 
0.26460406 0.32363507 -0.18431559 -0.2433745 
0.61262584 0.66025865 0.923621 -0.8921919 
-0.2570109 -0.07886407 -0.4011945 0.294763 
-0.33530325 -0.21255814 -0.13130388 0.14060007 
0.024539182 -0.47785768 -1.0331111 0.43395633 
-0.09551674 -0.29685357 -0.35641825 -0.07188484 
0.27946806 0.1973404 -0.04157322 -0.40626132 
0.13311876 0.24234296 0.17701824 -0.19946416 
0.51742816 -0.050734084 0.29650998 -0.5161009 
-0.3624319 -0.26758316 -0.35235593 0.010826069 
-0.34737188 0.5212084 -0.1007844 -0.15897964 
0.025372155 0.6944866 -0.11921634 0.2185191 
-0.2038342 0.43953678 -0.4341008 0.42922366 
0.108245686 0.3502224 0.34967285 -0.49651155 
0.1404775 -0.51287574 0.45245016 -0.037825342 
0.106595345 -0.048956905 -0.023240278 -0.11133427 
0.014653958 -0.69567806 0.54363936 0.5652415 
0.34854084 0.77687216 0.22080722 -0.4894674 
0.5119964 -0.19560595 0.36361217 -0.4904393 
-0.49414295 -0.4568644 -0.34888163 0.40058792 
0.14139582 1.0840801 -0.22178271 -0.06636958 
-0.09679044 -0.014991124 -0.43433738 0.17452061 
