NR_0029 NR_0031 NR_0028 NR_0024 NYU-65 NR_0027 UCLA049 PL015 NR_0021 KS091 KS096 KS094 NR_0020 NR_0019 SWC_066 UCLA044 KS086 UCLA035 UCLA033 UCLA037 UCLA034 PL017 NYU-45 NYU-48 NYU-47 NYU-46 ibl_witten_29 ZFM-02372 NYU-39 KS051 KS055 ZFM-02370 NYU-40 ZFM-01937 ZFM-01935 NYU-37 ibl_witten_26 ZFM-01936 ibl_witten_27 SWC_058 KS044 ibl_witten_25 KS043 KS046 ZFM-01576 SWC_061 SWC_060 KS042 SWC_053 ZFM-01577 ZFM-01592 SWC_052 NYU-30 DY_018 SWC_054 DY_020 SWC_043 CSH_ZAD_029 DY_016 CSH_ZAD_026 ibl_witten_20 ibl_witten_18 NYU-21 CSH_ZAD_019 CSH_ZAD_025 SWC_038 ibl_witten_17 ZM_3003 ibl_witten_19 DY_014 SWC_042 CSHL058 CSH_ZAD_022 CSH_ZAD_011 CSHL060 DY_013 DY_009 CSHL059 DY_008 CSHL045 NYU-11 CSHL052 DY_011 CSHL053 ZM_2241 DY_010 ZM_2240 NYU-12 CSHL047 CSHL049 ZM_1898 KS023 KS016 KS014 ZM_1897 ibl_witten_13 
0 2.3637714 1.113004 0.81225693 3.378823 1.4062724 0.44380552
1 2.2591646 1.0801823 0.8266609 2.261769 1.0984622 0.82515407
2 2.1994808 1.0456195 0.82758296 2.1746042 1.0546838 0.8272453
3 2.1522543 1.0181919 0.83035594 2.2040243 1.0812359 0.83024544
4 2.1273453 1.0038602 0.83081543 2.2344666 1.0977683 0.82961726
5 2.1173284 1.0007248 0.8321867 2.2613206 1.1133454 0.8298411
6 2.107384 0.9946071 0.832069 2.2561386 1.1050699 0.82851106
7 2.1010635 0.99175316 0.8325021 2.2238495 1.0819917 0.82834023
8 2.0920084 0.98670435 0.8326328 2.1616783 1.042656 0.82895356
9 2.080396 0.98026556 0.83462185 2.1261156 1.0130659 0.83067024
10 2.0694616 0.9739304 0.8345949 2.1297572 1.0071759 0.8277877
11 2.066325 0.97160983 0.83580136 2.1334884 1.0107944 0.82749623
12 2.060616 0.9682438 0.83614826 2.1349568 1.0184497 0.83303076
13 2.0525439 0.96447986 0.83642614 2.1138077 1.0064774 0.8299368
14 2.0466208 0.96155035 0.83671546 2.1088388 0.99940526 0.8328163
15 2.0341012 0.9537793 0.83749163 2.1296332 1.0087541 0.8328826
16 2.020075 0.94413805 0.8366808 2.089084 0.980329 0.8334924
17 2.0075915 0.93584466 0.8375599 2.065476 0.9665391 0.8346263
18 2.0029118 0.9329751 0.83762956 2.1378734 0.998643 0.83451325
19 2.0017262 0.931134 0.83600044 2.2166579 1.042391 0.83460295
20 1.9936523 0.9237823 0.8367825 2.1743143 1.021798 0.8299649
21 1.9968209 0.92462003 0.8367278 2.083925 0.9752393 0.8304763
22 2.005399 0.9289323 0.83729357 2.1019335 0.99137855 0.8299186
23 2.0289054 0.946094 0.8371213 2.175795 1.0503839 0.8319519
24 2.0522945 0.96257615 0.83715487 2.2063217 1.0747795 0.83149725
25 2.0283816 0.94823676 0.8371171 2.1201553 1.0051309 0.8344943
26 1.9999659 0.92983246 0.8366504 2.1264656 1.0167564 0.8356822
27 1.9877082 0.9222728 0.8380753 2.1353407 1.0281601 0.8360773
28 1.9767678 0.9164207 0.83863896 2.0786514 0.9851107 0.8354044
29 1.9726189 0.9135405 0.8386582 2.0532284 0.9565052 0.83403105
30 1.9656112 0.90817684 0.8387495 2.0131226 0.94093555 0.8371955
31 1.9624225 0.9051884 0.8388843 2.036722 0.95786744 0.8354071
32 1.9668146 0.90660506 0.83861226 2.034845 0.953155 0.8366851
33 1.9649469 0.9063709 0.83886117 2.1203842 0.98478687 0.83730143
34 1.9625545 0.9046378 0.8395772 2.0655112 0.95696336 0.83421457
35 1.9518423 0.89670664 0.83863467 2.0604837 0.9645539 0.8343495
36 1.9501762 0.89537495 0.8397756 2.0602496 0.96738625 0.8353831
37 1.9571385 0.9000385 0.83941615 2.059125 0.97018963 0.83494186
38 1.9633751 0.90436107 0.83812666 2.051964 0.9736754 0.83451664
39 1.9745713 0.91230977 0.8378718 2.0590756 0.98353726 0.8348955
40 1.9740242 0.91310024 0.83817124 2.0336587 0.96460474 0.83574826
41 1.9859309 0.9242035 0.83928865 1.9991428 0.93106043 0.83395475
42 1.9769915 0.9167682 0.8393844 2.0959523 0.9637166 0.83065045
43 1.9691657 0.91036224 0.8387853 2.0623527 0.94412106 0.83316445
44 1.9625431 0.9035971 0.8387675 1.9808887 0.8953917 0.8321581
45 1.9573917 0.89986914 0.8381951 1.9904543 0.9171855 0.8342524
46 1.9542638 0.89663297 0.8380991 2.0173385 0.9408671 0.83336276
47 1.9687316 0.9070008 0.83887494 2.022265 0.95018715 0.83375835
48 1.962595 0.9031288 0.8388723 2.0226617 0.9487293 0.83478767
49 1.9447331 0.89179313 0.83882695 2.0268924 0.9479843 0.83425903
50 1.9379739 0.8893114 0.83921504 2.0076258 0.9357997 0.8360535
51 1.936927 0.88990086 0.8397106 2.0059643 0.93278325 0.8334688
52 1.9332551 0.88752246 0.8398159 2.0127966 0.92446125 0.82894754
53 1.9291898 0.88518304 0.83954424 2.0284736 0.93223804 0.8336381
54 1.9243695 0.8825149 0.8396663 2.078435 0.9568355 0.8319882
55 1.9252062 0.88286436 0.8399334 2.1024868 0.96715903 0.83214253
56 1.9228519 0.880735 0.8396763 2.1511064 1.0007707 0.83337814
57 1.9226278 0.8786148 0.83939075 2.086981 0.9549612 0.8318685
58 1.9354968 0.8858717 0.83975434 1.9735767 0.90081966 0.8327657
59 1.9273871 0.880694 0.8397284 1.997229 0.92699283 0.8326565
60 1.9380279 0.88903195 0.8393765 1.9964459 0.9284276 0.83251464
61 1.9409992 0.89241475 0.8392061 2.0156338 0.9494501 0.83309686
62 1.930791 0.88537616 0.8388346 2.018435 0.9545266 0.83319837
63 1.9243089 0.8817996 0.84018207 2.0014489 0.93190163 0.83365124
64 1.9211931 0.88047576 0.8400348 1.9876063 0.9237516 0.8340368
65 1.9258163 0.8827778 0.84066266 2.002736 0.93146366 0.83026654
66 1.9263649 0.8835954 0.84037435 1.9749947 0.9087104 0.832603
67 1.9292156 0.88600045 0.840622 1.9623437 0.88937455 0.8300213
68 1.9219049 0.8814877 0.8399069 1.9347686 0.8799695 0.8319866
69 1.921119 0.87919754 0.8393456 1.9418126 0.88559884 0.8343487
70 1.919472 0.87756413 0.84018123 1.9532498 0.88779247 0.82964295
71 1.9141684 0.8748478 0.8396855 1.9734113 0.9016283 0.8299556
72 1.9132172 0.87380207 0.8404742 1.9709556 0.9069086 0.83326167
73 1.9177715 0.876462 0.8402041 1.9784151 0.9135214 0.83324003
74 1.9265518 0.882583 0.8399558 2.0006099 0.9312184 0.8334952
75 1.9381442 0.8919973 0.8400773 2.012211 0.9392335 0.83512354
76 1.9346571 0.89004076 0.83975905 2.0369573 0.9445783 0.8349855
77 1.9268401 0.88493323 0.83964014 2.104763 0.9661829 0.8315158
78 1.9223199 0.8822469 0.84007275 2.2346847 1.019891 0.8334289
79 1.921718 0.88287985 0.84031725 2.2371247 1.0161618 0.83290595
80 1.9166179 0.8774457 0.84010166 2.024027 0.9173415 0.83450997
81 1.9155012 0.8760838 0.83941495 2.0111392 0.9134923 0.8325387
82 1.9140399 0.8751688 0.84031 1.9690518 0.8996924 0.8334063
83 1.9087114 0.8725344 0.8402331 1.9300909 0.88429505 0.83328056
84 1.9083612 0.87252545 0.8404875 1.927279 0.88778085 0.8343857
85 1.9121774 0.87391746 0.84005684 1.9301213 0.8869008 0.83457
86 1.9172317 0.8776194 0.84095776 1.9279665 0.8829855 0.83409995
87 1.9231173 0.88110334 0.8403858 1.9613199 0.90173584 0.834234
88 1.9172869 0.8764516 0.8393433 1.9561853 0.9031508 0.8352731
89 1.9150466 0.87564105 0.8400032 1.9699816 0.9134189 0.83459204
90 1.9172342 0.8766633 0.8399348 1.9650581 0.9076687 0.83500016
91 1.9177867 0.87876457 0.8404396 1.9576988 0.9023951 0.83463955
92 1.9169171 0.8776402 0.84061515 1.9831406 0.90863633 0.8331956
93 1.9131628 0.8757289 0.84033525 2.0339167 0.9279199 0.8330435
94 1.9147942 0.87754905 0.8398411 2.1007757 0.9608656 0.8339048
95 1.9118632 0.8750226 0.8407312 2.085568 0.95314044 0.83585703
96 1.9137206 0.8748423 0.84009165 2.0355399 0.9296268 0.8344947
97 1.9107462 0.8724653 0.8399528 2.0131638 0.92761266 0.83491933
98 1.9139708 0.87468547 0.8395428 2.0014017 0.9269557 0.8354335
99 1.9166158 0.87801045 0.840602 1.9896631 0.9274935 0.83439404
0 0 0.0 0.0 0.0 0.0 0.0 0.0 0.0 0.0 0.0 0.0 0.0 0.0 0.0 0.0 0.0 0.0 0.0 0.0 0.0 0.0 0.0 0.0 0.0 0.0 0.0 0.0 0.0 0.0 0.0 0.0 0.0 0.0 0.0 0.0 0.0 0.0 0.0 0.0 0.0 0.0 0.0 0.0 0.0 0.0 0.0 0.0 0.0 0.0 0.0 0.0 0.0 0.0 0.0 0.0 0.0 0.0 0.0 0.0 0.0 0.0 0.0 0.0 0.0 0.0 0.0 0.0 0.0 0.0 0.0 0.0 0.0 0.0 0.0 0.0 0.0 0.0 0.0 0.0 0.0 0.0 0.0 0.0 0.0 0.0 0.0 0.0 0.0 0.0 0.0 0.0 0.0 0.0 0.0 0.0 0.0 0.0 0.02760542348678748 0.07936725156255488 0.17786153334025956 0.4695973433061982 0.7596435213671723 0.7507814311503426 0.8987533887969049 0.9608186731734277 0.9867111333289468 -1.1466426 -0.9988315 -0.8791027 -0.7746811 -0.5166504 -0.71086216 -0.904091 -1.0136336 -1.1490238 -1.2060838 -0.98092824 -0.7337222 -0.5710323 -0.28094736 -0.47544163 -0.8092925 -0.9716986 -1.2016642
1 0 0.0 0.0 0.0 0.0 0.0 0.0 0.0 0.0 0.0 0.0 0.0 0.0 0.0 0.0 0.0 0.0 0.0 0.0 0.0 0.0 0.0 0.0 0.0 0.0 0.0 0.0 0.0 0.0 0.0 0.0 0.0 0.0 0.0 0.0 0.0 0.0 0.0 0.0 0.0 0.0 0.0 0.0 0.0 0.0 0.0 0.0 0.0 0.0 0.0 0.0 0.0 0.0 0.0 0.0 0.0 0.0 0.0 0.0 0.0 0.0 0.0 0.0 0.0 0.0 0.0 0.0 0.0 0.0 0.0 0.0 0.0 0.0 0.0 0.0 0.0 0.0 0.0 0.0 0.0 0.0 0.0 0.0 0.0 0.0 0.0 0.0 0.0 0.0 0.0 0.0 0.0 0.0 0.0 0.0 0.0 0.0 0.022655370439557086 0.042841977797002495 0.0958456635608585 0.24152396680984878 0.45868864363109846 0.6171562217959614 0.8314888716321637 0.9315117600075827 0.9802112076144317 -1.112152 -1.0351403 -0.94739175 -0.7948687 -0.6328232 -0.7498672 -0.9224781 -1.0482155 -1.1226503 -1.1568029 -1.0527935 -0.8388024 -0.5551704 -0.2706958 -0.50894403 -0.80318433 -0.9996604 -1.1908054
2 0 0.0 0.0 0.0 0.0 0.0 0.0 0.0 0.0 0.0 0.0 0.0 0.0 0.0 0.0 0.0 0.0 0.0 0.0 0.0 0.0 0.0 0.0 0.0 0.0 0.0 0.0 0.0 0.0 0.0 0.0 0.0 0.0 0.0 0.0 0.0 0.0 0.0 0.0 0.0 0.0 0.0 0.0 0.0 0.0 0.0 0.0 0.0 0.0 0.0 0.0 0.0 0.0 0.0 0.0 0.0 0.0 0.0 0.0 0.0 0.0 0.0 0.0 0.0 0.0 0.0 0.0 0.0 0.0 0.0 0.0 0.0 0.0 0.0 0.0 0.0 0.0 0.0 0.0 0.0 0.0 0.0 0.0 0.0 0.0 0.0 0.0 0.0 0.0 0.0 0.0 0.0 0.0 0.0 0.0 0.0 0.0 0.008468899125817737 0.02509396452169225 0.045123930552139174 0.15565203418455786 0.3028306403407457 0.5549615026670193 0.7663025257831879 0.8835152162235045 0.9716492744269737 -1.1557395 -1.0299928 -1.0046238 -0.8429338 -0.6841777 -0.75561315 -0.94613624 -1.0847057 -1.1318812 -1.2786293 -1.0768073 -0.96451825 -0.6882065 -0.46062732 -0.47430798 -0.8072414 -0.9795628 -1.1420267
0 400 0.0 0.0 0.0 0.0 0.0 0.0 0.0 0.0 0.0 0.0 0.0 0.0 0.0 0.0 0.0 0.0 0.0 0.0 0.0 0.0 0.0 0.0 0.0 0.0 0.0 0.0 0.0 0.0 0.0 0.0 0.0 0.0 0.0 0.0 0.0 0.0 0.0 0.0 0.0 0.0 0.0 0.0 0.0 0.0 0.0 0.0 0.0 0.0 0.0 0.0 0.0 0.0 0.0 0.0 0.0 0.0 0.0 0.0 0.0 0.0 0.0 0.0 0.0 0.0 0.0 0.0 0.0 0.0 0.0 0.0 0.0 0.0 0.0 0.0 0.0 0.0 0.0 0.0 0.0 0.0 0.0 0.0 0.0 0.0 0.0 0.0 0.0 0.0 0.0 0.0 0.0 0.0 0.0 0.0 0.0 0.0 0.030245076683379238 0.08887875519428369 0.19283369028427713 0.48851098225636347 0.7705403752998166 0.7554781649830584 0.8994963432194092 0.9604869812970762 0.9859340983995947 -1.1220201 -0.9675491 -0.8437306 -0.7370323 -0.5170072 -0.6664352 -0.8754709 -0.98000646 -1.1280752 -1.1711686 -0.93582934 -0.6922152 -0.52374625 -0.27096578 -0.42226088 -0.7751363 -0.93413574 -1.1755285
1 400 0.0 0.0 0.0 0.0 0.0 0.0 0.0 0.0 0.0 0.0 0.0 0.0 0.0 0.0 0.0 0.0 0.0 0.0 0.0 0.0 0.0 0.0 0.0 0.0 0.0 0.0 0.0 0.0 0.0 0.0 0.0 0.0 0.0 0.0 0.0 0.0 0.0 0.0 0.0 0.0 0.0 0.0 0.0 0.0 0.0 0.0 0.0 0.0 0.0 0.0 0.0 0.0 0.0 0.0 0.0 0.0 0.0 0.0 0.0 0.0 0.0 0.0 0.0 0.0 0.0 0.0 0.0 0.0 0.0 0.0 0.0 0.0 0.0 0.0 0.0 0.0 0.0 0.0 0.0 0.0 0.0 0.0 0.0 0.0 0.0 0.0 0.0 0.0 0.0 0.0 0.0 0.0 0.0 0.0 0.0 0.0 0.02443124866901867 0.046524530071968696 0.10060418580941931 0.2524803159085984 0.46573242302605644 0.6193553722120231 0.830074379683611 0.9315915252249368 0.9798325769068621 -1.097094 -1.0237106 -0.9358686 -0.77841973 -0.60955155 -0.71947014 -0.90688336 -1.0274885 -1.109878 -1.1342716 -1.0317926 -0.8163678 -0.5260433 -0.24058998 -0.4777079 -0.7869928 -0.97945464 -1.1750247
2 400 0.0 0.0 0.0 0.0 0.0 0.0 0.0 0.0 0.0 0.0 0.0 0.0 0.0 0.0 0.0 0.0 0.0 0.0 0.0 0.0 0.0 0.0 0.0 0.0 0.0 0.0 0.0 0.0 0.0 0.0 0.0 0.0 0.0 0.0 0.0 0.0 0.0 0.0 0.0 0.0 0.0 0.0 0.0 0.0 0.0 0.0 0.0 0.0 0.0 0.0 0.0 0.0 0.0 0.0 0.0 0.0 0.0 0.0 0.0 0.0 0.0 0.0 0.0 0.0 0.0 0.0 0.0 0.0 0.0 0.0 0.0 0.0 0.0 0.0 0.0 0.0 0.0 0.0 0.0 0.0 0.0 0.0 0.0 0.0 0.0 0.0 0.0 0.0 0.0 0.0 0.0 0.0 0.0 0.0 0.0 0.0 0.00957107250822021 0.028547772139241392 0.05153147216882974 0.16932631822530458 0.31191860659681603 0.5580523468781053 0.7668874538471295 0.8828846628550294 0.9715683801004595 -1.1336769 -0.99560666 -0.96406734 -0.7980858 -0.6497544 -0.71649826 -0.9277028 -1.0545312 -1.1021744 -1.2449238 -1.0277224 -0.91230905 -0.6375805 -0.42292818 -0.43026012 -0.7886762 -0.94784456 -1.1086929
0 800 0.0 0.0 0.0 0.0 0.0 0.0 0.0 0.0 0.0 0.0 0.0 0.0 0.0 0.0 0.0 0.0 0.0 0.0 0.0 0.0 0.0 0.0 0.0 0.0 0.0 0.0 0.0 0.0 0.0 0.0 0.0 0.0 0.0 0.0 0.0 0.0 0.0 0.0 0.0 0.0 0.0 0.0 0.0 0.0 0.0 0.0 0.0 0.0 0.0 0.0 0.0 0.0 0.0 0.0 0.0 0.0 0.0 0.0 0.0 0.0 0.0 0.0 0.0 0.0 0.0 0.0 0.0 0.0 0.0 0.0 0.0 0.0 0.0 0.0 0.0 0.0 0.0 0.0 0.0 0.0 0.0 0.0 0.0 0.0 0.0 0.0 0.0 0.0 0.0 0.0 0.0 0.0 0.0 0.0 0.0 0.0 0.062063023050968724 0.15878222782500392 0.25094205638990436 0.4477712769887013 0.6431046609557316 0.6794423015646613 0.8266944310611959 0.9256824998043874 0.9747991683715486 -0.897668 -0.625159 -0.3395971 -0.12281257 -0.13541335 -0.35421383 -0.47031444 -0.7770941 -0.9839232 -0.86895573 -0.48559237 -0.047911525 0.28748536 0.1955679 -0.033954203 -0.24979556 -0.6562863 -0.9805034
1 800 0.0 0.0 0.0 0.0 0.0 0.0 0.0 0.0 0.0 0.0 0.0 0.0 0.0 0.0 0.0 0.0 0.0 0.0 0.0 0.0 0.0 0.0 0.0 0.0 0.0 0.0 0.0 0.0 0.0 0.0 0.0 0.0 0.0 0.0 0.0 0.0 0.0 0.0 0.0 0.0 0.0 0.0 0.0 0.0 0.0 0.0 0.0 0.0 0.0 0.0 0.0 0.0 0.0 0.0 0.0 0.0 0.0 0.0 0.0 0.0 0.0 0.0 0.0 0.0 0.0 0.0 0.0 0.0 0.0 0.0 0.0 0.0 0.0 0.0 0.0 0.0 0.0 0.0 0.0 0.0 0.0 0.0 0.0 0.0 0.0 0.0 0.0 0.0 0.0 0.0 0.0 0.0 0.0 0.0 0.0 0.0 0.03932956817051134 0.0845208246313152 0.11827405931423049 0.2801934865013511 0.45425197059749356 0.5515007533770809 0.7593656398057449 0.9092559774227553 0.9715486091525417 -0.9884429 -0.90598416 -0.6912167 -0.46544522 -0.28887448 -0.5008418 -0.6514888 -0.8877164 -0.99200094 -0.97769874 -0.8443936 -0.41212678 -0.010786533 0.16511205 -0.20948677 -0.47177625 -0.8118193 -1.0161189
2 800 0.0 0.0 0.0 0.0 0.0 0.0 0.0 0.0 0.0 0.0 0.0 0.0 0.0 0.0 0.0 0.0 0.0 0.0 0.0 0.0 0.0 0.0 0.0 0.0 0.0 0.0 0.0 0.0 0.0 0.0 0.0 0.0 0.0 0.0 0.0 0.0 0.0 0.0 0.0 0.0 0.0 0.0 0.0 0.0 0.0 0.0 0.0 0.0 0.0 0.0 0.0 0.0 0.0 0.0 0.0 0.0 0.0 0.0 0.0 0.0 0.0 0.0 0.0 0.0 0.0 0.0 0.0 0.0 0.0 0.0 0.0 0.0 0.0 0.0 0.0 0.0 0.0 0.0 0.0 0.0 0.0 0.0 0.0 0.0 0.0 0.0 0.0 0.0 0.0 0.0 0.0 0.0 0.0 0.0 0.0 0.0 0.02317785117524961 0.0653201821182812 0.10350143109846 0.20074511530496855 0.30811985360886585 0.458072277998485 0.6726283940144421 0.8436597793772845 0.9586414459417548 -0.99256015 -0.6976794 -0.6555505 -0.44225565 -0.4104243 -0.42405626 -0.586572 -0.824372 -0.9361476 -1.0242226 -0.5973875 -0.48846933 -0.1607664 -0.12239894 -0.06793368 -0.36531442 -0.67380893 -0.89806837
0 400 -0.14837142825126648 -0.016706101596355438 -0.055340155959129333 -0.021086866036057472 -0.16790449619293213 0.1521887183189392 0.012591781094670296 0.07939539849758148 0.03364558517932892 0.0656895637512207 -0.006409559398889542 -0.008619729429483414 0.03354083001613617 -0.02977062575519085 -0.034553710371255875 0.06592956930398941 -0.14731405675411224 0.018201353028416634 0.11441195011138916 0.1300441324710846 0.0173469427973032 0.09328864514827728 -0.005085245240479708 0.03709355741739273 0.09917569905519485 0.09396890550851822 -0.13441228866577148 -0.002529785269871354 -0.08681432902812958 -0.08156576752662659 -0.15902917087078094 0.03646335378289223 -0.11780688166618347 -0.07144217938184738 0.04707329347729683 0.25229132175445557 0.10893816500902176 0.039289869368076324 0.005142989568412304 -0.07929123193025589 0.060020338743925095 -0.13347266614437103 -0.22262030839920044 -0.05068991333246231 -0.029782826080918312 -0.22875672578811646 -0.012369408272206783 0.1538400650024414 -0.07349797338247299 -0.23090381920337677 -0.15444663166999817 0.03088734671473503 -0.07313591986894608 -0.03373654559254646 -0.035429053008556366 -0.047028798609972 -0.06311479955911636 -0.023160861805081367 -0.18674398958683014 -0.15464799106121063 -0.1435190588235855 -0.10612136870622635 0.03889525681734085 -0.015253748744726181 -0.042471956461668015 -0.07660737633705139 -0.049529921263456345 -0.20942552387714386 -0.021324211731553078 0.014781295321881771 -0.2916668951511383 -0.09934721142053604 0.06384070217609406 -0.08473207801580429 -0.05743279680609703 -0.1254507452249527 -0.06462622433900833 0.020479237660765648 -0.003916400019079447 0.015955857932567596 -0.09875231981277466 0.02392243966460228 0.03764539211988449 0.09337370097637177 0.08776667714118958 0.00899992324411869 0.09808781743049622 -0.01317682582885027 0.009427634067833424 -0.062244683504104614 0.00980429071933031 -0.048357006162405014 -0.2094198763370514 -0.19100667536258698 -0.08698213845491409 -0.025136929005384445 3.737142041645076e-06 5.5953495650927126e-05 0.00200692292865961 0.021189242004303256 0.004805668718012194 0.032437169256110766 0.03849998905849768 0.43862825974092795 0.9298401621903686 -3.2248552 -3.0976737 -2.9940906 -3.1652217 -2.7504706 -2.1593704 -1.9732987 -2.3933587 -2.5825453 -4.1463633 -3.7406352 -3.1744928 -3.109022 -2.8456047 -2.2791278 -1.8145106 -2.323719 -2.5403955
1 400 -0.14837142825126648 -0.016706101596355438 -0.055340155959129333 -0.021086866036057472 -0.16790449619293213 0.1521887183189392 0.012591781094670296 0.07939539849758148 0.03364558517932892 0.0656895637512207 -0.006409559398889542 -0.008619729429483414 0.03354083001613617 -0.02977062575519085 -0.034553710371255875 0.06592956930398941 -0.14731405675411224 0.018201353028416634 0.11441195011138916 0.1300441324710846 0.0173469427973032 0.09328864514827728 -0.005085245240479708 0.03709355741739273 0.09917569905519485 0.09396890550851822 -0.13441228866577148 -0.002529785269871354 -0.08681432902812958 -0.08156576752662659 -0.15902917087078094 0.03646335378289223 -0.11780688166618347 -0.07144217938184738 0.04707329347729683 0.25229132175445557 0.10893816500902176 0.039289869368076324 0.005142989568412304 -0.07929123193025589 0.060020338743925095 -0.13347266614437103 -0.22262030839920044 -0.05068991333246231 -0.029782826080918312 -0.22875672578811646 -0.012369408272206783 0.1538400650024414 -0.07349797338247299 -0.23090381920337677 -0.15444663166999817 0.03088734671473503 -0.07313591986894608 -0.03373654559254646 -0.035429053008556366 -0.047028798609972 -0.06311479955911636 -0.023160861805081367 -0.18674398958683014 -0.15464799106121063 -0.1435190588235855 -0.10612136870622635 0.03889525681734085 -0.015253748744726181 -0.042471956461668015 -0.07660737633705139 -0.049529921263456345 -0.20942552387714386 -0.021324211731553078 0.014781295321881771 -0.2916668951511383 -0.09934721142053604 0.06384070217609406 -0.08473207801580429 -0.05743279680609703 -0.1254507452249527 -0.06462622433900833 0.020479237660765648 -0.003916400019079447 0.015955857932567596 -0.09875231981277466 0.02392243966460228 0.03764539211988449 0.09337370097637177 0.08776667714118958 0.00899992324411869 0.09808781743049622 -0.01317682582885027 0.009427634067833424 -0.062244683504104614 0.00980429071933031 -0.048357006162405014 -0.2094198763370514 -0.19100667536258698 -0.08698213845491409 -0.025136929005384445 2.235396406756754e-07 3.3585874620781366e-06 0.00013782998267837846 0.0011881674648941622 0.0002430212092963207 0.005310336137892419 0.005996310131912235 0.09954898133693943 0.611085562022838 -3.340136 -3.2383192 -3.1737573 -3.3367887 -2.9945347 -2.6918411 -2.1780546 -2.8495452 -2.8500664 -4.4571886 -4.0810075 -3.5073357 -3.4531949 -3.204217 -2.7995944 -2.0462754 -2.774733 -2.818775
2 400 -0.14837142825126648 -0.016706101596355438 -0.055340155959129333 -0.021086866036057472 -0.16790449619293213 0.1521887183189392 0.012591781094670296 0.07939539849758148 0.03364558517932892 0.0656895637512207 -0.006409559398889542 -0.008619729429483414 0.03354083001613617 -0.02977062575519085 -0.034553710371255875 0.06592956930398941 -0.14731405675411224 0.018201353028416634 0.11441195011138916 0.1300441324710846 0.0173469427973032 0.09328864514827728 -0.005085245240479708 0.03709355741739273 0.09917569905519485 0.09396890550851822 -0.13441228866577148 -0.002529785269871354 -0.08681432902812958 -0.08156576752662659 -0.15902917087078094 0.03646335378289223 -0.11780688166618347 -0.07144217938184738 0.04707329347729683 0.25229132175445557 0.10893816500902176 0.039289869368076324 0.005142989568412304 -0.07929123193025589 0.060020338743925095 -0.13347266614437103 -0.22262030839920044 -0.05068991333246231 -0.029782826080918312 -0.22875672578811646 -0.012369408272206783 0.1538400650024414 -0.07349797338247299 -0.23090381920337677 -0.15444663166999817 0.03088734671473503 -0.07313591986894608 -0.03373654559254646 -0.035429053008556366 -0.047028798609972 -0.06311479955911636 -0.023160861805081367 -0.18674398958683014 -0.15464799106121063 -0.1435190588235855 -0.10612136870622635 0.03889525681734085 -0.015253748744726181 -0.042471956461668015 -0.07660737633705139 -0.049529921263456345 -0.20942552387714386 -0.021324211731553078 0.014781295321881771 -0.2916668951511383 -0.09934721142053604 0.06384070217609406 -0.08473207801580429 -0.05743279680609703 -0.1254507452249527 -0.06462622433900833 0.020479237660765648 -0.003916400019079447 0.015955857932567596 -0.09875231981277466 0.02392243966460228 0.03764539211988449 0.09337370097637177 0.08776667714118958 0.00899992324411869 0.09808781743049622 -0.01317682582885027 0.009427634067833424 -0.062244683504104614 0.00980429071933031 -0.048357006162405014 -0.2094198763370514 -0.19100667536258698 -0.08698213845491409 -0.025136929005384445 5.402762432431702e-07 6.942869190594886e-06 0.00031358714292714 0.0038503089012777883 0.0010374670353777906 0.013791266106663036 0.009310918044499784 0.45107362044013377 0.8562529019120243 -3.6624737 -3.444062 -3.5001702 -3.6773417 -3.2795982 -3.0052273 -2.5314343 -3.118541 -3.1544588 -4.7468987 -4.224822 -3.7713072 -3.7078214 -3.3819232 -3.0334625 -2.361222 -2.9503987 -3.0591812
0 400 -0.1335342824459076 -0.015035491436719894 -0.0498061403632164 -0.01897817850112915 -0.15111404657363892 0.13696984946727753 0.011332602240145206 0.07145585864782333 0.030281025916337967 0.05912060663104057 -0.005768603179603815 -0.007757756393402815 0.030186746269464493 -0.02679356187582016 -0.031098337844014168 0.05933661013841629 -0.1325826495885849 0.016381217166781425 0.10297074913978577 0.11703971773386002 0.015612248331308365 0.08395978063344955 -0.004576720762997866 0.03338420018553734 0.08925812691450119 0.08457200974225998 -0.12097105383872986 -0.002276806626468897 -0.07813289761543274 -0.07340919226408005 -0.1431262493133545 0.032817017287015915 -0.10602618753910065 -0.06429795920848846 0.042365964502096176 0.2270621806383133 0.09804434329271317 0.03536088019609451 0.004628690425306559 -0.07136210799217224 0.054018303751945496 -0.12012539803981781 -0.20035827159881592 -0.04562092199921608 -0.026804542168974876 -0.2058810442686081 -0.011132467538118362 0.1384560614824295 -0.06614817678928375 -0.20781342685222626 -0.1390019655227661 0.027798611670732498 -0.06582232564687729 -0.030362891033291817 -0.03188614547252655 -0.04232591763138771 -0.05680331960320473 -0.020844774320721626 -0.16806958615779877 -0.1391831934452057 -0.12916715443134308 -0.09550923109054565 0.035005729645490646 -0.013728373683989048 -0.03822476044297218 -0.06894663721323013 -0.04457692801952362 -0.18848296999931335 -0.019191790372133255 0.013303165324032307 -0.26250019669532776 -0.08941248804330826 0.05745663121342659 -0.07625886797904968 -0.0516895167529583 -0.11290566623210907 -0.0581636019051075 0.01843131333589554 -0.003524760017171502 0.014360271394252777 -0.08887708187103271 0.021530194208025932 0.03388085216283798 0.08403632789850235 0.07899000495672226 0.008099930360913277 0.08827903121709824 -0.011859143152832985 0.008484870195388794 -0.05602021515369415 0.008823861368000507 -0.04352130368351936 -0.18847788870334625 -0.1719060093164444 -0.07828392088413239 -0.02262323535978794 5.115724073190664e-06 8.106282226232087e-05 0.0033487601677405087 0.03217613014109522 0.008615413658104561 0.05205384573837732 0.0540291209509178 0.5366496062887602 0.9406470865836708 -2.8630996 -2.7689471 -2.6572258 -2.8264441 -2.4871833 -1.8924668 -1.6107975 -2.0935242 -2.438142 -3.7660227 -3.3712206 -2.799018 -2.7403584 -2.534831 -1.9722571 -1.4361384 -1.9976985 -2.4035194
1 400 -0.1335342824459076 -0.015035491436719894 -0.0498061403632164 -0.01897817850112915 -0.15111404657363892 0.13696984946727753 0.011332602240145206 0.07145585864782333 0.030281025916337967 0.05912060663104057 -0.005768603179603815 -0.007757756393402815 0.030186746269464493 -0.02679356187582016 -0.031098337844014168 0.05933661013841629 -0.1325826495885849 0.016381217166781425 0.10297074913978577 0.11703971773386002 0.015612248331308365 0.08395978063344955 -0.004576720762997866 0.03338420018553734 0.08925812691450119 0.08457200974225998 -0.12097105383872986 -0.002276806626468897 -0.07813289761543274 -0.07340919226408005 -0.1431262493133545 0.032817017287015915 -0.10602618753910065 -0.06429795920848846 0.042365964502096176 0.2270621806383133 0.09804434329271317 0.03536088019609451 0.004628690425306559 -0.07136210799217224 0.054018303751945496 -0.12012539803981781 -0.20035827159881592 -0.04562092199921608 -0.026804542168974876 -0.2058810442686081 -0.011132467538118362 0.1384560614824295 -0.06614817678928375 -0.20781342685222626 -0.1390019655227661 0.027798611670732498 -0.06582232564687729 -0.030362891033291817 -0.03188614547252655 -0.04232591763138771 -0.05680331960320473 -0.020844774320721626 -0.16806958615779877 -0.1391831934452057 -0.12916715443134308 -0.09550923109054565 0.035005729645490646 -0.013728373683989048 -0.03822476044297218 -0.06894663721323013 -0.04457692801952362 -0.18848296999931335 -0.019191790372133255 0.013303165324032307 -0.26250019669532776 -0.08941248804330826 0.05745663121342659 -0.07625886797904968 -0.0516895167529583 -0.11290566623210907 -0.0581636019051075 0.01843131333589554 -0.003524760017171502 0.014360271394252777 -0.08887708187103271 0.021530194208025932 0.03388085216283798 0.08403632789850235 0.07899000495672226 0.008099930360913277 0.08827903121709824 -0.011859143152832985 0.008484870195388794 -0.05602021515369415 0.008823861368000507 -0.04352130368351936 -0.18847788870334625 -0.1719060093164444 -0.07828392088413239 -0.02262323535978794 3.1069520070676943e-07 5.025099587266586e-06 0.0001999291852387831 0.0015266125730484675 0.00039997340020649015 0.007935047298383738 0.009634971228946196 0.140175571047053 0.7189516220180974 -2.997807 -2.9242554 -2.843249 -2.9800777 -2.7037945 -2.3622127 -1.866161 -2.5174904 -2.5081677 -4.1244717 -3.737443 -3.1389117 -3.0992012 -2.8719506 -2.4212236 -1.7120423 -2.4083188 -2.4547603
2 400 -0.1335342824459076 -0.015035491436719894 -0.0498061403632164 -0.01897817850112915 -0.15111404657363892 0.13696984946727753 0.011332602240145206 0.07145585864782333 0.030281025916337967 0.05912060663104057 -0.005768603179603815 -0.007757756393402815 0.030186746269464493 -0.02679356187582016 -0.031098337844014168 0.05933661013841629 -0.1325826495885849 0.016381217166781425 0.10297074913978577 0.11703971773386002 0.015612248331308365 0.08395978063344955 -0.004576720762997866 0.03338420018553734 0.08925812691450119 0.08457200974225998 -0.12097105383872986 -0.002276806626468897 -0.07813289761543274 -0.07340919226408005 -0.1431262493133545 0.032817017287015915 -0.10602618753910065 -0.06429795920848846 0.042365964502096176 0.2270621806383133 0.09804434329271317 0.03536088019609451 0.004628690425306559 -0.07136210799217224 0.054018303751945496 -0.12012539803981781 -0.20035827159881592 -0.04562092199921608 -0.026804542168974876 -0.2058810442686081 -0.011132467538118362 0.1384560614824295 -0.06614817678928375 -0.20781342685222626 -0.1390019655227661 0.027798611670732498 -0.06582232564687729 -0.030362891033291817 -0.03188614547252655 -0.04232591763138771 -0.05680331960320473 -0.020844774320721626 -0.16806958615779877 -0.1391831934452057 -0.12916715443134308 -0.09550923109054565 0.035005729645490646 -0.013728373683989048 -0.03822476044297218 -0.06894663721323013 -0.04457692801952362 -0.18848296999931335 -0.019191790372133255 0.013303165324032307 -0.26250019669532776 -0.08941248804330826 0.05745663121342659 -0.07625886797904968 -0.0516895167529583 -0.11290566623210907 -0.0581636019051075 0.01843131333589554 -0.003524760017171502 0.014360271394252777 -0.08887708187103271 0.021530194208025932 0.03388085216283798 0.08403632789850235 0.07899000495672226 0.008099930360913277 0.08827903121709824 -0.011859143152832985 0.008484870195388794 -0.05602021515369415 0.008823861368000507 -0.04352130368351936 -0.18847788870334625 -0.1719060093164444 -0.07828392088413239 -0.02262323535978794 7.444065293385502e-07 1.0148934020987044e-05 0.00045542287336920305 0.006159074913263485 0.0018039449625024098 0.019270557244642 0.016021627828532937 0.5487964610558411 0.9015129587360217 -3.316711 -3.116258 -3.169857 -3.3399441 -2.9851847 -2.6895971 -2.2343485 -2.791413 -2.913347 -4.3625603 -3.8654952 -3.402823 -3.3343902 -3.0466032 -2.6917303 -2.0530593 -2.6013768 -2.8115375
0 400 -0.1186971440911293 -0.01336488127708435 -0.04427212476730347 -0.016869492828845978 -0.1343235969543457 0.12175097316503525 0.010073425248265266 0.06351631879806519 0.026916468515992165 0.05255165323615074 -0.005127647425979376 -0.006895783822983503 0.026832664385437965 -0.02381650172173977 -0.02764296904206276 0.05274365469813347 -0.11785124987363815 0.014561082236468792 0.09152956306934357 0.10403531044721603 0.013877554796636105 0.07463091611862183 -0.004068196285516024 0.029674846678972244 0.07934056222438812 0.07517512887716293 -0.10752983391284943 -0.0020238282158970833 -0.0694514662027359 -0.06525261700153351 -0.12722334265708923 0.029170682653784752 -0.09424550831317902 -0.057153742760419846 0.03765863552689552 0.20183305442333221 0.08715053647756577 0.031431894749403 0.004114391747862101 -0.06343298405408859 0.048016272485256195 -0.10677813738584518 -0.1780962496995926 -0.04055193066596985 -0.02382626198232174 -0.18300537765026093 -0.009895526804029942 0.123072050511837 -0.05879838019609451 -0.18472306430339813 -0.12355730682611465 0.024709878489375114 -0.0585087351500988 -0.02698923647403717 -0.028343243524432182 -0.03762304037809372 -0.05049183964729309 -0.018528690561652184 -0.1493951976299286 -0.12371839582920074 -0.11481525003910065 -0.08489709347486496 0.03111620619893074 -0.01220299955457449 -0.03397756442427635 -0.06128590181469917 -0.039623938500881195 -0.16754041612148285 -0.017059369012713432 0.011825036257505417 -0.2333335131406784 -0.07947777211666107 0.05107256397604942 -0.06778566539287567 -0.045946236699819565 -0.10036059468984604 -0.051700979471206665 0.016383390873670578 -0.0031331200152635574 0.012764686718583107 -0.07900185883045197 0.019137952476739883 0.030116314068436623 0.07469896227121353 0.07021334022283554 0.007199938874691725 0.07847025245428085 -0.0105414604768157 0.007542107254266739 -0.04979574680328369 0.007843432947993279 -0.03868560492992401 -0.1675359010696411 -0.15280534327030182 -0.06958571076393127 -0.020109543576836586 5.929297939624553e-06 0.00011535069992191299 0.00648873664190651 0.04600144579281573 0.015256902080166015 0.0830390156095699 0.06258325551031439 0.6271384043407572 0.9461712832633883 -2.38273 -2.4382076 -2.345386 -2.464682 -2.2264035 -1.6328022 -1.2506245 -1.795403 -2.2745254 -3.3098776 -2.99926 -2.4343233 -2.3809924 -2.2271538 -1.6715789 -1.0992658 -1.6746042 -2.2446978
1 400 -0.1186971440911293 -0.01336488127708435 -0.04427212476730347 -0.016869492828845978 -0.1343235969543457 0.12175097316503525 0.010073425248265266 0.06351631879806519 0.026916468515992165 0.05255165323615074 -0.005127647425979376 -0.006895783822983503 0.026832664385437965 -0.02381650172173977 -0.02764296904206276 0.05274365469813347 -0.11785124987363815 0.014561082236468792 0.09152956306934357 0.10403531044721603 0.013877554796636105 0.07463091611862183 -0.004068196285516024 0.029674846678972244 0.07934056222438812 0.07517512887716293 -0.10752983391284943 -0.0020238282158970833 -0.0694514662027359 -0.06525261700153351 -0.12722334265708923 0.029170682653784752 -0.09424550831317902 -0.057153742760419846 0.03765863552689552 0.20183305442333221 0.08715053647756577 0.031431894749403 0.004114391747862101 -0.06343298405408859 0.048016272485256195 -0.10677813738584518 -0.1780962496995926 -0.04055193066596985 -0.02382626198232174 -0.18300537765026093 -0.009895526804029942 0.123072050511837 -0.05879838019609451 -0.18472306430339813 -0.12355730682611465 0.024709878489375114 -0.0585087351500988 -0.02698923647403717 -0.028343243524432182 -0.03762304037809372 -0.05049183964729309 -0.018528690561652184 -0.1493951976299286 -0.12371839582920074 -0.11481525003910065 -0.08489709347486496 0.03111620619893074 -0.01220299955457449 -0.03397756442427635 -0.06128590181469917 -0.039623938500881195 -0.16754041612148285 -0.017059369012713432 0.011825036257505417 -0.2333335131406784 -0.07947777211666107 0.05107256397604942 -0.06778566539287567 -0.045946236699819565 -0.10036059468984604 -0.051700979471206665 0.016383390873670578 -0.0031331200152635574 0.012764686718583107 -0.07900185883045197 0.019137952476739883 0.030116314068436623 0.07469896227121353 0.07021334022283554 0.007199938874691725 0.07847025245428085 -0.0105414604768157 0.007542107254266739 -0.04979574680328369 0.007843432947993279 -0.03868560492992401 -0.1675359010696411 -0.15280534327030182 -0.06958571076393127 -0.020109543576836586 8.721423030988851e-07 7.454235362589732e-06 0.00036536858830979295 0.0026281170994274894 0.0006683226252417591 0.013090520059340388 0.015924883614775568 0.1932291765044086 0.7973004382981188 -2.7323024 -2.6077669 -2.4614897 -2.6250625 -2.4104254 -2.0575564 -1.5715644 -2.188935 -2.2117834 -3.7638922 -3.3866687 -2.7223809 -2.700259 -2.5286312 -2.0615926 -1.4048569 -2.0453582 -2.1448696
2 400 -0.1186971440911293 -0.01336488127708435 -0.04427212476730347 -0.016869492828845978 -0.1343235969543457 0.12175097316503525 0.010073425248265266 0.06351631879806519 0.026916468515992165 0.05255165323615074 -0.005127647425979376 -0.006895783822983503 0.026832664385437965 -0.02381650172173977 -0.02764296904206276 0.05274365469813347 -0.11785124987363815 0.014561082236468792 0.09152956306934357 0.10403531044721603 0.013877554796636105 0.07463091611862183 -0.004068196285516024 0.029674846678972244 0.07934056222438812 0.07517512887716293 -0.10752983391284943 -0.0020238282158970833 -0.0694514662027359 -0.06525261700153351 -0.12722334265708923 0.029170682653784752 -0.09424550831317902 -0.057153742760419846 0.03765863552689552 0.20183305442333221 0.08715053647756577 0.031431894749403 0.004114391747862101 -0.06343298405408859 0.048016272485256195 -0.10677813738584518 -0.1780962496995926 -0.04055193066596985 -0.02382626198232174 -0.18300537765026093 -0.009895526804029942 0.123072050511837 -0.05879838019609451 -0.18472306430339813 -0.12355730682611465 0.024709878489375114 -0.0585087351500988 -0.02698923647403717 -0.028343243524432182 -0.03762304037809372 -0.05049183964729309 -0.018528690561652184 -0.1493951976299286 -0.12371839582920074 -0.11481525003910065 -0.08489709347486496 0.03111620619893074 -0.01220299955457449 -0.03397756442427635 -0.06128590181469917 -0.039623938500881195 -0.16754041612148285 -0.017059369012713432 0.011825036257505417 -0.2333335131406784 -0.07947777211666107 0.05107256397604942 -0.06778566539287567 -0.045946236699819565 -0.10036059468984604 -0.051700979471206665 0.016383390873670578 -0.0031331200152635574 0.012764686718583107 -0.07900185883045197 0.019137952476739883 0.030116314068436623 0.07469896227121353 0.07021334022283554 0.007199938874691725 0.07847025245428085 -0.0105414604768157 0.007542107254266739 -0.04979574680328369 0.007843432947993279 -0.03868560492992401 -0.1675359010696411 -0.15280534327030182 -0.06958571076393127 -0.020109543576836586 1.2550724537639153e-06 1.4709339994212794e-05 0.0008422553937965505 0.011627912134530771 0.0031004735867430533 0.030799402302858752 0.029151951813161683 0.6372369560770987 0.9278737273969103 -2.919327 -2.7902122 -2.7854452 -2.957096 -2.6938848 -2.3928244 -1.9320258 -2.4675612 -2.7033052 -3.9260905 -3.5083568 -2.9836943 -2.9172812 -2.7158566 -2.358469 -1.7364502 -2.257508 -2.6002207
0 400 -0.10385999828577042 -0.011694271117448807 -0.03873810917139053 -0.01476080622524023 -0.11753314733505249 0.10653210431337357 0.008814246393740177 0.05557677894830704 0.023551909253001213 0.04598269239068031 -0.004486691672354937 -0.006033810321241617 0.02347858063876629 -0.02083943784236908 -0.024187596514821053 0.04615069925785065 -0.10311983525753021 0.012740947306156158 0.08008836209774017 0.09103088825941086 0.012142859399318695 0.0653020516037941 -0.003559671575203538 0.025965489447116852 0.06942299008369446 0.0657782331109047 -0.0940885990858078 -0.0017708496889099479 -0.060770031064748764 -0.05709603801369667 -0.11132042109966278 0.02552434802055359 -0.08246481418609619 -0.05000952631235123 0.03295130655169487 0.17660392820835114 0.07625671476125717 0.027502907440066338 0.0036000926047563553 -0.055503860116004944 0.042014237493276596 -0.09343086183071136 -0.15583421289920807 -0.03548293933272362 -0.020847978070378304 -0.16012971103191376 -0.00865858606994152 0.1076880469918251 -0.051448579877614975 -0.16163267195224762 -0.1081126406788826 0.021621141582727432 -0.05119514465332031 -0.023615581914782524 -0.024800335988402367 -0.03292015939950943 -0.044180359691381454 -0.016212603077292442 -0.13072079420089722 -0.1082535907626152 -0.10046333819627762 -0.07428495585918427 0.027226679027080536 -0.010677623562514782 -0.02973036840558052 -0.053625162690877914 -0.03467094525694847 -0.14659786224365234 -0.01492694765329361 0.010346906259655952 -0.20416682958602905 -0.06954304873943329 0.04468848928809166 -0.05931245535612106 -0.04020295664668083 -0.08781552314758301 -0.04523835703730583 0.014335466548800468 -0.0027414800133556128 0.011169100180268288 -0.06912662088871002 0.016745707020163536 0.026351774111390114 0.06536158919334412 0.061436671763658524 0.006299945991486311 0.06866147369146347 -0.009223777800798416 0.0065993438474833965 -0.04357127845287323 0.006863003596663475 -0.03384990245103836 -0.14659391343593597 -0.13370467722415924 -0.060887496918439865 -0.017595849931240082 1.1697419914711188e-05 0.00016602866961664808 0.01933741984450485 0.07133373393432099 0.04272812311588135 0.1238932971435951 0.07512646087448886 0.6772876096677495 0.9524399348971945 -1.9394344 -2.098689 -2.0324495 -2.0953574 -2.0215583 -1.4135019 -0.96260715 -1.5474318 -2.1022804 -2.8380656 -2.617519 -2.0900311 -2.0072615 -2.0158217 -1.4197197 -0.84125984 -1.419132 -2.0743818
1 400 -0.10385999828577042 -0.011694271117448807 -0.03873810917139053 -0.01476080622524023 -0.11753314733505249 0.10653210431337357 0.008814246393740177 0.05557677894830704 0.023551909253001213 0.04598269239068031 -0.004486691672354937 -0.006033810321241617 0.02347858063876629 -0.02083943784236908 -0.024187596514821053 0.04615069925785065 -0.10311983525753021 0.012740947306156158 0.08008836209774017 0.09103088825941086 0.012142859399318695 0.0653020516037941 -0.003559671575203538 0.025965489447116852 0.06942299008369446 0.0657782331109047 -0.0940885990858078 -0.0017708496889099479 -0.060770031064748764 -0.05709603801369667 -0.11132042109966278 0.02552434802055359 -0.08246481418609619 -0.05000952631235123 0.03295130655169487 0.17660392820835114 0.07625671476125717 0.027502907440066338 0.0036000926047563553 -0.055503860116004944 0.042014237493276596 -0.09343086183071136 -0.15583421289920807 -0.03548293933272362 -0.020847978070378304 -0.16012971103191376 -0.00865858606994152 0.1076880469918251 -0.051448579877614975 -0.16163267195224762 -0.1081126406788826 0.021621141582727432 -0.05119514465332031 -0.023615581914782524 -0.024800335988402367 -0.03292015939950943 -0.044180359691381454 -0.016212603077292442 -0.13072079420089722 -0.1082535907626152 -0.10046333819627762 -0.07428495585918427 0.027226679027080536 -0.010677623562514782 -0.02973036840558052 -0.053625162690877914 -0.03467094525694847 -0.14659786224365234 -0.01492694765329361 0.010346906259655952 -0.20416682958602905 -0.06954304873943329 0.04468848928809166 -0.05931245535612106 -0.04020295664668083 -0.08781552314758301 -0.04523835703730583 0.014335466548800468 -0.0027414800133556128 0.011169100180268288 -0.06912662088871002 0.016745707020163536 0.026351774111390114 0.06536158919334412 0.061436671763658524 0.006299945991486311 0.06866147369146347 -0.009223777800798416 0.0065993438474833965 -0.04357127845287323 0.006863003596663475 -0.03384990245103836 -0.14659391343593597 -0.13370467722415924 -0.060887496918439865 -0.017595849931240082 3.57291316470002e-06 1.58067818503567e-05 0.0008652621436932984 0.005521907275670621 0.0014495488606522952 0.021294259199509235 0.02615848623567125 0.24179357939878932 0.8424321119216681 -2.473943 -2.2637155 -2.1121664 -2.2963696 -2.0590882 -1.7596734 -1.2840595 -1.8917207 -2.0762854 -3.3628445 -2.9837494 -2.3251114 -2.2883208 -2.1221433 -1.7107713 -1.1067176 -1.7444556 -2.015064
2 400 -0.10385999828577042 -0.011694271117448807 -0.03873810917139053 -0.01476080622524023 -0.11753314733505249 0.10653210431337357 0.008814246393740177 0.05557677894830704 0.023551909253001213 0.04598269239068031 -0.004486691672354937 -0.006033810321241617 0.02347858063876629 -0.02083943784236908 -0.024187596514821053 0.04615069925785065 -0.10311983525753021 0.012740947306156158 0.08008836209774017 0.09103088825941086 0.012142859399318695 0.0653020516037941 -0.003559671575203538 0.025965489447116852 0.06942299008369446 0.0657782331109047 -0.0940885990858078 -0.0017708496889099479 -0.060770031064748764 -0.05709603801369667 -0.11132042109966278 0.02552434802055359 -0.08246481418609619 -0.05000952631235123 0.03295130655169487 0.17660392820835114 0.07625671476125717 0.027502907440066338 0.0036000926047563553 -0.055503860116004944 0.042014237493276596 -0.09343086183071136 -0.15583421289920807 -0.03548293933272362 -0.020847978070378304 -0.16012971103191376 -0.00865858606994152 0.1076880469918251 -0.051448579877614975 -0.16163267195224762 -0.1081126406788826 0.021621141582727432 -0.05119514465332031 -0.023615581914782524 -0.024800335988402367 -0.03292015939950943 -0.044180359691381454 -0.016212603077292442 -0.13072079420089722 -0.1082535907626152 -0.10046333819627762 -0.07428495585918427 0.027226679027080536 -0.010677623562514782 -0.02973036840558052 -0.053625162690877914 -0.03467094525694847 -0.14659786224365234 -0.01492694765329361 0.010346906259655952 -0.20416682958602905 -0.06954304873943329 0.04468848928809166 -0.05931245535612106 -0.04020295664668083 -0.08781552314758301 -0.04523835703730583 0.014335466548800468 -0.0027414800133556128 0.011169100180268288 -0.06912662088871002 0.016745707020163536 0.026351774111390114 0.06536158919334412 0.061436671763658524 0.006299945991486311 0.06866147369146347 -0.009223777800798416 0.0065993438474833965 -0.04357127845287323 0.006863003596663475 -0.03384990245103836 -0.14659391343593597 -0.13370467722415924 -0.060887496918439865 -0.017595849931240082 3.1659041619470783e-06 2.7214691170661202e-05 0.0018548452284264994 0.024006795136257593 0.006636247830480808 0.05216071997966452 0.04328180152177443 0.7165841215981085 0.9065271539500779 -2.566546 -2.416247 -2.4102786 -2.566392 -2.3476887 -2.101923 -1.713776 -2.1636493 -2.4281569 -3.4882104 -3.1036386 -2.560382 -2.4799428 -2.3301735 -2.0259686 -1.5327554 -1.9366641 -2.3400772
0 400 -0.08902285993099213 -0.010023660957813263 -0.0332040935754776 -0.012652120552957058 -0.10074270516633987 0.09131323546171188 0.00755506893619895 0.04763724282383919 0.02018735185265541 0.03941373899579048 -0.0038457356858998537 -0.005171837750822306 0.02012449875473976 -0.01786237582564354 -0.020732227712869644 0.039557743817567825 -0.08838843554258347 0.010920812375843525 0.06864717602729797 0.07802648097276688 0.010408165864646435 0.05597319081425667 -0.0030511473305523396 0.022256135940551758 0.05950542166829109 0.05638134479522705 -0.08064737915992737 -0.0015178712783381343 -0.052088599652051926 -0.04893946275115013 -0.09541750699281693 0.021878013387322426 -0.07068413496017456 -0.04286530986428261 0.028243977576494217 0.15137480199337006 0.06536290049552917 0.023573921993374825 0.0030857939273118973 -0.047574739903211594 0.036012206226587296 -0.08008360117673874 -0.13357219099998474 -0.030413949862122536 -0.017869696021080017 -0.1372540444135666 -0.0074216453358531 0.0923040434718132 -0.044098787009716034 -0.1385422945022583 -0.09266798198223114 0.01853240840137005 -0.043881554156541824 -0.020241927355527878 -0.02125743217766285 -0.02821728028357029 -0.03786887973546982 -0.01389651745557785 -0.11204639822244644 -0.09278880059719086 -0.08611144125461578 -0.06367282569408417 0.02333715558052063 -0.009152249433100224 -0.02548317424952984 -0.045964427292346954 -0.029717953875660896 -0.12565532326698303 -0.012794527225196362 0.008868777193129063 -0.1750001460313797 -0.059608329087495804 0.03830442205071449 -0.050839249044656754 -0.0344596803188324 -0.07527045160531998 -0.038775734603405 0.012287543155252934 -0.002349840011447668 0.009573515504598618 -0.059251394122838974 0.014353464357554913 0.022587236016988754 0.0560242235660553 0.052660007029771805 0.005399954039603472 0.05885269120335579 -0.007906096056103706 0.005656580440700054 -0.03734681010246277 0.005882574710994959 -0.029014205560088158 -0.12565192580223083 -0.11460401117801666 -0.052189286798238754 -0.015082158148288727 3.9322446596546244e-05 0.0002851324651226122 0.06350283374104022 0.12678245815847347 0.10946591811394446 0.17472275707690435 0.12107443026398894 0.7865486488515715 0.972184050195606 -1.559807 -1.7440441 -1.7002314 -1.7334667 -1.7552257 -1.2986088 -0.7479869 -1.4925364 -1.9403378 -2.3695507 -2.2290826 -1.7312374 -1.6097729 -1.7411714 -1.2909946 -0.64301515 -1.4300573 -1.9352925
1 400 -0.08902285993099213 -0.010023660957813263 -0.0332040935754776 -0.012652120552957058 -0.10074270516633987 0.09131323546171188 0.00755506893619895 0.04763724282383919 0.02018735185265541 0.03941373899579048 -0.0038457356858998537 -0.005171837750822306 0.02012449875473976 -0.01786237582564354 -0.020732227712869644 0.039557743817567825 -0.08838843554258347 0.010920812375843525 0.06864717602729797 0.07802648097276688 0.010408165864646435 0.05597319081425667 -0.0030511473305523396 0.022256135940551758 0.05950542166829109 0.05638134479522705 -0.08064737915992737 -0.0015178712783381343 -0.052088599652051926 -0.04893946275115013 -0.09541750699281693 0.021878013387322426 -0.07068413496017456 -0.04286530986428261 0.028243977576494217 0.15137480199337006 0.06536290049552917 0.023573921993374825 0.0030857939273118973 -0.047574739903211594 0.036012206226587296 -0.08008360117673874 -0.13357219099998474 -0.030413949862122536 -0.017869696021080017 -0.1372540444135666 -0.0074216453358531 0.0923040434718132 -0.044098787009716034 -0.1385422945022583 -0.09266798198223114 0.01853240840137005 -0.043881554156541824 -0.020241927355527878 -0.02125743217766285 -0.02821728028357029 -0.03786887973546982 -0.01389651745557785 -0.11204639822244644 -0.09278880059719086 -0.08611144125461578 -0.06367282569408417 0.02333715558052063 -0.009152249433100224 -0.02548317424952984 -0.045964427292346954 -0.029717953875660896 -0.12565532326698303 -0.012794527225196362 0.008868777193129063 -0.1750001460313797 -0.059608329087495804 0.03830442205071449 -0.050839249044656754 -0.0344596803188324 -0.07527045160531998 -0.038775734603405 0.012287543155252934 -0.002349840011447668 0.009573515504598618 -0.059251394122838974 0.014353464357554913 0.022587236016988754 0.0560242235660553 0.052660007029771805 0.005399954039603472 0.05885269120335579 -0.007906096056103706 0.005656580440700054 -0.03734681010246277 0.005882574710994959 -0.029014205560088158 -0.12565192580223083 -0.11460401117801666 -0.052189286798238754 -0.015082158148288727 1.4284209342230016e-05 4.725117664197147e-05 0.002162719138830161 0.011502639327070324 0.0032952010617691312 0.03440256475907745 0.06319628778702882 0.33764729540290384 0.8220767669284103 -2.2049317 -1.9986765 -1.7734753 -1.9660136 -1.6981767 -1.4632566 -1.0877988 -1.5925752 -1.8352178 -2.967859 -2.6243544 -1.9341402 -1.8888435 -1.7095351 -1.3629899 -0.8413839 -1.4289632 -1.7675953
2 400 -0.08902285993099213 -0.010023660957813263 -0.0332040935754776 -0.012652120552957058 -0.10074270516633987 0.09131323546171188 0.00755506893619895 0.04763724282383919 0.02018735185265541 0.03941373899579048 -0.0038457356858998537 -0.005171837750822306 0.02012449875473976 -0.01786237582564354 -0.020732227712869644 0.039557743817567825 -0.08838843554258347 0.010920812375843525 0.06864717602729797 0.07802648097276688 0.010408165864646435 0.05597319081425667 -0.0030511473305523396 0.022256135940551758 0.05950542166829109 0.05638134479522705 -0.08064737915992737 -0.0015178712783381343 -0.052088599652051926 -0.04893946275115013 -0.09541750699281693 0.021878013387322426 -0.07068413496017456 -0.04286530986428261 0.028243977576494217 0.15137480199337006 0.06536290049552917 0.023573921993374825 0.0030857939273118973 -0.047574739903211594 0.036012206226587296 -0.08008360117673874 -0.13357219099998474 -0.030413949862122536 -0.017869696021080017 -0.1372540444135666 -0.0074216453358531 0.0923040434718132 -0.044098787009716034 -0.1385422945022583 -0.09266798198223114 0.01853240840137005 -0.043881554156541824 -0.020241927355527878 -0.02125743217766285 -0.02821728028357029 -0.03786887973546982 -0.01389651745557785 -0.11204639822244644 -0.09278880059719086 -0.08611144125461578 -0.06367282569408417 0.02333715558052063 -0.009152249433100224 -0.02548317424952984 -0.045964427292346954 -0.029717953875660896 -0.12565532326698303 -0.012794527225196362 0.008868777193129063 -0.1750001460313797 -0.059608329087495804 0.03830442205071449 -0.050839249044656754 -0.0344596803188324 -0.07527045160531998 -0.038775734603405 0.012287543155252934 -0.002349840011447668 0.009573515504598618 -0.059251394122838974 0.014353464357554913 0.022587236016988754 0.0560242235660553 0.052660007029771805 0.005399954039603472 0.05885269120335579 -0.007906096056103706 0.005656580440700054 -0.03734681010246277 0.005882574710994959 -0.029014205560088158 -0.12565192580223083 -0.11460401117801666 -0.052189286798238754 -0.015082158148288727 8.972973124543465e-06 5.351123030366055e-05 0.0042707235760219885 0.04558423582274343 0.014602868099019015 0.07282703793794891 0.06288926216540135 0.7106993096706453 0.8739376646214018 -2.235139 -2.0309322 -2.0432065 -2.1802304 -1.9936858 -1.9420906 -1.5012938 -1.9791596 -2.154863 -3.0552063 -2.6881905 -2.140857 -2.0623121 -1.9383247 -1.8540528 -1.3390336 -1.7750006 -2.0830886
0 400 -0.07418571412563324 -0.008353050798177719 -0.027670077979564667 -0.010543433018028736 -0.08395224809646606 0.0760943591594696 0.006295890547335148 0.03969769924879074 0.01682279258966446 0.03284478187561035 -0.003204779699444771 -0.004309864714741707 0.016770415008068085 -0.014885312877595425 -0.017276855185627937 0.032964784651994705 -0.07365702837705612 0.009100676514208317 0.05720597505569458 0.0650220662355423 0.0086734713986516 0.04664432257413864 -0.002542622620239854 0.018546778708696365 0.04958784952759743 0.04698445275425911 -0.06720614433288574 -0.001264892634935677 -0.04340716451406479 -0.04078288376331329 -0.07951458543539047 0.018231676891446114 -0.058903440833091736 -0.03572108969092369 0.023536646738648415 0.12614566087722778 0.05446908250451088 0.019644934684038162 0.002571494784206152 -0.039645615965127945 0.030010169371962547 -0.06673633307218552 -0.11131015419960022 -0.025344956666231155 -0.014891413040459156 -0.11437836289405823 -0.006184704136103392 0.0769200325012207 -0.036748986691236496 -0.11545190960168839 -0.07722331583499908 0.015443673357367516 -0.03656795993447304 -0.01686827279627323 -0.017714526504278183 -0.023514399304986 -0.03155739977955818 -0.011580430902540684 -0.09337199479341507 -0.07732399553060532 -0.07175952941179276 -0.053060684353113174 0.019447628408670425 -0.0076268743723630905 -0.021235978230834007 -0.038303688168525696 -0.024764960631728172 -0.10471276193857193 -0.010662105865776539 0.0073906476609408855 -0.14583344757556915 -0.04967360571026802 0.03192035108804703 -0.042366039007902145 -0.028716398403048515 -0.06272537261247635 -0.032313112169504166 0.010239618830382824 -0.0019582000095397234 0.007977928966283798 -0.04937615990638733 0.01196121983230114 0.018822696059942245 0.04668685048818588 0.04388333857059479 0.004499961622059345 0.04904390871524811 -0.006588412914425135 0.004713817033916712 -0.031122341752052307 0.004902145359665155 -0.024178503081202507 -0.1047099381685257 -0.09550333768129349 -0.043491069227457047 -0.012568464502692223 0.00017291398652098325 0.0011390602488760436 0.15424102661034864 0.22706402698152328 0.18830973152229077 0.23139316448814815 0.26032274950412543 0.873954884437598 0.9766360465126898 -1.1959193 -1.4106474 -1.4088835 -1.4402815 -1.4716293 -1.2278483 -0.7829244 -1.5723997 -1.745762 -1.8375876 -1.787853 -1.4019835 -1.2513015 -1.4364691 -1.2078626 -0.6050722 -1.5203424 -1.7340801
1 400 -0.07418571412563324 -0.008353050798177719 -0.027670077979564667 -0.010543433018028736 -0.08395224809646606 0.0760943591594696 0.006295890547335148 0.03969769924879074 0.01682279258966446 0.03284478187561035 -0.003204779699444771 -0.004309864714741707 0.016770415008068085 -0.014885312877595425 -0.017276855185627937 0.032964784651994705 -0.07365702837705612 0.009100676514208317 0.05720597505569458 0.0650220662355423 0.0086734713986516 0.04664432257413864 -0.002542622620239854 0.018546778708696365 0.04958784952759743 0.04698445275425911 -0.06720614433288574 -0.001264892634935677 -0.04340716451406479 -0.04078288376331329 -0.07951458543539047 0.018231676891446114 -0.058903440833091736 -0.03572108969092369 0.023536646738648415 0.12614566087722778 0.05446908250451088 0.019644934684038162 0.002571494784206152 -0.039645615965127945 0.030010169371962547 -0.06673633307218552 -0.11131015419960022 -0.025344956666231155 -0.014891413040459156 -0.11437836289405823 -0.006184704136103392 0.0769200325012207 -0.036748986691236496 -0.11545190960168839 -0.07722331583499908 0.015443673357367516 -0.03656795993447304 -0.01686827279627323 -0.017714526504278183 -0.023514399304986 -0.03155739977955818 -0.011580430902540684 -0.09337199479341507 -0.07732399553060532 -0.07175952941179276 -0.053060684353113174 0.019447628408670425 -0.0076268743723630905 -0.021235978230834007 -0.038303688168525696 -0.024764960631728172 -0.10471276193857193 -0.010662105865776539 0.0073906476609408855 -0.14583344757556915 -0.04967360571026802 0.03192035108804703 -0.042366039007902145 -0.028716398403048515 -0.06272537261247635 -0.032313112169504166 0.010239618830382824 -0.0019582000095397234 0.007977928966283798 -0.04937615990638733 0.01196121983230114 0.018822696059942245 0.04668685048818588 0.04388333857059479 0.004499961622059345 0.04904390871524811 -0.006588412914425135 0.004713817033916712 -0.031122341752052307 0.004902145359665155 -0.024178503081202507 -0.1047099381685257 -0.09550333768129349 -0.043491069227457047 -0.012568464502692223 7.340861731141512e-05 0.00019246463368379187 0.005381003913248391 0.022291328955011472 0.007497739329084126 0.057567069696618005 0.13591138830905888 0.48233820244178377 0.8375670102392834 -1.8510866 -1.7070378 -1.4350234 -1.614271 -1.3378515 -1.1782581 -1.0348254 -1.3588474 -1.6599424 -2.4426394 -2.2037115 -1.5434539 -1.513727 -1.2978778 -1.0178901 -0.74031895 -1.1750519 -1.5579858
2 400 -0.07418571412563324 -0.008353050798177719 -0.027670077979564667 -0.010543433018028736 -0.08395224809646606 0.0760943591594696 0.006295890547335148 0.03969769924879074 0.01682279258966446 0.03284478187561035 -0.003204779699444771 -0.004309864714741707 0.016770415008068085 -0.014885312877595425 -0.017276855185627937 0.032964784651994705 -0.07365702837705612 0.009100676514208317 0.05720597505569458 0.0650220662355423 0.0086734713986516 0.04664432257413864 -0.002542622620239854 0.018546778708696365 0.04958784952759743 0.04698445275425911 -0.06720614433288574 -0.001264892634935677 -0.04340716451406479 -0.04078288376331329 -0.07951458543539047 0.018231676891446114 -0.058903440833091736 -0.03572108969092369 0.023536646738648415 0.12614566087722778 0.05446908250451088 0.019644934684038162 0.002571494784206152 -0.039645615965127945 0.030010169371962547 -0.06673633307218552 -0.11131015419960022 -0.025344956666231155 -0.014891413040459156 -0.11437836289405823 -0.006184704136103392 0.0769200325012207 -0.036748986691236496 -0.11545190960168839 -0.07722331583499908 0.015443673357367516 -0.03656795993447304 -0.01686827279627323 -0.017714526504278183 -0.023514399304986 -0.03155739977955818 -0.011580430902540684 -0.09337199479341507 -0.07732399553060532 -0.07175952941179276 -0.053060684353113174 0.019447628408670425 -0.0076268743723630905 -0.021235978230834007 -0.038303688168525696 -0.024764960631728172 -0.10471276193857193 -0.010662105865776539 0.0073906476609408855 -0.14583344757556915 -0.04967360571026802 0.03192035108804703 -0.042366039007902145 -0.028716398403048515 -0.06272537261247635 -0.032313112169504166 0.010239618830382824 -0.0019582000095397234 0.007977928966283798 -0.04937615990638733 0.01196121983230114 0.018822696059942245 0.04668685048818588 0.04388333857059479 0.004499961622059345 0.04904390871524811 -0.006588412914425135 0.004713817033916712 -0.031122341752052307 0.004902145359665155 -0.024178503081202507 -0.1047099381685257 -0.09550333768129349 -0.043491069227457047 -0.012568464502692223 3.5573243362671994e-05 0.00019060950367072208 0.00924955478331659 0.086295967377633 0.03193011584326028 0.10051027915102048 0.10521040204116464 0.6705131921682174 0.8456286408419665 -1.8948334 -1.7402178 -1.7427744 -1.8166953 -1.6381837 -1.7787296 -1.2576222 -1.8106306 -1.8987097 -2.578422 -2.278665 -1.8043277 -1.6691864 -1.5461137 -1.6780038 -1.0979347 -1.6499164 -1.8503399
0 400 -0.05934857204556465 -0.006682440638542175 -0.022136062383651733 -0.008434746414422989 -0.06716179847717285 0.060875486582517624 0.005036712624132633 0.03175815939903259 0.013458234257996082 0.02627582661807537 -0.002563823712989688 -0.0034478919114917517 0.013416332192718983 -0.011908250860869884 -0.01382148452103138 0.026371827349066734 -0.05892562493681908 0.007280541118234396 0.04576478153467178 0.05201765522360802 0.006938777398318052 0.03731545805931091 -0.002034098142758012 0.014837423339486122 0.03967028111219406 0.03758756443858147 -0.05376491695642471 -0.0010119141079485416 -0.03472573310136795 -0.032626308500766754 -0.06361167132854462 0.014585341326892376 -0.04712275415658951 -0.028576871380209923 0.01882931776344776 0.10091652721166611 0.04357526823878288 0.0157159473747015 0.0020571958739310503 -0.031716492027044296 0.024008136242628098 -0.05338906869292259 -0.0890481248497963 -0.020275965332984924 -0.01191313099116087 -0.09150268882513046 -0.004947763402014971 0.0615360252559185 -0.029399190098047256 -0.09236153215169907 -0.06177865341305733 0.012354939244687557 -0.0292543675750494 -0.013494618237018585 -0.014171621762216091 -0.01881152018904686 -0.025245919823646545 -0.009264345280826092 -0.0746975988149643 -0.06185919791460037 -0.057407625019550323 -0.04244854673743248 0.01555810309946537 -0.006101499777287245 -0.016988782212138176 -0.030642950907349586 -0.019811969250440598 -0.08377020806074142 -0.008529684506356716 0.0059125181287527084 -0.1166667565703392 -0.039738886058330536 0.02553628198802471 -0.033892832696437836 -0.022973118349909782 -0.05018029734492302 -0.025850489735603333 0.008191695436835289 -0.0015665600076317787 0.0063823433592915535 -0.03950092941522598 0.009568976238369942 0.015058157034218311 0.037349481135606766 0.03510667011141777 0.0035999694373458624 0.03923512622714043 -0.00527073023840785 0.0037710536271333694 -0.024897873401641846 0.003921716473996639 -0.019342802464962006 -0.08376795053482056 -0.07640267163515091 -0.03479285538196564 -0.010054771788418293 0.00089985400439975 0.007038372857415492 0.2437597040597404 0.3448572592577062 0.3315740785098493 0.34914799164136695 0.5197312884120528 0.9265446672986312 0.9747827771618183 -1.055163 -1.2329308 -1.2973707 -1.1673768 -1.1908394 -1.2785542 -0.8803822 -1.5706033 -1.6017462 -1.5303044 -1.4574354 -1.2875953 -0.9607899 -1.128926 -1.2114189 -0.63414186 -1.5227969 -1.5649724
1 400 -0.05934857204556465 -0.006682440638542175 -0.022136062383651733 -0.008434746414422989 -0.06716179847717285 0.060875486582517624 0.005036712624132633 0.03175815939903259 0.013458234257996082 0.02627582661807537 -0.002563823712989688 -0.0034478919114917517 0.013416332192718983 -0.011908250860869884 -0.01382148452103138 0.026371827349066734 -0.05892562493681908 0.007280541118234396 0.04576478153467178 0.05201765522360802 0.006938777398318052 0.03731545805931091 -0.002034098142758012 0.014837423339486122 0.03967028111219406 0.03758756443858147 -0.05376491695642471 -0.0010119141079485416 -0.03472573310136795 -0.032626308500766754 -0.06361167132854462 0.014585341326892376 -0.04712275415658951 -0.028576871380209923 0.01882931776344776 0.10091652721166611 0.04357526823878288 0.0157159473747015 0.0020571958739310503 -0.031716492027044296 0.024008136242628098 -0.05338906869292259 -0.0890481248497963 -0.020275965332984924 -0.01191313099116087 -0.09150268882513046 -0.004947763402014971 0.0615360252559185 -0.029399190098047256 -0.09236153215169907 -0.06177865341305733 0.012354939244687557 -0.0292543675750494 -0.013494618237018585 -0.014171621762216091 -0.01881152018904686 -0.025245919823646545 -0.009264345280826092 -0.0746975988149643 -0.06185919791460037 -0.057407625019550323 -0.04244854673743248 0.01555810309946537 -0.006101499777287245 -0.016988782212138176 -0.030642950907349586 -0.019811969250440598 -0.08377020806074142 -0.008529684506356716 0.0059125181287527084 -0.1166667565703392 -0.039738886058330536 0.02553628198802471 -0.033892832696437836 -0.022973118349909782 -0.05018029734492302 -0.025850489735603333 0.008191695436835289 -0.0015665600076317787 0.0063823433592915535 -0.03950092941522598 0.009568976238369942 0.015058157034218311 0.037349481135606766 0.03510667011141777 0.0035999694373458624 0.03923512622714043 -0.00527073023840785 0.0037710536271333694 -0.024897873401641846 0.003921716473996639 -0.019342802464962006 -0.08376795053482056 -0.07640267163515091 -0.03479285538196564 -0.010054771788418293 0.00042129485013330545 0.0009685976663795872 0.016130979536847227 0.042457922126679586 0.023757040614276973 0.12204767300996983 0.3390269266401411 0.719395269808666 0.8738518829450445 -1.4783736 -1.3918707 -1.1207961 -1.2593871 -1.0553932 -1.0088997 -0.976066 -1.3580159 -1.5239605 -1.8798454 -1.73454 -1.1496155 -1.1407316 -0.9751165 -0.7735838 -0.6273088 -1.1554937 -1.392791
2 400 -0.05934857204556465 -0.006682440638542175 -0.022136062383651733 -0.008434746414422989 -0.06716179847717285 0.060875486582517624 0.005036712624132633 0.03175815939903259 0.013458234257996082 0.02627582661807537 -0.002563823712989688 -0.0034478919114917517 0.013416332192718983 -0.011908250860869884 -0.01382148452103138 0.026371827349066734 -0.05892562493681908 0.007280541118234396 0.04576478153467178 0.05201765522360802 0.006938777398318052 0.03731545805931091 -0.002034098142758012 0.014837423339486122 0.03967028111219406 0.03758756443858147 -0.05376491695642471 -0.0010119141079485416 -0.03472573310136795 -0.032626308500766754 -0.06361167132854462 0.014585341326892376 -0.04712275415658951 -0.028576871380209923 0.01882931776344776 0.10091652721166611 0.04357526823878288 0.0157159473747015 0.0020571958739310503 -0.031716492027044296 0.024008136242628098 -0.05338906869292259 -0.0890481248497963 -0.020275965332984924 -0.01191313099116087 -0.09150268882513046 -0.004947763402014971 0.0615360252559185 -0.029399190098047256 -0.09236153215169907 -0.06177865341305733 0.012354939244687557 -0.0292543675750494 -0.013494618237018585 -0.014171621762216091 -0.01881152018904686 -0.025245919823646545 -0.009264345280826092 -0.0746975988149643 -0.06185919791460037 -0.057407625019550323 -0.04244854673743248 0.01555810309946537 -0.006101499777287245 -0.016988782212138176 -0.030642950907349586 -0.019811969250440598 -0.08377020806074142 -0.008529684506356716 0.0059125181287527084 -0.1166667565703392 -0.039738886058330536 0.02553628198802471 -0.033892832696437836 -0.022973118349909782 -0.05018029734492302 -0.025850489735603333 0.008191695436835289 -0.0015665600076317787 0.0063823433592915535 -0.03950092941522598 0.009568976238369942 0.015058157034218311 0.037349481135606766 0.03510667011141777 0.0035999694373458624 0.03923512622714043 -0.00527073023840785 0.0037710536271333694 -0.024897873401641846 0.003921716473996639 -0.019342802464962006 -0.08376795053482056 -0.07640267163515091 -0.03479285538196564 -0.010054771788418293 0.00016666867406931658 0.0010152637191506908 0.01676646400196482 0.13832155365860704 0.0560594271328919 0.13986069763755257 0.1775664407663676 0.6485422502614894 0.8324485012231098 -1.5960964 -1.4677591 -1.5959779 -1.5190959 -1.3644334 -1.583274 -1.2017125 -1.6486214 -1.6663923 -2.110354 -1.8349915 -1.655606 -1.353394 -1.2544165 -1.4692056 -1.0178243 -1.5399847 -1.6369517
0 400 -0.04451142996549606 -0.0050118304789066315 -0.0166020467877388 -0.006326060276478529 -0.05037135258316994 0.04565661773085594 0.003777534468099475 0.023818621411919594 0.010093675926327705 0.01970686949789524 -0.0019228678429499269 -0.002585918875411153 0.01006224937736988 -0.00893118791282177 -0.010366113856434822 0.019778871908783913 -0.04419421777129173 0.0054604061879217625 0.03432358801364899 0.03901324048638344 0.005204082932323217 0.027986595407128334 -0.0015255736652761698 0.011128067970275879 0.029752710834145546 0.028190672397613525 -0.040323689579963684 -0.0007589356391690671 -0.026044299826025963 -0.024469731375575066 -0.04770875349640846 0.010939006693661213 -0.03534206748008728 -0.021432654932141304 0.014121988788247108 0.07568740099668503 0.03268145024776459 0.011786960996687412 0.0015428969636559486 -0.023787369951605797 0.018006103113293648 -0.04004180058836937 -0.06678609549999237 -0.015206974931061268 -0.008934848010540009 -0.0686270222067833 -0.00371082266792655 0.0461520217359066 -0.022049393504858017 -0.06927114725112915 -0.04633399099111557 0.009266204200685024 -0.021940777078270912 -0.010120963677763939 -0.010628716088831425 -0.014108640141785145 -0.01893443986773491 -0.006948258727788925 -0.05602319911122322 -0.04639440029859543 -0.04305572062730789 -0.031836412847042084 0.011668577790260315 -0.004576124716550112 -0.01274158712476492 -0.022982213646173477 -0.014858976937830448 -0.06282766163349152 -0.006397263612598181 0.004434388596564531 -0.08750007301568985 -0.029804164543747902 0.019152211025357246 -0.025419624522328377 -0.0172298401594162 -0.03763522580265999 -0.0193878673017025 0.006143771577626467 -0.001174920005723834 0.004786757752299309 -0.029625697061419487 0.007176732178777456 0.011293618008494377 0.02801211178302765 0.026330003514885902 0.002699977019801736 0.029426345601677895 -0.003953048028051853 0.002828290220350027 -0.018673405051231384 0.0029412873554974794 -0.014507102780044079 -0.06282596290111542 -0.05730200558900833 -0.026094643399119377 -0.007541079074144363 0.0029743126962251698 0.022935583962169725 0.38185961439890603 0.397525700344213 0.488605022516547 0.5668540061756795 0.6687338675562063 0.92424514897191 0.9796039405246485 -1.093654 -1.2386332 -1.2626877 -1.0247617 -1.1325222 -1.3069092 -0.96479666 -1.4363554 -1.4631329 -1.4359853 -1.3777924 -1.1898782 -0.84688723 -1.0437841 -1.1835108 -0.7150305 -1.3513322 -1.4281917
1 400 -0.04451142996549606 -0.0050118304789066315 -0.0166020467877388 -0.006326060276478529 -0.05037135258316994 0.04565661773085594 0.003777534468099475 0.023818621411919594 0.010093675926327705 0.01970686949789524 -0.0019228678429499269 -0.002585918875411153 0.01006224937736988 -0.00893118791282177 -0.010366113856434822 0.019778871908783913 -0.04419421777129173 0.0054604061879217625 0.03432358801364899 0.03901324048638344 0.005204082932323217 0.027986595407128334 -0.0015255736652761698 0.011128067970275879 0.029752710834145546 0.028190672397613525 -0.040323689579963684 -0.0007589356391690671 -0.026044299826025963 -0.024469731375575066 -0.04770875349640846 0.010939006693661213 -0.03534206748008728 -0.021432654932141304 0.014121988788247108 0.07568740099668503 0.03268145024776459 0.011786960996687412 0.0015428969636559486 -0.023787369951605797 0.018006103113293648 -0.04004180058836937 -0.06678609549999237 -0.015206974931061268 -0.008934848010540009 -0.0686270222067833 -0.00371082266792655 0.0461520217359066 -0.022049393504858017 -0.06927114725112915 -0.04633399099111557 0.009266204200685024 -0.021940777078270912 -0.010120963677763939 -0.010628716088831425 -0.014108640141785145 -0.01893443986773491 -0.006948258727788925 -0.05602319911122322 -0.04639440029859543 -0.04305572062730789 -0.031836412847042084 0.011668577790260315 -0.004576124716550112 -0.01274158712476492 -0.022982213646173477 -0.014858976937830448 -0.06282766163349152 -0.006397263612598181 0.004434388596564531 -0.08750007301568985 -0.029804164543747902 0.019152211025357246 -0.025419624522328377 -0.0172298401594162 -0.03763522580265999 -0.0193878673017025 0.006143771577626467 -0.001174920005723834 0.004786757752299309 -0.029625697061419487 0.007176732178777456 0.011293618008494377 0.02801211178302765 0.026330003514885902 0.002699977019801736 0.029426345601677895 -0.003953048028051853 0.002828290220350027 -0.018673405051231384 0.0029412873554974794 -0.014507102780044079 -0.06282596290111542 -0.05730200558900833 -0.026094643399119377 -0.007541079074144363 0.002095543829372288 0.004473061774473762 0.05356262434465247 0.11885960631700104 0.11784938714893037 0.2860349240105164 0.48311222434133216 0.8175029429264138 0.9031570833698889 -1.218472 -1.1317182 -1.0157083 -0.94925594 -0.8479736 -0.98280394 -0.90103793 -1.3397982 -1.4293094 -1.4608774 -1.3326781 -0.94774634 -0.7483097 -0.6717829 -0.6924099 -0.5565013 -1.1627445 -1.2973852
2 400 -0.04451142996549606 -0.0050118304789066315 -0.0166020467877388 -0.006326060276478529 -0.05037135258316994 0.04565661773085594 0.003777534468099475 0.023818621411919594 0.010093675926327705 0.01970686949789524 -0.0019228678429499269 -0.002585918875411153 0.01006224937736988 -0.00893118791282177 -0.010366113856434822 0.019778871908783913 -0.04419421777129173 0.0054604061879217625 0.03432358801364899 0.03901324048638344 0.005204082932323217 0.027986595407128334 -0.0015255736652761698 0.011128067970275879 0.029752710834145546 0.028190672397613525 -0.040323689579963684 -0.0007589356391690671 -0.026044299826025963 -0.024469731375575066 -0.04770875349640846 0.010939006693661213 -0.03534206748008728 -0.021432654932141304 0.014121988788247108 0.07568740099668503 0.03268145024776459 0.011786960996687412 0.0015428969636559486 -0.023787369951605797 0.018006103113293648 -0.04004180058836937 -0.06678609549999237 -0.015206974931061268 -0.008934848010540009 -0.0686270222067833 -0.00371082266792655 0.0461520217359066 -0.022049393504858017 -0.06927114725112915 -0.04633399099111557 0.009266204200685024 -0.021940777078270912 -0.010120963677763939 -0.010628716088831425 -0.014108640141785145 -0.01893443986773491 -0.006948258727788925 -0.05602319911122322 -0.04639440029859543 -0.04305572062730789 -0.031836412847042084 0.011668577790260315 -0.004576124716550112 -0.01274158712476492 -0.022982213646173477 -0.014858976937830448 -0.06282766163349152 -0.006397263612598181 0.004434388596564531 -0.08750007301568985 -0.029804164543747902 0.019152211025357246 -0.025419624522328377 -0.0172298401594162 -0.03763522580265999 -0.0193878673017025 0.006143771577626467 -0.001174920005723834 0.004786757752299309 -0.029625697061419487 0.007176732178777456 0.011293618008494377 0.02801211178302765 0.026330003514885902 0.002699977019801736 0.029426345601677895 -0.003953048028051853 0.002828290220350027 -0.018673405051231384 0.0029412873554974794 -0.014507102780044079 -0.06282596290111542 -0.05730200558900833 -0.026094643399119377 -0.007541079074144363 0.0006144614000554005 0.003614592726801409 0.027547011472281967 0.15070454478166026 0.08460196831960558 0.15004069836199915 0.2800424025843223 0.654485443825688 0.8640705330402423 -1.461614 -1.3690473 -1.4221536 -1.3659855 -1.2012203 -1.3916075 -1.160963 -1.4521426 -1.5000066 -1.8471682 -1.6202731 -1.4786682 -1.2188771 -1.0980761 -1.2956989 -0.96687657 -1.3283725 -1.4139535
0 400 -0.029674286022782326 -0.0033412203192710876 -0.011068031191825867 -0.0042173732072114944 -0.033580899238586426 0.030437743291258812 0.0025183563120663166 0.015879079699516296 0.006729117128998041 0.013137913309037685 -0.001281911856494844 -0.0017239459557458758 0.006708166096359491 -0.005954125430434942 -0.00691074226051569 0.013185913674533367 -0.02946281246840954 0.003640270559117198 0.02288239076733589 0.02600882761180401 0.003469388699159026 0.018657729029655457 -0.001017049071379006 0.007418711669743061 0.01983514055609703 0.018793782219290733 -0.026882458478212357 -0.0005059570539742708 -0.017362866550683975 -0.016313154250383377 -0.03180583566427231 0.007292670663446188 -0.023561377078294754 -0.014288435690104961 0.00941465888172388 0.050458263605833054 0.02178763411939144 0.00785797368735075 0.0010285979369655252 -0.015858246013522148 0.012004068121314049 -0.026694534346461296 -0.04452406242489815 -0.010137982666492462 -0.005956565495580435 -0.04575134441256523 -0.0024738817010074854 0.03076801262795925 -0.014699595049023628 -0.04618076607584953 -0.030889326706528664 0.006177469622343779 -0.0146271837875247 -0.006747309118509293 -0.007085810881108046 -0.00940576009452343 -0.012622959911823273 -0.004632172640413046 -0.03734879940748215 -0.030929598957300186 -0.028703812509775162 -0.02122427336871624 0.007779051549732685 -0.0030507498886436224 -0.008494391106069088 -0.015321475453674793 -0.009905984625220299 -0.04188510403037071 -0.004264842253178358 0.0029562590643763542 -0.0583333782851696 -0.019869443029165268 0.012768140994012356 -0.016946416348218918 -0.011486559174954891 -0.02509014867246151 -0.012925244867801666 0.0040958477184176445 -0.0007832800038158894 0.0031911716796457767 -0.01975046470761299 0.004784488119184971 0.007529078517109156 0.018674740567803383 0.017553335055708885 0.0017999847186729312 0.019617563113570213 -0.002635365119203925 0.0018855268135666847 -0.012448936700820923 0.0019608582369983196 -0.009671401232481003 -0.04188397526741028 -0.038201335817575455 -0.01739642769098282 -0.0050273858942091465 0.010536332711200528 0.04814658053652662 0.35172403354285003 0.5099473250678573 0.6921305007902138 0.7142084768434921 0.7731997850719382 0.9335495849706461 0.9824818928375018 -1.1552719 -1.172814 -1.1832385 -0.96363044 -1.1186723 -1.1997043 -1.1129405 -1.296107 -1.3715392 -1.365556 -1.21194 -1.0370085 -0.7764292 -0.9536394 -1.0195849 -0.89482266 -1.1892519 -1.3584545
1 400 -0.029674286022782326 -0.0033412203192710876 -0.011068031191825867 -0.0042173732072114944 -0.033580899238586426 0.030437743291258812 0.0025183563120663166 0.015879079699516296 0.006729117128998041 0.013137913309037685 -0.001281911856494844 -0.0017239459557458758 0.006708166096359491 -0.005954125430434942 -0.00691074226051569 0.013185913674533367 -0.02946281246840954 0.003640270559117198 0.02288239076733589 0.02600882761180401 0.003469388699159026 0.018657729029655457 -0.001017049071379006 0.007418711669743061 0.01983514055609703 0.018793782219290733 -0.026882458478212357 -0.0005059570539742708 -0.017362866550683975 -0.016313154250383377 -0.03180583566427231 0.007292670663446188 -0.023561377078294754 -0.014288435690104961 0.00941465888172388 0.050458263605833054 0.02178763411939144 0.00785797368735075 0.0010285979369655252 -0.015858246013522148 0.012004068121314049 -0.026694534346461296 -0.04452406242489815 -0.010137982666492462 -0.005956565495580435 -0.04575134441256523 -0.0024738817010074854 0.03076801262795925 -0.014699595049023628 -0.04618076607584953 -0.030889326706528664 0.006177469622343779 -0.0146271837875247 -0.006747309118509293 -0.007085810881108046 -0.00940576009452343 -0.012622959911823273 -0.004632172640413046 -0.03734879940748215 -0.030929598957300186 -0.028703812509775162 -0.02122427336871624 0.007779051549732685 -0.0030507498886436224 -0.008494391106069088 -0.015321475453674793 -0.009905984625220299 -0.04188510403037071 -0.004264842253178358 0.0029562590643763542 -0.0583333782851696 -0.019869443029165268 0.012768140994012356 -0.016946416348218918 -0.011486559174954891 -0.02509014867246151 -0.012925244867801666 0.0040958477184176445 -0.0007832800038158894 0.0031911716796457767 -0.01975046470761299 0.004784488119184971 0.007529078517109156 0.018674740567803383 0.017553335055708885 0.0017999847186729312 0.019617563113570213 -0.002635365119203925 0.0018855268135666847 -0.012448936700820923 0.0019608582369983196 -0.009671401232481003 -0.04188397526741028 -0.038201335817575455 -0.01739642769098282 -0.0050273858942091465 0.006901935872110296 0.014509523701460617 0.10222813892464963 0.20136698782869433 0.3678294300183976 0.3809683151162566 0.6223002044064979 0.9016798549150923 0.9573437678770543 -1.1756661 -1.1159333 -1.0476881 -0.83371174 -0.92770493 -1.0135694 -0.8871975 -1.2378283 -1.3010108 -1.3230348 -1.2257051 -0.83924705 -0.57930714 -0.6210114 -0.66404283 -0.6046563 -1.1330669 -1.272871
2 400 -0.029674286022782326 -0.0033412203192710876 -0.011068031191825867 -0.0042173732072114944 -0.033580899238586426 0.030437743291258812 0.0025183563120663166 0.015879079699516296 0.006729117128998041 0.013137913309037685 -0.001281911856494844 -0.0017239459557458758 0.006708166096359491 -0.005954125430434942 -0.00691074226051569 0.013185913674533367 -0.02946281246840954 0.003640270559117198 0.02288239076733589 0.02600882761180401 0.003469388699159026 0.018657729029655457 -0.001017049071379006 0.007418711669743061 0.01983514055609703 0.018793782219290733 -0.026882458478212357 -0.0005059570539742708 -0.017362866550683975 -0.016313154250383377 -0.03180583566427231 0.007292670663446188 -0.023561377078294754 -0.014288435690104961 0.00941465888172388 0.050458263605833054 0.02178763411939144 0.00785797368735075 0.0010285979369655252 -0.015858246013522148 0.012004068121314049 -0.026694534346461296 -0.04452406242489815 -0.010137982666492462 -0.005956565495580435 -0.04575134441256523 -0.0024738817010074854 0.03076801262795925 -0.014699595049023628 -0.04618076607584953 -0.030889326706528664 0.006177469622343779 -0.0146271837875247 -0.006747309118509293 -0.007085810881108046 -0.00940576009452343 -0.012622959911823273 -0.004632172640413046 -0.03734879940748215 -0.030929598957300186 -0.028703812509775162 -0.02122427336871624 0.007779051549732685 -0.0030507498886436224 -0.008494391106069088 -0.015321475453674793 -0.009905984625220299 -0.04188510403037071 -0.004264842253178358 0.0029562590643763542 -0.0583333782851696 -0.019869443029165268 0.012768140994012356 -0.016946416348218918 -0.011486559174954891 -0.02509014867246151 -0.012925244867801666 0.0040958477184176445 -0.0007832800038158894 0.0031911716796457767 -0.01975046470761299 0.004784488119184971 0.007529078517109156 0.018674740567803383 0.017553335055708885 0.0017999847186729312 0.019617563113570213 -0.002635365119203925 0.0018855268135666847 -0.012448936700820923 0.0019608582369983196 -0.009671401232481003 -0.04188397526741028 -0.038201335817575455 -0.01739642769098282 -0.0050273858942091465 0.0023389493671852855 0.011386824966051586 0.045357207648457416 0.11187340497264447 0.15803071677447192 0.22406270822392105 0.5020233431714917 0.7400798452808828 0.8903191371858882 -1.3505777 -1.2730949 -1.291526 -1.1659746 -1.1080586 -1.2296313 -1.1939268 -1.319497 -1.3466567 -1.6174014 -1.4199743 -1.2818685 -1.0754085 -0.99076897 -1.1142232 -1.0311927 -1.1506488 -1.2063682
0 400 -0.014837143011391163 -0.0016706101596355438 -0.005534015595912933 -0.0021086866036057472 -0.016790449619293213 0.015218871645629406 0.0012591781560331583 0.007939539849758148 0.0033645585644990206 0.006568956654518843 -0.000640955928247422 -0.0008619729778729379 0.0033540830481797457 -0.002977062715217471 -0.003455371130257845 0.006592956837266684 -0.01473140623420477 0.001820135279558599 0.011441195383667946 0.013004413805902004 0.001734694349579513 0.009328864514827728 -0.000508524535689503 0.0037093558348715305 0.009917570278048515 0.009396891109645367 -0.013441229239106178 -0.0002529785269871354 -0.008681433275341988 -0.008156577125191689 -0.015902917832136154 0.003646335331723094 -0.011780688539147377 -0.007144217845052481 0.00470732944086194 0.025229131802916527 0.01089381705969572 0.003928986843675375 0.0005142989684827626 -0.007929123006761074 0.006002034060657024 -0.013347267173230648 -0.022262031212449074 -0.005068991333246231 -0.0029782827477902174 -0.022875672206282616 -0.0012369408505037427 0.015384006313979626 -0.007349797524511814 -0.023090383037924767 -0.015444663353264332 0.0030887348111718893 -0.00731359189376235 -0.0033736545592546463 -0.003542905440554023 -0.004702880047261715 -0.006311479955911636 -0.002316086320206523 -0.018674399703741074 -0.015464799478650093 -0.014351906254887581 -0.01061213668435812 0.0038895257748663425 -0.0015253749443218112 -0.004247195553034544 -0.007660737726837397 -0.004952992312610149 -0.020942552015185356 -0.002132421126589179 0.0014781295321881771 -0.0291666891425848 -0.009934721514582634 0.006384070497006178 -0.008473208174109459 -0.005743279587477446 -0.012545074336230755 -0.006462622433900833 0.0020479238592088223 -0.0003916400019079447 0.0015955858398228884 -0.009875232353806496 0.0023922440595924854 0.003764539258554578 0.009337370283901691 0.008776667527854443 0.0008999923593364656 0.009808781556785107 -0.0013176825596019626 0.0009427634067833424 -0.006224468350410461 0.0009804291184991598 -0.004835700616240501 -0.02094198763370514 -0.019100667908787727 -0.00869821384549141 -0.0025136929471045732 0.02645859964542747 0.08047087668066229 0.24669664258676502 0.5188900997990004 0.6741472731441459 0.7346166898761013 0.8598075717824956 0.9430779082702084 0.9836063655161265 -1.1958046 -1.1238987 -0.9857191 -0.8426329 -0.8951924 -0.9865818 -1.0725595 -1.1803066 -1.2610469 -1.2947543 -1.1045554 -0.8398971 -0.5932328 -0.6085702 -0.77836484 -0.92726713 -1.1050792 -1.281532
1 400 -0.014837143011391163 -0.0016706101596355438 -0.005534015595912933 -0.0021086866036057472 -0.016790449619293213 0.015218871645629406 0.0012591781560331583 0.007939539849758148 0.0033645585644990206 0.006568956654518843 -0.000640955928247422 -0.0008619729778729379 0.0033540830481797457 -0.002977062715217471 -0.003455371130257845 0.006592956837266684 -0.01473140623420477 0.001820135279558599 0.011441195383667946 0.013004413805902004 0.001734694349579513 0.009328864514827728 -0.000508524535689503 0.0037093558348715305 0.009917570278048515 0.009396891109645367 -0.013441229239106178 -0.0002529785269871354 -0.008681433275341988 -0.008156577125191689 -0.015902917832136154 0.003646335331723094 -0.011780688539147377 -0.007144217845052481 0.00470732944086194 0.025229131802916527 0.01089381705969572 0.003928986843675375 0.0005142989684827626 -0.007929123006761074 0.006002034060657024 -0.013347267173230648 -0.022262031212449074 -0.005068991333246231 -0.0029782827477902174 -0.022875672206282616 -0.0012369408505037427 0.015384006313979626 -0.007349797524511814 -0.023090383037924767 -0.015444663353264332 0.0030887348111718893 -0.00731359189376235 -0.0033736545592546463 -0.003542905440554023 -0.004702880047261715 -0.006311479955911636 -0.002316086320206523 -0.018674399703741074 -0.015464799478650093 -0.014351906254887581 -0.01061213668435812 0.0038895257748663425 -0.0015253749443218112 -0.004247195553034544 -0.007660737726837397 -0.004952992312610149 -0.020942552015185356 -0.002132421126589179 0.0014781295321881771 -0.0291666891425848 -0.009934721514582634 0.006384070497006178 -0.008473208174109459 -0.005743279587477446 -0.012545074336230755 -0.006462622433900833 0.0020479238592088223 -0.0003916400019079447 0.0015955858398228884 -0.009875232353806496 0.0023922440595924854 0.003764539258554578 0.009337370283901691 0.008776667527854443 0.0008999923593364656 0.009808781556785107 -0.0013176825596019626 0.0009427634067833424 -0.006224468350410461 0.0009804291184991598 -0.004835700616240501 -0.02094198763370514 -0.019100667908787727 -0.00869821384549141 -0.0025136929471045732 0.01933686354426893 0.04328585018146128 0.0873093395071314 0.2083821688467787 0.38000924767110583 0.518592220610995 0.7845498281864076 0.9164515145037565 0.9762277091786246 -1.1092223 -1.0787853 -1.0753269 -0.8688928 -0.91575336 -1.0053623 -0.9716059 -1.1451492 -1.1958315 -1.1737471 -1.1037111 -0.8531032 -0.5438953 -0.5809186 -0.682867 -0.8208862 -1.0673956 -1.2367122
2 400 -0.014837143011391163 -0.0016706101596355438 -0.005534015595912933 -0.0021086866036057472 -0.016790449619293213 0.015218871645629406 0.0012591781560331583 0.007939539849758148 0.0033645585644990206 0.006568956654518843 -0.000640955928247422 -0.0008619729778729379 0.0033540830481797457 -0.002977062715217471 -0.003455371130257845 0.006592956837266684 -0.01473140623420477 0.001820135279558599 0.011441195383667946 0.013004413805902004 0.001734694349579513 0.009328864514827728 -0.000508524535689503 0.0037093558348715305 0.009917570278048515 0.009396891109645367 -0.013441229239106178 -0.0002529785269871354 -0.008681433275341988 -0.008156577125191689 -0.015902917832136154 0.003646335331723094 -0.011780688539147377 -0.007144217845052481 0.00470732944086194 0.025229131802916527 0.01089381705969572 0.003928986843675375 0.0005142989684827626 -0.007929123006761074 0.006002034060657024 -0.013347267173230648 -0.022262031212449074 -0.005068991333246231 -0.0029782827477902174 -0.022875672206282616 -0.0012369408505037427 0.015384006313979626 -0.007349797524511814 -0.023090383037924767 -0.015444663353264332 0.0030887348111718893 -0.00731359189376235 -0.0033736545592546463 -0.003542905440554023 -0.004702880047261715 -0.006311479955911636 -0.002316086320206523 -0.018674399703741074 -0.015464799478650093 -0.014351906254887581 -0.01061213668435812 0.0038895257748663425 -0.0015253749443218112 -0.004247195553034544 -0.007660737726837397 -0.004952992312610149 -0.020942552015185356 -0.002132421126589179 0.0014781295321881771 -0.0291666891425848 -0.009934721514582634 0.006384070497006178 -0.008473208174109459 -0.005743279587477446 -0.012545074336230755 -0.006462622433900833 0.0020479238592088223 -0.0003916400019079447 0.0015955858398228884 -0.009875232353806496 0.0023922440595924854 0.003764539258554578 0.009337370283901691 0.008776667527854443 0.0008999923593364656 0.009808781556785107 -0.0013176825596019626 0.0009427634067833424 -0.006224468350410461 0.0009804291184991598 -0.004835700616240501 -0.02094198763370514 -0.019100667908787727 -0.00869821384549141 -0.0025136929471045732 0.005928342999365609 0.019690475022644753 0.049750676318183494 0.11945933558878845 0.23144803126716834 0.3520944196071989 0.6804035137925937 0.8465643237046312 0.9430501638633607 -1.2352577 -1.1660177 -1.1382235 -1.037146 -0.9364921 -0.9771583 -1.0341903 -1.2070656 -1.2530735 -1.4075553 -1.2519937 -1.1080394 -0.87748885 -0.65877116 -0.63517946 -0.86175364 -1.0600013 -1.1739657
0 400 0.0 0.0 0.0 0.0 0.0 -0.0 -0.0 -0.0 -0.0 -0.0 0.0 0.0 -0.0 0.0 0.0 -0.0 0.0 -0.0 -0.0 -0.0 -0.0 -0.0 0.0 -0.0 -0.0 -0.0 0.0 0.0 0.0 0.0 0.0 -0.0 0.0 0.0 -0.0 -0.0 -0.0 -0.0 -0.0 0.0 -0.0 0.0 0.0 0.0 0.0 0.0 0.0 -0.0 0.0 0.0 0.0 -0.0 0.0 0.0 0.0 0.0 0.0 0.0 0.0 0.0 0.0 0.0 -0.0 0.0 0.0 0.0 0.0 0.0 0.0 -0.0 0.0 0.0 -0.0 0.0 0.0 0.0 0.0 -0.0 0.0 -0.0 0.0 -0.0 -0.0 -0.0 -0.0 -0.0 -0.0 0.0 -0.0 0.0 -0.0 0.0 0.0 0.0 0.0 0.0 0.030245076683379238 0.08887875519428369 0.19283369028427713 0.48851098225636347 0.7705403752998166 0.7554781649830584 0.8994963432194092 0.9604869812970762 0.9859340983995947 -1.1220201 -0.9675491 -0.8437306 -0.7370323 -0.5170072 -0.6664352 -0.8754709 -0.98000646 -1.1280752 -1.1711686 -0.93582934 -0.6922152 -0.52374625 -0.27096578 -0.42226088 -0.7751363 -0.93413574 -1.1755285
1 400 0.0 0.0 0.0 0.0 0.0 -0.0 -0.0 -0.0 -0.0 -0.0 0.0 0.0 -0.0 0.0 0.0 -0.0 0.0 -0.0 -0.0 -0.0 -0.0 -0.0 0.0 -0.0 -0.0 -0.0 0.0 0.0 0.0 0.0 0.0 -0.0 0.0 0.0 -0.0 -0.0 -0.0 -0.0 -0.0 0.0 -0.0 0.0 0.0 0.0 0.0 0.0 0.0 -0.0 0.0 0.0 0.0 -0.0 0.0 0.0 0.0 0.0 0.0 0.0 0.0 0.0 0.0 0.0 -0.0 0.0 0.0 0.0 0.0 0.0 0.0 -0.0 0.0 0.0 -0.0 0.0 0.0 0.0 0.0 -0.0 0.0 -0.0 0.0 -0.0 -0.0 -0.0 -0.0 -0.0 -0.0 0.0 -0.0 0.0 -0.0 0.0 0.0 0.0 0.0 0.0 0.02443124866901867 0.046524530071968696 0.10060418580941931 0.2524803159085984 0.46573242302605644 0.6193553722120231 0.830074379683611 0.9315915252249368 0.9798325769068621 -1.097094 -1.0237106 -0.9358686 -0.77841973 -0.60955155 -0.71947014 -0.90688336 -1.0274885 -1.109878 -1.1342716 -1.0317926 -0.8163678 -0.5260433 -0.24058998 -0.4777079 -0.7869928 -0.97945464 -1.1750247
2 400 0.0 0.0 0.0 0.0 0.0 -0.0 -0.0 -0.0 -0.0 -0.0 0.0 0.0 -0.0 0.0 0.0 -0.0 0.0 -0.0 -0.0 -0.0 -0.0 -0.0 0.0 -0.0 -0.0 -0.0 0.0 0.0 0.0 0.0 0.0 -0.0 0.0 0.0 -0.0 -0.0 -0.0 -0.0 -0.0 0.0 -0.0 0.0 0.0 0.0 0.0 0.0 0.0 -0.0 0.0 0.0 0.0 -0.0 0.0 0.0 0.0 0.0 0.0 0.0 0.0 0.0 0.0 0.0 -0.0 0.0 0.0 0.0 0.0 0.0 0.0 -0.0 0.0 0.0 -0.0 0.0 0.0 0.0 0.0 -0.0 0.0 -0.0 0.0 -0.0 -0.0 -0.0 -0.0 -0.0 -0.0 0.0 -0.0 0.0 -0.0 0.0 0.0 0.0 0.0 0.0 0.00957107250822021 0.028547772139241392 0.05153147216882974 0.16932631822530458 0.31191860659681603 0.5580530151189275 0.7668874538471295 0.8828846628550294 0.9715683801004595 -1.1336769 -0.99560666 -0.96406734 -0.7980857 -0.6497544 -0.71649826 -0.9277028 -1.0545312 -1.1021744 -1.2449238 -1.0277224 -0.91230905 -0.63758 -0.42292818 -0.43025997 -0.7886762 -0.94784456 -1.1086929
0 400 0.014837143011391163 0.0016706101596355438 0.005534015595912933 0.0021086866036057472 0.016790449619293213 -0.015218871645629406 -0.0012591781560331583 -0.007939539849758148 -0.0033645585644990206 -0.006568956654518843 0.000640955928247422 0.0008619729778729379 -0.0033540830481797457 0.002977062715217471 0.003455371130257845 -0.006592956837266684 0.01473140623420477 -0.001820135279558599 -0.011441195383667946 -0.013004413805902004 -0.001734694349579513 -0.009328864514827728 0.000508524535689503 -0.0037093558348715305 -0.009917570278048515 -0.009396891109645367 0.013441229239106178 0.0002529785269871354 0.008681433275341988 0.008156577125191689 0.015902917832136154 -0.003646335331723094 0.011780688539147377 0.007144217845052481 -0.00470732944086194 -0.025229131802916527 -0.01089381705969572 -0.003928986843675375 -0.0005142989684827626 0.007929123006761074 -0.006002034060657024 0.013347267173230648 0.022262031212449074 0.005068991333246231 0.0029782827477902174 0.022875672206282616 0.0012369408505037427 -0.015384006313979626 0.007349797524511814 0.023090383037924767 0.015444663353264332 -0.0030887348111718893 0.00731359189376235 0.0033736545592546463 0.003542905440554023 0.004702880047261715 0.006311479955911636 0.002316086320206523 0.018674399703741074 0.015464799478650093 0.014351906254887581 0.01061213668435812 -0.0038895257748663425 0.0015253749443218112 0.004247195553034544 0.007660737726837397 0.004952992312610149 0.020942552015185356 0.002132421126589179 -0.0014781295321881771 0.0291666891425848 0.009934721514582634 -0.006384070497006178 0.008473208174109459 0.005743279587477446 0.012545074336230755 0.006462622433900833 -0.0020479238592088223 0.0003916400019079447 -0.0015955858398228884 0.009875232353806496 -0.0023922440595924854 -0.003764539258554578 -0.009337370283901691 -0.008776667527854443 -0.0008999923593364656 -0.009808781556785107 0.0013176825596019626 -0.0009427634067833424 0.006224468350410461 -0.0009804291184991598 0.004835700616240501 0.02094198763370514 0.019100667908787727 0.00869821384549141 0.0025136929471045732 0.05006706638473893 0.10713792356516089 0.21438197400104167 0.44547661587213516 0.7357936088878618 0.8087428132626908 0.9265608627900845 0.9652475791199621 0.9879476171251664 -0.91309536 -0.67446613 -0.67349684 -0.55683726 -0.17546089 -0.36951497 -0.61180377 -0.80435014 -1.0170865 -0.899206 -0.61021906 -0.5062208 -0.3309823 0.026001796 -0.17624447 -0.54488206 -0.7735807 -1.0839455
1 400 0.014837143011391163 0.0016706101596355438 0.005534015595912933 0.0021086866036057472 0.016790449619293213 -0.015218871645629406 -0.0012591781560331583 -0.007939539849758148 -0.0033645585644990206 -0.006568956654518843 0.000640955928247422 0.0008619729778729379 -0.0033540830481797457 0.002977062715217471 0.003455371130257845 -0.006592956837266684 0.01473140623420477 -0.001820135279558599 -0.011441195383667946 -0.013004413805902004 -0.001734694349579513 -0.009328864514827728 0.000508524535689503 -0.0037093558348715305 -0.009917570278048515 -0.009396891109645367 0.013441229239106178 0.0002529785269871354 0.008681433275341988 0.008156577125191689 0.015902917832136154 -0.003646335331723094 0.011780688539147377 0.007144217845052481 -0.00470732944086194 -0.025229131802916527 -0.01089381705969572 -0.003928986843675375 -0.0005142989684827626 0.007929123006761074 -0.006002034060657024 0.013347267173230648 0.022262031212449074 0.005068991333246231 0.0029782827477902174 0.022875672206282616 0.0012369408505037427 -0.015384006313979626 0.007349797524511814 0.023090383037924767 0.015444663353264332 -0.0030887348111718893 0.00731359189376235 0.0033736545592546463 0.003542905440554023 0.004702880047261715 0.006311479955911636 0.002316086320206523 0.018674399703741074 0.015464799478650093 0.014351906254887581 0.01061213668435812 -0.0038895257748663425 0.0015253749443218112 0.004247195553034544 0.007660737726837397 0.004952992312610149 0.020942552015185356 0.002132421126589179 -0.0014781295321881771 0.0291666891425848 0.009934721514582634 -0.006384070497006178 0.008473208174109459 0.005743279587477446 0.012545074336230755 0.006462622433900833 -0.0020479238592088223 0.0003916400019079447 -0.0015955858398228884 0.009875232353806496 -0.0023922440595924854 -0.003764539258554578 -0.009337370283901691 -0.008776667527854443 -0.0008999923593364656 -0.009808781556785107 0.0013176825596019626 -0.0009427634067833424 0.006224468350410461 -0.0009804291184991598 0.004835700616240501 0.02094198763370514 0.019100667908787727 0.00869821384549141 0.0025136929471045732 0.031997929821434894 0.06596338086735087 0.11263562491994024 0.34768322070921076 0.5145990644889196 0.7001041045614991 0.8894091576553654 0.9451028671612338 0.9830056757985188 -0.9899523 -0.86728823 -0.8504175 -0.62043476 -0.3815177 -0.47133404 -0.65878165 -0.82817143 -1.0360595 -0.98604745 -0.82193005 -0.72802967 -0.3903106 -0.10540602 -0.2728122 -0.5728533 -0.81573665 -1.117878
2 400 0.014837143011391163 0.0016706101596355438 0.005534015595912933 0.0021086866036057472 0.016790449619293213 -0.015218871645629406 -0.0012591781560331583 -0.007939539849758148 -0.0033645585644990206 -0.006568956654518843 0.000640955928247422 0.0008619729778729379 -0.0033540830481797457 0.002977062715217471 0.003455371130257845 -0.006592956837266684 0.01473140623420477 -0.001820135279558599 -0.011441195383667946 -0.013004413805902004 -0.001734694349579513 -0.009328864514827728 0.000508524535689503 -0.0037093558348715305 -0.009917570278048515 -0.009396891109645367 0.013441229239106178 0.0002529785269871354 0.008681433275341988 0.008156577125191689 0.015902917832136154 -0.003646335331723094 0.011780688539147377 0.007144217845052481 -0.00470732944086194 -0.025229131802916527 -0.01089381705969572 -0.003928986843675375 -0.0005142989684827626 0.007929123006761074 -0.006002034060657024 0.013347267173230648 0.022262031212449074 0.005068991333246231 0.0029782827477902174 0.022875672206282616 0.0012369408505037427 -0.015384006313979626 0.007349797524511814 0.023090383037924767 0.015444663353264332 -0.0030887348111718893 0.00731359189376235 0.0033736545592546463 0.003542905440554023 0.004702880047261715 0.006311479955911636 0.002316086320206523 0.018674399703741074 0.015464799478650093 0.014351906254887581 0.01061213668435812 -0.0038895257748663425 0.0015253749443218112 0.004247195553034544 0.007660737726837397 0.004952992312610149 0.020942552015185356 0.002132421126589179 -0.0014781295321881771 0.0291666891425848 0.009934721514582634 -0.006384070497006178 0.008473208174109459 0.005743279587477446 0.012545074336230755 0.006462622433900833 -0.0020479238592088223 0.0003916400019079447 -0.0015955858398228884 0.009875232353806496 -0.0023922440595924854 -0.003764539258554578 -0.009337370283901691 -0.008776667527854443 -0.0008999923593364656 -0.009808781556785107 0.0013176825596019626 -0.0009427634067833424 0.006224468350410461 -0.0009804291184991598 0.004835700616240501 0.02094198763370514 0.019100667908787727 0.00869821384549141 0.0025136929471045732 0.022619752608536096 0.05638555481515482 0.08116050883525038 0.2139959427391628 0.3429158307302425 0.5532879298116616 0.8114360958349457 0.899787799468671 0.9747358296001915 -0.96303 -0.7872635 -0.74947786 -0.50542605 -0.385929 -0.52365094 -0.73570627 -0.87437856 -0.99152184 -0.9880627 -0.74491554 -0.65907735 -0.31768376 -0.12455566 -0.25279117 -0.6281849 -0.7918755 -1.0318284
0 400 0.029674286022782326 0.0033412203192710876 0.011068031191825867 0.0042173732072114944 0.033580899238586426 -0.030437743291258812 -0.0025183563120663166 -0.015879079699516296 -0.006729117128998041 -0.013137913309037685 0.001281911856494844 0.0017239459557458758 -0.006708166096359491 0.005954125430434942 0.00691074226051569 -0.013185913674533367 0.02946281246840954 -0.003640270559117198 -0.02288239076733589 -0.02600882761180401 -0.003469388699159026 -0.018657729029655457 0.001017049071379006 -0.007418711669743061 -0.01983514055609703 -0.018793782219290733 0.026882458478212357 0.0005059570539742708 0.017362866550683975 0.016313154250383377 0.03180583566427231 -0.007292670663446188 0.023561377078294754 0.014288435690104961 -0.00941465888172388 -0.050458263605833054 -0.02178763411939144 -0.00785797368735075 -0.0010285979369655252 0.015858246013522148 -0.012004068121314049 0.026694534346461296 0.04452406242489815 0.010137982666492462 0.005956565495580435 0.04575134441256523 0.0024738817010074854 -0.03076801262795925 0.014699595049023628 0.04618076607584953 0.030889326706528664 -0.006177469622343779 0.0146271837875247 0.006747309118509293 0.007085810881108046 0.00940576009452343 0.012622959911823273 0.004632172640413046 0.03734879940748215 0.030929598957300186 0.028703812509775162 0.02122427336871624 -0.007779051549732685 0.0030507498886436224 0.008494391106069088 0.015321475453674793 0.009905984625220299 0.04188510403037071 0.004264842253178358 -0.0029562590643763542 0.0583333782851696 0.019869443029165268 -0.012768140994012356 0.016946416348218918 0.011486559174954891 0.02509014867246151 0.012925244867801666 -0.0040958477184176445 0.0007832800038158894 -0.0031911716796457767 0.01975046470761299 -0.004784488119184971 -0.007529078517109156 -0.018674740567803383 -0.017553335055708885 -0.0017999847186729312 -0.019617563113570213 0.002635365119203925 -0.0018855268135666847 0.012448936700820923 -0.0019608582369983196 0.009671401232481003 0.04188397526741028 0.038201335817575455 0.01739642769098282 0.0050273858942091465 0.07859802971232432 0.1797779316252153 0.39254550773868807 0.6121880447275021 0.8004618257456116 0.8182980441662843 0.9307145809398798 0.9622165083367037 0.9915396181312176 -0.7164309 -0.51866996 -0.37000585 -0.169329 0.46533278 -0.014061302 -0.16510384 -0.54410374 -0.9324385 -0.7083497 -0.4005196 -0.12025294 0.19283915 0.67733645 0.11609778 -0.13092235 -0.5454336 -1.0297352
1 400 0.029674286022782326 0.0033412203192710876 0.011068031191825867 0.0042173732072114944 0.033580899238586426 -0.030437743291258812 -0.0025183563120663166 -0.015879079699516296 -0.006729117128998041 -0.013137913309037685 0.001281911856494844 0.0017239459557458758 -0.006708166096359491 0.005954125430434942 0.00691074226051569 -0.013185913674533367 0.02946281246840954 -0.003640270559117198 -0.02288239076733589 -0.02600882761180401 -0.003469388699159026 -0.018657729029655457 0.001017049071379006 -0.007418711669743061 -0.01983514055609703 -0.018793782219290733 0.026882458478212357 0.0005059570539742708 0.017362866550683975 0.016313154250383377 0.03180583566427231 -0.007292670663446188 0.023561377078294754 0.014288435690104961 -0.00941465888172388 -0.050458263605833054 -0.02178763411939144 -0.00785797368735075 -0.0010285979369655252 0.015858246013522148 -0.012004068121314049 0.026694534346461296 0.04452406242489815 0.010137982666492462 0.005956565495580435 0.04575134441256523 0.0024738817010074854 -0.03076801262795925 0.014699595049023628 0.04618076607584953 0.030889326706528664 -0.006177469622343779 0.0146271837875247 0.006747309118509293 0.007085810881108046 0.00940576009452343 0.012622959911823273 0.004632172640413046 0.03734879940748215 0.030929598957300186 0.028703812509775162 0.02122427336871624 -0.007779051549732685 0.0030507498886436224 0.008494391106069088 0.015321475453674793 0.009905984625220299 0.04188510403037071 0.004264842253178358 -0.0029562590643763542 0.0583333782851696 0.019869443029165268 -0.012768140994012356 0.016946416348218918 0.011486559174954891 0.02509014867246151 0.012925244867801666 -0.0040958477184176445 0.0007832800038158894 -0.0031911716796457767 0.01975046470761299 -0.004784488119184971 -0.007529078517109156 -0.018674740567803383 -0.017553335055708885 -0.0017999847186729312 -0.019617563113570213 0.002635365119203925 -0.0018855268135666847 0.012448936700820923 -0.0019608582369983196 0.009671401232481003 0.04188397526741028 0.038201335817575455 0.01739642769098282 0.0050273858942091465 0.05199435080299541 0.13570243861025927 0.26204385011603376 0.3966484969303107 0.49851937758530984 0.6830452097883023 0.8824738605594847 0.9306963231762403 0.9865917371787734 -0.82227325 -0.6277938 -0.35933292 -0.1544581 0.048205703 -0.101455 -0.2724167 -0.59786105 -0.8932289 -0.7560185 -0.48621243 -0.18511969 0.09426293 0.39375645 0.020712927 -0.23507094 -0.6093422 -0.99097276
2 400 0.029674286022782326 0.0033412203192710876 0.011068031191825867 0.0042173732072114944 0.033580899238586426 -0.030437743291258812 -0.0025183563120663166 -0.015879079699516296 -0.006729117128998041 -0.013137913309037685 0.001281911856494844 0.0017239459557458758 -0.006708166096359491 0.005954125430434942 0.00691074226051569 -0.013185913674533367 0.02946281246840954 -0.003640270559117198 -0.02288239076733589 -0.02600882761180401 -0.003469388699159026 -0.018657729029655457 0.001017049071379006 -0.007418711669743061 -0.01983514055609703 -0.018793782219290733 0.026882458478212357 0.0005059570539742708 0.017362866550683975 0.016313154250383377 0.03180583566427231 -0.007292670663446188 0.023561377078294754 0.014288435690104961 -0.00941465888172388 -0.050458263605833054 -0.02178763411939144 -0.00785797368735075 -0.0010285979369655252 0.015858246013522148 -0.012004068121314049 0.026694534346461296 0.04452406242489815 0.010137982666492462 0.005956565495580435 0.04575134441256523 0.0024738817010074854 -0.03076801262795925 0.014699595049023628 0.04618076607584953 0.030889326706528664 -0.006177469622343779 0.0146271837875247 0.006747309118509293 0.007085810881108046 0.00940576009452343 0.012622959911823273 0.004632172640413046 0.03734879940748215 0.030929598957300186 0.028703812509775162 0.02122427336871624 -0.007779051549732685 0.0030507498886436224 0.008494391106069088 0.015321475453674793 0.009905984625220299 0.04188510403037071 0.004264842253178358 -0.0029562590643763542 0.0583333782851696 0.019869443029165268 -0.012768140994012356 0.016946416348218918 0.011486559174954891 0.02509014867246151 0.012925244867801666 -0.0040958477184176445 0.0007832800038158894 -0.0031911716796457767 0.01975046470761299 -0.004784488119184971 -0.007529078517109156 -0.018674740567803383 -0.017553335055708885 -0.0017999847186729312 -0.019617563113570213 0.002635365119203925 -0.0018855268135666847 0.012448936700820923 -0.0019608582369983196 0.009671401232481003 0.04188397526741028 0.038201335817575455 0.01739642769098282 0.0050273858942091465 0.0393508012458345 0.09551078123340524 0.1682192328908694 0.29177091062864424 0.4219195990585658 0.59253332157959 0.8034605106781362 0.9170049970444502 0.9791532700989042 -0.7458023 -0.54128355 -0.21267827 0.12223768 0.22020325 -0.052223355 -0.40715456 -0.616282 -0.9311446 -0.76196474 -0.4752098 -0.11088759 0.32052115 0.6296267 0.21228006 -0.26445794 -0.5248912 -1.0066785
0 400 0.04451142996549606 0.0050118304789066315 0.0166020467877388 0.006326060276478529 0.05037135258316994 -0.04565661773085594 -0.003777534468099475 -0.023818621411919594 -0.010093675926327705 -0.01970686949789524 0.0019228678429499269 0.002585918875411153 -0.01006224937736988 0.00893118791282177 0.010366113856434822 -0.019778871908783913 0.04419421777129173 -0.0054604061879217625 -0.03432358801364899 -0.03901324048638344 -0.005204082932323217 -0.027986595407128334 0.0015255736652761698 -0.011128067970275879 -0.029752710834145546 -0.028190672397613525 0.040323689579963684 0.0007589356391690671 0.026044299826025963 0.024469731375575066 0.04770875349640846 -0.010939006693661213 0.03534206748008728 0.021432654932141304 -0.014121988788247108 -0.07568740099668503 -0.03268145024776459 -0.011786960996687412 -0.0015428969636559486 0.023787369951605797 -0.018006103113293648 0.04004180058836937 0.06678609549999237 0.015206974931061268 0.008934848010540009 0.0686270222067833 0.00371082266792655 -0.0461520217359066 0.022049393504858017 0.06927114725112915 0.04633399099111557 -0.009266204200685024 0.021940777078270912 0.010120963677763939 0.010628716088831425 0.014108640141785145 0.01893443986773491 0.006948258727788925 0.05602319911122322 0.04639440029859543 0.04305572062730789 0.031836412847042084 -0.011668577790260315 0.004576124716550112 0.01274158712476492 0.022982213646173477 0.014858976937830448 0.06282766163349152 0.006397263612598181 -0.004434388596564531 0.08750007301568985 0.029804164543747902 -0.019152211025357246 0.025419624522328377 0.0172298401594162 0.03763522580265999 0.0193878673017025 -0.006143771577626467 0.001174920005723834 -0.004786757752299309 0.029625697061419487 -0.007176732178777456 -0.011293618008494377 -0.02801211178302765 -0.026330003514885902 -0.002699977019801736 -0.029426345601677895 0.003953048028051853 -0.002828290220350027 0.018673405051231384 -0.0029412873554974794 0.014507102780044079 0.06282596290111542 0.05730200558900833 0.026094643399119377 0.007541079074144363 0.07585682885878002 0.2403125234372238 0.5216399275104885 0.6057839872956345 0.7747995768190359 0.840918685696152 0.9380247881334655 0.9561163040927307 0.9930357794204724 -0.59855974 -0.35644248 -0.14379646 -0.0056937635 0.1822556 0.2129021 0.019849509 -0.27530748 -0.834018 -0.57792675 -0.21842596 0.15727557 0.3539242 0.40739828 0.3159415 -0.0022069514 -0.32527223 -0.94547445
1 400 0.04451142996549606 0.0050118304789066315 0.0166020467877388 0.006326060276478529 0.05037135258316994 -0.04565661773085594 -0.003777534468099475 -0.023818621411919594 -0.010093675926327705 -0.01970686949789524 0.0019228678429499269 0.002585918875411153 -0.01006224937736988 0.00893118791282177 0.010366113856434822 -0.019778871908783913 0.04419421777129173 -0.0054604061879217625 -0.03432358801364899 -0.03901324048638344 -0.005204082932323217 -0.027986595407128334 0.0015255736652761698 -0.011128067970275879 -0.029752710834145546 -0.028190672397613525 0.040323689579963684 0.0007589356391690671 0.026044299826025963 0.024469731375575066 0.04770875349640846 -0.010939006693661213 0.03534206748008728 0.021432654932141304 -0.014121988788247108 -0.07568740099668503 -0.03268145024776459 -0.011786960996687412 -0.0015428969636559486 0.023787369951605797 -0.018006103113293648 0.04004180058836937 0.06678609549999237 0.015206974931061268 0.008934848010540009 0.0686270222067833 0.00371082266792655 -0.0461520217359066 0.022049393504858017 0.06927114725112915 0.04633399099111557 -0.009266204200685024 0.021940777078270912 0.010120963677763939 0.010628716088831425 0.014108640141785145 0.01893443986773491 0.006948258727788925 0.05602319911122322 0.04639440029859543 0.04305572062730789 0.031836412847042084 -0.011668577790260315 0.004576124716550112 0.01274158712476492 0.022982213646173477 0.014858976937830448 0.06282766163349152 0.006397263612598181 -0.004434388596564531 0.08750007301568985 0.029804164543747902 -0.019152211025357246 0.025419624522328377 0.0172298401594162 0.03763522580265999 0.0193878673017025 -0.006143771577626467 0.001174920005723834 -0.004786757752299309 0.029625697061419487 -0.007176732178777456 -0.011293618008494377 -0.02801211178302765 -0.026330003514885902 -0.002699977019801736 -0.029426345601677895 0.003953048028051853 -0.002828290220350027 0.018673405051231384 -0.0029412873554974794 0.014507102780044079 0.06282596290111542 0.05730200558900833 0.026094643399119377 0.007541079074144363 0.07762815750096463 0.24384208201162463 0.31511652568716003 0.3545222505966915 0.5113582896658524 0.7395229391314383 0.8882546891005665 0.9060820963295256 0.9892226697614818 -0.6120246 -0.4524597 0.006719619 0.30544922 -0.09617698 -0.03210309 -0.28064042 -0.30771637 -0.7095129 -0.50818384 -0.23001073 0.18338716 0.5142539 0.21615747 0.083822936 -0.21809432 -0.38023835 -0.8544066
2 400 0.04451142996549606 0.0050118304789066315 0.0166020467877388 0.006326060276478529 0.05037135258316994 -0.04565661773085594 -0.003777534468099475 -0.023818621411919594 -0.010093675926327705 -0.01970686949789524 0.0019228678429499269 0.002585918875411153 -0.01006224937736988 0.00893118791282177 0.010366113856434822 -0.019778871908783913 0.04419421777129173 -0.0054604061879217625 -0.03432358801364899 -0.03901324048638344 -0.005204082932323217 -0.027986595407128334 0.0015255736652761698 -0.011128067970275879 -0.029752710834145546 -0.028190672397613525 0.040323689579963684 0.0007589356391690671 0.026044299826025963 0.024469731375575066 0.04770875349640846 -0.010939006693661213 0.03534206748008728 0.021432654932141304 -0.014121988788247108 -0.07568740099668503 -0.03268145024776459 -0.011786960996687412 -0.0015428969636559486 0.023787369951605797 -0.018006103113293648 0.04004180058836937 0.06678609549999237 0.015206974931061268 0.008934848010540009 0.0686270222067833 0.00371082266792655 -0.0461520217359066 0.022049393504858017 0.06927114725112915 0.04633399099111557 -0.009266204200685024 0.021940777078270912 0.010120963677763939 0.010628716088831425 0.014108640141785145 0.01893443986773491 0.006948258727788925 0.05602319911122322 0.04639440029859543 0.04305572062730789 0.031836412847042084 -0.011668577790260315 0.004576124716550112 0.01274158712476492 0.022982213646173477 0.014858976937830448 0.06282766163349152 0.006397263612598181 -0.004434388596564531 0.08750007301568985 0.029804164543747902 -0.019152211025357246 0.025419624522328377 0.0172298401594162 0.03763522580265999 0.0193878673017025 -0.006143771577626467 0.001174920005723834 -0.004786757752299309 0.029625697061419487 -0.007176732178777456 -0.011293618008494377 -0.02801211178302765 -0.026330003514885902 -0.002699977019801736 -0.029426345601677895 0.003953048028051853 -0.002828290220350027 0.018673405051231384 -0.0029412873554974794 0.014507102780044079 0.06282596290111542 0.05730200558900833 0.026094643399119377 0.007541079074144363 0.0627714924697927 0.1577796823990524 0.23197352352972408 0.2545353497820191 0.4108520958354234 0.640090662255438 0.765600576531749 0.869447732117777 0.9817536348892504 -0.55085796 -0.33503023 0.15897527 0.20888957 0.25895742 -0.07765326 -0.048086613 -0.6074861 -0.8275263 -0.53767365 -0.26105478 0.21950468 0.27231926 0.6542867 0.11682573 0.17910245 -0.51420844 -0.82773966
0 400 0.05934857204556465 0.006682440638542175 0.022136062383651733 0.008434746414422989 0.06716179847717285 -0.060875486582517624 -0.005036712624132633 -0.03175815939903259 -0.013458234257996082 -0.02627582661807537 0.002563823712989688 0.0034478919114917517 -0.013416332192718983 0.011908250860869884 0.01382148452103138 -0.026371827349066734 0.05892562493681908 -0.007280541118234396 -0.04576478153467178 -0.05201765522360802 -0.006938777398318052 -0.03731545805931091 0.002034098142758012 -0.014837423339486122 -0.03967028111219406 -0.03758756443858147 0.05376491695642471 0.0010119141079485416 0.03472573310136795 0.032626308500766754 0.06361167132854462 -0.014585341326892376 0.04712275415658951 0.028576871380209923 -0.01882931776344776 -0.10091652721166611 -0.04357526823878288 -0.0157159473747015 -0.0020571958739310503 0.031716492027044296 -0.024008136242628098 0.05338906869292259 0.0890481248497963 0.020275965332984924 0.01191313099116087 0.09150268882513046 0.004947763402014971 -0.0615360252559185 0.029399190098047256 0.09236153215169907 0.06177865341305733 -0.012354939244687557 0.0292543675750494 0.013494618237018585 0.014171621762216091 0.01881152018904686 0.025245919823646545 0.009264345280826092 0.0746975988149643 0.06185919791460037 0.057407625019550323 0.04244854673743248 -0.01555810309946537 0.006101499777287245 0.016988782212138176 0.030642950907349586 0.019811969250440598 0.08377020806074142 0.008529684506356716 -0.0059125181287527084 0.1166667565703392 0.039738886058330536 -0.02553628198802471 0.033892832696437836 0.022973118349909782 0.05018029734492302 0.025850489735603333 -0.008191695436835289 0.0015665600076317787 -0.0063823433592915535 0.03950092941522598 -0.009568976238369942 -0.015058157034218311 -0.037349481135606766 -0.03510667011141777 -0.0035999694373458624 -0.03923512622714043 0.00527073023840785 -0.0037710536271333694 0.024897873401641846 -0.003921716473996639 0.019342802464962006 0.08376795053482056 0.07640267163515091 0.03479285538196564 0.010054771788418293 0.11015002217547386 0.467864166366418 0.48426017387882814 0.5735119970383 0.8107232412797544 0.8991570524559431 0.9559541239807234 0.9601116741373029 0.9929897850712107 -0.42558682 -0.3277818 -0.09329271 -0.16487148 -0.12669298 0.3254582 -0.12769821 -0.10747537 -0.67836833 -0.32459694 -0.075552724 0.14157028 0.0845518 0.14199105 0.4063023 -0.15376963 -0.2074494 -0.80188686
1 400 0.05934857204556465 0.006682440638542175 0.022136062383651733 0.008434746414422989 0.06716179847717285 -0.060875486582517624 -0.005036712624132633 -0.03175815939903259 -0.013458234257996082 -0.02627582661807537 0.002563823712989688 0.0034478919114917517 -0.013416332192718983 0.011908250860869884 0.01382148452103138 -0.026371827349066734 0.05892562493681908 -0.007280541118234396 -0.04576478153467178 -0.05201765522360802 -0.006938777398318052 -0.03731545805931091 0.002034098142758012 -0.014837423339486122 -0.03967028111219406 -0.03758756443858147 0.05376491695642471 0.0010119141079485416 0.03472573310136795 0.032626308500766754 0.06361167132854462 -0.014585341326892376 0.04712275415658951 0.028576871380209923 -0.01882931776344776 -0.10091652721166611 -0.04357526823878288 -0.0157159473747015 -0.0020571958739310503 0.031716492027044296 -0.024008136242628098 0.05338906869292259 0.0890481248497963 0.020275965332984924 0.01191313099116087 0.09150268882513046 0.004947763402014971 -0.0615360252559185 0.029399190098047256 0.09236153215169907 0.06177865341305733 -0.012354939244687557 0.0292543675750494 0.013494618237018585 0.014171621762216091 0.01881152018904686 0.025245919823646545 0.009264345280826092 0.0746975988149643 0.06185919791460037 0.057407625019550323 0.04244854673743248 -0.01555810309946537 0.006101499777287245 0.016988782212138176 0.030642950907349586 0.019811969250440598 0.08377020806074142 0.008529684506356716 -0.0059125181287527084 0.1166667565703392 0.039738886058330536 -0.02553628198802471 0.033892832696437836 0.022973118349909782 0.05018029734492302 0.025850489735603333 -0.008191695436835289 0.0015665600076317787 -0.0063823433592915535 0.03950092941522598 -0.009568976238369942 -0.015058157034218311 -0.037349481135606766 -0.03510667011141777 -0.0035999694373458624 -0.03923512622714043 0.00527073023840785 -0.0037710536271333694 0.024897873401641846 -0.003921716473996639 0.019342802464962006 0.08376795053482056 0.07640267163515091 0.03479285538196564 0.010054771788418293 0.15094086490692116 0.3849167439266325 0.44490100476801936 0.345545626759012 0.5971241175742431 0.7776342531033185 0.8610122560388697 0.8829170937866305 0.9848969934047337 -0.38447398 -0.32559934 0.21673909 0.5199193 -0.31621826 0.02330488 -0.20860589 -0.48024946 -0.54588574 -0.2333365 -0.08286522 0.37838298 0.61695784 -0.023233779 0.15755671 -0.08894068 -0.4415732 -0.61649984
2 400 0.05934857204556465 0.006682440638542175 0.022136062383651733 0.008434746414422989 0.06716179847717285 -0.060875486582517624 -0.005036712624132633 -0.03175815939903259 -0.013458234257996082 -0.02627582661807537 0.002563823712989688 0.0034478919114917517 -0.013416332192718983 0.011908250860869884 0.01382148452103138 -0.026371827349066734 0.05892562493681908 -0.007280541118234396 -0.04576478153467178 -0.05201765522360802 -0.006938777398318052 -0.03731545805931091 0.002034098142758012 -0.014837423339486122 -0.03967028111219406 -0.03758756443858147 0.05376491695642471 0.0010119141079485416 0.03472573310136795 0.032626308500766754 0.06361167132854462 -0.014585341326892376 0.04712275415658951 0.028576871380209923 -0.01882931776344776 -0.10091652721166611 -0.04357526823878288 -0.0157159473747015 -0.0020571958739310503 0.031716492027044296 -0.024008136242628098 0.05338906869292259 0.0890481248497963 0.020275965332984924 0.01191313099116087 0.09150268882513046 0.004947763402014971 -0.0615360252559185 0.029399190098047256 0.09236153215169907 0.06177865341305733 -0.012354939244687557 0.0292543675750494 0.013494618237018585 0.014171621762216091 0.01881152018904686 0.025245919823646545 0.009264345280826092 0.0746975988149643 0.06185919791460037 0.057407625019550323 0.04244854673743248 -0.01555810309946537 0.006101499777287245 0.016988782212138176 0.030642950907349586 0.019811969250440598 0.08377020806074142 0.008529684506356716 -0.0059125181287527084 0.1166667565703392 0.039738886058330536 -0.02553628198802471 0.033892832696437836 0.022973118349909782 0.05018029734492302 0.025850489735603333 -0.008191695436835289 0.0015665600076317787 -0.0063823433592915535 0.03950092941522598 -0.009568976238369942 -0.015058157034218311 -0.037349481135606766 -0.03510667011141777 -0.0035999694373458624 -0.03923512622714043 0.00527073023840785 -0.0037710536271333694 0.024897873401641846 -0.003921716473996639 0.019342802464962006 0.08376795053482056 0.07640267163515091 0.03479285538196564 0.010054771788418293 0.054035658373039065 0.1577549242372384 0.3091592818530758 0.2549973641846838 0.5198071164603602 0.7396047351374513 0.7402116791960267 0.8689548911289598 0.9770899201638976 -0.38985738 -0.29372054 0.3479415 0.41622487 -0.07058939 0.04411617 0.14806321 -0.48872387 -0.6488057 -0.31994435 -0.24282399 0.4319498 0.44885588 0.28246817 0.2574194 0.43944508 -0.37118277 -0.54786646
0 400 0.07418571412563324 0.008353050798177719 0.027670077979564667 0.010543433018028736 0.08395224809646606 -0.0760943591594696 -0.006295890547335148 -0.03969769924879074 -0.01682279258966446 -0.03284478187561035 0.003204779699444771 0.004309864714741707 -0.016770415008068085 0.014885312877595425 0.017276855185627937 -0.032964784651994705 0.07365702837705612 -0.009100676514208317 -0.05720597505569458 -0.0650220662355423 -0.0086734713986516 -0.04664432257413864 0.002542622620239854 -0.018546778708696365 -0.04958784952759743 -0.04698445275425911 0.06720614433288574 0.001264892634935677 0.04340716451406479 0.04078288376331329 0.07951458543539047 -0.018231676891446114 0.058903440833091736 0.03572108969092369 -0.023536646738648415 -0.12614566087722778 -0.05446908250451088 -0.019644934684038162 -0.002571494784206152 0.039645615965127945 -0.030010169371962547 0.06673633307218552 0.11131015419960022 0.025344956666231155 0.014891413040459156 0.11437836289405823 0.006184704136103392 -0.0769200325012207 0.036748986691236496 0.11545190960168839 0.07722331583499908 -0.015443673357367516 0.03656795993447304 0.01686827279627323 0.017714526504278183 0.023514399304986 0.03155739977955818 0.011580430902540684 0.09337199479341507 0.07732399553060532 0.07175952941179276 0.053060684353113174 -0.019447628408670425 0.0076268743723630905 0.021235978230834007 0.038303688168525696 0.024764960631728172 0.10471276193857193 0.010662105865776539 -0.0073906476609408855 0.14583344757556915 0.04967360571026802 -0.03192035108804703 0.042366039007902145 0.028716398403048515 0.06272537261247635 0.032313112169504166 -0.010239618830382824 0.0019582000095397234 -0.007977928966283798 0.04937615990638733 -0.01196121983230114 -0.018822696059942245 -0.04668685048818588 -0.04388333857059479 -0.004499961622059345 -0.04904390871524811 0.006588412914425135 -0.004713817033916712 0.031122341752052307 -0.004902145359665155 0.024178503081202507 0.1047099381685257 0.09550333768129349 0.043491069227457047 0.012568464502692223 0.17880320182033532 0.572507243691394 0.5225537583845563 0.5839241761056723 0.8653367737295452 0.9311951937914386 0.9616805927256954 0.9675859596575211 0.9945391170998571 -0.28712928 -0.31051475 -0.010707557 -0.114139155 -0.2666032 0.32365486 -0.31261608 -0.08522409 -0.49149537 -0.1779401 -0.036456175 0.2185274 0.13432594 0.06828809 0.4080822 -0.21437815 -0.18420595 -0.6054641
1 400 0.07418571412563324 0.008353050798177719 0.027670077979564667 0.010543433018028736 0.08395224809646606 -0.0760943591594696 -0.006295890547335148 -0.03969769924879074 -0.01682279258966446 -0.03284478187561035 0.003204779699444771 0.004309864714741707 -0.016770415008068085 0.014885312877595425 0.017276855185627937 -0.032964784651994705 0.07365702837705612 -0.009100676514208317 -0.05720597505569458 -0.0650220662355423 -0.0086734713986516 -0.04664432257413864 0.002542622620239854 -0.018546778708696365 -0.04958784952759743 -0.04698445275425911 0.06720614433288574 0.001264892634935677 0.04340716451406479 0.04078288376331329 0.07951458543539047 -0.018231676891446114 0.058903440833091736 0.03572108969092369 -0.023536646738648415 -0.12614566087722778 -0.05446908250451088 -0.019644934684038162 -0.002571494784206152 0.039645615965127945 -0.030010169371962547 0.06673633307218552 0.11131015419960022 0.025344956666231155 0.014891413040459156 0.11437836289405823 0.006184704136103392 -0.0769200325012207 0.036748986691236496 0.11545190960168839 0.07722331583499908 -0.015443673357367516 0.03656795993447304 0.01686827279627323 0.017714526504278183 0.023514399304986 0.03155739977955818 0.011580430902540684 0.09337199479341507 0.07732399553060532 0.07175952941179276 0.053060684353113174 -0.019447628408670425 0.0076268743723630905 0.021235978230834007 0.038303688168525696 0.024764960631728172 0.10471276193857193 0.010662105865776539 -0.0073906476609408855 0.14583344757556915 0.04967360571026802 -0.03192035108804703 0.042366039007902145 0.028716398403048515 0.06272537261247635 0.032313112169504166 -0.010239618830382824 0.0019582000095397234 -0.007977928966283798 0.04937615990638733 -0.01196121983230114 -0.018822696059942245 -0.04668685048818588 -0.04388333857059479 -0.004499961622059345 -0.04904390871524811 0.006588412914425135 -0.004713817033916712 0.031122341752052307 -0.004902145359665155 0.024178503081202507 0.1047099381685257 0.09550333768129349 0.043491069227457047 0.012568464502692223 0.26309117756884365 0.45889633365231647 0.4660212987629998 0.4167108408747412 0.6991700936582896 0.7788176941091187 0.8312778728528628 0.8249655545542816 0.9838054557674758 -0.21353346 -0.23370087 0.34378734 0.47409096 -0.36615378 0.07975295 -0.11098735 -0.37220436 -0.41326705 -0.039137818 0.01478745 0.5077102 0.605421 -0.044784058 0.2796507 0.076473296 -0.27446863 -0.41414997
2 400 0.07418571412563324 0.008353050798177719 0.027670077979564667 0.010543433018028736 0.08395224809646606 -0.0760943591594696 -0.006295890547335148 -0.03969769924879074 -0.01682279258966446 -0.03284478187561035 0.003204779699444771 0.004309864714741707 -0.016770415008068085 0.014885312877595425 0.017276855185627937 -0.032964784651994705 0.07365702837705612 -0.009100676514208317 -0.05720597505569458 -0.0650220662355423 -0.0086734713986516 -0.04664432257413864 0.002542622620239854 -0.018546778708696365 -0.04958784952759743 -0.04698445275425911 0.06720614433288574 0.001264892634935677 0.04340716451406479 0.04078288376331329 0.07951458543539047 -0.018231676891446114 0.058903440833091736 0.03572108969092369 -0.023536646738648415 -0.12614566087722778 -0.05446908250451088 -0.019644934684038162 -0.002571494784206152 0.039645615965127945 -0.030010169371962547 0.06673633307218552 0.11131015419960022 0.025344956666231155 0.014891413040459156 0.11437836289405823 0.006184704136103392 -0.0769200325012207 0.036748986691236496 0.11545190960168839 0.07722331583499908 -0.015443673357367516 0.03656795993447304 0.01686827279627323 0.017714526504278183 0.023514399304986 0.03155739977955818 0.011580430902540684 0.09337199479341507 0.07732399553060532 0.07175952941179276 0.053060684353113174 -0.019447628408670425 0.0076268743723630905 0.021235978230834007 0.038303688168525696 0.024764960631728172 0.10471276193857193 0.010662105865776539 -0.0073906476609408855 0.14583344757556915 0.04967360571026802 -0.03192035108804703 0.042366039007902145 0.028716398403048515 0.06272537261247635 0.032313112169504166 -0.010239618830382824 0.0019582000095397234 -0.007977928966283798 0.04937615990638733 -0.01196121983230114 -0.018822696059942245 -0.04668685048818588 -0.04388333857059479 -0.004499961622059345 -0.04904390871524811 0.006588412914425135 -0.004713817033916712 0.031122341752052307 -0.004902145359665155 0.024178503081202507 0.1047099381685257 0.09550333768129349 0.043491069227457047 0.012568464502692223 0.04879221837972252 0.20988206673715937 0.5006576623852538 0.35184616930711127 0.6223370460154769 0.8519860822397708 0.7906105497012288 0.878971407654036 0.9592686095560652 -0.22401989 -0.23115376 0.460826 0.41900072 -0.30652055 0.2079083 0.06619823 -0.30439103 -0.4398883 -0.09991274 -0.11933475 0.60708004 0.5492028 -0.041033912 0.41745204 0.42177722 -0.21598455 -0.19620638
0 400 0.08902285993099213 0.010023660957813263 0.0332040935754776 0.012652120552957058 0.10074270516633987 -0.09131323546171188 -0.00755506893619895 -0.04763724282383919 -0.02018735185265541 -0.03941373899579048 0.0038457356858998537 0.005171837750822306 -0.02012449875473976 0.01786237582564354 0.020732227712869644 -0.039557743817567825 0.08838843554258347 -0.010920812375843525 -0.06864717602729797 -0.07802648097276688 -0.010408165864646435 -0.05597319081425667 0.0030511473305523396 -0.022256135940551758 -0.05950542166829109 -0.05638134479522705 0.08064737915992737 0.0015178712783381343 0.052088599652051926 0.04893946275115013 0.09541750699281693 -0.021878013387322426 0.07068413496017456 0.04286530986428261 -0.028243977576494217 -0.15137480199337006 -0.06536290049552917 -0.023573921993374825 -0.0030857939273118973 0.047574739903211594 -0.036012206226587296 0.08008360117673874 0.13357219099998474 0.030413949862122536 0.017869696021080017 0.1372540444135666 0.0074216453358531 -0.0923040434718132 0.044098787009716034 0.1385422945022583 0.09266798198223114 -0.01853240840137005 0.043881554156541824 0.020241927355527878 0.02125743217766285 0.02821728028357029 0.03786887973546982 0.01389651745557785 0.11204639822244644 0.09278880059719086 0.08611144125461578 0.06367282569408417 -0.02333715558052063 0.009152249433100224 0.02548317424952984 0.045964427292346954 0.029717953875660896 0.12565532326698303 0.012794527225196362 -0.008868777193129063 0.1750001460313797 0.059608329087495804 -0.03830442205071449 0.050839249044656754 0.0344596803188324 0.07527045160531998 0.038775734603405 -0.012287543155252934 0.002349840011447668 -0.009573515504598618 0.059251394122838974 -0.014353464357554913 -0.022587236016988754 -0.0560242235660553 -0.052660007029771805 -0.005399954039603472 -0.05885269120335579 0.007906096056103706 -0.005656580440700054 0.03734681010246277 -0.005882574710994959 0.029014205560088158 0.12565192580223083 0.11460401117801666 0.052189286798238754 0.015082158148288727 0.2691179390935412 0.6286456067166979 0.6065293853503764 0.5940899277044678 0.91476969887694 0.9440759923840153 0.9575465185392797 0.9699929880649094 0.9941666302197852 -0.26709104 -0.288615 0.06521031 -0.063257605 -0.36552307 0.30072317 -0.24011387 -0.11580999 -0.33130333 -0.14862993 -0.012449302 0.29728767 0.18426594 0.01461871 0.45859933 -0.050103083 -0.104904324 -0.35182613
1 400 0.08902285993099213 0.010023660957813263 0.0332040935754776 0.012652120552957058 0.10074270516633987 -0.09131323546171188 -0.00755506893619895 -0.04763724282383919 -0.02018735185265541 -0.03941373899579048 0.0038457356858998537 0.005171837750822306 -0.02012449875473976 0.01786237582564354 0.020732227712869644 -0.039557743817567825 0.08838843554258347 -0.010920812375843525 -0.06864717602729797 -0.07802648097276688 -0.010408165864646435 -0.05597319081425667 0.0030511473305523396 -0.022256135940551758 -0.05950542166829109 -0.05638134479522705 0.08064737915992737 0.0015178712783381343 0.052088599652051926 0.04893946275115013 0.09541750699281693 -0.021878013387322426 0.07068413496017456 0.04286530986428261 -0.028243977576494217 -0.15137480199337006 -0.06536290049552917 -0.023573921993374825 -0.0030857939273118973 0.047574739903211594 -0.036012206226587296 0.08008360117673874 0.13357219099998474 0.030413949862122536 0.017869696021080017 0.1372540444135666 0.0074216453358531 -0.0923040434718132 0.044098787009716034 0.1385422945022583 0.09266798198223114 -0.01853240840137005 0.043881554156541824 0.020241927355527878 0.02125743217766285 0.02821728028357029 0.03786887973546982 0.01389651745557785 0.11204639822244644 0.09278880059719086 0.08611144125461578 0.06367282569408417 -0.02333715558052063 0.009152249433100224 0.02548317424952984 0.045964427292346954 0.029717953875660896 0.12565532326698303 0.012794527225196362 -0.008868777193129063 0.1750001460313797 0.059608329087495804 -0.03830442205071449 0.050839249044656754 0.0344596803188324 0.07527045160531998 0.038775734603405 -0.012287543155252934 0.002349840011447668 -0.009573515504598618 0.059251394122838974 -0.014353464357554913 -0.022587236016988754 -0.0560242235660553 -0.052660007029771805 -0.005399954039603472 -0.05885269120335579 0.007906096056103706 -0.005656580440700054 0.03734681010246277 -0.005882574710994959 0.029014205560088158 0.12565192580223083 0.11460401117801666 0.052189286798238754 0.015082158148288727 0.34865388746885023 0.47362290063854284 0.46421883686524695 0.465211026232828 0.7822979586608623 0.8377153708305791 0.8594985638151921 0.7626571292340575 0.9825262702119477 -0.13686243 -0.18022592 0.4681907 0.39970496 -0.38960484 0.16636148 -0.09421533 -0.2801768 -0.22340927 0.05093518 0.06608577 0.6125541 0.5548361 -0.053591873 0.36456347 0.156357 -0.11482184 -0.13542998
2 400 0.08902285993099213 0.010023660957813263 0.0332040935754776 0.012652120552957058 0.10074270516633987 -0.09131323546171188 -0.00755506893619895 -0.04763724282383919 -0.02018735185265541 -0.03941373899579048 0.0038457356858998537 0.005171837750822306 -0.02012449875473976 0.01786237582564354 0.020732227712869644 -0.039557743817567825 0.08838843554258347 -0.010920812375843525 -0.06864717602729797 -0.07802648097276688 -0.010408165864646435 -0.05597319081425667 0.0030511473305523396 -0.022256135940551758 -0.05950542166829109 -0.05638134479522705 0.08064737915992737 0.0015178712783381343 0.052088599652051926 0.04893946275115013 0.09541750699281693 -0.021878013387322426 0.07068413496017456 0.04286530986428261 -0.028243977576494217 -0.15137480199337006 -0.06536290049552917 -0.023573921993374825 -0.0030857939273118973 0.047574739903211594 -0.036012206226587296 0.08008360117673874 0.13357219099998474 0.030413949862122536 0.017869696021080017 0.1372540444135666 0.0074216453358531 -0.0923040434718132 0.044098787009716034 0.1385422945022583 0.09266798198223114 -0.01853240840137005 0.043881554156541824 0.020241927355527878 0.02125743217766285 0.02821728028357029 0.03786887973546982 0.01389651745557785 0.11204639822244644 0.09278880059719086 0.08611144125461578 0.06367282569408417 -0.02333715558052063 0.009152249433100224 0.02548317424952984 0.045964427292346954 0.029717953875660896 0.12565532326698303 0.012794527225196362 -0.008868777193129063 0.1750001460313797 0.059608329087495804 -0.03830442205071449 0.050839249044656754 0.0344596803188324 0.07527045160531998 0.038775734603405 -0.012287543155252934 0.002349840011447668 -0.009573515504598618 0.059251394122838974 -0.014353464357554913 -0.022587236016988754 -0.0560242235660553 -0.052660007029771805 -0.005399954039603472 -0.05885269120335579 0.007906096056103706 -0.005656580440700054 0.03734681010246277 -0.005882574710994959 0.029014205560088158 0.12565192580223083 0.11460401117801666 0.052189286798238754 0.015082158148288727 0.1032640294968053 0.5531555275143937 0.6440945597111581 0.4725578590737208 0.7748830104295407 0.9102713606772935 0.8763085878063076 0.85329145170843 0.945025119825873 -0.038658768 -0.21782376 0.54222655 0.45152512 -0.24536148 0.29509142 0.108930945 -0.1257517 -0.2557784 0.16948959 0.035401545 0.6910553 0.6000221 0.021537155 0.53996575 0.48940337 0.045409977 0.100783795
0 400 0.10385999828577042 0.011694271117448807 0.03873810917139053 0.01476080622524023 0.11753314733505249 -0.10653210431337357 -0.008814246393740177 -0.05557677894830704 -0.023551909253001213 -0.04598269239068031 0.004486691672354937 0.006033810321241617 -0.02347858063876629 0.02083943784236908 0.024187596514821053 -0.04615069925785065 0.10311983525753021 -0.012740947306156158 -0.08008836209774017 -0.09103088825941086 -0.012142859399318695 -0.0653020516037941 0.003559671575203538 -0.025965489447116852 -0.06942299008369446 -0.0657782331109047 0.0940885990858078 0.0017708496889099479 0.060770031064748764 0.05709603801369667 0.11132042109966278 -0.02552434802055359 0.08246481418609619 0.05000952631235123 -0.03295130655169487 -0.17660392820835114 -0.07625671476125717 -0.027502907440066338 -0.0036000926047563553 0.055503860116004944 -0.042014237493276596 0.09343086183071136 0.15583421289920807 0.03548293933272362 0.020847978070378304 0.16012971103191376 0.00865858606994152 -0.1076880469918251 0.051448579877614975 0.16163267195224762 0.1081126406788826 -0.021621141582727432 0.05119514465332031 0.023615581914782524 0.024800335988402367 0.03292015939950943 0.044180359691381454 0.016212603077292442 0.13072079420089722 0.1082535907626152 0.10046333819627762 0.07428495585918427 -0.027226679027080536 0.010677623562514782 0.02973036840558052 0.053625162690877914 0.03467094525694847 0.14659786224365234 0.01492694765329361 -0.010346906259655952 0.20416682958602905 0.06954304873943329 -0.04468848928809166 0.05931245535612106 0.04020295664668083 0.08781552314758301 0.04523835703730583 -0.014335466548800468 0.0027414800133556128 -0.011169100180268288 0.06912662088871002 -0.016745707020163536 -0.026351774111390114 -0.06536158919334412 -0.061436671763658524 -0.006299945991486311 -0.06866147369146347 0.009223777800798416 -0.0065993438474833965 0.04357127845287323 -0.006863003596663475 0.03384990245103836 0.14659391343593597 0.13370467722415924 0.060887496918439865 0.017595849931240082 0.3896383950495543 0.6846382191457632 0.7378626250476221 0.6129053623396002 0.9525905500480967 0.9554815309419622 0.9503207859564907 0.9671455415179687 0.9927231131317543 -0.24798924 -0.27277535 0.11183959 -0.015988648 -0.33475852 0.25397184 -0.15622264 -0.12398106 -0.33891806 -0.11749393 0.0053624585 0.353149 0.23024786 0.0625844 0.47485906 0.12297328 -0.0015424341 -0.23142008
1 400 0.10385999828577042 0.011694271117448807 0.03873810917139053 0.01476080622524023 0.11753314733505249 -0.10653210431337357 -0.008814246393740177 -0.05557677894830704 -0.023551909253001213 -0.04598269239068031 0.004486691672354937 0.006033810321241617 -0.02347858063876629 0.02083943784236908 0.024187596514821053 -0.04615069925785065 0.10311983525753021 -0.012740947306156158 -0.08008836209774017 -0.09103088825941086 -0.012142859399318695 -0.0653020516037941 0.003559671575203538 -0.025965489447116852 -0.06942299008369446 -0.0657782331109047 0.0940885990858078 0.0017708496889099479 0.060770031064748764 0.05709603801369667 0.11132042109966278 -0.02552434802055359 0.08246481418609619 0.05000952631235123 -0.03295130655169487 -0.17660392820835114 -0.07625671476125717 -0.027502907440066338 -0.0036000926047563553 0.055503860116004944 -0.042014237493276596 0.09343086183071136 0.15583421289920807 0.03548293933272362 0.020847978070378304 0.16012971103191376 0.00865858606994152 -0.1076880469918251 0.051448579877614975 0.16163267195224762 0.1081126406788826 -0.021621141582727432 0.05119514465332031 0.023615581914782524 0.024800335988402367 0.03292015939950943 0.044180359691381454 0.016212603077292442 0.13072079420089722 0.1082535907626152 0.10046333819627762 0.07428495585918427 -0.027226679027080536 0.010677623562514782 0.02973036840558052 0.053625162690877914 0.03467094525694847 0.14659786224365234 0.01492694765329361 -0.010346906259655952 0.20416682958602905 0.06954304873943329 -0.04468848928809166 0.05931245535612106 0.04020295664668083 0.08781552314758301 0.04523835703730583 -0.014335466548800468 0.0027414800133556128 -0.011169100180268288 0.06912662088871002 -0.016745707020163536 -0.026351774111390114 -0.06536158919334412 -0.061436671763658524 -0.006299945991486311 -0.06866147369146347 0.009223777800798416 -0.0065993438474833965 0.04357127845287323 -0.006863003596663475 0.03384990245103836 0.14659391343593597 0.13370467722415924 0.060887496918439865 0.017595849931240082 0.4679173791876979 0.47307155822244007 0.47244312493857643 0.46437299934262877 0.8309089905738459 0.8993507190334225 0.910734677238669 0.7387074529611729 0.9721249972628645 -0.08929509 -0.14224958 0.52700925 0.45754644 -0.36340138 0.27041236 -0.13982326 -0.27306253 -0.10280427 0.114972174 0.0980912 0.6620401 0.6035834 -0.026036061 0.4563473 0.12228683 -0.020891301 0.09882736
2 400 0.10385999828577042 0.011694271117448807 0.03873810917139053 0.01476080622524023 0.11753314733505249 -0.10653210431337357 -0.008814246393740177 -0.05557677894830704 -0.023551909253001213 -0.04598269239068031 0.004486691672354937 0.006033810321241617 -0.02347858063876629 0.02083943784236908 0.024187596514821053 -0.04615069925785065 0.10311983525753021 -0.012740947306156158 -0.08008836209774017 -0.09103088825941086 -0.012142859399318695 -0.0653020516037941 0.003559671575203538 -0.025965489447116852 -0.06942299008369446 -0.0657782331109047 0.0940885990858078 0.0017708496889099479 0.060770031064748764 0.05709603801369667 0.11132042109966278 -0.02552434802055359 0.08246481418609619 0.05000952631235123 -0.03295130655169487 -0.17660392820835114 -0.07625671476125717 -0.027502907440066338 -0.0036000926047563553 0.055503860116004944 -0.042014237493276596 0.09343086183071136 0.15583421289920807 0.03548293933272362 0.020847978070378304 0.16012971103191376 0.00865858606994152 -0.1076880469918251 0.051448579877614975 0.16163267195224762 0.1081126406788826 -0.021621141582727432 0.05119514465332031 0.023615581914782524 0.024800335988402367 0.03292015939950943 0.044180359691381454 0.016212603077292442 0.13072079420089722 0.1082535907626152 0.10046333819627762 0.07428495585918427 -0.027226679027080536 0.010677623562514782 0.02973036840558052 0.053625162690877914 0.03467094525694847 0.14659786224365234 0.01492694765329361 -0.010346906259655952 0.20416682958602905 0.06954304873943329 -0.04468848928809166 0.05931245535612106 0.04020295664668083 0.08781552314758301 0.04523835703730583 -0.014335466548800468 0.0027414800133556128 -0.011169100180268288 0.06912662088871002 -0.016745707020163536 -0.026351774111390114 -0.06536158919334412 -0.061436671763658524 -0.006299945991486311 -0.06866147369146347 0.009223777800798416 -0.0065993438474833965 0.04357127845287323 -0.006863003596663475 0.03384990245103836 0.14659391343593597 0.13370467722415924 0.060887496918439865 0.017595849931240082 0.27864939643959186 0.7174324519123966 0.7449473708141041 0.5475370029012527 0.876449185786995 0.9418422561123383 0.9228392019873158 0.8697358238015771 0.9560476438189125 0.12208456 -0.15733293 0.6024368 0.51399267 -0.1857935 0.24971399 0.12076387 -0.09679285 -0.042627543 0.38909656 0.10513991 0.75117046 0.6620424 0.08217116 0.5082098 0.5017303 0.24189436 0.33411208
0 400 0.1186971440911293 0.01336488127708435 0.04427212476730347 0.016869492828845978 0.1343235969543457 -0.12175097316503525 -0.010073425248265266 -0.06351631879806519 -0.026916468515992165 -0.05255165323615074 0.005127647425979376 0.006895783822983503 -0.026832664385437965 0.02381650172173977 0.02764296904206276 -0.05274365469813347 0.11785124987363815 -0.014561082236468792 -0.09152956306934357 -0.10403531044721603 -0.013877554796636105 -0.07463091611862183 0.004068196285516024 -0.029674846678972244 -0.07934056222438812 -0.07517512887716293 0.10752983391284943 0.0020238282158970833 0.0694514662027359 0.06525261700153351 0.12722334265708923 -0.029170682653784752 0.09424550831317902 0.057153742760419846 -0.03765863552689552 -0.20183305442333221 -0.08715053647756577 -0.031431894749403 -0.004114391747862101 0.06343298405408859 -0.048016272485256195 0.10677813738584518 0.1780962496995926 0.04055193066596985 0.02382626198232174 0.18300537765026093 0.009895526804029942 -0.123072050511837 0.05879838019609451 0.18472306430339813 0.12355730682611465 -0.024709878489375114 0.0585087351500988 0.02698923647403717 0.028343243524432182 0.03762304037809372 0.05049183964729309 0.018528690561652184 0.1493951976299286 0.12371839582920074 0.11481525003910065 0.08489709347486496 -0.03111620619893074 0.01220299955457449 0.03397756442427635 0.06128590181469917 0.039623938500881195 0.16754041612148285 0.017059369012713432 -0.011825036257505417 0.2333335131406784 0.07947777211666107 -0.05107256397604942 0.06778566539287567 0.045946236699819565 0.10036059468984604 0.051700979471206665 -0.016383390873670578 0.0031331200152635574 -0.012764686718583107 0.07900185883045197 -0.019137952476739883 -0.030116314068436623 -0.07469896227121353 -0.07021334022283554 -0.007199938874691725 -0.07847025245428085 0.0105414604768157 -0.007542107254266739 0.04979574680328369 -0.007843432947993279 0.03868560492992401 0.1675359010696411 0.15280534327030182 0.06958571076393127 0.020109543576836586 0.6991182626636879 0.7367507553826641 0.8377909095912928 0.7317690678737713 0.9742064973447587 0.9718552170293089 0.9647410122317854 0.95419668878902 0.9896827595617786 -0.22801957 -0.25807002 0.14032987 0.0034103096 -0.29391283 0.19237903 -0.056282014 -0.231436 -0.26718602 -0.013388246 0.022016168 0.39281088 0.26893026 0.114963934 0.4280374 0.22609282 0.03208635 -0.03504003
1 400 0.1186971440911293 0.01336488127708435 0.04427212476730347 0.016869492828845978 0.1343235969543457 -0.12175097316503525 -0.010073425248265266 -0.06351631879806519 -0.026916468515992165 -0.05255165323615074 0.005127647425979376 0.006895783822983503 -0.026832664385437965 0.02381650172173977 0.02764296904206276 -0.05274365469813347 0.11785124987363815 -0.014561082236468792 -0.09152956306934357 -0.10403531044721603 -0.013877554796636105 -0.07463091611862183 0.004068196285516024 -0.029674846678972244 -0.07934056222438812 -0.07517512887716293 0.10752983391284943 0.0020238282158970833 0.0694514662027359 0.06525261700153351 0.12722334265708923 -0.029170682653784752 0.09424550831317902 0.057153742760419846 -0.03765863552689552 -0.20183305442333221 -0.08715053647756577 -0.031431894749403 -0.004114391747862101 0.06343298405408859 -0.048016272485256195 0.10677813738584518 0.1780962496995926 0.04055193066596985 0.02382626198232174 0.18300537765026093 0.009895526804029942 -0.123072050511837 0.05879838019609451 0.18472306430339813 0.12355730682611465 -0.024709878489375114 0.0585087351500988 0.02698923647403717 0.028343243524432182 0.03762304037809372 0.05049183964729309 0.018528690561652184 0.1493951976299286 0.12371839582920074 0.11481525003910065 0.08489709347486496 -0.03111620619893074 0.01220299955457449 0.03397756442427635 0.06128590181469917 0.039623938500881195 0.16754041612148285 0.017059369012713432 -0.011825036257505417 0.2333335131406784 0.07947777211666107 -0.05107256397604942 0.06778566539287567 0.045946236699819565 0.10036059468984604 0.051700979471206665 -0.016383390873670578 0.0031331200152635574 -0.012764686718583107 0.07900185883045197 -0.019137952476739883 -0.030116314068436623 -0.07469896227121353 -0.07021334022283554 -0.007199938874691725 -0.07847025245428085 0.0105414604768157 -0.007542107254266739 0.04979574680328369 -0.007843432947993279 0.03868560492992401 0.1675359010696411 0.15280534327030182 0.06958571076393127 0.020109543576836586 0.6180993077575825 0.5313739210535543 0.538244201172733 0.46366178711087125 0.8675252662123452 0.9310479287613496 0.938376383797376 0.8175884963460937 0.9702608251923184 -0.030513555 -0.11095935 0.60042286 0.5066501 -0.334714 0.29368165 -0.09110525 -0.23855491 0.003493309 0.19087538 0.123915225 0.7236752 0.6449666 0.0005173087 0.4779703 0.16861963 0.018599927 0.25906733
2 400 0.1186971440911293 0.01336488127708435 0.04427212476730347 0.016869492828845978 0.1343235969543457 -0.12175097316503525 -0.010073425248265266 -0.06351631879806519 -0.026916468515992165 -0.05255165323615074 0.005127647425979376 0.006895783822983503 -0.026832664385437965 0.02381650172173977 0.02764296904206276 -0.05274365469813347 0.11785124987363815 -0.014561082236468792 -0.09152956306934357 -0.10403531044721603 -0.013877554796636105 -0.07463091611862183 0.004068196285516024 -0.029674846678972244 -0.07934056222438812 -0.07517512887716293 0.10752983391284943 0.0020238282158970833 0.0694514662027359 0.06525261700153351 0.12722334265708923 -0.029170682653784752 0.09424550831317902 0.057153742760419846 -0.03765863552689552 -0.20183305442333221 -0.08715053647756577 -0.031431894749403 -0.004114391747862101 0.06343298405408859 -0.048016272485256195 0.10677813738584518 0.1780962496995926 0.04055193066596985 0.02382626198232174 0.18300537765026093 0.009895526804029942 -0.123072050511837 0.05879838019609451 0.18472306430339813 0.12355730682611465 -0.024709878489375114 0.0585087351500988 0.02698923647403717 0.028343243524432182 0.03762304037809372 0.05049183964729309 0.018528690561652184 0.1493951976299286 0.12371839582920074 0.11481525003910065 0.08489709347486496 -0.03111620619893074 0.01220299955457449 0.03397756442427635 0.06128590181469917 0.039623938500881195 0.16754041612148285 0.017059369012713432 -0.011825036257505417 0.2333335131406784 0.07947777211666107 -0.05107256397604942 0.06778566539287567 0.045946236699819565 0.10036059468984604 0.051700979471206665 -0.016383390873670578 0.0031331200152635574 -0.012764686718583107 0.07900185883045197 -0.019137952476739883 -0.030116314068436623 -0.07469896227121353 -0.07021334022283554 -0.007199938874691725 -0.07847025245428085 0.0105414604768157 -0.007542107254266739 0.04979574680328369 -0.007843432947993279 0.03868560492992401 0.1675359010696411 0.15280534327030182 0.06958571076393127 0.020109543576836586 0.47709826977394304 0.7973204446972932 0.8191238470798418 0.6523400224445316 0.931362617538814 0.9642767320910144 0.9546016059548461 0.8976470668333831 0.9725737899821382 0.21506372 -0.10301283 0.65735734 0.5689331 -0.13243479 0.19063279 0.12480387 -0.033493757 0.09183988 0.5328773 0.15870288 0.805242 0.7161237 0.13643971 0.44759214 0.4925846 0.34342968 0.47674292
0 400 0.1335342824459076 0.015035491436719894 0.0498061403632164 0.01897817850112915 0.15111404657363892 -0.13696984946727753 -0.011332602240145206 -0.07145585864782333 -0.030281025916337967 -0.05912060663104057 0.005768603179603815 0.007757756393402815 -0.030186746269464493 0.02679356187582016 0.031098337844014168 -0.05933661013841629 0.1325826495885849 -0.016381217166781425 -0.10297074913978577 -0.11703971773386002 -0.015612248331308365 -0.08395978063344955 0.004576720762997866 -0.03338420018553734 -0.08925812691450119 -0.08457200974225998 0.12097105383872986 0.002276806626468897 0.07813289761543274 0.07340919226408005 0.1431262493133545 -0.032817017287015915 0.10602618753910065 0.06429795920848846 -0.042365964502096176 -0.2270621806383133 -0.09804434329271317 -0.03536088019609451 -0.004628690425306559 0.07136210799217224 -0.054018303751945496 0.12012539803981781 0.20035827159881592 0.04562092199921608 0.026804542168974876 0.2058810442686081 0.011132467538118362 -0.1384560614824295 0.06614817678928375 0.20781342685222626 0.1390019655227661 -0.027798611670732498 0.06582232564687729 0.030362891033291817 0.03188614547252655 0.04232591763138771 0.05680331960320473 0.020844774320721626 0.16806958615779877 0.1391831934452057 0.12916715443134308 0.09550923109054565 -0.035005729645490646 0.013728373683989048 0.03822476044297218 0.06894663721323013 0.04457692801952362 0.18848296999931335 0.019191790372133255 -0.013303165324032307 0.26250019669532776 0.08941248804330826 -0.05745663121342659 0.07625886797904968 0.0516895167529583 0.11290566623210907 0.0581636019051075 -0.01843131333589554 0.003524760017171502 -0.014360271394252777 0.08887708187103271 -0.021530194208025932 -0.03388085216283798 -0.08403632789850235 -0.07899000495672226 -0.008099930360913277 -0.08827903121709824 0.011859143152832985 -0.008484870195388794 0.05602021515369415 -0.008823861368000507 0.04352130368351936 0.18847788870334625 0.1719060093164444 0.07828392088413239 0.02262323535978794 0.863569176510634 0.8083989726425496 0.9047327274384035 0.8339984949496131 0.9848206057256821 0.9819761902629293 0.9793008686170712 0.9651182616520813 0.9905874992199324 -0.19627164 -0.20622802 0.1682227 0.032250285 -0.2529416 0.0980539 -0.0076622665 -0.16215846 -0.15884238 0.07078582 0.07613993 0.4319505 0.30891353 0.16194265 0.3530767 0.27790084 0.117630646 0.1144606
1 400 0.1335342824459076 0.015035491436719894 0.0498061403632164 0.01897817850112915 0.15111404657363892 -0.13696984946727753 -0.011332602240145206 -0.07145585864782333 -0.030281025916337967 -0.05912060663104057 0.005768603179603815 0.007757756393402815 -0.030186746269464493 0.02679356187582016 0.031098337844014168 -0.05933661013841629 0.1325826495885849 -0.016381217166781425 -0.10297074913978577 -0.11703971773386002 -0.015612248331308365 -0.08395978063344955 0.004576720762997866 -0.03338420018553734 -0.08925812691450119 -0.08457200974225998 0.12097105383872986 0.002276806626468897 0.07813289761543274 0.07340919226408005 0.1431262493133545 -0.032817017287015915 0.10602618753910065 0.06429795920848846 -0.042365964502096176 -0.2270621806383133 -0.09804434329271317 -0.03536088019609451 -0.004628690425306559 0.07136210799217224 -0.054018303751945496 0.12012539803981781 0.20035827159881592 0.04562092199921608 0.026804542168974876 0.2058810442686081 0.011132467538118362 -0.1384560614824295 0.06614817678928375 0.20781342685222626 0.1390019655227661 -0.027798611670732498 0.06582232564687729 0.030362891033291817 0.03188614547252655 0.04232591763138771 0.05680331960320473 0.020844774320721626 0.16806958615779877 0.1391831934452057 0.12916715443134308 0.09550923109054565 -0.035005729645490646 0.013728373683989048 0.03822476044297218 0.06894663721323013 0.04457692801952362 0.18848296999931335 0.019191790372133255 -0.013303165324032307 0.26250019669532776 0.08941248804330826 -0.05745663121342659 0.07625886797904968 0.0516895167529583 0.11290566623210907 0.0581636019051075 -0.01843131333589554 0.003524760017171502 -0.014360271394252777 0.08887708187103271 -0.021530194208025932 -0.03388085216283798 -0.08403632789850235 -0.07899000495672226 -0.008099930360913277 -0.08827903121709824 0.011859143152832985 -0.008484870195388794 0.05602021515369415 -0.008823861368000507 0.04352130368351936 0.18847788870334625 0.1719060093164444 0.07828392088413239 0.02262323535978794 0.696135945463013 0.5968012547569715 0.6237112120061803 0.47341190227472946 0.9062718306615316 0.9521851447593157 0.9580762075152671 0.8815945184307279 0.9814512482365232 0.05667782 -0.07714009 0.6724801 0.5580063 -0.293127 0.24302879 -0.015362829 -0.1977047 0.034092754 0.26353905 0.1520407 0.7890953 0.68815035 0.042355992 0.4370551 0.23846084 0.05954933 0.2901403
2 400 0.1335342824459076 0.015035491436719894 0.0498061403632164 0.01897817850112915 0.15111404657363892 -0.13696984946727753 -0.011332602240145206 -0.07145585864782333 -0.030281025916337967 -0.05912060663104057 0.005768603179603815 0.007757756393402815 -0.030186746269464493 0.02679356187582016 0.031098337844014168 -0.05933661013841629 0.1325826495885849 -0.016381217166781425 -0.10297074913978577 -0.11703971773386002 -0.015612248331308365 -0.08395978063344955 0.004576720762997866 -0.03338420018553734 -0.08925812691450119 -0.08457200974225998 0.12097105383872986 0.002276806626468897 0.07813289761543274 0.07340919226408005 0.1431262493133545 -0.032817017287015915 0.10602618753910065 0.06429795920848846 -0.042365964502096176 -0.2270621806383133 -0.09804434329271317 -0.03536088019609451 -0.004628690425306559 0.07136210799217224 -0.054018303751945496 0.12012539803981781 0.20035827159881592 0.04562092199921608 0.026804542168974876 0.2058810442686081 0.011132467538118362 -0.1384560614824295 0.06614817678928375 0.20781342685222626 0.1390019655227661 -0.027798611670732498 0.06582232564687729 0.030362891033291817 0.03188614547252655 0.04232591763138771 0.05680331960320473 0.020844774320721626 0.16806958615779877 0.1391831934452057 0.12916715443134308 0.09550923109054565 -0.035005729645490646 0.013728373683989048 0.03822476044297218 0.06894663721323013 0.04457692801952362 0.18848296999931335 0.019191790372133255 -0.013303165324032307 0.26250019669532776 0.08941248804330826 -0.05745663121342659 0.07625886797904968 0.0516895167529583 0.11290566623210907 0.0581636019051075 -0.01843131333589554 0.003524760017171502 -0.014360271394252777 0.08887708187103271 -0.021530194208025932 -0.03388085216283798 -0.08403632789850235 -0.07899000495672226 -0.008099930360913277 -0.08827903121709824 0.011859143152832985 -0.008484870195388794 0.05602021515369415 -0.008823861368000507 0.04352130368351936 0.18847788870334625 0.1719060093164444 0.07828392088413239 0.02262323535978794 0.7409022595704421 0.8594670379142161 0.875488959924731 0.7445788560301401 0.9547556120726572 0.9787374709141847 0.9729818829257963 0.9389507886106377 0.9855360462835887 0.25087777 -0.047828436 0.7116269 0.6235211 -0.09438804 0.22545978 0.1569961 -0.008670926 0.15427372 0.6346822 0.21300542 0.8587659 0.7699316 0.176272 0.4656223 0.507843 0.35152146 0.5472238
0 400 0.14837142825126648 0.016706101596355438 0.055340155959129333 0.021086866036057472 0.16790449619293213 -0.1521887183189392 -0.012591781094670296 -0.07939539849758148 -0.03364558517932892 -0.0656895637512207 0.006409559398889542 0.008619729429483414 -0.03354083001613617 0.02977062575519085 0.034553710371255875 -0.06592956930398941 0.14731405675411224 -0.018201353028416634 -0.11441195011138916 -0.1300441324710846 -0.0173469427973032 -0.09328864514827728 0.005085245240479708 -0.03709355741739273 -0.09917569905519485 -0.09396890550851822 0.13441228866577148 0.002529785269871354 0.08681432902812958 0.08156576752662659 0.15902917087078094 -0.03646335378289223 0.11780688166618347 0.07144217938184738 -0.04707329347729683 -0.25229132175445557 -0.10893816500902176 -0.039289869368076324 -0.005142989568412304 0.07929123193025589 -0.060020338743925095 0.13347266614437103 0.22262030839920044 0.05068991333246231 0.029782826080918312 0.22875672578811646 0.012369408272206783 -0.1538400650024414 0.07349797338247299 0.23090381920337677 0.15444663166999817 -0.03088734671473503 0.07313591986894608 0.03373654559254646 0.035429053008556366 0.047028798609972 0.06311479955911636 0.023160861805081367 0.18674398958683014 0.15464799106121063 0.1435190588235855 0.10612136870622635 -0.03889525681734085 0.015253748744726181 0.042471956461668015 0.07660737633705139 0.049529921263456345 0.20942552387714386 0.021324211731553078 -0.014781295321881771 0.2916668951511383 0.09934721142053604 -0.06384070217609406 0.08473207801580429 0.05743279680609703 0.1254507452249527 0.06462622433900833 -0.020479237660765648 0.003916400019079447 -0.015955857932567596 0.09875231981277466 -0.02392243966460228 -0.03764539211988449 -0.09337370097637177 -0.08776667714118958 -0.00899992324411869 -0.09808781743049622 0.01317682582885027 -0.009427634067833424 0.062244683504104614 -0.00980429071933031 0.048357006162405014 0.2094198763370514 0.19100667536258698 0.08698213845491409 0.025136929005384445 0.9119716398246533 0.8751655096272444 0.9461012561673451 0.8992753970186848 0.9909511942027391 0.9885291975302563 0.9878335960730042 0.9744957716735327 0.9929269481214735 -0.15355612 -0.1621677 0.19668582 0.07101682 -0.21287121 0.020832062 0.040012866 -0.06776053 -0.03360802 0.11567229 0.12246245 0.4718588 0.35563046 0.20760432 0.29310235 0.32853264 0.21497774 0.24426383
1 400 0.14837142825126648 0.016706101596355438 0.055340155959129333 0.021086866036057472 0.16790449619293213 -0.1521887183189392 -0.012591781094670296 -0.07939539849758148 -0.03364558517932892 -0.0656895637512207 0.006409559398889542 0.008619729429483414 -0.03354083001613617 0.02977062575519085 0.034553710371255875 -0.06592956930398941 0.14731405675411224 -0.018201353028416634 -0.11441195011138916 -0.1300441324710846 -0.0173469427973032 -0.09328864514827728 0.005085245240479708 -0.03709355741739273 -0.09917569905519485 -0.09396890550851822 0.13441228866577148 0.002529785269871354 0.08681432902812958 0.08156576752662659 0.15902917087078094 -0.03646335378289223 0.11780688166618347 0.07144217938184738 -0.04707329347729683 -0.25229132175445557 -0.10893816500902176 -0.039289869368076324 -0.005142989568412304 0.07929123193025589 -0.060020338743925095 0.13347266614437103 0.22262030839920044 0.05068991333246231 0.029782826080918312 0.22875672578811646 0.012369408272206783 -0.1538400650024414 0.07349797338247299 0.23090381920337677 0.15444663166999817 -0.03088734671473503 0.07313591986894608 0.03373654559254646 0.035429053008556366 0.047028798609972 0.06311479955911636 0.023160861805081367 0.18674398958683014 0.15464799106121063 0.1435190588235855 0.10612136870622635 -0.03889525681734085 0.015253748744726181 0.042471956461668015 0.07660737633705139 0.049529921263456345 0.20942552387714386 0.021324211731553078 -0.014781295321881771 0.2916668951511383 0.09934721142053604 -0.06384070217609406 0.08473207801580429 0.05743279680609703 0.1254507452249527 0.06462622433900833 -0.020479237660765648 0.003916400019079447 -0.015955857932567596 0.09875231981277466 -0.02392243966460228 -0.03764539211988449 -0.09337370097637177 -0.08776667714118958 -0.00899992324411869 -0.09808781743049622 0.01317682582885027 -0.009427634067833424 0.062244683504104614 -0.00980429071933031 0.048357006162405014 0.2094198763370514 0.19100667536258698 0.08698213845491409 0.025136929005384445 0.7641781820850965 0.6971662842974011 0.7153516530413907 0.5631170120738829 0.9366084675583956 0.9670329382131396 0.9716112231385999 0.9229913013646013 0.9879494569618897 0.14368278 -0.022174984 0.7166629 0.63439 -0.24965191 0.19119337 0.06065768 -0.1557856 0.005871147 0.33604726 0.20619974 0.83372706 0.7562341 0.0871817 0.39514917 0.3085724 0.1040027 0.2707084
2 400 0.14837142825126648 0.016706101596355438 0.055340155959129333 0.021086866036057472 0.16790449619293213 -0.1521887183189392 -0.012591781094670296 -0.07939539849758148 -0.03364558517932892 -0.0656895637512207 0.006409559398889542 0.008619729429483414 -0.03354083001613617 0.02977062575519085 0.034553710371255875 -0.06592956930398941 0.14731405675411224 -0.018201353028416634 -0.11441195011138916 -0.1300441324710846 -0.0173469427973032 -0.09328864514827728 0.005085245240479708 -0.03709355741739273 -0.09917569905519485 -0.09396890550851822 0.13441228866577148 0.002529785269871354 0.08681432902812958 0.08156576752662659 0.15902917087078094 -0.03646335378289223 0.11780688166618347 0.07144217938184738 -0.04707329347729683 -0.25229132175445557 -0.10893816500902176 -0.039289869368076324 -0.005142989568412304 0.07929123193025589 -0.060020338743925095 0.13347266614437103 0.22262030839920044 0.05068991333246231 0.029782826080918312 0.22875672578811646 0.012369408272206783 -0.1538400650024414 0.07349797338247299 0.23090381920337677 0.15444663166999817 -0.03088734671473503 0.07313591986894608 0.03373654559254646 0.035429053008556366 0.047028798609972 0.06311479955911636 0.023160861805081367 0.18674398958683014 0.15464799106121063 0.1435190588235855 0.10612136870622635 -0.03889525681734085 0.015253748744726181 0.042471956461668015 0.07660737633705139 0.049529921263456345 0.20942552387714386 0.021324211731553078 -0.014781295321881771 0.2916668951511383 0.09934721142053604 -0.06384070217609406 0.08473207801580429 0.05743279680609703 0.1254507452249527 0.06462622433900833 -0.020479237660765648 0.003916400019079447 -0.015955857932567596 0.09875231981277466 -0.02392243966460228 -0.03764539211988449 -0.09337370097637177 -0.08776667714118958 -0.00899992324411869 -0.09808781743049622 0.01317682582885027 -0.009427634067833424 0.062244683504104614 -0.00980429071933031 0.048357006162405014 0.2094198763370514 0.19100667536258698 0.08698213845491409 0.025136929005384445 0.8305040913507098 0.904720188874153 0.9162310177929519 0.8191892501410657 0.9705194870860134 0.9874493609810862 0.983958573733769 0.963330230556488 0.9923830263466682 0.29916117 0.0065536797 0.76693094 0.67874193 -0.05600959 0.25911823 0.19155613 0.015600741 0.21669188 0.6765211 0.26663128 0.9132008 0.82428396 0.21648908 0.48210686 0.52560204 0.36045772 0.6180032
0 400 0.03037124313414097 -0.11473041772842407 -0.051717229187488556 0.0991993248462677 0.10986778140068054 0.04331187531352043 0.1593741923570633 -0.09432337433099747 -0.01232098788022995 0.17278993129730225 0.051292359828948975 0.05064046382904053 -0.12370798736810684 -0.16349773108959198 0.08542962372303009 0.025265749543905258 0.17775048315525055 -0.03214279189705849 0.043055955320596695 -0.047485221177339554 0.011958824470639229 -0.06550266593694687 -0.35358572006225586 -0.061486732214689255 0.046967606991529465 -0.025413479655981064 -0.03247448429465294 0.052150726318359375 -0.06992848962545395 0.12945237755775452 -0.13152430951595306 0.13825483620166779 -0.3056616187095642 0.14715872704982758 -0.012693826109170914 -0.0695681944489479 -0.0014964304864406586 0.022114019840955734 0.013883007690310478 0.10709559172391891 0.07363337278366089 0.1459537297487259 -0.0018801408587023616 -0.04822465032339096 0.03260587528347969 0.00513367960229516 0.0715927705168724 0.2889767289161682 0.06542112678289413 -0.07311166822910309 -0.14227107167243958 -0.039993610233068466 0.045999664813280106 -0.2540215849876404 0.0570659302175045 0.06203259900212288 0.059906527400016785 -0.05772014334797859 -0.22719252109527588 0.12467954307794571 -0.04084770753979683 0.06210319325327873 0.03013678640127182 -0.07753970474004745 -0.0448668971657753 0.18189074099063873 0.05567655712366104 -0.04881249740719795 0.009570897556841373 -0.018671054393053055 0.1749339997768402 0.03433835878968239 -0.016565455123782158 -0.12476932257413864 -0.0961950495839119 -0.001955790910869837 0.08381134271621704 -0.04715622216463089 0.09271906316280365 0.027403756976127625 -0.02927003614604473 0.016136642545461655 -0.03695647045969963 -0.11182870715856552 -0.06433013081550598 0.022511310875415802 -0.021498866379261017 -0.014383428730070591 -0.0784456878900528 0.020988276228308678 0.008003879338502884 -0.027808310464024544 -0.005989946890622377 0.06514425575733185 -0.09330061823129654 -0.07312770932912827 1.2195130084404592e-05 7.518394552570722e-05 9.483836282905207e-06 7.940324983854155e-06 1.2228354975770184e-05 1.630803846148946e-05 7.201241651587894e-05 0.0003444211550940402 0.005907405457715755 0.22907636 0.42720386 -0.123812184 -0.22812621 -0.034470648 -0.349089 -0.18500419 0.027893454 -0.10749972 -1.1039395 -0.6018395 -1.361413 -1.4950917 -1.2261126 -1.4080088 -1.0038028 -0.8233573 -0.6581543
1 400 0.03037124313414097 -0.11473041772842407 -0.051717229187488556 0.0991993248462677 0.10986778140068054 0.04331187531352043 0.1593741923570633 -0.09432337433099747 -0.01232098788022995 0.17278993129730225 0.051292359828948975 0.05064046382904053 -0.12370798736810684 -0.16349773108959198 0.08542962372303009 0.025265749543905258 0.17775048315525055 -0.03214279189705849 0.043055955320596695 -0.047485221177339554 0.011958824470639229 -0.06550266593694687 -0.35358572006225586 -0.061486732214689255 0.046967606991529465 -0.025413479655981064 -0.03247448429465294 0.052150726318359375 -0.06992848962545395 0.12945237755775452 -0.13152430951595306 0.13825483620166779 -0.3056616187095642 0.14715872704982758 -0.012693826109170914 -0.0695681944489479 -0.0014964304864406586 0.022114019840955734 0.013883007690310478 0.10709559172391891 0.07363337278366089 0.1459537297487259 -0.0018801408587023616 -0.04822465032339096 0.03260587528347969 0.00513367960229516 0.0715927705168724 0.2889767289161682 0.06542112678289413 -0.07311166822910309 -0.14227107167243958 -0.039993610233068466 0.045999664813280106 -0.2540215849876404 0.0570659302175045 0.06203259900212288 0.059906527400016785 -0.05772014334797859 -0.22719252109527588 0.12467954307794571 -0.04084770753979683 0.06210319325327873 0.03013678640127182 -0.07753970474004745 -0.0448668971657753 0.18189074099063873 0.05567655712366104 -0.04881249740719795 0.009570897556841373 -0.018671054393053055 0.1749339997768402 0.03433835878968239 -0.016565455123782158 -0.12476932257413864 -0.0961950495839119 -0.001955790910869837 0.08381134271621704 -0.04715622216463089 0.09271906316280365 0.027403756976127625 -0.02927003614604473 0.016136642545461655 -0.03695647045969963 -0.11182870715856552 -0.06433013081550598 0.022511310875415802 -0.021498866379261017 -0.014383428730070591 -0.0784456878900528 0.020988276228308678 0.008003879338502884 -0.027808310464024544 -0.005989946890622377 0.06514425575733185 -0.09330061823129654 -0.07312770932912827 3.608553987012363e-06 2.1453089844115647e-05 4.912266912934981e-06 4.5002598548483376e-06 5.773053856187997e-06 7.938606292077327e-06 3.25814257237356e-05 0.00011277468455026469 0.001802433725576825 -0.5830611 -0.330092 -1.1180962 -1.2753319 -1.0605459 -1.4165909 -1.2440206 -0.9410788 -0.73791385 -1.9013338 -1.40553 -2.3936217 -2.580221 -2.3445463 -2.5766745 -2.0584564 -1.9065993 -1.2804453
2 400 0.03037124313414097 -0.11473041772842407 -0.051717229187488556 0.0991993248462677 0.10986778140068054 0.04331187531352043 0.1593741923570633 -0.09432337433099747 -0.01232098788022995 0.17278993129730225 0.051292359828948975 0.05064046382904053 -0.12370798736810684 -0.16349773108959198 0.08542962372303009 0.025265749543905258 0.17775048315525055 -0.03214279189705849 0.043055955320596695 -0.047485221177339554 0.011958824470639229 -0.06550266593694687 -0.35358572006225586 -0.061486732214689255 0.046967606991529465 -0.025413479655981064 -0.03247448429465294 0.052150726318359375 -0.06992848962545395 0.12945237755775452 -0.13152430951595306 0.13825483620166779 -0.3056616187095642 0.14715872704982758 -0.012693826109170914 -0.0695681944489479 -0.0014964304864406586 0.022114019840955734 0.013883007690310478 0.10709559172391891 0.07363337278366089 0.1459537297487259 -0.0018801408587023616 -0.04822465032339096 0.03260587528347969 0.00513367960229516 0.0715927705168724 0.2889767289161682 0.06542112678289413 -0.07311166822910309 -0.14227107167243958 -0.039993610233068466 0.045999664813280106 -0.2540215849876404 0.0570659302175045 0.06203259900212288 0.059906527400016785 -0.05772014334797859 -0.22719252109527588 0.12467954307794571 -0.04084770753979683 0.06210319325327873 0.03013678640127182 -0.07753970474004745 -0.0448668971657753 0.18189074099063873 0.05567655712366104 -0.04881249740719795 0.009570897556841373 -0.018671054393053055 0.1749339997768402 0.03433835878968239 -0.016565455123782158 -0.12476932257413864 -0.0961950495839119 -0.001955790910869837 0.08381134271621704 -0.04715622216463089 0.09271906316280365 0.027403756976127625 -0.02927003614604473 0.016136642545461655 -0.03695647045969963 -0.11182870715856552 -0.06433013081550598 0.022511310875415802 -0.021498866379261017 -0.014383428730070591 -0.0784456878900528 0.020988276228308678 0.008003879338502884 -0.027808310464024544 -0.005989946890622377 0.06514425575733185 -0.09330061823129654 -0.07312770932912827 6.048636519191142e-06 8.301088253214321e-05 2.1025241706096523e-05 1.8351170288537744e-05 1.78704122864669e-05 2.271765039861046e-05 0.0001122304564743657 0.0005329608506034356 0.008366381536155787 -0.093067944 0.12753841 -0.6977278 -0.89757407 -0.6749072 -1.0850946 -0.8294571 -0.5000993 -0.42945865 -1.3072631 -0.7734302 -1.8271601 -2.062896 -1.7713368 -2.0340593 -1.4980943 -1.2756739 -0.8801131
0 400 0.027334118261933327 -0.10325737297534943 -0.04654550552368164 0.08927939087152481 0.09888099879026413 0.03898068517446518 0.14343677461147308 -0.08489103615283966 -0.011088889092206955 0.15551093220710754 0.04616312310099602 0.045576415956020355 -0.11133718490600586 -0.14714795351028442 0.07688666135072708 0.022739173844456673 0.15997542440891266 -0.028928512707352638 0.038750357925891876 -0.04273669794201851 0.010762942023575306 -0.05895239859819412 -0.3182271420955658 -0.0553380586206913 0.04227084666490555 -0.022872131317853928 -0.029227035120129585 0.04693565145134926 -0.06293563544750214 0.1165071353316307 -0.1183718740940094 0.12442935258150101 -0.27509546279907227 0.13244284689426422 -0.011424442753195763 -0.06261137127876282 -0.0013467874377965927 0.01990261673927307 0.0124947065487504 0.09638603031635284 0.06627003103494644 0.13135835528373718 -0.0016921267379075289 -0.043402183800935745 0.029345287010073662 0.004620311316102743 0.0644334927201271 0.2600790560245514 0.05887901410460472 -0.0658005028963089 -0.12804396450519562 -0.03599424660205841 0.041399698704481125 -0.22861942648887634 0.05135933682322502 0.05582933872938156 0.05391587316989899 -0.051948126405477524 -0.20447325706481934 0.11221158504486084 -0.03676293417811394 0.05589287355542183 0.02712310664355755 -0.06978572905063629 -0.04038020595908165 0.16370166838169098 0.0501088984310627 -0.04393124580383301 0.008613807149231434 -0.01680394820868969 0.15744060277938843 0.03090452216565609 -0.014908908866345882 -0.11229238659143448 -0.08657554537057877 -0.0017602117732167244 0.07543020695447922 -0.04244059696793556 0.0834471583366394 0.024663381278514862 -0.026343032717704773 0.014522978104650974 -0.03326082229614258 -0.10064583271741867 -0.057897116988897324 0.020260179415345192 -0.019348978996276855 -0.012945085763931274 -0.07060112059116364 0.018889447674155235 0.0072034914046525955 -0.025027478113770485 -0.0053909518755972385 0.058629829436540604 -0.0839705541729927 -0.06581493467092514 3.805088786024325e-05 0.0002626141170860168 3.407095622667354e-05 2.758636444798661e-05 4.233077549071249e-05 5.643794344984204e-05 0.0002524366826738394 0.0012212059005771137 0.0171343047809955 0.23519483 0.46016374 -0.08008996 -0.15622106 0.03627816 -0.27800053 -0.122951984 0.08116415 -0.17881608 -0.9457986 -0.3950233 -1.1386437 -1.2529628 -0.9857257 -1.1673436 -0.77058077 -0.6053465 -0.60232276
1 400 0.027334118261933327 -0.10325737297534943 -0.04654550552368164 0.08927939087152481 0.09888099879026413 0.03898068517446518 0.14343677461147308 -0.08489103615283966 -0.011088889092206955 0.15551093220710754 0.04616312310099602 0.045576415956020355 -0.11133718490600586 -0.14714795351028442 0.07688666135072708 0.022739173844456673 0.15997542440891266 -0.028928512707352638 0.038750357925891876 -0.04273669794201851 0.010762942023575306 -0.05895239859819412 -0.3182271420955658 -0.0553380586206913 0.04227084666490555 -0.022872131317853928 -0.029227035120129585 0.04693565145134926 -0.06293563544750214 0.1165071353316307 -0.1183718740940094 0.12442935258150101 -0.27509546279907227 0.13244284689426422 -0.011424442753195763 -0.06261137127876282 -0.0013467874377965927 0.01990261673927307 0.0124947065487504 0.09638603031635284 0.06627003103494644 0.13135835528373718 -0.0016921267379075289 -0.043402183800935745 0.029345287010073662 0.004620311316102743 0.0644334927201271 0.2600790560245514 0.05887901410460472 -0.0658005028963089 -0.12804396450519562 -0.03599424660205841 0.041399698704481125 -0.22861942648887634 0.05135933682322502 0.05582933872938156 0.05391587316989899 -0.051948126405477524 -0.20447325706481934 0.11221158504486084 -0.03676293417811394 0.05589287355542183 0.02712310664355755 -0.06978572905063629 -0.04038020595908165 0.16370166838169098 0.0501088984310627 -0.04393124580383301 0.008613807149231434 -0.01680394820868969 0.15744060277938843 0.03090452216565609 -0.014908908866345882 -0.11229238659143448 -0.08657554537057877 -0.0017602117732167244 0.07543020695447922 -0.04244059696793556 0.0834471583366394 0.024663381278514862 -0.026343032717704773 0.014522978104650974 -0.03326082229614258 -0.10064583271741867 -0.057897116988897324 0.020260179415345192 -0.019348978996276855 -0.012945085763931274 -0.07060112059116364 0.018889447674155235 0.0072034914046525955 -0.025027478113770485 -0.0053909518755972385 0.058629829436540604 -0.0839705541729927 -0.06581493467092514 1.1950409534933009e-05 7.24211391081365e-05 1.9151441520025974e-05 1.808626668793687e-05 1.998918553829276e-05 2.766629605357578e-05 0.00011695726091577306 0.00043875331501909583 0.007614054259663462 -0.6111909 -0.3153246 -1.0792596 -1.2084589 -0.98292196 -1.3279022 -1.1588187 -0.8857297 -0.7204122 -1.7388384 -1.2173374 -2.1490843 -2.308782 -2.0915737 -2.310578 -1.7952421 -1.6422172 -1.0594976
2 400 0.027334118261933327 -0.10325737297534943 -0.04654550552368164 0.08927939087152481 0.09888099879026413 0.03898068517446518 0.14343677461147308 -0.08489103615283966 -0.011088889092206955 0.15551093220710754 0.04616312310099602 0.045576415956020355 -0.11133718490600586 -0.14714795351028442 0.07688666135072708 0.022739173844456673 0.15997542440891266 -0.028928512707352638 0.038750357925891876 -0.04273669794201851 0.010762942023575306 -0.05895239859819412 -0.3182271420955658 -0.0553380586206913 0.04227084666490555 -0.022872131317853928 -0.029227035120129585 0.04693565145134926 -0.06293563544750214 0.1165071353316307 -0.1183718740940094 0.12442935258150101 -0.27509546279907227 0.13244284689426422 -0.011424442753195763 -0.06261137127876282 -0.0013467874377965927 0.01990261673927307 0.0124947065487504 0.09638603031635284 0.06627003103494644 0.13135835528373718 -0.0016921267379075289 -0.043402183800935745 0.029345287010073662 0.004620311316102743 0.0644334927201271 0.2600790560245514 0.05887901410460472 -0.0658005028963089 -0.12804396450519562 -0.03599424660205841 0.041399698704481125 -0.22861942648887634 0.05135933682322502 0.05582933872938156 0.05391587316989899 -0.051948126405477524 -0.20447325706481934 0.11221158504486084 -0.03676293417811394 0.05589287355542183 0.02712310664355755 -0.06978572905063629 -0.04038020595908165 0.16370166838169098 0.0501088984310627 -0.04393124580383301 0.008613807149231434 -0.01680394820868969 0.15744060277938843 0.03090452216565609 -0.014908908866345882 -0.11229238659143448 -0.08657554537057877 -0.0017602117732167244 0.07543020695447922 -0.04244059696793556 0.0834471583366394 0.024663381278514862 -0.026343032717704773 0.014522978104650974 -0.03326082229614258 -0.10064583271741867 -0.057897116988897324 0.020260179415345192 -0.019348978996276855 -0.012945085763931274 -0.07060112059116364 0.018889447674155235 0.0072034914046525955 -0.025027478113770485 -0.0053909518755972385 0.058629829436540604 -0.0839705541729927 -0.06581493467092514 1.8506281400587184e-05 0.0002563114664901855 7.259067543000582e-05 6.283129472166196e-05 6.218561422048966e-05 7.849250844963422e-05 0.0003877613945853703 0.0022676921754585296 0.02869359865805237 -0.08335942 0.13936153 -0.64262676 -0.8251487 -0.62210727 -1.0237476 -0.7871268 -0.3797364 -0.45647645 -1.1406193 -0.59857005 -1.5952079 -1.8109195 -1.5425489 -1.7984757 -1.2772434 -0.9591808 -0.75006956
0 400 0.024296995252370834 -0.09178433567285538 -0.041373785585165024 0.07935946434736252 0.08789422363042831 0.034649502485990524 0.12749935686588287 -0.07545869797468185 -0.00985679030418396 0.13823194801807404 0.04103389009833336 0.04051237180829048 -0.09896638989448547 -0.13079819083213806 0.06834369897842407 0.020212600007653236 0.14220039546489716 -0.02571423351764679 0.034444764256477356 -0.03798817843198776 0.009567059576511383 -0.052402134984731674 -0.2828685939311981 -0.049189385026693344 0.03757408633828163 -0.02033078484237194 -0.02597958780825138 0.04172058030962944 -0.05594279244542122 0.1035619005560875 -0.10521944612264633 0.11060386896133423 -0.24452929198741913 0.11772698163986206 -0.01015506125986576 -0.055654555559158325 -0.0011971443891525269 0.017691215500235558 0.011106406338512897 0.08567647635936737 0.05890670046210289 0.11676298826932907 -0.001504112733528018 -0.03857972100377083 0.026084700599312782 0.004106943961232901 0.057274218648672104 0.23118138313293457 0.05233690142631531 -0.05848933383822441 -0.11381685733795166 -0.03199489042162895 0.036799732595682144 -0.2032172679901123 0.04565274342894554 0.049626078456640244 0.04792522266507149 -0.04617611691355705 -0.18175402283668518 0.09974363446235657 -0.03267816826701164 0.049682553857564926 0.024109428748488426 -0.062031764537096024 -0.0358935184776783 0.14551259577274323 0.04454124718904495 -0.03904999792575836 0.007656718138605356 -0.014936843886971474 0.13994720578193665 0.02747068740427494 -0.013252364471554756 -0.09981545805931091 -0.07695604115724564 -0.0015646327519789338 0.06704907864332199 -0.03772497922182083 0.07417525351047516 0.0219230055809021 -0.023416029289364815 0.012909314595162868 -0.029565175995230675 -0.08946296572685242 -0.051464106887578964 0.01800904981791973 -0.017199093475937843 -0.011506742797791958 -0.06275655329227448 0.016790620982646942 0.006403103470802307 -0.022246649488806725 -0.004791957791894674 0.05211540684103966 -0.07464049756526947 -0.05850216746330261 0.00011000991378402734 0.0008409505985665036 0.00012172223651296223 0.00010086613871517225 0.0001453864471861369 0.00019766920213451852 0.0007931155402431589 0.004292603662323999 0.05275345531469771 0.14163992 0.3590336 -0.036397785 -0.10229966 0.10904986 -0.2012342 0.026811928 0.13199884 -0.16637099 -0.88418514 -0.3270405 -0.9163954 -1.0144539 -0.74438125 -0.9181572 -0.46964797 -0.388133 -0.43804687
1 400 0.024296995252370834 -0.09178433567285538 -0.041373785585165024 0.07935946434736252 0.08789422363042831 0.034649502485990524 0.12749935686588287 -0.07545869797468185 -0.00985679030418396 0.13823194801807404 0.04103389009833336 0.04051237180829048 -0.09896638989448547 -0.13079819083213806 0.06834369897842407 0.020212600007653236 0.14220039546489716 -0.02571423351764679 0.034444764256477356 -0.03798817843198776 0.009567059576511383 -0.052402134984731674 -0.2828685939311981 -0.049189385026693344 0.03757408633828163 -0.02033078484237194 -0.02597958780825138 0.04172058030962944 -0.05594279244542122 0.1035619005560875 -0.10521944612264633 0.11060386896133423 -0.24452929198741913 0.11772698163986206 -0.01015506125986576 -0.055654555559158325 -0.0011971443891525269 0.017691215500235558 0.011106406338512897 0.08567647635936737 0.05890670046210289 0.11676298826932907 -0.001504112733528018 -0.03857972100377083 0.026084700599312782 0.004106943961232901 0.057274218648672104 0.23118138313293457 0.05233690142631531 -0.05848933383822441 -0.11381685733795166 -0.03199489042162895 0.036799732595682144 -0.2032172679901123 0.04565274342894554 0.049626078456640244 0.04792522266507149 -0.04617611691355705 -0.18175402283668518 0.09974363446235657 -0.03267816826701164 0.049682553857564926 0.024109428748488426 -0.062031764537096024 -0.0358935184776783 0.14551259577274323 0.04454124718904495 -0.03904999792575836 0.007656718138605356 -0.014936843886971474 0.13994720578193665 0.02747068740427494 -0.013252364471554756 -0.09981545805931091 -0.07695604115724564 -0.0015646327519789338 0.06704907864332199 -0.03772497922182083 0.07417525351047516 0.0219230055809021 -0.023416029289364815 0.012909314595162868 -0.029565175995230675 -0.08946296572685242 -0.051464106887578964 0.01800904981791973 -0.017199093475937843 -0.011506742797791958 -0.06275655329227448 0.016790620982646942 0.006403103470802307 -0.022246649488806725 -0.004791957791894674 0.05211540684103966 -0.07464049756526947 -0.05850216746330261 3.929271576746847e-05 0.0002147306257772583 7.729846689361014e-05 8.04220713662634e-05 6.808954759615637e-05 0.00010854876659343865 0.0004694318064345623 0.0017402247252114632 0.02726037514212844 -0.6372319 -0.33534616 -1.0513626 -1.0883754 -0.90293276 -1.1814799 -1.0192388 -0.82686377 -0.6545646 -1.5751779 -1.0729551 -1.9092288 -1.9822128 -1.8383203 -1.9837029 -1.4744768 -1.3714638 -0.85938555
2 400 0.024296995252370834 -0.09178433567285538 -0.041373785585165024 0.07935946434736252 0.08789422363042831 0.034649502485990524 0.12749935686588287 -0.07545869797468185 -0.00985679030418396 0.13823194801807404 0.04103389009833336 0.04051237180829048 -0.09896638989448547 -0.13079819083213806 0.06834369897842407 0.020212600007653236 0.14220039546489716 -0.02571423351764679 0.034444764256477356 -0.03798817843198776 0.009567059576511383 -0.052402134984731674 -0.2828685939311981 -0.049189385026693344 0.03757408633828163 -0.02033078484237194 -0.02597958780825138 0.04172058030962944 -0.05594279244542122 0.1035619005560875 -0.10521944612264633 0.11060386896133423 -0.24452929198741913 0.11772698163986206 -0.01015506125986576 -0.055654555559158325 -0.0011971443891525269 0.017691215500235558 0.011106406338512897 0.08567647635936737 0.05890670046210289 0.11676298826932907 -0.001504112733528018 -0.03857972100377083 0.026084700599312782 0.004106943961232901 0.057274218648672104 0.23118138313293457 0.05233690142631531 -0.05848933383822441 -0.11381685733795166 -0.03199489042162895 0.036799732595682144 -0.2032172679901123 0.04565274342894554 0.049626078456640244 0.04792522266507149 -0.04617611691355705 -0.18175402283668518 0.09974363446235657 -0.03267816826701164 0.049682553857564926 0.024109428748488426 -0.062031764537096024 -0.0358935184776783 0.14551259577274323 0.04454124718904495 -0.03904999792575836 0.007656718138605356 -0.014936843886971474 0.13994720578193665 0.02747068740427494 -0.013252364471554756 -0.09981545805931091 -0.07695604115724564 -0.0015646327519789338 0.06704907864332199 -0.03772497922182083 0.07417525351047516 0.0219230055809021 -0.023416029289364815 0.012909314595162868 -0.029565175995230675 -0.08946296572685242 -0.051464106887578964 0.01800904981791973 -0.017199093475937843 -0.011506742797791958 -0.06275655329227448 0.016790620982646942 0.006403103470802307 -0.022246649488806725 -0.004791957791894674 0.05211540684103966 -0.07464049756526947 -0.05850216746330261 4.728052049943005e-05 0.000702803992324749 0.0002467621207131859 0.00021074095614653576 0.00021451904265011462 0.0002807714662158786 0.0013249152479598617 0.009638112664707406 0.09049332331089216 -0.20018996 0.059795648 -0.58782375 -0.7521632 -0.56736887 -0.95903194 -0.7450785 -0.24819942 -0.45800668 -1.1374872 -0.53719044 -1.3592918 -1.5621436 -1.3135018 -1.5553973 -1.0585237 -0.6302093 -0.6167842
0 400 0.021259870380163193 -0.08031129091978073 -0.03620205819606781 0.06943952292203903 0.0769074484705925 0.030318312346935272 0.11156193166971207 -0.06602635979652405 -0.008624691516160965 0.12095294892787933 0.0359046496450901 0.03544832393527031 -0.08659558743238449 -0.1144484132528305 0.05980073660612106 0.01768602430820465 0.12442533671855927 -0.02249995432794094 0.030139168724417686 -0.03323965519666672 0.00837117712944746 -0.04585186392068863 -0.24751000106334686 -0.04304071143269539 0.032877326011657715 -0.017789434641599655 -0.022732138633728027 0.03650550916790962 -0.048949941992759705 0.09061666578054428 -0.09206701815128326 0.09677838534116745 -0.21396313607692719 0.1030111089348793 -0.00888567790389061 -0.048697736114263535 -0.001047501340508461 0.01547981332987547 0.00971810519695282 0.0749669149518013 0.05154335871338844 0.10216760635375977 -0.0013160986127331853 -0.03375725448131561 0.022824112325906754 0.0035935756750404835 0.050114937126636505 0.20228371024131775 0.045794788748025894 -0.05117816850543022 -0.0995897501707077 -0.027995526790618896 0.03219976648688316 -0.17781510949134827 0.03994615003466606 0.043422818183898926 0.04193456843495369 -0.040404099971055984 -0.15903475880622864 0.0872756764292717 -0.02859339490532875 0.04347223415970802 0.021095750853419304 -0.05427779257297516 -0.03140682727098465 0.12732352316379547 0.03897358849644661 -0.03416874632239342 0.006699628196656704 -0.013069737702608109 0.12245380133390427 0.024036850780248642 -0.01159581821411848 -0.08733852207660675 -0.0673365369439125 -0.0013690536143258214 0.05866793915629387 -0.033009354025125504 0.06490334123373032 0.019182629883289337 -0.020489025861024857 0.011295649223029613 -0.02586952969431877 -0.07828009128570557 -0.04503108933568001 0.015757916495203972 -0.015049206092953682 -0.010068399831652641 -0.054911982268095016 0.014691793359816074 0.005602715536952019 -0.019465817138552666 -0.0041929627768695354 0.045600976794958115 -0.06531043350696564 -0.051189396530389786 0.00031708104602374095 0.002685336838169939 0.0004993450667639349 0.00038818562361745594 0.0005367721698307307 0.000691235451738231 0.0025614822577408663 0.01786913021594229 0.1584976149991815 0.011240691 0.20747945 -0.013508886 -0.061075687 0.12669227 -0.07341045 0.16320762 0.11103651 -0.17384404 -0.8521115 -0.30445474 -0.68284273 -0.77631897 -0.5437324 -0.6180462 -0.17594692 -0.19558835 -0.26628578
1 400 0.021259870380163193 -0.08031129091978073 -0.03620205819606781 0.06943952292203903 0.0769074484705925 0.030318312346935272 0.11156193166971207 -0.06602635979652405 -0.008624691516160965 0.12095294892787933 0.0359046496450901 0.03544832393527031 -0.08659558743238449 -0.1144484132528305 0.05980073660612106 0.01768602430820465 0.12442533671855927 -0.02249995432794094 0.030139168724417686 -0.03323965519666672 0.00837117712944746 -0.04585186392068863 -0.24751000106334686 -0.04304071143269539 0.032877326011657715 -0.017789434641599655 -0.022732138633728027 0.03650550916790962 -0.048949941992759705 0.09061666578054428 -0.09206701815128326 0.09677838534116745 -0.21396313607692719 0.1030111089348793 -0.00888567790389061 -0.048697736114263535 -0.001047501340508461 0.01547981332987547 0.00971810519695282 0.0749669149518013 0.05154335871338844 0.10216760635375977 -0.0013160986127331853 -0.03375725448131561 0.022824112325906754 0.0035935756750404835 0.050114937126636505 0.20228371024131775 0.045794788748025894 -0.05117816850543022 -0.0995897501707077 -0.027995526790618896 0.03219976648688316 -0.17781510949134827 0.03994615003466606 0.043422818183898926 0.04193456843495369 -0.040404099971055984 -0.15903475880622864 0.0872756764292717 -0.02859339490532875 0.04347223415970802 0.021095750853419304 -0.05427779257297516 -0.03140682727098465 0.12732352316379547 0.03897358849644661 -0.03416874632239342 0.006699628196656704 -0.013069737702608109 0.12245380133390427 0.024036850780248642 -0.01159581821411848 -0.08733852207660675 -0.0673365369439125 -0.0013690536143258214 0.05866793915629387 -0.033009354025125504 0.06490334123373032 0.019182629883289337 -0.020489025861024857 0.011295649223029613 -0.02586952969431877 -0.07828009128570557 -0.04503108933568001 0.015757916495203972 -0.015049206092953682 -0.010068399831652641 -0.054911982268095016 0.014691793359816074 0.005602715536952019 -0.019465817138552666 -0.0041929627768695354 0.045600976794958115 -0.06531043350696564 -0.051189396530389786 0.00012977541692412112 0.0006089690767554526 0.0003609298384468879 0.0003615214439321812 0.00023336536789571668 0.00042792852089264884 0.0018905138184398254 0.006365334413647861 0.0909241393854043 -0.66433 -0.3932676 -0.9595151 -0.96680653 -0.8245301 -1.034428 -0.8794167 -0.76986444 -0.5751688 -1.4120696 -0.96781063 -1.5994537 -1.6525741 -1.5858867 -1.6557398 -1.1528485 -1.1109998 -0.6546958
2 400 0.021259870380163193 -0.08031129091978073 -0.03620205819606781 0.06943952292203903 0.0769074484705925 0.030318312346935272 0.11156193166971207 -0.06602635979652405 -0.008624691516160965 0.12095294892787933 0.0359046496450901 0.03544832393527031 -0.08659558743238449 -0.1144484132528305 0.05980073660612106 0.01768602430820465 0.12442533671855927 -0.02249995432794094 0.030139168724417686 -0.03323965519666672 0.00837117712944746 -0.04585186392068863 -0.24751000106334686 -0.04304071143269539 0.032877326011657715 -0.017789434641599655 -0.022732138633728027 0.03650550916790962 -0.048949941992759705 0.09061666578054428 -0.09206701815128326 0.09677838534116745 -0.21396313607692719 0.1030111089348793 -0.00888567790389061 -0.048697736114263535 -0.001047501340508461 0.01547981332987547 0.00971810519695282 0.0749669149518013 0.05154335871338844 0.10216760635375977 -0.0013160986127331853 -0.03375725448131561 0.022824112325906754 0.0035935756750404835 0.050114937126636505 0.20228371024131775 0.045794788748025894 -0.05117816850543022 -0.0995897501707077 -0.027995526790618896 0.03219976648688316 -0.17781510949134827 0.03994615003466606 0.043422818183898926 0.04193456843495369 -0.040404099971055984 -0.15903475880622864 0.0872756764292717 -0.02859339490532875 0.04347223415970802 0.021095750853419304 -0.05427779257297516 -0.03140682727098465 0.12732352316379547 0.03897358849644661 -0.03416874632239342 0.006699628196656704 -0.013069737702608109 0.12245380133390427 0.024036850780248642 -0.01159581821411848 -0.08733852207660675 -0.0673365369439125 -0.0013690536143258214 0.05866793915629387 -0.033009354025125504 0.06490334123373032 0.019182629883289337 -0.020489025861024857 0.011295649223029613 -0.02586952969431877 -0.07828009128570557 -0.04503108933568001 0.015757916495203972 -0.015049206092953682 -0.010068399831652641 -0.054911982268095016 0.014691793359816074 0.005602715536952019 -0.019465817138552666 -0.0041929627768695354 0.045600976794958115 -0.06531043350696564 -0.051189396530389786 0.0001256160584428712 0.0019114973461990732 0.0007843318229137295 0.0007332572626661421 0.0007407292874070325 0.0010423849339748648 0.004503689450490925 0.04062283680186279 0.2347282140548246 -0.33949554 -0.0931896 -0.5712396 -0.7048172 -0.5086385 -0.8915057 -0.6943813 -0.120147765 -0.46505976 -1.1305013 -0.53789866 -1.1680903 -1.322773 -1.0807188 -1.3046639 -0.83151853 -0.3001327 -0.5221449
0 400 0.0182227473706007 -0.06883825361728668 -0.031030338257551193 0.05951959639787674 0.06592067331075668 0.02598712593317032 0.09562452137470245 -0.05659402534365654 -0.007392593193799257 0.10367396473884583 0.030775416642427444 0.030384279787540436 -0.0742247924208641 -0.09809864312410355 0.05125777795910835 0.015159450471401215 0.10665029287338257 -0.019285675138235092 0.025833575055003166 -0.028491133823990822 0.007175295148044825 -0.03930160030722618 -0.212151437997818 -0.03689204156398773 0.028180565685033798 -0.015248088166117668 -0.019484691321849823 0.031290438026189804 -0.04195709526538849 0.07767143100500107 -0.0789145901799202 0.08295290172100067 -0.18339698016643524 0.08829523622989655 -0.007616295944899321 -0.041740916669368744 -0.0008978583500720561 0.013268412090837955 0.008329804986715317 0.06425736099481583 0.04418002441525459 0.08757223933935165 -0.0011280846083536744 -0.028934791684150696 0.019563525915145874 0.0030802078545093536 0.0429556630551815 0.17338603734970093 0.03925267606973648 -0.04386700317263603 -0.08536264300346375 -0.02399616688489914 0.027599800378084183 -0.15241295099258423 0.03423956036567688 0.037219561636447906 0.03594391793012619 -0.034632086753845215 -0.13631552457809448 0.07480772584676743 -0.024508625268936157 0.03726191818714142 0.01808207295835018 -0.04652382433414459 -0.0269201397895813 0.10913445055484772 0.033405937254428864 -0.02928750030696392 0.005742538720369339 -0.011202633380889893 0.10496040433645248 0.020603016018867493 -0.009939273819327354 -0.07486159354448318 -0.057717032730579376 -0.0011734745930880308 0.050286807119846344 -0.028293734416365623 0.05563144013285637 0.016442254185676575 -0.0175620224326849 0.009681985713541508 -0.022173883393406868 -0.06709722429513931 -0.03859807923436165 0.013506786897778511 -0.01289932057261467 -0.0086300577968359 -0.047067414969205856 0.012592966668307781 0.00480232760310173 -0.016684986650943756 -0.003593968227505684 0.03908655419945717 -0.0559803731739521 -0.04387662559747696 0.0008881429875516873 0.007502701492286136 0.002350702115151261 0.0018266662727322899 0.002047319138429026 0.003065841012827824 0.011310847409184956 0.06537662404868631 0.30507310568169477 -0.13411464 0.034772545 -0.068778306 -0.0005504489 0.11565569 0.03353128 0.2284526 -0.01018852 -0.26257524 -0.83073294 -0.32508573 -0.49957925 -0.501863 -0.36486596 -0.3138899 0.085193604 -0.10941166 -0.27225882
1 400 0.0182227473706007 -0.06883825361728668 -0.031030338257551193 0.05951959639787674 0.06592067331075668 0.02598712593317032 0.09562452137470245 -0.05659402534365654 -0.007392593193799257 0.10367396473884583 0.030775416642427444 0.030384279787540436 -0.0742247924208641 -0.09809864312410355 0.05125777795910835 0.015159450471401215 0.10665029287338257 -0.019285675138235092 0.025833575055003166 -0.028491133823990822 0.007175295148044825 -0.03930160030722618 -0.212151437997818 -0.03689204156398773 0.028180565685033798 -0.015248088166117668 -0.019484691321849823 0.031290438026189804 -0.04195709526538849 0.07767143100500107 -0.0789145901799202 0.08295290172100067 -0.18339698016643524 0.08829523622989655 -0.007616295944899321 -0.041740916669368744 -0.0008978583500720561 0.013268412090837955 0.008329804986715317 0.06425736099481583 0.04418002441525459 0.08757223933935165 -0.0011280846083536744 -0.028934791684150696 0.019563525915145874 0.0030802078545093536 0.0429556630551815 0.17338603734970093 0.03925267606973648 -0.04386700317263603 -0.08536264300346375 -0.02399616688489914 0.027599800378084183 -0.15241295099258423 0.03423956036567688 0.037219561636447906 0.03594391793012619 -0.034632086753845215 -0.13631552457809448 0.07480772584676743 -0.024508625268936157 0.03726191818714142 0.01808207295835018 -0.04652382433414459 -0.0269201397895813 0.10913445055484772 0.033405937254428864 -0.02928750030696392 0.005742538720369339 -0.011202633380889893 0.10496040433645248 0.020603016018867493 -0.009939273819327354 -0.07486159354448318 -0.057717032730579376 -0.0011734745930880308 0.050286807119846344 -0.028293734416365623 0.05563144013285637 0.016442254185676575 -0.0175620224326849 0.009681985713541508 -0.022173883393406868 -0.06709722429513931 -0.03859807923436165 0.013506786897778511 -0.01289932057261467 -0.0086300577968359 -0.047067414969205856 0.012592966668307781 0.00480232760310173 -0.016684986650943756 -0.003593968227505684 0.03908655419945717 -0.0559803731739521 -0.04387662559747696 0.00042392633617524057 0.0017348107177927582 0.0016871248402359504 0.0016184904632642475 0.0008831833671732429 0.001690183504163872 0.007444372805684331 0.021635156799673174 0.2656307859093145 -0.6843288 -0.45641252 -0.8676028 -0.8455491 -0.7714429 -0.887233 -0.7311206 -0.6804395 -0.50312304 -1.2361209 -0.8656436 -1.2892935 -1.3238039 -1.3340671 -1.3274179 -0.8344058 -0.86476505 -0.4563048
2 400 0.0182227473706007 -0.06883825361728668 -0.031030338257551193 0.05951959639787674 0.06592067331075668 0.02598712593317032 0.09562452137470245 -0.05659402534365654 -0.007392593193799257 0.10367396473884583 0.030775416642427444 0.030384279787540436 -0.0742247924208641 -0.09809864312410355 0.05125777795910835 0.015159450471401215 0.10665029287338257 -0.019285675138235092 0.025833575055003166 -0.028491133823990822 0.007175295148044825 -0.03930160030722618 -0.212151437997818 -0.03689204156398773 0.028180565685033798 -0.015248088166117668 -0.019484691321849823 0.031290438026189804 -0.04195709526538849 0.07767143100500107 -0.0789145901799202 0.08295290172100067 -0.18339698016643524 0.08829523622989655 -0.007616295944899321 -0.041740916669368744 -0.0008978583500720561 0.013268412090837955 0.008329804986715317 0.06425736099481583 0.04418002441525459 0.08757223933935165 -0.0011280846083536744 -0.028934791684150696 0.019563525915145874 0.0030802078545093536 0.0429556630551815 0.17338603734970093 0.03925267606973648 -0.04386700317263603 -0.08536264300346375 -0.02399616688489914 0.027599800378084183 -0.15241295099258423 0.03423956036567688 0.037219561636447906 0.03594391793012619 -0.034632086753845215 -0.13631552457809448 0.07480772584676743 -0.024508625268936157 0.03726191818714142 0.01808207295835018 -0.04652382433414459 -0.0269201397895813 0.10913445055484772 0.033405937254428864 -0.02928750030696392 0.005742538720369339 -0.011202633380889893 0.10496040433645248 0.020603016018867493 -0.009939273819327354 -0.07486159354448318 -0.057717032730579376 -0.0011734745930880308 0.050286807119846344 -0.028293734416365623 0.05563144013285637 0.016442254185676575 -0.0175620224326849 0.009681985713541508 -0.022173883393406868 -0.06709722429513931 -0.03859807923436165 0.013506786897778511 -0.01289932057261467 -0.0086300577968359 -0.047067414969205856 0.012592966668307781 0.00480232760310173 -0.016684986650943756 -0.003593968227505684 0.03908655419945717 -0.0559803731739521 -0.04387662559747696 0.0003509113113639664 0.004993131929355289 0.002751366804097864 0.002475602831349859 0.0024671367788972466 0.003767929228059758 0.013588304802164474 0.1707482056046947 0.378264771650019 -0.4845589 -0.28257743 -0.58021235 -0.68681854 -0.45826495 -0.7679572 -0.43962198 -0.015467644 -0.58271444 -1.1112521 -0.57399446 -0.97026426 -1.113441 -0.8620867 -1.0062923 -0.4645056 0.036743164 -0.5876663
0 400 0.015185621567070484 -0.057365208864212036 -0.025858614593744278 0.04959966242313385 0.05493389070034027 0.021655937656760216 0.07968709617853165 -0.047161687165498734 -0.006160493940114975 0.08639496564865112 0.025646179914474487 0.025320231914520264 -0.06185399368405342 -0.08174886554479599 0.042714811861515045 0.012632874771952629 0.08887524157762527 -0.016071395948529243 0.021527977660298347 -0.023742610588669777 0.005979412235319614 -0.032751332968473434 -0.17679286003112793 -0.030743366107344627 0.023483803495764732 -0.012706739827990532 -0.01623724214732647 0.026075363159179688 -0.034964244812726974 0.06472618877887726 -0.06576215475797653 0.06912741810083389 -0.1528308093547821 0.07357936352491379 -0.006346913054585457 -0.03478409722447395 -0.0007482152432203293 0.011057009920477867 0.006941503845155239 0.05354779586195946 0.036816686391830444 0.07297686487436295 -0.0009400704293511808 -0.02411232516169548 0.016302937641739845 0.00256683980114758 0.0357963852584362 0.1444883644580841 0.03271056339144707 -0.036555834114551544 -0.07113553583621979 -0.019996805116534233 0.022999832406640053 -0.1270107924938202 0.02853296510875225 0.03101629950106144 0.029953263700008392 -0.028860071673989296 -0.11359626054763794 0.062339771538972855 -0.020423853769898415 0.031051596626639366 0.01506839320063591 -0.03876985237002373 -0.02243344858288765 0.09094537049531937 0.02783827856183052 -0.024406248703598976 0.004785448778420687 -0.009335527196526527 0.0874669998884201 0.017169179394841194 -0.008282727561891079 -0.06238466128706932 -0.04809752479195595 -0.0009778954554349184 0.04190567135810852 -0.023578111082315445 0.046359531581401825 0.013701878488063812 -0.014635018073022366 0.008068321272730827 -0.018478235229849815 -0.05591435357928276 -0.03216506540775299 0.011255655437707901 -0.010749433189630508 -0.0071917143650352955 -0.0392228439450264 0.010494138114154339 0.004001939669251442 -0.013904155232012272 -0.0029949734453111887 0.032572127878665924 -0.04665030911564827 -0.03656385466456413 0.002358011279998296 0.019916039985242877 0.012800975074273236 0.00873265737498206 0.0077820531149824 0.014665095044186498 0.05102516903508156 0.1967682985241946 0.40447234529174164 -0.3214073 -0.17332986 -0.038825363 0.033263087 0.10451266 0.09226462 0.34944072 -0.0818629 -0.4710141 -0.84119374 -0.39390847 -0.21920781 -0.2434379 -0.18616003 -0.044376463 0.42648667 -0.029407322 -0.45622814
1 400 0.015185621567070484 -0.057365208864212036 -0.025858614593744278 0.04959966242313385 0.05493389070034027 0.021655937656760216 0.07968709617853165 -0.047161687165498734 -0.006160493940114975 0.08639496564865112 0.025646179914474487 0.025320231914520264 -0.06185399368405342 -0.08174886554479599 0.042714811861515045 0.012632874771952629 0.08887524157762527 -0.016071395948529243 0.021527977660298347 -0.023742610588669777 0.005979412235319614 -0.032751332968473434 -0.17679286003112793 -0.030743366107344627 0.023483803495764732 -0.012706739827990532 -0.01623724214732647 0.026075363159179688 -0.034964244812726974 0.06472618877887726 -0.06576215475797653 0.06912741810083389 -0.1528308093547821 0.07357936352491379 -0.006346913054585457 -0.03478409722447395 -0.0007482152432203293 0.011057009920477867 0.006941503845155239 0.05354779586195946 0.036816686391830444 0.07297686487436295 -0.0009400704293511808 -0.02411232516169548 0.016302937641739845 0.00256683980114758 0.0357963852584362 0.1444883644580841 0.03271056339144707 -0.036555834114551544 -0.07113553583621979 -0.019996805116534233 0.022999832406640053 -0.1270107924938202 0.02853296510875225 0.03101629950106144 0.029953263700008392 -0.028860071673989296 -0.11359626054763794 0.062339771538972855 -0.020423853769898415 0.031051596626639366 0.01506839320063591 -0.03876985237002373 -0.02243344858288765 0.09094537049531937 0.02783827856183052 -0.024406248703598976 0.004785448778420687 -0.009335527196526527 0.0874669998884201 0.017169179394841194 -0.008282727561891079 -0.06238466128706932 -0.04809752479195595 -0.0009778954554349184 0.04190567135810852 -0.023578111082315445 0.046359531581401825 0.013701878488063812 -0.014635018073022366 0.008068321272730827 -0.018478235229849815 -0.05591435357928276 -0.03216506540775299 0.011255655437707901 -0.010749433189630508 -0.0071917143650352955 -0.0392228439450264 0.010494138114154339 0.004001939669251442 -0.013904155232012272 -0.0029949734453111887 0.032572127878665924 -0.04665030911564827 -0.03656385466456413 0.001371432551031956 0.00490376760140247 0.0076919411376833524 0.0069300346300818026 0.0036368160589934895 0.007235832652379386 0.02761836581713094 0.07608216771952594 0.48847061722710067 -0.70718765 -0.51936674 -0.746692 -0.7356535 -0.6784327 -0.74882555 -0.5506176 -0.5683141 -0.50775945 -1.0617734 -0.7641515 -0.95243126 -1.0043428 -1.0327787 -0.9828446 -0.51923937 -0.6190638 -0.3670899
2 400 0.015185621567070484 -0.057365208864212036 -0.025858614593744278 0.04959966242313385 0.05493389070034027 0.021655937656760216 0.07968709617853165 -0.047161687165498734 -0.006160493940114975 0.08639496564865112 0.025646179914474487 0.025320231914520264 -0.06185399368405342 -0.08174886554479599 0.042714811861515045 0.012632874771952629 0.08887524157762527 -0.016071395948529243 0.021527977660298347 -0.023742610588669777 0.005979412235319614 -0.032751332968473434 -0.17679286003112793 -0.030743366107344627 0.023483803495764732 -0.012706739827990532 -0.01623724214732647 0.026075363159179688 -0.034964244812726974 0.06472618877887726 -0.06576215475797653 0.06912741810083389 -0.1528308093547821 0.07357936352491379 -0.006346913054585457 -0.03478409722447395 -0.0007482152432203293 0.011057009920477867 0.006941503845155239 0.05354779586195946 0.036816686391830444 0.07297686487436295 -0.0009400704293511808 -0.02411232516169548 0.016302937641739845 0.00256683980114758 0.0357963852584362 0.1444883644580841 0.03271056339144707 -0.036555834114551544 -0.07113553583621979 -0.019996805116534233 0.022999832406640053 -0.1270107924938202 0.02853296510875225 0.03101629950106144 0.029953263700008392 -0.028860071673989296 -0.11359626054763794 0.062339771538972855 -0.020423853769898415 0.031051596626639366 0.01506839320063591 -0.03876985237002373 -0.02243344858288765 0.09094537049531937 0.02783827856183052 -0.024406248703598976 0.004785448778420687 -0.009335527196526527 0.0874669998884201 0.017169179394841194 -0.008282727561891079 -0.06238466128706932 -0.04809752479195595 -0.0009778954554349184 0.04190567135810852 -0.023578111082315445 0.046359531581401825 0.013701878488063812 -0.014635018073022366 0.008068321272730827 -0.018478235229849815 -0.05591435357928276 -0.03216506540775299 0.011255655437707901 -0.010749433189630508 -0.0071917143650352955 -0.0392228439450264 0.010494138114154339 0.004001939669251442 -0.013904155232012272 -0.0029949734453111887 0.032572127878665924 -0.04665030911564827 -0.03656385466456413 0.0009808269405574813 0.011447722167751681 0.009838627798462158 0.009921794110357856 0.0075415610948612296 0.015889964132047744 0.05762996167074655 0.44085880512483816 0.46380334747974766 -0.62919736 -0.46069226 -0.5821974 -0.6015075 -0.43664962 -0.62873054 -0.16182771 0.091612965 -0.72201484 -1.0916715 -0.61770815 -0.7620099 -0.8224078 -0.6842265 -0.6808035 -0.028083421 0.30194193 -0.70782423
0 400 0.012148497626185417 -0.04589216783642769 -0.020686892792582512 0.03967973217368126 0.04394711181521416 0.017324751242995262 0.06374967843294144 -0.03772934898734093 -0.00492839515209198 0.06911597400903702 0.02051694504916668 0.02025618590414524 -0.04948319494724274 -0.06539909541606903 0.034171849489212036 0.010106300003826618 0.07110019773244858 -0.012857116758823395 0.017222382128238678 -0.01899408921599388 0.0047835297882556915 -0.026201067492365837 -0.14143429696559906 -0.024594692513346672 0.018787043169140816 -0.01016539242118597 -0.01298979390412569 0.02086029015481472 -0.02797139622271061 0.05178095027804375 -0.052609723061323166 0.055301934480667114 -0.12226464599370956 0.05886349081993103 -0.00507753062993288 -0.027827277779579163 -0.0005985721945762634 0.008845607750117779 0.005553203169256449 0.042838238179683685 0.029453350231051445 0.058381494134664536 -0.000752056366764009 -0.019289860501885414 0.013042350299656391 0.0020534719806164503 0.028637109324336052 0.11559069156646729 0.026168450713157654 -0.029244666919112206 -0.05690842866897583 -0.015997445210814476 0.018399866297841072 -0.10160863399505615 0.02282637171447277 0.024813039228320122 0.023962611332535744 -0.023088058456778526 -0.09087701141834259 0.049871817231178284 -0.01633908413350582 0.024841276928782463 0.012054714374244213 -0.031015882268548012 -0.01794675923883915 0.07275629788637161 0.022270623594522476 -0.01952499896287918 0.003828359069302678 -0.007468421943485737 0.06997360289096832 0.01373534370213747 -0.006626182235777378 -0.04990772902965546 -0.03847802057862282 -0.0007823163759894669 0.033524539321660995 -0.018862489610910416 0.03708762675523758 0.01096150279045105 -0.011708014644682407 0.006454657297581434 -0.014782587997615337 -0.04473148286342621 -0.025732053443789482 0.009004524908959866 -0.008599546737968922 -0.005753371398895979 -0.03137827664613724 0.008395310491323471 0.0032015517354011536 -0.011123324744403362 -0.002395978895947337 0.02605770342051983 -0.037320248782634735 -0.029251083731651306 0.0062956030396342675 0.051320136229057296 0.07523073031153238 0.042249163922046695 0.033080290345974886 0.06327403625119245 0.1644795040216128 0.37229052675380153 0.6321520201851978 -0.5097329 -0.3756681 0.044798672 0.041728795 0.0762209 0.0389542 0.20718256 -0.20047098 -0.69657236 -0.85570973 -0.4546073 0.12660296 -0.0002335608 -0.013220936 0.092778414 0.41970134 -0.06648603 -0.6416319
1 400 0.012148497626185417 -0.04589216783642769 -0.020686892792582512 0.03967973217368126 0.04394711181521416 0.017324751242995262 0.06374967843294144 -0.03772934898734093 -0.00492839515209198 0.06911597400903702 0.02051694504916668 0.02025618590414524 -0.04948319494724274 -0.06539909541606903 0.034171849489212036 0.010106300003826618 0.07110019773244858 -0.012857116758823395 0.017222382128238678 -0.01899408921599388 0.0047835297882556915 -0.026201067492365837 -0.14143429696559906 -0.024594692513346672 0.018787043169140816 -0.01016539242118597 -0.01298979390412569 0.02086029015481472 -0.02797139622271061 0.05178095027804375 -0.052609723061323166 0.055301934480667114 -0.12226464599370956 0.05886349081993103 -0.00507753062993288 -0.027827277779579163 -0.0005985721945762634 0.008845607750117779 0.005553203169256449 0.042838238179683685 0.029453350231051445 0.058381494134664536 -0.000752056366764009 -0.019289860501885414 0.013042350299656391 0.0020534719806164503 0.028637109324336052 0.11559069156646729 0.026168450713157654 -0.029244666919112206 -0.05690842866897583 -0.015997445210814476 0.018399866297841072 -0.10160863399505615 0.02282637171447277 0.024813039228320122 0.023962611332535744 -0.023088058456778526 -0.09087701141834259 0.049871817231178284 -0.01633908413350582 0.024841276928782463 0.012054714374244213 -0.031015882268548012 -0.01794675923883915 0.07275629788637161 0.022270623594522476 -0.01952499896287918 0.003828359069302678 -0.007468421943485737 0.06997360289096832 0.01373534370213747 -0.006626182235777378 -0.04990772902965546 -0.03847802057862282 -0.0007823163759894669 0.033524539321660995 -0.018862489610910416 0.03708762675523758 0.01096150279045105 -0.011708014644682407 0.006454657297581434 -0.014782587997615337 -0.04473148286342621 -0.025732053443789482 0.009004524908959866 -0.008599546737968922 -0.005753371398895979 -0.03137827664613724 0.008395310491323471 0.0032015517354011536 -0.011123324744403362 -0.002395978895947337 0.02605770342051983 -0.037320248782634735 -0.029251083731651306 0.003817910998678272 0.012764821945770543 0.031278597259722166 0.028714125416619017 0.015159492031181328 0.031519870267184356 0.09836940950923555 0.2125161630287185 0.6807126783751499 -0.70901203 -0.5412887 -0.60770845 -0.6485208 -0.5738009 -0.6309819 -0.36360633 -0.31962132 -0.6296576 -0.9146001 -0.6500931 -0.62634706 -0.70337427 -0.71856886 -0.64345396 -0.19588944 -0.24607041 -0.4088695
2 400 0.012148497626185417 -0.04589216783642769 -0.020686892792582512 0.03967973217368126 0.04394711181521416 0.017324751242995262 0.06374967843294144 -0.03772934898734093 -0.00492839515209198 0.06911597400903702 0.02051694504916668 0.02025618590414524 -0.04948319494724274 -0.06539909541606903 0.034171849489212036 0.010106300003826618 0.07110019773244858 -0.012857116758823395 0.017222382128238678 -0.01899408921599388 0.0047835297882556915 -0.026201067492365837 -0.14143429696559906 -0.024594692513346672 0.018787043169140816 -0.01016539242118597 -0.01298979390412569 0.02086029015481472 -0.02797139622271061 0.05178095027804375 -0.052609723061323166 0.055301934480667114 -0.12226464599370956 0.05886349081993103 -0.00507753062993288 -0.027827277779579163 -0.0005985721945762634 0.008845607750117779 0.005553203169256449 0.042838238179683685 0.029453350231051445 0.058381494134664536 -0.000752056366764009 -0.019289860501885414 0.013042350299656391 0.0020534719806164503 0.028637109324336052 0.11559069156646729 0.026168450713157654 -0.029244666919112206 -0.05690842866897583 -0.015997445210814476 0.018399866297841072 -0.10160863399505615 0.02282637171447277 0.024813039228320122 0.023962611332535744 -0.023088058456778526 -0.09087701141834259 0.049871817231178284 -0.01633908413350582 0.024841276928782463 0.012054714374244213 -0.031015882268548012 -0.01794675923883915 0.07275629788637161 0.022270623594522476 -0.01952499896287918 0.003828359069302678 -0.007468421943485737 0.06997360289096832 0.01373534370213747 -0.006626182235777378 -0.04990772902965546 -0.03847802057862282 -0.0007823163759894669 0.033524539321660995 -0.018862489610910416 0.03708762675523758 0.01096150279045105 -0.011708014644682407 0.006454657297581434 -0.014782587997615337 -0.04473148286342621 -0.025732053443789482 0.009004524908959866 -0.008599546737968922 -0.005753371398895979 -0.03137827664613724 0.008395310491323471 0.0032015517354011536 -0.011123324744403362 -0.002395978895947337 0.02605770342051983 -0.037320248782634735 -0.029251083731651306 0.0027895864519811102 0.02334079977035297 0.03913805329302039 0.03887143765480721 0.024377651240680205 0.05187364821678398 0.13646074083897167 0.4544913389862511 0.5411304833709908 -0.78200144 -0.57801974 -0.44142354 -0.51191795 -0.40824845 -0.4501887 -0.054923683 -0.024960369 -0.88104105 -1.0806475 -0.6568071 -0.40806663 -0.52796084 -0.49090564 -0.35005468 0.16132477 0.1845716 -0.84299546
0 400 0.00911137368530035 -0.03441912680864334 -0.015515169128775597 0.02975979819893837 0.03296033665537834 0.01299356296658516 0.04781226068735123 -0.02829701267182827 -0.0036962965968996286 0.05183698236942291 0.015387708321213722 0.015192139893770218 -0.03711239621043205 -0.04904932156205177 0.025628888979554176 0.007579725235700607 0.053325146436691284 -0.009642837569117546 0.012916787527501583 -0.014245566911995411 0.0035876475740224123 -0.01965080015361309 -0.106075718998909 -0.018446020781993866 0.014090282842516899 -0.007624044083058834 -0.009742345660924911 0.015645219013094902 -0.020978547632694244 0.038835715502500534 -0.0394572950899601 0.041476450860500336 -0.09169849008321762 0.04414761811494827 -0.0038081479724496603 -0.020870458334684372 -0.00044892917503602803 0.006634206045418978 0.004164902493357658 0.03212868049740791 0.022090012207627296 0.04378611966967583 -0.0005640423041768372 -0.014467395842075348 0.009781762957572937 0.0015401039272546768 0.02147783152759075 0.08669301867485046 0.01962633803486824 -0.021933501586318016 -0.04268132150173187 -0.01199808344244957 0.013799900189042091 -0.07620647549629211 0.01711978018283844 0.018609780818223953 0.017971958965063095 -0.017316043376922607 -0.06815776228904724 0.03740386292338371 -0.012254312634468079 0.01863095909357071 0.00904103647917509 -0.023261912167072296 -0.01346006989479065 0.05456722527742386 0.016702968627214432 -0.01464375015348196 0.0028712693601846695 -0.005601316690444946 0.05248020216822624 0.010301508009433746 -0.004969636909663677 -0.03743079677224159 -0.028858516365289688 -0.0005867372965440154 0.025143403559923172 -0.014146867208182812 0.027815720066428185 0.008221127092838287 -0.00878101121634245 0.004840992856770754 -0.011086941696703434 -0.033548612147569656 -0.019299039617180824 0.0067533934488892555 -0.006449660286307335 -0.00431502889841795 -0.023533707484602928 0.006296483334153891 0.002401163801550865 -0.008342493325471878 -0.001796984113752842 0.019543277099728584 -0.02799018658697605 -0.02193831279873848 0.018721259102943002 0.1072015073576207 0.2628951077537968 0.18804672617969473 0.13282525181608107 0.15769823287761572 0.2987213246710903 0.5051302562624642 0.8763961000274925 -0.7365448 -0.5550511 -0.14270705 -0.07983187 -0.13774374 -0.30282414 0.025516182 -0.38726175 -0.8974054 -0.908601 -0.512864 0.07865472 0.09469506 -0.032613546 -0.12724867 0.29262865 -0.21168706 -0.78773856
1 400 0.00911137368530035 -0.03441912680864334 -0.015515169128775597 0.02975979819893837 0.03296033665537834 0.01299356296658516 0.04781226068735123 -0.02829701267182827 -0.0036962965968996286 0.05183698236942291 0.015387708321213722 0.015192139893770218 -0.03711239621043205 -0.04904932156205177 0.025628888979554176 0.007579725235700607 0.053325146436691284 -0.009642837569117546 0.012916787527501583 -0.014245566911995411 0.0035876475740224123 -0.01965080015361309 -0.106075718998909 -0.018446020781993866 0.014090282842516899 -0.007624044083058834 -0.009742345660924911 0.015645219013094902 -0.020978547632694244 0.038835715502500534 -0.0394572950899601 0.041476450860500336 -0.09169849008321762 0.04414761811494827 -0.0038081479724496603 -0.020870458334684372 -0.00044892917503602803 0.006634206045418978 0.004164902493357658 0.03212868049740791 0.022090012207627296 0.04378611966967583 -0.0005640423041768372 -0.014467395842075348 0.009781762957572937 0.0015401039272546768 0.02147783152759075 0.08669301867485046 0.01962633803486824 -0.021933501586318016 -0.04268132150173187 -0.01199808344244957 0.013799900189042091 -0.07620647549629211 0.01711978018283844 0.018609780818223953 0.017971958965063095 -0.017316043376922607 -0.06815776228904724 0.03740386292338371 -0.012254312634468079 0.01863095909357071 0.00904103647917509 -0.023261912167072296 -0.01346006989479065 0.05456722527742386 0.016702968627214432 -0.01464375015348196 0.0028712693601846695 -0.005601316690444946 0.05248020216822624 0.010301508009433746 -0.004969636909663677 -0.03743079677224159 -0.028858516365289688 -0.0005867372965440154 0.025143403559923172 -0.014146867208182812 0.027815720066428185 0.008221127092838287 -0.00878101121634245 0.004840992856770754 -0.011086941696703434 -0.033548612147569656 -0.019299039617180824 0.0067533934488892555 -0.006449660286307335 -0.00431502889841795 -0.023533707484602928 0.006296483334153891 0.002401163801550865 -0.008342493325471878 -0.001796984113752842 0.019543277099728584 -0.02799018658697605 -0.02193831279873848 0.008516430768750952 0.027181763631346917 0.10438543336924092 0.09752746498961969 0.059493957304534106 0.11550766676828622 0.27577848846995456 0.37111089001009423 0.7270465009956296 -0.7390183 -0.5851163 -0.45693702 -0.53918856 -0.46387458 -0.49602973 -0.15627135 -0.19164675 -0.7428278 -0.8652313 -0.6191514 -0.34491384 -0.42127842 -0.40444356 -0.33177295 0.13223879 -0.04448761 -0.49993813
2 400 0.00911137368530035 -0.03441912680864334 -0.015515169128775597 0.02975979819893837 0.03296033665537834 0.01299356296658516 0.04781226068735123 -0.02829701267182827 -0.0036962965968996286 0.05183698236942291 0.015387708321213722 0.015192139893770218 -0.03711239621043205 -0.04904932156205177 0.025628888979554176 0.007579725235700607 0.053325146436691284 -0.009642837569117546 0.012916787527501583 -0.014245566911995411 0.0035876475740224123 -0.01965080015361309 -0.106075718998909 -0.018446020781993866 0.014090282842516899 -0.007624044083058834 -0.009742345660924911 0.015645219013094902 -0.020978547632694244 0.038835715502500534 -0.0394572950899601 0.041476450860500336 -0.09169849008321762 0.04414761811494827 -0.0038081479724496603 -0.020870458334684372 -0.00044892917503602803 0.006634206045418978 0.004164902493357658 0.03212868049740791 0.022090012207627296 0.04378611966967583 -0.0005640423041768372 -0.014467395842075348 0.009781762957572937 0.0015401039272546768 0.02147783152759075 0.08669301867485046 0.01962633803486824 -0.021933501586318016 -0.04268132150173187 -0.01199808344244957 0.013799900189042091 -0.07620647549629211 0.01711978018283844 0.018609780818223953 0.017971958965063095 -0.017316043376922607 -0.06815776228904724 0.03740386292338371 -0.012254312634468079 0.01863095909357071 0.00904103647917509 -0.023261912167072296 -0.01346006989479065 0.05456722527742386 0.016702968627214432 -0.01464375015348196 0.0028712693601846695 -0.005601316690444946 0.05248020216822624 0.010301508009433746 -0.004969636909663677 -0.03743079677224159 -0.028858516365289688 -0.0005867372965440154 0.025143403559923172 -0.014146867208182812 0.027815720066428185 0.008221127092838287 -0.00878101121634245 0.004840992856770754 -0.011086941696703434 -0.033548612147569656 -0.019299039617180824 0.0067533934488892555 -0.006449660286307335 -0.00431502889841795 -0.023533707484602928 0.006296483334153891 0.002401163801550865 -0.008342493325471878 -0.001796984113752842 0.019543277099728584 -0.02799018658697605 -0.02193831279873848 0.006310685314464446 0.038713935423264206 0.08124918010913179 0.1253293466708675 0.08309378409243004 0.12410005135843018 0.19249687433251705 0.42529972762611784 0.7691724669051956 -0.93148255 -0.7262845 -0.47910494 -0.43115878 -0.31912333 -0.31382465 -0.16933802 -0.19934213 -0.9886161 -1.1453915 -0.7624461 -0.37359765 -0.26916406 -0.21593633 -0.13078865 0.06943759 -0.0015060902 -0.88632417
0 400 0.006074248813092709 -0.022946083918213844 -0.010343446396291256 0.01983986608684063 0.02197355590760708 0.008662375621497631 0.03187483921647072 -0.018864674493670464 -0.00246419757604599 0.03455798700451851 0.01025847252458334 0.01012809295207262 -0.02474159747362137 -0.032699547708034515 0.017085924744606018 0.005053150001913309 0.03555009886622429 -0.006428558379411697 0.008611191064119339 -0.00949704460799694 0.0023917648941278458 -0.013100533746182919 -0.07071714848279953 -0.012297346256673336 0.009393521584570408 -0.005082696210592985 -0.006494896952062845 0.01043014507740736 -0.013985698111355305 0.025890475139021873 -0.026304861530661583 0.027650967240333557 -0.06113232299685478 0.029431745409965515 -0.00253876531496644 -0.013913638889789581 -0.0002992860972881317 0.004422803875058889 0.0027766015846282244 0.021419119089841843 0.014726675115525723 0.029190747067332268 -0.0003760281833820045 -0.009644930250942707 0.006521175149828196 0.0010267359903082252 0.014318554662168026 0.05779534578323364 0.013084225356578827 -0.014622333459556103 -0.028454214334487915 -0.007998722605407238 0.009199933148920536 -0.050804316997528076 0.011413185857236385 0.012406519614160061 0.011981305666267872 -0.011544029228389263 -0.045438505709171295 0.024935908615589142 -0.00816954206675291 0.012420638464391232 0.0060273571871221066 -0.015507941134274006 -0.008973379619419575 0.036378148943185806 0.011135311797261238 -0.00976249948143959 0.001914179534651339 -0.0037342109717428684 0.03498680144548416 0.006867671851068735 -0.003313091117888689 -0.02495386451482773 -0.01923901028931141 -0.00039115818799473345 0.016762269660830498 -0.009431244805455208 0.01854381337761879 0.005480751395225525 -0.005854007322341204 0.003227328648790717 -0.007391293998807669 -0.022365741431713104 -0.012866026721894741 0.004502262454479933 -0.004299773368984461 -0.0028766856994479895 -0.01568913832306862 0.0041976552456617355 0.0016007758677005768 -0.005561662372201681 -0.0011979894479736686 0.013028851710259914 -0.018660124391317368 -0.014625541865825653 0.04175916604009226 0.13930579990241995 0.4019038936720248 0.4220032058449144 0.44119932932885075 0.3546511807341466 0.4630056692557707 0.7494387099295888 0.9472548498044387 -0.9106165 -0.7197556 -0.39021364 -0.31091774 -0.39650154 -0.49354047 -0.37322557 -0.6363833 -0.9633639 -0.98254037 -0.6514907 -0.1410616 -0.04531905 -0.15925226 -0.25449255 -0.16876824 -0.40432647 -0.8280763
1 400 0.006074248813092709 -0.022946083918213844 -0.010343446396291256 0.01983986608684063 0.02197355590760708 0.008662375621497631 0.03187483921647072 -0.018864674493670464 -0.00246419757604599 0.03455798700451851 0.01025847252458334 0.01012809295207262 -0.02474159747362137 -0.032699547708034515 0.017085924744606018 0.005053150001913309 0.03555009886622429 -0.006428558379411697 0.008611191064119339 -0.00949704460799694 0.0023917648941278458 -0.013100533746182919 -0.07071714848279953 -0.012297346256673336 0.009393521584570408 -0.005082696210592985 -0.006494896952062845 0.01043014507740736 -0.013985698111355305 0.025890475139021873 -0.026304861530661583 0.027650967240333557 -0.06113232299685478 0.029431745409965515 -0.00253876531496644 -0.013913638889789581 -0.0002992860972881317 0.004422803875058889 0.0027766015846282244 0.021419119089841843 0.014726675115525723 0.029190747067332268 -0.0003760281833820045 -0.009644930250942707 0.006521175149828196 0.0010267359903082252 0.014318554662168026 0.05779534578323364 0.013084225356578827 -0.014622333459556103 -0.028454214334487915 -0.007998722605407238 0.009199933148920536 -0.050804316997528076 0.011413185857236385 0.012406519614160061 0.011981305666267872 -0.011544029228389263 -0.045438505709171295 0.024935908615589142 -0.00816954206675291 0.012420638464391232 0.0060273571871221066 -0.015507941134274006 -0.008973379619419575 0.036378148943185806 0.011135311797261238 -0.00976249948143959 0.001914179534651339 -0.0037342109717428684 0.03498680144548416 0.006867671851068735 -0.003313091117888689 -0.02495386451482773 -0.01923901028931141 -0.00039115818799473345 0.016762269660830498 -0.009431244805455208 0.01854381337761879 0.005480751395225525 -0.005854007322341204 0.003227328648790717 -0.007391293998807669 -0.022365741431713104 -0.012866026721894741 0.004502262454479933 -0.004299773368984461 -0.0028766856994479895 -0.01568913832306862 0.0041976552456617355 0.0016007758677005768 -0.005561662372201681 -0.0011979894479736686 0.013028851710259914 -0.018660124391317368 -0.014625541865825653 0.017571491263554874 0.05083091986777259 0.2438083191669498 0.2458952423833108 0.21295815878571264 0.23851082677646696 0.42564844271049196 0.6225481845237709 0.893290794702833 -0.8396088 -0.7116847 -0.50816685 -0.42717203 -0.38029316 -0.394628 -0.295384 -0.34292367 -0.91610324 -0.903121 -0.692554 -0.31928265 -0.20266888 -0.16789927 -0.16700946 0.01204735 -0.1124351 -0.7584513
2 400 0.006074248813092709 -0.022946083918213844 -0.010343446396291256 0.01983986608684063 0.02197355590760708 0.008662375621497631 0.03187483921647072 -0.018864674493670464 -0.00246419757604599 0.03455798700451851 0.01025847252458334 0.01012809295207262 -0.02474159747362137 -0.032699547708034515 0.017085924744606018 0.005053150001913309 0.03555009886622429 -0.006428558379411697 0.008611191064119339 -0.00949704460799694 0.0023917648941278458 -0.013100533746182919 -0.07071714848279953 -0.012297346256673336 0.009393521584570408 -0.005082696210592985 -0.006494896952062845 0.01043014507740736 -0.013985698111355305 0.025890475139021873 -0.026304861530661583 0.027650967240333557 -0.06113232299685478 0.029431745409965515 -0.00253876531496644 -0.013913638889789581 -0.0002992860972881317 0.004422803875058889 0.0027766015846282244 0.021419119089841843 0.014726675115525723 0.029190747067332268 -0.0003760281833820045 -0.009644930250942707 0.006521175149828196 0.0010267359903082252 0.014318554662168026 0.05779534578323364 0.013084225356578827 -0.014622333459556103 -0.028454214334487915 -0.007998722605407238 0.009199933148920536 -0.050804316997528076 0.011413185857236385 0.012406519614160061 0.011981305666267872 -0.011544029228389263 -0.045438505709171295 0.024935908615589142 -0.00816954206675291 0.012420638464391232 0.0060273571871221066 -0.015507941134274006 -0.008973379619419575 0.036378148943185806 0.011135311797261238 -0.00976249948143959 0.001914179534651339 -0.0037342109717428684 0.03498680144548416 0.006867671851068735 -0.003313091117888689 -0.02495386451482773 -0.01923901028931141 -0.00039115818799473345 0.016762269660830498 -0.009431244805455208 0.01854381337761879 0.005480751395225525 -0.005854007322341204 0.003227328648790717 -0.007391293998807669 -0.022365741431713104 -0.012866026721894741 0.004502262454479933 -0.004299773368984461 -0.0028766856994479895 -0.01568913832306862 0.0041976552456617355 0.0016007758677005768 -0.005561662372201681 -0.0011979894479736686 0.013028851710259914 -0.018660124391317368 -0.014625541865825653 0.009213322090351176 0.0380881836823813 0.09249867613422195 0.156066672625099 0.13576245713143392 0.1959020120023088 0.3498104288328321 0.4606271917055336 0.8379288241394612 -1.0578648 -0.87303543 -0.74378574 -0.6165558 -0.43195415 -0.41334054 -0.44217908 -0.44226578 -0.94706786 -1.2276597 -0.9024484 -0.6489393 -0.45635414 -0.26087767 -0.20833173 -0.274652 -0.22638631 -0.7812989
0 400 0.0030371244065463543 -0.011473041959106922 -0.005171723198145628 0.009919933043420315 0.01098677795380354 0.0043311878107488155 0.01593741960823536 -0.009432337246835232 -0.001232098788022995 0.017278993502259254 0.00512923626229167 0.00506404647603631 -0.012370798736810684 -0.016349773854017258 0.008542962372303009 0.0025265750009566545 0.017775049433112144 -0.0032142791897058487 0.0043055955320596695 -0.00474852230399847 0.0011958824470639229 -0.006550266873091459 -0.035358574241399765 -0.006148673128336668 0.004696760792285204 -0.0025413481052964926 -0.0032474484760314226 0.00521507253870368 -0.006992849055677652 0.012945237569510937 -0.013152430765330791 0.013825483620166779 -0.03056616149842739 0.014715872704982758 -0.00126938265748322 -0.006956819444894791 -0.00014964304864406586 0.0022114019375294447 0.0013883007923141122 0.010709559544920921 0.007363337557762861 0.014595373533666134 -0.00018801409169100225 -0.0048224651254713535 0.003260587574914098 0.0005133679951541126 0.007159277331084013 0.02889767289161682 0.0065421126782894135 -0.007311166729778051 -0.014227107167243958 -0.003999361302703619 0.004599966574460268 -0.025402158498764038 0.005706592928618193 0.0062032598070800304 0.005990652833133936 -0.005772014614194632 -0.022719252854585648 0.012467954307794571 -0.004084771033376455 0.006210319232195616 0.0030136785935610533 -0.007753970567137003 -0.004486689809709787 0.018189074471592903 0.005567655898630619 -0.004881249740719795 0.0009570897673256695 -0.0018671054858714342 0.01749340072274208 0.0034338359255343676 -0.0016565455589443445 -0.012476932257413864 -0.009619505144655704 -0.00019557909399736673 0.008381134830415249 -0.004715622402727604 0.009271906688809395 0.0027403756976127625 -0.002927003661170602 0.0016136643243953586 -0.0036956469994038343 -0.011182870715856552 -0.0064330133609473705 0.0022511312272399664 -0.0021498866844922304 -0.0014383428497239947 -0.00784456916153431 0.0020988276228308678 0.0008003879338502884 -0.0027808311861008406 -0.0005989947239868343 0.006514425855129957 -0.009330062195658684 -0.0073127709329128265 0.036903287874546505 0.1290758421018942 0.37120490627578456 0.607581631707784 0.7098688160107989 0.6801019357400925 0.7559120225612751 0.9089346203204015 0.9718019122184356 -1.0168386 -0.915563 -0.6883364 -0.594856 -0.54640096 -0.78341186 -0.65840757 -0.91049564 -1.0217686 -1.0931253 -0.8550016 -0.49881232 -0.29309604 -0.32426667 -0.5483913 -0.46829784 -0.74952674 -0.95885026
1 400 0.0030371244065463543 -0.011473041959106922 -0.005171723198145628 0.009919933043420315 0.01098677795380354 0.0043311878107488155 0.01593741960823536 -0.009432337246835232 -0.001232098788022995 0.017278993502259254 0.00512923626229167 0.00506404647603631 -0.012370798736810684 -0.016349773854017258 0.008542962372303009 0.0025265750009566545 0.017775049433112144 -0.0032142791897058487 0.0043055955320596695 -0.00474852230399847 0.0011958824470639229 -0.006550266873091459 -0.035358574241399765 -0.006148673128336668 0.004696760792285204 -0.0025413481052964926 -0.0032474484760314226 0.00521507253870368 -0.006992849055677652 0.012945237569510937 -0.013152430765330791 0.013825483620166779 -0.03056616149842739 0.014715872704982758 -0.00126938265748322 -0.006956819444894791 -0.00014964304864406586 0.0022114019375294447 0.0013883007923141122 0.010709559544920921 0.007363337557762861 0.014595373533666134 -0.00018801409169100225 -0.0048224651254713535 0.003260587574914098 0.0005133679951541126 0.007159277331084013 0.02889767289161682 0.0065421126782894135 -0.007311166729778051 -0.014227107167243958 -0.003999361302703619 0.004599966574460268 -0.025402158498764038 0.005706592928618193 0.0062032598070800304 0.005990652833133936 -0.005772014614194632 -0.022719252854585648 0.012467954307794571 -0.004084771033376455 0.006210319232195616 0.0030136785935610533 -0.007753970567137003 -0.004486689809709787 0.018189074471592903 0.005567655898630619 -0.004881249740719795 0.0009570897673256695 -0.0018671054858714342 0.01749340072274208 0.0034338359255343676 -0.0016565455589443445 -0.012476932257413864 -0.009619505144655704 -0.00019557909399736673 0.008381134830415249 -0.004715622402727604 0.009271906688809395 0.0027403756976127625 -0.002927003661170602 0.0016136643243953586 -0.0036956469994038343 -0.011182870715856552 -0.0064330133609473705 0.0022511312272399664 -0.0021498866844922304 -0.0014383428497239947 -0.00784456916153431 0.0020988276228308678 0.0008003879338502884 -0.0027808311861008406 -0.0005989947239868343 0.006514425855129957 -0.009330062195658684 -0.0073127709329128265 0.02851529331448732 0.060480140015363205 0.179336923916544 0.3086761138948496 0.415797844501192 0.4394763904126278 0.6765919577936587 0.8144872190640569 0.9571981003710586 -0.98839414 -0.91055346 -0.7858557 -0.6038103 -0.5008719 -0.5467696 -0.6942378 -0.9129447 -1.0271848 -1.021652 -0.8891575 -0.63874805 -0.36616263 -0.24597079 -0.27717924 -0.4563102 -0.7517304 -0.9933833
2 400 0.0030371244065463543 -0.011473041959106922 -0.005171723198145628 0.009919933043420315 0.01098677795380354 0.0043311878107488155 0.01593741960823536 -0.009432337246835232 -0.001232098788022995 0.017278993502259254 0.00512923626229167 0.00506404647603631 -0.012370798736810684 -0.016349773854017258 0.008542962372303009 0.0025265750009566545 0.017775049433112144 -0.0032142791897058487 0.0043055955320596695 -0.00474852230399847 0.0011958824470639229 -0.006550266873091459 -0.035358574241399765 -0.006148673128336668 0.004696760792285204 -0.0025413481052964926 -0.0032474484760314226 0.00521507253870368 -0.006992849055677652 0.012945237569510937 -0.013152430765330791 0.013825483620166779 -0.03056616149842739 0.014715872704982758 -0.00126938265748322 -0.006956819444894791 -0.00014964304864406586 0.0022114019375294447 0.0013883007923141122 0.010709559544920921 0.007363337557762861 0.014595373533666134 -0.00018801409169100225 -0.0048224651254713535 0.003260587574914098 0.0005133679951541126 0.007159277331084013 0.02889767289161682 0.0065421126782894135 -0.007311166729778051 -0.014227107167243958 -0.003999361302703619 0.004599966574460268 -0.025402158498764038 0.005706592928618193 0.0062032598070800304 0.005990652833133936 -0.005772014614194632 -0.022719252854585648 0.012467954307794571 -0.004084771033376455 0.006210319232195616 0.0030136785935610533 -0.007753970567137003 -0.004486689809709787 0.018189074471592903 0.005567655898630619 -0.004881249740719795 0.0009570897673256695 -0.0018671054858714342 0.01749340072274208 0.0034338359255343676 -0.0016565455589443445 -0.012476932257413864 -0.009619505144655704 -0.00019557909399736673 0.008381134830415249 -0.004715622402727604 0.009271906688809395 0.0027403756976127625 -0.002927003661170602 0.0016136643243953586 -0.0036956469994038343 -0.011182870715856552 -0.0064330133609473705 0.0022511312272399664 -0.0021498866844922304 -0.0014383428497239947 -0.00784456916153431 0.0020988276228308678 0.0008003879338502884 -0.0027808311861008406 -0.0005989947239868343 0.006514425855129957 -0.009330062195658684 -0.0073127709329128265 0.009812202534484608 0.03637316236052588 0.08588867406672768 0.18798833534903417 0.22355323464587343 0.34911061901050044 0.49469246665343336 0.7833593037310876 0.9185959378619488 -1.128849 -1.00687 -0.9265783 -0.8419069 -0.64163864 -0.6818092 -0.5481904 -0.92865837 -1.0199162 -1.2601295 -1.0315082 -0.85441446 -0.65960884 -0.42497692 -0.39972433 -0.3223305 -0.70502335 -0.89119786
0 400 -0.0 0.0 0.0 -0.0 -0.0 -0.0 -0.0 0.0 0.0 -0.0 -0.0 -0.0 0.0 0.0 -0.0 -0.0 -0.0 0.0 -0.0 0.0 -0.0 0.0 0.0 0.0 -0.0 0.0 0.0 -0.0 0.0 -0.0 0.0 -0.0 0.0 -0.0 0.0 0.0 0.0 -0.0 -0.0 -0.0 -0.0 -0.0 0.0 0.0 -0.0 -0.0 -0.0 -0.0 -0.0 0.0 0.0 0.0 -0.0 0.0 -0.0 -0.0 -0.0 0.0 0.0 -0.0 0.0 -0.0 -0.0 0.0 0.0 -0.0 -0.0 0.0 -0.0 0.0 -0.0 -0.0 0.0 0.0 0.0 0.0 -0.0 0.0 -0.0 -0.0 0.0 -0.0 0.0 0.0 0.0 -0.0 0.0 0.0 0.0 -0.0 -0.0 0.0 0.0 -0.0 0.0 0.0 0.030245076683379238 0.08887875519428369 0.19283369028427713 0.48851098225636347 0.7705403752998166 0.7554781649830584 0.8994963432194092 0.9604869812970762 0.9859340983995947 -1.1220201 -0.9675491 -0.8437306 -0.7370323 -0.5170072 -0.6664352 -0.8754709 -0.98000646 -1.1280752 -1.1711686 -0.93582934 -0.6922152 -0.52374625 -0.27096578 -0.42226088 -0.7751363 -0.93413574 -1.1755285
1 400 -0.0 0.0 0.0 -0.0 -0.0 -0.0 -0.0 0.0 0.0 -0.0 -0.0 -0.0 0.0 0.0 -0.0 -0.0 -0.0 0.0 -0.0 0.0 -0.0 0.0 0.0 0.0 -0.0 0.0 0.0 -0.0 0.0 -0.0 0.0 -0.0 0.0 -0.0 0.0 0.0 0.0 -0.0 -0.0 -0.0 -0.0 -0.0 0.0 0.0 -0.0 -0.0 -0.0 -0.0 -0.0 0.0 0.0 0.0 -0.0 0.0 -0.0 -0.0 -0.0 0.0 0.0 -0.0 0.0 -0.0 -0.0 0.0 0.0 -0.0 -0.0 0.0 -0.0 0.0 -0.0 -0.0 0.0 0.0 0.0 0.0 -0.0 0.0 -0.0 -0.0 0.0 -0.0 0.0 0.0 0.0 -0.0 0.0 0.0 0.0 -0.0 -0.0 0.0 0.0 -0.0 0.0 0.0 0.02443124866901867 0.046524530071968696 0.10060418580941931 0.2524803159085984 0.46573242302605644 0.6193553722120231 0.830074379683611 0.9315915252249368 0.9798325769068621 -1.097094 -1.0237106 -0.9358686 -0.77841973 -0.60955155 -0.71947014 -0.90688336 -1.0274885 -1.109878 -1.1342716 -1.0317926 -0.8163678 -0.5260433 -0.24058998 -0.4777079 -0.7869928 -0.97945464 -1.1750247
2 400 -0.0 0.0 0.0 -0.0 -0.0 -0.0 -0.0 0.0 0.0 -0.0 -0.0 -0.0 0.0 0.0 -0.0 -0.0 -0.0 0.0 -0.0 0.0 -0.0 0.0 0.0 0.0 -0.0 0.0 0.0 -0.0 0.0 -0.0 0.0 -0.0 0.0 -0.0 0.0 0.0 0.0 -0.0 -0.0 -0.0 -0.0 -0.0 0.0 0.0 -0.0 -0.0 -0.0 -0.0 -0.0 0.0 0.0 0.0 -0.0 0.0 -0.0 -0.0 -0.0 0.0 0.0 -0.0 0.0 -0.0 -0.0 0.0 0.0 -0.0 -0.0 0.0 -0.0 0.0 -0.0 -0.0 0.0 0.0 0.0 0.0 -0.0 0.0 -0.0 -0.0 0.0 -0.0 0.0 0.0 0.0 -0.0 0.0 0.0 0.0 -0.0 -0.0 0.0 0.0 -0.0 0.0 0.0 0.00957107250822021 0.028547772139241392 0.05153147216882974 0.16932631822530458 0.31191860659681603 0.5580530151189275 0.7668874538471295 0.8828846628550294 0.9715683801004595 -1.1336769 -0.99560666 -0.96406734 -0.7980857 -0.6497544 -0.71649826 -0.9277028 -1.0545312 -1.1021744 -1.2449238 -1.0277224 -0.91230905 -0.63758 -0.42292818 -0.43025997 -0.7886762 -0.94784456 -1.1086929
0 400 -0.0030371244065463543 0.011473041959106922 0.005171723198145628 -0.009919933043420315 -0.01098677795380354 -0.0043311878107488155 -0.01593741960823536 0.009432337246835232 0.001232098788022995 -0.017278993502259254 -0.00512923626229167 -0.00506404647603631 0.012370798736810684 0.016349773854017258 -0.008542962372303009 -0.0025265750009566545 -0.017775049433112144 0.0032142791897058487 -0.0043055955320596695 0.00474852230399847 -0.0011958824470639229 0.006550266873091459 0.035358574241399765 0.006148673128336668 -0.004696760792285204 0.0025413481052964926 0.0032474484760314226 -0.00521507253870368 0.006992849055677652 -0.012945237569510937 0.013152430765330791 -0.013825483620166779 0.03056616149842739 -0.014715872704982758 0.00126938265748322 0.006956819444894791 0.00014964304864406586 -0.0022114019375294447 -0.0013883007923141122 -0.010709559544920921 -0.007363337557762861 -0.014595373533666134 0.00018801409169100225 0.0048224651254713535 -0.003260587574914098 -0.0005133679951541126 -0.007159277331084013 -0.02889767289161682 -0.0065421126782894135 0.007311166729778051 0.014227107167243958 0.003999361302703619 -0.004599966574460268 0.025402158498764038 -0.005706592928618193 -0.0062032598070800304 -0.005990652833133936 0.005772014614194632 0.022719252854585648 -0.012467954307794571 0.004084771033376455 -0.006210319232195616 -0.0030136785935610533 0.007753970567137003 0.004486689809709787 -0.018189074471592903 -0.005567655898630619 0.004881249740719795 -0.0009570897673256695 0.0018671054858714342 -0.01749340072274208 -0.0034338359255343676 0.0016565455589443445 0.012476932257413864 0.009619505144655704 0.00019557909399736673 -0.008381134830415249 0.004715622402727604 -0.009271906688809395 -0.0027403756976127625 0.002927003661170602 -0.0016136643243953586 0.0036956469994038343 0.011182870715856552 0.0064330133609473705 -0.0022511312272399664 0.0021498866844922304 0.0014383428497239947 0.00784456916153431 -0.0020988276228308678 -0.0008003879338502884 0.0027808311861008406 0.0005989947239868343 -0.006514425855129957 0.009330062195658684 0.0073127709329128265 0.02961445313285496 0.07332711094570292 0.16419185802074288 0.3677129038411904 0.7420074406329268 0.9062872578689241 0.9580716972406782 0.9818111073544606 0.9930596137430008 -1.1151322 -0.9804543 -1.0371733 -0.80668616 -0.5028377 -0.82695866 -0.9590987 -1.0806084 -1.2348179 -1.1447444 -0.95699203 -0.859934 -0.56370145 -0.2128972 -0.66415983 -0.9646005 -1.1481409 -1.3927336
1 400 -0.0030371244065463543 0.011473041959106922 0.005171723198145628 -0.009919933043420315 -0.01098677795380354 -0.0043311878107488155 -0.01593741960823536 0.009432337246835232 0.001232098788022995 -0.017278993502259254 -0.00512923626229167 -0.00506404647603631 0.012370798736810684 0.016349773854017258 -0.008542962372303009 -0.0025265750009566545 -0.017775049433112144 0.0032142791897058487 -0.0043055955320596695 0.00474852230399847 -0.0011958824470639229 0.006550266873091459 0.035358574241399765 0.006148673128336668 -0.004696760792285204 0.0025413481052964926 0.0032474484760314226 -0.00521507253870368 0.006992849055677652 -0.012945237569510937 0.013152430765330791 -0.013825483620166779 0.03056616149842739 -0.014715872704982758 0.00126938265748322 0.006956819444894791 0.00014964304864406586 -0.0022114019375294447 -0.0013883007923141122 -0.010709559544920921 -0.007363337557762861 -0.014595373533666134 0.00018801409169100225 0.0048224651254713535 -0.003260587574914098 -0.0005133679951541126 -0.007159277331084013 -0.02889767289161682 -0.0065421126782894135 0.007311166729778051 0.014227107167243958 0.003999361302703619 -0.004599966574460268 0.025402158498764038 -0.005706592928618193 -0.0062032598070800304 -0.005990652833133936 0.005772014614194632 0.022719252854585648 -0.012467954307794571 0.004084771033376455 -0.006210319232195616 -0.0030136785935610533 0.007753970567137003 0.004486689809709787 -0.018189074471592903 -0.005567655898630619 0.004881249740719795 -0.0009570897673256695 0.0018671054858714342 -0.01749340072274208 -0.0034338359255343676 0.0016565455589443445 0.012476932257413864 0.009619505144655704 0.00019557909399736673 -0.008381134830415249 0.004715622402727604 -0.009271906688809395 -0.0027403756976127625 0.002927003661170602 -0.0016136643243953586 0.0036956469994038343 0.011182870715856552 0.0064330133609473705 -0.0022511312272399664 0.0021498866844922304 0.0014383428497239947 0.00784456916153431 -0.0020988276228308678 -0.0008003879338502884 0.0027808311861008406 0.0005989947239868343 -0.006514425855129957 0.009330062195658684 0.0073127709329128265 0.02761256498949982 0.054728222694997115 0.09912102049912348 0.25427970097807534 0.5192982738514849 0.8330885274518116 0.9404184386372362 0.9717968320215619 0.9912750742492841 -1.1362071 -0.9931687 -0.9918691 -0.7797004 -0.54608446 -0.77095264 -0.9691365 -1.0727575 -1.1912575 -1.1584299 -0.98227084 -0.8613154 -0.5507037 -0.17486086 -0.6122801 -0.9584296 -1.1137562 -1.3558588
2 400 -0.0030371244065463543 0.011473041959106922 0.005171723198145628 -0.009919933043420315 -0.01098677795380354 -0.0043311878107488155 -0.01593741960823536 0.009432337246835232 0.001232098788022995 -0.017278993502259254 -0.00512923626229167 -0.00506404647603631 0.012370798736810684 0.016349773854017258 -0.008542962372303009 -0.0025265750009566545 -0.017775049433112144 0.0032142791897058487 -0.0043055955320596695 0.00474852230399847 -0.0011958824470639229 0.006550266873091459 0.035358574241399765 0.006148673128336668 -0.004696760792285204 0.0025413481052964926 0.0032474484760314226 -0.00521507253870368 0.006992849055677652 -0.012945237569510937 0.013152430765330791 -0.013825483620166779 0.03056616149842739 -0.014715872704982758 0.00126938265748322 0.006956819444894791 0.00014964304864406586 -0.0022114019375294447 -0.0013883007923141122 -0.010709559544920921 -0.007363337557762861 -0.014595373533666134 0.00018801409169100225 0.0048224651254713535 -0.003260587574914098 -0.0005133679951541126 -0.007159277331084013 -0.02889767289161682 -0.0065421126782894135 0.007311166729778051 0.014227107167243958 0.003999361302703619 -0.004599966574460268 0.025402158498764038 -0.005706592928618193 -0.0062032598070800304 -0.005990652833133936 0.005772014614194632 0.022719252854585648 -0.012467954307794571 0.004084771033376455 -0.006210319232195616 -0.0030136785935610533 0.007753970567137003 0.004486689809709787 -0.018189074471592903 -0.005567655898630619 0.004881249740719795 -0.0009570897673256695 0.0018671054858714342 -0.01749340072274208 -0.0034338359255343676 0.0016565455589443445 0.012476932257413864 0.009619505144655704 0.00019557909399736673 -0.008381134830415249 0.004715622402727604 -0.009271906688809395 -0.0027403756976127625 0.002927003661170602 -0.0016136643243953586 0.0036956469994038343 0.011182870715856552 0.0064330133609473705 -0.0022511312272399664 0.0021498866844922304 0.0014383428497239947 0.00784456916153431 -0.0020988276228308678 -0.0008003879338502884 0.0027808311861008406 0.0005989947239868343 -0.006514425855129957 0.009330062195658684 0.0073127709329128265 0.014935906033423693 0.03119986179626649 0.04218734522872574 0.15030028135004736 0.35642452403694175 0.737337500084052 0.8643988146806282 0.9484428494681878 0.9854746483810006 -1.1699226 -1.0274119 -1.0033764 -0.8089601 -0.7208537 -0.85484815 -0.99647415 -1.1567681 -1.1917865 -1.242718 -1.0561371 -0.94679534 -0.61464304 -0.39933833 -0.64415133 -0.9440339 -1.1483243 -1.3030875
0 400 -0.006074248813092709 0.022946083918213844 0.010343446396291256 -0.01983986608684063 -0.02197355590760708 -0.008662375621497631 -0.03187483921647072 0.018864674493670464 0.00246419757604599 -0.03455798700451851 -0.01025847252458334 -0.01012809295207262 0.02474159747362137 0.032699547708034515 -0.017085924744606018 -0.005053150001913309 -0.03555009886622429 0.006428558379411697 -0.008611191064119339 0.00949704460799694 -0.0023917648941278458 0.013100533746182919 0.07071714848279953 0.012297346256673336 -0.009393521584570408 0.005082696210592985 0.006494896952062845 -0.01043014507740736 0.013985698111355305 -0.025890475139021873 0.026304861530661583 -0.027650967240333557 0.06113232299685478 -0.029431745409965515 0.00253876531496644 0.013913638889789581 0.0002992860972881317 -0.004422803875058889 -0.0027766015846282244 -0.021419119089841843 -0.014726675115525723 -0.029190747067332268 0.0003760281833820045 0.009644930250942707 -0.006521175149828196 -0.0010267359903082252 -0.014318554662168026 -0.05779534578323364 -0.013084225356578827 0.014622333459556103 0.028454214334487915 0.007998722605407238 -0.009199933148920536 0.050804316997528076 -0.011413185857236385 -0.012406519614160061 -0.011981305666267872 0.011544029228389263 0.045438505709171295 -0.024935908615589142 0.00816954206675291 -0.012420638464391232 -0.0060273571871221066 0.015507941134274006 0.008973379619419575 -0.036378148943185806 -0.011135311797261238 0.00976249948143959 -0.001914179534651339 0.0037342109717428684 -0.03498680144548416 -0.006867671851068735 0.003313091117888689 0.02495386451482773 0.01923901028931141 0.00039115818799473345 -0.016762269660830498 0.009431244805455208 -0.01854381337761879 -0.005480751395225525 0.005854007322341204 -0.003227328648790717 0.007391293998807669 0.022365741431713104 0.012866026721894741 -0.004502262454479933 0.004299773368984461 0.0028766856994479895 0.01568913832306862 -0.0041976552456617355 -0.0016007758677005768 0.005561662372201681 0.0011979894479736686 -0.013028851710259914 0.018660124391317368 0.014625541865825653 0.05618998329266263 0.13930083092203824 0.30206894306722804 0.535024572162842 0.8050005161039114 0.9580959007128013 0.9820104503901417 0.9834555694031836 0.9942241258924536 -1.1485791 -0.9866793 -1.0963404 -0.84264636 -0.7056118 -1.0529029 -1.0900149 -1.1553621 -1.2973056 -1.1328084 -0.93255645 -0.9219981 -0.57019645 -0.4842915 -0.9676381 -1.1557388 -1.2505741 -1.4933417
1 400 -0.006074248813092709 0.022946083918213844 0.010343446396291256 -0.01983986608684063 -0.02197355590760708 -0.008662375621497631 -0.03187483921647072 0.018864674493670464 0.00246419757604599 -0.03455798700451851 -0.01025847252458334 -0.01012809295207262 0.02474159747362137 0.032699547708034515 -0.017085924744606018 -0.005053150001913309 -0.03555009886622429 0.006428558379411697 -0.008611191064119339 0.00949704460799694 -0.0023917648941278458 0.013100533746182919 0.07071714848279953 0.012297346256673336 -0.009393521584570408 0.005082696210592985 0.006494896952062845 -0.01043014507740736 0.013985698111355305 -0.025890475139021873 0.026304861530661583 -0.027650967240333557 0.06113232299685478 -0.029431745409965515 0.00253876531496644 0.013913638889789581 0.0002992860972881317 -0.004422803875058889 -0.0027766015846282244 -0.021419119089841843 -0.014726675115525723 -0.029190747067332268 0.0003760281833820045 0.009644930250942707 -0.006521175149828196 -0.0010267359903082252 -0.014318554662168026 -0.05779534578323364 -0.013084225356578827 0.014622333459556103 0.028454214334487915 0.007998722605407238 -0.009199933148920536 0.050804316997528076 -0.011413185857236385 -0.012406519614160061 -0.011981305666267872 0.011544029228389263 0.045438505709171295 -0.024935908615589142 0.00816954206675291 -0.012420638464391232 -0.0060273571871221066 0.015507941134274006 0.008973379619419575 -0.036378148943185806 -0.011135311797261238 0.00976249948143959 -0.001914179534651339 0.0037342109717428684 -0.03498680144548416 -0.006867671851068735 0.003313091117888689 0.02495386451482773 0.01923901028931141 0.00039115818799473345 -0.016762269660830498 0.009431244805455208 -0.01854381337761879 -0.005480751395225525 0.005854007322341204 -0.003227328648790717 0.007391293998807669 0.022365741431713104 0.012866026721894741 -0.004502262454479933 0.004299773368984461 0.0028766856994479895 0.01568913832306862 -0.0041976552456617355 -0.0016007758677005768 0.005561662372201681 0.0011979894479736686 -0.013028851710259914 0.018660124391317368 0.014625541865825653 0.048271699191653805 0.09137119355678049 0.14330337277660124 0.3115143983640218 0.653241507171547 0.9369671781585079 0.954069006323686 0.9698760167900795 0.9908473229398319 -1.1690263 -1.0076772 -1.0670567 -0.8560927 -0.5921843 -0.94198906 -0.97338235 -1.0863534 -1.221262 -1.1560049 -0.94631064 -0.9287927 -0.58026856 -0.3216818 -0.8443782 -0.9583818 -1.0955188 -1.3746212
2 400 -0.006074248813092709 0.022946083918213844 0.010343446396291256 -0.01983986608684063 -0.02197355590760708 -0.008662375621497631 -0.03187483921647072 0.018864674493670464 0.00246419757604599 -0.03455798700451851 -0.01025847252458334 -0.01012809295207262 0.02474159747362137 0.032699547708034515 -0.017085924744606018 -0.005053150001913309 -0.03555009886622429 0.006428558379411697 -0.008611191064119339 0.00949704460799694 -0.0023917648941278458 0.013100533746182919 0.07071714848279953 0.012297346256673336 -0.009393521584570408 0.005082696210592985 0.006494896952062845 -0.01043014507740736 0.013985698111355305 -0.025890475139021873 0.026304861530661583 -0.027650967240333557 0.06113232299685478 -0.029431745409965515 0.00253876531496644 0.013913638889789581 0.0002992860972881317 -0.004422803875058889 -0.0027766015846282244 -0.021419119089841843 -0.014726675115525723 -0.029190747067332268 0.0003760281833820045 0.009644930250942707 -0.006521175149828196 -0.0010267359903082252 -0.014318554662168026 -0.05779534578323364 -0.013084225356578827 0.014622333459556103 0.028454214334487915 0.007998722605407238 -0.009199933148920536 0.050804316997528076 -0.011413185857236385 -0.012406519614160061 -0.011981305666267872 0.011544029228389263 0.045438505709171295 -0.024935908615589142 0.00816954206675291 -0.012420638464391232 -0.0060273571871221066 0.015507941134274006 0.008973379619419575 -0.036378148943185806 -0.011135311797261238 0.00976249948143959 -0.001914179534651339 0.0037342109717428684 -0.03498680144548416 -0.006867671851068735 0.003313091117888689 0.02495386451482773 0.01923901028931141 0.00039115818799473345 -0.016762269660830498 0.009431244805455208 -0.01854381337761879 -0.005480751395225525 0.005854007322341204 -0.003227328648790717 0.007391293998807669 0.022365741431713104 0.012866026721894741 -0.004502262454479933 0.004299773368984461 0.0028766856994479895 0.01568913832306862 -0.0041976552456617355 -0.0016007758677005768 0.005561662372201681 0.0011979894479736686 -0.013028851710259914 0.018660124391317368 0.014625541865825653 0.03582656293968495 0.06569065221798419 0.0835743410220405 0.17968173876134486 0.5329950572230829 0.8920933660170361 0.8641250067923358 0.9426841065148388 0.9801515333933228 -1.2158575 -1.0575854 -0.9684106 -0.83226275 -0.73659647 -0.94005346 -0.9942745 -1.1548517 -1.1699829 -1.2067347 -1.0119516 -0.88860697 -0.61182827 -0.46605632 -0.8032616 -0.89460653 -1.0990269 -1.2315121
0 400 -0.00911137368530035 0.03441912680864334 0.015515169128775597 -0.02975979819893837 -0.03296033665537834 -0.01299356296658516 -0.04781226068735123 0.02829701267182827 0.0036962965968996286 -0.05183698236942291 -0.015387708321213722 -0.015192139893770218 0.03711239621043205 0.04904932156205177 -0.025628888979554176 -0.007579725235700607 -0.053325146436691284 0.009642837569117546 -0.012916787527501583 0.014245566911995411 -0.0035876475740224123 0.01965080015361309 0.106075718998909 0.018446020781993866 -0.014090282842516899 0.007624044083058834 0.009742345660924911 -0.015645219013094902 0.020978547632694244 -0.038835715502500534 0.0394572950899601 -0.041476450860500336 0.09169849008321762 -0.04414761811494827 0.0038081479724496603 0.020870458334684372 0.00044892917503602803 -0.006634206045418978 -0.004164902493357658 -0.03212868049740791 -0.022090012207627296 -0.04378611966967583 0.0005640423041768372 0.014467395842075348 -0.009781762957572937 -0.0015401039272546768 -0.02147783152759075 -0.08669301867485046 -0.01962633803486824 0.021933501586318016 0.04268132150173187 0.01199808344244957 -0.013799900189042091 0.07620647549629211 -0.01711978018283844 -0.018609780818223953 -0.017971958965063095 0.017316043376922607 0.06815776228904724 -0.03740386292338371 0.012254312634468079 -0.01863095909357071 -0.00904103647917509 0.023261912167072296 0.01346006989479065 -0.05456722527742386 -0.016702968627214432 0.01464375015348196 -0.0028712693601846695 0.005601316690444946 -0.05248020216822624 -0.010301508009433746 0.004969636909663677 0.03743079677224159 0.028858516365289688 0.0005867372965440154 -0.025143403559923172 0.014146867208182812 -0.027815720066428185 -0.008221127092838287 0.00878101121634245 -0.004840992856770754 0.011086941696703434 0.033548612147569656 0.019299039617180824 -0.0067533934488892555 0.006449660286307335 0.00431502889841795 0.023533707484602928 -0.006296483334153891 -0.002401163801550865 0.008342493325471878 0.001796984113752842 -0.019543277099728584 0.02799018658697605 0.02193831279873848 0.10444842330171553 0.20801281273989605 0.626204341689746 0.7992199309936757 0.8979972829602613 0.982371474746043 0.9898049863208647 0.9831360039748608 0.9899741130700681 -1.2019602 -0.9809756 -1.171635 -0.9621371 -0.9042164 -1.3142949 -1.217975 -1.289234 -1.3349909 -1.1810832 -1.0367446 -1.0234833 -0.7655806 -0.8026766 -1.2967043 -1.2724614 -1.3422318 -1.4474208
1 400 -0.00911137368530035 0.03441912680864334 0.015515169128775597 -0.02975979819893837 -0.03296033665537834 -0.01299356296658516 -0.04781226068735123 0.02829701267182827 0.0036962965968996286 -0.05183698236942291 -0.015387708321213722 -0.015192139893770218 0.03711239621043205 0.04904932156205177 -0.025628888979554176 -0.007579725235700607 -0.053325146436691284 0.009642837569117546 -0.012916787527501583 0.014245566911995411 -0.0035876475740224123 0.01965080015361309 0.106075718998909 0.018446020781993866 -0.014090282842516899 0.007624044083058834 0.009742345660924911 -0.015645219013094902 0.020978547632694244 -0.038835715502500534 0.0394572950899601 -0.041476450860500336 0.09169849008321762 -0.04414761811494827 0.0038081479724496603 0.020870458334684372 0.00044892917503602803 -0.006634206045418978 -0.004164902493357658 -0.03212868049740791 -0.022090012207627296 -0.04378611966967583 0.0005640423041768372 0.014467395842075348 -0.009781762957572937 -0.0015401039272546768 -0.02147783152759075 -0.08669301867485046 -0.01962633803486824 0.021933501586318016 0.04268132150173187 0.01199808344244957 -0.013799900189042091 0.07620647549629211 -0.01711978018283844 -0.018609780818223953 -0.017971958965063095 0.017316043376922607 0.06815776228904724 -0.03740386292338371 0.012254312634468079 -0.01863095909357071 -0.00904103647917509 0.023261912167072296 0.01346006989479065 -0.05456722527742386 -0.016702968627214432 0.01464375015348196 -0.0028712693601846695 0.005601316690444946 -0.05248020216822624 -0.010301508009433746 0.004969636909663677 0.03743079677224159 0.028858516365289688 0.0005867372965440154 -0.025143403559923172 0.014146867208182812 -0.027815720066428185 -0.008221127092838287 0.00878101121634245 -0.004840992856770754 0.011086941696703434 0.033548612147569656 0.019299039617180824 -0.0067533934488892555 0.006449660286307335 0.00431502889841795 0.023533707484602928 -0.006296483334153891 -0.002401163801550865 0.008342493325471878 0.001796984113752842 -0.019543277099728584 0.02799018658697605 0.02193831279873848 0.05716952575359076 0.08757155334245204 0.2308545258462924 0.4431480374846061 0.7251504791055552 0.961968709528022 0.9317866930457525 0.9504012409949295 0.9821063174463733 -1.2058511 -1.0276783 -1.04311 -0.9309665 -0.70658183 -1.1476495 -1.05107 -1.1571354 -1.2461307 -1.1554501 -0.98064345 -0.8892831 -0.60911137 -0.43683392 -1.02276 -0.8352414 -1.0478947 -1.2756567
2 400 -0.00911137368530035 0.03441912680864334 0.015515169128775597 -0.02975979819893837 -0.03296033665537834 -0.01299356296658516 -0.04781226068735123 0.02829701267182827 0.0036962965968996286 -0.05183698236942291 -0.015387708321213722 -0.015192139893770218 0.03711239621043205 0.04904932156205177 -0.025628888979554176 -0.007579725235700607 -0.053325146436691284 0.009642837569117546 -0.012916787527501583 0.014245566911995411 -0.0035876475740224123 0.01965080015361309 0.106075718998909 0.018446020781993866 -0.014090282842516899 0.007624044083058834 0.009742345660924911 -0.015645219013094902 0.020978547632694244 -0.038835715502500534 0.0394572950899601 -0.041476450860500336 0.09169849008321762 -0.04414761811494827 0.0038081479724496603 0.020870458334684372 0.00044892917503602803 -0.006634206045418978 -0.004164902493357658 -0.03212868049740791 -0.022090012207627296 -0.04378611966967583 0.0005640423041768372 0.014467395842075348 -0.009781762957572937 -0.0015401039272546768 -0.02147783152759075 -0.08669301867485046 -0.01962633803486824 0.021933501586318016 0.04268132150173187 0.01199808344244957 -0.013799900189042091 0.07620647549629211 -0.01711978018283844 -0.018609780818223953 -0.017971958965063095 0.017316043376922607 0.06815776228904724 -0.03740386292338371 0.012254312634468079 -0.01863095909357071 -0.00904103647917509 0.023261912167072296 0.01346006989479065 -0.05456722527742386 -0.016702968627214432 0.01464375015348196 -0.0028712693601846695 0.005601316690444946 -0.05248020216822624 -0.010301508009433746 0.004969636909663677 0.03743079677224159 0.028858516365289688 0.0005867372965440154 -0.025143403559923172 0.014146867208182812 -0.027815720066428185 -0.008221127092838287 0.00878101121634245 -0.004840992856770754 0.011086941696703434 0.033548612147569656 0.019299039617180824 -0.0067533934488892555 0.006449660286307335 0.00431502889841795 0.023533707484602928 -0.006296483334153891 -0.002401163801550865 0.008342493325471878 0.001796984113752842 -0.019543277099728584 0.02799018658697605 0.02193831279873848 0.04384930614809277 0.09098233847141661 0.16694334638480415 0.4375932322149606 0.7722132198835371 0.8973661629958374 0.881075251927324 0.8433516687197242 0.947426854833964 -1.2247862 -1.0129055 -0.93938255 -0.8821057 -0.7327911 -1.0165408 -1.03161 -1.1207495 -1.1814351 -1.2055526 -1.0109026 -0.8694285 -0.6698073 -0.46517047 -0.7904187 -0.7960363 -0.86753255 -1.0312729
0 400 -0.012148497626185417 0.04589216783642769 0.020686892792582512 -0.03967973217368126 -0.04394711181521416 -0.017324751242995262 -0.06374967843294144 0.03772934898734093 0.00492839515209198 -0.06911597400903702 -0.02051694504916668 -0.02025618590414524 0.04948319494724274 0.06539909541606903 -0.034171849489212036 -0.010106300003826618 -0.07110019773244858 0.012857116758823395 -0.017222382128238678 0.01899408921599388 -0.0047835297882556915 0.026201067492365837 0.14143429696559906 0.024594692513346672 -0.018787043169140816 0.01016539242118597 0.01298979390412569 -0.02086029015481472 0.02797139622271061 -0.05178095027804375 0.052609723061323166 -0.055301934480667114 0.12226464599370956 -0.05886349081993103 0.00507753062993288 0.027827277779579163 0.0005985721945762634 -0.008845607750117779 -0.005553203169256449 -0.042838238179683685 -0.029453350231051445 -0.058381494134664536 0.000752056366764009 0.019289860501885414 -0.013042350299656391 -0.0020534719806164503 -0.028637109324336052 -0.11559069156646729 -0.026168450713157654 0.029244666919112206 0.05690842866897583 0.015997445210814476 -0.018399866297841072 0.10160863399505615 -0.02282637171447277 -0.024813039228320122 -0.023962611332535744 0.023088058456778526 0.09087701141834259 -0.049871817231178284 0.01633908413350582 -0.024841276928782463 -0.012054714374244213 0.031015882268548012 0.01794675923883915 -0.07275629788637161 -0.022270623594522476 0.01952499896287918 -0.003828359069302678 0.007468421943485737 -0.06997360289096832 -0.01373534370213747 0.006626182235777378 0.04990772902965546 0.03847802057862282 0.0007823163759894669 -0.033524539321660995 0.018862489610910416 -0.03708762675523758 -0.01096150279045105 0.011708014644682407 -0.006454657297581434 0.014782587997615337 0.04473148286342621 0.025732053443789482 -0.009004524908959866 0.008599546737968922 0.005753371398895979 0.03137827664613724 -0.008395310491323471 -0.0032015517354011536 0.011123324744403362 0.002395978895947337 -0.02605770342051983 0.037320248782634735 0.029251083731651306 0.11803491126185316 0.37757495172517597 0.852505762133299 0.9373331220072985 0.9580325119568007 0.9899638849942688 0.9926213683321021 0.9905047348359475 0.9925747806334101 -1.2525378 -1.0733461 -1.2751116 -1.1025474 -1.1146977 -1.5798086 -1.4816508 -1.5923269 -1.5816927 -1.2565508 -1.214021 -1.1687818 -0.9865344 -1.0553842 -1.5835538 -1.4761231 -1.6743102 -1.6816385
1 400 -0.012148497626185417 0.04589216783642769 0.020686892792582512 -0.03967973217368126 -0.04394711181521416 -0.017324751242995262 -0.06374967843294144 0.03772934898734093 0.00492839515209198 -0.06911597400903702 -0.02051694504916668 -0.02025618590414524 0.04948319494724274 0.06539909541606903 -0.034171849489212036 -0.010106300003826618 -0.07110019773244858 0.012857116758823395 -0.017222382128238678 0.01899408921599388 -0.0047835297882556915 0.026201067492365837 0.14143429696559906 0.024594692513346672 -0.018787043169140816 0.01016539242118597 0.01298979390412569 -0.02086029015481472 0.02797139622271061 -0.05178095027804375 0.052609723061323166 -0.055301934480667114 0.12226464599370956 -0.05886349081993103 0.00507753062993288 0.027827277779579163 0.0005985721945762634 -0.008845607750117779 -0.005553203169256449 -0.042838238179683685 -0.029453350231051445 -0.058381494134664536 0.000752056366764009 0.019289860501885414 -0.013042350299656391 -0.0020534719806164503 -0.028637109324336052 -0.11559069156646729 -0.026168450713157654 0.029244666919112206 0.05690842866897583 0.015997445210814476 -0.018399866297841072 0.10160863399505615 -0.02282637171447277 -0.024813039228320122 -0.023962611332535744 0.023088058456778526 0.09087701141834259 -0.049871817231178284 0.01633908413350582 -0.024841276928782463 -0.012054714374244213 0.031015882268548012 0.01794675923883915 -0.07275629788637161 -0.022270623594522476 0.01952499896287918 -0.003828359069302678 0.007468421943485737 -0.06997360289096832 -0.01373534370213747 0.006626182235777378 0.04990772902965546 0.03847802057862282 0.0007823163759894669 -0.033524539321660995 0.018862489610910416 -0.03708762675523758 -0.01096150279045105 0.011708014644682407 -0.006454657297581434 0.014782587997615337 0.04473148286342621 0.025732053443789482 -0.009004524908959866 0.008599546737968922 0.005753371398895979 0.03137827664613724 -0.008395310491323471 -0.0032015517354011536 0.011123324744403362 0.002395978895947337 -0.02605770342051983 0.037320248782634735 0.029251083731651306 0.04573705693665495 0.12634081292643334 0.33678206143217554 0.6953689632564385 0.8251086522104594 0.935348726410417 0.9510546179923526 0.9349357762017034 0.9578108130414665 -1.2164509 -1.0391567 -1.0662926 -1.0103909 -0.91118073 -1.2845372 -1.1894855 -1.2882721 -1.3571256 -1.1796424 -1.0141973 -0.9329263 -0.74004894 -0.64444643 -1.0186017 -0.9114793 -1.033161 -1.1623313
2 400 -0.012148497626185417 0.04589216783642769 0.020686892792582512 -0.03967973217368126 -0.04394711181521416 -0.017324751242995262 -0.06374967843294144 0.03772934898734093 0.00492839515209198 -0.06911597400903702 -0.02051694504916668 -0.02025618590414524 0.04948319494724274 0.06539909541606903 -0.034171849489212036 -0.010106300003826618 -0.07110019773244858 0.012857116758823395 -0.017222382128238678 0.01899408921599388 -0.0047835297882556915 0.026201067492365837 0.14143429696559906 0.024594692513346672 -0.018787043169140816 0.01016539242118597 0.01298979390412569 -0.02086029015481472 0.02797139622271061 -0.05178095027804375 0.052609723061323166 -0.055301934480667114 0.12226464599370956 -0.05886349081993103 0.00507753062993288 0.027827277779579163 0.0005985721945762634 -0.008845607750117779 -0.005553203169256449 -0.042838238179683685 -0.029453350231051445 -0.058381494134664536 0.000752056366764009 0.019289860501885414 -0.013042350299656391 -0.0020534719806164503 -0.028637109324336052 -0.11559069156646729 -0.026168450713157654 0.029244666919112206 0.05690842866897583 0.015997445210814476 -0.018399866297841072 0.10160863399505615 -0.02282637171447277 -0.024813039228320122 -0.023962611332535744 0.023088058456778526 0.09087701141834259 -0.049871817231178284 0.01633908413350582 -0.024841276928782463 -0.012054714374244213 0.031015882268548012 0.01794675923883915 -0.07275629788637161 -0.022270623594522476 0.01952499896287918 -0.003828359069302678 0.007468421943485737 -0.06997360289096832 -0.01373534370213747 0.006626182235777378 0.04990772902965546 0.03847802057862282 0.0007823163759894669 -0.033524539321660995 0.018862489610910416 -0.03708762675523758 -0.01096150279045105 0.011708014644682407 -0.006454657297581434 0.014782587997615337 0.04473148286342621 0.025732053443789482 -0.009004524908959866 0.008599546737968922 0.005753371398895979 0.03137827664613724 -0.008395310491323471 -0.0032015517354011536 0.011123324744403362 0.002395978895947337 -0.02605770342051983 0.037320248782634735 0.029251083731651306 0.03814108757039131 0.1696962301603517 0.25306485544733 0.7507495484630965 0.8378787432719795 0.9182198375497808 0.9409205660809107 0.8976565704052253 0.9318734152607095 -1.2285541 -0.9575422 -0.9618367 -0.96928453 -0.9462879 -1.1984396 -1.1281142 -1.1206292 -1.230508 -1.2503648 -1.0623492 -0.9249927 -0.8452652 -0.76032585 -0.93193614 -0.89357024 -0.85787517 -0.9752976
0 400 -0.015185621567070484 0.057365208864212036 0.025858614593744278 -0.04959966242313385 -0.05493389070034027 -0.021655937656760216 -0.07968709617853165 0.047161687165498734 0.006160493940114975 -0.08639496564865112 -0.025646179914474487 -0.025320231914520264 0.06185399368405342 0.08174886554479599 -0.042714811861515045 -0.012632874771952629 -0.08887524157762527 0.016071395948529243 -0.021527977660298347 0.023742610588669777 -0.005979412235319614 0.032751332968473434 0.17679286003112793 0.030743366107344627 -0.023483803495764732 0.012706739827990532 0.01623724214732647 -0.026075363159179688 0.034964244812726974 -0.06472618877887726 0.06576215475797653 -0.06912741810083389 0.1528308093547821 -0.07357936352491379 0.006346913054585457 0.03478409722447395 0.0007482152432203293 -0.011057009920477867 -0.006941503845155239 -0.05354779586195946 -0.036816686391830444 -0.07297686487436295 0.0009400704293511808 0.02411232516169548 -0.016302937641739845 -0.00256683980114758 -0.0357963852584362 -0.1444883644580841 -0.03271056339144707 0.036555834114551544 0.07113553583621979 0.019996805116534233 -0.022999832406640053 0.1270107924938202 -0.02853296510875225 -0.03101629950106144 -0.029953263700008392 0.028860071673989296 0.11359626054763794 -0.062339771538972855 0.020423853769898415 -0.031051596626639366 -0.01506839320063591 0.03876985237002373 0.02243344858288765 -0.09094537049531937 -0.02783827856183052 0.024406248703598976 -0.004785448778420687 0.009335527196526527 -0.0874669998884201 -0.017169179394841194 0.008282727561891079 0.06238466128706932 0.04809752479195595 0.0009778954554349184 -0.04190567135810852 0.023578111082315445 -0.046359531581401825 -0.013701878488063812 0.014635018073022366 -0.008068321272730827 0.018478235229849815 0.05591435357928276 0.03216506540775299 -0.011255655437707901 0.010749433189630508 0.0071917143650352955 0.0392228439450264 -0.010494138114154339 -0.004001939669251442 0.013904155232012272 0.0029949734453111887 -0.032572127878665924 0.04665030911564827 0.03656385466456413 0.17455849141787155 0.648551977619311 0.9311874476193858 0.9875468924174879 0.9866427276664509 0.994180336026244 0.9966131890638987 0.9914916899357649 0.9906963918382751 -1.2760268 -1.3718224 -1.4003025 -1.2767967 -1.4283093 -1.7626383 -1.6721827 -1.8298832 -1.8215696 -1.3607924 -1.550452 -1.296807 -1.2058718 -1.3399715 -1.7501338 -1.6701181 -1.8502793 -1.8044739
1 400 -0.015185621567070484 0.057365208864212036 0.025858614593744278 -0.04959966242313385 -0.05493389070034027 -0.021655937656760216 -0.07968709617853165 0.047161687165498734 0.006160493940114975 -0.08639496564865112 -0.025646179914474487 -0.025320231914520264 0.06185399368405342 0.08174886554479599 -0.042714811861515045 -0.012632874771952629 -0.08887524157762527 0.016071395948529243 -0.021527977660298347 0.023742610588669777 -0.005979412235319614 0.032751332968473434 0.17679286003112793 0.030743366107344627 -0.023483803495764732 0.012706739827990532 0.01623724214732647 -0.026075363159179688 0.034964244812726974 -0.06472618877887726 0.06576215475797653 -0.06912741810083389 0.1528308093547821 -0.07357936352491379 0.006346913054585457 0.03478409722447395 0.0007482152432203293 -0.011057009920477867 -0.006941503845155239 -0.05354779586195946 -0.036816686391830444 -0.07297686487436295 0.0009400704293511808 0.02411232516169548 -0.016302937641739845 -0.00256683980114758 -0.0357963852584362 -0.1444883644580841 -0.03271056339144707 0.036555834114551544 0.07113553583621979 0.019996805116534233 -0.022999832406640053 0.1270107924938202 -0.02853296510875225 -0.03101629950106144 -0.029953263700008392 0.028860071673989296 0.11359626054763794 -0.062339771538972855 0.020423853769898415 -0.031051596626639366 -0.01506839320063591 0.03876985237002373 0.02243344858288765 -0.09094537049531937 -0.02783827856183052 0.024406248703598976 -0.004785448778420687 0.009335527196526527 -0.0874669998884201 -0.017169179394841194 0.008282727561891079 0.06238466128706932 0.04809752479195595 0.0009778954554349184 -0.04190567135810852 0.023578111082315445 -0.046359531581401825 -0.013701878488063812 0.014635018073022366 -0.008068321272730827 0.018478235229849815 0.05591435357928276 0.03216506540775299 -0.011255655437707901 0.010749433189630508 0.0071917143650352955 0.0392228439450264 -0.010494138114154339 -0.004001939669251442 0.013904155232012272 0.0029949734453111887 -0.032572127878665924 0.04665030911564827 0.03656385466456413 0.04270477706586135 0.3443377135104418 0.5268698433438938 0.8968407471463383 0.9113438495674608 0.9632828534884741 0.9803567532744567 0.9532615960470835 0.9615326450784129 -1.2427844 -1.1551656 -1.122445 -1.1259714 -1.0881301 -1.4330277 -1.3722501 -1.4011676 -1.4648674 -1.219449 -1.1785519 -0.9947225 -0.93259835 -0.76530015 -1.1649268 -1.1167109 -1.1360013 -1.207154
2 400 -0.015185621567070484 0.057365208864212036 0.025858614593744278 -0.04959966242313385 -0.05493389070034027 -0.021655937656760216 -0.07968709617853165 0.047161687165498734 0.006160493940114975 -0.08639496564865112 -0.025646179914474487 -0.025320231914520264 0.06185399368405342 0.08174886554479599 -0.042714811861515045 -0.012632874771952629 -0.08887524157762527 0.016071395948529243 -0.021527977660298347 0.023742610588669777 -0.005979412235319614 0.032751332968473434 0.17679286003112793 0.030743366107344627 -0.023483803495764732 0.012706739827990532 0.01623724214732647 -0.026075363159179688 0.034964244812726974 -0.06472618877887726 0.06576215475797653 -0.06912741810083389 0.1528308093547821 -0.07357936352491379 0.006346913054585457 0.03478409722447395 0.0007482152432203293 -0.011057009920477867 -0.006941503845155239 -0.05354779586195946 -0.036816686391830444 -0.07297686487436295 0.0009400704293511808 0.02411232516169548 -0.016302937641739845 -0.00256683980114758 -0.0357963852584362 -0.1444883644580841 -0.03271056339144707 0.036555834114551544 0.07113553583621979 0.019996805116534233 -0.022999832406640053 0.1270107924938202 -0.02853296510875225 -0.03101629950106144 -0.029953263700008392 0.028860071673989296 0.11359626054763794 -0.062339771538972855 0.020423853769898415 -0.031051596626639366 -0.01506839320063591 0.03876985237002373 0.02243344858288765 -0.09094537049531937 -0.02783827856183052 0.024406248703598976 -0.004785448778420687 0.009335527196526527 -0.0874669998884201 -0.017169179394841194 0.008282727561891079 0.06238466128706932 0.04809752479195595 0.0009778954554349184 -0.04190567135810852 0.023578111082315445 -0.046359531581401825 -0.013701878488063812 0.014635018073022366 -0.008068321272730827 0.018478235229849815 0.05591435357928276 0.03216506540775299 -0.011255655437707901 0.010749433189630508 0.0071917143650352955 0.0392228439450264 -0.010494138114154339 -0.004001939669251442 0.013904155232012272 0.0029949734453111887 -0.032572127878665924 0.04665030911564827 0.03656385466456413 0.038299459244256866 0.337425073370958 0.3594568104822487 0.8104420615415509 0.8915670629836365 0.9500870819950888 0.9728916886508187 0.9421242576728193 0.954927230264625 -1.2878753 -1.0318522 -1.0700334 -1.0806019 -0.9961333 -1.3435085 -1.2481523 -1.290364 -1.4093212 -1.2845237 -1.1983612 -1.0347477 -1.0074153 -0.8484642 -1.1226952 -1.0450644 -1.0692205 -1.1675711
0 400 -0.0182227473706007 0.06883825361728668 0.031030338257551193 -0.05951959639787674 -0.06592067331075668 -0.02598712593317032 -0.09562452137470245 0.05659402534365654 0.007392593193799257 -0.10367396473884583 -0.030775416642427444 -0.030384279787540436 0.0742247924208641 0.09809864312410355 -0.05125777795910835 -0.015159450471401215 -0.10665029287338257 0.019285675138235092 -0.025833575055003166 0.028491133823990822 -0.007175295148044825 0.03930160030722618 0.212151437997818 0.03689204156398773 -0.028180565685033798 0.015248088166117668 0.019484691321849823 -0.031290438026189804 0.04195709526538849 -0.07767143100500107 0.0789145901799202 -0.08295290172100067 0.18339698016643524 -0.08829523622989655 0.007616295944899321 0.041740916669368744 0.0008978583500720561 -0.013268412090837955 -0.008329804986715317 -0.06425736099481583 -0.04418002441525459 -0.08757223933935165 0.0011280846083536744 0.028934791684150696 -0.019563525915145874 -0.0030802078545093536 -0.0429556630551815 -0.17338603734970093 -0.03925267606973648 0.04386700317263603 0.08536264300346375 0.02399616688489914 -0.027599800378084183 0.15241295099258423 -0.03423956036567688 -0.037219561636447906 -0.03594391793012619 0.034632086753845215 0.13631552457809448 -0.07480772584676743 0.024508625268936157 -0.03726191818714142 -0.01808207295835018 0.04652382433414459 0.0269201397895813 -0.10913445055484772 -0.033405937254428864 0.02928750030696392 -0.005742538720369339 0.011202633380889893 -0.10496040433645248 -0.020603016018867493 0.009939273819327354 0.07486159354448318 0.057717032730579376 0.0011734745930880308 -0.050286807119846344 0.028293734416365623 -0.05563144013285637 -0.016442254185676575 0.0175620224326849 -0.009681985713541508 0.022173883393406868 0.06709722429513931 0.03859807923436165 -0.013506786897778511 0.01289932057261467 0.0086300577968359 0.047067414969205856 -0.012592966668307781 -0.00480232760310173 0.016684986650943756 0.003593968227505684 -0.03908655419945717 0.0559803731739521 0.04387662559747696 0.3268917821901939 0.8530622823039982 0.9697305675198565 0.9969101522183303 0.9960376490385962 0.9975639546610852 0.9986772490035801 0.9966073690729098 0.9947059101861184 -1.364278 -1.69168 -1.6175623 -1.5652896 -1.6389946 -1.8933578 -1.8293388 -1.9900861 -1.9975941 -1.5397437 -1.9211581 -1.5382485 -1.5448823 -1.5392022 -1.9147224 -1.8583179 -2.0465305 -2.0033693
1 400 -0.0182227473706007 0.06883825361728668 0.031030338257551193 -0.05951959639787674 -0.06592067331075668 -0.02598712593317032 -0.09562452137470245 0.05659402534365654 0.007392593193799257 -0.10367396473884583 -0.030775416642427444 -0.030384279787540436 0.0742247924208641 0.09809864312410355 -0.05125777795910835 -0.015159450471401215 -0.10665029287338257 0.019285675138235092 -0.025833575055003166 0.028491133823990822 -0.007175295148044825 0.03930160030722618 0.212151437997818 0.03689204156398773 -0.028180565685033798 0.015248088166117668 0.019484691321849823 -0.031290438026189804 0.04195709526538849 -0.07767143100500107 0.0789145901799202 -0.08295290172100067 0.18339698016643524 -0.08829523622989655 0.007616295944899321 0.041740916669368744 0.0008978583500720561 -0.013268412090837955 -0.008329804986715317 -0.06425736099481583 -0.04418002441525459 -0.08757223933935165 0.0011280846083536744 0.028934791684150696 -0.019563525915145874 -0.0030802078545093536 -0.0429556630551815 -0.17338603734970093 -0.03925267606973648 0.04386700317263603 0.08536264300346375 0.02399616688489914 -0.027599800378084183 0.15241295099258423 -0.03423956036567688 -0.037219561636447906 -0.03594391793012619 0.034632086753845215 0.13631552457809448 -0.07480772584676743 0.024508625268936157 -0.03726191818714142 -0.01808207295835018 0.04652382433414459 0.0269201397895813 -0.10913445055484772 -0.033405937254428864 0.02928750030696392 -0.005742538720369339 0.011202633380889893 -0.10496040433645248 -0.020603016018867493 0.009939273819327354 0.07486159354448318 0.057717032730579376 0.0011734745930880308 -0.050286807119846344 0.028293734416365623 -0.05563144013285637 -0.016442254185676575 0.0175620224326849 -0.009681985713541508 0.022173883393406868 0.06709722429513931 0.03859807923436165 -0.013506786897778511 0.01289932057261467 0.0086300577968359 0.047067414969205856 -0.012592966668307781 -0.00480232760310173 0.016684986650943756 0.003593968227505684 -0.03908655419945717 0.0559803731739521 0.04387662559747696 0.043204646793722386 0.5972068223727163 0.6888388743186605 0.9684951639815732 0.9716442556151476 0.9845764915887166 0.9923843379285134 0.9790181737427798 0.9755743754111322 -1.2493075 -1.3387938 -1.2951726 -1.2560029 -1.2790648 -1.56372 -1.5498034 -1.5808117 -1.6232463 -1.2441459 -1.4022665 -1.1417632 -1.0624311 -0.9400156 -1.3296759 -1.331079 -1.3379374 -1.3676155
2 400 -0.0182227473706007 0.06883825361728668 0.031030338257551193 -0.05951959639787674 -0.06592067331075668 -0.02598712593317032 -0.09562452137470245 0.05659402534365654 0.007392593193799257 -0.10367396473884583 -0.030775416642427444 -0.030384279787540436 0.0742247924208641 0.09809864312410355 -0.05125777795910835 -0.015159450471401215 -0.10665029287338257 0.019285675138235092 -0.025833575055003166 0.028491133823990822 -0.007175295148044825 0.03930160030722618 0.212151437997818 0.03689204156398773 -0.028180565685033798 0.015248088166117668 0.019484691321849823 -0.031290438026189804 0.04195709526538849 -0.07767143100500107 0.0789145901799202 -0.08295290172100067 0.18339698016643524 -0.08829523622989655 0.007616295944899321 0.041740916669368744 0.0008978583500720561 -0.013268412090837955 -0.008329804986715317 -0.06425736099481583 -0.04418002441525459 -0.08757223933935165 0.0011280846083536744 0.028934791684150696 -0.019563525915145874 -0.0030802078545093536 -0.0429556630551815 -0.17338603734970093 -0.03925267606973648 0.04386700317263603 0.08536264300346375 0.02399616688489914 -0.027599800378084183 0.15241295099258423 -0.03423956036567688 -0.037219561636447906 -0.03594391793012619 0.034632086753845215 0.13631552457809448 -0.07480772584676743 0.024508625268936157 -0.03726191818714142 -0.01808207295835018 0.04652382433414459 0.0269201397895813 -0.10913445055484772 -0.033405937254428864 0.02928750030696392 -0.005742538720369339 0.011202633380889893 -0.10496040433645248 -0.020603016018867493 0.009939273819327354 0.07486159354448318 0.057717032730579376 0.0011734745930880308 -0.050286807119846344 0.028293734416365623 -0.05563144013285637 -0.016442254185676575 0.0175620224326849 -0.009681985713541508 0.022173883393406868 0.06709722429513931 0.03859807923436165 -0.013506786897778511 0.01289932057261467 0.0086300577968359 0.047067414969205856 -0.012592966668307781 -0.00480232760310173 0.016684986650943756 0.003593968227505684 -0.03908655419945717 0.0559803731739521 0.04387662559747696 0.04442617908320503 0.46407956451380816 0.5034947674971707 0.899870591966578 0.9425877744331295 0.976450493810348 0.9896005120189181 0.9678426492829897 0.9760362695748803 -1.2482771 -1.2475933 -1.2467887 -1.229758 -1.1605085 -1.4998612 -1.4013054 -1.4623762 -1.5727609 -1.2856588 -1.4334717 -1.1842103 -1.1543145 -1.0361577 -1.3382001 -1.2357659 -1.2903805 -1.3662467
0 400 -0.021259870380163193 0.08031129091978073 0.03620205819606781 -0.06943952292203903 -0.0769074484705925 -0.030318312346935272 -0.11156193166971207 0.06602635979652405 0.008624691516160965 -0.12095294892787933 -0.0359046496450901 -0.03544832393527031 0.08659558743238449 0.1144484132528305 -0.05980073660612106 -0.01768602430820465 -0.12442533671855927 0.02249995432794094 -0.030139168724417686 0.03323965519666672 -0.00837117712944746 0.04585186392068863 0.24751000106334686 0.04304071143269539 -0.032877326011657715 0.017789434641599655 0.022732138633728027 -0.03650550916790962 0.048949941992759705 -0.09061666578054428 0.09206701815128326 -0.09677838534116745 0.21396313607692719 -0.1030111089348793 0.00888567790389061 0.048697736114263535 0.001047501340508461 -0.01547981332987547 -0.00971810519695282 -0.0749669149518013 -0.05154335871338844 -0.10216760635375977 0.0013160986127331853 0.03375725448131561 -0.022824112325906754 -0.0035935756750404835 -0.050114937126636505 -0.20228371024131775 -0.045794788748025894 0.05117816850543022 0.0995897501707077 0.027995526790618896 -0.03219976648688316 0.17781510949134827 -0.03994615003466606 -0.043422818183898926 -0.04193456843495369 0.040404099971055984 0.15903475880622864 -0.0872756764292717 0.02859339490532875 -0.04347223415970802 -0.021095750853419304 0.05427779257297516 0.03140682727098465 -0.12732352316379547 -0.03897358849644661 0.03416874632239342 -0.006699628196656704 0.013069737702608109 -0.12245380133390427 -0.024036850780248642 0.01159581821411848 0.08733852207660675 0.0673365369439125 0.0013690536143258214 -0.05866793915629387 0.033009354025125504 -0.06490334123373032 -0.019182629883289337 0.020489025861024857 -0.011295649223029613 0.02586952969431877 0.07828009128570557 0.04503108933568001 -0.015757916495203972 0.015049206092953682 0.010068399831652641 0.054911982268095016 -0.014691793359816074 -0.005602715536952019 0.019465817138552666 0.0041929627768695354 -0.045600976794958115 0.06531043350696564 0.051189396530389786 0.43389552213792987 0.9491548609495706 0.98683039875708 0.998821546250745 0.998764584378758 0.9989364440390592 0.9994340596388943 0.9986031249446252 0.9970269257098996 -1.6035786 -1.9714018 -1.8334842 -1.7885544 -1.8341088 -2.0263374 -1.9690979 -2.146189 -2.15494 -1.8275747 -2.2531166 -1.7785714 -1.7909429 -1.7169292 -2.0735805 -2.0176685 -2.2377064 -2.1782417
1 400 -0.021259870380163193 0.08031129091978073 0.03620205819606781 -0.06943952292203903 -0.0769074484705925 -0.030318312346935272 -0.11156193166971207 0.06602635979652405 0.008624691516160965 -0.12095294892787933 -0.0359046496450901 -0.03544832393527031 0.08659558743238449 0.1144484132528305 -0.05980073660612106 -0.01768602430820465 -0.12442533671855927 0.02249995432794094 -0.030139168724417686 0.03323965519666672 -0.00837117712944746 0.04585186392068863 0.24751000106334686 0.04304071143269539 -0.032877326011657715 0.017789434641599655 0.022732138633728027 -0.03650550916790962 0.048949941992759705 -0.09061666578054428 0.09206701815128326 -0.09677838534116745 0.21396313607692719 -0.1030111089348793 0.00888567790389061 0.048697736114263535 0.001047501340508461 -0.01547981332987547 -0.00971810519695282 -0.0749669149518013 -0.05154335871338844 -0.10216760635375977 0.0013160986127331853 0.03375725448131561 -0.022824112325906754 -0.0035935756750404835 -0.050114937126636505 -0.20228371024131775 -0.045794788748025894 0.05117816850543022 0.0995897501707077 0.027995526790618896 -0.03219976648688316 0.17781510949134827 -0.03994615003466606 -0.043422818183898926 -0.04193456843495369 0.040404099971055984 0.15903475880622864 -0.0872756764292717 0.02859339490532875 -0.04347223415970802 -0.021095750853419304 0.05427779257297516 0.03140682727098465 -0.12732352316379547 -0.03897358849644661 0.03416874632239342 -0.006699628196656704 0.013069737702608109 -0.12245380133390427 -0.024036850780248642 0.01159581821411848 0.08733852207660675 0.0673365369439125 0.0013690536143258214 -0.05866793915629387 0.033009354025125504 -0.06490334123373032 -0.019182629883289337 0.020489025861024857 -0.011295649223029613 0.02586952969431877 0.07828009128570557 0.04503108933568001 -0.015757916495203972 0.015049206092953682 0.010068399831652641 0.054911982268095016 -0.014691793359816074 -0.005602715536952019 0.019465817138552666 0.0041929627768695354 -0.045600976794958115 0.06531043350696564 0.051189396530389786 0.09572650696242324 0.7162003679737777 0.8318757473187017 0.9874788376155776 0.9905778415048994 0.9934750031086289 0.9968207125616362 0.9918169788405166 0.9871487315502807 -1.3071812 -1.5758551 -1.532129 -1.4535543 -1.4651331 -1.6939932 -1.6935627 -1.7357119 -1.773624 -1.3494868 -1.660147 -1.3677475 -1.2755704 -1.1190958 -1.4929328 -1.4999163 -1.5318196 -1.5304523
2 400 -0.021259870380163193 0.08031129091978073 0.03620205819606781 -0.06943952292203903 -0.0769074484705925 -0.030318312346935272 -0.11156193166971207 0.06602635979652405 0.008624691516160965 -0.12095294892787933 -0.0359046496450901 -0.03544832393527031 0.08659558743238449 0.1144484132528305 -0.05980073660612106 -0.01768602430820465 -0.12442533671855927 0.02249995432794094 -0.030139168724417686 0.03323965519666672 -0.00837117712944746 0.04585186392068863 0.24751000106334686 0.04304071143269539 -0.032877326011657715 0.017789434641599655 0.022732138633728027 -0.03650550916790962 0.048949941992759705 -0.09061666578054428 0.09206701815128326 -0.09677838534116745 0.21396313607692719 -0.1030111089348793 0.00888567790389061 0.048697736114263535 0.001047501340508461 -0.01547981332987547 -0.00971810519695282 -0.0749669149518013 -0.05154335871338844 -0.10216760635375977 0.0013160986127331853 0.03375725448131561 -0.022824112325906754 -0.0035935756750404835 -0.050114937126636505 -0.20228371024131775 -0.045794788748025894 0.05117816850543022 0.0995897501707077 0.027995526790618896 -0.03219976648688316 0.17781510949134827 -0.03994615003466606 -0.043422818183898926 -0.04193456843495369 0.040404099971055984 0.15903475880622864 -0.0872756764292717 0.02859339490532875 -0.04347223415970802 -0.021095750853419304 0.05427779257297516 0.03140682727098465 -0.12732352316379547 -0.03897358849644661 0.03416874632239342 -0.006699628196656704 0.013069737702608109 -0.12245380133390427 -0.024036850780248642 0.01159581821411848 0.08733852207660675 0.0673365369439125 0.0013690536143258214 -0.05866793915629387 0.033009354025125504 -0.06490334123373032 -0.019182629883289337 0.020489025861024857 -0.011295649223029613 0.02586952969431877 0.07828009128570557 0.04503108933568001 -0.015757916495203972 0.015049206092953682 0.010068399831652641 0.054911982268095016 -0.014691793359816074 -0.005602715536952019 0.019465817138552666 0.0041929627768695354 -0.045600976794958115 0.06531043350696564 0.051189396530389786 0.0667835075735352 0.6038262374796386 0.6632827046309717 0.9568613310616273 0.9764773540077212 0.989342441961365 0.9959255713771581 0.9866267942727058 0.9888516818324992 -1.2314025 -1.4800783 -1.4948735 -1.4597089 -1.3831532 -1.6542629 -1.551226 -1.6161618 -1.7101597 -1.316441 -1.6829998 -1.4197114 -1.3824704 -1.2416697 -1.5493834 -1.4205339 -1.492538 -1.5322266
0 400 -0.024296995252370834 0.09178433567285538 0.041373785585165024 -0.07935946434736252 -0.08789422363042831 -0.034649502485990524 -0.12749935686588287 0.07545869797468185 0.00985679030418396 -0.13823194801807404 -0.04103389009833336 -0.04051237180829048 0.09896638989448547 0.13079819083213806 -0.06834369897842407 -0.020212600007653236 -0.14220039546489716 0.02571423351764679 -0.034444764256477356 0.03798817843198776 -0.009567059576511383 0.052402134984731674 0.2828685939311981 0.049189385026693344 -0.03757408633828163 0.02033078484237194 0.02597958780825138 -0.04172058030962944 0.05594279244542122 -0.1035619005560875 0.10521944612264633 -0.11060386896133423 0.24452929198741913 -0.11772698163986206 0.01015506125986576 0.055654555559158325 0.0011971443891525269 -0.017691215500235558 -0.011106406338512897 -0.08567647635936737 -0.05890670046210289 -0.11676298826932907 0.001504112733528018 0.03857972100377083 -0.026084700599312782 -0.004106943961232901 -0.057274218648672104 -0.23118138313293457 -0.05233690142631531 0.05848933383822441 0.11381685733795166 0.03199489042162895 -0.036799732595682144 0.2032172679901123 -0.04565274342894554 -0.049626078456640244 -0.04792522266507149 0.04617611691355705 0.18175402283668518 -0.09974363446235657 0.03267816826701164 -0.049682553857564926 -0.024109428748488426 0.062031764537096024 0.0358935184776783 -0.14551259577274323 -0.04454124718904495 0.03904999792575836 -0.007656718138605356 0.014936843886971474 -0.13994720578193665 -0.02747068740427494 0.013252364471554756 0.09981545805931091 0.07695604115724564 0.0015646327519789338 -0.06704907864332199 0.03772497922182083 -0.07417525351047516 -0.0219230055809021 0.023416029289364815 -0.012909314595162868 0.029565175995230675 0.08946296572685242 0.051464106887578964 -0.01800904981791973 0.017199093475937843 0.011506742797791958 0.06275655329227448 -0.016790620982646942 -0.006403103470802307 0.022246649488806725 0.004791957791894674 -0.05211540684103966 0.07464049756526947 0.05850216746330261 0.6657290418878923 0.9778857880701186 0.9943730365208238 0.9995303352131938 0.9995909815073033 0.9995297877902509 0.9997580388614543 0.9993990244467471 0.998725434683868 -1.8089237 -2.180392 -2.0508466 -2.005746 -2.0132709 -2.1629343 -2.1123688 -2.2751336 -2.27966 -2.0480635 -2.4881663 -2.0208507 -2.0282638 -1.8752396 -2.232254 -2.1792989 -2.3834486 -2.3146722
1 400 -0.024296995252370834 0.09178433567285538 0.041373785585165024 -0.07935946434736252 -0.08789422363042831 -0.034649502485990524 -0.12749935686588287 0.07545869797468185 0.00985679030418396 -0.13823194801807404 -0.04103389009833336 -0.04051237180829048 0.09896638989448547 0.13079819083213806 -0.06834369897842407 -0.020212600007653236 -0.14220039546489716 0.02571423351764679 -0.034444764256477356 0.03798817843198776 -0.009567059576511383 0.052402134984731674 0.2828685939311981 0.049189385026693344 -0.03757408633828163 0.02033078484237194 0.02597958780825138 -0.04172058030962944 0.05594279244542122 -0.1035619005560875 0.10521944612264633 -0.11060386896133423 0.24452929198741913 -0.11772698163986206 0.01015506125986576 0.055654555559158325 0.0011971443891525269 -0.017691215500235558 -0.011106406338512897 -0.08567647635936737 -0.05890670046210289 -0.11676298826932907 0.001504112733528018 0.03857972100377083 -0.026084700599312782 -0.004106943961232901 -0.057274218648672104 -0.23118138313293457 -0.05233690142631531 0.05848933383822441 0.11381685733795166 0.03199489042162895 -0.036799732595682144 0.2032172679901123 -0.04565274342894554 -0.049626078456640244 -0.04792522266507149 0.04617611691355705 0.18175402283668518 -0.09974363446235657 0.03267816826701164 -0.049682553857564926 -0.024109428748488426 0.062031764537096024 0.0358935184776783 -0.14551259577274323 -0.04454124718904495 0.03904999792575836 -0.007656718138605356 0.014936843886971474 -0.13994720578193665 -0.02747068740427494 0.013252364471554756 0.09981545805931091 0.07695604115724564 0.0015646327519789338 -0.06704907864332199 0.03772497922182083 -0.07417525351047516 -0.0219230055809021 0.023416029289364815 -0.012909314595162868 0.029565175995230675 0.08946296572685242 0.051464106887578964 -0.01800904981791973 0.017199093475937843 0.011506742797791958 0.06275655329227448 -0.016790620982646942 -0.006403103470802307 0.022246649488806725 0.004791957791894674 -0.05211540684103966 0.07464049756526947 0.05850216746330261 0.20519779114766332 0.8153553487134967 0.9201687007250301 0.9951110717423587 0.9968082208385379 0.9971558234075122 0.9986400560322485 0.9966422347650429 0.9933202821386894 -1.4280056 -1.8121399 -1.7534686 -1.6526421 -1.6439289 -1.8291575 -1.8368171 -1.8905524 -1.8948575 -1.4955308 -1.9193723 -1.5842521 -1.4904253 -1.288594 -1.653012 -1.6618154 -1.7134318 -1.6594989
2 400 -0.024296995252370834 0.09178433567285538 0.041373785585165024 -0.07935946434736252 -0.08789422363042831 -0.034649502485990524 -0.12749935686588287 0.07545869797468185 0.00985679030418396 -0.13823194801807404 -0.04103389009833336 -0.04051237180829048 0.09896638989448547 0.13079819083213806 -0.06834369897842407 -0.020212600007653236 -0.14220039546489716 0.02571423351764679 -0.034444764256477356 0.03798817843198776 -0.009567059576511383 0.052402134984731674 0.2828685939311981 0.049189385026693344 -0.03757408633828163 0.02033078484237194 0.02597958780825138 -0.04172058030962944 0.05594279244542122 -0.1035619005560875 0.10521944612264633 -0.11060386896133423 0.24452929198741913 -0.11772698163986206 0.01015506125986576 0.055654555559158325 0.0011971443891525269 -0.017691215500235558 -0.011106406338512897 -0.08567647635936737 -0.05890670046210289 -0.11676298826932907 0.001504112733528018 0.03857972100377083 -0.026084700599312782 -0.004106943961232901 -0.057274218648672104 -0.23118138313293457 -0.05233690142631531 0.05848933383822441 0.11381685733795166 0.03199489042162895 -0.036799732595682144 0.2032172679901123 -0.04565274342894554 -0.049626078456640244 -0.04792522266507149 0.04617611691355705 0.18175402283668518 -0.09974363446235657 0.03267816826701164 -0.049682553857564926 -0.024109428748488426 0.062031764537096024 0.0358935184776783 -0.14551259577274323 -0.04454124718904495 0.03904999792575836 -0.007656718138605356 0.014936843886971474 -0.13994720578193665 -0.02747068740427494 0.013252364471554756 0.09981545805931091 0.07695604115724564 0.0015646327519789338 -0.06704907864332199 0.03772497922182083 -0.07417525351047516 -0.0219230055809021 0.023416029289364815 -0.012909314595162868 0.029565175995230675 0.08946296572685242 0.051464106887578964 -0.01800904981791973 0.017199093475937843 0.011506742797791958 0.06275655329227448 -0.016790620982646942 -0.006403103470802307 0.022246649488806725 0.004791957791894674 -0.05211540684103966 0.07464049756526947 0.05850216746330261 0.10669041327150859 0.7518377764960755 0.8114432385604547 0.9847383623380753 0.9902717443945984 0.9948101740816778 0.9983321524543026 0.9944626121888327 0.9945529137840504 -1.3941554 -1.700455 -1.7320031 -1.6741059 -1.6307385 -1.8153617 -1.6937692 -1.7747122 -1.8169562 -1.5140438 -1.9194007 -1.652919 -1.6003985 -1.4733531 -1.7517312 -1.588685 -1.685298 -1.6662791
0 400 -0.027334118261933327 0.10325737297534943 0.04654550552368164 -0.08927939087152481 -0.09888099879026413 -0.03898068517446518 -0.14343677461147308 0.08489103615283966 0.011088889092206955 -0.15551093220710754 -0.04616312310099602 -0.045576415956020355 0.11133718490600586 0.14714795351028442 -0.07688666135072708 -0.022739173844456673 -0.15997542440891266 0.028928512707352638 -0.038750357925891876 0.04273669794201851 -0.010762942023575306 0.05895239859819412 0.3182271420955658 0.0553380586206913 -0.04227084666490555 0.022872131317853928 0.029227035120129585 -0.04693565145134926 0.06293563544750214 -0.1165071353316307 0.1183718740940094 -0.12442935258150101 0.27509546279907227 -0.13244284689426422 0.011424442753195763 0.06261137127876282 0.0013467874377965927 -0.01990261673927307 -0.0124947065487504 -0.09638603031635284 -0.06627003103494644 -0.13135835528373718 0.0016921267379075289 0.043402183800935745 -0.029345287010073662 -0.004620311316102743 -0.0644334927201271 -0.2600790560245514 -0.05887901410460472 0.0658005028963089 0.12804396450519562 0.03599424660205841 -0.041399698704481125 0.22861942648887634 -0.05135933682322502 -0.05582933872938156 -0.05391587316989899 0.051948126405477524 0.20447325706481934 -0.11221158504486084 0.03676293417811394 -0.05589287355542183 -0.02712310664355755 0.06978572905063629 0.04038020595908165 -0.16370166838169098 -0.0501088984310627 0.04393124580383301 -0.008613807149231434 0.01680394820868969 -0.15744060277938843 -0.03090452216565609 0.014908908866345882 0.11229238659143448 0.08657554537057877 0.0017602117732167244 -0.07543020695447922 0.04244059696793556 -0.0834471583366394 -0.024663381278514862 0.026343032717704773 -0.014522978104650974 0.03326082229614258 0.10064583271741867 0.057897116988897324 -0.020260179415345192 0.019348978996276855 0.012945085763931274 0.07060112059116364 -0.018889447674155235 -0.0072034914046525955 0.025027478113770485 0.0053909518755972385 -0.058629829436540604 0.0839705541729927 0.06581493467092514 0.8373138835330198 0.9905128085337362 0.9975838133988819 0.999813565111177 0.9998715419659541 0.9997859067879297 0.9998958397211428 0.9997396601946105 0.9994440340797283 -2.0102975 -2.3778274 -2.2666206 -2.2176714 -2.2061615 -2.2977312 -2.2541735 -2.3953156 -2.4023995 -2.269915 -2.7118025 -2.2605271 -2.2585227 -2.0383587 -2.392162 -2.3390002 -2.5164711 -2.4517884
1 400 -0.027334118261933327 0.10325737297534943 0.04654550552368164 -0.08927939087152481 -0.09888099879026413 -0.03898068517446518 -0.14343677461147308 0.08489103615283966 0.011088889092206955 -0.15551093220710754 -0.04616312310099602 -0.045576415956020355 0.11133718490600586 0.14714795351028442 -0.07688666135072708 -0.022739173844456673 -0.15997542440891266 0.028928512707352638 -0.038750357925891876 0.04273669794201851 -0.010762942023575306 0.05895239859819412 0.3182271420955658 0.0553380586206913 -0.04227084666490555 0.022872131317853928 0.029227035120129585 -0.04693565145134926 0.06293563544750214 -0.1165071353316307 0.1183718740940094 -0.12442935258150101 0.27509546279907227 -0.13244284689426422 0.011424442753195763 0.06261137127876282 0.0013467874377965927 -0.01990261673927307 -0.0124947065487504 -0.09638603031635284 -0.06627003103494644 -0.13135835528373718 0.0016921267379075289 0.043402183800935745 -0.029345287010073662 -0.004620311316102743 -0.0644334927201271 -0.2600790560245514 -0.05887901410460472 0.0658005028963089 0.12804396450519562 0.03599424660205841 -0.041399698704481125 0.22861942648887634 -0.05135933682322502 -0.05582933872938156 -0.05391587316989899 0.051948126405477524 0.20447325706481934 -0.11221158504486084 0.03676293417811394 -0.05589287355542183 -0.02712310664355755 0.06978572905063629 0.04038020595908165 -0.16370166838169098 -0.0501088984310627 0.04393124580383301 -0.008613807149231434 0.01680394820868969 -0.15744060277938843 -0.03090452216565609 0.014908908866345882 0.11229238659143448 0.08657554537057877 0.0017602117732167244 -0.07543020695447922 0.04244059696793556 -0.0834471583366394 -0.024663381278514862 0.026343032717704773 -0.014522978104650974 0.03326082229614258 0.10064583271741867 0.057897116988897324 -0.020260179415345192 0.019348978996276855 0.012945085763931274 0.07060112059116364 -0.018889447674155235 -0.0072034914046525955 0.025027478113770485 0.0053909518755972385 -0.058629829436540604 0.0839705541729927 0.06581493467092514 0.3311619348972087 0.891133990252242 0.9650715412554072 0.9980942953514523 0.9988824894381844 0.9987591129286266 0.999413449320726 0.9985540081557821 0.9970999201127212 -1.6757449 -2.0402374 -1.9515288 -1.8502432 -1.8198287 -1.9635547 -1.9778867 -2.0099819 -2.0187104 -1.7382424 -2.177509 -1.8024311 -1.703151 -1.4538572 -1.8120737 -1.8210523 -1.8541908 -1.7991159
2 400 -0.027334118261933327 0.10325737297534943 0.04654550552368164 -0.08927939087152481 -0.09888099879026413 -0.03898068517446518 -0.14343677461147308 0.08489103615283966 0.011088889092206955 -0.15551093220710754 -0.04616312310099602 -0.045576415956020355 0.11133718490600586 0.14714795351028442 -0.07688666135072708 -0.022739173844456673 -0.15997542440891266 0.028928512707352638 -0.038750357925891876 0.04273669794201851 -0.010762942023575306 0.05895239859819412 0.3182271420955658 0.0553380586206913 -0.04227084666490555 0.022872131317853928 0.029227035120129585 -0.04693565145134926 0.06293563544750214 -0.1165071353316307 0.1183718740940094 -0.12442935258150101 0.27509546279907227 -0.13244284689426422 0.011424442753195763 0.06261137127876282 0.0013467874377965927 -0.01990261673927307 -0.0124947065487504 -0.09638603031635284 -0.06627003103494644 -0.13135835528373718 0.0016921267379075289 0.043402183800935745 -0.029345287010073662 -0.004620311316102743 -0.0644334927201271 -0.2600790560245514 -0.05887901410460472 0.0658005028963089 0.12804396450519562 0.03599424660205841 -0.041399698704481125 0.22861942648887634 -0.05135933682322502 -0.05582933872938156 -0.05391587316989899 0.051948126405477524 0.20447325706481934 -0.11221158504486084 0.03676293417811394 -0.05589287355542183 -0.02712310664355755 0.06978572905063629 0.04038020595908165 -0.16370166838169098 -0.0501088984310627 0.04393124580383301 -0.008613807149231434 0.01680394820868969 -0.15744060277938843 -0.03090452216565609 0.014908908866345882 0.11229238659143448 0.08657554537057877 0.0017602117732167244 -0.07543020695447922 0.04244059696793556 -0.0834471583366394 -0.024663381278514862 0.026343032717704773 -0.014522978104650974 0.03326082229614258 0.10064583271741867 0.057897116988897324 -0.020260179415345192 0.019348978996276855 0.012945085763931274 0.07060112059116364 -0.018889447674155235 -0.0072034914046525955 0.025027478113770485 0.0053909518755972385 -0.058629829436540604 0.0839705541729927 0.06581493467092514 0.1506708822717769 0.8563775532535867 0.9092415515383798 0.9946130057234424 0.9964157490295222 0.9974723257295369 0.9992816211514504 0.9975646198654915 0.9973410886138989 -1.6198903 -1.919667 -1.956931 -1.8856661 -1.861688 -1.9747604 -1.8355414 -1.903977 -1.9217372 -1.7559068 -2.1559064 -1.8808992 -1.8148477 -1.6939127 -1.9519432 -1.7486541 -1.8413398 -1.7983482
0 400 -0.03037124313414097 0.11473041772842407 0.051717229187488556 -0.0991993248462677 -0.10986778140068054 -0.04331187531352043 -0.1593741923570633 0.09432337433099747 0.01232098788022995 -0.17278993129730225 -0.051292359828948975 -0.05064046382904053 0.12370798736810684 0.16349773108959198 -0.08542962372303009 -0.025265749543905258 -0.17775048315525055 0.03214279189705849 -0.043055955320596695 0.047485221177339554 -0.011958824470639229 0.06550266593694687 0.35358572006225586 0.061486732214689255 -0.046967606991529465 0.025413479655981064 0.03247448429465294 -0.052150726318359375 0.06992848962545395 -0.12945237755775452 0.13152430951595306 -0.13825483620166779 0.3056616187095642 -0.14715872704982758 0.012693826109170914 0.0695681944489479 0.0014964304864406586 -0.022114019840955734 -0.013883007690310478 -0.10709559172391891 -0.07363337278366089 -0.1459537297487259 0.0018801408587023616 0.04822465032339096 -0.03260587528347969 -0.00513367960229516 -0.0715927705168724 -0.2889767289161682 -0.06542112678289413 0.07311166822910309 0.14227107167243958 0.039993610233068466 -0.045999664813280106 0.2540215849876404 -0.0570659302175045 -0.06203259900212288 -0.059906527400016785 0.05772014334797859 0.22719252109527588 -0.12467954307794571 0.04084770753979683 -0.06210319325327873 -0.03013678640127182 0.07753970474004745 0.0448668971657753 -0.18189074099063873 -0.05567655712366104 0.04881249740719795 -0.009570897556841373 0.018671054393053055 -0.1749339997768402 -0.03433835878968239 0.016565455123782158 0.12476932257413864 0.0961950495839119 0.001955790910869837 -0.08381134271621704 0.04715622216463089 -0.09271906316280365 -0.027403756976127625 0.02927003614604473 -0.016136642545461655 0.03695647045969963 0.11182870715856552 0.06433013081550598 -0.022511310875415802 0.021498866379261017 0.014383428730070591 0.0784456878900528 -0.020988276228308678 -0.008003879338502884 0.027808310464024544 0.005989946890622377 -0.06514425575733185 0.09330061823129654 0.07312770932912827 0.93034389965979 0.9959838231516266 0.9989745507464897 0.9999335308185732 0.9999596215209202 0.9999288409525382 0.9999554431296691 0.9998854462883651 0.9997536499795112 -2.2133756 -2.5758264 -2.4843426 -2.4306593 -2.4040248 -2.4923968 -2.396515 -2.5174217 -2.527356 -2.4936907 -2.9369073 -2.503423 -2.4745994 -2.2097192 -2.5690212 -2.4997299 -2.657149 -2.5963943
1 400 -0.03037124313414097 0.11473041772842407 0.051717229187488556 -0.0991993248462677 -0.10986778140068054 -0.04331187531352043 -0.1593741923570633 0.09432337433099747 0.01232098788022995 -0.17278993129730225 -0.051292359828948975 -0.05064046382904053 0.12370798736810684 0.16349773108959198 -0.08542962372303009 -0.025265749543905258 -0.17775048315525055 0.03214279189705849 -0.043055955320596695 0.047485221177339554 -0.011958824470639229 0.06550266593694687 0.35358572006225586 0.061486732214689255 -0.046967606991529465 0.025413479655981064 0.03247448429465294 -0.052150726318359375 0.06992848962545395 -0.12945237755775452 0.13152430951595306 -0.13825483620166779 0.3056616187095642 -0.14715872704982758 0.012693826109170914 0.0695681944489479 0.0014964304864406586 -0.022114019840955734 -0.013883007690310478 -0.10709559172391891 -0.07363337278366089 -0.1459537297487259 0.0018801408587023616 0.04822465032339096 -0.03260587528347969 -0.00513367960229516 -0.0715927705168724 -0.2889767289161682 -0.06542112678289413 0.07311166822910309 0.14227107167243958 0.039993610233068466 -0.045999664813280106 0.2540215849876404 -0.0570659302175045 -0.06203259900212288 -0.059906527400016785 0.05772014334797859 0.22719252109527588 -0.12467954307794571 0.04084770753979683 -0.06210319325327873 -0.03013678640127182 0.07753970474004745 0.0448668971657753 -0.18189074099063873 -0.05567655712366104 0.04881249740719795 -0.009570897556841373 0.018671054393053055 -0.1749339997768402 -0.03433835878968239 0.016565455123782158 0.12476932257413864 0.0961950495839119 0.001955790910869837 -0.08381134271621704 0.04715622216463089 -0.09271906316280365 -0.027403756976127625 0.02927003614604473 -0.016136642545461655 0.03695647045969963 0.11182870715856552 0.06433013081550598 -0.022511310875415802 0.021498866379261017 0.014383428730070591 0.0784456878900528 -0.020988276228308678 -0.008003879338502884 0.027808310464024544 0.005989946890622377 -0.06514425575733185 0.09330061823129654 0.07312770932912827 0.5600668559726354 0.9509170324908139 0.9853277302435339 0.9992597378637255 0.9995970941955052 0.9995016826569945 0.9997477745473815 0.9993704520281135 0.998743676460327 -1.8848798 -2.2390912 -2.1513677 -2.0492911 -1.9965454 -2.1175334 -2.1203182 -2.1321852 -2.144327 -1.9542267 -2.402739 -2.022575 -1.9171607 -1.6241665 -1.9754128 -1.9827728 -2.0016391 -1.9413314
2 400 -0.03037124313414097 0.11473041772842407 0.051717229187488556 -0.0991993248462677 -0.10986778140068054 -0.04331187531352043 -0.1593741923570633 0.09432337433099747 0.01232098788022995 -0.17278993129730225 -0.051292359828948975 -0.05064046382904053 0.12370798736810684 0.16349773108959198 -0.08542962372303009 -0.025265749543905258 -0.17775048315525055 0.03214279189705849 -0.043055955320596695 0.047485221177339554 -0.011958824470639229 0.06550266593694687 0.35358572006225586 0.061486732214689255 -0.046967606991529465 0.025413479655981064 0.03247448429465294 -0.052150726318359375 0.06992848962545395 -0.12945237755775452 0.13152430951595306 -0.13825483620166779 0.3056616187095642 -0.14715872704982758 0.012693826109170914 0.0695681944489479 0.0014964304864406586 -0.022114019840955734 -0.013883007690310478 -0.10709559172391891 -0.07363337278366089 -0.1459537297487259 0.0018801408587023616 0.04822465032339096 -0.03260587528347969 -0.00513367960229516 -0.0715927705168724 -0.2889767289161682 -0.06542112678289413 0.07311166822910309 0.14227107167243958 0.039993610233068466 -0.045999664813280106 0.2540215849876404 -0.0570659302175045 -0.06203259900212288 -0.059906527400016785 0.05772014334797859 0.22719252109527588 -0.12467954307794571 0.04084770753979683 -0.06210319325327873 -0.03013678640127182 0.07753970474004745 0.0448668971657753 -0.18189074099063873 -0.05567655712366104 0.04881249740719795 -0.009570897556841373 0.018671054393053055 -0.1749339997768402 -0.03433835878968239 0.016565455123782158 0.12476932257413864 0.0961950495839119 0.001955790910869837 -0.08381134271621704 0.04715622216463089 -0.09271906316280365 -0.027403756976127625 0.02927003614604473 -0.016136642545461655 0.03695647045969963 0.11182870715856552 0.06433013081550598 -0.022511310875415802 0.021498866379261017 0.014383428730070591 0.0784456878900528 -0.020988276228308678 -0.008003879338502884 0.027808310464024544 0.005989946890622377 -0.06514425575733185 0.09330061823129654 0.07312770932912827 0.295877617408307 0.9213686547288118 0.9639205996069691 0.9980984392815252 0.9987840099277031 0.9987702954632888 0.9996932049119471 0.9989374634127647 0.9986764040896641 -1.8382525 -2.13997 -2.1702173 -2.0988264 -2.0868628 -2.134906 -1.9785773 -2.0382204 -2.0361598 -1.9852114 -2.3955107 -2.101017 -2.0302727 -1.9115663 -2.1532526 -1.910651 -2.0030208 -1.9357486
-0.2478184 0.61146414 0.388019 -0.30452058 
0.27538073 -0.006860065 0.35885718 0.11735453 
0.34933755 0.16414791 0.09019542 -0.42572516 
-0.8639351 -0.20965526 0.2681284 0.25704762 
-0.44963896 0.74643236 0.21812388 -0.46803927 
-0.020865967 -0.5923494 -0.5298517 0.3150304 
-0.5151857 -0.01690998 -0.3689682 -0.09038338 
0.41224614 -0.25896344 -0.062582314 0.2746758 
-0.043692965 -0.24041337 0.017218607 0.12989162 
-0.24507494 -0.17050534 -0.7666304 -0.28590012 
-0.04400714 0.22381042 -0.19237469 -0.04032412 
-0.18380062 -0.046141896 -0.07271611 -0.13338883 
0.5395915 -0.13332452 0.07773451 0.054512244 
0.25140142 -0.13598137 0.6372354 0.18650784 
-0.009021286 0.2999553 -0.31758243 -0.3961513 
-0.038106736 -0.54804516 -0.2366264 -0.146023 
-0.6605662 0.5304496 0.020137953 -0.61296237 
0.30882385 -0.11116211 -0.13526428 -0.21535012 
0.124872304 -0.5301887 -0.5594727 -0.08801424 
0.37314427 -0.2943821 -0.36624128 0.4089199 
0.22722828 0.15118286 -0.27645448 -0.08984933 
0.26572734 -0.5331507 -0.112682045 0.14629807 
0.915225 -0.86398685 0.9495102 -0.21937853 
0.0027375335 -0.32361728 0.20413694 0.27251944 
0.072093055 -0.3416511 -0.5017885 0.03620596 
0.15223476 -0.32777905 -0.21298113 0.29033467 
-0.37866238 -0.02767043 0.75746685 -0.32545665 
-0.03369625 -0.002672548 -0.21305937 -0.2530569 
-0.14898714 0.1732153 0.6434425 0.11099545 
-0.4702009 0.32009667 -0.05191819 -0.34006274 
0.46056983 0.9234109 0.610364 -0.15216115 
-0.8028253 -0.40754873 -0.09396053 0.19033012 
0.5119385 -0.21848209 1.2981045 -0.12058708 
-0.6489942 0.45545107 -0.016063483 0.008430204 
0.35064018 -0.08221109 -0.32529363 -0.13678041 
0.28695777 -0.62746274 -0.46898642 1.1957341 
0.32356206 -0.27783307 -0.49576515 0.09424798 
0.16639008 0.19299474 -0.325427 0.13627538 
0.24407451 -0.16398527 -0.27095267 -0.5202164 
-0.07711136 0.87555224 -0.26530743 -0.17861754 
-0.028271351 -0.23401172 -0.45932266 -0.14970243 
-0.49101707 0.6679746 0.0035515002 -0.43318677 
-0.42927295 0.31482872 0.8521759 -0.72149646 
0.15616238 0.5963141 0.21636291 0.26934287 
-0.144093 -0.20643781 0.028578777 -0.40059298 
-0.1680271 0.34509704 0.6250836 -1.1185358 
-0.072815716 0.276945 -0.25167754 -0.100790955 
-0.6123146 -0.15641327 -1.220435 0.23362367 
-0.14255564 -0.17966035 -0.028595379 -0.8662018 
-0.05037608 0.5757516 0.90445876 -0.64771533 
0.2592255 0.4235615 0.811529 -0.28719097 
0.37193564 0.17474774 -0.17752407 0.11552164 
-0.23602197 0.19468264 0.13589434 -0.2691355 
0.4341553 0.2790283 0.9264782 0.8044753 
0.023676556 0.05866263 -0.20772386 -0.5323358 
-0.22182405 0.49105752 -0.010206955 0.106898755 
-0.36548823 -0.033563696 0.15112802 -0.32374567 
0.14340284 0.010377185 0.20993997 -0.040388893 
0.7664678 0.7261482 0.8802724 -0.4429172 
-0.9014046 0.66280603 0.47804046 0.06397888 
0.0003334313 0.14609581 0.5156454 -0.6769035 
-0.29154015 0.7124095 0.17792931 -0.010681819 
0.19779347 0.032956854 -0.3870815 -0.10792037 
0.45715904 -0.043275345 0.035863034 -0.34548396 
0.103490755 0.28557026 0.22435194 0.07511296 
-0.5638022 0.27063343 -0.2354951 -0.50737 
-0.12337521 0.3146529 -0.052721977 -0.18091466 
-0.13337642 0.5856025 0.8076075 -0.50211 
0.04801386 0.23914441 -0.035499778 -0.033250645 
0.23102772 0.20364562 -0.12952456 0.100661546 
-0.8765786 0.7578264 0.5305996 -1.1318752 
-0.20642819 0.23468256 0.22633491 -0.3964112 
-0.2009575 -0.21033894 0.094178684 0.60792214 
0.35060886 0.26111048 0.49936026 -0.15685745 
0.41273278 0.15863904 0.25393096 -0.29405734 
-0.035170835 0.38143167 0.31966507 -0.4745227 
-0.48292297 0.2759197 0.13497868 -0.0021478434 
0.030921176 -0.4851585 0.1519322 -0.119533114 
-0.4754121 -0.044692896 -0.04945317 0.064137615 
-0.011083533 0.15150014 -0.15643111 0.13340773 
-0.04162935 -0.023007251 0.39376056 -0.52567434 
0.036169738 -0.31293413 -0.15829971 -0.26814142 
0.31446534 -0.045518156 -0.16103908 0.007706639 
0.5639901 -0.36246747 -0.13227606 0.16627249 
0.32851774 -0.20793054 -0.15615748 0.33682227 
0.09812799 -0.032750268 -0.2043415 -0.21628551 
0.0074382336 -0.2814928 -0.12556128 0.53616226 
0.08834967 -0.06318324 0.027248077 -0.19772725 
0.37676904 0.048379548 0.048288364 0.03393048 
-0.21900257 -0.08484542 0.21595077 -0.3549626 
0.10508377 -0.39479417 -0.14287274 -0.49850163 
0.1511522 0.33526927 0.11930641 -0.07204814 
-0.265618 0.45806184 0.7113377 -0.67984545 
-0.6735522 0.3269784 0.65958613 -0.51395965 
0.1336075 -0.015203992 0.52929157 -0.32484618 
0.12525904 -0.11179961 0.3015585 -0.06901193 
