NR_0029 NR_0031 NR_0028 NR_0024 NYU-65 NR_0027 UCLA049 PL015 NR_0021 KS091 KS096 KS094 NR_0020 NR_0019 SWC_066 UCLA044 KS086 UCLA035 UCLA033 UCLA037 UCLA034 PL017 NYU-45 NYU-48 NYU-47 NYU-46 ibl_witten_29 ZFM-02372 NYU-39 KS051 ZFM-02370 NYU-40 ZFM-01937 ZFM-01935 NYU-37 ibl_witten_26 ZFM-01936 ibl_witten_27 SWC_058 KS044 ibl_witten_25 KS043 KS046 ZFM-01576 SWC_061 SWC_060 KS042 SWC_053 ZFM-01577 ZFM-01592 SWC_052 NYU-30 DY_018 SWC_054 DY_020 SWC_043 CSH_ZAD_029 DY_016 CSH_ZAD_026 ibl_witten_20 ibl_witten_18 NYU-21 CSH_ZAD_019 CSH_ZAD_025 SWC_038 ibl_witten_17 ZM_3003 ibl_witten_19 DY_014 SWC_042 CSHL058 CSH_ZAD_022 CSH_ZAD_011 CSHL060 DY_013 DY_009 CSHL059 DY_008 CSHL045 NYU-11 CSHL052 DY_011 CSHL053 ZM_2241 DY_010 ZM_2240 NYU-12 CSHL047 CSHL049 ZM_1898 KS023 KS016 KS014 ZM_1897 ibl_witten_13 
0 2.400271 1.1318558 0.80968755 3.290498 1.3591869 0.44861063
1 2.2955432 1.0960599 0.8232446 2.1952705 1.0241365 0.8311014
2 2.221917 1.0558231 0.82681143 2.1322968 0.9886245 0.8338976
3 2.1741097 1.0315728 0.82843405 2.0735295 0.9655987 0.8323863
4 2.154682 1.0170444 0.82887983 2.118837 1.00896 0.8343628
5 2.1473725 1.0150083 0.8303051 2.2014878 1.0700407 0.8373885
6 2.132613 1.0071232 0.8299868 2.1807818 1.051415 0.8403569
7 2.119236 1.0003803 0.83055043 2.1451848 1.0268629 0.83872116
8 2.1114721 0.99730635 0.83019465 2.1372828 1.0203931 0.83866125
9 2.101486 0.9896437 0.83025944 2.136233 1.0180827 0.83959
10 2.0992072 0.98758173 0.83041894 2.173976 1.044127 0.8400515
11 2.0962853 0.9856632 0.8330318 2.219151 1.0764573 0.839893
12 2.089501 0.98117435 0.8331127 2.1734886 1.0367426 0.8383838
13 2.080194 0.97470564 0.83349925 2.1608756 1.0221251 0.837696
14 2.0683858 0.96750677 0.83251363 2.1464777 1.0097626 0.83804065
15 2.0628629 0.9651142 0.83285016 2.2468722 1.0529151 0.8348441
16 2.071908 0.96993035 0.8321856 2.3261323 1.0797688 0.8310967
17 2.071199 0.9707958 0.83258957 2.4811933 1.1645111 0.8315497
18 2.0629508 0.9625765 0.8332354 2.1534786 0.9869011 0.8189853
19 2.0425606 0.9490085 0.8336403 2.090667 0.95926744 0.82909566
20 2.0301075 0.94109386 0.83346826 2.0627522 0.959884 0.8321805
21 2.0191927 0.9333389 0.8332305 2.0188506 0.94552267 0.8371959
22 2.019231 0.93396276 0.8339031 1.9965502 0.935236 0.8370358
23 2.0460227 0.95054054 0.83339816 2.065716 0.9862019 0.83866787
24 2.056421 0.95886874 0.8325117 2.08882 0.9899393 0.8415583
25 2.0463202 0.955899 0.8339375 2.0652664 0.9430674 0.84358317
26 2.0299811 0.9436679 0.8339854 2.018007 0.91733557 0.8426329
27 2.0164618 0.9347492 0.8344227 2.0177155 0.91847247 0.8416189
28 2.0015416 0.9245667 0.8348318 2.00616 0.90910965 0.8400087
29 1.9869304 0.9141723 0.8348596 2.0081038 0.9089523 0.8382937
30 1.9850545 0.91243535 0.835126 2.0082505 0.9135678 0.83413416
31 1.9872926 0.9131334 0.8348303 2.039454 0.9383765 0.8344286
32 1.9915514 0.91692543 0.83496034 2.1095138 0.9752502 0.83458984
33 1.9962267 0.92196465 0.83544195 2.0791988 0.9635239 0.8332051
34 1.9932115 0.9205543 0.8357212 2.026526 0.9434836 0.8367935
35 2.0007877 0.9249936 0.836179 1.9865048 0.93100065 0.841523
36 2.0076358 0.9303528 0.8362174 1.9761314 0.9296792 0.84203815
37 2.0058656 0.928843 0.8360444 1.9682804 0.92271525 0.8439616
38 1.9901038 0.91715395 0.8355971 1.9707026 0.92177725 0.84519064
39 1.9837563 0.913887 0.8353352 1.9543537 0.9091888 0.84800035
40 1.9848356 0.91599554 0.8358236 1.9721415 0.91443145 0.8462501
41 1.995093 0.92236644 0.8366107 2.0002165 0.93135357 0.8481092
42 1.9960198 0.9236962 0.8360141 1.9649724 0.91443485 0.8477048
43 1.9818081 0.91294026 0.8366206 1.9335535 0.88868 0.8480531
44 1.9723274 0.90807545 0.8369673 1.9445466 0.9006348 0.8448669
45 1.9725207 0.9069227 0.83656305 1.9546679 0.91210055 0.84812766
46 1.979995 0.90954494 0.8360617 1.9503316 0.90437645 0.84524375
47 1.9847504 0.91335964 0.8364931 1.9584335 0.89761484 0.8470478
48 1.993373 0.9198594 0.8360832 2.042857 0.93213505 0.8480281
49 1.981746 0.91403484 0.83682984 1.9619921 0.8945799 0.84705585
50 1.9763213 0.9080539 0.83673674 2.0504396 0.93829745 0.8455403
51 1.9671054 0.9031231 0.83675593 2.001326 0.93169874 0.846163
52 1.9659519 0.9024205 0.8375446 2.0149279 0.96673536 0.8468371
53 1.9713572 0.9065015 0.8378623 2.0942123 1.0315567 0.84532213
54 1.9890331 0.916935 0.83743525 2.1858633 1.0917199 0.8460911
55 2.011683 0.9336159 0.836981 2.246898 1.1204777 0.846668
56 1.9999622 0.92535615 0.8376416 2.1638887 1.0604073 0.8454339
57 1.980112 0.9127785 0.83707124 2.0776408 1.0012852 0.84631795
58 1.9731616 0.9082547 0.83719856 1.9813776 0.9312716 0.8465054
59 1.9627824 0.9008157 0.83706707 1.9496235 0.90424186 0.84692323
60 1.9592648 0.8984285 0.8367361 1.9463689 0.9030881 0.84705675
61 1.9526039 0.8943024 0.83602405 1.9492313 0.9013624 0.84449136
62 1.9493225 0.8919943 0.8361809 1.9497586 0.89603925 0.8444051
63 1.9460428 0.8899078 0.8370392 1.9487851 0.8963205 0.84678966
64 1.9472662 0.89098495 0.8380512 1.9601018 0.8985017 0.8474868
65 1.9461219 0.8898538 0.8375915 1.9869254 0.9161139 0.84692395
66 1.9515876 0.89341193 0.83762914 2.070117 0.95819575 0.8449145
67 1.953477 0.89677685 0.83721143 2.0640574 0.9659293 0.84554404
68 1.9567327 0.8999392 0.8373661 2.0269089 0.9600434 0.8468627
69 1.9473183 0.8916636 0.8380603 2.0535455 0.983778 0.8441191
70 1.9474651 0.89087284 0.8373354 2.0424738 0.97075886 0.8446181
71 1.9436476 0.8901491 0.83792365 1.9893252 0.94487685 0.8461013
72 1.9477282 0.8927456 0.83816093 2.0002441 0.9549393 0.8467793
73 1.9477028 0.8923149 0.8382626 2.0079298 0.9575036 0.84528625
74 1.9478953 0.8916944 0.8382065 1.9590849 0.9112056 0.8445146
75 1.9489628 0.8924385 0.8374527 1.9513303 0.9034675 0.8452456
76 1.9491364 0.89276683 0.83763033 1.9611303 0.8996428 0.8462823
77 1.948364 0.8922321 0.83755434 1.9657453 0.89656824 0.84640074
78 1.9450635 0.8898625 0.83697456 2.0099595 0.91426307 0.84578896
79 1.9388148 0.8869126 0.8372125 2.0958312 0.9530595 0.8444952
80 1.946541 0.8928087 0.8369896 2.1742926 0.9851852 0.84683007
81 1.9404219 0.88736176 0.83722043 2.1314867 0.98065627 0.8465131
82 1.9395945 0.88599324 0.83735293 2.1088996 0.97115177 0.8468184
83 1.9415087 0.88640904 0.8371033 2.0910738 0.97419494 0.8460565
84 1.9390603 0.88496226 0.83736044 2.0302346 0.9465167 0.84557146
85 1.9453648 0.88850117 0.8376066 2.0027008 0.93094075 0.8482432
86 1.9406381 0.8874472 0.83715624 1.9777638 0.91395533 0.8444734
87 1.9379579 0.8854797 0.83768564 1.9621428 0.90507764 0.84534514
88 1.9351683 0.8831526 0.83795863 1.944733 0.9000109 0.84579086
89 1.9339992 0.8824785 0.83798283 1.9385976 0.90013677 0.845992
90 1.9332479 0.88227856 0.83762586 1.9248475 0.89266807 0.8482681
91 1.9317381 0.8818823 0.83801585 1.9229183 0.89029574 0.8480036
92 1.9325639 0.8816513 0.8375317 1.9335642 0.89344287 0.8469172
93 1.9334464 0.8832129 0.8380029 1.9534193 0.9037257 0.8468022
94 1.9334068 0.8831591 0.837292 1.9379045 0.8852081 0.8435374
95 1.9295567 0.88144237 0.837811 1.9406697 0.88165826 0.8443006
96 1.9353461 0.88525695 0.8376471 1.9623204 0.8953167 0.84495467
97 1.9269655 0.87970406 0.8379456 2.0014315 0.9049281 0.8394893
98 1.9305316 0.8810851 0.8374522 2.059194 0.93458927 0.8396456
99 1.9355574 0.88602483 0.8376473 2.0206876 0.9176827 0.84237665
0 0 0.0 0.0 0.0 0.0 0.0 0.0 0.0 0.0 0.0 0.0 0.0 0.0 0.0 0.0 0.0 0.0 0.0 0.0 0.0 0.0 0.0 0.0 0.0 0.0 0.0 0.0 0.0 0.0 0.0 0.0 0.0 0.0 0.0 0.0 0.0 0.0 0.0 0.0 0.0 0.0 0.0 0.0 0.0 0.0 0.0 0.0 0.0 0.0 0.0 0.0 0.0 0.0 0.0 0.0 0.0 0.0 0.0 0.0 0.0 0.0 0.0 0.0 0.0 0.0 0.0 0.0 0.0 0.0 0.0 0.0 0.0 0.0 0.0 0.0 0.0 0.0 0.0 0.0 0.0 0.0 0.0 0.0 0.0 0.0 0.0 0.0 0.0 0.0 0.0 0.0 0.0 0.0 0.0 0.0 0.0 0.031168126434083194 0.08500421869234157 0.23771937431173212 0.5016261603599582 0.6371041295831167 0.7187845983199584 0.8519843948754893 0.9398953038906904 0.9838900452081378 -0.9930558 -0.9740367 -0.8809167 -0.7628899 -0.66396344 -0.70094514 -0.8041961 -0.9431844 -1.0543697 -1.0637997 -0.93696797 -0.71068275 -0.50464904 -0.37388355 -0.47565305 -0.6621314 -0.90013754 -1.116596
1 0 0.0 0.0 0.0 0.0 0.0 0.0 0.0 0.0 0.0 0.0 0.0 0.0 0.0 0.0 0.0 0.0 0.0 0.0 0.0 0.0 0.0 0.0 0.0 0.0 0.0 0.0 0.0 0.0 0.0 0.0 0.0 0.0 0.0 0.0 0.0 0.0 0.0 0.0 0.0 0.0 0.0 0.0 0.0 0.0 0.0 0.0 0.0 0.0 0.0 0.0 0.0 0.0 0.0 0.0 0.0 0.0 0.0 0.0 0.0 0.0 0.0 0.0 0.0 0.0 0.0 0.0 0.0 0.0 0.0 0.0 0.0 0.0 0.0 0.0 0.0 0.0 0.0 0.0 0.0 0.0 0.0 0.0 0.0 0.0 0.0 0.0 0.0 0.0 0.0 0.0 0.0 0.0 0.0 0.0 0.0 0.03219489465586904 0.05870177761963378 0.11063586798599917 0.30301561768298135 0.41161195440957643 0.51638557405273 0.8128926693270708 0.9281137137919921 0.9720197263524788 -1.0367131 -0.96606535 -0.88098305 -0.7578 -0.6329549 -0.7657881 -0.8746058 -0.9905236 -1.0257229 -1.100283 -0.95168126 -0.8000258 -0.5308329 -0.26711234 -0.47030914 -0.699768 -0.9385778 -1.0403188
2 0 0.0 0.0 0.0 0.0 0.0 0.0 0.0 0.0 0.0 0.0 0.0 0.0 0.0 0.0 0.0 0.0 0.0 0.0 0.0 0.0 0.0 0.0 0.0 0.0 0.0 0.0 0.0 0.0 0.0 0.0 0.0 0.0 0.0 0.0 0.0 0.0 0.0 0.0 0.0 0.0 0.0 0.0 0.0 0.0 0.0 0.0 0.0 0.0 0.0 0.0 0.0 0.0 0.0 0.0 0.0 0.0 0.0 0.0 0.0 0.0 0.0 0.0 0.0 0.0 0.0 0.0 0.0 0.0 0.0 0.0 0.0 0.0 0.0 0.0 0.0 0.0 0.0 0.0 0.0 0.0 0.0 0.0 0.0 0.0 0.0 0.0 0.0 0.0 0.0 0.0 0.0 0.0 0.0 0.0 0.0 0.012307178044787604 0.03182694294032442 0.053463729489975145 0.12557670078528552 0.22237398355707585 0.3286193378385027 0.6328388475140923 0.7956482862517592 0.9352217728331133 -1.0746636 -1.0207214 -0.92772377 -0.8185706 -0.8225734 -0.87115353 -0.80629313 -0.9999646 -1.0582097 -1.2259381 -1.0831002 -0.9196546 -0.70223504 -0.59823227 -0.5996101 -0.6566448 -0.9028454 -1.0743579
0 400 0.0 0.0 0.0 0.0 0.0 0.0 0.0 0.0 0.0 0.0 0.0 0.0 0.0 0.0 0.0 0.0 0.0 0.0 0.0 0.0 0.0 0.0 0.0 0.0 0.0 0.0 0.0 0.0 0.0 0.0 0.0 0.0 0.0 0.0 0.0 0.0 0.0 0.0 0.0 0.0 0.0 0.0 0.0 0.0 0.0 0.0 0.0 0.0 0.0 0.0 0.0 0.0 0.0 0.0 0.0 0.0 0.0 0.0 0.0 0.0 0.0 0.0 0.0 0.0 0.0 0.0 0.0 0.0 0.0 0.0 0.0 0.0 0.0 0.0 0.0 0.0 0.0 0.0 0.0 0.0 0.0 0.0 0.0 0.0 0.0 0.0 0.0 0.0 0.0 0.0 0.0 0.0 0.0 0.0 0.0 0.03272399032351366 0.08999063427169984 0.2460101327244017 0.5148922304876786 0.645652662658543 0.7267468057469827 0.8499429834511869 0.940383662149841 0.9820997815231858 -0.98254716 -0.9504616 -0.84934694 -0.73617136 -0.59570074 -0.63749874 -0.77956784 -0.91173476 -1.0445594 -1.0420142 -0.89822996 -0.6624448 -0.47087592 -0.29914707 -0.4073584 -0.62964046 -0.8593396 -1.1056614
1 400 0.0 0.0 0.0 0.0 0.0 0.0 0.0 0.0 0.0 0.0 0.0 0.0 0.0 0.0 0.0 0.0 0.0 0.0 0.0 0.0 0.0 0.0 0.0 0.0 0.0 0.0 0.0 0.0 0.0 0.0 0.0 0.0 0.0 0.0 0.0 0.0 0.0 0.0 0.0 0.0 0.0 0.0 0.0 0.0 0.0 0.0 0.0 0.0 0.0 0.0 0.0 0.0 0.0 0.0 0.0 0.0 0.0 0.0 0.0 0.0 0.0 0.0 0.0 0.0 0.0 0.0 0.0 0.0 0.0 0.0 0.0 0.0 0.0 0.0 0.0 0.0 0.0 0.0 0.0 0.0 0.0 0.0 0.0 0.0 0.0 0.0 0.0 0.0 0.0 0.0 0.0 0.0 0.0 0.0 0.0 0.03434466707084642 0.06303736435023799 0.11796517675128325 0.3254139999497251 0.42074569311123505 0.5216804130603437 0.8168180063378165 0.9295489620085966 0.9717730360169876 -1.0235242 -0.95888907 -0.86863923 -0.7481065 -0.6033485 -0.7562104 -0.86403704 -0.9784095 -1.0201209 -1.0798154 -0.93596065 -0.7800721 -0.5132432 -0.22401172 -0.45518583 -0.6846163 -0.9217398 -1.0362495
2 400 0.0 0.0 0.0 0.0 0.0 0.0 0.0 0.0 0.0 0.0 0.0 0.0 0.0 0.0 0.0 0.0 0.0 0.0 0.0 0.0 0.0 0.0 0.0 0.0 0.0 0.0 0.0 0.0 0.0 0.0 0.0 0.0 0.0 0.0 0.0 0.0 0.0 0.0 0.0 0.0 0.0 0.0 0.0 0.0 0.0 0.0 0.0 0.0 0.0 0.0 0.0 0.0 0.0 0.0 0.0 0.0 0.0 0.0 0.0 0.0 0.0 0.0 0.0 0.0 0.0 0.0 0.0 0.0 0.0 0.0 0.0 0.0 0.0 0.0 0.0 0.0 0.0 0.0 0.0 0.0 0.0 0.0 0.0 0.0 0.0 0.0 0.0 0.0 0.0 0.0 0.0 0.0 0.0 0.0 0.0 0.012819187469369437 0.032782979772819944 0.05434948357479134 0.128857930818199 0.2097466619992999 0.33998438000916775 0.6201838732606972 0.8047702300727255 0.9344811386319761 -1.0640968 -1.0072343 -0.9183732 -0.80275846 -0.7627598 -0.8048001 -0.79080564 -0.9555039 -1.029602 -1.2149726 -1.0695097 -0.91223156 -0.68090296 -0.5380759 -0.5078344 -0.6373768 -0.86387384 -1.0397543
0 800 0.0 0.0 0.0 0.0 0.0 0.0 0.0 0.0 0.0 0.0 0.0 0.0 0.0 0.0 0.0 0.0 0.0 0.0 0.0 0.0 0.0 0.0 0.0 0.0 0.0 0.0 0.0 0.0 0.0 0.0 0.0 0.0 0.0 0.0 0.0 0.0 0.0 0.0 0.0 0.0 0.0 0.0 0.0 0.0 0.0 0.0 0.0 0.0 0.0 0.0 0.0 0.0 0.0 0.0 0.0 0.0 0.0 0.0 0.0 0.0 0.0 0.0 0.0 0.0 0.0 0.0 0.0 0.0 0.0 0.0 0.0 0.0 0.0 0.0 0.0 0.0 0.0 0.0 0.0 0.0 0.0 0.0 0.0 0.0 0.0 0.0 0.0 0.0 0.0 0.0 0.0 0.0 0.0 0.0 0.0 0.0571416489214335 0.15374341753517093 0.34260831415150367 0.614343027783422 0.6763500618199056 0.705399512104602 0.779318870512683 0.896702044149821 0.9668211538128174 -0.7487534 -0.39566723 -0.19620356 -0.065196395 0.24273527 0.26671022 -0.1555956 -0.3783513 -0.82748747 -0.7153698 -0.16081886 0.17017731 0.29460582 0.6625762 0.6407095 0.15198907 -0.22621465 -0.82958734
1 800 0.0 0.0 0.0 0.0 0.0 0.0 0.0 0.0 0.0 0.0 0.0 0.0 0.0 0.0 0.0 0.0 0.0 0.0 0.0 0.0 0.0 0.0 0.0 0.0 0.0 0.0 0.0 0.0 0.0 0.0 0.0 0.0 0.0 0.0 0.0 0.0 0.0 0.0 0.0 0.0 0.0 0.0 0.0 0.0 0.0 0.0 0.0 0.0 0.0 0.0 0.0 0.0 0.0 0.0 0.0 0.0 0.0 0.0 0.0 0.0 0.0 0.0 0.0 0.0 0.0 0.0 0.0 0.0 0.0 0.0 0.0 0.0 0.0 0.0 0.0 0.0 0.0 0.0 0.0 0.0 0.0 0.0 0.0 0.0 0.0 0.0 0.0 0.0 0.0 0.0 0.0 0.0 0.0 0.0 0.0 0.051581816260637084 0.09684570941336719 0.1738408898350571 0.3833376639246088 0.4348627663665391 0.4727148937282865 0.7479256942246565 0.8776009011286928 0.9532509835636421 -0.90773046 -0.8985971 -0.8119105 -0.7082979 -0.36274403 -0.6160792 -0.78641164 -0.9132627 -0.97947 -0.9415927 -0.81707954 -0.6668788 -0.4395442 0.04231167 -0.3145774 -0.5619209 -0.8130622 -0.9813776
2 800 0.0 0.0 0.0 0.0 0.0 0.0 0.0 0.0 0.0 0.0 0.0 0.0 0.0 0.0 0.0 0.0 0.0 0.0 0.0 0.0 0.0 0.0 0.0 0.0 0.0 0.0 0.0 0.0 0.0 0.0 0.0 0.0 0.0 0.0 0.0 0.0 0.0 0.0 0.0 0.0 0.0 0.0 0.0 0.0 0.0 0.0 0.0 0.0 0.0 0.0 0.0 0.0 0.0 0.0 0.0 0.0 0.0 0.0 0.0 0.0 0.0 0.0 0.0 0.0 0.0 0.0 0.0 0.0 0.0 0.0 0.0 0.0 0.0 0.0 0.0 0.0 0.0 0.0 0.0 0.0 0.0 0.0 0.0 0.0 0.0 0.0 0.0 0.0 0.0 0.0 0.0 0.0 0.0 0.0 0.0 0.024377299866993513 0.06419100585433414 0.11269175622020662 0.2279542528865319 0.27876462652202 0.4003045682759958 0.569848723194579 0.7600278085869896 0.8958760482776564 -0.86123335 -0.69633305 -0.5207196 -0.36357766 -0.0457882 -0.06571755 -0.44143683 -0.49244523 -0.92060614 -0.9397527 -0.6569582 -0.3930958 -0.13721225 0.27871332 0.39210644 -0.17968354 -0.29679304 -0.8750969
0 400 -0.19850744307041168 -0.0016864776844158769 -0.022073974832892418 -0.13740676641464233 -0.3488733470439911 0.05465846136212349 -0.10820726305246353 0.008491330780088902 -0.023690100759267807 0.07576499134302139 -0.0639134868979454 0.01879723183810711 0.060640498995780945 0.00425743730738759 -0.034004393965005875 0.0812537670135498 -0.15322048962116241 0.03410712257027626 0.048886269330978394 0.04295024648308754 -0.028133921325206757 0.1252727210521698 0.3393007218837738 -0.042421963065862656 0.056665048003196716 0.0475049689412117 -0.11610081046819687 -0.0015501197194680572 -0.0719274953007698 -0.11147458106279373 -0.09762325137853622 0.22857312858104706 -0.09776094555854797 -0.06253589689731598 0.07173410058021545 0.05436303839087486 -0.07834263890981674 -0.06737693399190903 -0.14518903195858002 0.04953210800886154 -0.19819097220897675 -0.16919824481010437 -0.03550199791789055 -0.028586676344275475 -0.12536278367042542 -0.029174411669373512 -0.06353118270635605 -0.06302741169929504 -0.09479647129774094 0.05654175952076912 0.06615869700908661 -0.04465965926647186 0.2127133160829544 0.027085617184638977 -0.027792060747742653 -0.07256421446800232 -0.027469243854284286 -0.012988188304007053 -0.1365572065114975 -0.040553636848926544 -0.12894389033317566 0.012842321768403053 -0.012382177636027336 -0.0723259449005127 -0.014832427725195885 -0.12391860038042068 -0.16724827885627747 -0.0994059294462204 -0.059368692338466644 -0.24226361513137817 -0.10181257873773575 0.020966671407222748 0.026827853173017502 -6.771049811504781e-05 -0.1388399451971054 -0.06553472578525543 0.017817866057157516 -0.03274433687329292 -0.013601095415651798 -0.11428084224462509 -0.0023153945803642273 0.02307918854057789 0.12183932214975357 0.05963959917426109 0.015750667080283165 0.026013342663645744 -0.03200121223926544 0.03232625126838684 -0.09022634476423264 0.050250403583049774 0.01206646952778101 -0.17471185326576233 -0.1701866090297699 -0.004593789577484131 -0.0019412178080528975 0.4207637160634619 0.16855520003729324 0.46988935042281654 0.6796692467460094 0.97578290232457 0.999452904389671 0.9999212560307411 0.9996113986043814 0.999772107967064 -2.4933171 -2.2509804 -2.2762465 -2.2233965 -2.3973145 -2.908021 -3.1446366 -2.778585 -2.7630138 -2.6341562 -2.3153946 -2.261199 -2.140881 -2.2763124 -3.1003697 -3.4756854 -2.9328573 -2.8534632
1 400 -0.19850744307041168 -0.0016864776844158769 -0.022073974832892418 -0.13740676641464233 -0.3488733470439911 0.05465846136212349 -0.10820726305246353 0.008491330780088902 -0.023690100759267807 0.07576499134302139 -0.0639134868979454 0.01879723183810711 0.060640498995780945 0.00425743730738759 -0.034004393965005875 0.0812537670135498 -0.15322048962116241 0.03410712257027626 0.048886269330978394 0.04295024648308754 -0.028133921325206757 0.1252727210521698 0.3393007218837738 -0.042421963065862656 0.056665048003196716 0.0475049689412117 -0.11610081046819687 -0.0015501197194680572 -0.0719274953007698 -0.11147458106279373 -0.09762325137853622 0.22857312858104706 -0.09776094555854797 -0.06253589689731598 0.07173410058021545 0.05436303839087486 -0.07834263890981674 -0.06737693399190903 -0.14518903195858002 0.04953210800886154 -0.19819097220897675 -0.16919824481010437 -0.03550199791789055 -0.028586676344275475 -0.12536278367042542 -0.029174411669373512 -0.06353118270635605 -0.06302741169929504 -0.09479647129774094 0.05654175952076912 0.06615869700908661 -0.04465965926647186 0.2127133160829544 0.027085617184638977 -0.027792060747742653 -0.07256421446800232 -0.027469243854284286 -0.012988188304007053 -0.1365572065114975 -0.040553636848926544 -0.12894389033317566 0.012842321768403053 -0.012382177636027336 -0.0723259449005127 -0.014832427725195885 -0.12391860038042068 -0.16724827885627747 -0.0994059294462204 -0.059368692338466644 -0.24226361513137817 -0.10181257873773575 0.020966671407222748 0.026827853173017502 -6.771049811504781e-05 -0.1388399451971054 -0.06553472578525543 0.017817866057157516 -0.03274433687329292 -0.013601095415651798 -0.11428084224462509 -0.0023153945803642273 0.02307918854057789 0.12183932214975357 0.05963959917426109 0.015750667080283165 0.026013342663645744 -0.03200121223926544 0.03232625126838684 -0.09022634476423264 0.050250403583049774 0.01206646952778101 -0.17471185326576233 -0.1701866090297699 -0.004593789577484131 -0.0019412178080528975 0.17635235084527368 0.06150563925066984 0.2734454847962878 0.4267643886961828 0.9253921556980801 0.9993134109089904 0.9997545317700831 0.999512920263979 0.9995305035370736 -2.424528 -2.1710992 -2.2306266 -2.1381888 -2.3224611 -2.8404403 -2.9974804 -2.67381 -2.5960855 -2.5328376 -2.220808 -2.2388935 -2.0589747 -2.1874309 -3.056363 -3.2917368 -2.8128798 -2.6536841
2 400 -0.19850744307041168 -0.0016864776844158769 -0.022073974832892418 -0.13740676641464233 -0.3488733470439911 0.05465846136212349 -0.10820726305246353 0.008491330780088902 -0.023690100759267807 0.07576499134302139 -0.0639134868979454 0.01879723183810711 0.060640498995780945 0.00425743730738759 -0.034004393965005875 0.0812537670135498 -0.15322048962116241 0.03410712257027626 0.048886269330978394 0.04295024648308754 -0.028133921325206757 0.1252727210521698 0.3393007218837738 -0.042421963065862656 0.056665048003196716 0.0475049689412117 -0.11610081046819687 -0.0015501197194680572 -0.0719274953007698 -0.11147458106279373 -0.09762325137853622 0.22857312858104706 -0.09776094555854797 -0.06253589689731598 0.07173410058021545 0.05436303839087486 -0.07834263890981674 -0.06737693399190903 -0.14518903195858002 0.04953210800886154 -0.19819097220897675 -0.16919824481010437 -0.03550199791789055 -0.028586676344275475 -0.12536278367042542 -0.029174411669373512 -0.06353118270635605 -0.06302741169929504 -0.09479647129774094 0.05654175952076912 0.06615869700908661 -0.04465965926647186 0.2127133160829544 0.027085617184638977 -0.027792060747742653 -0.07256421446800232 -0.027469243854284286 -0.012988188304007053 -0.1365572065114975 -0.040553636848926544 -0.12894389033317566 0.012842321768403053 -0.012382177636027336 -0.0723259449005127 -0.014832427725195885 -0.12391860038042068 -0.16724827885627747 -0.0994059294462204 -0.059368692338466644 -0.24226361513137817 -0.10181257873773575 0.020966671407222748 0.026827853173017502 -6.771049811504781e-05 -0.1388399451971054 -0.06553472578525543 0.017817866057157516 -0.03274433687329292 -0.013601095415651798 -0.11428084224462509 -0.0023153945803642273 0.02307918854057789 0.12183932214975357 0.05963959917426109 0.015750667080283165 0.026013342663645744 -0.03200121223926544 0.03232625126838684 -0.09022634476423264 0.050250403583049774 0.01206646952778101 -0.17471185326576233 -0.1701866090297699 -0.004593789577484131 -0.0019412178080528975 0.3474443156050171 0.1722815680216009 0.34972345166870367 0.7081469918132559 0.9823673511776421 0.9997011282852968 0.999919260655698 0.999781432889806 0.9997227256054405 -2.480692 -2.1355195 -2.3123503 -2.1815457 -2.3426852 -2.9288983 -3.2422671 -2.8888574 -2.8506956 -2.6945271 -2.2061076 -2.4409432 -2.1821733 -2.1907036 -3.2488623 -3.759668 -3.2589054 -3.1305547
0 400 -0.1786566972732544 -0.001517829834483564 -0.0198665764182806 -0.12366608530282974 -0.31398600339889526 0.04919261485338211 -0.09738653153181076 0.007642197422683239 -0.021321089938282967 0.06818848848342896 -0.057522136718034744 0.016917508095502853 0.05457644909620285 0.003831693436950445 -0.030603954568505287 0.07312838733196259 -0.13789843022823334 0.030696408823132515 0.043997641652822495 0.038655221462249756 -0.02532052807509899 0.11274544894695282 0.30537062883377075 -0.03817976638674736 0.050998542457818985 0.04275447130203247 -0.104490727186203 -0.001395107712596655 -0.06473474204540253 -0.10032711923122406 -0.08786092698574066 0.20571580529212952 -0.0879848450422287 -0.05628230422735214 0.06456068903207779 0.04892673343420029 -0.07050837576389313 -0.060639239847660065 -0.13067013025283813 0.04457889497280121 -0.1783718764781952 -0.15227842330932617 -0.031951796263456345 -0.025728007778525352 -0.11282650381326675 -0.026256969198584557 -0.057178061455488205 -0.0567246675491333 -0.08531682193279266 0.050887580960989 0.05954282730817795 -0.04019369184970856 0.19144198298454285 0.02437705546617508 -0.025012854486703873 -0.06530778855085373 -0.024722319096326828 -0.011689369566738605 -0.12290148437023163 -0.03649827092885971 -0.11604949831962585 0.011558089405298233 -0.011143959127366543 -0.06509334594011307 -0.013349184766411781 -0.1115267351269722 -0.15052345395088196 -0.08946533501148224 -0.05343182012438774 -0.21803724765777588 -0.09163131564855576 0.018870003521442413 0.024145066738128662 -6.093944830354303e-05 -0.12495594471693039 -0.05898125097155571 0.016036078333854675 -0.02946990169584751 -0.012240985408425331 -0.10285275429487228 -0.0020838549826294184 0.020771268755197525 0.10965538769960403 0.053675636649131775 0.014175600372254848 0.023412007838487625 -0.028801091015338898 0.029093625023961067 -0.08120370656251907 0.0452253632247448 0.010859821923077106 -0.15724065899848938 -0.1531679481267929 -0.00413441052660346 -0.0017470959573984146 0.3614397893701575 0.12599751315638325 0.38791067898778003 0.6377899579463968 0.9699952611113516 0.9986748943480472 0.9998114786543182 0.9990782532710574 0.9995155775378225 -2.2827592 -2.0462575 -2.0750613 -2.0388422 -2.2032268 -2.6380243 -2.8785467 -2.519914 -2.5318494 -2.3988636 -2.085546 -2.03475 -1.9415885 -2.0668986 -2.7696579 -3.1534886 -2.6190233 -2.5846376
1 400 -0.1786566972732544 -0.001517829834483564 -0.0198665764182806 -0.12366608530282974 -0.31398600339889526 0.04919261485338211 -0.09738653153181076 0.007642197422683239 -0.021321089938282967 0.06818848848342896 -0.057522136718034744 0.016917508095502853 0.05457644909620285 0.003831693436950445 -0.030603954568505287 0.07312838733196259 -0.13789843022823334 0.030696408823132515 0.043997641652822495 0.038655221462249756 -0.02532052807509899 0.11274544894695282 0.30537062883377075 -0.03817976638674736 0.050998542457818985 0.04275447130203247 -0.104490727186203 -0.001395107712596655 -0.06473474204540253 -0.10032711923122406 -0.08786092698574066 0.20571580529212952 -0.0879848450422287 -0.05628230422735214 0.06456068903207779 0.04892673343420029 -0.07050837576389313 -0.060639239847660065 -0.13067013025283813 0.04457889497280121 -0.1783718764781952 -0.15227842330932617 -0.031951796263456345 -0.025728007778525352 -0.11282650381326675 -0.026256969198584557 -0.057178061455488205 -0.0567246675491333 -0.08531682193279266 0.050887580960989 0.05954282730817795 -0.04019369184970856 0.19144198298454285 0.02437705546617508 -0.025012854486703873 -0.06530778855085373 -0.024722319096326828 -0.011689369566738605 -0.12290148437023163 -0.03649827092885971 -0.11604949831962585 0.011558089405298233 -0.011143959127366543 -0.06509334594011307 -0.013349184766411781 -0.1115267351269722 -0.15052345395088196 -0.08946533501148224 -0.05343182012438774 -0.21803724765777588 -0.09163131564855576 0.018870003521442413 0.024145066738128662 -6.093944830354303e-05 -0.12495594471693039 -0.05898125097155571 0.016036078333854675 -0.02946990169584751 -0.012240985408425331 -0.10285275429487228 -0.0020838549826294184 0.020771268755197525 0.10965538769960403 0.053675636649131775 0.014175600372254848 0.023412007838487625 -0.028801091015338898 0.029093625023961067 -0.08120370656251907 0.0452253632247448 0.010859821923077106 -0.15724065899848938 -0.1531679481267929 -0.00413441052660346 -0.0017470959573984146 0.14766086791823124 0.047840350641388356 0.17511387213004614 0.3023127701310107 0.8573263668180284 0.9984219324890881 0.9994657528644523 0.9988807474605406 0.9990831924689986 -2.222196 -1.9904042 -1.9947895 -1.9085056 -2.0666902 -2.5788045 -2.7365956 -2.4149275 -2.3650274 -2.3034906 -2.0275197 -1.9600221 -1.7934316 -1.8825269 -2.7415311 -2.9776127 -2.5013976 -2.3837316
2 400 -0.1786566972732544 -0.001517829834483564 -0.0198665764182806 -0.12366608530282974 -0.31398600339889526 0.04919261485338211 -0.09738653153181076 0.007642197422683239 -0.021321089938282967 0.06818848848342896 -0.057522136718034744 0.016917508095502853 0.05457644909620285 0.003831693436950445 -0.030603954568505287 0.07312838733196259 -0.13789843022823334 0.030696408823132515 0.043997641652822495 0.038655221462249756 -0.02532052807509899 0.11274544894695282 0.30537062883377075 -0.03817976638674736 0.050998542457818985 0.04275447130203247 -0.104490727186203 -0.001395107712596655 -0.06473474204540253 -0.10032711923122406 -0.08786092698574066 0.20571580529212952 -0.0879848450422287 -0.05628230422735214 0.06456068903207779 0.04892673343420029 -0.07050837576389313 -0.060639239847660065 -0.13067013025283813 0.04457889497280121 -0.1783718764781952 -0.15227842330932617 -0.031951796263456345 -0.025728007778525352 -0.11282650381326675 -0.026256969198584557 -0.057178061455488205 -0.0567246675491333 -0.08531682193279266 0.050887580960989 0.05954282730817795 -0.04019369184970856 0.19144198298454285 0.02437705546617508 -0.025012854486703873 -0.06530778855085373 -0.024722319096326828 -0.011689369566738605 -0.12290148437023163 -0.03649827092885971 -0.11604949831962585 0.011558089405298233 -0.011143959127366543 -0.06509334594011307 -0.013349184766411781 -0.1115267351269722 -0.15052345395088196 -0.08946533501148224 -0.05343182012438774 -0.21803724765777588 -0.09163131564855576 0.018870003521442413 0.024145066738128662 -6.093944830354303e-05 -0.12495594471693039 -0.05898125097155571 0.016036078333854675 -0.02946990169584751 -0.012240985408425331 -0.10285275429487228 -0.0020838549826294184 0.020771268755197525 0.10965538769960403 0.053675636649131775 0.014175600372254848 0.023412007838487625 -0.028801091015338898 0.029093625023961067 -0.08120370656251907 0.0452253632247448 0.010859821923077106 -0.15724065899848938 -0.1531679481267929 -0.00413441052660346 -0.0017470959573984146 0.3254320526717905 0.16513500678484816 0.23793824492134538 0.5947313022122394 0.9615812417327563 0.9992066637085197 0.9998143311444614 0.9994429527382034 0.9993613720994635 -2.2898412 -1.9154937 -2.0654397 -1.8701793 -2.0981262 -2.6794596 -2.996304 -2.6282072 -2.586876 -2.4801579 -1.9347237 -2.1397438 -1.764182 -1.8880295 -2.9433925 -3.4572096 -2.938085 -2.7975805
0 400 -0.1588059514760971 -0.0013491822173818946 -0.017659179866313934 -0.10992541164159775 -0.2790986895561218 0.04372676834464073 -0.08656581491231918 0.006793064530938864 -0.018952080979943275 0.060611993074417114 -0.05113079026341438 0.015037785284221172 0.048512399196624756 0.0034059497993439436 -0.0272035151720047 0.06500301510095596 -0.12257639318704605 0.027285698801279068 0.039109017699956894 0.03436019644141197 -0.022507136687636375 0.10021817684173584 0.2714405953884125 -0.033937569707632065 0.04533204063773155 0.03800397738814354 -0.09288065135478973 -0.0012400958221405745 -0.057541996240615845 -0.08917966485023499 -0.0780986025929451 0.18285851180553436 -0.07820875942707062 -0.0500287190079689 0.05738728120923042 0.04349043220281601 -0.06267411261796951 -0.0539015494287014 -0.11615122854709625 0.039625685662031174 -0.15855278074741364 -0.13535860180854797 -0.02840159833431244 -0.02286934107542038 -0.10029023140668869 -0.0233395304530859 -0.05082494765520096 -0.050421930849552155 -0.07583718001842499 0.045233409851789474 0.05292695760726929 -0.03572772815823555 0.1701706498861313 0.02166849374771118 -0.022233648225665092 -0.058051373809576035 -0.02197539620101452 -0.010390550829470158 -0.10924576967954636 -0.032442908734083176 -0.10315511375665665 0.010273857973515987 -0.009905742481350899 -0.057860758155584335 -0.011865942738950253 -0.0991348847746849 -0.13379862904548645 -0.07952474802732468 -0.047494955360889435 -0.19381089508533478 -0.08145006746053696 0.016773337498307228 0.02146228216588497 -5.416839849203825e-05 -0.11107195913791656 -0.052427779883146286 0.014254293404519558 -0.026195470243692398 -0.010880876332521439 -0.09142467379570007 -0.001852315734140575 0.01846335083246231 0.0974714607000351 0.047711681574583054 0.012600533664226532 0.020810674875974655 -0.025600969791412354 0.025861000642180443 -0.07218107581138611 0.04020032286643982 0.009653176181018353 -0.13976947963237762 -0.13614928722381592 -0.0036750317085534334 -0.0015529742231592536 0.31089071145303154 0.0930557735968477 0.3249915077521206 0.5933606496644286 0.9574264477868488 0.9967908928071736 0.9995469918177101 0.997873173612599 0.9989741017237914 -2.0679133 -1.8410224 -1.8853608 -1.8531748 -2.015984 -2.3661091 -2.6107345 -2.2670763 -2.3071718 -2.1495895 -1.854829 -1.8261144 -1.74097 -1.8610706 -2.4365413 -2.8288393 -2.309648 -2.3192477
1 400 -0.1588059514760971 -0.0013491822173818946 -0.017659179866313934 -0.10992541164159775 -0.2790986895561218 0.04372676834464073 -0.08656581491231918 0.006793064530938864 -0.018952080979943275 0.060611993074417114 -0.05113079026341438 0.015037785284221172 0.048512399196624756 0.0034059497993439436 -0.0272035151720047 0.06500301510095596 -0.12257639318704605 0.027285698801279068 0.039109017699956894 0.03436019644141197 -0.022507136687636375 0.10021817684173584 0.2714405953884125 -0.033937569707632065 0.04533204063773155 0.03800397738814354 -0.09288065135478973 -0.0012400958221405745 -0.057541996240615845 -0.08917966485023499 -0.0780986025929451 0.18285851180553436 -0.07820875942707062 -0.0500287190079689 0.05738728120923042 0.04349043220281601 -0.06267411261796951 -0.0539015494287014 -0.11615122854709625 0.039625685662031174 -0.15855278074741364 -0.13535860180854797 -0.02840159833431244 -0.02286934107542038 -0.10029023140668869 -0.0233395304530859 -0.05082494765520096 -0.050421930849552155 -0.07583718001842499 0.045233409851789474 0.05292695760726929 -0.03572772815823555 0.1701706498861313 0.02166849374771118 -0.022233648225665092 -0.058051373809576035 -0.02197539620101452 -0.010390550829470158 -0.10924576967954636 -0.032442908734083176 -0.10315511375665665 0.010273857973515987 -0.009905742481350899 -0.057860758155584335 -0.011865942738950253 -0.0991348847746849 -0.13379862904548645 -0.07952474802732468 -0.047494955360889435 -0.19381089508533478 -0.08145006746053696 0.016773337498307228 0.02146228216588497 -5.416839849203825e-05 -0.11107195913791656 -0.052427779883146286 0.014254293404519558 -0.026195470243692398 -0.010880876332521439 -0.09142467379570007 -0.001852315734140575 0.01846335083246231 0.0974714607000351 0.047711681574583054 0.012600533664226532 0.020810674875974655 -0.025600969791412354 0.025861000642180443 -0.07218107581138611 0.04020032286643982 0.009653176181018353 -0.13976947963237762 -0.13614928722381592 -0.0036750317085534334 -0.0015529742231592536 0.12286030875598336 0.02933469317827162 0.12777210179865345 0.2623938809727739 0.824613316652868 0.9960821663400921 0.9988356430761168 0.9971973224991828 0.9980226070507363 -2.0188231 -1.824174 -1.7939715 -1.7232543 -1.8659753 -2.3135846 -2.474352 -2.1510715 -2.128885 -2.0728076 -1.8607378 -1.7371812 -1.5974067 -1.6648803 -2.4200742 -2.6615407 -2.1826243 -2.1058981
2 400 -0.1588059514760971 -0.0013491822173818946 -0.017659179866313934 -0.10992541164159775 -0.2790986895561218 0.04372676834464073 -0.08656581491231918 0.006793064530938864 -0.018952080979943275 0.060611993074417114 -0.05113079026341438 0.015037785284221172 0.048512399196624756 0.0034059497993439436 -0.0272035151720047 0.06500301510095596 -0.12257639318704605 0.027285698801279068 0.039109017699956894 0.03436019644141197 -0.022507136687636375 0.10021817684173584 0.2714405953884125 -0.033937569707632065 0.04533204063773155 0.03800397738814354 -0.09288065135478973 -0.0012400958221405745 -0.057541996240615845 -0.08917966485023499 -0.0780986025929451 0.18285851180553436 -0.07820875942707062 -0.0500287190079689 0.05738728120923042 0.04349043220281601 -0.06267411261796951 -0.0539015494287014 -0.11615122854709625 0.039625685662031174 -0.15855278074741364 -0.13535860180854797 -0.02840159833431244 -0.02286934107542038 -0.10029023140668869 -0.0233395304530859 -0.05082494765520096 -0.050421930849552155 -0.07583718001842499 0.045233409851789474 0.05292695760726929 -0.03572772815823555 0.1701706498861313 0.02166849374771118 -0.022233648225665092 -0.058051373809576035 -0.02197539620101452 -0.010390550829470158 -0.10924576967954636 -0.032442908734083176 -0.10315511375665665 0.010273857973515987 -0.009905742481350899 -0.057860758155584335 -0.011865942738950253 -0.0991348847746849 -0.13379862904548645 -0.07952474802732468 -0.047494955360889435 -0.19381089508533478 -0.08145006746053696 0.016773337498307228 0.02146228216588497 -5.416839849203825e-05 -0.11107195913791656 -0.052427779883146286 0.014254293404519558 -0.026195470243692398 -0.010880876332521439 -0.09142467379570007 -0.001852315734140575 0.01846335083246231 0.0974714607000351 0.047711681574583054 0.012600533664226532 0.020810674875974655 -0.025600969791412354 0.025861000642180443 -0.07218107581138611 0.04020032286643982 0.009653176181018353 -0.13976947963237762 -0.13614928722381592 -0.0036750317085534334 -0.0015529742231592536 0.27067171539738105 0.12157097033036966 0.22028285125136696 0.5527790073861619 0.9214989860730599 0.9979008573929546 0.9995731168026061 0.9986300087022886 0.9986519150952674 -2.1020064 -1.7182068 -1.8273487 -1.5953646 -1.8568794 -2.4285407 -2.750193 -2.389464 -2.3451393 -2.259598 -1.703519 -1.8408768 -1.404371 -1.590554 -2.6364431 -3.1542 -2.6339788 -2.5023935
0 400 -0.13895520567893982 -0.0011805343674495816 -0.015451782383024693 -0.09618473798036575 -0.244211345911026 0.03826092183589935 -0.07574508339166641 0.0059439316391944885 -0.016583070158958435 0.053035493940114975 -0.04473944008350372 0.013158062472939491 0.04244834929704666 0.002980206161737442 -0.023803075775504112 0.056877635419368744 -0.10725434124469757 0.023874985054135323 0.034220386296510696 0.030065171420574188 -0.01969374530017376 0.08769090473651886 0.23751050233840942 -0.02969537302851677 0.03966553136706352 0.03325347602367401 -0.08127056807279587 -0.0010850838152691722 -0.050349246710538864 -0.07803220301866531 -0.06833627820014954 0.16000118851661682 -0.06843265891075134 -0.043775126338005066 0.05021386966109276 0.038054127246141434 -0.0548398457467556 -0.04716385155916214 -0.10163231939077377 0.03467247635126114 -0.13873368501663208 -0.11843877285718918 -0.024851398542523384 -0.020010672509670258 -0.08775394409894943 -0.020422087982296944 -0.044471826404333115 -0.04411918669939041 -0.06635753065347672 0.039579231292009354 0.046311087906360626 -0.031261760741472244 0.14889931678771973 0.018959932029247284 -0.019454441964626312 -0.050794947892427444 -0.01922846958041191 -0.00909173209220171 -0.09559004008769989 -0.02838754467666149 -0.09026072174310684 0.008989624679088593 -0.008667523972690105 -0.05062815919518471 -0.010382698848843575 -0.08674301952123642 -0.11707379668951035 -0.06958414614200592 -0.04155808314681053 -0.16958452761173248 -0.07126880437135696 0.014676669612526894 0.01877949759364128 -4.739734868053347e-05 -0.09718795865774155 -0.04587430879473686 0.012472505681216717 -0.022921035066246986 -0.009520766325294971 -0.07999658584594727 -0.001620776136405766 0.016155431047081947 0.08528752624988556 0.041747719049453735 0.011025466956198215 0.018209340050816536 -0.02240084856748581 0.02262837626039982 -0.06315843760967255 0.03517528250813484 0.00844652857631445 -0.12229829281568527 -0.11913062632083893 -0.003215652657672763 -0.0013588524889200926 0.23680417702680426 0.05475348514484001 0.27412106907572475 0.5407952860097187 0.9367551825730603 0.9925345631255742 0.998905242335853 0.9960433660537562 0.9981562702496976 -1.8649999 -1.6561303 -1.7047724 -1.6699942 -1.8308257 -2.1010532 -2.3494978 -2.0519567 -2.0883613 -1.9207082 -1.6569725 -1.6301416 -1.5435139 -1.655911 -2.1146908 -2.5101955 -2.0850153 -2.1016033
1 400 -0.13895520567893982 -0.0011805343674495816 -0.015451782383024693 -0.09618473798036575 -0.244211345911026 0.03826092183589935 -0.07574508339166641 0.0059439316391944885 -0.016583070158958435 0.053035493940114975 -0.04473944008350372 0.013158062472939491 0.04244834929704666 0.002980206161737442 -0.023803075775504112 0.056877635419368744 -0.10725434124469757 0.023874985054135323 0.034220386296510696 0.030065171420574188 -0.01969374530017376 0.08769090473651886 0.23751050233840942 -0.02969537302851677 0.03966553136706352 0.03325347602367401 -0.08127056807279587 -0.0010850838152691722 -0.050349246710538864 -0.07803220301866531 -0.06833627820014954 0.16000118851661682 -0.06843265891075134 -0.043775126338005066 0.05021386966109276 0.038054127246141434 -0.0548398457467556 -0.04716385155916214 -0.10163231939077377 0.03467247635126114 -0.13873368501663208 -0.11843877285718918 -0.024851398542523384 -0.020010672509670258 -0.08775394409894943 -0.020422087982296944 -0.044471826404333115 -0.04411918669939041 -0.06635753065347672 0.039579231292009354 0.046311087906360626 -0.031261760741472244 0.14889931678771973 0.018959932029247284 -0.019454441964626312 -0.050794947892427444 -0.01922846958041191 -0.00909173209220171 -0.09559004008769989 -0.02838754467666149 -0.09026072174310684 0.008989624679088593 -0.008667523972690105 -0.05062815919518471 -0.010382698848843575 -0.08674301952123642 -0.11707379668951035 -0.06958414614200592 -0.04155808314681053 -0.16958452761173248 -0.07126880437135696 0.014676669612526894 0.01877949759364128 -4.739734868053347e-05 -0.09718795865774155 -0.04587430879473686 0.012472505681216717 -0.022921035066246986 -0.009520766325294971 -0.07999658584594727 -0.001620776136405766 0.016155431047081947 0.08528752624988556 0.041747719049453735 0.011025466956198215 0.018209340050816536 -0.02240084856748581 0.02262837626039982 -0.06315843760967255 0.03517528250813484 0.00844652857631445 -0.12229829281568527 -0.11913062632083893 -0.003215652657672763 -0.0013588524889200926 0.08761121054794271 0.017179244402642735 0.062461537710065684 0.22853212370832043 0.7870298660079788 0.9902743810710783 0.9974547014899509 0.9933195575690752 0.9957277935460865 -1.8316528 -1.6484897 -1.6222798 -1.5408807 -1.6709927 -2.0504994 -2.2129107 -1.8997505 -1.8943055 -1.8682085 -1.6723685 -1.5645444 -1.4015749 -1.454418 -2.1014524 -2.346676 -1.8820013 -1.8303803
2 400 -0.13895520567893982 -0.0011805343674495816 -0.015451782383024693 -0.09618473798036575 -0.244211345911026 0.03826092183589935 -0.07574508339166641 0.0059439316391944885 -0.016583070158958435 0.053035493940114975 -0.04473944008350372 0.013158062472939491 0.04244834929704666 0.002980206161737442 -0.023803075775504112 0.056877635419368744 -0.10725434124469757 0.023874985054135323 0.034220386296510696 0.030065171420574188 -0.01969374530017376 0.08769090473651886 0.23751050233840942 -0.02969537302851677 0.03966553136706352 0.03325347602367401 -0.08127056807279587 -0.0010850838152691722 -0.050349246710538864 -0.07803220301866531 -0.06833627820014954 0.16000118851661682 -0.06843265891075134 -0.043775126338005066 0.05021386966109276 0.038054127246141434 -0.0548398457467556 -0.04716385155916214 -0.10163231939077377 0.03467247635126114 -0.13873368501663208 -0.11843877285718918 -0.024851398542523384 -0.020010672509670258 -0.08775394409894943 -0.020422087982296944 -0.044471826404333115 -0.04411918669939041 -0.06635753065347672 0.039579231292009354 0.046311087906360626 -0.031261760741472244 0.14889931678771973 0.018959932029247284 -0.019454441964626312 -0.050794947892427444 -0.01922846958041191 -0.00909173209220171 -0.09559004008769989 -0.02838754467666149 -0.09026072174310684 0.008989624679088593 -0.008667523972690105 -0.05062815919518471 -0.010382698848843575 -0.08674301952123642 -0.11707379668951035 -0.06958414614200592 -0.04155808314681053 -0.16958452761173248 -0.07126880437135696 0.014676669612526894 0.01877949759364128 -4.739734868053347e-05 -0.09718795865774155 -0.04587430879473686 0.012472505681216717 -0.022921035066246986 -0.009520766325294971 -0.07999658584594727 -0.001620776136405766 0.016155431047081947 0.08528752624988556 0.041747719049453735 0.011025466956198215 0.018209340050816536 -0.02240084856748581 0.02262837626039982 -0.06315843760967255 0.03517528250813484 0.00844652857631445 -0.12229829281568527 -0.11913062632083893 -0.003215652657672763 -0.0013588524889200926 0.16415307068449608 0.08765013438295226 0.1478909542287753 0.5566705708645089 0.889626649746992 0.9943352214693706 0.9990090503731119 0.9966609672679988 0.9971778329057481 -1.941499 -1.5226133 -1.6163892 -1.3449317 -1.662676 -2.1766284 -2.5040863 -2.166913 -2.1081834 -2.0843534 -1.4749748 -1.5872968 -1.083039 -1.3674245 -2.3287897 -2.8511083 -2.3434472 -2.241813
0 400 -0.11910446733236313 -0.0010118866339325905 -0.013244385831058025 -0.08244406431913376 -0.20932401716709137 0.03279507905244827 -0.06492435932159424 0.005094798747450113 -0.014214061200618744 0.045458994805812836 -0.03834809362888336 0.01127833966165781 0.03638429939746857 0.0025544625241309404 -0.020402636379003525 0.04875226318836212 -0.09193229675292969 0.020464275032281876 0.029331762343645096 0.025770148262381554 -0.016880353912711143 0.07516363263130188 0.20358043909072876 -0.025453178212046623 0.03399902954697609 0.02850298210978508 -0.0696604922413826 -0.0009300718666054308 -0.043156497180461884 -0.06688474863767624 -0.05857395380735397 0.13714388012886047 -0.05865656957030296 -0.037521541118621826 0.04304046183824539 0.032617826014757156 -0.047005586326122284 -0.040426161140203476 -0.08711342513561249 0.029719265177845955 -0.11891458928585052 -0.10151895135641098 -0.02130119875073433 -0.017152005806565285 -0.07521767169237137 -0.017504647374153137 -0.03811871260404587 -0.037816449999809265 -0.05687788501381874 0.03392505645751953 0.039695218205451965 -0.026795797049999237 0.12762799859046936 0.016251370310783386 -0.01667523756623268 -0.04353852942585945 -0.016481546685099602 -0.007792913354933262 -0.08193432539701462 -0.024332182481884956 -0.07736633718013763 0.007705393247306347 -0.007429306861013174 -0.04339556768536568 -0.008899456821382046 -0.07435116171836853 -0.10034897178411484 -0.05964355915784836 -0.035621218383312225 -0.14535817503929138 -0.06108754873275757 0.012580003589391708 0.01609671302139759 -4.062629886902869e-05 -0.08330397307872772 -0.03932083770632744 0.010690719820559025 -0.019646603614091873 -0.008160657249391079 -0.06856850534677505 -0.0013892367715016007 0.013847514055669308 0.07310359925031662 0.035783760249614716 0.009450400248169899 0.015608006156980991 -0.019200727343559265 0.019395751878619194 -0.05413581058382988 0.030150244012475014 0.007239881902933121 -0.10482711344957352 -0.10211197286844254 -0.002756273839622736 -0.0011647307546809316 0.17617380415681239 0.039030206334041 0.22874320337254517 0.4704689935284356 0.9063928758285907 0.984608925404684 0.9976264717641304 0.9942549934885803 0.9968470761105608 -1.6949334 -1.4970475 -1.5232849 -1.4879117 -1.6381407 -1.8734673 -2.1209216 -1.8332217 -1.864667 -1.7324107 -1.4765657 -1.4331514 -1.3484335 -1.4386216 -1.8367032 -2.237655 -1.8786801 -1.891687
1 400 -0.11910446733236313 -0.0010118866339325905 -0.013244385831058025 -0.08244406431913376 -0.20932401716709137 0.03279507905244827 -0.06492435932159424 0.005094798747450113 -0.014214061200618744 0.045458994805812836 -0.03834809362888336 0.01127833966165781 0.03638429939746857 0.0025544625241309404 -0.020402636379003525 0.04875226318836212 -0.09193229675292969 0.020464275032281876 0.029331762343645096 0.025770148262381554 -0.016880353912711143 0.07516363263130188 0.20358043909072876 -0.025453178212046623 0.03399902954697609 0.02850298210978508 -0.0696604922413826 -0.0009300718666054308 -0.043156497180461884 -0.06688474863767624 -0.05857395380735397 0.13714388012886047 -0.05865656957030296 -0.037521541118621826 0.04304046183824539 0.032617826014757156 -0.047005586326122284 -0.040426161140203476 -0.08711342513561249 0.029719265177845955 -0.11891458928585052 -0.10151895135641098 -0.02130119875073433 -0.017152005806565285 -0.07521767169237137 -0.017504647374153137 -0.03811871260404587 -0.037816449999809265 -0.05687788501381874 0.03392505645751953 0.039695218205451965 -0.026795797049999237 0.12762799859046936 0.016251370310783386 -0.01667523756623268 -0.04353852942585945 -0.016481546685099602 -0.007792913354933262 -0.08193432539701462 -0.024332182481884956 -0.07736633718013763 0.007705393247306347 -0.007429306861013174 -0.04339556768536568 -0.008899456821382046 -0.07435116171836853 -0.10034897178411484 -0.05964355915784836 -0.035621218383312225 -0.14535817503929138 -0.06108754873275757 0.012580003589391708 0.01609671302139759 -4.062629886902869e-05 -0.08330397307872772 -0.03932083770632744 0.010690719820559025 -0.019646603614091873 -0.008160657249391079 -0.06856850534677505 -0.0013892367715016007 0.013847514055669308 0.07310359925031662 0.035783760249614716 0.009450400248169899 0.015608006156980991 -0.019200727343559265 0.019395751878619194 -0.05413581058382988 0.030150244012475014 0.007239881902933121 -0.10482711344957352 -0.10211197286844254 -0.002756273839622736 -0.0011647307546809316 0.06007998624878244 0.010039783192401654 0.02742462684287458 0.19464301790827288 0.7442218143700831 0.9760884161409962 0.9944748395651075 0.9848350120834192 0.9914487391420231 -1.6695368 -1.5077486 -1.4950716 -1.3599132 -1.4742619 -1.779811 -1.9514091 -1.6679487 -1.6982985 -1.6958116 -1.5735732 -1.5203143 -1.2082955 -1.2415478 -1.7700436 -2.0315423 -1.6033125 -1.5937164
2 400 -0.11910446733236313 -0.0010118866339325905 -0.013244385831058025 -0.08244406431913376 -0.20932401716709137 0.03279507905244827 -0.06492435932159424 0.005094798747450113 -0.014214061200618744 0.045458994805812836 -0.03834809362888336 0.01127833966165781 0.03638429939746857 0.0025544625241309404 -0.020402636379003525 0.04875226318836212 -0.09193229675292969 0.020464275032281876 0.029331762343645096 0.025770148262381554 -0.016880353912711143 0.07516363263130188 0.20358043909072876 -0.025453178212046623 0.03399902954697609 0.02850298210978508 -0.0696604922413826 -0.0009300718666054308 -0.043156497180461884 -0.06688474863767624 -0.05857395380735397 0.13714388012886047 -0.05865656957030296 -0.037521541118621826 0.04304046183824539 0.032617826014757156 -0.047005586326122284 -0.040426161140203476 -0.08711342513561249 0.029719265177845955 -0.11891458928585052 -0.10151895135641098 -0.02130119875073433 -0.017152005806565285 -0.07521767169237137 -0.017504647374153137 -0.03811871260404587 -0.037816449999809265 -0.05687788501381874 0.03392505645751953 0.039695218205451965 -0.026795797049999237 0.12762799859046936 0.016251370310783386 -0.01667523756623268 -0.04353852942585945 -0.016481546685099602 -0.007792913354933262 -0.08193432539701462 -0.024332182481884956 -0.07736633718013763 0.007705393247306347 -0.007429306861013174 -0.04339556768536568 -0.008899456821382046 -0.07435116171836853 -0.10034897178411484 -0.05964355915784836 -0.035621218383312225 -0.14535817503929138 -0.06108754873275757 0.012580003589391708 0.01609671302139759 -4.062629886902869e-05 -0.08330397307872772 -0.03932083770632744 0.010690719820559025 -0.019646603614091873 -0.008160657249391079 -0.06856850534677505 -0.0013892367715016007 0.013847514055669308 0.07310359925031662 0.035783760249614716 0.009450400248169899 0.015608006156980991 -0.019200727343559265 0.019395751878619194 -0.05413581058382988 0.030150244012475014 0.007239881902933121 -0.10482711344957352 -0.10211197286844254 -0.002756273839622736 -0.0011647307546809316 0.09661606599970017 0.062415921698190026 0.09316918145988591 0.49408574287221946 0.84713783433493 0.9848823042834252 0.9975818703087849 0.991922512320783 0.9941469772526144 -1.7826663 -1.3553969 -1.4094663 -1.1149256 -1.4666772 -1.9266802 -2.2181659 -1.9445889 -1.871362 -1.9093678 -1.2965312 -1.3530357 -0.797416 -1.141577 -2.022553 -2.4889014 -2.0532196 -1.9813844
0 400 -0.09925372153520584 -0.0008432388422079384 -0.011036987416446209 -0.06870338320732117 -0.17443667352199554 0.027329230681061745 -0.054103631526231766 0.004245665390044451 -0.011845050379633904 0.037882495671510696 -0.0319567434489727 0.009398615919053555 0.030320249497890472 0.002128718653693795 -0.017002196982502937 0.0406268835067749 -0.07661024481058121 0.01705356128513813 0.024443134665489197 0.02147512324154377 -0.014066960662603378 0.0626363605260849 0.1696503609418869 -0.021210981532931328 0.028332524001598358 0.02375248447060585 -0.058050405234098434 -0.0007750598597340286 -0.0359637476503849 -0.055737290531396866 -0.04881162568926811 0.11428656429052353 -0.04888047277927399 -0.03126794844865799 0.03586705029010773 0.02718151919543743 -0.03917131945490837 -0.033688466995954514 -0.07259451597929001 0.02476605400443077 -0.09909548610448837 -0.08459912240505219 -0.017750998958945274 -0.014293338172137737 -0.06268139183521271 -0.014587205834686756 -0.031765591353178024 -0.03151370584964752 -0.04739823564887047 0.02827087976038456 0.033079348504543304 -0.02232982963323593 0.1063566580414772 0.013542808592319489 -0.013896030373871326 -0.03628210723400116 -0.013734621927142143 -0.006494094152003527 -0.06827860325574875 -0.020276818424463272 -0.06447194516658783 0.006421160884201527 -0.006191088818013668 -0.03616297245025635 -0.007416213862597942 -0.06195930019021034 -0.08362413942813873 -0.0497029647231102 -0.029684346169233322 -0.12113180756568909 -0.050906289368867874 0.010483335703611374 0.013413926586508751 -3.3855249057523906e-05 -0.0694199725985527 -0.032767362892627716 0.008908933028578758 -0.01637216843664646 -0.006800547707825899 -0.057140421122312546 -0.0011576972901821136 0.011539594270288944 0.060919661074876785 0.029819799587130547 0.007875333540141582 0.013006671331822872 -0.01600060611963272 0.01616312563419342 -0.04511317238211632 0.025125201791524887 0.006033234763890505 -0.08735592663288116 -0.08509330451488495 -0.0022968947887420654 -0.0009706089040264487 0.1409734083057636 0.029315859644775125 0.15250866571134464 0.4231615209203348 0.8630513304706106 0.9686185969222528 0.9954145318412213 0.9916424513586207 0.9953304002591711 -1.5349213 -1.3951801 -1.37238 -1.3177376 -1.4445931 -1.6635387 -1.9037907 -1.6303415 -1.6620414 -1.5515001 -1.4298152 -1.2854174 -1.1629133 -1.2205484 -1.5770254 -2.0079346 -1.6866524 -1.7116977
1 400 -0.09925372153520584 -0.0008432388422079384 -0.011036987416446209 -0.06870338320732117 -0.17443667352199554 0.027329230681061745 -0.054103631526231766 0.004245665390044451 -0.011845050379633904 0.037882495671510696 -0.0319567434489727 0.009398615919053555 0.030320249497890472 0.002128718653693795 -0.017002196982502937 0.0406268835067749 -0.07661024481058121 0.01705356128513813 0.024443134665489197 0.02147512324154377 -0.014066960662603378 0.0626363605260849 0.1696503609418869 -0.021210981532931328 0.028332524001598358 0.02375248447060585 -0.058050405234098434 -0.0007750598597340286 -0.0359637476503849 -0.055737290531396866 -0.04881162568926811 0.11428656429052353 -0.04888047277927399 -0.03126794844865799 0.03586705029010773 0.02718151919543743 -0.03917131945490837 -0.033688466995954514 -0.07259451597929001 0.02476605400443077 -0.09909548610448837 -0.08459912240505219 -0.017750998958945274 -0.014293338172137737 -0.06268139183521271 -0.014587205834686756 -0.031765591353178024 -0.03151370584964752 -0.04739823564887047 0.02827087976038456 0.033079348504543304 -0.02232982963323593 0.1063566580414772 0.013542808592319489 -0.013896030373871326 -0.03628210723400116 -0.013734621927142143 -0.006494094152003527 -0.06827860325574875 -0.020276818424463272 -0.06447194516658783 0.006421160884201527 -0.006191088818013668 -0.03616297245025635 -0.007416213862597942 -0.06195930019021034 -0.08362413942813873 -0.0497029647231102 -0.029684346169233322 -0.12113180756568909 -0.050906289368867874 0.010483335703611374 0.013413926586508751 -3.3855249057523906e-05 -0.0694199725985527 -0.032767362892627716 0.008908933028578758 -0.01637216843664646 -0.006800547707825899 -0.057140421122312546 -0.0011576972901821136 0.011539594270288944 0.060919661074876785 0.029819799587130547 0.007875333540141582 0.013006671331822872 -0.01600060611963272 0.01616312563419342 -0.04511317238211632 0.025125201791524887 0.006033234763890505 -0.08735592663288116 -0.08509330451488495 -0.0022968947887420654 -0.0009706089040264487 0.043810697023837726 0.008434597474035228 0.021399953925575272 0.1562004670182077 0.6897638726957401 0.9448392229097331 0.9872888046622424 0.9685290315195545 0.9853463325744627 -1.5190701 -1.4320648 -1.3819821 -1.2383468 -1.2751712 -1.5127916 -1.6927605 -1.4873929 -1.5142995 -1.5387379 -1.568856 -1.4550475 -1.0873526 -1.0256793 -1.4441525 -1.7103266 -1.3931825 -1.4001354
2 400 -0.09925372153520584 -0.0008432388422079384 -0.011036987416446209 -0.06870338320732117 -0.17443667352199554 0.027329230681061745 -0.054103631526231766 0.004245665390044451 -0.011845050379633904 0.037882495671510696 -0.0319567434489727 0.009398615919053555 0.030320249497890472 0.002128718653693795 -0.017002196982502937 0.0406268835067749 -0.07661024481058121 0.01705356128513813 0.024443134665489197 0.02147512324154377 -0.014066960662603378 0.0626363605260849 0.1696503609418869 -0.021210981532931328 0.028332524001598358 0.02375248447060585 -0.058050405234098434 -0.0007750598597340286 -0.0359637476503849 -0.055737290531396866 -0.04881162568926811 0.11428656429052353 -0.04888047277927399 -0.03126794844865799 0.03586705029010773 0.02718151919543743 -0.03917131945490837 -0.033688466995954514 -0.07259451597929001 0.02476605400443077 -0.09909548610448837 -0.08459912240505219 -0.017750998958945274 -0.014293338172137737 -0.06268139183521271 -0.014587205834686756 -0.031765591353178024 -0.03151370584964752 -0.04739823564887047 0.02827087976038456 0.033079348504543304 -0.02232982963323593 0.1063566580414772 0.013542808592319489 -0.013896030373871326 -0.03628210723400116 -0.013734621927142143 -0.006494094152003527 -0.06827860325574875 -0.020276818424463272 -0.06447194516658783 0.006421160884201527 -0.006191088818013668 -0.03616297245025635 -0.007416213862597942 -0.06195930019021034 -0.08362413942813873 -0.0497029647231102 -0.029684346169233322 -0.12113180756568909 -0.050906289368867874 0.010483335703611374 0.013413926586508751 -3.3855249057523906e-05 -0.0694199725985527 -0.032767362892627716 0.008908933028578758 -0.01637216843664646 -0.006800547707825899 -0.057140421122312546 -0.0011576972901821136 0.011539594270288944 0.060919661074876785 0.029819799587130547 0.007875333540141582 0.013006671331822872 -0.01600060611963272 0.01616312563419342 -0.04511317238211632 0.025125201791524887 0.006033234763890505 -0.08735592663288116 -0.08509330451488495 -0.0022968947887420654 -0.0009706089040264487 0.0637272300300569 0.027593692810065365 0.05765263618121662 0.37587067258051016 0.793771652998841 0.9611217693974128 0.9932371872815906 0.9804796148869188 0.9882425529772266 -1.6286494 -1.267257 -1.2733346 -1.0101774 -1.272913 -1.6835971 -1.9364488 -1.721493 -1.6433846 -1.729325 -1.3220171 -1.2973461 -0.5878546 -0.91732824 -1.7198561 -2.120667 -1.7620506 -1.7257388
0 400 -0.07940297573804855 -0.0006745911086909473 -0.008829589933156967 -0.054962705820798874 -0.1395493447780609 0.021863384172320366 -0.04328290745615959 0.003396532265469432 -0.009476040489971638 0.030305996537208557 -0.02556539513170719 0.007518892642110586 0.024256199598312378 0.0017029748996719718 -0.01360175758600235 0.03250150755047798 -0.061288196593523026 0.013642849400639534 0.019554508849978447 0.017180098220705986 -0.011253568343818188 0.05010908842086792 0.13572029769420624 -0.016968784853816032 0.022666020318865776 0.01900198869407177 -0.04644032567739487 -0.0006200479110702872 -0.028770998120307922 -0.04458983242511749 -0.03904930129647255 0.09142925590276718 -0.03910437971353531 -0.02501435950398445 0.02869364060461521 0.021745216101408005 -0.031337056308984756 -0.0269507747143507 -0.058075614273548126 0.019812842831015587 -0.07927639037370682 -0.06767930090427399 -0.01420079916715622 -0.01143467053771019 -0.050145115703344345 -0.01166976522654295 -0.02541247382760048 -0.025210965424776077 -0.037918590009212494 0.022616704925894737 0.026463478803634644 -0.017863864079117775 0.08508532494306564 0.01083424687385559 -0.011116824112832546 -0.029025686904788017 -0.01098769810050726 -0.005195275414735079 -0.05462288483977318 -0.016221454367041588 -0.05157755687832832 0.005136928986757994 -0.004952871240675449 -0.028930379077792168 -0.005932971369475126 -0.04956744238734245 -0.06689931452274323 -0.03976237401366234 -0.023747477680444717 -0.09690544754266739 -0.04072503373026848 0.008386668749153614 0.010731141082942486 -2.7084199246019125e-05 -0.05553597956895828 -0.026213889941573143 0.007127146702259779 -0.013097735121846199 -0.005440438166260719 -0.04571233689785004 -0.0009261578670702875 0.009231675416231155 0.04873573035001755 0.023855840787291527 0.006300266832113266 0.010405337437987328 -0.012800484895706177 0.012930500321090221 -0.036090537905693054 0.02010016143321991 0.004826588090509176 -0.06988473981618881 -0.06807464361190796 -0.0018375158542767167 -0.0007764871115796268 0.10133557076880242 0.0392555956414884 0.16277596657039753 0.4625294235998733 0.8005646587510624 0.939088605867181 0.9906111142595639 0.9861798056334511 0.993551274771501 -1.3803732 -1.2909703 -1.2659471 -1.205326 -1.2554383 -1.4503914 -1.6767555 -1.451474 -1.452493 -1.371586 -1.3232528 -1.1676792 -1.0299362 -1.007495 -1.315995 -1.7510277 -1.4983318 -1.5195076
1 400 -0.07940297573804855 -0.0006745911086909473 -0.008829589933156967 -0.054962705820798874 -0.1395493447780609 0.021863384172320366 -0.04328290745615959 0.003396532265469432 -0.009476040489971638 0.030305996537208557 -0.02556539513170719 0.007518892642110586 0.024256199598312378 0.0017029748996719718 -0.01360175758600235 0.03250150755047798 -0.061288196593523026 0.013642849400639534 0.019554508849978447 0.017180098220705986 -0.011253568343818188 0.05010908842086792 0.13572029769420624 -0.016968784853816032 0.022666020318865776 0.01900198869407177 -0.04644032567739487 -0.0006200479110702872 -0.028770998120307922 -0.04458983242511749 -0.03904930129647255 0.09142925590276718 -0.03910437971353531 -0.02501435950398445 0.02869364060461521 0.021745216101408005 -0.031337056308984756 -0.0269507747143507 -0.058075614273548126 0.019812842831015587 -0.07927639037370682 -0.06767930090427399 -0.01420079916715622 -0.01143467053771019 -0.050145115703344345 -0.01166976522654295 -0.02541247382760048 -0.025210965424776077 -0.037918590009212494 0.022616704925894737 0.026463478803634644 -0.017863864079117775 0.08508532494306564 0.01083424687385559 -0.011116824112832546 -0.029025686904788017 -0.01098769810050726 -0.005195275414735079 -0.05462288483977318 -0.016221454367041588 -0.05157755687832832 0.005136928986757994 -0.004952871240675449 -0.028930379077792168 -0.005932971369475126 -0.04956744238734245 -0.06689931452274323 -0.03976237401366234 -0.023747477680444717 -0.09690544754266739 -0.04072503373026848 0.008386668749153614 0.010731141082942486 -2.7084199246019125e-05 -0.05553597956895828 -0.026213889941573143 0.007127146702259779 -0.013097735121846199 -0.005440438166260719 -0.04571233689785004 -0.0009261578670702875 0.009231675416231155 0.04873573035001755 0.023855840787291527 0.006300266832113266 0.010405337437987328 -0.012800484895706177 0.012930500321090221 -0.036090537905693054 0.02010016143321991 0.004826588090509176 -0.06988473981618881 -0.06807464361190796 -0.0018375158542767167 -0.0007764871115796268 0.031844996655682536 0.013240459933042096 0.03187633329022664 0.17004291306101682 0.5415324930160412 0.8897465920759757 0.9627543647782167 0.9270594644461843 0.9705035552733103 -1.3688748 -1.3318075 -1.2764437 -1.1367712 -1.1186297 -1.2807276 -1.4552841 -1.2826661 -1.3118426 -1.3819317 -1.4372237 -1.3144386 -0.9710038 -0.8206997 -1.1579089 -1.3814267 -1.160437 -1.1873186
2 400 -0.07940297573804855 -0.0006745911086909473 -0.008829589933156967 -0.054962705820798874 -0.1395493447780609 0.021863384172320366 -0.04328290745615959 0.003396532265469432 -0.009476040489971638 0.030305996537208557 -0.02556539513170719 0.007518892642110586 0.024256199598312378 0.0017029748996719718 -0.01360175758600235 0.03250150755047798 -0.061288196593523026 0.013642849400639534 0.019554508849978447 0.017180098220705986 -0.011253568343818188 0.05010908842086792 0.13572029769420624 -0.016968784853816032 0.022666020318865776 0.01900198869407177 -0.04644032567739487 -0.0006200479110702872 -0.028770998120307922 -0.04458983242511749 -0.03904930129647255 0.09142925590276718 -0.03910437971353531 -0.02501435950398445 0.02869364060461521 0.021745216101408005 -0.031337056308984756 -0.0269507747143507 -0.058075614273548126 0.019812842831015587 -0.07927639037370682 -0.06767930090427399 -0.01420079916715622 -0.01143467053771019 -0.050145115703344345 -0.01166976522654295 -0.02541247382760048 -0.025210965424776077 -0.037918590009212494 0.022616704925894737 0.026463478803634644 -0.017863864079117775 0.08508532494306564 0.01083424687385559 -0.011116824112832546 -0.029025686904788017 -0.01098769810050726 -0.005195275414735079 -0.05462288483977318 -0.016221454367041588 -0.05157755687832832 0.005136928986757994 -0.004952871240675449 -0.028930379077792168 -0.005932971369475126 -0.04956744238734245 -0.06689931452274323 -0.03976237401366234 -0.023747477680444717 -0.09690544754266739 -0.04072503373026848 0.008386668749153614 0.010731141082942486 -2.7084199246019125e-05 -0.05553597956895828 -0.026213889941573143 0.007127146702259779 -0.013097735121846199 -0.005440438166260719 -0.04571233689785004 -0.0009261578670702875 0.009231675416231155 0.04873573035001755 0.023855840787291527 0.006300266832113266 0.010405337437987328 -0.012800484895706177 0.012930500321090221 -0.036090537905693054 0.02010016143321991 0.004826588090509176 -0.06988473981618881 -0.06807464361190796 -0.0018375158542767167 -0.0007764871115796268 0.042312553840184175 0.024219612190924944 0.07029208551724656 0.3857912721556935 0.7108948110622317 0.909377161835701 0.9814302854089919 0.9603690547094884 0.9773898330996139 -1.4778346 -1.2478157 -1.2254412 -0.9735069 -1.086355 -1.4605609 -1.6678122 -1.4987456 -1.4245708 -1.5525115 -1.3516526 -1.2644619 -0.5487193 -0.70199883 -1.4293038 -1.7633816 -1.5097611 -1.4752653
0 400 -0.059552233666181564 -0.0005059433169662952 -0.006622192915529013 -0.04122203215956688 -0.10466200858354568 0.016397539526224136 -0.03246217966079712 0.0025473993737250566 -0.007107030600309372 0.022729497402906418 -0.01917404681444168 0.005639169830828905 0.018192149698734283 0.0012772312620654702 -0.010201318189501762 0.02437613159418106 -0.045966148376464844 0.010232137516140938 0.014665881171822548 0.012885074131190777 -0.008440176956355572 0.03758181631565094 0.10179021954536438 -0.012726589106023312 0.016999514773488045 0.01425149105489254 -0.0348302461206913 -0.0004650359333027154 -0.021578248590230942 -0.03344237431883812 -0.029286976903676987 0.06857194006443024 -0.02932828478515148 -0.018760770559310913 0.021520230919122696 0.016308913007378578 -0.023502793163061142 -0.020213080570101738 -0.043556712567806244 0.014859632588922977 -0.05945729464292526 -0.05075947567820549 -0.010650599375367165 -0.008576002903282642 -0.037608835846185684 -0.008752323687076569 -0.019059356302022934 -0.018908224999904633 -0.02843894250690937 0.016962528228759766 0.019847609102725983 -0.013397898524999619 0.06381399929523468 0.008125685155391693 -0.00833761878311634 -0.021769264712929726 -0.008240773342549801 -0.003896456677466631 -0.04096716269850731 -0.012166091240942478 -0.03868316859006882 0.0038526966236531734 -0.003714653430506587 -0.02169778384268284 -0.004449728410691023 -0.037175580859184265 -0.05017448589205742 -0.02982177957892418 -0.017810609191656113 -0.07267908751964569 -0.030543774366378784 0.006290001794695854 0.008048356510698795 -2.0313149434514344e-05 -0.04165198653936386 -0.01966041885316372 0.005345359910279512 -0.009823301807045937 -0.0040803286246955395 -0.03428425267338753 -0.0006946183857508004 0.006923757027834654 0.03655179962515831 0.017891880124807358 0.0047252001240849495 0.007804003078490496 -0.009600363671779633 0.009697875939309597 -0.02706790529191494 0.015075122006237507 0.0036199409514665604 -0.05241355672478676 -0.05105598643422127 -0.001378136919811368 -0.0005823653773404658 0.05636610791663603 0.06307726022347523 0.18091602783437644 0.49006315327524586 0.7478561150848241 0.9049156250667894 0.9767247223345362 0.9729885942993581 0.9900986650168677 -1.2343352 -1.1876261 -1.174606 -1.0997213 -1.0515584 -1.2497318 -1.4141653 -1.2682123 -1.2650033 -1.2395778 -1.184115 -1.0698892 -0.90518653 -0.7606019 -1.0964799 -1.4275407 -1.2836863 -1.3326792
1 400 -0.059552233666181564 -0.0005059433169662952 -0.006622192915529013 -0.04122203215956688 -0.10466200858354568 0.016397539526224136 -0.03246217966079712 0.0025473993737250566 -0.007107030600309372 0.022729497402906418 -0.01917404681444168 0.005639169830828905 0.018192149698734283 0.0012772312620654702 -0.010201318189501762 0.02437613159418106 -0.045966148376464844 0.010232137516140938 0.014665881171822548 0.012885074131190777 -0.008440176956355572 0.03758181631565094 0.10179021954536438 -0.012726589106023312 0.016999514773488045 0.01425149105489254 -0.0348302461206913 -0.0004650359333027154 -0.021578248590230942 -0.03344237431883812 -0.029286976903676987 0.06857194006443024 -0.02932828478515148 -0.018760770559310913 0.021520230919122696 0.016308913007378578 -0.023502793163061142 -0.020213080570101738 -0.043556712567806244 0.014859632588922977 -0.05945729464292526 -0.05075947567820549 -0.010650599375367165 -0.008576002903282642 -0.037608835846185684 -0.008752323687076569 -0.019059356302022934 -0.018908224999904633 -0.02843894250690937 0.016962528228759766 0.019847609102725983 -0.013397898524999619 0.06381399929523468 0.008125685155391693 -0.00833761878311634 -0.021769264712929726 -0.008240773342549801 -0.003896456677466631 -0.04096716269850731 -0.012166091240942478 -0.03868316859006882 0.0038526966236531734 -0.003714653430506587 -0.02169778384268284 -0.004449728410691023 -0.037175580859184265 -0.05017448589205742 -0.02982177957892418 -0.017810609191656113 -0.07267908751964569 -0.030543774366378784 0.006290001794695854 0.008048356510698795 -2.0313149434514344e-05 -0.04165198653936386 -0.01966041885316372 0.005345359910279512 -0.009823301807045937 -0.0040803286246955395 -0.03428425267338753 -0.0006946183857508004 0.006923757027834654 0.03655179962515831 0.017891880124807358 0.0047252001240849495 0.007804003078490496 -0.009600363671779633 0.009697875939309597 -0.02706790529191494 0.015075122006237507 0.0036199409514665604 -0.05241355672478676 -0.05105598643422127 -0.001378136919811368 -0.0005823653773404658 0.021126790076056574 0.020743123277664158 0.04853756299010822 0.1938866613518884 0.4058775793953772 0.7834089960549419 0.8978143002432146 0.9132161176813806 0.9549913265226257 -1.2458808 -1.2316291 -1.1732702 -1.03685 -1.0283101 -1.0627053 -1.222791 -1.1510344 -1.1539755 -1.3052105 -1.3056121 -1.1735545 -0.8543477 -0.5199313 -0.87947714 -1.0730276 -1.0461979 -1.0317413
2 400 -0.059552233666181564 -0.0005059433169662952 -0.006622192915529013 -0.04122203215956688 -0.10466200858354568 0.016397539526224136 -0.03246217966079712 0.0025473993737250566 -0.007107030600309372 0.022729497402906418 -0.01917404681444168 0.005639169830828905 0.018192149698734283 0.0012772312620654702 -0.010201318189501762 0.02437613159418106 -0.045966148376464844 0.010232137516140938 0.014665881171822548 0.012885074131190777 -0.008440176956355572 0.03758181631565094 0.10179021954536438 -0.012726589106023312 0.016999514773488045 0.01425149105489254 -0.0348302461206913 -0.0004650359333027154 -0.021578248590230942 -0.03344237431883812 -0.029286976903676987 0.06857194006443024 -0.02932828478515148 -0.018760770559310913 0.021520230919122696 0.016308913007378578 -0.023502793163061142 -0.020213080570101738 -0.043556712567806244 0.014859632588922977 -0.05945729464292526 -0.05075947567820549 -0.010650599375367165 -0.008576002903282642 -0.037608835846185684 -0.008752323687076569 -0.019059356302022934 -0.018908224999904633 -0.02843894250690937 0.016962528228759766 0.019847609102725983 -0.013397898524999619 0.06381399929523468 0.008125685155391693 -0.00833761878311634 -0.021769264712929726 -0.008240773342549801 -0.003896456677466631 -0.04096716269850731 -0.012166091240942478 -0.03868316859006882 0.0038526966236531734 -0.003714653430506587 -0.02169778384268284 -0.004449728410691023 -0.037175580859184265 -0.05017448589205742 -0.02982177957892418 -0.017810609191656113 -0.07267908751964569 -0.030543774366378784 0.006290001794695854 0.008048356510698795 -2.0313149434514344e-05 -0.04165198653936386 -0.01966041885316372 0.005345359910279512 -0.009823301807045937 -0.0040803286246955395 -0.03428425267338753 -0.0006946183857508004 0.006923757027834654 0.03655179962515831 0.017891880124807358 0.0047252001240849495 0.007804003078490496 -0.009600363671779633 0.009697875939309597 -0.02706790529191494 0.015075122006237507 0.0036199409514665604 -0.05241355672478676 -0.05105598643422127 -0.001378136919811368 -0.0005823653773404658 0.02510185803963934 0.027661926483331555 0.0825923208492884 0.3266394746423016 0.5149026284309814 0.8000675163024414 0.9347187034069102 0.8997290685033481 0.9528005991514898 -1.3317305 -1.2226985 -1.1680326 -0.9655016 -1.0090561 -1.2356911 -1.3817152 -1.2954545 -1.2476065 -1.40499 -1.3355663 -1.1935658 -0.598745 -0.495563 -1.1363255 -1.367648 -1.2159945 -1.2686049
0 400 -0.03970148786902428 -0.00033729555434547365 -0.004414794966578484 -0.027481352910399437 -0.06977467238903046 0.010931692086160183 -0.021641453728079796 0.001698266132734716 -0.004738020244985819 0.015152998268604279 -0.012782697565853596 0.003759446321055293 0.012128099799156189 0.0008514874498359859 -0.006800878793001175 0.01625075377523899 -0.030644098296761513 0.006821424700319767 0.009777254424989223 0.008590049110352993 -0.005626784171909094 0.02505454421043396 0.06786014884710312 -0.008484392426908016 0.011333010159432888 0.009500994347035885 -0.023220162838697433 -0.0003100239555351436 -0.014385499060153961 -0.022294916212558746 -0.019524650648236275 0.04571462795138359 -0.019552189856767654 -0.012507179751992226 0.014346820302307606 0.010872608050704002 -0.015668528154492378 -0.01347538735717535 -0.029037807136774063 0.009906421415507793 -0.03963819518685341 -0.03383965045213699 -0.00710039958357811 -0.005717335268855095 -0.025072557851672173 -0.005834882613271475 -0.01270623691380024 -0.012605482712388039 -0.018959295004606247 0.011308352462947369 0.013231739401817322 -0.008931932039558887 0.04254266247153282 0.005417123436927795 -0.005558412056416273 -0.014512843452394009 -0.00549384905025363 -0.0025976377073675394 -0.02731144241988659 -0.008110727183520794 -0.02578877843916416 0.002568464493378997 -0.0024764356203377247 -0.014465189538896084 -0.002966485684737563 -0.024783721193671227 -0.03344965726137161 -0.01988118700683117 -0.011873738840222359 -0.048452723771333694 -0.02036251686513424 0.004193334374576807 0.005365570541471243 -1.3542099623009562e-05 -0.02776798978447914 -0.013106944970786572 0.0035635733511298895 -0.0065488675609230995 -0.0027202190831303596 -0.02285616844892502 -0.00046307893353514373 0.004615837708115578 0.024367865175008774 0.011927920393645763 0.003150133416056633 0.005202668718993664 -0.006400242447853088 0.006465250160545111 -0.018045268952846527 0.010050080716609955 0.002413294045254588 -0.034942369908094406 -0.03403732180595398 -0.0009187579271383584 -0.0003882435557898134 0.02532783216137295 0.08175667188618736 0.19126014519578302 0.4968364214165753 0.7032872839167998 0.8408562675406106 0.9255919407893047 0.9557614289509003 0.9845913647975655 -1.1386151 -1.1008906 -1.0809371 -1.0072894 -0.9427614 -1.0472643 -1.1373556 -1.1372175 -1.1379174 -1.2599653 -1.0794332 -0.9653591 -0.796402 -0.65945065 -0.8760828 -1.0555478 -1.1179061 -1.1799756
1 400 -0.03970148786902428 -0.00033729555434547365 -0.004414794966578484 -0.027481352910399437 -0.06977467238903046 0.010931692086160183 -0.021641453728079796 0.001698266132734716 -0.004738020244985819 0.015152998268604279 -0.012782697565853596 0.003759446321055293 0.012128099799156189 0.0008514874498359859 -0.006800878793001175 0.01625075377523899 -0.030644098296761513 0.006821424700319767 0.009777254424989223 0.008590049110352993 -0.005626784171909094 0.02505454421043396 0.06786014884710312 -0.008484392426908016 0.011333010159432888 0.009500994347035885 -0.023220162838697433 -0.0003100239555351436 -0.014385499060153961 -0.022294916212558746 -0.019524650648236275 0.04571462795138359 -0.019552189856767654 -0.012507179751992226 0.014346820302307606 0.010872608050704002 -0.015668528154492378 -0.01347538735717535 -0.029037807136774063 0.009906421415507793 -0.03963819518685341 -0.03383965045213699 -0.00710039958357811 -0.005717335268855095 -0.025072557851672173 -0.005834882613271475 -0.01270623691380024 -0.012605482712388039 -0.018959295004606247 0.011308352462947369 0.013231739401817322 -0.008931932039558887 0.04254266247153282 0.005417123436927795 -0.005558412056416273 -0.014512843452394009 -0.00549384905025363 -0.0025976377073675394 -0.02731144241988659 -0.008110727183520794 -0.02578877843916416 0.002568464493378997 -0.0024764356203377247 -0.014465189538896084 -0.002966485684737563 -0.024783721193671227 -0.03344965726137161 -0.01988118700683117 -0.011873738840222359 -0.048452723771333694 -0.02036251686513424 0.004193334374576807 0.005365570541471243 -1.3542099623009562e-05 -0.02776798978447914 -0.013106944970786572 0.0035635733511298895 -0.0065488675609230995 -0.0027202190831303596 -0.02285616844892502 -0.00046307893353514373 0.004615837708115578 0.024367865175008774 0.011927920393645763 0.003150133416056633 0.005202668718993664 -0.006400242447853088 0.006465250160545111 -0.018045268952846527 0.010050080716609955 0.002413294045254588 -0.034942369908094406 -0.03403732180595398 -0.0009187579271383584 -0.0003882435557898134 0.019997380409075748 0.03232053033760839 0.07401283318448315 0.25354295153019973 0.4229129187204958 0.7491064931564821 0.8525950295244136 0.9267238406450184 0.9612089202184738 -1.1739624 -1.1314476 -1.0779216 -0.9405182 -0.9678205 -0.92434037 -1.043573 -1.0759317 -1.0749128 -1.293745 -1.174105 -1.0497286 -0.7353734 -0.45957604 -0.73641384 -0.87411594 -0.9959843 -0.99330294
2 400 -0.03970148786902428 -0.00033729555434547365 -0.004414794966578484 -0.027481352910399437 -0.06977467238903046 0.010931692086160183 -0.021641453728079796 0.001698266132734716 -0.004738020244985819 0.015152998268604279 -0.012782697565853596 0.003759446321055293 0.012128099799156189 0.0008514874498359859 -0.006800878793001175 0.01625075377523899 -0.030644098296761513 0.006821424700319767 0.009777254424989223 0.008590049110352993 -0.005626784171909094 0.02505454421043396 0.06786014884710312 -0.008484392426908016 0.011333010159432888 0.009500994347035885 -0.023220162838697433 -0.0003100239555351436 -0.014385499060153961 -0.022294916212558746 -0.019524650648236275 0.04571462795138359 -0.019552189856767654 -0.012507179751992226 0.014346820302307606 0.010872608050704002 -0.015668528154492378 -0.01347538735717535 -0.029037807136774063 0.009906421415507793 -0.03963819518685341 -0.03383965045213699 -0.00710039958357811 -0.005717335268855095 -0.025072557851672173 -0.005834882613271475 -0.01270623691380024 -0.012605482712388039 -0.018959295004606247 0.011308352462947369 0.013231739401817322 -0.008931932039558887 0.04254266247153282 0.005417123436927795 -0.005558412056416273 -0.014512843452394009 -0.00549384905025363 -0.0025976377073675394 -0.02731144241988659 -0.008110727183520794 -0.02578877843916416 0.002568464493378997 -0.0024764356203377247 -0.014465189538896084 -0.002966485684737563 -0.024783721193671227 -0.03344965726137161 -0.01988118700683117 -0.011873738840222359 -0.048452723771333694 -0.02036251686513424 0.004193334374576807 0.005365570541471243 -1.3542099623009562e-05 -0.02776798978447914 -0.013106944970786572 0.0035635733511298895 -0.0065488675609230995 -0.0027202190831303596 -0.02285616844892502 -0.00046307893353514373 0.004615837708115578 0.024367865175008774 0.011927920393645763 0.003150133416056633 0.005202668718993664 -0.006400242447853088 0.006465250160545111 -0.018045268952846527 0.010050080716609955 0.002413294045254588 -0.034942369908094406 -0.03403732180595398 -0.0009187579271383584 -0.0003882435557898134 0.013854219516319972 0.032022535390200745 0.07357533290863645 0.2531208889318572 0.35326724300754847 0.6587604131749287 0.7702603714657581 0.8544003995061072 0.931973730394656 -1.2237306 -1.1597285 -1.1074713 -0.96396196 -0.95754683 -1.0403285 -1.0916079 -1.2144852 -1.1534946 -1.3780497 -1.2571683 -1.130673 -0.6667597 -0.5606596 -0.89438844 -0.9645436 -1.0185119 -1.1576442
0 400 -0.01985074393451214 -0.00016864777717273682 -0.002207397483289242 -0.013740676455199718 -0.03488733619451523 0.0054658460430800915 -0.010820726864039898 0.000849133066367358 -0.0023690101224929094 0.007576499134302139 -0.006391348782926798 0.0018797231605276465 0.0060640498995780945 0.00042574372491799295 -0.0034004393965005875 0.008125376887619495 -0.015322049148380756 0.0034107123501598835 0.004888627212494612 0.0042950245551764965 -0.002813392085954547 0.01252727210521698 0.03393007442355156 -0.004242196213454008 0.005666505079716444 0.004750497173517942 -0.011610081419348717 -0.0001550119777675718 -0.007192749530076981 -0.011147458106279373 -0.009762325324118137 0.022857313975691795 -0.009776094928383827 -0.006253589875996113 0.007173410151153803 0.005436304025352001 -0.007834264077246189 -0.006737693678587675 -0.014518903568387032 0.004953210707753897 -0.019819097593426704 -0.016919825226068497 -0.003550199791789055 -0.0028586676344275475 -0.012536278925836086 -0.0029174413066357374 -0.00635311845690012 -0.006302741356194019 -0.009479647502303123 0.005654176231473684 0.006615869700908661 -0.004465966019779444 0.02127133123576641 0.0027085617184638977 -0.0027792060282081366 -0.007256421726197004 -0.002746924525126815 -0.0012988188536837697 -0.013655721209943295 -0.004055363591760397 -0.01289438921958208 0.0012842322466894984 -0.0012382178101688623 -0.007232594769448042 -0.0014832428423687816 -0.012391860596835613 -0.016724828630685806 -0.009940593503415585 -0.005936869420111179 -0.024226361885666847 -0.01018125843256712 0.0020966671872884035 0.0026827852707356215 -6.771049811504781e-06 -0.01388399489223957 -0.006553472485393286 0.0017817866755649447 -0.0032744337804615498 -0.0013601095415651798 -0.01142808422446251 -0.00023153946676757187 0.002307918854057789 0.012183932587504387 0.005963960196822882 0.0015750667080283165 0.002601334359496832 -0.003200121223926544 0.0032326250802725554 -0.009022634476423264 0.005025040358304977 0.001206647022627294 -0.017471184954047203 -0.01701866090297699 -0.0004593789635691792 -0.0001941217778949067 0.0303119216111025 0.08557694348005634 0.20755304726309382 0.5161672852728512 0.6587981025979329 0.7517254132117815 0.8633448498530282 0.9433173950384025 0.98469572192254 -1.0507134 -1.0448167 -0.98694223 -0.91397977 -0.83993685 -0.87139 -0.9475676 -1.0509937 -1.0785948 -1.1444167 -1.0243053 -0.8586887 -0.6869423 -0.5651649 -0.6768626 -0.8162863 -1.021371 -1.1202692
1 400 -0.01985074393451214 -0.00016864777717273682 -0.002207397483289242 -0.013740676455199718 -0.03488733619451523 0.0054658460430800915 -0.010820726864039898 0.000849133066367358 -0.0023690101224929094 0.007576499134302139 -0.006391348782926798 0.0018797231605276465 0.0060640498995780945 0.00042574372491799295 -0.0034004393965005875 0.008125376887619495 -0.015322049148380756 0.0034107123501598835 0.004888627212494612 0.0042950245551764965 -0.002813392085954547 0.01252727210521698 0.03393007442355156 -0.004242196213454008 0.005666505079716444 0.004750497173517942 -0.011610081419348717 -0.0001550119777675718 -0.007192749530076981 -0.011147458106279373 -0.009762325324118137 0.022857313975691795 -0.009776094928383827 -0.006253589875996113 0.007173410151153803 0.005436304025352001 -0.007834264077246189 -0.006737693678587675 -0.014518903568387032 0.004953210707753897 -0.019819097593426704 -0.016919825226068497 -0.003550199791789055 -0.0028586676344275475 -0.012536278925836086 -0.0029174413066357374 -0.00635311845690012 -0.006302741356194019 -0.009479647502303123 0.005654176231473684 0.006615869700908661 -0.004465966019779444 0.02127133123576641 0.0027085617184638977 -0.0027792060282081366 -0.007256421726197004 -0.002746924525126815 -0.0012988188536837697 -0.013655721209943295 -0.004055363591760397 -0.01289438921958208 0.0012842322466894984 -0.0012382178101688623 -0.007232594769448042 -0.0014832428423687816 -0.012391860596835613 -0.016724828630685806 -0.009940593503415585 -0.005936869420111179 -0.024226361885666847 -0.01018125843256712 0.0020966671872884035 0.0026827852707356215 -6.771049811504781e-06 -0.01388399489223957 -0.006553472485393286 0.0017817866755649447 -0.0032744337804615498 -0.0013601095415651798 -0.01142808422446251 -0.00023153946676757187 0.002307918854057789 0.012183932587504387 0.005963960196822882 0.0015750667080283165 0.002601334359496832 -0.003200121223926544 0.0032326250802725554 -0.009022634476423264 0.005025040358304977 0.001206647022627294 -0.017471184954047203 -0.01701866090297699 -0.0004593789635691792 -0.0001941217778949067 0.02662283961857631 0.04963820936309964 0.10553719622134775 0.319667728185364 0.4624267718859388 0.6460048156522676 0.8368193582550528 0.9418440670264691 0.968913799790953 -1.0792518 -1.0412025 -0.97322035 -0.8406807 -0.8147428 -0.80507517 -0.92316645 -1.0142989 -1.0525081 -1.1785345 -1.05159 -0.9170258 -0.6139092 -0.33092397 -0.588203 -0.744787 -0.9608455 -1.0183865
2 400 -0.01985074393451214 -0.00016864777717273682 -0.002207397483289242 -0.013740676455199718 -0.03488733619451523 0.0054658460430800915 -0.010820726864039898 0.000849133066367358 -0.0023690101224929094 0.007576499134302139 -0.006391348782926798 0.0018797231605276465 0.0060640498995780945 0.00042574372491799295 -0.0034004393965005875 0.008125376887619495 -0.015322049148380756 0.0034107123501598835 0.004888627212494612 0.0042950245551764965 -0.002813392085954547 0.01252727210521698 0.03393007442355156 -0.004242196213454008 0.005666505079716444 0.004750497173517942 -0.011610081419348717 -0.0001550119777675718 -0.007192749530076981 -0.011147458106279373 -0.009762325324118137 0.022857313975691795 -0.009776094928383827 -0.006253589875996113 0.007173410151153803 0.005436304025352001 -0.007834264077246189 -0.006737693678587675 -0.014518903568387032 0.004953210707753897 -0.019819097593426704 -0.016919825226068497 -0.003550199791789055 -0.0028586676344275475 -0.012536278925836086 -0.0029174413066357374 -0.00635311845690012 -0.006302741356194019 -0.009479647502303123 0.005654176231473684 0.006615869700908661 -0.004465966019779444 0.02127133123576641 0.0027085617184638977 -0.0027792060282081366 -0.007256421726197004 -0.002746924525126815 -0.0012988188536837697 -0.013655721209943295 -0.004055363591760397 -0.01289438921958208 0.0012842322466894984 -0.0012382178101688623 -0.007232594769448042 -0.0014832428423687816 -0.012391860596835613 -0.016724828630685806 -0.009940593503415585 -0.005936869420111179 -0.024226361885666847 -0.01018125843256712 0.0020966671872884035 0.0026827852707356215 -6.771049811504781e-06 -0.01388399489223957 -0.006553472485393286 0.0017817866755649447 -0.0032744337804615498 -0.0013601095415651798 -0.01142808422446251 -0.00023153946676757187 0.002307918854057789 0.012183932587504387 0.005963960196822882 0.0015750667080283165 0.002601334359496832 -0.003200121223926544 0.0032326250802725554 -0.009022634476423264 0.005025040358304977 0.001206647022627294 -0.017471184954047203 -0.01701866090297699 -0.0004593789635691792 -0.0001941217778949067 0.013839443575642908 0.029618381329428567 0.05724874970913628 0.1729350886498154 0.25173142839549173 0.4953340528580203 0.6224586588999034 0.8319880895870087 0.9345117841062157 -1.1746027 -1.1015099 -1.0181785 -0.9156376 -0.9102434 -0.90545875 -0.9076065 -1.1072729 -1.0996307 -1.3192639 -1.1869268 -1.0210867 -0.73324096 -0.635499 -0.72957206 -0.73672044 -0.96050036 -1.1080446
0 400 0.0 0.0 0.0 0.0 0.0 -0.0 0.0 -0.0 0.0 -0.0 0.0 -0.0 -0.0 -0.0 0.0 -0.0 0.0 -0.0 -0.0 -0.0 0.0 -0.0 -0.0 0.0 -0.0 -0.0 0.0 0.0 0.0 0.0 0.0 -0.0 0.0 0.0 -0.0 -0.0 0.0 0.0 0.0 -0.0 0.0 0.0 0.0 0.0 0.0 0.0 0.0 0.0 0.0 -0.0 -0.0 0.0 -0.0 -0.0 0.0 0.0 0.0 0.0 0.0 0.0 0.0 -0.0 0.0 0.0 0.0 0.0 0.0 0.0 0.0 0.0 0.0 -0.0 -0.0 0.0 0.0 0.0 -0.0 0.0 0.0 0.0 0.0 -0.0 -0.0 -0.0 -0.0 -0.0 0.0 -0.0 0.0 -0.0 -0.0 0.0 0.0 0.0 0.0 0.03272399032351366 0.08999063427169984 0.2460101327244017 0.5148922304876786 0.645652662658543 0.7267468057469827 0.8499429834511869 0.940383662149841 0.9820997815231858 -0.98254716 -0.9504616 -0.84934694 -0.73617136 -0.59570074 -0.63749874 -0.77956784 -0.91173476 -1.0445594 -1.0420142 -0.89822996 -0.6624448 -0.47087592 -0.29914707 -0.4073584 -0.62964046 -0.8593396 -1.1056614
1 400 0.0 0.0 0.0 0.0 0.0 -0.0 0.0 -0.0 0.0 -0.0 0.0 -0.0 -0.0 -0.0 0.0 -0.0 0.0 -0.0 -0.0 -0.0 0.0 -0.0 -0.0 0.0 -0.0 -0.0 0.0 0.0 0.0 0.0 0.0 -0.0 0.0 0.0 -0.0 -0.0 0.0 0.0 0.0 -0.0 0.0 0.0 0.0 0.0 0.0 0.0 0.0 0.0 0.0 -0.0 -0.0 0.0 -0.0 -0.0 0.0 0.0 0.0 0.0 0.0 0.0 0.0 -0.0 0.0 0.0 0.0 0.0 0.0 0.0 0.0 0.0 0.0 -0.0 -0.0 0.0 0.0 0.0 -0.0 0.0 0.0 0.0 0.0 -0.0 -0.0 -0.0 -0.0 -0.0 0.0 -0.0 0.0 -0.0 -0.0 0.0 0.0 0.0 0.0 0.03434466707084642 0.06303736435023799 0.11796517675128325 0.3254139999497251 0.42074569311123505 0.5216804130603437 0.8168180063378165 0.9295489620085966 0.9717730360169876 -1.0235242 -0.95888907 -0.86863923 -0.7481065 -0.6033485 -0.7562104 -0.86403704 -0.9784095 -1.0201209 -1.0798154 -0.93596065 -0.7800721 -0.5132432 -0.22401172 -0.45518583 -0.6846163 -0.9217398 -1.0362495
2 400 0.0 0.0 0.0 0.0 0.0 -0.0 0.0 -0.0 0.0 -0.0 0.0 -0.0 -0.0 -0.0 0.0 -0.0 0.0 -0.0 -0.0 -0.0 0.0 -0.0 -0.0 0.0 -0.0 -0.0 0.0 0.0 0.0 0.0 0.0 -0.0 0.0 0.0 -0.0 -0.0 0.0 0.0 0.0 -0.0 0.0 0.0 0.0 0.0 0.0 0.0 0.0 0.0 0.0 -0.0 -0.0 0.0 -0.0 -0.0 0.0 0.0 0.0 0.0 0.0 0.0 0.0 -0.0 0.0 0.0 0.0 0.0 0.0 0.0 0.0 0.0 0.0 -0.0 -0.0 0.0 0.0 0.0 -0.0 0.0 0.0 0.0 0.0 -0.0 -0.0 -0.0 -0.0 -0.0 0.0 -0.0 0.0 -0.0 -0.0 0.0 0.0 0.0 0.0 0.012819187469369437 0.032782979772819944 0.05434948357479134 0.128857930818199 0.2097466619992999 0.33998438000916775 0.6201838732606972 0.8047702300727255 0.9344811386319761 -1.0640968 -1.0072343 -0.9183732 -0.80275846 -0.7627598 -0.8048001 -0.79080564 -0.9555039 -1.029602 -1.2149726 -1.0695097 -0.91223156 -0.68090296 -0.5380759 -0.5078344 -0.6373768 -0.86387384 -1.0397543
0 400 0.01985074393451214 0.00016864777717273682 0.002207397483289242 0.013740676455199718 0.03488733619451523 -0.0054658460430800915 0.010820726864039898 -0.000849133066367358 0.0023690101224929094 -0.007576499134302139 0.006391348782926798 -0.0018797231605276465 -0.0060640498995780945 -0.00042574372491799295 0.0034004393965005875 -0.008125376887619495 0.015322049148380756 -0.0034107123501598835 -0.004888627212494612 -0.0042950245551764965 0.002813392085954547 -0.01252727210521698 -0.03393007442355156 0.004242196213454008 -0.005666505079716444 -0.004750497173517942 0.011610081419348717 0.0001550119777675718 0.007192749530076981 0.011147458106279373 0.009762325324118137 -0.022857313975691795 0.009776094928383827 0.006253589875996113 -0.007173410151153803 -0.005436304025352001 0.007834264077246189 0.006737693678587675 0.014518903568387032 -0.004953210707753897 0.019819097593426704 0.016919825226068497 0.003550199791789055 0.0028586676344275475 0.012536278925836086 0.0029174413066357374 0.00635311845690012 0.006302741356194019 0.009479647502303123 -0.005654176231473684 -0.006615869700908661 0.004465966019779444 -0.02127133123576641 -0.0027085617184638977 0.0027792060282081366 0.007256421726197004 0.002746924525126815 0.0012988188536837697 0.013655721209943295 0.004055363591760397 0.01289438921958208 -0.0012842322466894984 0.0012382178101688623 0.007232594769448042 0.0014832428423687816 0.012391860596835613 0.016724828630685806 0.009940593503415585 0.005936869420111179 0.024226361885666847 0.01018125843256712 -0.0020966671872884035 -0.0026827852707356215 6.771049811504781e-06 0.01388399489223957 0.006553472485393286 -0.0017817866755649447 0.0032744337804615498 0.0013601095415651798 0.01142808422446251 0.00023153946676757187 -0.002307918854057789 -0.012183932587504387 -0.005963960196822882 -0.0015750667080283165 -0.002601334359496832 0.003200121223926544 -0.0032326250802725554 0.009022634476423264 -0.005025040358304977 -0.001206647022627294 0.017471184954047203 0.01701866090297699 0.0004593789635691792 0.0001941217778949067 0.042262064491468035 0.11703376349564615 0.2990743983132685 0.5708567450090573 0.6770824856206574 0.7592178939068084 0.855074672497735 0.9160553595370324 0.9772364489678481 -0.90256864 -0.7612343 -0.51214516 -0.13618675 -0.029462516 -0.10328165 -0.2727403 -0.6135831 -0.93325245 -0.8988471 -0.6085756 -0.26837033 0.15003479 0.24910697 0.11153349 -0.09785779 -0.53571415 -0.979066
1 400 0.01985074393451214 0.00016864777717273682 0.002207397483289242 0.013740676455199718 0.03488733619451523 -0.0054658460430800915 0.010820726864039898 -0.000849133066367358 0.0023690101224929094 -0.007576499134302139 0.006391348782926798 -0.0018797231605276465 -0.0060640498995780945 -0.00042574372491799295 0.0034004393965005875 -0.008125376887619495 0.015322049148380756 -0.0034107123501598835 -0.004888627212494612 -0.0042950245551764965 0.002813392085954547 -0.01252727210521698 -0.03393007442355156 0.004242196213454008 -0.005666505079716444 -0.004750497173517942 0.011610081419348717 0.0001550119777675718 0.007192749530076981 0.011147458106279373 0.009762325324118137 -0.022857313975691795 0.009776094928383827 0.006253589875996113 -0.007173410151153803 -0.005436304025352001 0.007834264077246189 0.006737693678587675 0.014518903568387032 -0.004953210707753897 0.019819097593426704 0.016919825226068497 0.003550199791789055 0.0028586676344275475 0.012536278925836086 0.0029174413066357374 0.00635311845690012 0.006302741356194019 0.009479647502303123 -0.005654176231473684 -0.006615869700908661 0.004465966019779444 -0.02127133123576641 -0.0027085617184638977 0.0027792060282081366 0.007256421726197004 0.002746924525126815 0.0012988188536837697 0.013655721209943295 0.004055363591760397 0.01289438921958208 -0.0012842322466894984 0.0012382178101688623 0.007232594769448042 0.0014832428423687816 0.012391860596835613 0.016724828630685806 0.009940593503415585 0.005936869420111179 0.024226361885666847 0.01018125843256712 -0.0020966671872884035 -0.0026827852707356215 6.771049811504781e-06 0.01388399489223957 0.006553472485393286 -0.0017817866755649447 0.0032744337804615498 0.0013601095415651798 0.01142808422446251 0.00023153946676757187 -0.002307918854057789 -0.012183932587504387 -0.005963960196822882 -0.0015750667080283165 -0.002601334359496832 0.003200121223926544 -0.0032326250802725554 0.009022634476423264 -0.005025040358304977 -0.001206647022627294 0.017471184954047203 0.01701866090297699 0.0004593789635691792 0.0001941217778949067 0.04483784287666617 0.06785687475894274 0.1364252766981569 0.33138040590288415 0.508726717418 0.6314999581439523 0.8133636393077098 0.9034221046845665 0.9710900821908325 -0.8725553 -0.85226375 -0.6955959 -0.5496489 -0.3403074 -0.5616628 -0.67124474 -0.81889296 -0.97706735 -0.87517023 -0.8262758 -0.5687293 -0.31837034 -0.035492226 -0.31874102 -0.51721656 -0.7580229 -1.0014722
2 400 0.01985074393451214 0.00016864777717273682 0.002207397483289242 0.013740676455199718 0.03488733619451523 -0.0054658460430800915 0.010820726864039898 -0.000849133066367358 0.0023690101224929094 -0.007576499134302139 0.006391348782926798 -0.0018797231605276465 -0.0060640498995780945 -0.00042574372491799295 0.0034004393965005875 -0.008125376887619495 0.015322049148380756 -0.0034107123501598835 -0.004888627212494612 -0.0042950245551764965 0.002813392085954547 -0.01252727210521698 -0.03393007442355156 0.004242196213454008 -0.005666505079716444 -0.004750497173517942 0.011610081419348717 0.0001550119777675718 0.007192749530076981 0.011147458106279373 0.009762325324118137 -0.022857313975691795 0.009776094928383827 0.006253589875996113 -0.007173410151153803 -0.005436304025352001 0.007834264077246189 0.006737693678587675 0.014518903568387032 -0.004953210707753897 0.019819097593426704 0.016919825226068497 0.003550199791789055 0.0028586676344275475 0.012536278925836086 0.0029174413066357374 0.00635311845690012 0.006302741356194019 0.009479647502303123 -0.005654176231473684 -0.006615869700908661 0.004465966019779444 -0.02127133123576641 -0.0027085617184638977 0.0027792060282081366 0.007256421726197004 0.002746924525126815 0.0012988188536837697 0.013655721209943295 0.004055363591760397 0.01289438921958208 -0.0012842322466894984 0.0012382178101688623 0.007232594769448042 0.0014832428423687816 0.012391860596835613 0.016724828630685806 0.009940593503415585 0.005936869420111179 0.024226361885666847 0.01018125843256712 -0.0020966671872884035 -0.0026827852707356215 6.771049811504781e-06 0.01388399489223957 0.006553472485393286 -0.0017817866755649447 0.0032744337804615498 0.0013601095415651798 0.01142808422446251 0.00023153946676757187 -0.002307918854057789 -0.012183932587504387 -0.005963960196822882 -0.0015750667080283165 -0.002601334359496832 0.003200121223926544 -0.0032326250802725554 0.009022634476423264 -0.005025040358304977 -0.001206647022627294 0.017471184954047203 0.01701866090297699 0.0004593789635691792 0.0001941217778949067 0.016509019710828913 0.04014349080564386 0.06781048662801048 0.1869434500948422 0.30753064048695716 0.5193536373216086 0.67065577193856 0.8408248828438349 0.9544223981882876 -0.91487134 -0.8187007 -0.6903091 -0.39134893 -0.14816126 -0.22247088 -0.52914023 -0.62293375 -0.9107979 -1.0301131 -0.8415766 -0.6376489 -0.20271963 0.088353634 0.06339219 -0.37532997 -0.49350414 -0.9085859
0 400 0.03970148786902428 0.00033729555434547365 0.004414794966578484 0.027481352910399437 0.06977467238903046 -0.010931692086160183 0.021641453728079796 -0.001698266132734716 0.004738020244985819 -0.015152998268604279 0.012782697565853596 -0.003759446321055293 -0.012128099799156189 -0.0008514874498359859 0.006800878793001175 -0.01625075377523899 0.030644098296761513 -0.006821424700319767 -0.009777254424989223 -0.008590049110352993 0.005626784171909094 -0.02505454421043396 -0.06786014884710312 0.008484392426908016 -0.011333010159432888 -0.009500994347035885 0.023220162838697433 0.0003100239555351436 0.014385499060153961 0.022294916212558746 0.019524650648236275 -0.04571462795138359 0.019552189856767654 0.012507179751992226 -0.014346820302307606 -0.010872608050704002 0.015668528154492378 0.01347538735717535 0.029037807136774063 -0.009906421415507793 0.03963819518685341 0.03383965045213699 0.00710039958357811 0.005717335268855095 0.025072557851672173 0.005834882613271475 0.01270623691380024 0.012605482712388039 0.018959295004606247 -0.011308352462947369 -0.013231739401817322 0.008931932039558887 -0.04254266247153282 -0.005417123436927795 0.005558412056416273 0.014512843452394009 0.00549384905025363 0.0025976377073675394 0.02731144241988659 0.008110727183520794 0.02578877843916416 -0.002568464493378997 0.0024764356203377247 0.014465189538896084 0.002966485684737563 0.024783721193671227 0.03344965726137161 0.01988118700683117 0.011873738840222359 0.048452723771333694 0.02036251686513424 -0.004193334374576807 -0.005365570541471243 1.3542099623009562e-05 0.02776798978447914 0.013106944970786572 -0.0035635733511298895 0.0065488675609230995 0.0027202190831303596 0.02285616844892502 0.00046307893353514373 -0.004615837708115578 -0.024367865175008774 -0.011927920393645763 -0.003150133416056633 -0.005202668718993664 0.006400242447853088 -0.006465250160545111 0.018045268952846527 -0.010050080716609955 -0.002413294045254588 0.034942369908094406 0.03403732180595398 0.0009187579271383584 0.0003882435557898134 0.04508899669139122 0.18442336173001023 0.4400811877301793 0.550856786828096 0.6818069728810369 0.7525302140220496 0.8569994285807545 0.903285747768442 0.9722292997432348 -0.6979848 -0.3462106 -0.008290052 0.32654107 0.44865108 0.25837153 -0.011933565 -0.24465162 -0.71758825 -0.6932616 -0.18073706 0.23055342 0.52635956 0.6670127 0.45749214 0.10389754 -0.17539683 -0.7553215
1 400 0.03970148786902428 0.00033729555434547365 0.004414794966578484 0.027481352910399437 0.06977467238903046 -0.010931692086160183 0.021641453728079796 -0.001698266132734716 0.004738020244985819 -0.015152998268604279 0.012782697565853596 -0.003759446321055293 -0.012128099799156189 -0.0008514874498359859 0.006800878793001175 -0.01625075377523899 0.030644098296761513 -0.006821424700319767 -0.009777254424989223 -0.008590049110352993 0.005626784171909094 -0.02505454421043396 -0.06786014884710312 0.008484392426908016 -0.011333010159432888 -0.009500994347035885 0.023220162838697433 0.0003100239555351436 0.014385499060153961 0.022294916212558746 0.019524650648236275 -0.04571462795138359 0.019552189856767654 0.012507179751992226 -0.014346820302307606 -0.010872608050704002 0.015668528154492378 0.01347538735717535 0.029037807136774063 -0.009906421415507793 0.03963819518685341 0.03383965045213699 0.00710039958357811 0.005717335268855095 0.025072557851672173 0.005834882613271475 0.01270623691380024 0.012605482712388039 0.018959295004606247 -0.011308352462947369 -0.013231739401817322 0.008931932039558887 -0.04254266247153282 -0.005417123436927795 0.005558412056416273 0.014512843452394009 0.00549384905025363 0.0025976377073675394 0.02731144241988659 0.008110727183520794 0.02578877843916416 -0.002568464493378997 0.0024764356203377247 0.014465189538896084 0.002966485684737563 0.024783721193671227 0.03344965726137161 0.01988118700683117 0.011873738840222359 0.048452723771333694 0.02036251686513424 -0.004193334374576807 -0.005365570541471243 1.3542099623009562e-05 0.02776798978447914 0.013106944970786572 -0.0035635733511298895 0.0065488675609230995 0.0027202190831303596 0.02285616844892502 0.00046307893353514373 -0.004615837708115578 -0.024367865175008774 -0.011927920393645763 -0.003150133416056633 -0.005202668718993664 0.006400242447853088 -0.006465250160545111 0.018045268952846527 -0.010050080716609955 -0.002413294045254588 0.034942369908094406 0.03403732180595398 0.0009187579271383584 0.0003882435557898134 0.04757578020666129 0.1164683017031241 0.18817751220081652 0.34290327108790153 0.46019747667895583 0.6690173489074356 0.849295316572753 0.8893989556535404 0.9658218313443971 -0.65531385 -0.5806521 -0.45638895 -0.3609805 -0.14963457 -0.35273606 -0.47551864 -0.6606006 -0.8921865 -0.59680426 -0.42442682 -0.27803224 -0.12985103 0.1405414 -0.14586124 -0.33465737 -0.57827675 -0.89740014
2 400 0.03970148786902428 0.00033729555434547365 0.004414794966578484 0.027481352910399437 0.06977467238903046 -0.010931692086160183 0.021641453728079796 -0.001698266132734716 0.004738020244985819 -0.015152998268604279 0.012782697565853596 -0.003759446321055293 -0.012128099799156189 -0.0008514874498359859 0.006800878793001175 -0.01625075377523899 0.030644098296761513 -0.006821424700319767 -0.009777254424989223 -0.008590049110352993 0.005626784171909094 -0.02505454421043396 -0.06786014884710312 0.008484392426908016 -0.011333010159432888 -0.009500994347035885 0.023220162838697433 0.0003100239555351436 0.014385499060153961 0.022294916212558746 0.019524650648236275 -0.04571462795138359 0.019552189856767654 0.012507179751992226 -0.014346820302307606 -0.010872608050704002 0.015668528154492378 0.01347538735717535 0.029037807136774063 -0.009906421415507793 0.03963819518685341 0.03383965045213699 0.00710039958357811 0.005717335268855095 0.025072557851672173 0.005834882613271475 0.01270623691380024 0.012605482712388039 0.018959295004606247 -0.011308352462947369 -0.013231739401817322 0.008931932039558887 -0.04254266247153282 -0.005417123436927795 0.005558412056416273 0.014512843452394009 0.00549384905025363 0.0025976377073675394 0.02731144241988659 0.008110727183520794 0.02578877843916416 -0.002568464493378997 0.0024764356203377247 0.014465189538896084 0.002966485684737563 0.024783721193671227 0.03344965726137161 0.01988118700683117 0.011873738840222359 0.048452723771333694 0.02036251686513424 -0.004193334374576807 -0.005365570541471243 1.3542099623009562e-05 0.02776798978447914 0.013106944970786572 -0.0035635733511298895 0.0065488675609230995 0.0027202190831303596 0.02285616844892502 0.00046307893353514373 -0.004615837708115578 -0.024367865175008774 -0.011927920393645763 -0.003150133416056633 -0.005202668718993664 0.006400242447853088 -0.006465250160545111 0.018045268952846527 -0.010050080716609955 -0.002413294045254588 0.034942369908094406 0.03403732180595398 0.0009187579271383584 0.0003882435557898134 0.02290949262986108 0.0702006065401603 0.10762863923431853 0.21198310120827674 0.3804974103285494 0.5201181155455249 0.6662872408847365 0.8010394136803113 0.9429067631694426 -0.64842767 -0.3487862 -0.16777185 0.08650702 0.21824849 0.14251679 -0.25743952 -0.32848585 -0.7564408 -0.70208806 -0.2755583 -0.07051791 0.253953 0.40504286 0.36062196 -0.123620555 -0.18773991 -0.7294663
0 400 0.059552233666181564 0.0005059433169662952 0.006622192915529013 0.04122203215956688 0.10466200858354568 -0.016397539526224136 0.03246217966079712 -0.0025473993737250566 0.007107030600309372 -0.022729497402906418 0.01917404681444168 -0.005639169830828905 -0.018192149698734283 -0.0012772312620654702 0.010201318189501762 -0.02437613159418106 0.045966148376464844 -0.010232137516140938 -0.014665881171822548 -0.012885074131190777 0.008440176956355572 -0.03758181631565094 -0.10179021954536438 0.012726589106023312 -0.016999514773488045 -0.01425149105489254 0.0348302461206913 0.0004650359333027154 0.021578248590230942 0.03344237431883812 0.029286976903676987 -0.06857194006443024 0.02932828478515148 0.018760770559310913 -0.021520230919122696 -0.016308913007378578 0.023502793163061142 0.020213080570101738 0.043556712567806244 -0.014859632588922977 0.05945729464292526 0.05075947567820549 0.010650599375367165 0.008576002903282642 0.037608835846185684 0.008752323687076569 0.019059356302022934 0.018908224999904633 0.02843894250690937 -0.016962528228759766 -0.019847609102725983 0.013397898524999619 -0.06381399929523468 -0.008125685155391693 0.00833761878311634 0.021769264712929726 0.008240773342549801 0.003896456677466631 0.04096716269850731 0.012166091240942478 0.03868316859006882 -0.0038526966236531734 0.003714653430506587 0.02169778384268284 0.004449728410691023 0.037175580859184265 0.05017448589205742 0.02982177957892418 0.017810609191656113 0.07267908751964569 0.030543774366378784 -0.006290001794695854 -0.008048356510698795 2.0313149434514344e-05 0.04165198653936386 0.01966041885316372 -0.005345359910279512 0.009823301807045937 0.0040803286246955395 0.03428425267338753 0.0006946183857508004 -0.006923757027834654 -0.03655179962515831 -0.017891880124807358 -0.0047252001240849495 -0.007804003078490496 0.009600363671779633 -0.009697875939309597 0.02706790529191494 -0.015075122006237507 -0.0036199409514665604 0.05241355672478676 0.05105598643422127 0.001378136919811368 0.0005823653773404658 0.08746783902613017 0.30285919808205963 0.4552298087272539 0.522659800389954 0.6811938648841328 0.7030804749413624 0.8868835486726389 0.8979553180520989 0.9680434483314057 -0.31114334 0.10389322 0.35865486 0.6251515 0.79268324 0.60025203 0.18463749 0.06474817 -0.5256539 -0.29016563 0.25000092 0.55728114 0.77250004 0.95371485 0.73867345 0.26563713 0.106346756 -0.5866182
1 400 0.059552233666181564 0.0005059433169662952 0.006622192915529013 0.04122203215956688 0.10466200858354568 -0.016397539526224136 0.03246217966079712 -0.0025473993737250566 0.007107030600309372 -0.022729497402906418 0.01917404681444168 -0.005639169830828905 -0.018192149698734283 -0.0012772312620654702 0.010201318189501762 -0.02437613159418106 0.045966148376464844 -0.010232137516140938 -0.014665881171822548 -0.012885074131190777 0.008440176956355572 -0.03758181631565094 -0.10179021954536438 0.012726589106023312 -0.016999514773488045 -0.01425149105489254 0.0348302461206913 0.0004650359333027154 0.021578248590230942 0.03344237431883812 0.029286976903676987 -0.06857194006443024 0.02932828478515148 0.018760770559310913 -0.021520230919122696 -0.016308913007378578 0.023502793163061142 0.020213080570101738 0.043556712567806244 -0.014859632588922977 0.05945729464292526 0.05075947567820549 0.010650599375367165 0.008576002903282642 0.037608835846185684 0.008752323687076569 0.019059356302022934 0.018908224999904633 0.02843894250690937 -0.016962528228759766 -0.019847609102725983 0.013397898524999619 -0.06381399929523468 -0.008125685155391693 0.00833761878311634 0.021769264712929726 0.008240773342549801 0.003896456677466631 0.04096716269850731 0.012166091240942478 0.03868316859006882 -0.0038526966236531734 0.003714653430506587 0.02169778384268284 0.004449728410691023 0.037175580859184265 0.05017448589205742 0.02982177957892418 0.017810609191656113 0.07267908751964569 0.030543774366378784 -0.006290001794695854 -0.008048356510698795 2.0313149434514344e-05 0.04165198653936386 0.01966041885316372 -0.005345359910279512 0.009823301807045937 0.0040803286246955395 0.03428425267338753 0.0006946183857508004 -0.006923757027834654 -0.03655179962515831 -0.017891880124807358 -0.0047252001240849495 -0.007804003078490496 0.009600363671779633 -0.009697875939309597 0.02706790529191494 -0.015075122006237507 -0.0036199409514665604 0.05241355672478676 0.05105598643422127 0.001378136919811368 0.0005823653773404658 0.053855203535316025 0.1327282410605591 0.24253972615699082 0.3976796684460452 0.43756641198231644 0.49745549910597336 0.9030641575707978 0.9060820106941495 0.9603719030522856 -0.36608958 -0.30494 -0.12280995 -0.0060082674 0.0568828 -0.1121918 -0.29930705 -0.56588745 -0.8215445 -0.19939819 -0.07366909 0.13031438 0.2793227 0.29744747 0.038698405 -0.18173967 -0.51363385 -0.8231082
2 400 0.059552233666181564 0.0005059433169662952 0.006622192915529013 0.04122203215956688 0.10466200858354568 -0.016397539526224136 0.03246217966079712 -0.0025473993737250566 0.007107030600309372 -0.022729497402906418 0.01917404681444168 -0.005639169830828905 -0.018192149698734283 -0.0012772312620654702 0.010201318189501762 -0.02437613159418106 0.045966148376464844 -0.010232137516140938 -0.014665881171822548 -0.012885074131190777 0.008440176956355572 -0.03758181631565094 -0.10179021954536438 0.012726589106023312 -0.016999514773488045 -0.01425149105489254 0.0348302461206913 0.0004650359333027154 0.021578248590230942 0.03344237431883812 0.029286976903676987 -0.06857194006443024 0.02932828478515148 0.018760770559310913 -0.021520230919122696 -0.016308913007378578 0.023502793163061142 0.020213080570101738 0.043556712567806244 -0.014859632588922977 0.05945729464292526 0.05075947567820549 0.010650599375367165 0.008576002903282642 0.037608835846185684 0.008752323687076569 0.019059356302022934 0.018908224999904633 0.02843894250690937 -0.016962528228759766 -0.019847609102725983 0.013397898524999619 -0.06381399929523468 -0.008125685155391693 0.00833761878311634 0.021769264712929726 0.008240773342549801 0.003896456677466631 0.04096716269850731 0.012166091240942478 0.03868316859006882 -0.0038526966236531734 0.003714653430506587 0.02169778384268284 0.004449728410691023 0.037175580859184265 0.05017448589205742 0.02982177957892418 0.017810609191656113 0.07267908751964569 0.030543774366378784 -0.006290001794695854 -0.008048356510698795 2.0313149434514344e-05 0.04165198653936386 0.01966041885316372 -0.005345359910279512 0.009823301807045937 0.0040803286246955395 0.03428425267338753 0.0006946183857508004 -0.006923757027834654 -0.03655179962515831 -0.017891880124807358 -0.0047252001240849495 -0.007804003078490496 0.009600363671779633 -0.009697875939309597 0.02706790529191494 -0.015075122006237507 -0.0036199409514665604 0.05241355672478676 0.05105598643422127 0.001378136919811368 0.0005823653773404658 0.031959313515545214 0.09372266341129523 0.1260612618136298 0.1764384348108918 0.3415650460794367 0.4131914976199865 0.6128812037669151 0.7886707219436071 0.9334582982199653 -0.26541972 0.111480296 0.23550296 0.3799215 0.57378805 0.40438837 0.018993378 -0.08978099 -0.54899335 -0.2537704 0.19371447 0.31254122 0.5022279 0.7232747 0.523788 0.07669148 0.02154389 -0.5336962
0 400 0.07940297573804855 0.0006745911086909473 0.008829589933156967 0.054962705820798874 0.1395493447780609 -0.021863384172320366 0.04328290745615959 -0.003396532265469432 0.009476040489971638 -0.030305996537208557 0.02556539513170719 -0.007518892642110586 -0.024256199598312378 -0.0017029748996719718 0.01360175758600235 -0.03250150755047798 0.061288196593523026 -0.013642849400639534 -0.019554508849978447 -0.017180098220705986 0.011253568343818188 -0.05010908842086792 -0.13572029769420624 0.016968784853816032 -0.022666020318865776 -0.01900198869407177 0.04644032567739487 0.0006200479110702872 0.028770998120307922 0.04458983242511749 0.03904930129647255 -0.09142925590276718 0.03910437971353531 0.02501435950398445 -0.02869364060461521 -0.021745216101408005 0.031337056308984756 0.0269507747143507 0.058075614273548126 -0.019812842831015587 0.07927639037370682 0.06767930090427399 0.01420079916715622 0.01143467053771019 0.050145115703344345 0.01166976522654295 0.02541247382760048 0.025210965424776077 0.037918590009212494 -0.022616704925894737 -0.026463478803634644 0.017863864079117775 -0.08508532494306564 -0.01083424687385559 0.011116824112832546 0.029025686904788017 0.01098769810050726 0.005195275414735079 0.05462288483977318 0.016221454367041588 0.05157755687832832 -0.005136928986757994 0.004952871240675449 0.028930379077792168 0.005932971369475126 0.04956744238734245 0.06689931452274323 0.03976237401366234 0.023747477680444717 0.09690544754266739 0.04072503373026848 -0.008386668749153614 -0.010731141082942486 2.7084199246019125e-05 0.05553597956895828 0.026213889941573143 -0.007127146702259779 0.013097735121846199 0.005440438166260719 0.04571233689785004 0.0009261578670702875 -0.009231675416231155 -0.04873573035001755 -0.023855840787291527 -0.006300266832113266 -0.010405337437987328 0.012800484895706177 -0.012930500321090221 0.036090537905693054 -0.02010016143321991 -0.004826588090509176 0.06988473981618881 0.06807464361190796 0.0018375158542767167 0.0007764871115796268 0.1463547468469712 0.3011876517991714 0.3716485165174893 0.4595525045604048 0.6378538761242661 0.5763325788810924 0.8690410082154838 0.9058421606014607 0.9636293857846745 0.06844479 0.37163222 0.5899409 0.8217554 1.1670724 0.8770932 0.3827902 0.25618935 -0.3295228 0.086348146 0.50075614 0.7596948 0.9393295 1.3072474 0.9272196 0.38275328 0.28163 -0.41402936
1 400 0.07940297573804855 0.0006745911086909473 0.008829589933156967 0.054962705820798874 0.1395493447780609 -0.021863384172320366 0.04328290745615959 -0.003396532265469432 0.009476040489971638 -0.030305996537208557 0.02556539513170719 -0.007518892642110586 -0.024256199598312378 -0.0017029748996719718 0.01360175758600235 -0.03250150755047798 0.061288196593523026 -0.013642849400639534 -0.019554508849978447 -0.017180098220705986 0.011253568343818188 -0.05010908842086792 -0.13572029769420624 0.016968784853816032 -0.022666020318865776 -0.01900198869407177 0.04644032567739487 0.0006200479110702872 0.028770998120307922 0.04458983242511749 0.03904930129647255 -0.09142925590276718 0.03910437971353531 0.02501435950398445 -0.02869364060461521 -0.021745216101408005 0.031337056308984756 0.0269507747143507 0.058075614273548126 -0.019812842831015587 0.07927639037370682 0.06767930090427399 0.01420079916715622 0.01143467053771019 0.050145115703344345 0.01166976522654295 0.02541247382760048 0.025210965424776077 0.037918590009212494 -0.022616704925894737 -0.026463478803634644 0.017863864079117775 -0.08508532494306564 -0.01083424687385559 0.011116824112832546 0.029025686904788017 0.01098769810050726 0.005195275414735079 0.05462288483977318 0.016221454367041588 0.05157755687832832 -0.005136928986757994 0.004952871240675449 0.028930379077792168 0.005932971369475126 0.04956744238734245 0.06689931452274323 0.03976237401366234 0.023747477680444717 0.09690544754266739 0.04072503373026848 -0.008386668749153614 -0.010731141082942486 2.7084199246019125e-05 0.05553597956895828 0.026213889941573143 -0.007127146702259779 0.013097735121846199 0.005440438166260719 0.04571233689785004 0.0009261578670702875 -0.009231675416231155 -0.04873573035001755 -0.023855840787291527 -0.006300266832113266 -0.010405337437987328 0.012800484895706177 -0.012930500321090221 0.036090537905693054 -0.02010016143321991 -0.004826588090509176 0.06988473981618881 0.06807464361190796 0.0018375158542767167 0.0007764871115796268 0.05786580124612435 0.18156077096353299 0.3731711523662421 0.5182231694697987 0.4206256498466041 0.34732100270284594 0.9231675409073247 0.9323380242265559 0.9573987610264243 -0.016703129 0.11163908 0.33025485 0.380567 0.28616095 0.121361256 0.016457796 -0.4447493 -0.764126 0.19348457 0.38964632 0.6555815 0.6966647 0.46287963 0.23313048 0.11370808 -0.41617534 -0.7934207
2 400 0.07940297573804855 0.0006745911086909473 0.008829589933156967 0.054962705820798874 0.1395493447780609 -0.021863384172320366 0.04328290745615959 -0.003396532265469432 0.009476040489971638 -0.030305996537208557 0.02556539513170719 -0.007518892642110586 -0.024256199598312378 -0.0017029748996719718 0.01360175758600235 -0.03250150755047798 0.061288196593523026 -0.013642849400639534 -0.019554508849978447 -0.017180098220705986 0.011253568343818188 -0.05010908842086792 -0.13572029769420624 0.016968784853816032 -0.022666020318865776 -0.01900198869407177 0.04644032567739487 0.0006200479110702872 0.028770998120307922 0.04458983242511749 0.03904930129647255 -0.09142925590276718 0.03910437971353531 0.02501435950398445 -0.02869364060461521 -0.021745216101408005 0.031337056308984756 0.0269507747143507 0.058075614273548126 -0.019812842831015587 0.07927639037370682 0.06767930090427399 0.01420079916715622 0.01143467053771019 0.050145115703344345 0.01166976522654295 0.02541247382760048 0.025210965424776077 0.037918590009212494 -0.022616704925894737 -0.026463478803634644 0.017863864079117775 -0.08508532494306564 -0.01083424687385559 0.011116824112832546 0.029025686904788017 0.01098769810050726 0.005195275414735079 0.05462288483977318 0.016221454367041588 0.05157755687832832 -0.005136928986757994 0.004952871240675449 0.028930379077792168 0.005932971369475126 0.04956744238734245 0.06689931452274323 0.03976237401366234 0.023747477680444717 0.09690544754266739 0.04072503373026848 -0.008386668749153614 -0.010731141082942486 2.7084199246019125e-05 0.05553597956895828 0.026213889941573143 -0.007127146702259779 0.013097735121846199 0.005440438166260719 0.04571233689785004 0.0009261578670702875 -0.009231675416231155 -0.04873573035001755 -0.023855840787291527 -0.006300266832113266 -0.010405337437987328 0.012800484895706177 -0.012930500321090221 0.036090537905693054 -0.02010016143321991 -0.004826588090509176 0.06988473981618881 0.06807464361190796 0.0018375158542767167 0.0007764871115796268 0.02992318417818942 0.07799588098535018 0.0923762479249887 0.1528956126003683 0.2677414017448784 0.2856952524214562 0.6102087700387095 0.7579038934942127 0.923583447455714 -0.11559498 0.34202933 0.41582525 0.57898617 0.9196718 0.6538013 0.20600092 0.006223321 -0.35363236 -0.08267853 0.42197666 0.4809442 0.6623961 1.0572009 0.6959156 0.15132833 0.07442096 -0.36083478
0 400 0.09925372153520584 0.0008432388422079384 0.011036987416446209 0.06870338320732117 0.17443667352199554 -0.027329230681061745 0.054103631526231766 -0.004245665390044451 0.011845050379633904 -0.037882495671510696 0.0319567434489727 -0.009398615919053555 -0.030320249497890472 -0.002128718653693795 0.017002196982502937 -0.0406268835067749 0.07661024481058121 -0.01705356128513813 -0.024443134665489197 -0.02147512324154377 0.014066960662603378 -0.0626363605260849 -0.1696503609418869 0.021210981532931328 -0.028332524001598358 -0.02375248447060585 0.058050405234098434 0.0007750598597340286 0.0359637476503849 0.055737290531396866 0.04881162568926811 -0.11428656429052353 0.04888047277927399 0.03126794844865799 -0.03586705029010773 -0.02718151919543743 0.03917131945490837 0.033688466995954514 0.07259451597929001 -0.02476605400443077 0.09909548610448837 0.08459912240505219 0.017750998958945274 0.014293338172137737 0.06268139183521271 0.014587205834686756 0.031765591353178024 0.03151370584964752 0.04739823564887047 -0.02827087976038456 -0.033079348504543304 0.02232982963323593 -0.1063566580414772 -0.013542808592319489 0.013896030373871326 0.03628210723400116 0.013734621927142143 0.006494094152003527 0.06827860325574875 0.020276818424463272 0.06447194516658783 -0.006421160884201527 0.006191088818013668 0.03616297245025635 0.007416213862597942 0.06195930019021034 0.08362413942813873 0.0497029647231102 0.029684346169233322 0.12113180756568909 0.050906289368867874 -0.010483335703611374 -0.013413926586508751 3.3855249057523906e-05 0.0694199725985527 0.032767362892627716 -0.008908933028578758 0.01637216843664646 0.006800547707825899 0.057140421122312546 0.0011576972901821136 -0.011539594270288944 -0.060919661074876785 -0.029819799587130547 -0.007875333540141582 -0.013006671331822872 0.01600060611963272 -0.01616312563419342 0.04511317238211632 -0.025125201791524887 -0.006033234763890505 0.08735592663288116 0.08509330451488495 0.0022968947887420654 0.0009706089040264487 0.19176119387699772 0.2771370265299495 0.2949523209039936 0.398011000211517 0.5901080217570029 0.46405073430650795 0.8186760852811173 0.894159347142571 0.9647707237689875 0.452824 0.6192858 0.82134616 1.017928 1.5284616 1.076954 0.5853027 0.35620594 -0.084998816 0.49485633 0.73289025 0.9621006 1.1058118 1.6466029 1.0374578 0.43605158 0.3237656 -0.19105795
1 400 0.09925372153520584 0.0008432388422079384 0.011036987416446209 0.06870338320732117 0.17443667352199554 -0.027329230681061745 0.054103631526231766 -0.004245665390044451 0.011845050379633904 -0.037882495671510696 0.0319567434489727 -0.009398615919053555 -0.030320249497890472 -0.002128718653693795 0.017002196982502937 -0.0406268835067749 0.07661024481058121 -0.01705356128513813 -0.024443134665489197 -0.02147512324154377 0.014066960662603378 -0.0626363605260849 -0.1696503609418869 0.021210981532931328 -0.028332524001598358 -0.02375248447060585 0.058050405234098434 0.0007750598597340286 0.0359637476503849 0.055737290531396866 0.04881162568926811 -0.11428656429052353 0.04888047277927399 0.03126794844865799 -0.03586705029010773 -0.02718151919543743 0.03917131945490837 0.033688466995954514 0.07259451597929001 -0.02476605400443077 0.09909548610448837 0.08459912240505219 0.017750998958945274 0.014293338172137737 0.06268139183521271 0.014587205834686756 0.031765591353178024 0.03151370584964752 0.04739823564887047 -0.02827087976038456 -0.033079348504543304 0.02232982963323593 -0.1063566580414772 -0.013542808592319489 0.013896030373871326 0.03628210723400116 0.013734621927142143 0.006494094152003527 0.06827860325574875 0.020276818424463272 0.06447194516658783 -0.006421160884201527 0.006191088818013668 0.03616297245025635 0.007416213862597942 0.06195930019021034 0.08362413942813873 0.0497029647231102 0.029684346169233322 0.12113180756568909 0.050906289368867874 -0.010483335703611374 -0.013413926586508751 3.3855249057523906e-05 0.0694199725985527 0.032767362892627716 -0.008908933028578758 0.01637216843664646 0.006800547707825899 0.057140421122312546 0.0011576972901821136 -0.011539594270288944 -0.060919661074876785 -0.029819799587130547 -0.007875333540141582 -0.013006671331822872 0.01600060611963272 -0.01616312563419342 0.04511317238211632 -0.025125201791524887 -0.006033234763890505 0.08735592663288116 0.08509330451488495 0.0022968947887420654 0.0009706089040264487 0.0792468549932254 0.23486322700411053 0.45684129341195795 0.5807368766215 0.41074955724475576 0.3101879215040347 0.9314499654180681 0.9414132360599876 0.9606279999645574 0.40191686 0.52056885 0.72835267 0.70690525 0.5008309 0.3587926 0.3486433 -0.1736325 -0.6492424 0.650759 0.8402822 1.1031659 1.0187399 0.61194 0.45969185 0.40719244 -0.16298088 -0.705855
2 400 0.09925372153520584 0.0008432388422079384 0.011036987416446209 0.06870338320732117 0.17443667352199554 -0.027329230681061745 0.054103631526231766 -0.004245665390044451 0.011845050379633904 -0.037882495671510696 0.0319567434489727 -0.009398615919053555 -0.030320249497890472 -0.002128718653693795 0.017002196982502937 -0.0406268835067749 0.07661024481058121 -0.01705356128513813 -0.024443134665489197 -0.02147512324154377 0.014066960662603378 -0.0626363605260849 -0.1696503609418869 0.021210981532931328 -0.028332524001598358 -0.02375248447060585 0.058050405234098434 0.0007750598597340286 0.0359637476503849 0.055737290531396866 0.04881162568926811 -0.11428656429052353 0.04888047277927399 0.03126794844865799 -0.03586705029010773 -0.02718151919543743 0.03917131945490837 0.033688466995954514 0.07259451597929001 -0.02476605400443077 0.09909548610448837 0.08459912240505219 0.017750998958945274 0.014293338172137737 0.06268139183521271 0.014587205834686756 0.031765591353178024 0.03151370584964752 0.04739823564887047 -0.02827087976038456 -0.033079348504543304 0.02232982963323593 -0.1063566580414772 -0.013542808592319489 0.013896030373871326 0.03628210723400116 0.013734621927142143 0.006494094152003527 0.06827860325574875 0.020276818424463272 0.06447194516658783 -0.006421160884201527 0.006191088818013668 0.03616297245025635 0.007416213862597942 0.06195930019021034 0.08362413942813873 0.0497029647231102 0.029684346169233322 0.12113180756568909 0.050906289368867874 -0.010483335703611374 -0.013413926586508751 3.3855249057523906e-05 0.0694199725985527 0.032767362892627716 -0.008908933028578758 0.01637216843664646 0.006800547707825899 0.057140421122312546 0.0011576972901821136 -0.011539594270288944 -0.060919661074876785 -0.029819799587130547 -0.007875333540141582 -0.013006671331822872 0.01600060611963272 -0.01616312563419342 0.04511317238211632 -0.025125201791524887 -0.006033234763890505 0.08735592663288116 0.08509330451488495 0.0022968947887420654 0.0009706089040264487 0.026367065308134097 0.06070512416004613 0.07474659284315288 0.1259533427438145 0.1898571141329731 0.18054745217109147 0.5986077099837397 0.6416959618119131 0.9062140674419004 0.032096982 0.4891094 0.62583816 0.7801422 1.2146639 0.85844576 0.3580684 0.18828392 -0.21070272 0.079904705 0.5553541 0.6764461 0.83433247 1.329948 0.83020854 0.19201192 0.14279714 -0.23910114
0 400 0.11910446733236313 0.0010118866339325905 0.013244385831058025 0.08244406431913376 0.20932401716709137 -0.03279507905244827 0.06492435932159424 -0.005094798747450113 0.014214061200618744 -0.045458994805812836 0.03834809362888336 -0.01127833966165781 -0.03638429939746857 -0.0025544625241309404 0.020402636379003525 -0.04875226318836212 0.09193229675292969 -0.020464275032281876 -0.029331762343645096 -0.025770148262381554 0.016880353912711143 -0.07516363263130188 -0.20358043909072876 0.025453178212046623 -0.03399902954697609 -0.02850298210978508 0.0696604922413826 0.0009300718666054308 0.043156497180461884 0.06688474863767624 0.05857395380735397 -0.13714388012886047 0.05865656957030296 0.037521541118621826 -0.04304046183824539 -0.032617826014757156 0.047005586326122284 0.040426161140203476 0.08711342513561249 -0.029719265177845955 0.11891458928585052 0.10151895135641098 0.02130119875073433 0.017152005806565285 0.07521767169237137 0.017504647374153137 0.03811871260404587 0.037816449999809265 0.05687788501381874 -0.03392505645751953 -0.039695218205451965 0.026795797049999237 -0.12762799859046936 -0.016251370310783386 0.01667523756623268 0.04353852942585945 0.016481546685099602 0.007792913354933262 0.08193432539701462 0.024332182481884956 0.07736633718013763 -0.007705393247306347 0.007429306861013174 0.04339556768536568 0.008899456821382046 0.07435116171836853 0.10034897178411484 0.05964355915784836 0.035621218383312225 0.14535817503929138 0.06108754873275757 -0.012580003589391708 -0.01609671302139759 4.062629886902869e-05 0.08330397307872772 0.03932083770632744 -0.010690719820559025 0.019646603614091873 0.008160657249391079 0.06856850534677505 0.0013892367715016007 -0.013847514055669308 -0.07310359925031662 -0.035783760249614716 -0.009450400248169899 -0.015608006156980991 0.019200727343559265 -0.019395751878619194 0.05413581058382988 -0.030150244012475014 -0.007239881902933121 0.10482711344957352 0.10211197286844254 0.002756273839622736 0.0011647307546809316 0.22014680113508575 0.2652749909794699 0.24520764583170493 0.3396644497757802 0.5417842274649387 0.35121410244316853 0.8232340276217295 0.8030859606003499 0.9674809005877265 0.8295109 0.8412838 1.0162057 1.2145308 1.7794307 1.198531 0.71805394 0.53208506 0.077667415 0.8866844 0.9379418 1.1259916 1.2725313 1.8606434 1.0626125 0.4473395 0.34207198 -0.038253456
1 400 0.11910446733236313 0.0010118866339325905 0.013244385831058025 0.08244406431913376 0.20932401716709137 -0.03279507905244827 0.06492435932159424 -0.005094798747450113 0.014214061200618744 -0.045458994805812836 0.03834809362888336 -0.01127833966165781 -0.03638429939746857 -0.0025544625241309404 0.020402636379003525 -0.04875226318836212 0.09193229675292969 -0.020464275032281876 -0.029331762343645096 -0.025770148262381554 0.016880353912711143 -0.07516363263130188 -0.20358043909072876 0.025453178212046623 -0.03399902954697609 -0.02850298210978508 0.0696604922413826 0.0009300718666054308 0.043156497180461884 0.06688474863767624 0.05857395380735397 -0.13714388012886047 0.05865656957030296 0.037521541118621826 -0.04304046183824539 -0.032617826014757156 0.047005586326122284 0.040426161140203476 0.08711342513561249 -0.029719265177845955 0.11891458928585052 0.10151895135641098 0.02130119875073433 0.017152005806565285 0.07521767169237137 0.017504647374153137 0.03811871260404587 0.037816449999809265 0.05687788501381874 -0.03392505645751953 -0.039695218205451965 0.026795797049999237 -0.12762799859046936 -0.016251370310783386 0.01667523756623268 0.04353852942585945 0.016481546685099602 0.007792913354933262 0.08193432539701462 0.024332182481884956 0.07736633718013763 -0.007705393247306347 0.007429306861013174 0.04339556768536568 0.008899456821382046 0.07435116171836853 0.10034897178411484 0.05964355915784836 0.035621218383312225 0.14535817503929138 0.06108754873275757 -0.012580003589391708 -0.01609671302139759 4.062629886902869e-05 0.08330397307872772 0.03932083770632744 -0.010690719820559025 0.019646603614091873 0.008160657249391079 0.06856850534677505 0.0013892367715016007 -0.013847514055669308 -0.07310359925031662 -0.035783760249614716 -0.009450400248169899 -0.015608006156980991 0.019200727343559265 -0.019395751878619194 0.05413581058382988 -0.030150244012475014 -0.007239881902933121 0.10482711344957352 0.10211197286844254 0.002756273839622736 0.0011647307546809316 0.10756372034556995 0.26320489668701513 0.4574120435801164 0.5566725656763639 0.3176443253326693 0.32642418495593983 0.9270001478722182 0.9449111720765841 0.9638947372646843 0.81896794 0.88023984 1.0274395 1.0131055 0.57672226 0.68973315 0.63717544 0.14301777 -0.47623506 1.1063491 1.2261873 1.4172792 1.3236594 0.6148503 0.770041 0.6724435 0.12018874 -0.53922504
2 400 0.11910446733236313 0.0010118866339325905 0.013244385831058025 0.08244406431913376 0.20932401716709137 -0.03279507905244827 0.06492435932159424 -0.005094798747450113 0.014214061200618744 -0.045458994805812836 0.03834809362888336 -0.01127833966165781 -0.03638429939746857 -0.0025544625241309404 0.020402636379003525 -0.04875226318836212 0.09193229675292969 -0.020464275032281876 -0.029331762343645096 -0.025770148262381554 0.016880353912711143 -0.07516363263130188 -0.20358043909072876 0.025453178212046623 -0.03399902954697609 -0.02850298210978508 0.0696604922413826 0.0009300718666054308 0.043156497180461884 0.06688474863767624 0.05857395380735397 -0.13714388012886047 0.05865656957030296 0.037521541118621826 -0.04304046183824539 -0.032617826014757156 0.047005586326122284 0.040426161140203476 0.08711342513561249 -0.029719265177845955 0.11891458928585052 0.10151895135641098 0.02130119875073433 0.017152005806565285 0.07521767169237137 0.017504647374153137 0.03811871260404587 0.037816449999809265 0.05687788501381874 -0.03392505645751953 -0.039695218205451965 0.026795797049999237 -0.12762799859046936 -0.016251370310783386 0.01667523756623268 0.04353852942585945 0.016481546685099602 0.007792913354933262 0.08193432539701462 0.024332182481884956 0.07736633718013763 -0.007705393247306347 0.007429306861013174 0.04339556768536568 0.008899456821382046 0.07435116171836853 0.10034897178411484 0.05964355915784836 0.035621218383312225 0.14535817503929138 0.06108754873275757 -0.012580003589391708 -0.01609671302139759 4.062629886902869e-05 0.08330397307872772 0.03932083770632744 -0.010690719820559025 0.019646603614091873 0.008160657249391079 0.06856850534677505 0.0013892367715016007 -0.013847514055669308 -0.07310359925031662 -0.035783760249614716 -0.009450400248169899 -0.015608006156980991 0.019200727343559265 -0.019395751878619194 0.05413581058382988 -0.030150244012475014 -0.007239881902933121 0.10482711344957352 0.10211197286844254 0.002756273839622736 0.0011647307546809316 0.021133025342233457 0.06010825121284041 0.06731313837326368 0.10882006502785944 0.10662855095133027 0.10830241834114411 0.59083837255125 0.53989143613907 0.847004878961951 0.28122544 0.72283614 0.8186866 1.0046371 1.283514 1.0568234 0.49267852 0.30164975 -0.057976097 0.34384885 0.772434 0.85217714 1.0298684 1.2845932 0.9573276 0.21876279 0.12932333 -0.14461055
0 400 0.13895520567893982 0.0011805343674495816 0.015451782383024693 0.09618473798036575 0.244211345911026 -0.03826092183589935 0.07574508339166641 -0.0059439316391944885 0.016583070158958435 -0.053035493940114975 0.04473944008350372 -0.013158062472939491 -0.04244834929704666 -0.002980206161737442 0.023803075775504112 -0.056877635419368744 0.10725434124469757 -0.023874985054135323 -0.034220386296510696 -0.030065171420574188 0.01969374530017376 -0.08769090473651886 -0.23751050233840942 0.02969537302851677 -0.03966553136706352 -0.03325347602367401 0.08127056807279587 0.0010850838152691722 0.050349246710538864 0.07803220301866531 0.06833627820014954 -0.16000118851661682 0.06843265891075134 0.043775126338005066 -0.05021386966109276 -0.038054127246141434 0.0548398457467556 0.04716385155916214 0.10163231939077377 -0.03467247635126114 0.13873368501663208 0.11843877285718918 0.024851398542523384 0.020010672509670258 0.08775394409894943 0.020422087982296944 0.044471826404333115 0.04411918669939041 0.06635753065347672 -0.039579231292009354 -0.046311087906360626 0.031261760741472244 -0.14889931678771973 -0.018959932029247284 0.019454441964626312 0.050794947892427444 0.01922846958041191 0.00909173209220171 0.09559004008769989 0.02838754467666149 0.09026072174310684 -0.008989624679088593 0.008667523972690105 0.05062815919518471 0.010382698848843575 0.08674301952123642 0.11707379668951035 0.06958414614200592 0.04155808314681053 0.16958452761173248 0.07126880437135696 -0.014676669612526894 -0.01877949759364128 4.739734868053347e-05 0.09718795865774155 0.04587430879473686 -0.012472505681216717 0.022921035066246986 0.009520766325294971 0.07999658584594727 0.001620776136405766 -0.016155431047081947 -0.08528752624988556 -0.041747719049453735 -0.011025466956198215 -0.018209340050816536 0.02240084856748581 -0.02262837626039982 0.06315843760967255 -0.03517528250813484 -0.00844652857631445 0.12229829281568527 0.11913062632083893 0.003215652657672763 0.0013588524889200926 0.2336451346955146 0.21907645752196522 0.20376312625961204 0.282161013730908 0.3772120197443679 0.25245347855558925 0.8506420110921996 0.7086795997374071 0.967584700599124 1.1859907 1.1276032 1.2058643 1.4090773 1.8538362 1.3212043 0.9416897 0.64618313 0.07669914 1.2507068 1.1996751 1.2841668 1.4371245 1.8440533 1.0888493 0.58537936 0.32073602 -0.06938207
1 400 0.13895520567893982 0.0011805343674495816 0.015451782383024693 0.09618473798036575 0.244211345911026 -0.03826092183589935 0.07574508339166641 -0.0059439316391944885 0.016583070158958435 -0.053035493940114975 0.04473944008350372 -0.013158062472939491 -0.04244834929704666 -0.002980206161737442 0.023803075775504112 -0.056877635419368744 0.10725434124469757 -0.023874985054135323 -0.034220386296510696 -0.030065171420574188 0.01969374530017376 -0.08769090473651886 -0.23751050233840942 0.02969537302851677 -0.03966553136706352 -0.03325347602367401 0.08127056807279587 0.0010850838152691722 0.050349246710538864 0.07803220301866531 0.06833627820014954 -0.16000118851661682 0.06843265891075134 0.043775126338005066 -0.05021386966109276 -0.038054127246141434 0.0548398457467556 0.04716385155916214 0.10163231939077377 -0.03467247635126114 0.13873368501663208 0.11843877285718918 0.024851398542523384 0.020010672509670258 0.08775394409894943 0.020422087982296944 0.044471826404333115 0.04411918669939041 0.06635753065347672 -0.039579231292009354 -0.046311087906360626 0.031261760741472244 -0.14889931678771973 -0.018959932029247284 0.019454441964626312 0.050794947892427444 0.01922846958041191 0.00909173209220171 0.09559004008769989 0.02838754467666149 0.09026072174310684 -0.008989624679088593 0.008667523972690105 0.05062815919518471 0.010382698848843575 0.08674301952123642 0.11707379668951035 0.06958414614200592 0.04155808314681053 0.16958452761173248 0.07126880437135696 -0.014676669612526894 -0.01877949759364128 4.739734868053347e-05 0.09718795865774155 0.04587430879473686 -0.012472505681216717 0.022921035066246986 0.009520766325294971 0.07999658584594727 0.001620776136405766 -0.016155431047081947 -0.08528752624988556 -0.041747719049453735 -0.011025466956198215 -0.018209340050816536 0.02240084856748581 -0.02262837626039982 0.06315843760967255 -0.03517528250813484 -0.00844652857631445 0.12229829281568527 0.11913062632083893 0.003215652657672763 0.0013588524889200926 0.1418047207203942 0.2601398500775215 0.4324152460791754 0.4823805838061141 0.25481835453466034 0.3056651148642538 0.9221803287168868 0.947516395851491 0.959443417894967 1.2325149 1.2307051 1.3208228 1.311737 0.7122847 0.9723685 0.9284893 0.4617495 -0.16799304 1.5584209 1.592146 1.7187986 1.6381388 0.75652266 1.0342642 0.9397824 0.40714118 -0.27706957
2 400 0.13895520567893982 0.0011805343674495816 0.015451782383024693 0.09618473798036575 0.244211345911026 -0.03826092183589935 0.07574508339166641 -0.0059439316391944885 0.016583070158958435 -0.053035493940114975 0.04473944008350372 -0.013158062472939491 -0.04244834929704666 -0.002980206161737442 0.023803075775504112 -0.056877635419368744 0.10725434124469757 -0.023874985054135323 -0.034220386296510696 -0.030065171420574188 0.01969374530017376 -0.08769090473651886 -0.23751050233840942 0.02969537302851677 -0.03966553136706352 -0.03325347602367401 0.08127056807279587 0.0010850838152691722 0.050349246710538864 0.07803220301866531 0.06833627820014954 -0.16000118851661682 0.06843265891075134 0.043775126338005066 -0.05021386966109276 -0.038054127246141434 0.0548398457467556 0.04716385155916214 0.10163231939077377 -0.03467247635126114 0.13873368501663208 0.11843877285718918 0.024851398542523384 0.020010672509670258 0.08775394409894943 0.020422087982296944 0.044471826404333115 0.04411918669939041 0.06635753065347672 -0.039579231292009354 -0.046311087906360626 0.031261760741472244 -0.14889931678771973 -0.018959932029247284 0.019454441964626312 0.050794947892427444 0.01922846958041191 0.00909173209220171 0.09559004008769989 0.02838754467666149 0.09026072174310684 -0.008989624679088593 0.008667523972690105 0.05062815919518471 0.010382698848843575 0.08674301952123642 0.11707379668951035 0.06958414614200592 0.04155808314681053 0.16958452761173248 0.07126880437135696 -0.014676669612526894 -0.01877949759364128 4.739734868053347e-05 0.09718795865774155 0.04587430879473686 -0.012472505681216717 0.022921035066246986 0.009520766325294971 0.07999658584594727 0.001620776136405766 -0.016155431047081947 -0.08528752624988556 -0.041747719049453735 -0.011025466956198215 -0.018209340050816536 0.02240084856748581 -0.02262837626039982 0.06315843760967255 -0.03517528250813484 -0.00844652857631445 0.12229829281568527 0.11913062632083893 0.003215652657672763 0.0013588524889200926 0.022242901093910805 0.05057490113649025 0.06264199840075846 0.09879865398592817 0.05316946662086869 0.06290764393362594 0.6308633067257615 0.4608668712654455 0.7071128134087465 0.6457089 0.94084084 1.0420134 1.2490386 1.265192 1.1914788 0.69177115 0.39781952 0.19875991 0.717648 0.961895 1.0549586 1.2490721 1.1395711 1.0073534 0.32772782 0.099057525 -0.03308326
0 400 0.1588059514760971 0.0013491822173818946 0.017659179866313934 0.10992541164159775 0.2790986895561218 -0.04372676834464073 0.08656581491231918 -0.006793064530938864 0.018952080979943275 -0.060611993074417114 0.05113079026341438 -0.015037785284221172 -0.048512399196624756 -0.0034059497993439436 0.0272035151720047 -0.06500301510095596 0.12257639318704605 -0.027285698801279068 -0.039109017699956894 -0.03436019644141197 0.022507136687636375 -0.10021817684173584 -0.2714405953884125 0.033937569707632065 -0.04533204063773155 -0.03800397738814354 0.09288065135478973 0.0012400958221405745 0.057541996240615845 0.08917966485023499 0.0780986025929451 -0.18285851180553436 0.07820875942707062 0.0500287190079689 -0.05738728120923042 -0.04349043220281601 0.06267411261796951 0.0539015494287014 0.11615122854709625 -0.039625685662031174 0.15855278074741364 0.13535860180854797 0.02840159833431244 0.02286934107542038 0.10029023140668869 0.0233395304530859 0.05082494765520096 0.050421930849552155 0.07583718001842499 -0.045233409851789474 -0.05292695760726929 0.03572772815823555 -0.1701706498861313 -0.02166849374771118 0.022233648225665092 0.058051373809576035 0.02197539620101452 0.010390550829470158 0.10924576967954636 0.032442908734083176 0.10315511375665665 -0.010273857973515987 0.009905742481350899 0.057860758155584335 0.011865942738950253 0.0991348847746849 0.13379862904548645 0.07952474802732468 0.047494955360889435 0.19381089508533478 0.08145006746053696 -0.016773337498307228 -0.02146228216588497 5.416839849203825e-05 0.11107195913791656 0.052427779883146286 -0.014254293404519558 0.026195470243692398 0.010880876332521439 0.09142467379570007 0.001852315734140575 -0.01846335083246231 -0.0974714607000351 -0.047711681574583054 -0.012600533664226532 -0.020810674875974655 0.025600969791412354 -0.025861000642180443 0.07218107581138611 -0.04020032286643982 -0.009653176181018353 0.13976947963237762 0.13614928722381592 0.0036750317085534334 0.0015529742231592536 0.24465944345585758 0.16409268992273962 0.16724483036008145 0.1940488414310236 0.23828788305310214 0.15581221390062205 0.8805512934862717 0.65146022169554 0.9490010558964438 1.5416328 1.4166919 1.3955613 1.582141 1.9156164 1.4276502 1.2442919 0.75959766 0.21198153 1.6128774 1.454351 1.4418983 1.575206 1.8096898 1.1115723 0.8278487 0.34247985 -0.042483807
1 400 0.1588059514760971 0.0013491822173818946 0.017659179866313934 0.10992541164159775 0.2790986895561218 -0.04372676834464073 0.08656581491231918 -0.006793064530938864 0.018952080979943275 -0.060611993074417114 0.05113079026341438 -0.015037785284221172 -0.048512399196624756 -0.0034059497993439436 0.0272035151720047 -0.06500301510095596 0.12257639318704605 -0.027285698801279068 -0.039109017699956894 -0.03436019644141197 0.022507136687636375 -0.10021817684173584 -0.2714405953884125 0.033937569707632065 -0.04533204063773155 -0.03800397738814354 0.09288065135478973 0.0012400958221405745 0.057541996240615845 0.08917966485023499 0.0780986025929451 -0.18285851180553436 0.07820875942707062 0.0500287190079689 -0.05738728120923042 -0.04349043220281601 0.06267411261796951 0.0539015494287014 0.11615122854709625 -0.039625685662031174 0.15855278074741364 0.13535860180854797 0.02840159833431244 0.02286934107542038 0.10029023140668869 0.0233395304530859 0.05082494765520096 0.050421930849552155 0.07583718001842499 -0.045233409851789474 -0.05292695760726929 0.03572772815823555 -0.1701706498861313 -0.02166849374771118 0.022233648225665092 0.058051373809576035 0.02197539620101452 0.010390550829470158 0.10924576967954636 0.032442908734083176 0.10315511375665665 -0.010273857973515987 0.009905742481350899 0.057860758155584335 0.011865942738950253 0.0991348847746849 0.13379862904548645 0.07952474802732468 0.047494955360889435 0.19381089508533478 0.08145006746053696 -0.016773337498307228 -0.02146228216588497 5.416839849203825e-05 0.11107195913791656 0.052427779883146286 -0.014254293404519558 0.026195470243692398 0.010880876332521439 0.09142467379570007 0.001852315734140575 -0.01846335083246231 -0.0974714607000351 -0.047711681574583054 -0.012600533664226532 -0.020810674875974655 0.025600969791412354 -0.025861000642180443 0.07218107581138611 -0.04020032286643982 -0.009653176181018353 0.13976947963237762 0.13614928722381592 0.0036750317085534334 0.0015529742231592536 0.17659150717884653 0.24207987525882893 0.3747031191059056 0.4087201142033637 0.20241482592235402 0.28130234215179756 0.9459463656739643 0.941537678836875 0.9519060780884426 1.6370007 1.5695904 1.6243302 1.6092373 1.0095552 1.2470894 1.239214 0.7965611 0.24581826 2.0000432 1.9411142 2.0224717 1.9512901 1.0697508 1.2920175 1.2311639 0.73410237 0.08309013
2 400 0.1588059514760971 0.0013491822173818946 0.017659179866313934 0.10992541164159775 0.2790986895561218 -0.04372676834464073 0.08656581491231918 -0.006793064530938864 0.018952080979943275 -0.060611993074417114 0.05113079026341438 -0.015037785284221172 -0.048512399196624756 -0.0034059497993439436 0.0272035151720047 -0.06500301510095596 0.12257639318704605 -0.027285698801279068 -0.039109017699956894 -0.03436019644141197 0.022507136687636375 -0.10021817684173584 -0.2714405953884125 0.033937569707632065 -0.04533204063773155 -0.03800397738814354 0.09288065135478973 0.0012400958221405745 0.057541996240615845 0.08917966485023499 0.0780986025929451 -0.18285851180553436 0.07820875942707062 0.0500287190079689 -0.05738728120923042 -0.04349043220281601 0.06267411261796951 0.0539015494287014 0.11615122854709625 -0.039625685662031174 0.15855278074741364 0.13535860180854797 0.02840159833431244 0.02286934107542038 0.10029023140668869 0.0233395304530859 0.05082494765520096 0.050421930849552155 0.07583718001842499 -0.045233409851789474 -0.05292695760726929 0.03572772815823555 -0.1701706498861313 -0.02166849374771118 0.022233648225665092 0.058051373809576035 0.02197539620101452 0.010390550829470158 0.10924576967954636 0.032442908734083176 0.10315511375665665 -0.010273857973515987 0.009905742481350899 0.057860758155584335 0.011865942738950253 0.0991348847746849 0.13379862904548645 0.07952474802732468 0.047494955360889435 0.19381089508533478 0.08145006746053696 -0.016773337498307228 -0.02146228216588497 5.416839849203825e-05 0.11107195913791656 0.052427779883146286 -0.014254293404519558 0.026195470243692398 0.010880876332521439 0.09142467379570007 0.001852315734140575 -0.01846335083246231 -0.0974714607000351 -0.047711681574583054 -0.012600533664226532 -0.020810674875974655 0.025600969791412354 -0.025861000642180443 0.07218107581138611 -0.04020032286643982 -0.009653176181018353 0.13976947963237762 0.13614928722381592 0.0036750317085534334 0.0015529742231592536 0.02156269669265162 0.037286504451369475 0.06119397750174042 0.06224052006391582 0.024112676429450388 0.040135150538583485 0.6937156464873556 0.42170499238794207 0.5358723545935139 0.984532 1.1475149 1.3000969 1.4199046 1.3018812 1.2731335 0.9166299 0.5283648 0.39378655 1.0483737 1.1317294 1.2853525 1.3876009 1.0883532 0.990309 0.48568293 0.15369329 0.006003231
0 400 0.1786566972732544 0.001517829834483564 0.0198665764182806 0.12366608530282974 0.31398600339889526 -0.04919261485338211 0.09738653153181076 -0.007642197422683239 0.021321089938282967 -0.06818848848342896 0.057522136718034744 -0.016917508095502853 -0.05457644909620285 -0.003831693436950445 0.030603954568505287 -0.07312838733196259 0.13789843022823334 -0.030696408823132515 -0.043997641652822495 -0.038655221462249756 0.02532052807509899 -0.11274544894695282 -0.30537062883377075 0.03817976638674736 -0.050998542457818985 -0.04275447130203247 0.104490727186203 0.001395107712596655 0.06473474204540253 0.10032711923122406 0.08786092698574066 -0.20571580529212952 0.0879848450422287 0.05628230422735214 -0.06456068903207779 -0.04892673343420029 0.07050837576389313 0.060639239847660065 0.13067013025283813 -0.04457889497280121 0.1783718764781952 0.15227842330932617 0.031951796263456345 0.025728007778525352 0.11282650381326675 0.026256969198584557 0.057178061455488205 0.0567246675491333 0.08531682193279266 -0.050887580960989 -0.05954282730817795 0.04019369184970856 -0.19144198298454285 -0.02437705546617508 0.025012854486703873 0.06530778855085373 0.024722319096326828 0.011689369566738605 0.12290148437023163 0.03649827092885971 0.11604949831962585 -0.011558089405298233 0.011143959127366543 0.06509334594011307 0.013349184766411781 0.1115267351269722 0.15052345395088196 0.08946533501148224 0.05343182012438774 0.21803724765777588 0.09163131564855576 -0.018870003521442413 -0.024145066738128662 6.093944830354303e-05 0.12495594471693039 0.05898125097155571 -0.016036078333854675 0.02946990169584751 0.012240985408425331 0.10285275429487228 0.0020838549826294184 -0.020771268755197525 -0.10965538769960403 -0.053675636649131775 -0.014175600372254848 -0.023412007838487625 0.028801091015338898 -0.029093625023961067 0.08120370656251907 -0.0452253632247448 -0.010859821923077106 0.15724065899848938 0.1531679481267929 0.00413441052660346 0.0017470959573984146 0.2191204295034252 0.11777288687259947 0.11897571658668489 0.12886613395207536 0.14578827890189133 0.10565217833762376 0.9043932173133925 0.6055935738675137 0.9003587824791213 1.8879477 1.7062577 1.6485668 1.7554628 1.9181188 1.5160373 1.5435148 1.0437709 0.3762734 1.950351 1.7072465 1.6569054 1.7132809 1.6871908 1.1226834 1.0670034 0.58098936 -0.032591373
1 400 0.1786566972732544 0.001517829834483564 0.0198665764182806 0.12366608530282974 0.31398600339889526 -0.04919261485338211 0.09738653153181076 -0.007642197422683239 0.021321089938282967 -0.06818848848342896 0.057522136718034744 -0.016917508095502853 -0.05457644909620285 -0.003831693436950445 0.030603954568505287 -0.07312838733196259 0.13789843022823334 -0.030696408823132515 -0.043997641652822495 -0.038655221462249756 0.02532052807509899 -0.11274544894695282 -0.30537062883377075 0.03817976638674736 -0.050998542457818985 -0.04275447130203247 0.104490727186203 0.001395107712596655 0.06473474204540253 0.10032711923122406 0.08786092698574066 -0.20571580529212952 0.0879848450422287 0.05628230422735214 -0.06456068903207779 -0.04892673343420029 0.07050837576389313 0.060639239847660065 0.13067013025283813 -0.04457889497280121 0.1783718764781952 0.15227842330932617 0.031951796263456345 0.025728007778525352 0.11282650381326675 0.026256969198584557 0.057178061455488205 0.0567246675491333 0.08531682193279266 -0.050887580960989 -0.05954282730817795 0.04019369184970856 -0.19144198298454285 -0.02437705546617508 0.025012854486703873 0.06530778855085373 0.024722319096326828 0.011689369566738605 0.12290148437023163 0.03649827092885971 0.11604949831962585 -0.011558089405298233 0.011143959127366543 0.06509334594011307 0.013349184766411781 0.1115267351269722 0.15052345395088196 0.08946533501148224 0.05343182012438774 0.21803724765777588 0.09163131564855576 -0.018870003521442413 -0.024145066738128662 6.093944830354303e-05 0.12495594471693039 0.05898125097155571 -0.016036078333854675 0.02946990169584751 0.012240985408425331 0.10285275429487228 0.0020838549826294184 -0.020771268755197525 -0.10965538769960403 -0.053675636649131775 -0.014175600372254848 -0.023412007838487625 0.028801091015338898 -0.029093625023961067 0.08120370656251907 -0.0452253632247448 -0.010859821923077106 0.15724065899848938 0.1531679481267929 0.00413441052660346 0.0017470959573984146 0.19721214708684134 0.2128782623043625 0.3209936766379995 0.3395702100794686 0.15884410471286672 0.25567419641889444 0.9667113449915447 0.9344910347532878 0.9233963825874435 2.029108 1.8779246 1.9268967 1.9073409 1.3070773 1.5195805 1.5766386 1.126906 0.68852127 2.4220607 2.2496753 2.3254995 2.264985 1.3827662 1.5499406 1.5504129 1.0582949 0.5166577
2 400 0.1786566972732544 0.001517829834483564 0.0198665764182806 0.12366608530282974 0.31398600339889526 -0.04919261485338211 0.09738653153181076 -0.007642197422683239 0.021321089938282967 -0.06818848848342896 0.057522136718034744 -0.016917508095502853 -0.05457644909620285 -0.003831693436950445 0.030603954568505287 -0.07312838733196259 0.13789843022823334 -0.030696408823132515 -0.043997641652822495 -0.038655221462249756 0.02532052807509899 -0.11274544894695282 -0.30537062883377075 0.03817976638674736 -0.050998542457818985 -0.04275447130203247 0.104490727186203 0.001395107712596655 0.06473474204540253 0.10032711923122406 0.08786092698574066 -0.20571580529212952 0.0879848450422287 0.05628230422735214 -0.06456068903207779 -0.04892673343420029 0.07050837576389313 0.060639239847660065 0.13067013025283813 -0.04457889497280121 0.1783718764781952 0.15227842330932617 0.031951796263456345 0.025728007778525352 0.11282650381326675 0.026256969198584557 0.057178061455488205 0.0567246675491333 0.08531682193279266 -0.050887580960989 -0.05954282730817795 0.04019369184970856 -0.19144198298454285 -0.02437705546617508 0.025012854486703873 0.06530778855085373 0.024722319096326828 0.011689369566738605 0.12290148437023163 0.03649827092885971 0.11604949831962585 -0.011558089405298233 0.011143959127366543 0.06509334594011307 0.013349184766411781 0.1115267351269722 0.15052345395088196 0.08946533501148224 0.05343182012438774 0.21803724765777588 0.09163131564855576 -0.018870003521442413 -0.024145066738128662 6.093944830354303e-05 0.12495594471693039 0.05898125097155571 -0.016036078333854675 0.02946990169584751 0.012240985408425331 0.10285275429487228 0.0020838549826294184 -0.020771268755197525 -0.10965538769960403 -0.053675636649131775 -0.014175600372254848 -0.023412007838487625 0.028801091015338898 -0.029093625023961067 0.08120370656251907 -0.0452253632247448 -0.010859821923077106 0.15724065899848938 0.1531679481267929 0.00413441052660346 0.0017470959573984146 0.019498831010329596 0.026544408044127 0.046519295701440616 0.03848360412669947 0.010757539334346066 0.02686154016724727 0.7502304669647174 0.37702813784296657 0.3613760744590985 1.3019094 1.3433733 1.5000502 1.582189 1.345831 1.3657318 1.228633 0.72935 0.5718695 1.3493543 1.2857481 1.4442229 1.5131123 1.0475662 0.99527276 0.7357255 0.3025271 0.056319863
0 400 0.19850744307041168 0.0016864776844158769 0.022073974832892418 0.13740676641464233 0.3488733470439911 -0.05465846136212349 0.10820726305246353 -0.008491330780088902 0.023690100759267807 -0.07576499134302139 0.0639134868979454 -0.01879723183810711 -0.060640498995780945 -0.00425743730738759 0.034004393965005875 -0.0812537670135498 0.15322048962116241 -0.03410712257027626 -0.048886269330978394 -0.04295024648308754 0.028133921325206757 -0.1252727210521698 -0.3393007218837738 0.042421963065862656 -0.056665048003196716 -0.0475049689412117 0.11610081046819687 0.0015501197194680572 0.0719274953007698 0.11147458106279373 0.09762325137853622 -0.22857312858104706 0.09776094555854797 0.06253589689731598 -0.07173410058021545 -0.05436303839087486 0.07834263890981674 0.06737693399190903 0.14518903195858002 -0.04953210800886154 0.19819097220897675 0.16919824481010437 0.03550199791789055 0.028586676344275475 0.12536278367042542 0.029174411669373512 0.06353118270635605 0.06302741169929504 0.09479647129774094 -0.05654175952076912 -0.06615869700908661 0.04465965926647186 -0.2127133160829544 -0.027085617184638977 0.027792060747742653 0.07256421446800232 0.027469243854284286 0.012988188304007053 0.1365572065114975 0.040553636848926544 0.12894389033317566 -0.012842321768403053 0.012382177636027336 0.0723259449005127 0.014832427725195885 0.12391860038042068 0.16724827885627747 0.0994059294462204 0.059368692338466644 0.24226361513137817 0.10181257873773575 -0.020966671407222748 -0.026827853173017502 6.771049811504781e-05 0.1388399451971054 0.06553472578525543 -0.017817866057157516 0.03274433687329292 0.013601095415651798 0.11428084224462509 0.0023153945803642273 -0.02307918854057789 -0.12183932214975357 -0.05963959917426109 -0.015750667080283165 -0.026013342663645744 0.03200121223926544 -0.03232625126838684 0.09022634476423264 -0.050250403583049774 -0.01206646952778101 0.17471185326576233 0.1701866090297699 0.004593789577484131 0.0019412178080528975 0.1911212958123593 0.08320727505014094 0.08030037284700897 0.08344765270848185 0.08499487554928567 0.07937401040424369 0.9241817883267144 0.5596368681633667 0.8146644511367863 2.237927 1.9965583 1.9232713 1.9459707 1.9632682 1.6132814 1.8459531 1.3295288 0.65551984 2.2886326 1.9608064 1.8916578 1.8699818 1.624602 1.1566916 1.3090998 0.82177615 0.09806776
1 400 0.19850744307041168 0.0016864776844158769 0.022073974832892418 0.13740676641464233 0.3488733470439911 -0.05465846136212349 0.10820726305246353 -0.008491330780088902 0.023690100759267807 -0.07576499134302139 0.0639134868979454 -0.01879723183810711 -0.060640498995780945 -0.00425743730738759 0.034004393965005875 -0.0812537670135498 0.15322048962116241 -0.03410712257027626 -0.048886269330978394 -0.04295024648308754 0.028133921325206757 -0.1252727210521698 -0.3393007218837738 0.042421963065862656 -0.056665048003196716 -0.0475049689412117 0.11610081046819687 0.0015501197194680572 0.0719274953007698 0.11147458106279373 0.09762325137853622 -0.22857312858104706 0.09776094555854797 0.06253589689731598 -0.07173410058021545 -0.05436303839087486 0.07834263890981674 0.06737693399190903 0.14518903195858002 -0.04953210800886154 0.19819097220897675 0.16919824481010437 0.03550199791789055 0.028586676344275475 0.12536278367042542 0.029174411669373512 0.06353118270635605 0.06302741169929504 0.09479647129774094 -0.05654175952076912 -0.06615869700908661 0.04465965926647186 -0.2127133160829544 -0.027085617184638977 0.027792060747742653 0.07256421446800232 0.027469243854284286 0.012988188304007053 0.1365572065114975 0.040553636848926544 0.12894389033317566 -0.012842321768403053 0.012382177636027336 0.0723259449005127 0.014832427725195885 0.12391860038042068 0.16724827885627747 0.0994059294462204 0.059368692338466644 0.24226361513137817 0.10181257873773575 -0.020966671407222748 -0.026827853173017502 6.771049811504781e-05 0.1388399451971054 0.06553472578525543 -0.017817866057157516 0.03274433687329292 0.013601095415651798 0.11428084224462509 0.0023153945803642273 -0.02307918854057789 -0.12183932214975357 -0.05963959917426109 -0.015750667080283165 -0.026013342663645744 0.03200121223926544 -0.03232625126838684 0.09022634476423264 -0.050250403583049774 -0.01206646952778101 0.17471185326576233 0.1701866090297699 0.004593789577484131 0.0019412178080528975 0.203899744793775 0.19337642016940465 0.25846921395065653 0.25492351450959105 0.12349580992657684 0.22093023745803472 0.9719909603889851 0.9241105593412576 0.904265699399948 2.3835025 2.1629229 2.2224398 2.1902776 1.6058844 1.784613 1.8822919 1.4571334 1.035529 2.7970989 2.526805 2.6060708 2.544361 1.6922305 1.7894483 1.8307505 1.3724463 0.83532584
2 400 0.19850744307041168 0.0016864776844158769 0.022073974832892418 0.13740676641464233 0.3488733470439911 -0.05465846136212349 0.10820726305246353 -0.008491330780088902 0.023690100759267807 -0.07576499134302139 0.0639134868979454 -0.01879723183810711 -0.060640498995780945 -0.00425743730738759 0.034004393965005875 -0.0812537670135498 0.15322048962116241 -0.03410712257027626 -0.048886269330978394 -0.04295024648308754 0.028133921325206757 -0.1252727210521698 -0.3393007218837738 0.042421963065862656 -0.056665048003196716 -0.0475049689412117 0.11610081046819687 0.0015501197194680572 0.0719274953007698 0.11147458106279373 0.09762325137853622 -0.22857312858104706 0.09776094555854797 0.06253589689731598 -0.07173410058021545 -0.05436303839087486 0.07834263890981674 0.06737693399190903 0.14518903195858002 -0.04953210800886154 0.19819097220897675 0.16919824481010437 0.03550199791789055 0.028586676344275475 0.12536278367042542 0.029174411669373512 0.06353118270635605 0.06302741169929504 0.09479647129774094 -0.05654175952076912 -0.06615869700908661 0.04465965926647186 -0.2127133160829544 -0.027085617184638977 0.027792060747742653 0.07256421446800232 0.027469243854284286 0.012988188304007053 0.1365572065114975 0.040553636848926544 0.12894389033317566 -0.012842321768403053 0.012382177636027336 0.0723259449005127 0.014832427725195885 0.12391860038042068 0.16724827885627747 0.0994059294462204 0.059368692338466644 0.24226361513137817 0.10181257873773575 -0.020966671407222748 -0.026827853173017502 6.771049811504781e-05 0.1388399451971054 0.06553472578525543 -0.017817866057157516 0.03274433687329292 0.013601095415651798 0.11428084224462509 0.0023153945803642273 -0.02307918854057789 -0.12183932214975357 -0.05963959917426109 -0.015750667080283165 -0.026013342663645744 0.03200121223926544 -0.03232625126838684 0.09022634476423264 -0.050250403583049774 -0.01206646952778101 0.17471185326576233 0.1701866090297699 0.004593789577484131 0.0019412178080528975 0.017045558361614827 0.019184728094622724 0.031423971218987296 0.024458538632546527 0.0054894544360455854 0.020081029171129753 0.800165277287478 0.3368648707169951 0.2914098140878999 1.6080788 1.6370555 1.6623646 1.7307721 1.4468347 1.4851841 1.5439099 1.0235364 0.7074189 1.6316092 1.5425521 1.5622966 1.6182113 1.0623165 1.0508456 0.98963225 0.5502639 0.08122674
0 400 0.08079183846712112 0.07548052072525024 0.011935273185372353 0.0013928123516961932 0.0022723423317074776 -0.10362440347671509 -0.2596273720264435 0.14108407497406006 0.02147132158279419 -0.26953184604644775 -0.020100772380828857 -0.04334505647420883 0.06274307519197464 0.16213972866535187 -0.16133685410022736 -0.13606786727905273 -0.1920982450246811 -0.009478095918893814 -0.20613354444503784 0.0860539898276329 -0.018313787877559662 -0.023727338761091232 0.11139094829559326 0.02288023754954338 -0.03447021171450615 0.07273348420858383 0.07773921638727188 -0.030824659392237663 0.13156747817993164 -0.14141812920570374 -0.05894774571061134 0.008935556747019291 -0.07381840795278549 -0.013159091584384441 -0.021500179544091225 -0.06593476980924606 0.07818124443292618 -0.06324362754821777 -0.08658124506473541 -0.05529969558119774 -0.0584174208343029 0.09709836542606354 0.1642429083585739 -0.01031123474240303 0.1073843240737915 0.04341894015669823 -0.059968411922454834 -0.22094407677650452 0.11891154944896698 0.10343298316001892 0.04471064358949661 0.04274806007742882 -0.0003563620266504586 -0.06626879423856735 -0.05210491269826889 -0.018919114023447037 0.0709405243396759 0.11372590065002441 -0.016963165253400803 0.09458225965499878 -0.036970753222703934 -0.15561099350452423 -0.005737775005400181 0.05494987964630127 -0.29817044734954834 0.10590317845344543 0.09541098028421402 0.04428362473845482 0.039641253650188446 -0.20296630263328552 0.016846314072608948 -0.03700080141425133 0.19120779633522034 0.06443662196397781 0.11450625956058502 -0.008943010121583939 0.027474455535411835 -0.09468699246644974 0.03675776347517967 0.11681021749973297 -0.03602834790945053 0.05029454082250595 0.05988369882106781 0.07026566565036774 -0.012877486646175385 0.03031730465590954 0.0023346971720457077 0.03370794281363487 -0.020053066313266754 -0.06919863820075989 0.07245589047670364 0.2596076428890228 0.026979539543390274 0.1310192495584488 0.10495390743017197 0.6529217199473171 0.49160571414472987 0.5679407610579033 0.5784038830234665 0.9755588267469433 0.9980205045522272 0.9997796763571509 0.9999583327126045 0.9999791128554507 -0.67529666 -0.56463283 -0.7468554 -0.9626746 -1.1299613 -1.1498822 -1.3293675 -1.5611287 -1.6694278 -0.37707996 -0.27024463 -0.35168767 -0.40971422 -0.8743259 -1.3329594 -1.7095183 -1.9826939 -2.0943995
1 400 0.08079183846712112 0.07548052072525024 0.011935273185372353 0.0013928123516961932 0.0022723423317074776 -0.10362440347671509 -0.2596273720264435 0.14108407497406006 0.02147132158279419 -0.26953184604644775 -0.020100772380828857 -0.04334505647420883 0.06274307519197464 0.16213972866535187 -0.16133685410022736 -0.13606786727905273 -0.1920982450246811 -0.009478095918893814 -0.20613354444503784 0.0860539898276329 -0.018313787877559662 -0.023727338761091232 0.11139094829559326 0.02288023754954338 -0.03447021171450615 0.07273348420858383 0.07773921638727188 -0.030824659392237663 0.13156747817993164 -0.14141812920570374 -0.05894774571061134 0.008935556747019291 -0.07381840795278549 -0.013159091584384441 -0.021500179544091225 -0.06593476980924606 0.07818124443292618 -0.06324362754821777 -0.08658124506473541 -0.05529969558119774 -0.0584174208343029 0.09709836542606354 0.1642429083585739 -0.01031123474240303 0.1073843240737915 0.04341894015669823 -0.059968411922454834 -0.22094407677650452 0.11891154944896698 0.10343298316001892 0.04471064358949661 0.04274806007742882 -0.0003563620266504586 -0.06626879423856735 -0.05210491269826889 -0.018919114023447037 0.0709405243396759 0.11372590065002441 -0.016963165253400803 0.09458225965499878 -0.036970753222703934 -0.15561099350452423 -0.005737775005400181 0.05494987964630127 -0.29817044734954834 0.10590317845344543 0.09541098028421402 0.04428362473845482 0.039641253650188446 -0.20296630263328552 0.016846314072608948 -0.03700080141425133 0.19120779633522034 0.06443662196397781 0.11450625956058502 -0.008943010121583939 0.027474455535411835 -0.09468699246644974 0.03675776347517967 0.11681021749973297 -0.03602834790945053 0.05029454082250595 0.05988369882106781 0.07026566565036774 -0.012877486646175385 0.03031730465590954 0.0023346971720457077 0.03370794281363487 -0.020053066313266754 -0.06919863820075989 0.07245589047670364 0.2596076428890228 0.026979539543390274 0.1310192495584488 0.10495390743017197 0.600622975872573 0.44449983509975827 0.6107531876468322 0.7425273607320498 0.9784282978937997 0.998964366685645 0.9997768597446638 0.9999695246380724 0.9999887606808392 -0.63807344 -0.53314763 -0.6451271 -0.74634236 -1.1660924 -1.1108773 -1.472171 -1.6492934 -1.6359609 -0.3411445 -0.23984872 -0.3479541 -0.4456677 -0.9649824 -1.4559312 -1.8378539 -2.1201305 -2.2113793
2 400 0.08079183846712112 0.07548052072525024 0.011935273185372353 0.0013928123516961932 0.0022723423317074776 -0.10362440347671509 -0.2596273720264435 0.14108407497406006 0.02147132158279419 -0.26953184604644775 -0.020100772380828857 -0.04334505647420883 0.06274307519197464 0.16213972866535187 -0.16133685410022736 -0.13606786727905273 -0.1920982450246811 -0.009478095918893814 -0.20613354444503784 0.0860539898276329 -0.018313787877559662 -0.023727338761091232 0.11139094829559326 0.02288023754954338 -0.03447021171450615 0.07273348420858383 0.07773921638727188 -0.030824659392237663 0.13156747817993164 -0.14141812920570374 -0.05894774571061134 0.008935556747019291 -0.07381840795278549 -0.013159091584384441 -0.021500179544091225 -0.06593476980924606 0.07818124443292618 -0.06324362754821777 -0.08658124506473541 -0.05529969558119774 -0.0584174208343029 0.09709836542606354 0.1642429083585739 -0.01031123474240303 0.1073843240737915 0.04341894015669823 -0.059968411922454834 -0.22094407677650452 0.11891154944896698 0.10343298316001892 0.04471064358949661 0.04274806007742882 -0.0003563620266504586 -0.06626879423856735 -0.05210491269826889 -0.018919114023447037 0.0709405243396759 0.11372590065002441 -0.016963165253400803 0.09458225965499878 -0.036970753222703934 -0.15561099350452423 -0.005737775005400181 0.05494987964630127 -0.29817044734954834 0.10590317845344543 0.09541098028421402 0.04428362473845482 0.039641253650188446 -0.20296630263328552 0.016846314072608948 -0.03700080141425133 0.19120779633522034 0.06443662196397781 0.11450625956058502 -0.008943010121583939 0.027474455535411835 -0.09468699246644974 0.03675776347517967 0.11681021749973297 -0.03602834790945053 0.05029454082250595 0.05988369882106781 0.07026566565036774 -0.012877486646175385 0.03031730465590954 0.0023346971720457077 0.03370794281363487 -0.020053066313266754 -0.06919863820075989 0.07245589047670364 0.2596076428890228 0.026979539543390274 0.1310192495584488 0.10495390743017197 0.4325874164965166 0.4325874164965166 0.4325874164965166 0.4325874164965166 0.8209402088518988 0.9804592718956759 0.9965324330777174 0.9996137269391431 0.9998773238958617 -0.525102 -0.525102 -0.525102 -0.525102 -0.8234318 -0.9353529 -1.0557101 -1.3294414 -1.4507515 -0.23208144 -0.23208144 -0.23208144 -0.23208144 -0.5200901 -0.9408605 -1.2428107 -1.607384 -1.800462
0 400 0.07271265238523483 0.06793246418237686 0.010741745121777058 0.0012535310816019773 0.0020451080054044724 -0.0932619571685791 -0.2336646318435669 0.1269756704568863 0.01932418905198574 -0.2425786554813385 -0.01809069514274597 -0.03901055082678795 0.056468766182661057 0.14592574536800385 -0.14520315825939178 -0.12246108055114746 -0.17288841307163239 -0.008530286140739918 -0.18552018702030182 0.07744859158992767 -0.016482409089803696 -0.02135460451245308 0.10025185346603394 0.020592212677001953 -0.031023189425468445 0.06546013057231903 0.06996529549360275 -0.027742192149162292 0.11841072887182236 -0.12727631628513336 -0.05305296927690506 0.00804200116544962 -0.06643656641244888 -0.011843182146549225 -0.019350161775946617 -0.05934129282832146 0.0703631192445755 -0.05691926181316376 -0.07792311906814575 -0.049769725650548935 -0.05257567763328552 0.0873885229229927 0.14781861007213593 -0.009280110709369183 0.09664589166641235 0.039077043533325195 -0.05397156998515129 -0.1988496631383896 0.10702039301395416 0.09308968484401703 0.04023957997560501 0.03847325220704079 -0.00032072581234388053 -0.05964191257953644 -0.04689441993832588 -0.017027202993631363 0.06384646892547607 0.1023533046245575 -0.015266848728060722 0.08512403070926666 -0.03327367827296257 -0.14004988968372345 -0.005163997411727905 0.04945489019155502 -0.2683534026145935 0.09531285613775253 0.08586987853050232 0.03985526040196419 0.03567712754011154 -0.18266966938972473 0.015161681920289993 -0.033300720155239105 0.17208701372146606 0.05799295753240585 0.10305563360452652 -0.008048708550632 0.02472700923681259 -0.08521828800439835 0.033081986010074615 0.1051291897892952 -0.03242551162838936 0.045265085995197296 0.05389532819390297 0.06323909759521484 -0.011589737609028816 0.02728557400405407 0.002101227408275008 0.030337147414684296 -0.01804775930941105 -0.06227877363562584 0.06521029770374298 0.23364686965942383 0.024281585589051247 0.11791732162237167 0.09445851296186447 0.5751547390415955 0.4325874164965166 0.42146110496901695 0.4325505001428066 0.9645028451788527 0.9969455583842626 0.9996581996248198 0.9999240976312228 0.9999619356796163 -0.6205885 -0.525102 -0.7425586 -0.9584724 -1.0810082 -1.1042486 -1.2850925 -1.5079294 -1.6162986 -0.3242644 -0.23208144 -0.27993968 -0.33829543 -0.81066465 -1.2597352 -1.6353165 -1.8804473 -1.992072
1 400 0.07271265238523483 0.06793246418237686 0.010741745121777058 0.0012535310816019773 0.0020451080054044724 -0.0932619571685791 -0.2336646318435669 0.1269756704568863 0.01932418905198574 -0.2425786554813385 -0.01809069514274597 -0.03901055082678795 0.056468766182661057 0.14592574536800385 -0.14520315825939178 -0.12246108055114746 -0.17288841307163239 -0.008530286140739918 -0.18552018702030182 0.07744859158992767 -0.016482409089803696 -0.02135460451245308 0.10025185346603394 0.020592212677001953 -0.031023189425468445 0.06546013057231903 0.06996529549360275 -0.027742192149162292 0.11841072887182236 -0.12727631628513336 -0.05305296927690506 0.00804200116544962 -0.06643656641244888 -0.011843182146549225 -0.019350161775946617 -0.05934129282832146 0.0703631192445755 -0.05691926181316376 -0.07792311906814575 -0.049769725650548935 -0.05257567763328552 0.0873885229229927 0.14781861007213593 -0.009280110709369183 0.09664589166641235 0.039077043533325195 -0.05397156998515129 -0.1988496631383896 0.10702039301395416 0.09308968484401703 0.04023957997560501 0.03847325220704079 -0.00032072581234388053 -0.05964191257953644 -0.04689441993832588 -0.017027202993631363 0.06384646892547607 0.1023533046245575 -0.015266848728060722 0.08512403070926666 -0.03327367827296257 -0.14004988968372345 -0.005163997411727905 0.04945489019155502 -0.2683534026145935 0.09531285613775253 0.08586987853050232 0.03985526040196419 0.03567712754011154 -0.18266966938972473 0.015161681920289993 -0.033300720155239105 0.17208701372146606 0.05799295753240585 0.10305563360452652 -0.008048708550632 0.02472700923681259 -0.08521828800439835 0.033081986010074615 0.1051291897892952 -0.03242551162838936 0.045265085995197296 0.05389532819390297 0.06323909759521484 -0.011589737609028816 0.02728557400405407 0.002101227408275008 0.030337147414684296 -0.01804775930941105 -0.06227877363562584 0.06521029770374298 0.23364686965942383 0.024281585589051247 0.11791732162237167 0.09445851296186447 0.5473127816881685 0.4325874164965166 0.5157795236781932 0.660813518439087 0.9670601920859604 0.9980461695081853 0.9996101064985757 0.9999324401022784 0.9999749416714826 -0.6017819 -0.525102 -0.58071625 -0.6914725 -1.1196066 -1.0591453 -1.425508 -1.5919712 -1.5749583 -0.30610847 -0.23208144 -0.28577164 -0.38523898 -0.9008219 -1.3469623 -1.7454832 -1.9855741 -2.0733938
2 400 0.07271265238523483 0.06793246418237686 0.010741745121777058 0.0012535310816019773 0.0020451080054044724 -0.0932619571685791 -0.2336646318435669 0.1269756704568863 0.01932418905198574 -0.2425786554813385 -0.01809069514274597 -0.03901055082678795 0.056468766182661057 0.14592574536800385 -0.14520315825939178 -0.12246108055114746 -0.17288841307163239 -0.008530286140739918 -0.18552018702030182 0.07744859158992767 -0.016482409089803696 -0.02135460451245308 0.10025185346603394 0.020592212677001953 -0.031023189425468445 0.06546013057231903 0.06996529549360275 -0.027742192149162292 0.11841072887182236 -0.12727631628513336 -0.05305296927690506 0.00804200116544962 -0.06643656641244888 -0.011843182146549225 -0.019350161775946617 -0.05934129282832146 0.0703631192445755 -0.05691926181316376 -0.07792311906814575 -0.049769725650548935 -0.05257567763328552 0.0873885229229927 0.14781861007213593 -0.009280110709369183 0.09664589166641235 0.039077043533325195 -0.05397156998515129 -0.1988496631383896 0.10702039301395416 0.09308968484401703 0.04023957997560501 0.03847325220704079 -0.00032072581234388053 -0.05964191257953644 -0.04689441993832588 -0.017027202993631363 0.06384646892547607 0.1023533046245575 -0.015266848728060722 0.08512403070926666 -0.03327367827296257 -0.14004988968372345 -0.005163997411727905 0.04945489019155502 -0.2683534026145935 0.09531285613775253 0.08586987853050232 0.03985526040196419 0.03567712754011154 -0.18266966938972473 0.015161681920289993 -0.033300720155239105 0.17208701372146606 0.05799295753240585 0.10305563360452652 -0.008048708550632 0.02472700923681259 -0.08521828800439835 0.033081986010074615 0.1051291897892952 -0.03242551162838936 0.045265085995197296 0.05389532819390297 0.06323909759521484 -0.011589737609028816 0.02728557400405407 0.002101227408275008 0.030337147414684296 -0.01804775930941105 -0.06227877363562584 0.06521029770374298 0.23364686965942383 0.024281585589051247 0.11791732162237167 0.09445851296186447 0.4325874164965166 0.4325874164965166 0.4325874164965166 0.4325874164965166 0.7760100576121192 0.9725398292533669 0.9950811967232019 0.9994571425810742 0.9998187458267119 -0.525102 -0.525102 -0.525102 -0.525102 -0.77684295 -0.8956851 -1.0163143 -1.2904879 -1.4117188 -0.23208144 -0.23208144 -0.23208144 -0.23208144 -0.4751131 -0.8825989 -1.184019 -1.550465 -1.7344695
0 400 0.06463347375392914 0.060384418815374374 0.009548218920826912 0.0011142499279230833 0.0018178739119321108 -0.08289952576160431 -0.2077019065618515 0.11286725848913193 0.01717705838382244 -0.21562547981739044 -0.016080617904663086 -0.034676045179367065 0.05019446089863777 0.1297117918729782 -0.1290694922208786 -0.10885429382324219 -0.15367859601974487 -0.007582476828247309 -0.164906844496727 0.06884319335222244 -0.01465103030204773 -0.018981872126460075 0.08911275863647461 0.018304189667105675 -0.02757616899907589 0.058186788111925125 0.062191374599933624 -0.02465972863137722 0.10525398701429367 -0.11313450336456299 -0.047158196568489075 0.007148445583879948 -0.05905472859740257 -0.010527273640036583 -0.01720014400780201 -0.05274781584739685 0.06254499405622482 -0.05059490352869034 -0.06926500052213669 -0.04423975571990013 -0.04673393815755844 0.07767869532108307 0.13139432668685913 -0.00824898760765791 0.0859074592590332 0.03473515436053276 -0.047974731773138046 -0.17675526440143585 0.09512924402952194 0.08274638652801514 0.03576851636171341 0.034198448061943054 -0.00028508962714113295 -0.05301503464579582 -0.04168393090367317 -0.015135291032493114 0.05675242096185684 0.09098072350025177 -0.013570532202720642 0.07566580921411514 -0.029576603323221207 -0.12448879331350327 -0.004590220283716917 0.043959904462099075 -0.23853635787963867 0.08472254127264023 0.07632878422737122 0.035426899790763855 0.031713005155324936 -0.16237305104732513 0.013477051630616188 -0.029600640758872032 0.15296624600887299 0.05154929682612419 0.09160500764846802 -0.007154408376663923 0.021979564800858498 -0.07574959844350815 0.029406210407614708 0.09344817698001862 -0.028822679072618484 0.04023563489317894 0.04790696129202843 0.05621253326535225 -0.010301989503204823 0.0242538433521986 0.0018677577609196305 0.026966353878378868 -0.016042454168200493 -0.05535891279578209 0.057964712381362915 0.20768611133098602 0.02158363163471222 0.10481540113687515 0.08396312594413757 0.4932972768647291 0.4325874164965166 0.28555170868592966 0.2970819726031511 0.9453880468752487 0.9953148834562051 0.9994723903317041 0.9998616832728979 0.9999289872294194 -0.5657582 -0.525102 -0.7472556 -0.9541797 -1.0230975 -1.061254 -1.2411807 -1.4546642 -1.5597913 -0.2713311 -0.23208144 -0.20918939 -0.2666027 -0.7361065 -1.1871551 -1.5619656 -1.7781372 -1.8859122
1 400 0.06463347375392914 0.060384418815374374 0.009548218920826912 0.0011142499279230833 0.0018178739119321108 -0.08289952576160431 -0.2077019065618515 0.11286725848913193 0.01717705838382244 -0.21562547981739044 -0.016080617904663086 -0.034676045179367065 0.05019446089863777 0.1297117918729782 -0.1290694922208786 -0.10885429382324219 -0.15367859601974487 -0.007582476828247309 -0.164906844496727 0.06884319335222244 -0.01465103030204773 -0.018981872126460075 0.08911275863647461 0.018304189667105675 -0.02757616899907589 0.058186788111925125 0.062191374599933624 -0.02465972863137722 0.10525398701429367 -0.11313450336456299 -0.047158196568489075 0.007148445583879948 -0.05905472859740257 -0.010527273640036583 -0.01720014400780201 -0.05274781584739685 0.06254499405622482 -0.05059490352869034 -0.06926500052213669 -0.04423975571990013 -0.04673393815755844 0.07767869532108307 0.13139432668685913 -0.00824898760765791 0.0859074592590332 0.03473515436053276 -0.047974731773138046 -0.17675526440143585 0.09512924402952194 0.08274638652801514 0.03576851636171341 0.034198448061943054 -0.00028508962714113295 -0.05301503464579582 -0.04168393090367317 -0.015135291032493114 0.05675242096185684 0.09098072350025177 -0.013570532202720642 0.07566580921411514 -0.029576603323221207 -0.12448879331350327 -0.004590220283716917 0.043959904462099075 -0.23853635787963867 0.08472254127264023 0.07632878422737122 0.035426899790763855 0.031713005155324936 -0.16237305104732513 0.013477051630616188 -0.029600640758872032 0.15296624600887299 0.05154929682612419 0.09160500764846802 -0.007154408376663923 0.021979564800858498 -0.07574959844350815 0.029406210407614708 0.09344817698001862 -0.028822679072618484 0.04023563489317894 0.04790696129202843 0.05621253326535225 -0.010301989503204823 0.0242538433521986 0.0018677577609196305 0.026966353878378868 -0.016042454168200493 -0.05535891279578209 0.057964712381362915 0.20768611133098602 0.02158363163471222 0.10481540113687515 0.08396312594413757 0.4958396641207567 0.4325874164965166 0.4325874164965166 0.5059398692914526 0.9499748284613299 0.996314784719719 0.9993044634413093 0.9998498271741263 0.9999443238089024 -0.56744957 -0.525102 -0.525102 -0.68779254 -1.0724937 -1.0072148 -1.3799354 -1.5344526 -1.5141141 -0.2729639 -0.23208144 -0.23208144 -0.3073027 -0.83640385 -1.2379144 -1.6502625 -1.8506818 -1.9360105
2 400 0.06463347375392914 0.060384418815374374 0.009548218920826912 0.0011142499279230833 0.0018178739119321108 -0.08289952576160431 -0.2077019065618515 0.11286725848913193 0.01717705838382244 -0.21562547981739044 -0.016080617904663086 -0.034676045179367065 0.05019446089863777 0.1297117918729782 -0.1290694922208786 -0.10885429382324219 -0.15367859601974487 -0.007582476828247309 -0.164906844496727 0.06884319335222244 -0.01465103030204773 -0.018981872126460075 0.08911275863647461 0.018304189667105675 -0.02757616899907589 0.058186788111925125 0.062191374599933624 -0.02465972863137722 0.10525398701429367 -0.11313450336456299 -0.047158196568489075 0.007148445583879948 -0.05905472859740257 -0.010527273640036583 -0.01720014400780201 -0.05274781584739685 0.06254499405622482 -0.05059490352869034 -0.06926500052213669 -0.04423975571990013 -0.04673393815755844 0.07767869532108307 0.13139432668685913 -0.00824898760765791 0.0859074592590332 0.03473515436053276 -0.047974731773138046 -0.17675526440143585 0.09512924402952194 0.08274638652801514 0.03576851636171341 0.034198448061943054 -0.00028508962714113295 -0.05301503464579582 -0.04168393090367317 -0.015135291032493114 0.05675242096185684 0.09098072350025177 -0.013570532202720642 0.07566580921411514 -0.029576603323221207 -0.12448879331350327 -0.004590220283716917 0.043959904462099075 -0.23853635787963867 0.08472254127264023 0.07632878422737122 0.035426899790763855 0.031713005155324936 -0.16237305104732513 0.013477051630616188 -0.029600640758872032 0.15296624600887299 0.05154929682612419 0.09160500764846802 -0.007154408376663923 0.021979564800858498 -0.07574959844350815 0.029406210407614708 0.09344817698001862 -0.028822679072618484 0.04023563489317894 0.04790696129202843 0.05621253326535225 -0.010301989503204823 0.0242538433521986 0.0018677577609196305 0.026966353878378868 -0.016042454168200493 -0.05535891279578209 0.057964712381362915 0.20768611133098602 0.02158363163471222 0.10481540113687515 0.08396312594413757 0.4325874164965166 0.4325874164965166 0.3673773305726265 0.4325874164965166 0.72367742449898 0.9614128501119782 0.9930128296972143 0.9991745663582121 0.9997177313607306 -0.525102 -0.525102 -0.58190304 -0.525102 -0.73031706 -0.85578525 -0.9767461 -1.2473522 -1.3695314 -0.23208144 -0.23208144 -0.21340458 -0.23208144 -0.43019682 -0.82375884 -1.1248816 -1.4797369 -1.6593078
0 400 0.05655428767204285 0.05283636227250099 0.008354690857231617 0.0009749686578288674 0.0015906395856291056 -0.07253707945346832 -0.18173915147781372 0.09875885397195816 0.015029924921691418 -0.1886722892522812 -0.0140705406665802 -0.030341539531946182 0.04392015188932419 0.11349780857563019 -0.11293579638004303 -0.09524750709533691 -0.13446876406669617 -0.006634667050093412 -0.14429347217082977 0.06023779138922691 -0.012819651514291763 -0.016609136015176773 0.07797366380691528 0.016016166657209396 -0.024129148572683334 0.05091343820095062 0.0544174499809742 -0.02157726138830185 0.09209723025560379 -0.09899269044399261 -0.04126342013478279 0.006254889536648989 -0.051672883331775665 -0.009211364202201366 -0.015050125308334827 -0.046154338866472244 0.054726868867874146 -0.04427053779363632 -0.06060687080025673 -0.03870978578925133 -0.04089219495654106 0.06796885281801224 0.11497003585100174 -0.007217864040285349 0.07516902685165405 0.03039325773715973 -0.041977886110544205 -0.15466085076332092 0.08323808014392853 0.07240308821201324 0.03129744902253151 0.029923642054200172 -0.0002494534128345549 -0.046388156712055206 -0.036473438143730164 -0.01324338000267744 0.04965836554765701 0.07960812747478485 -0.011874215677380562 0.06620758026838303 -0.025879526510834694 -0.10892769694328308 -0.004016442224383354 0.03846491500735283 -0.20871931314468384 0.07413222640752792 0.06678768247365952 0.030998537316918373 0.027748877182602882 -0.14207640290260315 0.011792419478297234 -0.02590056136250496 0.13384544849395752 0.04510563611984253 0.08015438169240952 -0.006260106805711985 0.019232118502259254 -0.06628089398145676 0.0257304348051548 0.08176714926958084 -0.025219842791557312 0.03520617634057999 0.04191858693957329 0.049185965210199356 -0.009014240466058254 0.021222112700343132 0.001634287997148931 0.02359556034207344 -0.014037146233022213 -0.04843904450535774 0.05071912333369255 0.18172535300254822 0.018885677680373192 0.09171347320079803 0.07346773147583008 0.4325874164965166 0.4325874164965166 0.19354390959524292 0.19011125098731477 0.9098846252595176 0.9929472695607394 0.9991839741349207 0.9997489063493443 0.9998492934104395 -0.525102 -0.525102 -0.7663117 -0.94980997 -0.95339364 -1.0202976 -1.1970978 -1.4017689 -1.4860425 -0.23208144 -0.23208144 -0.15276876 -0.19509758 -0.6470032 -1.1175915 -1.4882616 -1.6764648 -1.7585146
1 400 0.05655428767204285 0.05283636227250099 0.008354690857231617 0.0009749686578288674 0.0015906395856291056 -0.07253707945346832 -0.18173915147781372 0.09875885397195816 0.015029924921691418 -0.1886722892522812 -0.0140705406665802 -0.030341539531946182 0.04392015188932419 0.11349780857563019 -0.11293579638004303 -0.09524750709533691 -0.13446876406669617 -0.006634667050093412 -0.14429347217082977 0.06023779138922691 -0.012819651514291763 -0.016609136015176773 0.07797366380691528 0.016016166657209396 -0.024129148572683334 0.05091343820095062 0.0544174499809742 -0.02157726138830185 0.09209723025560379 -0.09899269044399261 -0.04126342013478279 0.006254889536648989 -0.051672883331775665 -0.009211364202201366 -0.015050125308334827 -0.046154338866472244 0.054726868867874146 -0.04427053779363632 -0.06060687080025673 -0.03870978578925133 -0.04089219495654106 0.06796885281801224 0.11497003585100174 -0.007217864040285349 0.07516902685165405 0.03039325773715973 -0.041977886110544205 -0.15466085076332092 0.08323808014392853 0.07240308821201324 0.03129744902253151 0.029923642054200172 -0.0002494534128345549 -0.046388156712055206 -0.036473438143730164 -0.01324338000267744 0.04965836554765701 0.07960812747478485 -0.011874215677380562 0.06620758026838303 -0.025879526510834694 -0.10892769694328308 -0.004016442224383354 0.03846491500735283 -0.20871931314468384 0.07413222640752792 0.06678768247365952 0.030998537316918373 0.027748877182602882 -0.14207640290260315 0.011792419478297234 -0.02590056136250496 0.13384544849395752 0.04510563611984253 0.08015438169240952 -0.006260106805711985 0.019232118502259254 -0.06628089398145676 0.0257304348051548 0.08176714926958084 -0.025219842791557312 0.03520617634057999 0.04191858693957329 0.049185965210199356 -0.009014240466058254 0.021222112700343132 0.001634287997148931 0.02359556034207344 -0.014037146233022213 -0.04843904450535774 0.05071912333369255 0.18172535300254822 0.018885677680373192 0.09171347320079803 0.07346773147583008 0.44078066960597234 0.4325874164965166 0.3985504230466696 0.3491919277906116 0.9117431358597098 0.993083933710246 0.9986939860710917 0.9996674591349893 0.9998679766569671 -0.5306408 -0.525102 -0.55436134 -0.68420196 -0.98748314 -0.9557427 -1.3360077 -1.4770908 -1.4445761 -0.2374286 -0.23208144 -0.22246063 -0.22900595 -0.7249062 -1.1294456 -1.547682 -1.7161866 -1.7878988
2 400 0.05655428767204285 0.05283636227250099 0.008354690857231617 0.0009749686578288674 0.0015906395856291056 -0.07253707945346832 -0.18173915147781372 0.09875885397195816 0.015029924921691418 -0.1886722892522812 -0.0140705406665802 -0.030341539531946182 0.04392015188932419 0.11349780857563019 -0.11293579638004303 -0.09524750709533691 -0.13446876406669617 -0.006634667050093412 -0.14429347217082977 0.06023779138922691 -0.012819651514291763 -0.016609136015176773 0.07797366380691528 0.016016166657209396 -0.024129148572683334 0.05091343820095062 0.0544174499809742 -0.02157726138830185 0.09209723025560379 -0.09899269044399261 -0.04126342013478279 0.006254889536648989 -0.051672883331775665 -0.009211364202201366 -0.015050125308334827 -0.046154338866472244 0.054726868867874146 -0.04427053779363632 -0.06060687080025673 -0.03870978578925133 -0.04089219495654106 0.06796885281801224 0.11497003585100174 -0.007217864040285349 0.07516902685165405 0.03039325773715973 -0.041977886110544205 -0.15466085076332092 0.08323808014392853 0.07240308821201324 0.03129744902253151 0.029923642054200172 -0.0002494534128345549 -0.046388156712055206 -0.036473438143730164 -0.01324338000267744 0.04965836554765701 0.07960812747478485 -0.011874215677380562 0.06620758026838303 -0.025879526510834694 -0.10892769694328308 -0.004016442224383354 0.03846491500735283 -0.20871931314468384 0.07413222640752792 0.06678768247365952 0.030998537316918373 0.027748877182602882 -0.14207640290260315 0.011792419478297234 -0.02590056136250496 0.13384544849395752 0.04510563611984253 0.08015438169240952 -0.006260106805711985 0.019232118502259254 -0.06628089398145676 0.0257304348051548 0.08176714926958084 -0.025219842791557312 0.03520617634057999 0.04191858693957329 0.049185965210199356 -0.009014240466058254 0.021222112700343132 0.001634287997148931 0.02359556034207344 -0.014037146233022213 -0.04843904450535774 0.05071912333369255 0.18172535300254822 0.018885677680373192 0.09171347320079803 0.07346773147583008 0.4325874164965166 0.4325874164965166 0.3046685067000785 0.4325874164965166 0.6695739833008953 0.9466926687335792 0.9898955669418418 0.9986628862419594 0.9995112818049009 -0.525102 -0.525102 -0.640686 -0.525102 -0.51028436 -0.81677824 -0.9402238 -1.2008238 -1.3214601 -0.23208144 -0.23208144 -0.19407603 -0.23208144 -0.2016499 -0.7671876 -1.0619079 -1.3978916 -1.5656111
0 400 0.048475105315446854 0.045288313180208206 0.007161164190620184 0.0008356874459423125 0.001363405492156744 -0.06217464432120323 -0.15577642619609833 0.0846504494547844 0.012882793322205544 -0.16171911358833313 -0.012060464359819889 -0.02600703574717045 0.0376458466053009 0.09728384017944336 -0.09680211544036865 -0.08164072036743164 -0.11525895446538925 -0.005686857737600803 -0.12368012964725494 0.05163239687681198 -0.010988272726535797 -0.01423640362918377 0.06683456897735596 0.013728142715990543 -0.02068212814629078 0.04364009201526642 0.04664353281259537 -0.018494796007871628 0.0789404883980751 -0.08485087752342224 -0.035368647426366806 0.005361334420740604 -0.044291045516729355 -0.007895455695688725 -0.012900108471512794 -0.03956086188554764 0.046908747404813766 -0.0379461795091629 -0.05194874852895737 -0.03317981958389282 -0.03505045548081398 0.0582590214908123 0.09854575246572495 -0.006186740938574076 0.0644305944442749 0.026051364839076996 -0.03598104789853096 -0.1325664520263672 0.07134693115949631 0.06205979362130165 0.026826387271285057 0.02564883790910244 -0.00021381722763180733 -0.03976127877831459 -0.031262949109077454 -0.011351468972861767 0.04256431758403778 0.06823554635047913 -0.010177899152040482 0.056749358773231506 -0.02218245342373848 -0.0933666005730629 -0.003442665096372366 0.03296992927789688 -0.178902268409729 0.06354191154241562 0.05724659189581871 0.02657017670571804 0.023784752935171127 -0.12177978456020355 0.010107789188623428 -0.022200481966137886 0.11472468078136444 0.03866197541356087 0.06870375573635101 -0.005365806166082621 0.01648467406630516 -0.05681219696998596 0.022054659202694893 0.07008613646030426 -0.021617010235786438 0.03017672523856163 0.035930220037698746 0.04215940088033676 -0.0077264923602342606 0.018190383911132812 0.0014008183497935534 0.020224766805768013 -0.012031840160489082 -0.04151918366551399 0.043473534286022186 0.1557645946741104 0.016187723726034164 0.07861155271530151 0.06297234445810318 0.4162901361722911 0.4325874164965166 0.153726377644395 0.11534403360915628 0.8628035444327884 0.9893238133223418 0.9986277137106784 0.9995223376117354 0.9996805425220424 -0.53959906 -0.525102 -0.824436 -0.9456138 -0.8759866 -0.97727287 -1.1534624 -1.3429685 -1.4077697 -0.2518215 -0.23208144 -0.1336568 -0.12364258 -0.57082665 -1.0470473 -1.3992318 -1.5670184 -1.6318963
1 400 0.048475105315446854 0.045288313180208206 0.007161164190620184 0.0008356874459423125 0.001363405492156744 -0.06217464432120323 -0.15577642619609833 0.0846504494547844 0.012882793322205544 -0.16171911358833313 -0.012060464359819889 -0.02600703574717045 0.0376458466053009 0.09728384017944336 -0.09680211544036865 -0.08164072036743164 -0.11525895446538925 -0.005686857737600803 -0.12368012964725494 0.05163239687681198 -0.010988272726535797 -0.01423640362918377 0.06683456897735596 0.013728142715990543 -0.02068212814629078 0.04364009201526642 0.04664353281259537 -0.018494796007871628 0.0789404883980751 -0.08485087752342224 -0.035368647426366806 0.005361334420740604 -0.044291045516729355 -0.007895455695688725 -0.012900108471512794 -0.03956086188554764 0.046908747404813766 -0.0379461795091629 -0.05194874852895737 -0.03317981958389282 -0.03505045548081398 0.0582590214908123 0.09854575246572495 -0.006186740938574076 0.0644305944442749 0.026051364839076996 -0.03598104789853096 -0.1325664520263672 0.07134693115949631 0.06205979362130165 0.026826387271285057 0.02564883790910244 -0.00021381722763180733 -0.03976127877831459 -0.031262949109077454 -0.011351468972861767 0.04256431758403778 0.06823554635047913 -0.010177899152040482 0.056749358773231506 -0.02218245342373848 -0.0933666005730629 -0.003442665096372366 0.03296992927789688 -0.178902268409729 0.06354191154241562 0.05724659189581871 0.02657017670571804 0.023784752935171127 -0.12177978456020355 0.010107789188623428 -0.022200481966137886 0.11472468078136444 0.03866197541356087 0.06870375573635101 -0.005365806166082621 0.01648467406630516 -0.05681219696998596 0.022054659202694893 0.07008613646030426 -0.021617010235786438 0.03017672523856163 0.035930220037698746 0.04215940088033676 -0.0077264923602342606 0.018190383911132812 0.0014008183497935534 0.020224766805768013 -0.012031840160489082 -0.04151918366551399 0.043473534286022186 0.1557645946741104 0.016187723726034164 0.07861155271530151 0.06297234445810318 0.4325874164965166 0.4325874164965166 0.3377205778951331 0.24380600912096226 0.8286217284568903 0.9870025559208354 0.9975499549902498 0.9992672547176777 0.9996642525525737 -0.525102 -0.525102 -0.609029 -0.70470303 -0.8789957 -0.9039819 -1.2922447 -1.4198016 -1.3646244 -0.23208144 -0.23208144 -0.20448522 -0.17302644 -0.5752137 -1.020235 -1.4451429 -1.5829502 -1.6283772
2 400 0.048475105315446854 0.045288313180208206 0.007161164190620184 0.0008356874459423125 0.001363405492156744 -0.06217464432120323 -0.15577642619609833 0.0846504494547844 0.012882793322205544 -0.16171911358833313 -0.012060464359819889 -0.02600703574717045 0.0376458466053009 0.09728384017944336 -0.09680211544036865 -0.08164072036743164 -0.11525895446538925 -0.005686857737600803 -0.12368012964725494 0.05163239687681198 -0.010988272726535797 -0.01423640362918377 0.06683456897735596 0.013728142715990543 -0.02068212814629078 0.04364009201526642 0.04664353281259537 -0.018494796007871628 0.0789404883980751 -0.08485087752342224 -0.035368647426366806 0.005361334420740604 -0.044291045516729355 -0.007895455695688725 -0.012900108471512794 -0.03956086188554764 0.046908747404813766 -0.0379461795091629 -0.05194874852895737 -0.03317981958389282 -0.03505045548081398 0.0582590214908123 0.09854575246572495 -0.006186740938574076 0.0644305944442749 0.026051364839076996 -0.03598104789853096 -0.1325664520263672 0.07134693115949631 0.06205979362130165 0.026826387271285057 0.02564883790910244 -0.00021381722763180733 -0.03976127877831459 -0.031262949109077454 -0.011351468972861767 0.04256431758403778 0.06823554635047913 -0.010177899152040482 0.056749358773231506 -0.02218245342373848 -0.0933666005730629 -0.003442665096372366 0.03296992927789688 -0.178902268409729 0.06354191154241562 0.05724659189581871 0.02657017670571804 0.023784752935171127 -0.12177978456020355 0.010107789188623428 -0.022200481966137886 0.11472468078136444 0.03866197541356087 0.06870375573635101 -0.005365806166082621 0.01648467406630516 -0.05681219696998596 0.022054659202694893 0.07008613646030426 -0.021617010235786438 0.03017672523856163 0.035930220037698746 0.04215940088033676 -0.0077264923602342606 0.018190383911132812 0.0014008183497935534 0.020224766805768013 -0.012031840160489082 -0.04151918366551399 0.043473534286022186 0.1557645946741104 0.016187723726034164 0.07861155271530151 0.06297234445810318 0.3885986705959786 0.39384765163291496 0.23031249558997816 0.4026396617495998 0.5799098142449415 0.9279003614759197 0.9840195961926734 0.9977012942783122 0.9990582157147867 -0.5646269 -0.49126396 -0.6780189 -0.55080736 -0.34143347 -0.77922195 -0.9038693 -1.1542029 -1.255821 -0.2859009 -0.22861965 -0.17262712 -0.22362922 -0.02909255 -0.71344155 -0.9821286 -1.3051616 -1.4546517
0 400 0.04039591923356056 0.03774026036262512 0.005967636592686176 0.0006964061758480966 0.0011361711658537388 -0.051812201738357544 -0.12981368601322174 0.07054203748703003 0.010735660791397095 -0.13476592302322388 -0.010050386190414429 -0.021672528237104416 0.03137153759598732 0.08106986433267593 -0.08066842705011368 -0.06803393363952637 -0.09604912251234055 -0.004739047959446907 -0.10306677222251892 0.04302699491381645 -0.009156893938779831 -0.011863669380545616 0.05569547414779663 0.01144011877477169 -0.017235105857253075 0.036366742104291916 0.03886960819363594 -0.015412329696118832 0.06578373908996582 -0.07070906460285187 -0.02947387285530567 0.0044677783735096455 -0.036909203976392746 -0.006579545792192221 -0.010750089772045612 -0.03296738490462303 0.03909062221646309 -0.03162181377410889 -0.043290622532367706 -0.02764984779059887 -0.02920871041715145 0.04854918271303177 0.08212145417928696 -0.005155617371201515 0.05369216203689575 0.021709470078349113 -0.029984205961227417 -0.11047203838825226 0.05945577472448349 0.05171649158000946 0.022355321794748306 0.02137403003871441 -0.0001781810133252293 -0.033134397119283676 -0.026052456349134445 -0.009459557011723518 0.03547026216983795 0.05686295032501221 -0.008481582626700401 0.04729112982749939 -0.018485376611351967 -0.07780549675226212 -0.0028688875027000904 0.027474939823150635 -0.14908522367477417 0.05295158922672272 0.04770549014210701 0.02214181236922741 0.019820626825094223 -0.10148315131664276 0.008423157036304474 -0.018500400707125664 0.09560389816761017 0.03221831098198891 0.05725312978029251 -0.004471505060791969 0.013737227767705917 -0.04734349623322487 0.018378881737589836 0.058405108749866486 -0.018014173954725266 0.025147270411252975 0.029941849410533905 0.03513283282518387 -0.006438743323087692 0.01515865232795477 0.0011673485860228539 0.016853971406817436 -0.010026533156633377 -0.034599319100379944 0.03622794523835182 0.1298038214445114 0.013489769771695137 0.0655096247792244 0.05247695371508598 0.29973215434844175 0.33591904441242293 0.1286194126903998 0.08644566704465871 0.7975245256312512 0.9827355385252645 0.997556045724393 0.9989134931730033 0.9993330835318205 -0.6505338 -0.6110481 -0.8677496 -0.96053314 -0.79818285 -0.92972803 -1.1079106 -1.2627312 -1.3238134 -0.40287697 -0.21817741 -0.11941476 -0.08890641 -0.49571472 -0.96452415 -1.2999244 -1.4277463 -1.5087463
1 400 0.04039591923356056 0.03774026036262512 0.005967636592686176 0.0006964061758480966 0.0011361711658537388 -0.051812201738357544 -0.12981368601322174 0.07054203748703003 0.010735660791397095 -0.13476592302322388 -0.010050386190414429 -0.021672528237104416 0.03137153759598732 0.08106986433267593 -0.08066842705011368 -0.06803393363952637 -0.09604912251234055 -0.004739047959446907 -0.10306677222251892 0.04302699491381645 -0.009156893938779831 -0.011863669380545616 0.05569547414779663 0.01144011877477169 -0.017235105857253075 0.036366742104291916 0.03886960819363594 -0.015412329696118832 0.06578373908996582 -0.07070906460285187 -0.02947387285530567 0.0044677783735096455 -0.036909203976392746 -0.006579545792192221 -0.010750089772045612 -0.03296738490462303 0.03909062221646309 -0.03162181377410889 -0.043290622532367706 -0.02764984779059887 -0.02920871041715145 0.04854918271303177 0.08212145417928696 -0.005155617371201515 0.05369216203689575 0.021709470078349113 -0.029984205961227417 -0.11047203838825226 0.05945577472448349 0.05171649158000946 0.022355321794748306 0.02137403003871441 -0.0001781810133252293 -0.033134397119283676 -0.026052456349134445 -0.009459557011723518 0.03547026216983795 0.05686295032501221 -0.008481582626700401 0.04729112982749939 -0.018485376611351967 -0.07780549675226212 -0.0028688875027000904 0.027474939823150635 -0.14908522367477417 0.05295158922672272 0.04770549014210701 0.02214181236922741 0.019820626825094223 -0.10148315131664276 0.008423157036304474 -0.018500400707125664 0.09560389816761017 0.03221831098198891 0.05725312978029251 -0.004471505060791969 0.013737227767705917 -0.04734349623322487 0.018378881737589836 0.058405108749866486 -0.018014173954725266 0.025147270411252975 0.029941849410533905 0.03513283282518387 -0.006438743323087692 0.01515865232795477 0.0011673485860228539 0.016853971406817436 -0.010026533156633377 -0.034599319100379944 0.03622794523835182 0.1298038214445114 0.013489769771695137 0.0655096247792244 0.05247695371508598 0.34405528438078437 0.4325874164965166 0.32015561763305206 0.23235090664851574 0.7208902469579119 0.9757782503990357 0.9954150675275233 0.9983321080158412 0.9991564683488908 -0.6063601 -0.525102 -0.62563807 -0.7178835 -0.7575382 -0.8523562 -1.2487633 -1.3260574 -1.2855513 -0.34272733 -0.23208144 -0.19902398 -0.16869254 -0.451429 -0.9115732 -1.3431209 -1.4404681 -1.4708956
2 400 0.04039591923356056 0.03774026036262512 0.005967636592686176 0.0006964061758480966 0.0011361711658537388 -0.051812201738357544 -0.12981368601322174 0.07054203748703003 0.010735660791397095 -0.13476592302322388 -0.010050386190414429 -0.021672528237104416 0.03137153759598732 0.08106986433267593 -0.08066842705011368 -0.06803393363952637 -0.09604912251234055 -0.004739047959446907 -0.10306677222251892 0.04302699491381645 -0.009156893938779831 -0.011863669380545616 0.05569547414779663 0.01144011877477169 -0.017235105857253075 0.036366742104291916 0.03886960819363594 -0.015412329696118832 0.06578373908996582 -0.07070906460285187 -0.02947387285530567 0.0044677783735096455 -0.036909203976392746 -0.006579545792192221 -0.010750089772045612 -0.03296738490462303 0.03909062221646309 -0.03162181377410889 -0.043290622532367706 -0.02764984779059887 -0.02920871041715145 0.04854918271303177 0.08212145417928696 -0.005155617371201515 0.05369216203689575 0.021709470078349113 -0.029984205961227417 -0.11047203838825226 0.05945577472448349 0.05171649158000946 0.022355321794748306 0.02137403003871441 -0.0001781810133252293 -0.033134397119283676 -0.026052456349134445 -0.009459557011723518 0.03547026216983795 0.05686295032501221 -0.008481582626700401 0.04729112982749939 -0.018485376611351967 -0.07780549675226212 -0.0028688875027000904 0.027474939823150635 -0.14908522367477417 0.05295158922672272 0.04770549014210701 0.02214181236922741 0.019820626825094223 -0.10148315131664276 0.008423157036304474 -0.018500400707125664 0.09560389816761017 0.03221831098198891 0.05725312978029251 -0.004471505060791969 0.013737227767705917 -0.04734349623322487 0.018378881737589836 0.058405108749866486 -0.018014173954725266 0.025147270411252975 0.029941849410533905 0.03513283282518387 -0.006438743323087692 0.01515865232795477 0.0011673485860228539 0.016853971406817436 -0.010026533156633377 -0.034599319100379944 0.03622794523835182 0.1298038214445114 0.013489769771695137 0.0655096247792244 0.05247695371508598 0.2425158017023676 0.3529869142153745 0.1311181699856062 0.3115206684627198 0.4833388666283081 0.9033356418295256 0.975255617874357 0.9956610555091056 0.9981270095842656 -0.6304574 -0.45427132 -0.6631116 -0.61925447 -0.1740101 -0.7417948 -0.897514 -1.108283 -1.1768382 -0.4272226 -0.22483513 -0.17095113 -0.18043087 0.14187798 -0.6600425 -0.92663395 -1.1951512 -1.3395822
0 400 0.03231673687696457 0.030192209407687187 0.004774109460413456 0.0005571249639615417 0.0009089369559660554 -0.041449762880802155 -0.10385095328092575 0.056433629244565964 0.00858852919191122 -0.10781273990869522 -0.008040308952331543 -0.017338022589683533 0.025097230449318886 0.0648558959364891 -0.0645347461104393 -0.054427146911621094 -0.07683929800987244 -0.0037912384141236544 -0.0824534222483635 0.03442159667611122 -0.007325515151023865 -0.009490936063230038 0.044556379318237305 0.009152094833552837 -0.013788084499537945 0.029093394055962563 0.031095687299966812 -0.01232986431568861 0.052626993507146835 -0.056567251682281494 -0.023579098284244537 0.003574222791939974 -0.029527364298701286 -0.0052636368200182915 -0.008600072003901005 -0.026373907923698425 0.03127249702811241 -0.02529745176434517 -0.034632500261068344 -0.022119877859950066 -0.02336696907877922 0.038839347660541534 0.06569716334342957 -0.004124493803828955 0.0429537296295166 0.01736757718026638 -0.023987365886569023 -0.08837763220071793 0.04756462201476097 0.04137319326400757 0.017884258180856705 0.017099224030971527 -0.00014254481357056648 -0.02650751732289791 -0.020841965451836586 -0.007567645516246557 0.02837621048092842 0.045490361750125885 -0.006785266101360321 0.03783290460705757 -0.014788301661610603 -0.06224439665675163 -0.0022951101418584585 0.021979952231049538 -0.11926817893981934 0.042361270636320114 0.03816439211368561 0.017713449895381927 0.015856502577662468 -0.08118652552366257 0.006738525815308094 -0.014800320379436016 0.07648312300443649 0.025774648413062096 0.04580250382423401 -0.0035772041883319616 0.010989782400429249 -0.037874799221754074 0.014703105203807354 0.04672408849000931 -0.014411339536309242 0.02011781744658947 0.023953480646014214 0.028106266632676125 -0.005150994751602411 0.0121269216760993 0.0009338788804598153 0.013483176939189434 -0.008021227084100246 -0.027679456397891045 0.028982356190681458 0.10384305566549301 0.01079181581735611 0.052407700568437576 0.04198156297206879 0.10914875037642399 0.12958443547298784 0.07525047945828749 0.09473726341456054 0.6668757325844854 0.9696067459649415 0.9945306059424591 0.9974189388065552 0.9986048333326037 -0.81903607 -0.8007654 -0.9134989 -0.9395164 -0.6324166 -0.8770424 -1.0398362 -1.1710112 -1.2396615 -0.6552006 -0.4396132 -0.29382378 -0.09581694 -0.27793604 -0.86598396 -1.1616108 -1.2818894 -1.385177
1 400 0.03231673687696457 0.030192209407687187 0.004774109460413456 0.0005571249639615417 0.0009089369559660554 -0.041449762880802155 -0.10385095328092575 0.056433629244565964 0.00858852919191122 -0.10781273990869522 -0.008040308952331543 -0.017338022589683533 0.025097230449318886 0.0648558959364891 -0.0645347461104393 -0.054427146911621094 -0.07683929800987244 -0.0037912384141236544 -0.0824534222483635 0.03442159667611122 -0.007325515151023865 -0.009490936063230038 0.044556379318237305 0.009152094833552837 -0.013788084499537945 0.029093394055962563 0.031095687299966812 -0.01232986431568861 0.052626993507146835 -0.056567251682281494 -0.023579098284244537 0.003574222791939974 -0.029527364298701286 -0.0052636368200182915 -0.008600072003901005 -0.026373907923698425 0.03127249702811241 -0.02529745176434517 -0.034632500261068344 -0.022119877859950066 -0.02336696907877922 0.038839347660541534 0.06569716334342957 -0.004124493803828955 0.0429537296295166 0.01736757718026638 -0.023987365886569023 -0.08837763220071793 0.04756462201476097 0.04137319326400757 0.017884258180856705 0.017099224030971527 -0.00014254481357056648 -0.02650751732289791 -0.020841965451836586 -0.007567645516246557 0.02837621048092842 0.045490361750125885 -0.006785266101360321 0.03783290460705757 -0.014788301661610603 -0.06224439665675163 -0.0022951101418584585 0.021979952231049538 -0.11926817893981934 0.042361270636320114 0.03816439211368561 0.017713449895381927 0.015856502577662468 -0.08118652552366257 0.006738525815308094 -0.014800320379436016 0.07648312300443649 0.025774648413062096 0.04580250382423401 -0.0035772041883319616 0.010989782400429249 -0.037874799221754074 0.014703105203807354 0.04672408849000931 -0.014411339536309242 0.02011781744658947 0.023953480646014214 0.028106266632676125 -0.005150994751602411 0.0121269216760993 0.0009338788804598153 0.013483176939189434 -0.008021227084100246 -0.027679456397891045 0.028982356190681458 0.10384305566549301 0.01079181581735611 0.052407700568437576 0.04198156297206879 0.1849575091583491 0.3499728611295027 0.18998320260742785 0.2198725073027347 0.59663123376395 0.9510066549627523 0.9915494566790738 0.9958895963551285 0.9979499189901886 -0.7365359 -0.6006856 -0.7033922 -0.73276824 -0.6768638 -0.7969866 -1.2050842 -1.2074745 -1.1849182 -0.5314729 -0.3350006 -0.31355625 -0.16379827 -0.24549809 -0.7858956 -1.243054 -1.273895 -1.3220866
2 400 0.03231673687696457 0.030192209407687187 0.004774109460413456 0.0005571249639615417 0.0009089369559660554 -0.041449762880802155 -0.10385095328092575 0.056433629244565964 0.00858852919191122 -0.10781273990869522 -0.008040308952331543 -0.017338022589683533 0.025097230449318886 0.0648558959364891 -0.0645347461104393 -0.054427146911621094 -0.07683929800987244 -0.0037912384141236544 -0.0824534222483635 0.03442159667611122 -0.007325515151023865 -0.009490936063230038 0.044556379318237305 0.009152094833552837 -0.013788084499537945 0.029093394055962563 0.031095687299966812 -0.01232986431568861 0.052626993507146835 -0.056567251682281494 -0.023579098284244537 0.003574222791939974 -0.029527364298701286 -0.0052636368200182915 -0.008600072003901005 -0.026373907923698425 0.03127249702811241 -0.02529745176434517 -0.034632500261068344 -0.022119877859950066 -0.02336696907877922 0.038839347660541534 0.06569716334342957 -0.004124493803828955 0.0429537296295166 0.01736757718026638 -0.023987365886569023 -0.08837763220071793 0.04756462201476097 0.04137319326400757 0.017884258180856705 0.017099224030971527 -0.00014254481357056648 -0.02650751732289791 -0.020841965451836586 -0.007567645516246557 0.02837621048092842 0.045490361750125885 -0.006785266101360321 0.03783290460705757 -0.014788301661610603 -0.06224439665675163 -0.0022951101418584585 0.021979952231049538 -0.11926817893981934 0.042361270636320114 0.03816439211368561 0.017713449895381927 0.015856502577662468 -0.08118652552366257 0.006738525815308094 -0.014800320379436016 0.07648312300443649 0.025774648413062096 0.04580250382423401 -0.0035772041883319616 0.010989782400429249 -0.037874799221754074 0.014703105203807354 0.04672408849000931 -0.014411339536309242 0.02011781744658947 0.023953480646014214 0.028106266632676125 -0.005150994751602411 0.0121269216760993 0.0009338788804598153 0.013483176939189434 -0.008021227084100246 -0.027679456397891045 0.028982356190681458 0.10384305566549301 0.01079181581735611 0.052407700568437576 0.04198156297206879 0.06441476440341201 0.1636547632648296 0.051618426831642 0.18500071410216362 0.44038774832225897 0.8703498847606639 0.9615204286611153 0.9908638099023434 0.9962867331311795 -0.7589102 -0.6025487 -0.7381723 -0.59262407 -0.042325884 -0.70423645 -0.8908078 -1.0366108 -1.0981045 -0.6843698 -0.42238256 -0.37999347 -0.13329926 0.2783645 -0.60470235 -0.8692112 -1.0680536 -1.2248857
0 400 0.024237552657723427 0.022644156590104103 0.003580582095310092 0.00041784372297115624 0.000681702746078372 -0.031087322160601616 -0.07788821309804916 0.0423252247273922 0.006441396661102772 -0.08085955679416656 -0.0060302321799099445 -0.013003517873585224 0.01882292330265045 0.04864192008972168 -0.048401057720184326 -0.04082036018371582 -0.057629477232694626 -0.0028434288688004017 -0.06184006482362747 0.02581619843840599 -0.0054941363632678986 -0.007118201814591885 0.03341728448867798 0.006864071357995272 -0.01034106407314539 0.02182004600763321 0.023321766406297684 -0.009247398003935814 0.03947024419903755 -0.04242543876171112 -0.017684323713183403 0.002680667210370302 -0.022145522758364677 -0.003947727847844362 -0.006450054235756397 -0.01978043094277382 0.023454373702406883 -0.01897308975458145 -0.025974374264478683 -0.01658990979194641 -0.01752522774040699 0.02912951074540615 0.04927287623286247 -0.003093370469287038 0.03221529722213745 0.013025682419538498 -0.01799052394926548 -0.0662832260131836 0.035673465579748154 0.031029896810650826 0.013413193635642529 0.01282441895455122 -0.00010690861381590366 -0.019880639389157295 -0.015631474554538727 -0.005675734486430883 0.02128215879201889 0.03411777317523956 -0.005088949576020241 0.028374679386615753 -0.01109122671186924 -0.04668330028653145 -0.001721332548186183 0.01648496463894844 -0.0894511342048645 0.03177095577120781 0.028623295947909355 0.01328508835285902 0.011892376467585564 -0.060889892280101776 0.005053894594311714 -0.011100240983068943 0.05736234039068222 0.019330987706780434 0.03435187786817551 -0.0026829030830413103 0.00824233703315258 -0.02840609848499298 0.011027329601347446 0.03504306823015213 -0.010808505117893219 0.015088362619280815 0.017965110018849373 0.02107970044016838 -0.0038632461801171303 0.009095191955566406 0.0007004091748967767 0.010112383402884007 -0.006015920080244541 -0.020759591832756996 0.021736767143011093 0.0778822973370552 0.008093861863017082 0.03930577635765076 0.03148617222905159 0.06264423633846752 0.07315026605652303 0.09387723931571362 0.14296548646088172 0.5994934404606017 0.9374087020266586 0.986664202978405 0.9937985259549638 0.9971726443755838 -0.90329003 -0.8709937 -0.84513146 -0.82601815 -0.55606043 -0.80291545 -0.95745474 -1.0790856 -1.1371938 -0.7804358 -0.61392677 -0.4355929 -0.15860307 -0.08879 -0.73797643 -1.0086485 -1.1336055 -1.269604
1 400 0.024237552657723427 0.022644156590104103 0.003580582095310092 0.00041784372297115624 0.000681702746078372 -0.031087322160601616 -0.07788821309804916 0.0423252247273922 0.006441396661102772 -0.08085955679416656 -0.0060302321799099445 -0.013003517873585224 0.01882292330265045 0.04864192008972168 -0.048401057720184326 -0.04082036018371582 -0.057629477232694626 -0.0028434288688004017 -0.06184006482362747 0.02581619843840599 -0.0054941363632678986 -0.007118201814591885 0.03341728448867798 0.006864071357995272 -0.01034106407314539 0.02182004600763321 0.023321766406297684 -0.009247398003935814 0.03947024419903755 -0.04242543876171112 -0.017684323713183403 0.002680667210370302 -0.022145522758364677 -0.003947727847844362 -0.006450054235756397 -0.01978043094277382 0.023454373702406883 -0.01897308975458145 -0.025974374264478683 -0.01658990979194641 -0.01752522774040699 0.02912951074540615 0.04927287623286247 -0.003093370469287038 0.03221529722213745 0.013025682419538498 -0.01799052394926548 -0.0662832260131836 0.035673465579748154 0.031029896810650826 0.013413193635642529 0.01282441895455122 -0.00010690861381590366 -0.019880639389157295 -0.015631474554538727 -0.005675734486430883 0.02128215879201889 0.03411777317523956 -0.005088949576020241 0.028374679386615753 -0.01109122671186924 -0.04668330028653145 -0.001721332548186183 0.01648496463894844 -0.0894511342048645 0.03177095577120781 0.028623295947909355 0.01328508835285902 0.011892376467585564 -0.060889892280101776 0.005053894594311714 -0.011100240983068943 0.05736234039068222 0.019330987706780434 0.03435187786817551 -0.0026829030830413103 0.00824233703315258 -0.02840609848499298 0.011027329601347446 0.03504306823015213 -0.010808505117893219 0.015088362619280815 0.017965110018849373 0.02107970044016838 -0.0038632461801171303 0.009095191955566406 0.0007004091748967767 0.010112383402884007 -0.006015920080244541 -0.020759591832756996 0.021736767143011093 0.0778822973370552 0.008093861863017082 0.03930577635765076 0.03148617222905159 0.06835098401335189 0.20136479331766988 0.09471526238697318 0.16870389134744498 0.46107504375855557 0.898075605917218 0.9796529992383182 0.9898774558793162 0.9950869355018698 -0.8461336 -0.7107376 -0.80431867 -0.74031025 -0.5392966 -0.7359226 -1.085689 -1.0884984 -1.0767894 -0.724533 -0.49698943 -0.45916197 -0.1832144 0.18371028 -0.6500977 -1.068247 -1.1067828 -1.1764842
2 400 0.024237552657723427 0.022644156590104103 0.003580582095310092 0.00041784372297115624 0.000681702746078372 -0.031087322160601616 -0.07788821309804916 0.0423252247273922 0.006441396661102772 -0.08085955679416656 -0.0060302321799099445 -0.013003517873585224 0.01882292330265045 0.04864192008972168 -0.048401057720184326 -0.04082036018371582 -0.057629477232694626 -0.0028434288688004017 -0.06184006482362747 0.02581619843840599 -0.0054941363632678986 -0.007118201814591885 0.03341728448867798 0.006864071357995272 -0.01034106407314539 0.02182004600763321 0.023321766406297684 -0.009247398003935814 0.03947024419903755 -0.04242543876171112 -0.017684323713183403 0.002680667210370302 -0.022145522758364677 -0.003947727847844362 -0.006450054235756397 -0.01978043094277382 0.023454373702406883 -0.01897308975458145 -0.025974374264478683 -0.01658990979194641 -0.01752522774040699 0.02912951074540615 0.04927287623286247 -0.003093370469287038 0.03221529722213745 0.013025682419538498 -0.01799052394926548 -0.0662832260131836 0.035673465579748154 0.031029896810650826 0.013413193635642529 0.01282441895455122 -0.00010690861381590366 -0.019880639389157295 -0.015631474554538727 -0.005675734486430883 0.02128215879201889 0.03411777317523956 -0.005088949576020241 0.028374679386615753 -0.01109122671186924 -0.04668330028653145 -0.001721332548186183 0.01648496463894844 -0.0894511342048645 0.03177095577120781 0.028623295947909355 0.01328508835285902 0.011892376467585564 -0.060889892280101776 0.005053894594311714 -0.011100240983068943 0.05736234039068222 0.019330987706780434 0.03435187786817551 -0.0026829030830413103 0.00824233703315258 -0.02840609848499298 0.011027329601347446 0.03504306823015213 -0.010808505117893219 0.015088362619280815 0.017965110018849373 0.02107970044016838 -0.0038632461801171303 0.009095191955566406 0.0007004091748967767 0.010112383402884007 -0.006015920080244541 -0.020759591832756996 0.021736767143011093 0.0778822973370552 0.008093861863017082 0.03930577635765076 0.03148617222905159 0.0238824419447048 0.06300320046279512 0.04112265616868471 0.09192036074702124 0.40308132085576015 0.8243472799629267 0.9389031420790515 0.9808427004258046 0.99297270937553 -0.8684413 -0.72789824 -0.76840377 -0.59316456 -0.0723356 -0.66629034 -0.8483707 -0.95482606 -1.028186 -0.8737705 -0.6491977 -0.5686975 -0.24736013 0.38320014 -0.5444695 -0.78889954 -0.9420403 -1.1172428
0 400 0.016158368438482285 0.015096104703843594 0.002387054730206728 0.0002785624819807708 0.0004544684779830277 -0.020724881440401077 -0.051925476640462875 0.028216814622282982 0.00429426459595561 -0.05390636995434761 -0.0040201544761657715 -0.008669011294841766 0.012548615224659443 0.03242794796824455 -0.03226737305521965 -0.027213573455810547 -0.03841964900493622 -0.0018956192070618272 -0.04122671112418175 0.01721079833805561 -0.0036627575755119324 -0.004745468031615019 0.022278189659118652 0.004576047416776419 -0.006894042249768972 0.014546697027981281 0.015547843649983406 -0.006164932157844305 0.026313496753573418 -0.028283625841140747 -0.011789549142122269 0.001787111395969987 -0.014763682149350643 -0.0026318184100091457 -0.004300036001950502 -0.013186953961849213 0.015636248514056206 -0.012648725882172585 -0.017316250130534172 -0.011059938929975033 -0.01168348453938961 0.019419673830270767 0.03284858167171478 -0.0020622469019144773 0.0214768648147583 0.00868378859013319 -0.011993682943284512 -0.04418881610035896 0.023782311007380486 0.020686596632003784 0.008942129090428352 0.008549612015485764 -7.127240678528324e-05 -0.013253758661448956 -0.010420982725918293 -0.0037838227581232786 0.01418810524046421 0.022745180875062943 -0.0033926330506801605 0.018916452303528786 -0.007394150830805302 -0.031122198328375816 -0.0011475550709292293 0.010989976115524769 -0.05963408946990967 0.021180635318160057 0.019082196056842804 0.008856724947690964 0.007928251288831234 -0.040593262761831284 0.003369262907654047 -0.007400160189718008 0.038241561502218246 0.012887324206531048 0.022901251912117004 -0.0017886020941659808 0.005494891200214624 -0.018937399610877037 0.007351552601903677 0.023362044245004654 -0.007205669768154621 0.010058908723294735 0.011976740323007107 0.014053133316338062 -0.0025754973758012056 0.00606346083804965 0.00046693944022990763 0.006741588469594717 -0.004010613542050123 -0.013839728198945522 0.014491178095340729 0.051921527832746506 0.005395907908678055 0.026203850284218788 0.020990781486034393 0.031356568346652854 0.07824042611042614 0.14261442737215138 0.2856860480679276 0.6171485031021641 0.8818554647672476 0.9704274964548827 0.9871743121083724 0.9949892022463094 -0.97515225 -0.8464539 -0.7438977 -0.72720695 -0.5361555 -0.74278164 -0.88083994 -1.0333757 -1.0999198 -0.9648148 -0.7150535 -0.5375953 -0.2979567 -0.1719585 -0.61905074 -0.87062943 -1.0973728 -1.275459
1 400 0.016158368438482285 0.015096104703843594 0.002387054730206728 0.0002785624819807708 0.0004544684779830277 -0.020724881440401077 -0.051925476640462875 0.028216814622282982 0.00429426459595561 -0.05390636995434761 -0.0040201544761657715 -0.008669011294841766 0.012548615224659443 0.03242794796824455 -0.03226737305521965 -0.027213573455810547 -0.03841964900493622 -0.0018956192070618272 -0.04122671112418175 0.01721079833805561 -0.0036627575755119324 -0.004745468031615019 0.022278189659118652 0.004576047416776419 -0.006894042249768972 0.014546697027981281 0.015547843649983406 -0.006164932157844305 0.026313496753573418 -0.028283625841140747 -0.011789549142122269 0.001787111395969987 -0.014763682149350643 -0.0026318184100091457 -0.004300036001950502 -0.013186953961849213 0.015636248514056206 -0.012648725882172585 -0.017316250130534172 -0.011059938929975033 -0.01168348453938961 0.019419673830270767 0.03284858167171478 -0.0020622469019144773 0.0214768648147583 0.00868378859013319 -0.011993682943284512 -0.04418881610035896 0.023782311007380486 0.020686596632003784 0.008942129090428352 0.008549612015485764 -7.127240678528324e-05 -0.013253758661448956 -0.010420982725918293 -0.0037838227581232786 0.01418810524046421 0.022745180875062943 -0.0033926330506801605 0.018916452303528786 -0.007394150830805302 -0.031122198328375816 -0.0011475550709292293 0.010989976115524769 -0.05963408946990967 0.021180635318160057 0.019082196056842804 0.008856724947690964 0.007928251288831234 -0.040593262761831284 0.003369262907654047 -0.007400160189718008 0.038241561502218246 0.012887324206531048 0.022901251912117004 -0.0017886020941659808 0.005494891200214624 -0.018937399610877037 0.007351552601903677 0.023362044245004654 -0.007205669768154621 0.010058908723294735 0.011976740323007107 0.014053133316338062 -0.0025754973758012056 0.00606346083804965 0.00046693944022990763 0.006741588469594717 -0.004010613542050123 -0.013839728198945522 0.014491178095340729 0.051921527832746506 0.005395907908678055 0.026203850284218788 0.020990781486034393 0.04161195861249554 0.09356503061233049 0.14276162524338173 0.2001908787160304 0.45440238932896976 0.8012945298824158 0.9560581824604603 0.9808768116133337 0.9912792546357079 -0.8994949 -0.8091118 -0.74324036 -0.7310505 -0.4760998 -0.6763098 -0.9799041 -1.0202692 -1.0453303 -0.8246075 -0.6630763 -0.5345902 -0.27919102 0.14550108 -0.5156043 -0.90841305 -1.0221701 -1.1516556
2 400 0.016158368438482285 0.015096104703843594 0.002387054730206728 0.0002785624819807708 0.0004544684779830277 -0.020724881440401077 -0.051925476640462875 0.028216814622282982 0.00429426459595561 -0.05390636995434761 -0.0040201544761657715 -0.008669011294841766 0.012548615224659443 0.03242794796824455 -0.03226737305521965 -0.027213573455810547 -0.03841964900493622 -0.0018956192070618272 -0.04122671112418175 0.01721079833805561 -0.0036627575755119324 -0.004745468031615019 0.022278189659118652 0.004576047416776419 -0.006894042249768972 0.014546697027981281 0.015547843649983406 -0.006164932157844305 0.026313496753573418 -0.028283625841140747 -0.011789549142122269 0.001787111395969987 -0.014763682149350643 -0.0026318184100091457 -0.004300036001950502 -0.013186953961849213 0.015636248514056206 -0.012648725882172585 -0.017316250130534172 -0.011059938929975033 -0.01168348453938961 0.019419673830270767 0.03284858167171478 -0.0020622469019144773 0.0214768648147583 0.00868378859013319 -0.011993682943284512 -0.04418881610035896 0.023782311007380486 0.020686596632003784 0.008942129090428352 0.008549612015485764 -7.127240678528324e-05 -0.013253758661448956 -0.010420982725918293 -0.0037838227581232786 0.01418810524046421 0.022745180875062943 -0.0033926330506801605 0.018916452303528786 -0.007394150830805302 -0.031122198328375816 -0.0011475550709292293 0.010989976115524769 -0.05963408946990967 0.021180635318160057 0.019082196056842804 0.008856724947690964 0.007928251288831234 -0.040593262761831284 0.003369262907654047 -0.007400160189718008 0.038241561502218246 0.012887324206531048 0.022901251912117004 -0.0017886020941659808 0.005494891200214624 -0.018937399610877037 0.007351552601903677 0.023362044245004654 -0.007205669768154621 0.010058908723294735 0.011976740323007107 0.014053133316338062 -0.0025754973758012056 0.00606346083804965 0.00046693944022990763 0.006741588469594717 -0.004010613542050123 -0.013839728198945522 0.014491178095340729 0.051921527832746506 0.005395907908678055 0.026203850284218788 0.020990781486034393 0.013510428186526617 0.044709152334126145 0.06097226059161426 0.1268974314057758 0.2978546926680506 0.7179893100270194 0.9023832754500444 0.966072293978285 0.9871383593956393 -0.92281616 -0.79643804 -0.74148774 -0.6542885 -0.3102076 -0.604397 -0.79472756 -0.94435817 -1.0122142 -0.98504126 -0.7315273 -0.65468484 -0.40776265 0.17579317 -0.4088586 -0.71543026 -0.94610083 -1.1241283
0 400 0.008079184219241142 0.007548052351921797 0.001193527365103364 0.0001392812409903854 0.00022723423899151385 -0.010362440720200539 -0.025962738320231438 0.014108407311141491 0.002147132297977805 -0.026953184977173805 -0.0020100772380828857 -0.004334505647420883 0.0062743076123297215 0.016213973984122276 -0.016133686527609825 -0.013606786727905273 -0.01920982450246811 -0.0009478096035309136 -0.020613355562090874 0.008605399169027805 -0.0018313787877559662 -0.0023727340158075094 0.011139094829559326 0.0022880237083882093 -0.003447021124884486 0.007273348513990641 0.007773921824991703 -0.0030824660789221525 0.013156748376786709 -0.014141812920570374 -0.005894774571061134 0.0008935556979849935 -0.007381841074675322 -0.0013159092050045729 -0.002150018000975251 -0.006593476980924606 0.007818124257028103 -0.006324362941086292 -0.008658125065267086 -0.005529969464987516 -0.005841742269694805 0.009709836915135384 0.01642429083585739 -0.0010311234509572387 0.01073843240737915 0.004341894295066595 -0.005996841471642256 -0.02209440805017948 0.011891155503690243 0.010343298316001892 0.004471064545214176 0.004274806007742882 -3.563620339264162e-05 -0.006626879330724478 -0.0052104913629591465 -0.0018919113790616393 0.007094052620232105 0.011372590437531471 -0.0016963165253400803 0.009458226151764393 -0.003697075415402651 -0.015561099164187908 -0.0005737775354646146 0.005494988057762384 -0.029817044734954834 0.010590317659080029 0.009541098028421402 0.004428362473845482 0.003964125644415617 -0.020296631380915642 0.0016846314538270235 -0.003700080094859004 0.019120780751109123 0.006443662103265524 0.011450625956058502 -0.0008943010470829904 0.002747445600107312 -0.009468699805438519 0.0036757763009518385 0.011681022122502327 -0.0036028348840773106 0.0050294543616473675 0.005988370161503553 0.007026566658169031 -0.0012877486879006028 0.003031730419024825 0.00023346972011495382 0.0033707942347973585 -0.0020053067710250616 -0.006919864099472761 0.007245589047670364 0.025960763916373253 0.0026979539543390274 0.013101925142109394 0.010495390743017197 0.027440783496003384 0.07028573891434267 0.14090202066534124 0.4515805168434915 0.6269327624483433 0.8081827777898942 0.938420788110473 0.9737461069084821 0.990574018863697 -0.97929376 -0.88019633 -0.77190673 -0.66554046 -0.52454305 -0.6961672 -0.8679007 -0.9928645 -1.0804018 -1.0126135 -0.7902 -0.5931082 -0.39703757 -0.22171903 -0.5114074 -0.8213922 -1.0262684 -1.2028159
1 400 0.008079184219241142 0.007548052351921797 0.001193527365103364 0.0001392812409903854 0.00022723423899151385 -0.010362440720200539 -0.025962738320231438 0.014108407311141491 0.002147132297977805 -0.026953184977173805 -0.0020100772380828857 -0.004334505647420883 0.0062743076123297215 0.016213973984122276 -0.016133686527609825 -0.013606786727905273 -0.01920982450246811 -0.0009478096035309136 -0.020613355562090874 0.008605399169027805 -0.0018313787877559662 -0.0023727340158075094 0.011139094829559326 0.0022880237083882093 -0.003447021124884486 0.007273348513990641 0.007773921824991703 -0.0030824660789221525 0.013156748376786709 -0.014141812920570374 -0.005894774571061134 0.0008935556979849935 -0.007381841074675322 -0.0013159092050045729 -0.002150018000975251 -0.006593476980924606 0.007818124257028103 -0.006324362941086292 -0.008658125065267086 -0.005529969464987516 -0.005841742269694805 0.009709836915135384 0.01642429083585739 -0.0010311234509572387 0.01073843240737915 0.004341894295066595 -0.005996841471642256 -0.02209440805017948 0.011891155503690243 0.010343298316001892 0.004471064545214176 0.004274806007742882 -3.563620339264162e-05 -0.006626879330724478 -0.0052104913629591465 -0.0018919113790616393 0.007094052620232105 0.011372590437531471 -0.0016963165253400803 0.009458226151764393 -0.003697075415402651 -0.015561099164187908 -0.0005737775354646146 0.005494988057762384 -0.029817044734954834 0.010590317659080029 0.009541098028421402 0.004428362473845482 0.003964125644415617 -0.020296631380915642 0.0016846314538270235 -0.003700080094859004 0.019120780751109123 0.006443662103265524 0.011450625956058502 -0.0008943010470829904 0.002747445600107312 -0.009468699805438519 0.0036757763009518385 0.011681022122502327 -0.0036028348840773106 0.0050294543616473675 0.005988370161503553 0.007026566658169031 -0.0012877486879006028 0.003031730419024825 0.00023346972011495382 0.0033707942347973585 -0.0020053067710250616 -0.006919864099472761 0.007245589047670364 0.025960763916373253 0.0026979539543390274 0.013101925142109394 0.010495390743017197 0.035494361866091596 0.07653943330909456 0.13661620137683775 0.3023135763554581 0.47869127939974593 0.6669491401278994 0.9273313010924358 0.9682213055496486 0.9857090687113671 -0.9737271 -0.8682547 -0.7802849 -0.66120887 -0.504922 -0.6643395 -0.9336697 -1.0261545 -1.0521212 -0.96843195 -0.76676536 -0.6232128 -0.3751016 -0.01191327 -0.4464224 -0.8420714 -1.0504975 -1.1431004
2 400 0.008079184219241142 0.007548052351921797 0.001193527365103364 0.0001392812409903854 0.00022723423899151385 -0.010362440720200539 -0.025962738320231438 0.014108407311141491 0.002147132297977805 -0.026953184977173805 -0.0020100772380828857 -0.004334505647420883 0.0062743076123297215 0.016213973984122276 -0.016133686527609825 -0.013606786727905273 -0.01920982450246811 -0.0009478096035309136 -0.020613355562090874 0.008605399169027805 -0.0018313787877559662 -0.0023727340158075094 0.011139094829559326 0.0022880237083882093 -0.003447021124884486 0.007273348513990641 0.007773921824991703 -0.0030824660789221525 0.013156748376786709 -0.014141812920570374 -0.005894774571061134 0.0008935556979849935 -0.007381841074675322 -0.0013159092050045729 -0.002150018000975251 -0.006593476980924606 0.007818124257028103 -0.006324362941086292 -0.008658125065267086 -0.005529969464987516 -0.005841742269694805 0.009709836915135384 0.01642429083585739 -0.0010311234509572387 0.01073843240737915 0.004341894295066595 -0.005996841471642256 -0.02209440805017948 0.011891155503690243 0.010343298316001892 0.004471064545214176 0.004274806007742882 -3.563620339264162e-05 -0.006626879330724478 -0.0052104913629591465 -0.0018919113790616393 0.007094052620232105 0.011372590437531471 -0.0016963165253400803 0.009458226151764393 -0.003697075415402651 -0.015561099164187908 -0.0005737775354646146 0.005494988057762384 -0.029817044734954834 0.010590317659080029 0.009541098028421402 0.004428362473845482 0.003964125644415617 -0.020296631380915642 0.0016846314538270235 -0.003700080094859004 0.019120780751109123 0.006443662103265524 0.011450625956058502 -0.0008943010470829904 0.002747445600107312 -0.009468699805438519 0.0036757763009518385 0.011681022122502327 -0.0036028348840773106 0.0050294543616473675 0.005988370161503553 0.007026566658169031 -0.0012877486879006028 0.003031730419024825 0.00023346972011495382 0.0033707942347973585 -0.0020053067710250616 -0.006919864099472761 0.007245589047670364 0.025960763916373253 0.0026979539543390274 0.013101925142109394 0.010495390743017197 0.012685417480039185 0.03620254194201564 0.05569209501503445 0.1411893461676839 0.23948307835525076 0.5903232566705282 0.8257636314153021 0.9400303832039683 0.9781143768283784 -0.9938306 -0.8837044 -0.81286824 -0.72795707 -0.5590215 -0.6186588 -0.7715567 -0.92583567 -1.0039189 -1.0998446 -0.8586925 -0.7454592 -0.5415056 -0.22352935 -0.36785156 -0.68565106 -0.90342474 -1.0726128
0 400 -0.0 -0.0 -0.0 -0.0 -0.0 0.0 0.0 -0.0 -0.0 0.0 0.0 0.0 -0.0 -0.0 0.0 0.0 0.0 0.0 0.0 -0.0 0.0 0.0 -0.0 -0.0 0.0 -0.0 -0.0 0.0 -0.0 0.0 0.0 -0.0 0.0 0.0 0.0 0.0 -0.0 0.0 0.0 0.0 0.0 -0.0 -0.0 0.0 -0.0 -0.0 0.0 0.0 -0.0 -0.0 -0.0 -0.0 0.0 0.0 0.0 0.0 -0.0 -0.0 0.0 -0.0 0.0 0.0 0.0 -0.0 0.0 -0.0 -0.0 -0.0 -0.0 0.0 -0.0 0.0 -0.0 -0.0 -0.0 0.0 -0.0 0.0 -0.0 -0.0 0.0 -0.0 -0.0 -0.0 0.0 -0.0 -0.0 -0.0 0.0 0.0 -0.0 -0.0 -0.0 -0.0 -0.0 0.03272399032351366 0.08999063427169984 0.2460101327244017 0.5148922304876786 0.645652662658543 0.7267468057469827 0.8499429834511869 0.940383662149841 0.9820997815231858 -0.98254716 -0.9504616 -0.84934694 -0.73617136 -0.59570074 -0.63749874 -0.77956784 -0.91173476 -1.0445594 -1.0420142 -0.89822996 -0.6624448 -0.47087592 -0.29914707 -0.4073584 -0.62964046 -0.8593396 -1.1056614
1 400 -0.0 -0.0 -0.0 -0.0 -0.0 0.0 0.0 -0.0 -0.0 0.0 0.0 0.0 -0.0 -0.0 0.0 0.0 0.0 0.0 0.0 -0.0 0.0 0.0 -0.0 -0.0 0.0 -0.0 -0.0 0.0 -0.0 0.0 0.0 -0.0 0.0 0.0 0.0 0.0 -0.0 0.0 0.0 0.0 0.0 -0.0 -0.0 0.0 -0.0 -0.0 0.0 0.0 -0.0 -0.0 -0.0 -0.0 0.0 0.0 0.0 0.0 -0.0 -0.0 0.0 -0.0 0.0 0.0 0.0 -0.0 0.0 -0.0 -0.0 -0.0 -0.0 0.0 -0.0 0.0 -0.0 -0.0 -0.0 0.0 -0.0 0.0 -0.0 -0.0 0.0 -0.0 -0.0 -0.0 0.0 -0.0 -0.0 -0.0 0.0 0.0 -0.0 -0.0 -0.0 -0.0 -0.0 0.03434466707084642 0.06303736435023799 0.11796517675128325 0.3254139999497251 0.42074569311123505 0.5216804130603437 0.8168180063378165 0.9295489620085966 0.9717730360169876 -1.0235242 -0.95888907 -0.86863923 -0.7481065 -0.6033485 -0.7562104 -0.86403704 -0.9784095 -1.0201209 -1.0798154 -0.93596065 -0.7800721 -0.5132432 -0.22401172 -0.45518583 -0.6846163 -0.9217398 -1.0362495
2 400 -0.0 -0.0 -0.0 -0.0 -0.0 0.0 0.0 -0.0 -0.0 0.0 0.0 0.0 -0.0 -0.0 0.0 0.0 0.0 0.0 0.0 -0.0 0.0 0.0 -0.0 -0.0 0.0 -0.0 -0.0 0.0 -0.0 0.0 0.0 -0.0 0.0 0.0 0.0 0.0 -0.0 0.0 0.0 0.0 0.0 -0.0 -0.0 0.0 -0.0 -0.0 0.0 0.0 -0.0 -0.0 -0.0 -0.0 0.0 0.0 0.0 0.0 -0.0 -0.0 0.0 -0.0 0.0 0.0 0.0 -0.0 0.0 -0.0 -0.0 -0.0 -0.0 0.0 -0.0 0.0 -0.0 -0.0 -0.0 0.0 -0.0 0.0 -0.0 -0.0 0.0 -0.0 -0.0 -0.0 0.0 -0.0 -0.0 -0.0 0.0 0.0 -0.0 -0.0 -0.0 -0.0 -0.0 0.012819187469369437 0.032782979772819944 0.05434948357479134 0.128857930818199 0.2097466619992999 0.33998438000916775 0.6201838732606972 0.8047702300727255 0.9344811386319761 -1.0640968 -1.0072343 -0.9183732 -0.80275846 -0.7627598 -0.8048001 -0.79080564 -0.9555039 -1.029602 -1.2149726 -1.0695097 -0.91223156 -0.68090296 -0.5380759 -0.5078344 -0.6373768 -0.86387384 -1.0397543
0 400 -0.008079184219241142 -0.007548052351921797 -0.001193527365103364 -0.0001392812409903854 -0.00022723423899151385 0.010362440720200539 0.025962738320231438 -0.014108407311141491 -0.002147132297977805 0.026953184977173805 0.0020100772380828857 0.004334505647420883 -0.0062743076123297215 -0.016213973984122276 0.016133686527609825 0.013606786727905273 0.01920982450246811 0.0009478096035309136 0.020613355562090874 -0.008605399169027805 0.0018313787877559662 0.0023727340158075094 -0.011139094829559326 -0.0022880237083882093 0.003447021124884486 -0.007273348513990641 -0.007773921824991703 0.0030824660789221525 -0.013156748376786709 0.014141812920570374 0.005894774571061134 -0.0008935556979849935 0.007381841074675322 0.0013159092050045729 0.002150018000975251 0.006593476980924606 -0.007818124257028103 0.006324362941086292 0.008658125065267086 0.005529969464987516 0.005841742269694805 -0.009709836915135384 -0.01642429083585739 0.0010311234509572387 -0.01073843240737915 -0.004341894295066595 0.005996841471642256 0.02209440805017948 -0.011891155503690243 -0.010343298316001892 -0.004471064545214176 -0.004274806007742882 3.563620339264162e-05 0.006626879330724478 0.0052104913629591465 0.0018919113790616393 -0.007094052620232105 -0.011372590437531471 0.0016963165253400803 -0.009458226151764393 0.003697075415402651 0.015561099164187908 0.0005737775354646146 -0.005494988057762384 0.029817044734954834 -0.010590317659080029 -0.009541098028421402 -0.004428362473845482 -0.003964125644415617 0.020296631380915642 -0.0016846314538270235 0.003700080094859004 -0.019120780751109123 -0.006443662103265524 -0.011450625956058502 0.0008943010470829904 -0.002747445600107312 0.009468699805438519 -0.0036757763009518385 -0.011681022122502327 0.0036028348840773106 -0.0050294543616473675 -0.005988370161503553 -0.007026566658169031 0.0012877486879006028 -0.003031730419024825 -0.00023346972011495382 -0.0033707942347973585 0.0020053067710250616 0.006919864099472761 -0.007245589047670364 -0.025960763916373253 -0.0026979539543390274 -0.013101925142109394 -0.010495390743017197 0.04178489586890703 0.15986100951656718 0.40068143386938027 0.5452368340584269 0.6416003295573592 0.6774751576627775 0.7372741860458474 0.8972659012221207 0.9775159051219471 -0.99914104 -1.0028884 -0.88615406 -0.8050798 -0.6854975 -0.7111242 -0.81880796 -0.94412506 -1.0835295 -1.0847127 -0.9388865 -0.68991125 -0.54831964 -0.40819114 -0.46364024 -0.6261817 -0.84979594 -1.1038892
1 400 -0.008079184219241142 -0.007548052351921797 -0.001193527365103364 -0.0001392812409903854 -0.00022723423899151385 0.010362440720200539 0.025962738320231438 -0.014108407311141491 -0.002147132297977805 0.026953184977173805 0.0020100772380828857 0.004334505647420883 -0.0062743076123297215 -0.016213973984122276 0.016133686527609825 0.013606786727905273 0.01920982450246811 0.0009478096035309136 0.020613355562090874 -0.008605399169027805 0.0018313787877559662 0.0023727340158075094 -0.011139094829559326 -0.0022880237083882093 0.003447021124884486 -0.007273348513990641 -0.007773921824991703 0.0030824660789221525 -0.013156748376786709 0.014141812920570374 0.005894774571061134 -0.0008935556979849935 0.007381841074675322 0.0013159092050045729 0.002150018000975251 0.006593476980924606 -0.007818124257028103 0.006324362941086292 0.008658125065267086 0.005529969464987516 0.005841742269694805 -0.009709836915135384 -0.01642429083585739 0.0010311234509572387 -0.01073843240737915 -0.004341894295066595 0.005996841471642256 0.02209440805017948 -0.011891155503690243 -0.010343298316001892 -0.004471064545214176 -0.004274806007742882 3.563620339264162e-05 0.006626879330724478 0.0052104913629591465 0.0018919113790616393 -0.007094052620232105 -0.011372590437531471 0.0016963165253400803 -0.009458226151764393 0.003697075415402651 0.015561099164187908 0.0005737775354646146 -0.005494988057762384 0.029817044734954834 -0.010590317659080029 -0.009541098028421402 -0.004428362473845482 -0.003964125644415617 0.020296631380915642 -0.0016846314538270235 0.003700080094859004 -0.019120780751109123 -0.006443662103265524 -0.011450625956058502 0.0008943010470829904 -0.002747445600107312 0.009468699805438519 -0.0036757763009518385 -0.011681022122502327 0.0036028348840773106 -0.0050294543616473675 -0.005988370161503553 -0.007026566658169031 0.0012877486879006028 -0.003031730419024825 -0.00023346972011495382 -0.0033707942347973585 0.0020053067710250616 0.006919864099472761 -0.007245589047670364 -0.025960763916373253 -0.0026979539543390274 -0.013101925142109394 -0.010495390743017197 0.03435494509570132 0.06867073312891873 0.14202930332327868 0.33604719446368325 0.3519571667118469 0.41484755828128866 0.5309821584442768 0.7757509936566285 0.8942648025800409 -1.0418752 -1.0096974 -0.9399585 -0.8294744 -0.70624405 -0.857247 -0.87618864 -0.96962655 -1.1060891 -1.1302555 -1.0073254 -0.87132204 -0.60382736 -0.5107416 -0.63343996 -0.6746598 -0.8325939 -1.0350189
2 400 -0.008079184219241142 -0.007548052351921797 -0.001193527365103364 -0.0001392812409903854 -0.00022723423899151385 0.010362440720200539 0.025962738320231438 -0.014108407311141491 -0.002147132297977805 0.026953184977173805 0.0020100772380828857 0.004334505647420883 -0.0062743076123297215 -0.016213973984122276 0.016133686527609825 0.013606786727905273 0.01920982450246811 0.0009478096035309136 0.020613355562090874 -0.008605399169027805 0.0018313787877559662 0.0023727340158075094 -0.011139094829559326 -0.0022880237083882093 0.003447021124884486 -0.007273348513990641 -0.007773921824991703 0.0030824660789221525 -0.013156748376786709 0.014141812920570374 0.005894774571061134 -0.0008935556979849935 0.007381841074675322 0.0013159092050045729 0.002150018000975251 0.006593476980924606 -0.007818124257028103 0.006324362941086292 0.008658125065267086 0.005529969464987516 0.005841742269694805 -0.009709836915135384 -0.01642429083585739 0.0010311234509572387 -0.01073843240737915 -0.004341894295066595 0.005996841471642256 0.02209440805017948 -0.011891155503690243 -0.010343298316001892 -0.004471064545214176 -0.004274806007742882 3.563620339264162e-05 0.006626879330724478 0.0052104913629591465 0.0018919113790616393 -0.007094052620232105 -0.011372590437531471 0.0016963165253400803 -0.009458226151764393 0.003697075415402651 0.015561099164187908 0.0005737775354646146 -0.005494988057762384 0.029817044734954834 -0.010590317659080029 -0.009541098028421402 -0.004428362473845482 -0.003964125644415617 0.020296631380915642 -0.0016846314538270235 0.003700080094859004 -0.019120780751109123 -0.006443662103265524 -0.011450625956058502 0.0008943010470829904 -0.002747445600107312 0.009468699805438519 -0.0036757763009518385 -0.011681022122502327 0.0036028348840773106 -0.0050294543616473675 -0.005988370161503553 -0.007026566658169031 0.0012877486879006028 -0.003031730419024825 -0.00023346972011495382 -0.0033707942347973585 0.0020053067710250616 0.006919864099472761 -0.007245589047670364 -0.025960763916373253 -0.0026979539543390274 -0.013101925142109394 -0.010495390743017197 0.015064666626209798 0.036364213936891834 0.07129836990489888 0.1627629795620371 0.19279791554316622 0.2356436346671497 0.3330497242772078 0.5415958111878689 0.8410299845361155 -1.1035275 -1.0634413 -0.98445827 -0.89125085 -0.8936014 -0.95037866 -0.86994183 -1.0112306 -1.1097057 -1.2709544 -1.1567024 -1.0012704 -0.82112503 -0.7882141 -0.7745223 -0.7280785 -0.8251376 -1.0861182
0 400 -0.016158368438482285 -0.015096104703843594 -0.002387054730206728 -0.0002785624819807708 -0.0004544684779830277 0.020724881440401077 0.051925476640462875 -0.028216814622282982 -0.00429426459595561 0.05390636995434761 0.0040201544761657715 0.008669011294841766 -0.012548615224659443 -0.03242794796824455 0.03226737305521965 0.027213573455810547 0.03841964900493622 0.0018956192070618272 0.04122671112418175 -0.01721079833805561 0.0036627575755119324 0.004745468031615019 -0.022278189659118652 -0.004576047416776419 0.006894042249768972 -0.014546697027981281 -0.015547843649983406 0.006164932157844305 -0.026313496753573418 0.028283625841140747 0.011789549142122269 -0.001787111395969987 0.014763682149350643 0.0026318184100091457 0.004300036001950502 0.013186953961849213 -0.015636248514056206 0.012648725882172585 0.017316250130534172 0.011059938929975033 0.01168348453938961 -0.019419673830270767 -0.03284858167171478 0.0020622469019144773 -0.0214768648147583 -0.00868378859013319 0.011993682943284512 0.04418881610035896 -0.023782311007380486 -0.020686596632003784 -0.008942129090428352 -0.008549612015485764 7.127240678528324e-05 0.013253758661448956 0.010420982725918293 0.0037838227581232786 -0.01418810524046421 -0.022745180875062943 0.0033926330506801605 -0.018916452303528786 0.007394150830805302 0.031122198328375816 0.0011475550709292293 -0.010989976115524769 0.05963408946990967 -0.021180635318160057 -0.019082196056842804 -0.008856724947690964 -0.007928251288831234 0.040593262761831284 -0.003369262907654047 0.007400160189718008 -0.038241561502218246 -0.012887324206531048 -0.022901251912117004 0.0017886020941659808 -0.005494891200214624 0.018937399610877037 -0.007351552601903677 -0.023362044245004654 0.007205669768154621 -0.010058908723294735 -0.011976740323007107 -0.014053133316338062 0.0025754973758012056 -0.00606346083804965 -0.00046693944022990763 -0.006741588469594717 0.004010613542050123 0.013839728198945522 -0.014491178095340729 -0.051921527832746506 -0.005395907908678055 -0.026203850284218788 -0.020990781486034393 0.0566566188829605 0.216720998861548 0.39490256716081773 0.44287748556740064 0.575518617000293 0.5697395997203806 0.6298319278517801 0.8374373031361965 0.9747267474937512 -1.0400534 -1.003701 -0.9165625 -0.81192994 -0.7493174 -0.7396807 -0.8831849 -0.9711921 -1.1374915 -1.1305155 -0.91049016 -0.7274162 -0.56982803 -0.47526985 -0.48292273 -0.69488275 -0.8520067 -1.1080403
1 400 -0.016158368438482285 -0.015096104703843594 -0.002387054730206728 -0.0002785624819807708 -0.0004544684779830277 0.020724881440401077 0.051925476640462875 -0.028216814622282982 -0.00429426459595561 0.05390636995434761 0.0040201544761657715 0.008669011294841766 -0.012548615224659443 -0.03242794796824455 0.03226737305521965 0.027213573455810547 0.03841964900493622 0.0018956192070618272 0.04122671112418175 -0.01721079833805561 0.0036627575755119324 0.004745468031615019 -0.022278189659118652 -0.004576047416776419 0.006894042249768972 -0.014546697027981281 -0.015547843649983406 0.006164932157844305 -0.026313496753573418 0.028283625841140747 0.011789549142122269 -0.001787111395969987 0.014763682149350643 0.0026318184100091457 0.004300036001950502 0.013186953961849213 -0.015636248514056206 0.012648725882172585 0.017316250130534172 0.011059938929975033 0.01168348453938961 -0.019419673830270767 -0.03284858167171478 0.0020622469019144773 -0.0214768648147583 -0.00868378859013319 0.011993682943284512 0.04418881610035896 -0.023782311007380486 -0.020686596632003784 -0.008942129090428352 -0.008549612015485764 7.127240678528324e-05 0.013253758661448956 0.010420982725918293 0.0037838227581232786 -0.01418810524046421 -0.022745180875062943 0.0033926330506801605 -0.018916452303528786 0.007394150830805302 0.031122198328375816 0.0011475550709292293 -0.010989976115524769 0.05963408946990967 -0.021180635318160057 -0.019082196056842804 -0.008856724947690964 -0.007928251288831234 0.040593262761831284 -0.003369262907654047 0.007400160189718008 -0.038241561502218246 -0.012887324206531048 -0.022901251912117004 0.0017886020941659808 -0.005494891200214624 0.018937399610877037 -0.007351552601903677 -0.023362044245004654 0.007205669768154621 -0.010058908723294735 -0.011976740323007107 -0.014053133316338062 0.0025754973758012056 -0.00606346083804965 -0.00046693944022990763 -0.006741588469594717 0.004010613542050123 0.013839728198945522 -0.014491178095340729 -0.051921527832746506 -0.005395907908678055 -0.026203850284218788 -0.020990781486034393 0.03857097696716301 0.07300301278340834 0.1715289177448813 0.2981936561302828 0.25844642317651506 0.31863555467398175 0.5471243193808264 0.6680979529614045 0.8155705319304003 -1.0879451 -1.0401125 -0.92649937 -0.8085226 -0.7724266 -0.8769098 -0.8663158 -0.9415715 -1.211345 -1.1241077 -1.0458533 -0.8444544 -0.59342897 -0.6033441 -0.66800404 -0.6647235 -0.74662125 -1.0970669
2 400 -0.016158368438482285 -0.015096104703843594 -0.002387054730206728 -0.0002785624819807708 -0.0004544684779830277 0.020724881440401077 0.051925476640462875 -0.028216814622282982 -0.00429426459595561 0.05390636995434761 0.0040201544761657715 0.008669011294841766 -0.012548615224659443 -0.03242794796824455 0.03226737305521965 0.027213573455810547 0.03841964900493622 0.0018956192070618272 0.04122671112418175 -0.01721079833805561 0.0036627575755119324 0.004745468031615019 -0.022278189659118652 -0.004576047416776419 0.006894042249768972 -0.014546697027981281 -0.015547843649983406 0.006164932157844305 -0.026313496753573418 0.028283625841140747 0.011789549142122269 -0.001787111395969987 0.014763682149350643 0.0026318184100091457 0.004300036001950502 0.013186953961849213 -0.015636248514056206 0.012648725882172585 0.017316250130534172 0.011059938929975033 0.01168348453938961 -0.019419673830270767 -0.03284858167171478 0.0020622469019144773 -0.0214768648147583 -0.00868378859013319 0.011993682943284512 0.04418881610035896 -0.023782311007380486 -0.020686596632003784 -0.008942129090428352 -0.008549612015485764 7.127240678528324e-05 0.013253758661448956 0.010420982725918293 0.0037838227581232786 -0.01418810524046421 -0.022745180875062943 0.0033926330506801605 -0.018916452303528786 0.007394150830805302 0.031122198328375816 0.0011475550709292293 -0.010989976115524769 0.05963408946990967 -0.021180635318160057 -0.019082196056842804 -0.008856724947690964 -0.007928251288831234 0.040593262761831284 -0.003369262907654047 0.007400160189718008 -0.038241561502218246 -0.012887324206531048 -0.022901251912117004 0.0017886020941659808 -0.005494891200214624 0.018937399610877037 -0.007351552601903677 -0.023362044245004654 0.007205669768154621 -0.010058908723294735 -0.011976740323007107 -0.014053133316338062 0.0025754973758012056 -0.00606346083804965 -0.00046693944022990763 -0.006741588469594717 0.004010613542050123 0.013839728198945522 -0.014491178095340729 -0.051921527832746506 -0.005395907908678055 -0.026203850284218788 -0.020990781486034393 0.017563869392573695 0.04538350545787448 0.11042781066852268 0.18296003873551236 0.16377053826154517 0.18314587931115942 0.22228071786698475 0.5418647724219865 0.7513438882273358 -1.1162679 -1.1138353 -1.039214 -0.9515605 -0.90770113 -0.90478873 -0.9597661 -0.99964267 -1.1962578 -1.2670534 -1.2007471 -1.0694088 -0.907308 -0.835819 -0.77113235 -0.89337194 -0.8384373 -1.152868
0 400 -0.024237552657723427 -0.022644156590104103 -0.003580582095310092 -0.00041784372297115624 -0.000681702746078372 0.031087322160601616 0.07788821309804916 -0.0423252247273922 -0.006441396661102772 0.08085955679416656 0.0060302321799099445 0.013003517873585224 -0.01882292330265045 -0.04864192008972168 0.048401057720184326 0.04082036018371582 0.057629477232694626 0.0028434288688004017 0.06184006482362747 -0.02581619843840599 0.0054941363632678986 0.007118201814591885 -0.03341728448867798 -0.006864071357995272 0.01034106407314539 -0.02182004600763321 -0.023321766406297684 0.009247398003935814 -0.03947024419903755 0.04242543876171112 0.017684323713183403 -0.002680667210370302 0.022145522758364677 0.003947727847844362 0.006450054235756397 0.01978043094277382 -0.023454373702406883 0.01897308975458145 0.025974374264478683 0.01658990979194641 0.01752522774040699 -0.02912951074540615 -0.04927287623286247 0.003093370469287038 -0.03221529722213745 -0.013025682419538498 0.01799052394926548 0.0662832260131836 -0.035673465579748154 -0.031029896810650826 -0.013413193635642529 -0.01282441895455122 0.00010690861381590366 0.019880639389157295 0.015631474554538727 0.005675734486430883 -0.02128215879201889 -0.03411777317523956 0.005088949576020241 -0.028374679386615753 0.01109122671186924 0.04668330028653145 0.001721332548186183 -0.01648496463894844 0.0894511342048645 -0.03177095577120781 -0.028623295947909355 -0.01328508835285902 -0.011892376467585564 0.060889892280101776 -0.005053894594311714 0.011100240983068943 -0.05736234039068222 -0.019330987706780434 -0.03435187786817551 0.0026829030830413103 -0.00824233703315258 0.02840609848499298 -0.011027329601347446 -0.03504306823015213 0.010808505117893219 -0.015088362619280815 -0.017965110018849373 -0.02107970044016838 0.0038632461801171303 -0.009095191955566406 -0.0007004091748967767 -0.010112383402884007 0.006015920080244541 0.020759591832756996 -0.021736767143011093 -0.0778822973370552 -0.008093861863017082 -0.03930577635765076 -0.03148617222905159 0.07918357046030298 0.17924821890869252 0.32251112924923175 0.3792146657377756 0.532463409916901 0.45431234266012444 0.49360702255146327 0.7879972703904291 0.9741550448215438 -1.0569142 -1.0042953 -0.92159206 -0.89811254 -0.77760714 -0.7077709 -0.8963182 -0.9988758 -1.1827132 -1.0667955 -0.87122834 -0.7036531 -0.6718263 -0.4550825 -0.38097364 -0.70257246 -0.83190227 -1.1046429
1 400 -0.024237552657723427 -0.022644156590104103 -0.003580582095310092 -0.00041784372297115624 -0.000681702746078372 0.031087322160601616 0.07788821309804916 -0.0423252247273922 -0.006441396661102772 0.08085955679416656 0.0060302321799099445 0.013003517873585224 -0.01882292330265045 -0.04864192008972168 0.048401057720184326 0.04082036018371582 0.057629477232694626 0.0028434288688004017 0.06184006482362747 -0.02581619843840599 0.0054941363632678986 0.007118201814591885 -0.03341728448867798 -0.006864071357995272 0.01034106407314539 -0.02182004600763321 -0.023321766406297684 0.009247398003935814 -0.03947024419903755 0.04242543876171112 0.017684323713183403 -0.002680667210370302 0.022145522758364677 0.003947727847844362 0.006450054235756397 0.01978043094277382 -0.023454373702406883 0.01897308975458145 0.025974374264478683 0.01658990979194641 0.01752522774040699 -0.02912951074540615 -0.04927287623286247 0.003093370469287038 -0.03221529722213745 -0.013025682419538498 0.01799052394926548 0.0662832260131836 -0.035673465579748154 -0.031029896810650826 -0.013413193635642529 -0.01282441895455122 0.00010690861381590366 0.019880639389157295 0.015631474554538727 0.005675734486430883 -0.02128215879201889 -0.03411777317523956 0.005088949576020241 -0.028374679386615753 0.01109122671186924 0.04668330028653145 0.001721332548186183 -0.01648496463894844 0.0894511342048645 -0.03177095577120781 -0.028623295947909355 -0.01328508835285902 -0.011892376467585564 0.060889892280101776 -0.005053894594311714 0.011100240983068943 -0.05736234039068222 -0.019330987706780434 -0.03435187786817551 0.0026829030830413103 -0.00824233703315258 0.02840609848499298 -0.011027329601347446 -0.03504306823015213 0.010808505117893219 -0.015088362619280815 -0.017965110018849373 -0.02107970044016838 0.0038632461801171303 -0.009095191955566406 -0.0007004091748967767 -0.010112383402884007 0.006015920080244541 0.020759591832756996 -0.021736767143011093 -0.0778822973370552 -0.008093861863017082 -0.03930577635765076 -0.03148617222905159 0.031079632013002643 0.09165369389622774 0.22746941533642318 0.3585542829491799 0.24466241192587396 0.31865421883105377 0.5117479366547361 0.6368554436470283 0.8001922878758788 -1.1026437 -1.0301601 -0.8450288 -0.86253595 -0.72697943 -0.7626192 -0.83542717 -0.8952347 -1.2099053 -1.0891614 -0.95629513 -0.6535443 -0.59192073 -0.50906837 -0.5469738 -0.6184617 -0.62663907 -1.0412247
2 400 -0.024237552657723427 -0.022644156590104103 -0.003580582095310092 -0.00041784372297115624 -0.000681702746078372 0.031087322160601616 0.07788821309804916 -0.0423252247273922 -0.006441396661102772 0.08085955679416656 0.0060302321799099445 0.013003517873585224 -0.01882292330265045 -0.04864192008972168 0.048401057720184326 0.04082036018371582 0.057629477232694626 0.0028434288688004017 0.06184006482362747 -0.02581619843840599 0.0054941363632678986 0.007118201814591885 -0.03341728448867798 -0.006864071357995272 0.01034106407314539 -0.02182004600763321 -0.023321766406297684 0.009247398003935814 -0.03947024419903755 0.04242543876171112 0.017684323713183403 -0.002680667210370302 0.022145522758364677 0.003947727847844362 0.006450054235756397 0.01978043094277382 -0.023454373702406883 0.01897308975458145 0.025974374264478683 0.01658990979194641 0.01752522774040699 -0.02912951074540615 -0.04927287623286247 0.003093370469287038 -0.03221529722213745 -0.013025682419538498 0.01799052394926548 0.0662832260131836 -0.035673465579748154 -0.031029896810650826 -0.013413193635642529 -0.01282441895455122 0.00010690861381590366 0.019880639389157295 0.015631474554538727 0.005675734486430883 -0.02128215879201889 -0.03411777317523956 0.005088949576020241 -0.028374679386615753 0.01109122671186924 0.04668330028653145 0.001721332548186183 -0.01648496463894844 0.0894511342048645 -0.03177095577120781 -0.028623295947909355 -0.01328508835285902 -0.011892376467585564 0.060889892280101776 -0.005053894594311714 0.011100240983068943 -0.05736234039068222 -0.019330987706780434 -0.03435187786817551 0.0026829030830413103 -0.00824233703315258 0.02840609848499298 -0.011027329601347446 -0.03504306823015213 0.010808505117893219 -0.015088362619280815 -0.017965110018849373 -0.02107970044016838 0.0038632461801171303 -0.009095191955566406 -0.0007004091748967767 -0.010112383402884007 0.006015920080244541 0.020759591832756996 -0.021736767143011093 -0.0778822973370552 -0.008093861863017082 -0.03930577635765076 -0.03148617222905159 0.01618643844881776 0.05120299517520605 0.14850401370811508 0.23417020315835524 0.16384994620376564 0.17937129827609904 0.19405437181509486 0.5152705717676025 0.7505734026015487 -1.1169257 -1.1201334 -1.0079339 -0.9573765 -0.87334085 -0.8090409 -0.98192966 -0.9766768 -1.1950867 -1.258541 -1.1924706 -0.95468104 -0.85382235 -0.74683845 -0.6869125 -0.9291105 -0.7440765 -1.1071862
0 400 -0.03231673687696457 -0.030192209407687187 -0.004774109460413456 -0.0005571249639615417 -0.0009089369559660554 0.041449762880802155 0.10385095328092575 -0.056433629244565964 -0.00858852919191122 0.10781273990869522 0.008040308952331543 0.017338022589683533 -0.025097230449318886 -0.0648558959364891 0.0645347461104393 0.054427146911621094 0.07683929800987244 0.0037912384141236544 0.0824534222483635 -0.03442159667611122 0.007325515151023865 0.009490936063230038 -0.044556379318237305 -0.009152094833552837 0.013788084499537945 -0.029093394055962563 -0.031095687299966812 0.01232986431568861 -0.052626993507146835 0.056567251682281494 0.023579098284244537 -0.003574222791939974 0.029527364298701286 0.0052636368200182915 0.008600072003901005 0.026373907923698425 -0.03127249702811241 0.02529745176434517 0.034632500261068344 0.022119877859950066 0.02336696907877922 -0.038839347660541534 -0.06569716334342957 0.004124493803828955 -0.0429537296295166 -0.01736757718026638 0.023987365886569023 0.08837763220071793 -0.04756462201476097 -0.04137319326400757 -0.017884258180856705 -0.017099224030971527 0.00014254481357056648 0.02650751732289791 0.020841965451836586 0.007567645516246557 -0.02837621048092842 -0.045490361750125885 0.006785266101360321 -0.03783290460705757 0.014788301661610603 0.06224439665675163 0.0022951101418584585 -0.021979952231049538 0.11926817893981934 -0.042361270636320114 -0.03816439211368561 -0.017713449895381927 -0.015856502577662468 0.08118652552366257 -0.006738525815308094 0.014800320379436016 -0.07648312300443649 -0.025774648413062096 -0.04580250382423401 0.0035772041883319616 -0.010989782400429249 0.037874799221754074 -0.014703105203807354 -0.04672408849000931 0.014411339536309242 -0.02011781744658947 -0.023953480646014214 -0.028106266632676125 0.005150994751602411 -0.0121269216760993 -0.0009338788804598153 -0.013483176939189434 0.008021227084100246 0.027679456397891045 -0.028982356190681458 -0.10384305566549301 -0.01079181581735611 -0.052407700568437576 -0.04198156297206879 0.09561503045051886 0.16347478710842558 0.2761903871376515 0.33607720401468566 0.46231542617344545 0.39361197364548733 0.3550719417243377 0.6519455624497869 0.9730895194110303 -1.0307479 -1.0057635 -0.94837874 -0.9214212 -0.73143953 -0.6892355 -0.8934765 -0.97204304 -1.2235146 -0.91860235 -0.80881 -0.71656704 -0.65684986 -0.3866413 -0.32874757 -0.67570376 -0.68513536 -1.09164
1 400 -0.03231673687696457 -0.030192209407687187 -0.004774109460413456 -0.0005571249639615417 -0.0009089369559660554 0.041449762880802155 0.10385095328092575 -0.056433629244565964 -0.00858852919191122 0.10781273990869522 0.008040308952331543 0.017338022589683533 -0.025097230449318886 -0.0648558959364891 0.0645347461104393 0.054427146911621094 0.07683929800987244 0.0037912384141236544 0.0824534222483635 -0.03442159667611122 0.007325515151023865 0.009490936063230038 -0.044556379318237305 -0.009152094833552837 0.013788084499537945 -0.029093394055962563 -0.031095687299966812 0.01232986431568861 -0.052626993507146835 0.056567251682281494 0.023579098284244537 -0.003574222791939974 0.029527364298701286 0.0052636368200182915 0.008600072003901005 0.026373907923698425 -0.03127249702811241 0.02529745176434517 0.034632500261068344 0.022119877859950066 0.02336696907877922 -0.038839347660541534 -0.06569716334342957 0.004124493803828955 -0.0429537296295166 -0.01736757718026638 0.023987365886569023 0.08837763220071793 -0.04756462201476097 -0.04137319326400757 -0.017884258180856705 -0.017099224030971527 0.00014254481357056648 0.02650751732289791 0.020841965451836586 0.007567645516246557 -0.02837621048092842 -0.045490361750125885 0.006785266101360321 -0.03783290460705757 0.014788301661610603 0.06224439665675163 0.0022951101418584585 -0.021979952231049538 0.11926817893981934 -0.042361270636320114 -0.03816439211368561 -0.017713449895381927 -0.015856502577662468 0.08118652552366257 -0.006738525815308094 0.014800320379436016 -0.07648312300443649 -0.025774648413062096 -0.04580250382423401 0.0035772041883319616 -0.010989782400429249 0.037874799221754074 -0.014703105203807354 -0.04672408849000931 0.014411339536309242 -0.02011781744658947 -0.023953480646014214 -0.028106266632676125 0.005150994751602411 -0.0121269216760993 -0.0009338788804598153 -0.013483176939189434 0.008021227084100246 0.027679456397891045 -0.028982356190681458 -0.10384305566549301 -0.01079181581735611 -0.052407700568437576 -0.04198156297206879 0.01735492565447078 0.11108128441972526 0.26572443750201147 0.3310877464970511 0.27377756147538307 0.3509935246220974 0.48588619699565927 0.6661911226381035 0.8818930236323866 -1.0348767 -0.979651 -0.88157344 -0.86388594 -0.67177296 -0.6896989 -0.83419466 -0.86393726 -1.1918103 -1.1232857 -0.8212904 -0.6019491 -0.54893565 -0.37000132 -0.40032008 -0.61259687 -0.51403606 -0.978801
2 400 -0.03231673687696457 -0.030192209407687187 -0.004774109460413456 -0.0005571249639615417 -0.0009089369559660554 0.041449762880802155 0.10385095328092575 -0.056433629244565964 -0.00858852919191122 0.10781273990869522 0.008040308952331543 0.017338022589683533 -0.025097230449318886 -0.0648558959364891 0.0645347461104393 0.054427146911621094 0.07683929800987244 0.0037912384141236544 0.0824534222483635 -0.03442159667611122 0.007325515151023865 0.009490936063230038 -0.044556379318237305 -0.009152094833552837 0.013788084499537945 -0.029093394055962563 -0.031095687299966812 0.01232986431568861 -0.052626993507146835 0.056567251682281494 0.023579098284244537 -0.003574222791939974 0.029527364298701286 0.0052636368200182915 0.008600072003901005 0.026373907923698425 -0.03127249702811241 0.02529745176434517 0.034632500261068344 0.022119877859950066 0.02336696907877922 -0.038839347660541534 -0.06569716334342957 0.004124493803828955 -0.0429537296295166 -0.01736757718026638 0.023987365886569023 0.08837763220071793 -0.04756462201476097 -0.04137319326400757 -0.017884258180856705 -0.017099224030971527 0.00014254481357056648 0.02650751732289791 0.020841965451836586 0.007567645516246557 -0.02837621048092842 -0.045490361750125885 0.006785266101360321 -0.03783290460705757 0.014788301661610603 0.06224439665675163 0.0022951101418584585 -0.021979952231049538 0.11926817893981934 -0.042361270636320114 -0.03816439211368561 -0.017713449895381927 -0.015856502577662468 0.08118652552366257 -0.006738525815308094 0.014800320379436016 -0.07648312300443649 -0.025774648413062096 -0.04580250382423401 0.0035772041883319616 -0.010989782400429249 0.037874799221754074 -0.014703105203807354 -0.04672408849000931 0.014411339536309242 -0.02011781744658947 -0.023953480646014214 -0.028106266632676125 0.005150994751602411 -0.0121269216760993 -0.0009338788804598153 -0.013483176939189434 0.008021227084100246 0.027679456397891045 -0.028982356190681458 -0.10384305566549301 -0.01079181581735611 -0.052407700568437576 -0.04198156297206879 0.013828287093099339 0.0673965881222846 0.17682707860258215 0.28431132775832496 0.18461579633274142 0.19944475257709213 0.22052621080041637 0.5861165563550609 0.852093146188113 -1.1363068 -1.122381 -1.0104308 -0.94697297 -0.8137276 -0.76458615 -0.95657957 -0.91241145 -1.1773427 -1.2491789 -1.0987246 -0.897393 -0.7548071 -0.597969 -0.5761732 -0.85555494 -0.60526377 -1.0329115
0 400 -0.04039591923356056 -0.03774026036262512 -0.005967636592686176 -0.0006964061758480966 -0.0011361711658537388 0.051812201738357544 0.12981368601322174 -0.07054203748703003 -0.010735660791397095 0.13476592302322388 0.010050386190414429 0.021672528237104416 -0.03137153759598732 -0.08106986433267593 0.08066842705011368 0.06803393363952637 0.09604912251234055 0.004739047959446907 0.10306677222251892 -0.04302699491381645 0.009156893938779831 0.011863669380545616 -0.05569547414779663 -0.01144011877477169 0.017235105857253075 -0.036366742104291916 -0.03886960819363594 0.015412329696118832 -0.06578373908996582 0.07070906460285187 0.02947387285530567 -0.0044677783735096455 0.036909203976392746 0.006579545792192221 0.010750089772045612 0.03296738490462303 -0.03909062221646309 0.03162181377410889 0.043290622532367706 0.02764984779059887 0.02920871041715145 -0.04854918271303177 -0.08212145417928696 0.005155617371201515 -0.05369216203689575 -0.021709470078349113 0.029984205961227417 0.11047203838825226 -0.05945577472448349 -0.05171649158000946 -0.022355321794748306 -0.02137403003871441 0.0001781810133252293 0.033134397119283676 0.026052456349134445 0.009459557011723518 -0.03547026216983795 -0.05686295032501221 0.008481582626700401 -0.04729112982749939 0.018485376611351967 0.07780549675226212 0.0028688875027000904 -0.027474939823150635 0.14908522367477417 -0.05295158922672272 -0.04770549014210701 -0.02214181236922741 -0.019820626825094223 0.10148315131664276 -0.008423157036304474 0.018500400707125664 -0.09560389816761017 -0.03221831098198891 -0.05725312978029251 0.004471505060791969 -0.013737227767705917 0.04734349623322487 -0.018378881737589836 -0.058405108749866486 0.018014173954725266 -0.025147270411252975 -0.029941849410533905 -0.03513283282518387 0.006438743323087692 -0.01515865232795477 -0.0011673485860228539 -0.016853971406817436 0.010026533156633377 0.034599319100379944 -0.03622794523835182 -0.1298038214445114 -0.013489769771695137 -0.0655096247792244 -0.05247695371508598 0.10699209224019182 0.15331635351676887 0.24803305826958802 0.3119546349387519 0.40698008557120985 0.3439591569494723 0.3080477329212618 0.5186659528210186 0.9702801369321805 -1.0015063 -1.0121784 -0.9530036 -0.935925 -0.6858728 -0.6620707 -0.90985024 -0.9559616 -1.2555029 -0.77503157 -0.7550585 -0.658589 -0.6209884 -0.32115695 -0.28257933 -0.6806326 -0.60084754 -1.059828
1 400 -0.04039591923356056 -0.03774026036262512 -0.005967636592686176 -0.0006964061758480966 -0.0011361711658537388 0.051812201738357544 0.12981368601322174 -0.07054203748703003 -0.010735660791397095 0.13476592302322388 0.010050386190414429 0.021672528237104416 -0.03137153759598732 -0.08106986433267593 0.08066842705011368 0.06803393363952637 0.09604912251234055 0.004739047959446907 0.10306677222251892 -0.04302699491381645 0.009156893938779831 0.011863669380545616 -0.05569547414779663 -0.01144011877477169 0.017235105857253075 -0.036366742104291916 -0.03886960819363594 0.015412329696118832 -0.06578373908996582 0.07070906460285187 0.02947387285530567 -0.0044677783735096455 0.036909203976392746 0.006579545792192221 0.010750089772045612 0.03296738490462303 -0.03909062221646309 0.03162181377410889 0.043290622532367706 0.02764984779059887 0.02920871041715145 -0.04854918271303177 -0.08212145417928696 0.005155617371201515 -0.05369216203689575 -0.021709470078349113 0.029984205961227417 0.11047203838825226 -0.05945577472448349 -0.05171649158000946 -0.022355321794748306 -0.02137403003871441 0.0001781810133252293 0.033134397119283676 0.026052456349134445 0.009459557011723518 -0.03547026216983795 -0.05686295032501221 0.008481582626700401 -0.04729112982749939 0.018485376611351967 0.07780549675226212 0.0028688875027000904 -0.027474939823150635 0.14908522367477417 -0.05295158922672272 -0.04770549014210701 -0.02214181236922741 -0.019820626825094223 0.10148315131664276 -0.008423157036304474 0.018500400707125664 -0.09560389816761017 -0.03221831098198891 -0.05725312978029251 0.004471505060791969 -0.013737227767705917 0.04734349623322487 -0.018378881737589836 -0.058405108749866486 0.018014173954725266 -0.025147270411252975 -0.029941849410533905 -0.03513283282518387 0.006438743323087692 -0.01515865232795477 -0.0011673485860228539 -0.016853971406817436 0.010026533156633377 0.034599319100379944 -0.03622794523835182 -0.1298038214445114 -0.013489769771695137 -0.0655096247792244 -0.05247695371508598 0.013928413700410737 0.12860295981224962 0.2215277695619033 0.2931729074745145 0.2505366974417004 0.3236828206180119 0.4439774938567188 0.623460706037398 0.8398910838939742 -0.98784816 -0.9294185 -0.8458966 -0.84354013 -0.62856954 -0.6459732 -0.8571788 -0.86219144 -1.1720382 -1.048161 -0.68383336 -0.5378352 -0.4991873 -0.2905152 -0.31158122 -0.6013419 -0.44965386 -0.87382984
2 400 -0.04039591923356056 -0.03774026036262512 -0.005967636592686176 -0.0006964061758480966 -0.0011361711658537388 0.051812201738357544 0.12981368601322174 -0.07054203748703003 -0.010735660791397095 0.13476592302322388 0.010050386190414429 0.021672528237104416 -0.03137153759598732 -0.08106986433267593 0.08066842705011368 0.06803393363952637 0.09604912251234055 0.004739047959446907 0.10306677222251892 -0.04302699491381645 0.009156893938779831 0.011863669380545616 -0.05569547414779663 -0.01144011877477169 0.017235105857253075 -0.036366742104291916 -0.03886960819363594 0.015412329696118832 -0.06578373908996582 0.07070906460285187 0.02947387285530567 -0.0044677783735096455 0.036909203976392746 0.006579545792192221 0.010750089772045612 0.03296738490462303 -0.03909062221646309 0.03162181377410889 0.043290622532367706 0.02764984779059887 0.02920871041715145 -0.04854918271303177 -0.08212145417928696 0.005155617371201515 -0.05369216203689575 -0.021709470078349113 0.029984205961227417 0.11047203838825226 -0.05945577472448349 -0.05171649158000946 -0.022355321794748306 -0.02137403003871441 0.0001781810133252293 0.033134397119283676 0.026052456349134445 0.009459557011723518 -0.03547026216983795 -0.05686295032501221 0.008481582626700401 -0.04729112982749939 0.018485376611351967 0.07780549675226212 0.0028688875027000904 -0.027474939823150635 0.14908522367477417 -0.05295158922672272 -0.04770549014210701 -0.02214181236922741 -0.019820626825094223 0.10148315131664276 -0.008423157036304474 0.018500400707125664 -0.09560389816761017 -0.03221831098198891 -0.05725312978029251 0.004471505060791969 -0.013737227767705917 0.04734349623322487 -0.018378881737589836 -0.058405108749866486 0.018014173954725266 -0.025147270411252975 -0.029941849410533905 -0.03513283282518387 0.006438743323087692 -0.01515865232795477 -0.0011673485860228539 -0.016853971406817436 0.010026533156633377 0.034599319100379944 -0.03622794523835182 -0.1298038214445114 -0.013489769771695137 -0.0655096247792244 -0.05247695371508598 0.013264471533180305 0.09284878840006436 0.2106037477419105 0.27921495823329523 0.18473797869721156 0.2188686936766404 0.24201721325087264 0.46555833925598866 0.790801648647255 -1.1187932 -1.0977924 -0.9964849 -0.95728076 -0.76150215 -0.72360784 -0.9579264 -0.8906189 -1.1207184 -1.2323751 -0.9761462 -0.78779125 -0.7036567 -0.4722976 -0.45587853 -0.7992816 -0.5204518 -0.8713596
0 400 -0.048475105315446854 -0.045288313180208206 -0.007161164190620184 -0.0008356874459423125 -0.001363405492156744 0.06217464432120323 0.15577642619609833 -0.0846504494547844 -0.012882793322205544 0.16171911358833313 0.012060464359819889 0.02600703574717045 -0.0376458466053009 -0.09728384017944336 0.09680211544036865 0.08164072036743164 0.11525895446538925 0.005686857737600803 0.12368012964725494 -0.05163239687681198 0.010988272726535797 0.01423640362918377 -0.06683456897735596 -0.013728142715990543 0.02068212814629078 -0.04364009201526642 -0.04664353281259537 0.018494796007871628 -0.0789404883980751 0.08485087752342224 0.035368647426366806 -0.005361334420740604 0.044291045516729355 0.007895455695688725 0.012900108471512794 0.03956086188554764 -0.046908747404813766 0.0379461795091629 0.05194874852895737 0.03317981958389282 0.03505045548081398 -0.0582590214908123 -0.09854575246572495 0.006186740938574076 -0.0644305944442749 -0.026051364839076996 0.03598104789853096 0.1325664520263672 -0.07134693115949631 -0.06205979362130165 -0.026826387271285057 -0.02564883790910244 0.00021381722763180733 0.03976127877831459 0.031262949109077454 0.011351468972861767 -0.04256431758403778 -0.06823554635047913 0.010177899152040482 -0.056749358773231506 0.02218245342373848 0.0933666005730629 0.003442665096372366 -0.03296992927789688 0.178902268409729 -0.06354191154241562 -0.05724659189581871 -0.02657017670571804 -0.023784752935171127 0.12177978456020355 -0.010107789188623428 0.022200481966137886 -0.11472468078136444 -0.03866197541356087 -0.06870375573635101 0.005365806166082621 -0.01648467406630516 0.05681219696998596 -0.022054659202694893 -0.07008613646030426 0.021617010235786438 -0.03017672523856163 -0.035930220037698746 -0.04215940088033676 0.0077264923602342606 -0.018190383911132812 -0.0014008183497935534 -0.020224766805768013 0.012031840160489082 0.04151918366551399 -0.043473534286022186 -0.1557645946741104 -0.016187723726034164 -0.07861155271530151 -0.06297234445810318 0.07487340100465181 0.14978536962271463 0.2163780983250072 0.2886783187255301 0.35103974805977556 0.3029995065959382 0.2922777848120363 0.41970440402016457 0.9471089378984545 -0.9607272 -1.0281968 -0.9871574 -0.95029473 -0.64502025 -0.63528 -0.90268296 -0.94934034 -1.2360919 -0.6948567 -0.7142223 -0.6536555 -0.58481216 -0.25679755 -0.23782155 -0.61999464 -0.54284585 -0.91784286
1 400 -0.048475105315446854 -0.045288313180208206 -0.007161164190620184 -0.0008356874459423125 -0.001363405492156744 0.06217464432120323 0.15577642619609833 -0.0846504494547844 -0.012882793322205544 0.16171911358833313 0.012060464359819889 0.02600703574717045 -0.0376458466053009 -0.09728384017944336 0.09680211544036865 0.08164072036743164 0.11525895446538925 0.005686857737600803 0.12368012964725494 -0.05163239687681198 0.010988272726535797 0.01423640362918377 -0.06683456897735596 -0.013728142715990543 0.02068212814629078 -0.04364009201526642 -0.04664353281259537 0.018494796007871628 -0.0789404883980751 0.08485087752342224 0.035368647426366806 -0.005361334420740604 0.044291045516729355 0.007895455695688725 0.012900108471512794 0.03956086188554764 -0.046908747404813766 0.0379461795091629 0.05194874852895737 0.03317981958389282 0.03505045548081398 -0.0582590214908123 -0.09854575246572495 0.006186740938574076 -0.0644305944442749 -0.026051364839076996 0.03598104789853096 0.1325664520263672 -0.07134693115949631 -0.06205979362130165 -0.026826387271285057 -0.02564883790910244 0.00021381722763180733 0.03976127877831459 0.031262949109077454 0.011351468972861767 -0.04256431758403778 -0.06823554635047913 0.010177899152040482 -0.056749358773231506 0.02218245342373848 0.0933666005730629 0.003442665096372366 -0.03296992927789688 0.178902268409729 -0.06354191154241562 -0.05724659189581871 -0.02657017670571804 -0.023784752935171127 0.12177978456020355 -0.010107789188623428 0.022200481966137886 -0.11472468078136444 -0.03866197541356087 -0.06870375573635101 0.005365806166082621 -0.01648467406630516 0.05681219696998596 -0.022054659202694893 -0.07008613646030426 0.021617010235786438 -0.03017672523856163 -0.035930220037698746 -0.04215940088033676 0.0077264923602342606 -0.018190383911132812 -0.0014008183497935534 -0.020224766805768013 0.012031840160489082 0.04151918366551399 -0.043473534286022186 -0.1557645946741104 -0.016187723726034164 -0.07861155271530151 -0.06297234445810318 0.015490203632738278 0.10297935946275874 0.18117284891841082 0.24980961884340455 0.2308371196169152 0.2914991687246425 0.3637695958100665 0.574137408747309 0.7861369898111829 -0.9136654 -0.8945673 -0.842142 -0.82201755 -0.5929631 -0.6052214 -0.835077 -0.8638983 -1.1470165 -0.88637674 -0.6096363 -0.52238977 -0.46354952 -0.22209373 -0.23602802 -0.53783715 -0.39602888 -0.7622602
2 400 -0.048475105315446854 -0.045288313180208206 -0.007161164190620184 -0.0008356874459423125 -0.001363405492156744 0.06217464432120323 0.15577642619609833 -0.0846504494547844 -0.012882793322205544 0.16171911358833313 0.012060464359819889 0.02600703574717045 -0.0376458466053009 -0.09728384017944336 0.09680211544036865 0.08164072036743164 0.11525895446538925 0.005686857737600803 0.12368012964725494 -0.05163239687681198 0.010988272726535797 0.01423640362918377 -0.06683456897735596 -0.013728142715990543 0.02068212814629078 -0.04364009201526642 -0.04664353281259537 0.018494796007871628 -0.0789404883980751 0.08485087752342224 0.035368647426366806 -0.005361334420740604 0.044291045516729355 0.007895455695688725 0.012900108471512794 0.03956086188554764 -0.046908747404813766 0.0379461795091629 0.05194874852895737 0.03317981958389282 0.03505045548081398 -0.0582590214908123 -0.09854575246572495 0.006186740938574076 -0.0644305944442749 -0.026051364839076996 0.03598104789853096 0.1325664520263672 -0.07134693115949631 -0.06205979362130165 -0.026826387271285057 -0.02564883790910244 0.00021381722763180733 0.03976127877831459 0.031262949109077454 0.011351468972861767 -0.04256431758403778 -0.06823554635047913 0.010177899152040482 -0.056749358773231506 0.02218245342373848 0.0933666005730629 0.003442665096372366 -0.03296992927789688 0.178902268409729 -0.06354191154241562 -0.05724659189581871 -0.02657017670571804 -0.023784752935171127 0.12177978456020355 -0.010107789188623428 0.022200481966137886 -0.11472468078136444 -0.03866197541356087 -0.06870375573635101 0.005365806166082621 -0.01648467406630516 0.05681219696998596 -0.022054659202694893 -0.07008613646030426 0.021617010235786438 -0.03017672523856163 -0.035930220037698746 -0.04215940088033676 0.0077264923602342606 -0.018190383911132812 -0.0014008183497935534 -0.020224766805768013 0.012031840160489082 0.04151918366551399 -0.043473534286022186 -0.1557645946741104 -0.016187723726034164 -0.07861155271530151 -0.06297234445810318 0.017008890698425108 0.11484628689491291 0.20234013477847942 0.2530990773656456 0.16489207585492152 0.21584004992882014 0.24738967951379714 0.4008658801797037 0.7206824147872316 -1.0751929 -1.0642238 -1.0063388 -0.9522263 -0.7340156 -0.7200868 -0.93793213 -0.89851147 -1.0809674 -1.0999087 -0.8388312 -0.73807895 -0.63335574 -0.40376022 -0.38208422 -0.7014612 -0.47818288 -0.731531
0 400 -0.05655428767204285 -0.05283636227250099 -0.008354690857231617 -0.0009749686578288674 -0.0015906395856291056 0.07253707945346832 0.18173915147781372 -0.09875885397195816 -0.015029924921691418 0.1886722892522812 0.0140705406665802 0.030341539531946182 -0.04392015188932419 -0.11349780857563019 0.11293579638004303 0.09524750709533691 0.13446876406669617 0.006634667050093412 0.14429347217082977 -0.06023779138922691 0.012819651514291763 0.016609136015176773 -0.07797366380691528 -0.016016166657209396 0.024129148572683334 -0.05091343820095062 -0.0544174499809742 0.02157726138830185 -0.09209723025560379 0.09899269044399261 0.04126342013478279 -0.006254889536648989 0.051672883331775665 0.009211364202201366 0.015050125308334827 0.046154338866472244 -0.054726868867874146 0.04427053779363632 0.06060687080025673 0.03870978578925133 0.04089219495654106 -0.06796885281801224 -0.11497003585100174 0.007217864040285349 -0.07516902685165405 -0.03039325773715973 0.041977886110544205 0.15466085076332092 -0.08323808014392853 -0.07240308821201324 -0.03129744902253151 -0.029923642054200172 0.0002494534128345549 0.046388156712055206 0.036473438143730164 0.01324338000267744 -0.04965836554765701 -0.07960812747478485 0.011874215677380562 -0.06620758026838303 0.025879526510834694 0.10892769694328308 0.004016442224383354 -0.03846491500735283 0.20871931314468384 -0.07413222640752792 -0.06678768247365952 -0.030998537316918373 -0.027748877182602882 0.14207640290260315 -0.011792419478297234 0.02590056136250496 -0.13384544849395752 -0.04510563611984253 -0.08015438169240952 0.006260106805711985 -0.019232118502259254 0.06628089398145676 -0.0257304348051548 -0.08176714926958084 0.025219842791557312 -0.03520617634057999 -0.04191858693957329 -0.049185965210199356 0.009014240466058254 -0.021222112700343132 -0.001634287997148931 -0.02359556034207344 0.014037146233022213 0.04843904450535774 -0.05071912333369255 -0.18172535300254822 -0.018885677680373192 -0.09171347320079803 -0.07346773147583008 0.057846564626507085 0.13144818004475434 0.1894897123669715 0.26101876442025707 0.307833742195083 0.26552121410746043 0.2723511774276328 0.38171501024157967 0.9103654422846823 -0.9593697 -1.0358725 -1.0219836 -0.97827536 -0.6622597 -0.60938156 -0.89395714 -0.9621797 -1.1957027 -0.67776936 -0.6747805 -0.65115416 -0.57065845 -0.23580936 -0.19356689 -0.5689108 -0.5132929 -0.79026747
1 400 -0.05655428767204285 -0.05283636227250099 -0.008354690857231617 -0.0009749686578288674 -0.0015906395856291056 0.07253707945346832 0.18173915147781372 -0.09875885397195816 -0.015029924921691418 0.1886722892522812 0.0140705406665802 0.030341539531946182 -0.04392015188932419 -0.11349780857563019 0.11293579638004303 0.09524750709533691 0.13446876406669617 0.006634667050093412 0.14429347217082977 -0.06023779138922691 0.012819651514291763 0.016609136015176773 -0.07797366380691528 -0.016016166657209396 0.024129148572683334 -0.05091343820095062 -0.0544174499809742 0.02157726138830185 -0.09209723025560379 0.09899269044399261 0.04126342013478279 -0.006254889536648989 0.051672883331775665 0.009211364202201366 0.015050125308334827 0.046154338866472244 -0.054726868867874146 0.04427053779363632 0.06060687080025673 0.03870978578925133 0.04089219495654106 -0.06796885281801224 -0.11497003585100174 0.007217864040285349 -0.07516902685165405 -0.03039325773715973 0.041977886110544205 0.15466085076332092 -0.08323808014392853 -0.07240308821201324 -0.03129744902253151 -0.029923642054200172 0.0002494534128345549 0.046388156712055206 0.036473438143730164 0.01324338000267744 -0.04965836554765701 -0.07960812747478485 0.011874215677380562 -0.06620758026838303 0.025879526510834694 0.10892769694328308 0.004016442224383354 -0.03846491500735283 0.20871931314468384 -0.07413222640752792 -0.06678768247365952 -0.030998537316918373 -0.027748877182602882 0.14207640290260315 -0.011792419478297234 0.02590056136250496 -0.13384544849395752 -0.04510563611984253 -0.08015438169240952 0.006260106805711985 -0.019232118502259254 0.06628089398145676 -0.0257304348051548 -0.08176714926958084 0.025219842791557312 -0.03520617634057999 -0.04191858693957329 -0.049185965210199356 0.009014240466058254 -0.021222112700343132 -0.001634287997148931 -0.02359556034207344 0.014037146233022213 0.04843904450535774 -0.05071912333369255 -0.18172535300254822 -0.018885677680373192 -0.09171347320079803 -0.07346773147583008 0.01785357945389067 0.08218223194526096 0.1398713690186897 0.20633156860642327 0.21581144160238414 0.27146279167918763 0.29323745149680436 0.5325285126194333 0.6470797551303079 -0.8669847 -0.87614065 -0.83782077 -0.79878914 -0.58087146 -0.5806279 -0.8005342 -0.8778802 -1.0338851 -0.7609594 -0.5742612 -0.5120057 -0.43082917 -0.17988545 -0.17641169 -0.4834595 -0.3678417 -0.6156825
2 400 -0.05655428767204285 -0.05283636227250099 -0.008354690857231617 -0.0009749686578288674 -0.0015906395856291056 0.07253707945346832 0.18173915147781372 -0.09875885397195816 -0.015029924921691418 0.1886722892522812 0.0140705406665802 0.030341539531946182 -0.04392015188932419 -0.11349780857563019 0.11293579638004303 0.09524750709533691 0.13446876406669617 0.006634667050093412 0.14429347217082977 -0.06023779138922691 0.012819651514291763 0.016609136015176773 -0.07797366380691528 -0.016016166657209396 0.024129148572683334 -0.05091343820095062 -0.0544174499809742 0.02157726138830185 -0.09209723025560379 0.09899269044399261 0.04126342013478279 -0.006254889536648989 0.051672883331775665 0.009211364202201366 0.015050125308334827 0.046154338866472244 -0.054726868867874146 0.04427053779363632 0.06060687080025673 0.03870978578925133 0.04089219495654106 -0.06796885281801224 -0.11497003585100174 0.007217864040285349 -0.07516902685165405 -0.03039325773715973 0.041977886110544205 0.15466085076332092 -0.08323808014392853 -0.07240308821201324 -0.03129744902253151 -0.029923642054200172 0.0002494534128345549 0.046388156712055206 0.036473438143730164 0.01324338000267744 -0.04965836554765701 -0.07960812747478485 0.011874215677380562 -0.06620758026838303 0.025879526510834694 0.10892769694328308 0.004016442224383354 -0.03846491500735283 0.20871931314468384 -0.07413222640752792 -0.06678768247365952 -0.030998537316918373 -0.027748877182602882 0.14207640290260315 -0.011792419478297234 0.02590056136250496 -0.13384544849395752 -0.04510563611984253 -0.08015438169240952 0.006260106805711985 -0.019232118502259254 0.06628089398145676 -0.0257304348051548 -0.08176714926958084 0.025219842791557312 -0.03520617634057999 -0.04191858693957329 -0.049185965210199356 0.009014240466058254 -0.021222112700343132 -0.001634287997148931 -0.02359556034207344 0.014037146233022213 0.04843904450535774 -0.05071912333369255 -0.18172535300254822 -0.018885677680373192 -0.09171347320079803 -0.07346773147583008 0.028811158344980606 0.1035323139093407 0.1867865529129643 0.21836035958647815 0.1486221591271487 0.19634339046696006 0.21625698459690562 0.343994687086146 0.6387136502393955 -1.0192566 -1.0625726 -1.0064619 -0.9352626 -0.72062457 -0.71965635 -0.93970495 -0.91995656 -1.0418602 -0.9002149 -0.77915573 -0.6777597 -0.5567884 -0.3529128 -0.32283032 -0.64305544 -0.46370426 -0.59247154
0 400 -0.06463347375392914 -0.060384418815374374 -0.009548218920826912 -0.0011142499279230833 -0.0018178739119321108 0.08289952576160431 0.2077019065618515 -0.11286725848913193 -0.01717705838382244 0.21562547981739044 0.016080617904663086 0.034676045179367065 -0.05019446089863777 -0.1297117918729782 0.1290694922208786 0.10885429382324219 0.15367859601974487 0.007582476828247309 0.164906844496727 -0.06884319335222244 0.01465103030204773 0.018981872126460075 -0.08911275863647461 -0.018304189667105675 0.02757616899907589 -0.058186788111925125 -0.062191374599933624 0.02465972863137722 -0.10525398701429367 0.11313450336456299 0.047158196568489075 -0.007148445583879948 0.05905472859740257 0.010527273640036583 0.01720014400780201 0.05274781584739685 -0.06254499405622482 0.05059490352869034 0.06926500052213669 0.04423975571990013 0.04673393815755844 -0.07767869532108307 -0.13139432668685913 0.00824898760765791 -0.0859074592590332 -0.03473515436053276 0.047974731773138046 0.17675526440143585 -0.09512924402952194 -0.08274638652801514 -0.03576851636171341 -0.034198448061943054 0.00028508962714113295 0.05301503464579582 0.04168393090367317 0.015135291032493114 -0.05675242096185684 -0.09098072350025177 0.013570532202720642 -0.07566580921411514 0.029576603323221207 0.12448879331350327 0.004590220283716917 -0.043959904462099075 0.23853635787963867 -0.08472254127264023 -0.07632878422737122 -0.035426899790763855 -0.031713005155324936 0.16237305104732513 -0.013477051630616188 0.029600640758872032 -0.15296624600887299 -0.05154929682612419 -0.09160500764846802 0.007154408376663923 -0.021979564800858498 0.07574959844350815 -0.029406210407614708 -0.09344817698001862 0.028822679072618484 -0.04023563489317894 -0.04790696129202843 -0.05621253326535225 0.010301989503204823 -0.0242538433521986 -0.0018677577609196305 -0.026966353878378868 0.016042454168200493 0.05535891279578209 -0.057964712381362915 -0.20768611133098602 -0.02158363163471222 -0.10481540113687515 -0.08396312594413757 0.04515003234979563 0.1088249439205566 0.1420719856450627 0.2016734315810205 0.271736484729795 0.23427478831896953 0.23294629322058233 0.34489107506901534 0.8554082338878404 -0.970942 -1.0614749 -1.0246949 -0.98406607 -0.6854007 -0.636026 -0.9050317 -0.9747603 -1.1631749 -0.6728282 -0.6798699 -0.64373887 -0.5606444 -0.21999225 -0.1855925 -0.54821855 -0.48367128 -0.6852561
1 400 -0.06463347375392914 -0.060384418815374374 -0.009548218920826912 -0.0011142499279230833 -0.0018178739119321108 0.08289952576160431 0.2077019065618515 -0.11286725848913193 -0.01717705838382244 0.21562547981739044 0.016080617904663086 0.034676045179367065 -0.05019446089863777 -0.1297117918729782 0.1290694922208786 0.10885429382324219 0.15367859601974487 0.007582476828247309 0.164906844496727 -0.06884319335222244 0.01465103030204773 0.018981872126460075 -0.08911275863647461 -0.018304189667105675 0.02757616899907589 -0.058186788111925125 -0.062191374599933624 0.02465972863137722 -0.10525398701429367 0.11313450336456299 0.047158196568489075 -0.007148445583879948 0.05905472859740257 0.010527273640036583 0.01720014400780201 0.05274781584739685 -0.06254499405622482 0.05059490352869034 0.06926500052213669 0.04423975571990013 0.04673393815755844 -0.07767869532108307 -0.13139432668685913 0.00824898760765791 -0.0859074592590332 -0.03473515436053276 0.047974731773138046 0.17675526440143585 -0.09512924402952194 -0.08274638652801514 -0.03576851636171341 -0.034198448061943054 0.00028508962714113295 0.05301503464579582 0.04168393090367317 0.015135291032493114 -0.05675242096185684 -0.09098072350025177 0.013570532202720642 -0.07566580921411514 0.029576603323221207 0.12448879331350327 0.004590220283716917 -0.043959904462099075 0.23853635787963867 -0.08472254127264023 -0.07632878422737122 -0.035426899790763855 -0.031713005155324936 0.16237305104732513 -0.013477051630616188 0.029600640758872032 -0.15296624600887299 -0.05154929682612419 -0.09160500764846802 0.007154408376663923 -0.021979564800858498 0.07574959844350815 -0.029406210407614708 -0.09344817698001862 0.028822679072618484 -0.04023563489317894 -0.04790696129202843 -0.05621253326535225 0.010301989503204823 -0.0242538433521986 -0.0018677577609196305 -0.026966353878378868 0.016042454168200493 0.05535891279578209 -0.057964712381362915 -0.20768611133098602 -0.02158363163471222 -0.10481540113687515 -0.08396312594413757 0.021116152127737643 0.06692657955544697 0.11384159132604062 0.15988280075457384 0.19654385299997712 0.25850131259720444 0.23467204385150936 0.4877190397747678 0.4803753573849867 -0.8450553 -0.88813215 -0.84793544 -0.7909626 -0.5774119 -0.57013196 -0.78529686 -0.8841133 -0.9122405 -0.6814662 -0.5748824 -0.5140067 -0.41622582 -0.14310786 -0.13527903 -0.4624569 -0.33458796 -0.44841063
2 400 -0.06463347375392914 -0.060384418815374374 -0.009548218920826912 -0.0011142499279230833 -0.0018178739119321108 0.08289952576160431 0.2077019065618515 -0.11286725848913193 -0.01717705838382244 0.21562547981739044 0.016080617904663086 0.034676045179367065 -0.05019446089863777 -0.1297117918729782 0.1290694922208786 0.10885429382324219 0.15367859601974487 0.007582476828247309 0.164906844496727 -0.06884319335222244 0.01465103030204773 0.018981872126460075 -0.08911275863647461 -0.018304189667105675 0.02757616899907589 -0.058186788111925125 -0.062191374599933624 0.02465972863137722 -0.10525398701429367 0.11313450336456299 0.047158196568489075 -0.007148445583879948 0.05905472859740257 0.010527273640036583 0.01720014400780201 0.05274781584739685 -0.06254499405622482 0.05059490352869034 0.06926500052213669 0.04423975571990013 0.04673393815755844 -0.07767869532108307 -0.13139432668685913 0.00824898760765791 -0.0859074592590332 -0.03473515436053276 0.047974731773138046 0.17675526440143585 -0.09512924402952194 -0.08274638652801514 -0.03576851636171341 -0.034198448061943054 0.00028508962714113295 0.05301503464579582 0.04168393090367317 0.015135291032493114 -0.05675242096185684 -0.09098072350025177 0.013570532202720642 -0.07566580921411514 0.029576603323221207 0.12448879331350327 0.004590220283716917 -0.043959904462099075 0.23853635787963867 -0.08472254127264023 -0.07632878422737122 -0.035426899790763855 -0.031713005155324936 0.16237305104732513 -0.013477051630616188 0.029600640758872032 -0.15296624600887299 -0.05154929682612419 -0.09160500764846802 0.007154408376663923 -0.021979564800858498 0.07574959844350815 -0.029406210407614708 -0.09344817698001862 0.028822679072618484 -0.04023563489317894 -0.04790696129202843 -0.05621253326535225 0.010301989503204823 -0.0242538433521986 -0.0018677577609196305 -0.026966353878378868 0.016042454168200493 0.05535891279578209 -0.057964712381362915 -0.20768611133098602 -0.02158363163471222 -0.10481540113687515 -0.08396312594413757 0.0418224674990988 0.0931326881634668 0.17108859609505733 0.1865744460822028 0.13558897729227037 0.17525806279082207 0.1964166349553749 0.30900141943224624 0.47923280776936156 -0.9755746 -1.0613573 -1.0054064 -0.9220785 -0.7334755 -0.7274469 -0.9425372 -0.9326381 -0.971408 -0.7371361 -0.7201563 -0.61792797 -0.49479166 -0.3234178 -0.28416744 -0.5851351 -0.43398795 -0.46512187
0 400 -0.07271265238523483 -0.06793246418237686 -0.010741745121777058 -0.0012535310816019773 -0.0020451080054044724 0.0932619571685791 0.2336646318435669 -0.1269756704568863 -0.01932418905198574 0.2425786554813385 0.01809069514274597 0.03901055082678795 -0.056468766182661057 -0.14592574536800385 0.14520315825939178 0.12246108055114746 0.17288841307163239 0.008530286140739918 0.18552018702030182 -0.07744859158992767 0.016482409089803696 0.02135460451245308 -0.10025185346603394 -0.020592212677001953 0.031023189425468445 -0.06546013057231903 -0.06996529549360275 0.027742192149162292 -0.11841072887182236 0.12727631628513336 0.05305296927690506 -0.00804200116544962 0.06643656641244888 0.011843182146549225 0.019350161775946617 0.05934129282832146 -0.0703631192445755 0.05691926181316376 0.07792311906814575 0.049769725650548935 0.05257567763328552 -0.0873885229229927 -0.14781861007213593 0.009280110709369183 -0.09664589166641235 -0.039077043533325195 0.05397156998515129 0.1988496631383896 -0.10702039301395416 -0.09308968484401703 -0.04023957997560501 -0.03847325220704079 0.00032072581234388053 0.05964191257953644 0.04689441993832588 0.017027202993631363 -0.06384646892547607 -0.1023533046245575 0.015266848728060722 -0.08512403070926666 0.03327367827296257 0.14004988968372345 0.005163997411727905 -0.04945489019155502 0.2683534026145935 -0.09531285613775253 -0.08586987853050232 -0.03985526040196419 -0.03567712754011154 0.18266966938972473 -0.015161681920289993 0.033300720155239105 -0.17208701372146606 -0.05799295753240585 -0.10305563360452652 0.008048708550632 -0.02472700923681259 0.08521828800439835 -0.033081986010074615 -0.1051291897892952 0.03242551162838936 -0.045265085995197296 -0.05389532819390297 -0.06323909759521484 0.011589737609028816 -0.02728557400405407 -0.002101227408275008 -0.030337147414684296 0.01804775930941105 0.06227877363562584 -0.06521029770374298 -0.23364686965942383 -0.024281585589051247 -0.11791732162237167 -0.09445851296186447 0.03697466546259412 0.08910552524686008 0.11372369238891704 0.15264765898262359 0.23827649841421839 0.2073878725553961 0.19893867223136 0.3094872513259431 0.7784288573693522 -0.99720484 -1.0849274 -1.0495019 -0.9884635 -0.7089915 -0.66592085 -0.9193455 -0.9871557 -1.1456606 -0.67735124 -0.6826432 -0.6500871 -0.5493932 -0.20444968 -0.18039045 -0.5313097 -0.45361546 -0.61183107
1 400 -0.07271265238523483 -0.06793246418237686 -0.010741745121777058 -0.0012535310816019773 -0.0020451080054044724 0.0932619571685791 0.2336646318435669 -0.1269756704568863 -0.01932418905198574 0.2425786554813385 0.01809069514274597 0.03901055082678795 -0.056468766182661057 -0.14592574536800385 0.14520315825939178 0.12246108055114746 0.17288841307163239 0.008530286140739918 0.18552018702030182 -0.07744859158992767 0.016482409089803696 0.02135460451245308 -0.10025185346603394 -0.020592212677001953 0.031023189425468445 -0.06546013057231903 -0.06996529549360275 0.027742192149162292 -0.11841072887182236 0.12727631628513336 0.05305296927690506 -0.00804200116544962 0.06643656641244888 0.011843182146549225 0.019350161775946617 0.05934129282832146 -0.0703631192445755 0.05691926181316376 0.07792311906814575 0.049769725650548935 0.05257567763328552 -0.0873885229229927 -0.14781861007213593 0.009280110709369183 -0.09664589166641235 -0.039077043533325195 0.05397156998515129 0.1988496631383896 -0.10702039301395416 -0.09308968484401703 -0.04023957997560501 -0.03847325220704079 0.00032072581234388053 0.05964191257953644 0.04689441993832588 0.017027202993631363 -0.06384646892547607 -0.1023533046245575 0.015266848728060722 -0.08512403070926666 0.03327367827296257 0.14004988968372345 0.005163997411727905 -0.04945489019155502 0.2683534026145935 -0.09531285613775253 -0.08586987853050232 -0.03985526040196419 -0.03567712754011154 0.18266966938972473 -0.015161681920289993 0.033300720155239105 -0.17208701372146606 -0.05799295753240585 -0.10305563360452652 0.008048708550632 -0.02472700923681259 0.08521828800439835 -0.033081986010074615 -0.1051291897892952 0.03242551162838936 -0.045265085995197296 -0.05389532819390297 -0.06323909759521484 0.011589737609028816 -0.02728557400405407 -0.002101227408275008 -0.030337147414684296 0.01804775930941105 0.06227877363562584 -0.06521029770374298 -0.23364686965942383 -0.024281585589051247 -0.11791732162237167 -0.09445851296186447 0.021193930805386188 0.05485092927531089 0.09365513471607179 0.12332040317262699 0.17893144120578594 0.23422275873749793 0.19219779339565699 0.43512383739374527 0.4334050473355297 -0.8429389 -0.9128432 -0.8681329 -0.7982874 -0.58192426 -0.5746327 -0.8129703 -0.88370866 -0.8735569 -0.6146867 -0.57738197 -0.51687586 -0.40418467 -0.11283365 -0.10477635 -0.4701762 -0.30022803 -0.36623034
2 400 -0.07271265238523483 -0.06793246418237686 -0.010741745121777058 -0.0012535310816019773 -0.0020451080054044724 0.0932619571685791 0.2336646318435669 -0.1269756704568863 -0.01932418905198574 0.2425786554813385 0.01809069514274597 0.03901055082678795 -0.056468766182661057 -0.14592574536800385 0.14520315825939178 0.12246108055114746 0.17288841307163239 0.008530286140739918 0.18552018702030182 -0.07744859158992767 0.016482409089803696 0.02135460451245308 -0.10025185346603394 -0.020592212677001953 0.031023189425468445 -0.06546013057231903 -0.06996529549360275 0.027742192149162292 -0.11841072887182236 0.12727631628513336 0.05305296927690506 -0.00804200116544962 0.06643656641244888 0.011843182146549225 0.019350161775946617 0.05934129282832146 -0.0703631192445755 0.05691926181316376 0.07792311906814575 0.049769725650548935 0.05257567763328552 -0.0873885229229927 -0.14781861007213593 0.009280110709369183 -0.09664589166641235 -0.039077043533325195 0.05397156998515129 0.1988496631383896 -0.10702039301395416 -0.09308968484401703 -0.04023957997560501 -0.03847325220704079 0.00032072581234388053 0.05964191257953644 0.04689441993832588 0.017027202993631363 -0.06384646892547607 -0.1023533046245575 0.015266848728060722 -0.08512403070926666 0.03327367827296257 0.14004988968372345 0.005163997411727905 -0.04945489019155502 0.2683534026145935 -0.09531285613775253 -0.08586987853050232 -0.03985526040196419 -0.03567712754011154 0.18266966938972473 -0.015161681920289993 0.033300720155239105 -0.17208701372146606 -0.05799295753240585 -0.10305563360452652 0.008048708550632 -0.02472700923681259 0.08521828800439835 -0.033081986010074615 -0.1051291897892952 0.03242551162838936 -0.045265085995197296 -0.05389532819390297 -0.06323909759521484 0.011589737609028816 -0.02728557400405407 -0.002101227408275008 -0.030337147414684296 0.01804775930941105 0.06227877363562584 -0.06521029770374298 -0.23364686965942383 -0.024281585589051247 -0.11791732162237167 -0.09445851296186447 0.032986494291563744 0.08364958589076961 0.15323409374411806 0.16045614290931273 0.12251790694057746 0.1578595406341805 0.17984265208637515 0.2756818210349965 0.4244180978229001 -0.96302825 -1.059904 -1.0100154 -0.92221045 -0.7464219 -0.74575496 -0.9551042 -0.9450891 -0.9632536 -0.6582589 -0.6607312 -0.5714172 -0.4606836 -0.29461375 -0.2675666 -0.54769844 -0.40403208 -0.41307107
0 400 -0.08079183846712112 -0.07548052072525024 -0.011935273185372353 -0.0013928123516961932 -0.0022723423317074776 0.10362440347671509 0.2596273720264435 -0.14108407497406006 -0.02147132158279419 0.26953184604644775 0.020100772380828857 0.04334505647420883 -0.06274307519197464 -0.16213972866535187 0.16133685410022736 0.13606786727905273 0.1920982450246811 0.009478095918893814 0.20613354444503784 -0.0860539898276329 0.018313787877559662 0.023727338761091232 -0.11139094829559326 -0.02288023754954338 0.03447021171450615 -0.07273348420858383 -0.07773921638727188 0.030824659392237663 -0.13156747817993164 0.14141812920570374 0.05894774571061134 -0.008935556747019291 0.07381840795278549 0.013159091584384441 0.021500179544091225 0.06593476980924606 -0.07818124443292618 0.06324362754821777 0.08658124506473541 0.05529969558119774 0.0584174208343029 -0.09709836542606354 -0.1642429083585739 0.01031123474240303 -0.1073843240737915 -0.04341894015669823 0.059968411922454834 0.22094407677650452 -0.11891154944896698 -0.10343298316001892 -0.04471064358949661 -0.04274806007742882 0.0003563620266504586 0.06626879423856735 0.05210491269826889 0.018919114023447037 -0.0709405243396759 -0.11372590065002441 0.016963165253400803 -0.09458225965499878 0.036970753222703934 0.15561099350452423 0.005737775005400181 -0.05494987964630127 0.29817044734954834 -0.10590317845344543 -0.09541098028421402 -0.04428362473845482 -0.039641253650188446 0.20296630263328552 -0.016846314072608948 0.03700080141425133 -0.19120779633522034 -0.06443662196397781 -0.11450625956058502 0.008943010121583939 -0.027474455535411835 0.09468699246644974 -0.03675776347517967 -0.11681021749973297 0.03602834790945053 -0.05029454082250595 -0.05988369882106781 -0.07026566565036774 0.012877486646175385 -0.03031730465590954 -0.0023346971720457077 -0.03370794281363487 0.020053066313266754 0.06919863820075989 -0.07245589047670364 -0.2596076428890228 -0.026979539543390274 -0.1310192495584488 -0.10495390743017197 0.03032513943925839 0.07311837044527708 0.09078844984481366 0.11434458123664543 0.20792993437643734 0.18338112089597527 0.17329176615553846 0.2767096683491691 0.6769283929373274 -1.0235616 -1.1090171 -1.0740931 -0.9931243 -0.7315489 -0.69704354 -0.94394344 -0.9998271 -1.1287564 -0.6816683 -0.6855446 -0.6558063 -0.53812444 -0.18793502 -0.1763179 -0.52842724 -0.4236628 -0.5391232
1 400 -0.08079183846712112 -0.07548052072525024 -0.011935273185372353 -0.0013928123516961932 -0.0022723423317074776 0.10362440347671509 0.2596273720264435 -0.14108407497406006 -0.02147132158279419 0.26953184604644775 0.020100772380828857 0.04334505647420883 -0.06274307519197464 -0.16213972866535187 0.16133685410022736 0.13606786727905273 0.1920982450246811 0.009478095918893814 0.20613354444503784 -0.0860539898276329 0.018313787877559662 0.023727338761091232 -0.11139094829559326 -0.02288023754954338 0.03447021171450615 -0.07273348420858383 -0.07773921638727188 0.030824659392237663 -0.13156747817993164 0.14141812920570374 0.05894774571061134 -0.008935556747019291 0.07381840795278549 0.013159091584384441 0.021500179544091225 0.06593476980924606 -0.07818124443292618 0.06324362754821777 0.08658124506473541 0.05529969558119774 0.0584174208343029 -0.09709836542606354 -0.1642429083585739 0.01031123474240303 -0.1073843240737915 -0.04341894015669823 0.059968411922454834 0.22094407677650452 -0.11891154944896698 -0.10343298316001892 -0.04471064358949661 -0.04274806007742882 0.0003563620266504586 0.06626879423856735 0.05210491269826889 0.018919114023447037 -0.0709405243396759 -0.11372590065002441 0.016963165253400803 -0.09458225965499878 0.036970753222703934 0.15561099350452423 0.005737775005400181 -0.05494987964630127 0.29817044734954834 -0.10590317845344543 -0.09541098028421402 -0.04428362473845482 -0.039641253650188446 0.20296630263328552 -0.016846314072608948 0.03700080141425133 -0.19120779633522034 -0.06443662196397781 -0.11450625956058502 0.008943010121583939 -0.027474455535411835 0.09468699246644974 -0.03675776347517967 -0.11681021749973297 0.03602834790945053 -0.05029454082250595 -0.05988369882106781 -0.07026566565036774 0.012877486646175385 -0.03031730465590954 -0.0023346971720457077 -0.03370794281363487 0.020053066313266754 0.06919863820075989 -0.07245589047670364 -0.2596076428890228 -0.026979539543390274 -0.1310192495584488 -0.10495390743017197 0.017298724095037927 0.04496165008487424 0.07740984824044701 0.09463077630057574 0.16477527993660265 0.20229617978765843 0.15639123222586238 0.3846483604497345 0.4094456781645629 -0.8665864 -0.93714106 -0.892613 -0.8057009 -0.60754913 -0.5954688 -0.840836 -0.8836676 -0.8511145 -0.61464953 -0.5791838 -0.5188339 -0.39185932 -0.09972909 -0.092050284 -0.47773716 -0.2661936 -0.30207267
2 400 -0.08079183846712112 -0.07548052072525024 -0.011935273185372353 -0.0013928123516961932 -0.0022723423317074776 0.10362440347671509 0.2596273720264435 -0.14108407497406006 -0.02147132158279419 0.26953184604644775 0.020100772380828857 0.04334505647420883 -0.06274307519197464 -0.16213972866535187 0.16133685410022736 0.13606786727905273 0.1920982450246811 0.009478095918893814 0.20613354444503784 -0.0860539898276329 0.018313787877559662 0.023727338761091232 -0.11139094829559326 -0.02288023754954338 0.03447021171450615 -0.07273348420858383 -0.07773921638727188 0.030824659392237663 -0.13156747817993164 0.14141812920570374 0.05894774571061134 -0.008935556747019291 0.07381840795278549 0.013159091584384441 0.021500179544091225 0.06593476980924606 -0.07818124443292618 0.06324362754821777 0.08658124506473541 0.05529969558119774 0.0584174208343029 -0.09709836542606354 -0.1642429083585739 0.01031123474240303 -0.1073843240737915 -0.04341894015669823 0.059968411922454834 0.22094407677650452 -0.11891154944896698 -0.10343298316001892 -0.04471064358949661 -0.04274806007742882 0.0003563620266504586 0.06626879423856735 0.05210491269826889 0.018919114023447037 -0.0709405243396759 -0.11372590065002441 0.016963165253400803 -0.09458225965499878 0.036970753222703934 0.15561099350452423 0.005737775005400181 -0.05494987964630127 0.29817044734954834 -0.10590317845344543 -0.09541098028421402 -0.04428362473845482 -0.039641253650188446 0.20296630263328552 -0.016846314072608948 0.03700080141425133 -0.19120779633522034 -0.06443662196397781 -0.11450625956058502 0.008943010121583939 -0.027474455535411835 0.09468699246644974 -0.03675776347517967 -0.11681021749973297 0.03602834790945053 -0.05029454082250595 -0.05988369882106781 -0.07026566565036774 0.012877486646175385 -0.03031730465590954 -0.0023346971720457077 -0.03370794281363487 0.020053066313266754 0.06919863820075989 -0.07245589047670364 -0.2596076428890228 -0.026979539543390274 -0.1310192495584488 -0.10495390743017197 0.02655540055405467 0.07569997002541776 0.12878147656021544 0.13388030678520313 0.10828192939146146 0.1419630791421665 0.16467898798158243 0.24532489330251925 0.37550594841482665 -0.968598 -1.0640635 -1.0359659 -0.92349815 -0.7608148 -0.7640437 -0.9792307 -0.9580218 -0.96533084 -0.6173854 -0.61315703 -0.5754565 -0.42981556 -0.26884028 -0.25095335 -0.53327215 -0.37471876 -0.38162437
-0.51847255 -0.5965425 0.55653733 -0.5282635 
0.080919735 -0.18650398 0.16857983 0.17368922 
-0.1743364 0.05290576 0.30607754 0.15240295 
-0.28456286 -0.8118922 -0.30421436 -0.58023834 
-1.4394065 -1.1840968 0.7351083 -0.3057607 
-0.014705707 0.06425764 -0.4861175 0.20056656 
-0.90068686 -0.08863768 -0.4318017 -0.2503187 
0.17512631 -0.36093748 0.27905867 0.40565115 
0.00036957188 -0.36920366 -0.17275718 -0.034787934 
-0.22720225 0.648787 -0.6792759 0.01410152 
-0.30216593 0.1144332 0.3250214 -0.18041605 
-0.041500952 0.22212914 -0.011609773 0.039692976 
0.2085174 0.12852408 0.20179515 0.4135745 
0.4754679 -0.24101786 0.13470183 -0.23580083 
-0.539416 0.38886142 0.055102237 -0.006117111 
-0.13972738 0.16707608 -0.43286103 0.5878768 
-0.8635927 0.05573731 -0.0041571967 -0.611738 
-0.014786611 0.15477535 0.08968588 0.30607504 
-0.38985208 0.41175485 -0.33383718 0.39854035 
0.26621893 0.039874714 0.18973346 0.22382025 
-0.24200176 0.2981035 0.41063607 0.018793251 
0.2832526 0.25511265 -0.24670291 0.576979 
1.3557523 0.35368592 -0.6673539 1.1318455 
-0.065828286 -0.26787123 -0.011758148 -0.13229905 
0.09493395 0.17084044 -0.15812103 0.21809153 
0.26949194 -0.18140674 -0.056548543 0.29927024 
-0.16162126 -0.5625838 0.15966082 -0.407625 
-0.13063999 0.16938813 0.11678608 0.07431535 
0.2437034 -0.53653914 0.0027182498 -0.5817711 
-0.69595265 -0.07052758 -0.018975565 -0.26705128 
-0.351327 -0.7485394 -0.49844524 -0.26462597 
0.86291844 0.6773087 -0.40806073 0.4463843 
-0.38311344 -0.14888246 -0.077973604 -0.48489642 
-0.3888813 0.016184296 0.3877909 0.08089183 
0.2392758 0.22133821 -0.21566553 0.109297805 
0.024824537 0.31774178 -0.13284655 0.16315731 
-0.14433503 -0.13264899 0.47866368 -0.19574898 
-0.5041051 -0.028182918 0.21700051 0.09416279 
-0.7430633 0.31854877 0.6288719 -0.47090286 
0.0024225689 0.1327714 -0.19290924 0.26915494 
-0.85179555 -0.3346478 0.39649725 -0.4609565 
-0.28447717 -0.6059663 0.36775607 -0.6350763 
0.3863806 0.13398458 0.5353346 -0.6150928 
-0.18800633 -0.19565734 0.009016004 0.119205475 
-0.18417083 -0.34362558 0.5141829 -0.42987508 
-0.05493365 0.0718332 0.35056984 -0.06139115 
-0.4190013 -0.62118465 -0.3226494 0.19544744 
-0.79772216 0.023986578 -0.25083458 0.13037354 
-0.028429756 -0.19452456 0.5135821 -0.4373827 
0.33867052 0.09194121 0.24085696 0.2664211 
0.20566335 0.37292716 0.29742175 0.31696236 
-0.32005793 -0.5810886 0.14947177 0.5733391 
1.0133884 0.94789416 -0.42626444 -0.1808218 
-0.110373266 0.28677526 -0.0040720426 0.1614253 
-0.15052365 0.3066962 0.12828727 -0.30324936 
-0.31845638 -0.316152 0.016459264 -0.071721435 
-0.033497423 -0.19325718 0.26931795 0.119099304 
0.08890144 0.46626446 0.8691139 -0.06680149 
-0.3048154 -0.36585 -0.03466787 -0.7689935 
0.06897242 -0.1472804 0.3114635 -0.16464603 
-0.5213551 -0.13388401 0.29010117 -0.3967822 
-0.40837982 0.4700188 0.0013348706 0.21860103 
-0.2272422 0.05609231 0.27597177 0.29946935 
-0.18496409 -0.13709638 0.39792076 -0.13291979 
-0.57253164 0.759715 -0.35577187 -0.3970461 
-0.29690307 -0.4568951 0.5502285 -0.13994311 
-0.3024967 -0.24354598 0.660121 -0.720475 
-0.27068546 -0.15533945 0.4231021 -0.2811377 
-0.23693052 0.035177372 0.5105981 -0.0075938404 
-1.213077 -0.13883124 0.18405238 -0.8124879 
-0.42441013 -0.39531428 0.2684569 0.001232385 
0.11140271 0.08464173 -0.2617326 -0.18120345 
0.42716008 -0.089293614 0.46781403 0.16518152 
-0.09650556 -0.053048085 0.41925246 0.47066474 
-0.30354124 -0.43733588 0.6178078 -0.26233885 
-0.21671274 -0.10355302 0.1168497 -0.2515769 
0.14250328 -0.37278175 -0.30410218 0.14194493 
-0.18297121 -0.029242503 -0.32400483 -0.32520282 
0.026753476 0.044216905 0.19980101 -0.07903637 
-0.17950258 -0.7784084 0.22469252 -0.1174997 
-0.122518584 0.057955552 -0.007017953 0.0712853 
0.07977295 0.06767022 0.23337558 0.25124776 
0.38785234 0.183983 0.027152058 0.66938263 
0.34436268 0.06514379 0.034861 0.17042182 
-0.025469081 0.09292349 0.033863634 0.13956997 
0.23997721 0.037702 -0.08408417 -0.11909148 
-0.24333063 -0.19065651 0.14525025 0.24521032 
0.0067799063 0.13441436 0.28165033 0.41568673 
-0.41162547 -0.4629406 0.0034541253 -0.016321624 
-0.124600075 0.078359 -0.1617878 0.51094586 
0.10858388 0.09537502 0.3395347 0.1460061 
0.077501535 -0.7897683 0.67991066 -0.75891864 
-0.44494858 -0.52839696 0.23633766 -0.60854983 
0.23794343 -0.2597502 0.22822988 0.054229632 
0.2070061 -0.22154564 0.15348497 0.032996953 
