NR_0029 NR_0031 NR_0028 NR_0024 NYU-65 NR_0027 UCLA049 PL015 NR_0021 KS091 KS096 KS094 NR_0020 NR_0019 SWC_066 UCLA044 KS086 UCLA035 UCLA033 UCLA037 UCLA034 PL017 NYU-45 NYU-48 NYU-47 NYU-46 ibl_witten_29 ZFM-02372 NYU-39 KS051 ZFM-02370 NYU-40 ZFM-01937 ZFM-01935 NYU-37 ibl_witten_26 ZFM-01936 ibl_witten_27 SWC_058 KS044 ibl_witten_25 KS043 KS046 ZFM-01576 SWC_061 SWC_060 KS042 SWC_053 ZFM-01577 ZFM-01592 SWC_052 NYU-30 DY_018 SWC_054 DY_020 SWC_043 CSH_ZAD_029 DY_016 CSH_ZAD_026 ibl_witten_20 ibl_witten_18 NYU-21 CSH_ZAD_019 CSH_ZAD_025 SWC_038 ibl_witten_17 ZM_3003 ibl_witten_19 DY_014 SWC_042 CSHL058 CSH_ZAD_022 CSH_ZAD_011 CSHL060 DY_013 DY_009 CSHL059 DY_008 CSHL045 NYU-11 CSHL052 DY_011 CSHL053 ZM_2241 DY_010 ZM_2240 NYU-12 CSHL047 CSHL049 ZM_1898 KS023 KS016 KS014 ZM_1897 ibl_witten_13 
0 2.3758826 1.1279758 0.8173644 3.382491 1.4472842 0.4347986
1 2.2621694 1.067118 0.82302046 2.387464 1.1521803 0.829031
2 2.2510927 1.0550578 0.8207801 2.2853148 1.1107154 0.8330483
3 2.217344 1.0431241 0.82677513 2.2398005 1.0863161 0.829548
4 2.1752543 1.0256977 0.8273662 2.2321856 1.0915895 0.8324298
5 2.1635485 1.0187443 0.82990956 2.3395889 1.183767 0.834309
6 2.1544464 1.0108032 0.8299308 2.321848 1.1786697 0.83708376
7 2.1558757 1.0137159 0.8285585 2.2233942 1.0923698 0.8355323
8 2.1457446 1.0112382 0.8291454 2.1972883 1.0712944 0.83167094
9 2.141667 1.0050796 0.8293091 2.1830616 1.0567647 0.8276458
10 2.1282506 1.0007828 0.8313122 2.1337261 1.0385635 0.8379696
11 2.1226385 0.9969094 0.83031946 2.1655087 1.0844731 0.8404894
12 2.1131935 0.9918895 0.83129793 2.1501517 1.0644072 0.83790714
13 2.1048388 0.9904611 0.83244604 2.201583 1.0905128 0.83719546
14 2.0980492 0.9865964 0.8330376 2.1915977 1.0762825 0.8353325
15 2.0925992 0.9795852 0.8336847 2.266904 1.1189824 0.82979596
16 2.0925894 0.9793371 0.8322643 2.1607203 1.0451888 0.83490676
17 2.0919771 0.9829492 0.83326083 2.1446078 1.0320389 0.83120835
18 2.0842974 0.9721681 0.8317359 2.1695259 1.0595897 0.83453095
19 2.0683093 0.9602873 0.83301824 2.1625473 1.0548544 0.83326155
20 2.0686886 0.96059453 0.8342819 2.1109076 1.0247205 0.8343051
21 2.0759027 0.96256393 0.8340471 2.1226523 1.036737 0.8352111
22 2.0684335 0.9574204 0.83203447 2.15695 1.0558635 0.8315874
23 2.09338 0.97737247 0.83190125 2.4401076 1.2571117 0.8331316
24 2.0518074 0.9479758 0.83329064 2.1680822 1.0723733 0.83406407
25 2.0386913 0.93936306 0.8343202 2.1673234 1.07556 0.8371944
26 2.0456111 0.94813895 0.8334938 2.184805 1.079751 0.8361161
27 2.0447583 0.9480271 0.8358831 2.2202613 1.0861422 0.839302
28 2.0877101 0.9737807 0.8350939 2.1219597 1.010324 0.83410233
29 2.035548 0.9320018 0.8315841 2.1079774 1.0157044 0.83321685
30 2.0258431 0.92504066 0.83198255 2.1121552 1.024446 0.8321437
31 2.0220273 0.9248611 0.83385676 2.1110568 1.0321153 0.83812284
32 2.0280526 0.92801434 0.83359325 2.095281 1.0205258 0.83528703
33 2.0613477 0.9550744 0.8324029 2.0773118 1.009481 0.83687377
34 2.0581927 0.9492804 0.8315227 2.0435991 0.9787627 0.8354583
35 2.032855 0.9353898 0.83348936 2.0907667 1.0112419 0.8312875
36 2.0225627 0.93069637 0.8337528 2.1316116 1.0130699 0.82924074
37 2.0132742 0.9260101 0.8341103 2.1448174 1.0150028 0.83275265
38 2.0056443 0.9200989 0.83359396 2.1181123 1.0146046 0.83269995
39 2.002779 0.9180973 0.8346969 2.1010427 1.0029278 0.8355083
40 2.002849 0.9178518 0.8347637 2.0835857 0.9963655 0.8324134
41 2.0149226 0.9267478 0.8355256 2.1269782 1.0044879 0.8298639
42 2.0142212 0.9266938 0.8352581 2.0982454 0.98649657 0.82860124
43 2.0105097 0.9243468 0.8352506 2.056231 0.97028553 0.8327676
44 2.0043726 0.9201752 0.833057 2.1023378 1.0331274 0.8379731
45 2.0075948 0.9221294 0.8346789 2.134163 1.0429966 0.8313863
46 2.0089576 0.9188706 0.83385605 2.1454995 1.042238 0.8310316
47 2.0009694 0.9136683 0.8332522 2.1851423 1.0599608 0.83274573
48 1.9948605 0.9110633 0.8344455 2.2832792 1.127403 0.82854986
49 1.9891804 0.9079884 0.834355 2.1730764 1.046639 0.831266
50 1.991238 0.91044307 0.8342281 2.1113856 1.026886 0.8342955
51 1.9996662 0.915686 0.83509654 2.2004364 1.0844612 0.83844584
52 1.9896972 0.9084909 0.8339994 2.1413593 1.0478005 0.83560365
53 1.9851835 0.9076959 0.8359762 2.1379273 1.0519458 0.83410305
54 2.0106812 0.9189228 0.8326602 2.204878 1.0815567 0.8321592
55 2.0139441 0.92483205 0.8328186 2.0924692 1.0091971 0.83339244
56 2.0016263 0.9142929 0.83451927 2.23727 1.1056069 0.82618284
57 2.0128126 0.9266926 0.8344488 2.186281 1.0856371 0.83535117
58 2.0277717 0.93673086 0.83431965 2.2387726 1.0947062 0.83277065
59 2.0041254 0.9181307 0.8338596 2.2298954 1.066705 0.83172554
60 1.9783444 0.9016459 0.8339807 2.1105301 1.0114555 0.8337365
61 1.9764926 0.8989965 0.8342499 2.1385841 1.0447556 0.8282081
62 1.9942049 0.9106613 0.8349722 2.1763587 1.0439699 0.8312394
63 1.9875096 0.9083901 0.83482754 2.2137222 1.0825318 0.8320346
64 1.994042 0.91021174 0.83351725 2.1523502 1.0325313 0.826937
65 1.9729362 0.8958153 0.83444756 2.1008205 1.0117629 0.8323437
66 1.9724069 0.89681953 0.8349213 2.1064477 1.0290723 0.83155125
67 1.9711602 0.8958474 0.8344174 2.1626751 1.0706139 0.8348108
68 1.9772516 0.9005349 0.83485615 2.0784812 1.007505 0.8297476
69 1.9938644 0.90993315 0.8337239 2.1472185 1.0506692 0.8273142
70 1.9808464 0.9005918 0.83269835 2.073041 1.009747 0.8331965
71 1.9913037 0.907991 0.83364874 2.1101494 1.0340302 0.8344779
72 1.9908282 0.907925 0.8342043 2.091751 1.0156813 0.8322082
73 1.9899222 0.9100569 0.83366305 2.131986 1.0414573 0.83695346
74 1.9797812 0.90072775 0.8318118 2.1564026 1.0549951 0.8365826
75 1.9691528 0.89498574 0.8347356 2.078682 1.0058957 0.8325298
76 1.9781197 0.9020047 0.8351582 2.0849533 1.0012479 0.82722974
77 1.9668841 0.8958777 0.8353933 2.0840254 1.0103903 0.83363146
78 1.9716994 0.89674664 0.83547056 2.069689 0.99753535 0.8306597
79 1.9674348 0.89575297 0.8356676 2.1077173 1.0158674 0.8305608
80 1.9644493 0.89199173 0.8340611 2.1228683 1.0309001 0.8330211
81 1.9725175 0.8977198 0.83533514 2.1283257 1.0289764 0.8294973
82 1.9662708 0.89497864 0.8345786 2.1027873 1.0114622 0.8300892
83 1.9637929 0.89171505 0.83475447 2.0556366 0.98601824 0.83118176
84 1.9639791 0.8933741 0.8348771 2.122285 1.0190927 0.8291972
85 1.9747906 0.89964014 0.83539486 2.1141067 1.0238873 0.82800496
86 1.9759401 0.90061444 0.8355584 2.2224467 1.090927 0.8275369
87 1.9705683 0.8949814 0.83477706 2.0859845 1.0157931 0.83569634
88 1.9678714 0.89047873 0.83345336 2.026619 0.96967506 0.8382633
89 1.9690803 0.8941377 0.83360934 2.0541031 0.9818924 0.8305053
90 1.9766264 0.8977985 0.8331655 2.0548563 0.9850562 0.8348051
91 1.9768089 0.89653254 0.8331679 2.0914536 0.9954806 0.8270453
92 1.9721123 0.8950992 0.83450687 2.1523297 1.0558189 0.82684577
93 1.9681202 0.8930581 0.8339646 2.0989008 1.0133781 0.8262204
94 1.9722742 0.8979137 0.8348112 2.037977 0.9843608 0.8363723
95 1.9837703 0.9046385 0.8351853 2.0586603 0.98252285 0.8291418
96 1.974168 0.8984656 0.83463097 2.0362866 0.97464716 0.8315991
97 1.9791335 0.9019015 0.8344112 2.0440295 0.9835416 0.83599627
98 1.9708049 0.8962379 0.8334269 2.054555 0.98801714 0.83335936
99 1.9665091 0.89340186 0.83374107 2.0954773 1.0128037 0.83559114
0 0 0.0 0.0 0.0 0.0 0.0 0.0 0.0 0.0 0.0 0.0 0.0 0.0 0.0 0.0 0.0 0.0 0.0 0.0 0.0 0.0 0.0 0.0 0.0 0.0 0.0 0.0 0.0 0.0 0.0 0.0 0.0 0.0 0.0 0.0 0.0 0.0 0.0 0.0 0.0 0.0 0.0 0.0 0.0 0.0 0.0 0.0 0.0 0.0 0.0 0.0 0.0 0.0 0.0 0.0 0.0 0.0 0.0 0.0 0.0 0.0 0.0 0.0 0.0 0.0 0.0 0.0 0.0 0.0 0.0 0.0 0.0 0.0 0.0 0.0 0.0 0.0 0.0 0.0 0.0 0.0 0.0 0.0 0.0 0.0 0.0 0.0 0.0 0.0 0.0 0.0 0.0 0.0 0.0 0.0 0.0 0.040742498717005436 0.10024771868121614 0.2279907814472658 0.4366138170450049 0.5839073286230388 0.7020166871699598 0.8527176862397892 0.9253291544314599 0.9744160103195466 -1.139265 -1.0341797 -0.84592223 -0.6976477 -0.63994175 -0.57719225 -0.8235856 -0.97999257 -1.0883052 -1.120057 -0.9146743 -0.65356386 -0.46414226 -0.3955301 -0.35771543 -0.68389827 -0.9244107 -1.1642244
1 0 0.0 0.0 0.0 0.0 0.0 0.0 0.0 0.0 0.0 0.0 0.0 0.0 0.0 0.0 0.0 0.0 0.0 0.0 0.0 0.0 0.0 0.0 0.0 0.0 0.0 0.0 0.0 0.0 0.0 0.0 0.0 0.0 0.0 0.0 0.0 0.0 0.0 0.0 0.0 0.0 0.0 0.0 0.0 0.0 0.0 0.0 0.0 0.0 0.0 0.0 0.0 0.0 0.0 0.0 0.0 0.0 0.0 0.0 0.0 0.0 0.0 0.0 0.0 0.0 0.0 0.0 0.0 0.0 0.0 0.0 0.0 0.0 0.0 0.0 0.0 0.0 0.0 0.0 0.0 0.0 0.0 0.0 0.0 0.0 0.0 0.0 0.0 0.0 0.0 0.0 0.0 0.0 0.0 0.0 0.0 0.019838979329073726 0.043847083830384256 0.10779200005921191 0.2512461962381694 0.342494785886661 0.5156166016880918 0.7352856829905042 0.8635354400763557 0.9523148201461431 -1.173384 -1.0300924 -1.0057607 -0.84435993 -0.77834386 -0.75148267 -0.9252627 -1.0069118 -1.1122434 -1.2295074 -0.99912703 -0.8770983 -0.6075816 -0.49866468 -0.51289636 -0.78040457 -0.960616 -1.1952415
2 0 0.0 0.0 0.0 0.0 0.0 0.0 0.0 0.0 0.0 0.0 0.0 0.0 0.0 0.0 0.0 0.0 0.0 0.0 0.0 0.0 0.0 0.0 0.0 0.0 0.0 0.0 0.0 0.0 0.0 0.0 0.0 0.0 0.0 0.0 0.0 0.0 0.0 0.0 0.0 0.0 0.0 0.0 0.0 0.0 0.0 0.0 0.0 0.0 0.0 0.0 0.0 0.0 0.0 0.0 0.0 0.0 0.0 0.0 0.0 0.0 0.0 0.0 0.0 0.0 0.0 0.0 0.0 0.0 0.0 0.0 0.0 0.0 0.0 0.0 0.0 0.0 0.0 0.0 0.0 0.0 0.0 0.0 0.0 0.0 0.0 0.0 0.0 0.0 0.0 0.0 0.0 0.0 0.0 0.0 0.0 0.012481427410898947 0.03445075577869952 0.06881360490413486 0.16558713835709513 0.25493868391031066 0.4576073952025186 0.5473446540902663 0.7336071232216503 0.8911327418401048 -1.1883314 -1.0885586 -1.0006655 -0.8197934 -0.70532596 -0.73312336 -0.88991094 -0.97154593 -1.0830257 -1.2920618 -1.0848601 -0.9209238 -0.6423548 -0.4967935 -0.4826663 -0.6906899 -0.87086606 -1.1160619
0 400 0.0 0.0 0.0 0.0 0.0 0.0 0.0 0.0 0.0 0.0 0.0 0.0 0.0 0.0 0.0 0.0 0.0 0.0 0.0 0.0 0.0 0.0 0.0 0.0 0.0 0.0 0.0 0.0 0.0 0.0 0.0 0.0 0.0 0.0 0.0 0.0 0.0 0.0 0.0 0.0 0.0 0.0 0.0 0.0 0.0 0.0 0.0 0.0 0.0 0.0 0.0 0.0 0.0 0.0 0.0 0.0 0.0 0.0 0.0 0.0 0.0 0.0 0.0 0.0 0.0 0.0 0.0 0.0 0.0 0.0 0.0 0.0 0.0 0.0 0.0 0.0 0.0 0.0 0.0 0.0 0.0 0.0 0.0 0.0 0.0 0.0 0.0 0.0 0.0 0.0 0.0 0.0 0.0 0.0 0.0 0.04005928573797189 0.1043245536929061 0.22990149374712165 0.44212258483402817 0.590140465129662 0.7052021005143219 0.854614235363471 0.9245819920714546 0.9741973190339283 -1.1245565 -1.0281806 -0.8072932 -0.66795903 -0.5767844 -0.53523374 -0.78138673 -0.9681139 -1.0762229 -1.1065575 -0.90401375 -0.6133988 -0.42976376 -0.3377225 -0.30995804 -0.6358547 -0.9008744 -1.1403391
1 400 0.0 0.0 0.0 0.0 0.0 0.0 0.0 0.0 0.0 0.0 0.0 0.0 0.0 0.0 0.0 0.0 0.0 0.0 0.0 0.0 0.0 0.0 0.0 0.0 0.0 0.0 0.0 0.0 0.0 0.0 0.0 0.0 0.0 0.0 0.0 0.0 0.0 0.0 0.0 0.0 0.0 0.0 0.0 0.0 0.0 0.0 0.0 0.0 0.0 0.0 0.0 0.0 0.0 0.0 0.0 0.0 0.0 0.0 0.0 0.0 0.0 0.0 0.0 0.0 0.0 0.0 0.0 0.0 0.0 0.0 0.0 0.0 0.0 0.0 0.0 0.0 0.0 0.0 0.0 0.0 0.0 0.0 0.0 0.0 0.0 0.0 0.0 0.0 0.0 0.0 0.0 0.0 0.0 0.0 0.0 0.019609271736195213 0.043238945796683234 0.10970273080890615 0.24863687923460484 0.34221819071161985 0.51949521828721 0.7333793760436845 0.862379849633927 0.9520219927186817 -1.1488789 -1.0059116 -0.98008025 -0.8201146 -0.73735857 -0.70926845 -0.91332346 -0.9949726 -1.1003115 -1.2052698 -0.9754977 -0.84848464 -0.5838171 -0.46413177 -0.46485543 -0.75677407 -0.9369855 -1.1717075
2 400 0.0 0.0 0.0 0.0 0.0 0.0 0.0 0.0 0.0 0.0 0.0 0.0 0.0 0.0 0.0 0.0 0.0 0.0 0.0 0.0 0.0 0.0 0.0 0.0 0.0 0.0 0.0 0.0 0.0 0.0 0.0 0.0 0.0 0.0 0.0 0.0 0.0 0.0 0.0 0.0 0.0 0.0 0.0 0.0 0.0 0.0 0.0 0.0 0.0 0.0 0.0 0.0 0.0 0.0 0.0 0.0 0.0 0.0 0.0 0.0 0.0 0.0 0.0 0.0 0.0 0.0 0.0 0.0 0.0 0.0 0.0 0.0 0.0 0.0 0.0 0.0 0.0 0.0 0.0 0.0 0.0 0.0 0.0 0.0 0.0 0.0 0.0 0.0 0.0 0.0 0.0 0.0 0.0 0.0 0.0 0.012369690596356835 0.03414914732323634 0.07053436486541391 0.16874654303867564 0.2550240163651047 0.46220306445750203 0.5448521680871817 0.7315162094789188 0.8902186370738179 -1.165206 -1.0654331 -0.9760525 -0.7590083 -0.67040366 -0.6914206 -0.878042 -0.9596486 -1.0711685 -1.2689785 -1.0617766 -0.8927349 -0.5887625 -0.46685034 -0.43534723 -0.6671901 -0.84729564 -1.0926015
0 800 0.0 0.0 0.0 0.0 0.0 0.0 0.0 0.0 0.0 0.0 0.0 0.0 0.0 0.0 0.0 0.0 0.0 0.0 0.0 0.0 0.0 0.0 0.0 0.0 0.0 0.0 0.0 0.0 0.0 0.0 0.0 0.0 0.0 0.0 0.0 0.0 0.0 0.0 0.0 0.0 0.0 0.0 0.0 0.0 0.0 0.0 0.0 0.0 0.0 0.0 0.0 0.0 0.0 0.0 0.0 0.0 0.0 0.0 0.0 0.0 0.0 0.0 0.0 0.0 0.0 0.0 0.0 0.0 0.0 0.0 0.0 0.0 0.0 0.0 0.0 0.0 0.0 0.0 0.0 0.0 0.0 0.0 0.0 0.0 0.0 0.0 0.0 0.0 0.0 0.0 0.0 0.0 0.0 0.0 0.0 0.04218771185366652 0.14048395055376944 0.3124869573717177 0.49928612258978583 0.5959978462363826 0.5738074384898111 0.7903711170256406 0.894840822643987 0.9603432795215617 -0.9891264 -0.6690564 -0.27147543 -0.085654795 0.058890104 0.09152663 -0.25594497 -0.5344815 -0.9557369 -0.96065164 -0.49059436 -0.07070798 0.21044782 0.36614338 0.42542878 -0.03513214 -0.42208812 -0.91818976
1 800 0.0 0.0 0.0 0.0 0.0 0.0 0.0 0.0 0.0 0.0 0.0 0.0 0.0 0.0 0.0 0.0 0.0 0.0 0.0 0.0 0.0 0.0 0.0 0.0 0.0 0.0 0.0 0.0 0.0 0.0 0.0 0.0 0.0 0.0 0.0 0.0 0.0 0.0 0.0 0.0 0.0 0.0 0.0 0.0 0.0 0.0 0.0 0.0 0.0 0.0 0.0 0.0 0.0 0.0 0.0 0.0 0.0 0.0 0.0 0.0 0.0 0.0 0.0 0.0 0.0 0.0 0.0 0.0 0.0 0.0 0.0 0.0 0.0 0.0 0.0 0.0 0.0 0.0 0.0 0.0 0.0 0.0 0.0 0.0 0.0 0.0 0.0 0.0 0.0 0.0 0.0 0.0 0.0 0.0 0.0 0.019531130383989397 0.04164883264618733 0.1029004337500736 0.25553338331530595 0.3578563178776034 0.5107187922095946 0.694520828194972 0.8207276434457105 0.9293261917240142 -0.9713548 -0.8170321 -0.79640216 -0.487569 -0.36029118 -0.32765523 -0.622958 -0.8534564 -1.0070707 -1.0214914 -0.78344035 -0.665432 -0.28828847 -0.14105064 -0.025716364 -0.39929923 -0.6997558 -0.97891843
2 800 0.0 0.0 0.0 0.0 0.0 0.0 0.0 0.0 0.0 0.0 0.0 0.0 0.0 0.0 0.0 0.0 0.0 0.0 0.0 0.0 0.0 0.0 0.0 0.0 0.0 0.0 0.0 0.0 0.0 0.0 0.0 0.0 0.0 0.0 0.0 0.0 0.0 0.0 0.0 0.0 0.0 0.0 0.0 0.0 0.0 0.0 0.0 0.0 0.0 0.0 0.0 0.0 0.0 0.0 0.0 0.0 0.0 0.0 0.0 0.0 0.0 0.0 0.0 0.0 0.0 0.0 0.0 0.0 0.0 0.0 0.0 0.0 0.0 0.0 0.0 0.0 0.0 0.0 0.0 0.0 0.0 0.0 0.0 0.0 0.0 0.0 0.0 0.0 0.0 0.0 0.0 0.0 0.0 0.0 0.0 0.013802463197152231 0.04448219394629554 0.1083225793388597 0.22117743293098552 0.3335938899318576 0.4675989874551192 0.5557650013210719 0.7010405263857798 0.8514442952393423 -0.97588634 -0.6759845 -0.3649694 -0.09250963 0.03000021 0.12484974 -0.24502009 -0.5842335 -0.9485767 -1.0614599 -0.5508238 -0.24676558 0.15031531 0.318863 0.47125134 0.093271166 -0.37487876 -0.84389675
0 400 -0.19588090479373932 0.01805434562265873 -0.05535999685525894 -0.14410953223705292 -0.2168811410665512 0.12718133628368378 -0.035923026502132416 0.020433956757187843 0.02054022252559662 0.09274720400571823 -0.01101881917566061 0.03556738793849945 0.04231148585677147 0.0035819842014461756 -0.03718185052275658 0.0651153028011322 -0.22841601073741913 -0.031093792989850044 -0.011370053514838219 -0.04054083675146103 -0.11782623827457428 -0.01742471195757389 0.12850235402584076 -0.021761922165751457 0.03432726860046387 0.06693810969591141 -0.05628180503845215 0.048341017216444016 -0.019369816407561302 -0.06508731096982956 0.03520705923438072 0.27857691049575806 -0.07736822217702866 0.027234980836510658 0.18267174065113068 0.09296371042728424 -0.09517395496368408 -0.011586415581405163 -0.18540482223033905 0.0500018447637558 -0.23077034950256348 -0.21389661729335785 -0.07692675292491913 -0.005959286354482174 -0.1212756484746933 -0.04587750881910324 -0.07773713767528534 -0.008061202242970467 -0.11247851699590683 -0.0068056234158575535 0.023178843781352043 -0.11876978725194931 0.09476030617952347 0.007602957542985678 -0.027582071721553802 -0.05099054425954819 0.029898272827267647 -0.09962322562932968 -0.22323931753635406 -0.06237604096531868 -0.11361973732709885 0.05556010082364082 -0.019442491233348846 -0.11286487430334091 -0.1412399858236313 -0.1402096152305603 -0.18441767990589142 -0.10654386132955551 -0.04932970553636551 -0.276363343000412 -0.11013580858707428 0.052504125982522964 -0.03478319197893143 -0.08961658924818039 -0.12619633972644806 -0.07491223514080048 0.0039019056130200624 -0.16544345021247864 0.03320328891277313 -0.05814868211746216 0.02266743779182434 -0.0035302964970469475 0.030969448387622833 0.021795302629470825 -0.04487596079707146 0.043664053082466125 -0.03338909149169922 0.01958533376455307 -0.09601832926273346 0.08407159894704819 -0.0633746087551117 -0.10732008516788483 -0.18898721039295197 0.01626107469201088 -0.03780856356024742 4.955338079876179e-06 1.0041195573778234e-05 5.928792881557772e-05 0.00029641259707223087 0.004223363443443495 0.3426705376208272 0.45201432740611347 0.21545277195293833 0.48303068847901565 -2.8131933 -2.6804502 -2.5184772 -2.379193 -2.0374794 -2.0017617 -2.0637977 -2.0791025 -2.161967 -4.1534486 -3.9107635 -3.6371226 -3.4038444 -2.799839 -2.8482165 -2.9810386 -2.983969 -3.1764278
1 400 -0.19588090479373932 0.01805434562265873 -0.05535999685525894 -0.14410953223705292 -0.2168811410665512 0.12718133628368378 -0.035923026502132416 0.020433956757187843 0.02054022252559662 0.09274720400571823 -0.01101881917566061 0.03556738793849945 0.04231148585677147 0.0035819842014461756 -0.03718185052275658 0.0651153028011322 -0.22841601073741913 -0.031093792989850044 -0.011370053514838219 -0.04054083675146103 -0.11782623827457428 -0.01742471195757389 0.12850235402584076 -0.021761922165751457 0.03432726860046387 0.06693810969591141 -0.05628180503845215 0.048341017216444016 -0.019369816407561302 -0.06508731096982956 0.03520705923438072 0.27857691049575806 -0.07736822217702866 0.027234980836510658 0.18267174065113068 0.09296371042728424 -0.09517395496368408 -0.011586415581405163 -0.18540482223033905 0.0500018447637558 -0.23077034950256348 -0.21389661729335785 -0.07692675292491913 -0.005959286354482174 -0.1212756484746933 -0.04587750881910324 -0.07773713767528534 -0.008061202242970467 -0.11247851699590683 -0.0068056234158575535 0.023178843781352043 -0.11876978725194931 0.09476030617952347 0.007602957542985678 -0.027582071721553802 -0.05099054425954819 0.029898272827267647 -0.09962322562932968 -0.22323931753635406 -0.06237604096531868 -0.11361973732709885 0.05556010082364082 -0.019442491233348846 -0.11286487430334091 -0.1412399858236313 -0.1402096152305603 -0.18441767990589142 -0.10654386132955551 -0.04932970553636551 -0.276363343000412 -0.11013580858707428 0.052504125982522964 -0.03478319197893143 -0.08961658924818039 -0.12619633972644806 -0.07491223514080048 0.0039019056130200624 -0.16544345021247864 0.03320328891277313 -0.05814868211746216 0.02266743779182434 -0.0035302964970469475 0.030969448387622833 0.021795302629470825 -0.04487596079707146 0.043664053082466125 -0.03338909149169922 0.01958533376455307 -0.09601832926273346 0.08407159894704819 -0.0633746087551117 -0.10732008516788483 -0.18898721039295197 0.01626107469201088 -0.03780856356024742 1.7352480059831351e-06 1.664121405977173e-05 5.0047652794408736e-05 0.00010850179367027662 0.00040177412309805907 0.025121258485506576 0.12399698762963975 0.2121507006510086 0.2936232988111778 -2.9147298 -2.7387245 -2.5822234 -2.434687 -2.0885348 -2.1434333 -2.1534922 -2.1809428 -2.233782 -4.326557 -4.0373554 -3.75784 -3.487837 -2.8419006 -3.0517945 -3.113403 -3.1830003 -3.297197
2 400 -0.19588090479373932 0.01805434562265873 -0.05535999685525894 -0.14410953223705292 -0.2168811410665512 0.12718133628368378 -0.035923026502132416 0.020433956757187843 0.02054022252559662 0.09274720400571823 -0.01101881917566061 0.03556738793849945 0.04231148585677147 0.0035819842014461756 -0.03718185052275658 0.0651153028011322 -0.22841601073741913 -0.031093792989850044 -0.011370053514838219 -0.04054083675146103 -0.11782623827457428 -0.01742471195757389 0.12850235402584076 -0.021761922165751457 0.03432726860046387 0.06693810969591141 -0.05628180503845215 0.048341017216444016 -0.019369816407561302 -0.06508731096982956 0.03520705923438072 0.27857691049575806 -0.07736822217702866 0.027234980836510658 0.18267174065113068 0.09296371042728424 -0.09517395496368408 -0.011586415581405163 -0.18540482223033905 0.0500018447637558 -0.23077034950256348 -0.21389661729335785 -0.07692675292491913 -0.005959286354482174 -0.1212756484746933 -0.04587750881910324 -0.07773713767528534 -0.008061202242970467 -0.11247851699590683 -0.0068056234158575535 0.023178843781352043 -0.11876978725194931 0.09476030617952347 0.007602957542985678 -0.027582071721553802 -0.05099054425954819 0.029898272827267647 -0.09962322562932968 -0.22323931753635406 -0.06237604096531868 -0.11361973732709885 0.05556010082364082 -0.019442491233348846 -0.11286487430334091 -0.1412399858236313 -0.1402096152305603 -0.18441767990589142 -0.10654386132955551 -0.04932970553636551 -0.276363343000412 -0.11013580858707428 0.052504125982522964 -0.03478319197893143 -0.08961658924818039 -0.12619633972644806 -0.07491223514080048 0.0039019056130200624 -0.16544345021247864 0.03320328891277313 -0.05814868211746216 0.02266743779182434 -0.0035302964970469475 0.030969448387622833 0.021795302629470825 -0.04487596079707146 0.043664053082466125 -0.03338909149169922 0.01958533376455307 -0.09601832926273346 0.08407159894704819 -0.0633746087551117 -0.10732008516788483 -0.18898721039295197 0.01626107469201088 -0.03780856356024742 3.5503192291724406e-06 3.038447638111391e-05 0.00010480599989785509 0.00027509180080694044 0.0019025138171459414 0.021425577698777353 0.043418792659960875 0.0645761402513046 0.15719605942464865 -3.102801 -2.9619741 -2.8285792 -2.6692872 -2.2911503 -2.242058 -2.2758582 -2.26759 -2.37992 -4.7126155 -4.4895325 -4.2586575 -3.9703298 -3.277132 -3.241003 -3.325153 -3.3192697 -3.563783
0 400 -0.1762928068637848 0.016248909756541252 -0.04982399567961693 -0.12969857454299927 -0.19519302248954773 0.1144632026553154 -0.032330721616744995 0.018390560522675514 0.018486199900507927 0.08347248286008835 -0.009916936978697777 0.032010648399591446 0.03808033466339111 0.003223785664886236 -0.03346366435289383 0.05860377103090286 -0.2055744081735611 -0.027984412387013435 -0.010233048349618912 -0.036486752331256866 -0.10604361444711685 -0.015682240948081017 0.11565211415290833 -0.019585728645324707 0.03089454025030136 0.06024429574608803 -0.050653621554374695 0.043506912887096405 -0.017432834953069687 -0.058578576892614365 0.03168635070323944 0.25071921944618225 -0.06963139772415161 0.024511482566595078 0.16440455615520477 0.0836673378944397 -0.0856565535068512 -0.010427773930132389 -0.1668643355369568 0.04500165954232216 -0.20769330859184265 -0.19250695407390594 -0.06923407316207886 -0.0053633577190339565 -0.10914807766675949 -0.04128975793719292 -0.06996342539787292 -0.00725508201867342 -0.1012306660413742 -0.0061250608414411545 0.020860958844423294 -0.10689280927181244 0.0852842703461647 0.006842661648988724 -0.024823863059282303 -0.04589148983359337 0.026908444240689278 -0.0896608978509903 -0.2009153813123703 -0.05613843724131584 -0.10225775837898254 0.05000409111380577 -0.017498241737484932 -0.10157838463783264 -0.12711597979068756 -0.12618865072727203 -0.1659759134054184 -0.09588947147130966 -0.04439673200249672 -0.2487270087003708 -0.09912222623825073 0.04725371301174164 -0.031304873526096344 -0.08065492659807205 -0.11357670277357101 -0.06742101162672043 0.003511714981868863 -0.148899108171463 0.02988296002149582 -0.05233381316065788 0.020400693640112877 -0.003177266800776124 0.02787250280380249 0.019615771248936653 -0.04038836434483528 0.03929764777421951 -0.030050180852413177 0.017626799643039703 -0.08641649037599564 0.07566443830728531 -0.057037144899368286 -0.09658807516098022 -0.1700884848833084 0.014634966850280762 -0.03402770683169365 1.8612549322346888e-05 3.189512682953905e-05 0.00027262258265436153 0.0011956328750292906 0.023719068595143916 0.5348346211714445 0.6272901619533393 0.49995741610839256 0.7616947260186157 -2.6290903 -2.509363 -2.3205736 -2.1899595 -1.9660156 -1.8036504 -1.8847554 -1.9127693 -1.9970918 -3.8253255 -3.6040168 -3.2869444 -3.0674458 -2.517919 -2.4795542 -2.6478195 -2.689891 -2.883674
1 400 -0.1762928068637848 0.016248909756541252 -0.04982399567961693 -0.12969857454299927 -0.19519302248954773 0.1144632026553154 -0.032330721616744995 0.018390560522675514 0.018486199900507927 0.08347248286008835 -0.009916936978697777 0.032010648399591446 0.03808033466339111 0.003223785664886236 -0.03346366435289383 0.05860377103090286 -0.2055744081735611 -0.027984412387013435 -0.010233048349618912 -0.036486752331256866 -0.10604361444711685 -0.015682240948081017 0.11565211415290833 -0.019585728645324707 0.03089454025030136 0.06024429574608803 -0.050653621554374695 0.043506912887096405 -0.017432834953069687 -0.058578576892614365 0.03168635070323944 0.25071921944618225 -0.06963139772415161 0.024511482566595078 0.16440455615520477 0.0836673378944397 -0.0856565535068512 -0.010427773930132389 -0.1668643355369568 0.04500165954232216 -0.20769330859184265 -0.19250695407390594 -0.06923407316207886 -0.0053633577190339565 -0.10914807766675949 -0.04128975793719292 -0.06996342539787292 -0.00725508201867342 -0.1012306660413742 -0.0061250608414411545 0.020860958844423294 -0.10689280927181244 0.0852842703461647 0.006842661648988724 -0.024823863059282303 -0.04589148983359337 0.026908444240689278 -0.0896608978509903 -0.2009153813123703 -0.05613843724131584 -0.10225775837898254 0.05000409111380577 -0.017498241737484932 -0.10157838463783264 -0.12711597979068756 -0.12618865072727203 -0.1659759134054184 -0.09588947147130966 -0.04439673200249672 -0.2487270087003708 -0.09912222623825073 0.04725371301174164 -0.031304873526096344 -0.08065492659807205 -0.11357670277357101 -0.06742101162672043 0.003511714981868863 -0.148899108171463 0.02988296002149582 -0.05233381316065788 0.020400693640112877 -0.003177266800776124 0.02787250280380249 0.019615771248936653 -0.04038836434483528 0.03929764777421951 -0.030050180852413177 0.017626799643039703 -0.08641649037599564 0.07566443830728531 -0.057037144899368286 -0.09658807516098022 -0.1700884848833084 0.014634966850280762 -0.03402770683169365 5.199506274382333e-06 3.5155329221761945e-05 0.0001506672248024148 0.0003822330679196247 0.0017216826084836584 0.08303538579395635 0.2735813951000649 0.4306532893176103 0.5878791648277795 -2.6927521 -2.5630176 -2.3791895 -2.2222161 -1.8692029 -1.9304607 -1.9549534 -2.0032215 -2.0411472 -3.9186754 -3.7115254 -3.387189 -3.1025681 -2.4480345 -2.6654751 -2.7485175 -2.8602328 -2.9501374
2 400 -0.1762928068637848 0.016248909756541252 -0.04982399567961693 -0.12969857454299927 -0.19519302248954773 0.1144632026553154 -0.032330721616744995 0.018390560522675514 0.018486199900507927 0.08347248286008835 -0.009916936978697777 0.032010648399591446 0.03808033466339111 0.003223785664886236 -0.03346366435289383 0.05860377103090286 -0.2055744081735611 -0.027984412387013435 -0.010233048349618912 -0.036486752331256866 -0.10604361444711685 -0.015682240948081017 0.11565211415290833 -0.019585728645324707 0.03089454025030136 0.06024429574608803 -0.050653621554374695 0.043506912887096405 -0.017432834953069687 -0.058578576892614365 0.03168635070323944 0.25071921944618225 -0.06963139772415161 0.024511482566595078 0.16440455615520477 0.0836673378944397 -0.0856565535068512 -0.010427773930132389 -0.1668643355369568 0.04500165954232216 -0.20769330859184265 -0.19250695407390594 -0.06923407316207886 -0.0053633577190339565 -0.10914807766675949 -0.04128975793719292 -0.06996342539787292 -0.00725508201867342 -0.1012306660413742 -0.0061250608414411545 0.020860958844423294 -0.10689280927181244 0.0852842703461647 0.006842661648988724 -0.024823863059282303 -0.04589148983359337 0.026908444240689278 -0.0896608978509903 -0.2009153813123703 -0.05613843724131584 -0.10225775837898254 0.05000409111380577 -0.017498241737484932 -0.10157838463783264 -0.12711597979068756 -0.12618865072727203 -0.1659759134054184 -0.09588947147130966 -0.04439673200249672 -0.2487270087003708 -0.09912222623825073 0.04725371301174164 -0.031304873526096344 -0.08065492659807205 -0.11357670277357101 -0.06742101162672043 0.003511714981868863 -0.148899108171463 0.02988296002149582 -0.05233381316065788 0.020400693640112877 -0.003177266800776124 0.02787250280380249 0.019615771248936653 -0.04038836434483528 0.03929764777421951 -0.030050180852413177 0.017626799643039703 -0.08641649037599564 0.07566443830728531 -0.057037144899368286 -0.09658807516098022 -0.1700884848833084 0.014634966850280762 -0.03402770683169365 1.240516589874167e-05 9.16727647556894e-05 0.0003177462112293962 0.0008328357702149991 0.006986180823500755 0.07820280092658195 0.1267691078640476 0.17192579082796067 0.39107702255686067 -2.8947592 -2.747408 -2.6258113 -2.4661174 -2.0817478 -2.0097275 -2.0570664 -2.0533602 -2.167504 -4.3358164 -4.096341 -3.8887033 -3.5995624 -2.899013 -2.8191624 -2.9251177 -2.9266577 -3.1780536
0 400 -0.15670472383499146 0.014443476684391499 -0.04428799822926521 -0.11528762429952621 -0.17350491881370544 0.10174506902694702 -0.028738422319293022 0.016347166150808334 0.016432179138064384 0.07419776171445847 -0.008815055713057518 0.02845391072332859 0.033849190920591354 0.0028655873611569405 -0.02974548004567623 0.05209224298596382 -0.18273280560970306 -0.024875035509467125 -0.009096043184399605 -0.032432671636343 -0.09426099061965942 -0.013939769938588142 0.10280188173055649 -0.017409538850188255 0.027461815625429153 0.053550489246845245 -0.04502544552087784 0.03867281600832939 -0.015495853498578072 -0.05206985026597977 0.028165647760033607 0.22286152839660645 -0.061894576996564865 0.021787984296679497 0.14613740146160126 0.07437097281217575 -0.0761391669511795 -0.009269132278859615 -0.14832386374473572 0.04000147804617882 -0.18461628258228302 -0.17111729085445404 -0.06154140457510948 -0.004767429083585739 -0.09702052175998688 -0.03670200705528259 -0.06218970939517021 -0.006448961794376373 -0.08998281508684158 -0.005444498732686043 0.018543075770139694 -0.09501583129167557 0.07580824941396713 0.006082366220653057 -0.0220656581223011 -0.04079243540763855 0.023918619379401207 -0.0796985849738121 -0.17859145998954773 -0.049900833517313004 -0.09089579433202744 0.04444808140397072 -0.015553993172943592 -0.09029190242290497 -0.11299198865890503 -0.11216769367456436 -0.14753414690494537 -0.08523508906364441 -0.03946376591920853 -0.2210906744003296 -0.08810865134000778 0.04200330004096031 -0.027826553210616112 -0.07169327139854431 -0.10095707327127457 -0.05992978811264038 0.0031215245835483074 -0.1323547661304474 0.026562631130218506 -0.046518947929143906 0.018133951351046562 -0.002824237337335944 0.024775559082627296 0.01743624173104763 -0.035900767892599106 0.0349312424659729 -0.026711273938417435 0.015668267384171486 -0.076814666390419 0.06725727766752243 -0.050699688494205475 -0.08585607260465622 -0.15118977427482605 0.013008859939873219 -0.030246851965785027 5.9801130872088535e-05 0.00010151651194816631 0.0012683904617408876 0.0037964641951415963 0.12367545783877794 0.7314396685357077 0.8296058314155301 0.8360902685792656 0.9444479465637478 -2.4576223 -2.3377159 -2.1205266 -2.0181043 -1.9458568 -1.6439481 -1.778739 -1.7727032 -1.8930049 -3.5181143 -3.2962244 -2.932875 -2.7592497 -2.2602828 -2.1156216 -2.3114963 -2.38669 -2.584247
1 400 -0.15670472383499146 0.014443476684391499 -0.04428799822926521 -0.11528762429952621 -0.17350491881370544 0.10174506902694702 -0.028738422319293022 0.016347166150808334 0.016432179138064384 0.07419776171445847 -0.008815055713057518 0.02845391072332859 0.033849190920591354 0.0028655873611569405 -0.02974548004567623 0.05209224298596382 -0.18273280560970306 -0.024875035509467125 -0.009096043184399605 -0.032432671636343 -0.09426099061965942 -0.013939769938588142 0.10280188173055649 -0.017409538850188255 0.027461815625429153 0.053550489246845245 -0.04502544552087784 0.03867281600832939 -0.015495853498578072 -0.05206985026597977 0.028165647760033607 0.22286152839660645 -0.061894576996564865 0.021787984296679497 0.14613740146160126 0.07437097281217575 -0.0761391669511795 -0.009269132278859615 -0.14832386374473572 0.04000147804617882 -0.18461628258228302 -0.17111729085445404 -0.06154140457510948 -0.004767429083585739 -0.09702052175998688 -0.03670200705528259 -0.06218970939517021 -0.006448961794376373 -0.08998281508684158 -0.005444498732686043 0.018543075770139694 -0.09501583129167557 0.07580824941396713 0.006082366220653057 -0.0220656581223011 -0.04079243540763855 0.023918619379401207 -0.0796985849738121 -0.17859145998954773 -0.049900833517313004 -0.09089579433202744 0.04444808140397072 -0.015553993172943592 -0.09029190242290497 -0.11299198865890503 -0.11216769367456436 -0.14753414690494537 -0.08523508906364441 -0.03946376591920853 -0.2210906744003296 -0.08810865134000778 0.04200330004096031 -0.027826553210616112 -0.07169327139854431 -0.10095707327127457 -0.05992978811264038 0.0031215245835483074 -0.1323547661304474 0.026562631130218506 -0.046518947929143906 0.018133951351046562 -0.002824237337335944 0.024775559082627296 0.01743624173104763 -0.035900767892599106 0.0349312424659729 -0.026711273938417435 0.015668267384171486 -0.076814666390419 0.06725727766752243 -0.050699688494205475 -0.08585607260465622 -0.15118977427482605 0.013008859939873219 -0.030246851965785027 1.4159689885091904e-05 8.281330379551001e-05 0.00046005630747755484 0.0011053518215299381 0.01623073620131403 0.19388829256612017 0.4859553274437051 0.6553701889584065 0.798822136996685 -2.4787567 -2.3830295 -2.1747503 -2.022036 -1.8685551 -1.7257497 -1.7677355 -1.8158073 -1.8645356 -3.5240808 -3.3799884 -3.0141385 -2.736534 -2.0657492 -2.2884557 -2.4043784 -2.5157475 -2.6293201
2 400 -0.15670472383499146 0.014443476684391499 -0.04428799822926521 -0.11528762429952621 -0.17350491881370544 0.10174506902694702 -0.028738422319293022 0.016347166150808334 0.016432179138064384 0.07419776171445847 -0.008815055713057518 0.02845391072332859 0.033849190920591354 0.0028655873611569405 -0.02974548004567623 0.05209224298596382 -0.18273280560970306 -0.024875035509467125 -0.009096043184399605 -0.032432671636343 -0.09426099061965942 -0.013939769938588142 0.10280188173055649 -0.017409538850188255 0.027461815625429153 0.053550489246845245 -0.04502544552087784 0.03867281600832939 -0.015495853498578072 -0.05206985026597977 0.028165647760033607 0.22286152839660645 -0.061894576996564865 0.021787984296679497 0.14613740146160126 0.07437097281217575 -0.0761391669511795 -0.009269132278859615 -0.14832386374473572 0.04000147804617882 -0.18461628258228302 -0.17111729085445404 -0.06154140457510948 -0.004767429083585739 -0.09702052175998688 -0.03670200705528259 -0.06218970939517021 -0.006448961794376373 -0.08998281508684158 -0.005444498732686043 0.018543075770139694 -0.09501583129167557 0.07580824941396713 0.006082366220653057 -0.0220656581223011 -0.04079243540763855 0.023918619379401207 -0.0796985849738121 -0.17859145998954773 -0.049900833517313004 -0.09089579433202744 0.04444808140397072 -0.015553993172943592 -0.09029190242290497 -0.11299198865890503 -0.11216769367456436 -0.14753414690494537 -0.08523508906364441 -0.03946376591920853 -0.2210906744003296 -0.08810865134000778 0.04200330004096031 -0.027826553210616112 -0.07169327139854431 -0.10095707327127457 -0.05992978811264038 0.0031215245835483074 -0.1323547661304474 0.026562631130218506 -0.046518947929143906 0.018133951351046562 -0.002824237337335944 0.024775559082627296 0.01743624173104763 -0.035900767892599106 0.0349312424659729 -0.026711273938417435 0.015668267384171486 -0.076814666390419 0.06725727766752243 -0.050699688494205475 -0.08585607260465622 -0.15118977427482605 0.013008859939873219 -0.030246851965785027 4.211511310704576e-05 0.00020408791684932103 0.0009163525187557516 0.0025286807089936704 0.02395690491454505 0.2368985639870358 0.30400043255676784 0.33686524949091373 0.6724540310118082 -2.678579 -2.5548708 -2.4184906 -2.2619026 -1.8673921 -1.7802324 -1.8419724 -1.8652537 -1.9594014 -3.942365 -3.7388318 -3.5086098 -3.2268465 -2.5098064 -2.4014692 -2.5308225 -2.580148 -2.7989457
0 400 -0.13711662590503693 0.012638041749596596 -0.0387519970536232 -0.10087667405605316 -0.15181680023670197 0.08902693539857864 -0.0251461174339056 0.014303769916296005 0.014378155581653118 0.06492304056882858 -0.007713173516094685 0.024897171184420586 0.029618039727211 0.002507388824597001 -0.026027295738458633 0.04558071121573448 -0.15989120304584503 -0.021765654906630516 -0.007959037087857723 -0.02837858535349369 -0.082478366792202 -0.012197297997772694 0.08995164930820465 -0.015233345329761505 0.024029087275266647 0.046856675297021866 -0.039397262036800385 0.03383871167898178 -0.013558871112763882 -0.04556111618876457 0.024644941091537476 0.19500383734703064 -0.05415775626897812 0.019064486026763916 0.12787021696567535 0.06507459282875061 -0.06662176549434662 -0.008110490627586842 -0.12978337705135345 0.03500128909945488 -0.1615392416715622 -0.14972762763500214 -0.05384872481226921 -0.004171500448137522 -0.08489295095205307 -0.03211425617337227 -0.0544159971177578 -0.005642841570079327 -0.07873496413230896 -0.004763936158269644 0.016225190833210945 -0.0831388533115387 0.06633221358060837 0.005322070326656103 -0.019307449460029602 -0.03569338098168373 0.020928790792822838 -0.06973625719547272 -0.15626752376556396 -0.043663229793310165 -0.07953381538391113 0.038892071694135666 -0.013609743677079678 -0.0790054127573967 -0.0988679900765419 -0.09814672917127609 -0.12909238040447235 -0.07458069920539856 -0.03453079238533974 -0.1934543401002884 -0.07709506154060364 0.036752887070178986 -0.02434823475778103 -0.06273160874843597 -0.08833743631839752 -0.05243856459856033 0.002731333952397108 -0.11581041663885117 0.023242302238941193 -0.04070407524704933 0.01586720533668995 -0.002471207408234477 0.021678613498806953 0.015256711281836033 -0.03141317144036293 0.030564837157726288 -0.023372363299131393 0.01370973326265812 -0.06721282750368118 0.05885011702775955 -0.04436222463846207 -0.07512405514717102 -0.1322910487651825 0.0113827520981431 -0.026465993374586105 0.0001984093922046035 0.00035353415039770863 0.004077593995553695 0.011212901406677097 0.40926892781605817 0.9004149740860652 0.9359918704710376 0.9604293270477935 0.9873368920827365 -2.2846997 -2.1629088 -1.9506183 -1.8472652 -1.9132409 -1.6350288 -1.685682 -1.7023809 -1.8526111 -3.208846 -2.9844587 -2.628802 -2.4513826 -1.9904375 -1.7930948 -1.9697297 -2.127979 -2.351059
1 400 -0.13711662590503693 0.012638041749596596 -0.0387519970536232 -0.10087667405605316 -0.15181680023670197 0.08902693539857864 -0.0251461174339056 0.014303769916296005 0.014378155581653118 0.06492304056882858 -0.007713173516094685 0.024897171184420586 0.029618039727211 0.002507388824597001 -0.026027295738458633 0.04558071121573448 -0.15989120304584503 -0.021765654906630516 -0.007959037087857723 -0.02837858535349369 -0.082478366792202 -0.012197297997772694 0.08995164930820465 -0.015233345329761505 0.024029087275266647 0.046856675297021866 -0.039397262036800385 0.03383871167898178 -0.013558871112763882 -0.04556111618876457 0.024644941091537476 0.19500383734703064 -0.05415775626897812 0.019064486026763916 0.12787021696567535 0.06507459282875061 -0.06662176549434662 -0.008110490627586842 -0.12978337705135345 0.03500128909945488 -0.1615392416715622 -0.14972762763500214 -0.05384872481226921 -0.004171500448137522 -0.08489295095205307 -0.03211425617337227 -0.0544159971177578 -0.005642841570079327 -0.07873496413230896 -0.004763936158269644 0.016225190833210945 -0.0831388533115387 0.06633221358060837 0.005322070326656103 -0.019307449460029602 -0.03569338098168373 0.020928790792822838 -0.06973625719547272 -0.15626752376556396 -0.043663229793310165 -0.07953381538391113 0.038892071694135666 -0.013609743677079678 -0.0790054127573967 -0.0988679900765419 -0.09814672917127609 -0.12909238040447235 -0.07458069920539856 -0.03453079238533974 -0.1934543401002884 -0.07709506154060364 0.036752887070178986 -0.02434823475778103 -0.06273160874843597 -0.08833743631839752 -0.05243856459856033 0.002731333952397108 -0.11581041663885117 0.023242302238941193 -0.04070407524704933 0.01586720533668995 -0.002471207408234477 0.021678613498806953 0.015256711281836033 -0.03141317144036293 0.030564837157726288 -0.023372363299131393 0.01370973326265812 -0.06721282750368118 0.05885011702775955 -0.04436222463846207 -0.07512405514717102 -0.1322910487651825 0.0113827520981431 -0.026465993374586105 3.589784147401024e-05 0.0002127485407818592 0.0013920571178436165 0.0023228884403194965 0.09507633663922936 0.3800890371517355 0.7000331632112337 0.810366608282896 0.9213745812435412 -2.277426 -2.2006545 -1.9721408 -1.8462038 -1.8617811 -1.5250306 -1.5846696 -1.6503665 -1.7374897 -3.1525383 -3.0459104 -2.644464 -2.4103594 -1.7199489 -1.9182457 -2.0679622 -2.2115493 -2.3372562
2 400 -0.13711662590503693 0.012638041749596596 -0.0387519970536232 -0.10087667405605316 -0.15181680023670197 0.08902693539857864 -0.0251461174339056 0.014303769916296005 0.014378155581653118 0.06492304056882858 -0.007713173516094685 0.024897171184420586 0.029618039727211 0.002507388824597001 -0.026027295738458633 0.04558071121573448 -0.15989120304584503 -0.021765654906630516 -0.007959037087857723 -0.02837858535349369 -0.082478366792202 -0.012197297997772694 0.08995164930820465 -0.015233345329761505 0.024029087275266647 0.046856675297021866 -0.039397262036800385 0.03383871167898178 -0.013558871112763882 -0.04556111618876457 0.024644941091537476 0.19500383734703064 -0.05415775626897812 0.019064486026763916 0.12787021696567535 0.06507459282875061 -0.06662176549434662 -0.008110490627586842 -0.12978337705135345 0.03500128909945488 -0.1615392416715622 -0.14972762763500214 -0.05384872481226921 -0.004171500448137522 -0.08489295095205307 -0.03211425617337227 -0.0544159971177578 -0.005642841570079327 -0.07873496413230896 -0.004763936158269644 0.016225190833210945 -0.0831388533115387 0.06633221358060837 0.005322070326656103 -0.019307449460029602 -0.03569338098168373 0.020928790792822838 -0.06973625719547272 -0.15626752376556396 -0.043663229793310165 -0.07953381538391113 0.038892071694135666 -0.013609743677079678 -0.0790054127573967 -0.0988679900765419 -0.09814672917127609 -0.12909238040447235 -0.07458069920539856 -0.03453079238533974 -0.1934543401002884 -0.07709506154060364 0.036752887070178986 -0.02434823475778103 -0.06273160874843597 -0.08833743631839752 -0.05243856459856033 0.002731333952397108 -0.11581041663885117 0.023242302238941193 -0.04070407524704933 0.01586720533668995 -0.002471207408234477 0.021678613498806953 0.015256711281836033 -0.03141317144036293 0.030564837157726288 -0.023372363299131393 0.01370973326265812 -0.06721282750368118 0.05885011702775955 -0.04436222463846207 -0.07512405514717102 -0.1322910487651825 0.0113827520981431 -0.026465993374586105 0.00011741227474242969 0.0004321966224509263 0.0023457031568777753 0.006991320269910877 0.12021069337913505 0.46613648318290574 0.45630375921788635 0.5766172992792222 0.8683432907033524 -2.4687743 -2.364481 -2.2064557 -2.0540273 -1.8332572 -1.5699284 -1.645538 -1.7022951 -1.8465078 -3.5565586 -3.384302 -3.1163685 -2.8447247 -2.1143785 -2.0149004 -2.1620533 -2.2392 -2.4606605
0 400 -0.11752855032682419 0.010832607746124268 -0.033215999603271484 -0.08646572381258011 -0.13012869656085968 0.07630880177021027 -0.02155381627380848 0.01226037461310625 0.012324133887887001 0.055648323148489 -0.0066112917847931385 0.02134043350815773 0.02538689225912094 0.0021491905208677053 -0.022309111431241035 0.03906918317079544 -0.1370496153831482 -0.018656276166439056 -0.006822032388299704 -0.024324502795934677 -0.07069574296474457 -0.010454827919602394 0.07710141688585281 -0.013057153671979904 0.02059636265039444 0.04016286879777908 -0.03376908600330353 0.02900461107492447 -0.011621890589594841 -0.039052389562129974 0.021124236285686493 0.16714614629745483 -0.04642093554139137 0.016340989619493484 0.10960304737091064 0.055778227746486664 -0.05710437521338463 -0.006951849441975355 -0.11124289780855179 0.03000110760331154 -0.13846221566200256 -0.12833797931671143 -0.04615605250000954 -0.003575572045519948 -0.07276539504528046 -0.027526507154107094 -0.04664228484034538 -0.00483672134578228 -0.06748711317777634 -0.004083374049514532 0.01390730682760477 -0.07126187533140182 0.0568561851978302 0.0045617748983204365 -0.0165492445230484 -0.03059432841837406 0.017938964068889618 -0.05977393686771393 -0.1339436024427414 -0.03742562606930733 -0.06817184388637543 0.03333606198430061 -0.011665495112538338 -0.06771893054246902 -0.08474399149417877 -0.08412577211856842 -0.11065061390399933 -0.0639263167977333 -0.029597824439406395 -0.1658180058002472 -0.06608148664236069 0.03150247782468796 -0.020869916304945946 -0.05376995727419853 -0.07571780681610107 -0.044947341084480286 0.0023411435540765524 -0.09926607459783554 0.01992197334766388 -0.034889210015535355 0.013600463047623634 -0.0021181779447942972 0.01858166977763176 0.01307718176394701 -0.026925576850771904 0.026198433712124825 -0.02003345638513565 0.011751201003789902 -0.057610999792814255 0.05044296011328697 -0.038024768233299255 -0.06439205259084702 -0.11339233070611954 0.009756645187735558 -0.022685138508677483 0.0007233841521296652 0.0012680383367986907 0.010766406629646192 0.029712176887556983 0.5876232865206831 0.8917309186766502 0.9269543722433311 0.9599180718728616 0.9889586592293536 -2.1062763 -1.9832468 -1.7951763 -1.6686084 -1.8032904 -1.5309118 -1.54052 -1.576669 -1.7436142 -2.8911302 -2.663924 -2.3483248 -2.1258116 -1.7818587 -1.6153069 -1.777309 -1.9568917 -2.203406
1 400 -0.11752855032682419 0.010832607746124268 -0.033215999603271484 -0.08646572381258011 -0.13012869656085968 0.07630880177021027 -0.02155381627380848 0.01226037461310625 0.012324133887887001 0.055648323148489 -0.0066112917847931385 0.02134043350815773 0.02538689225912094 0.0021491905208677053 -0.022309111431241035 0.03906918317079544 -0.1370496153831482 -0.018656276166439056 -0.006822032388299704 -0.024324502795934677 -0.07069574296474457 -0.010454827919602394 0.07710141688585281 -0.013057153671979904 0.02059636265039444 0.04016286879777908 -0.03376908600330353 0.02900461107492447 -0.011621890589594841 -0.039052389562129974 0.021124236285686493 0.16714614629745483 -0.04642093554139137 0.016340989619493484 0.10960304737091064 0.055778227746486664 -0.05710437521338463 -0.006951849441975355 -0.11124289780855179 0.03000110760331154 -0.13846221566200256 -0.12833797931671143 -0.04615605250000954 -0.003575572045519948 -0.07276539504528046 -0.027526507154107094 -0.04664228484034538 -0.00483672134578228 -0.06748711317777634 -0.004083374049514532 0.01390730682760477 -0.07126187533140182 0.0568561851978302 0.0045617748983204365 -0.0165492445230484 -0.03059432841837406 0.017938964068889618 -0.05977393686771393 -0.1339436024427414 -0.03742562606930733 -0.06817184388637543 0.03333606198430061 -0.011665495112538338 -0.06771893054246902 -0.08474399149417877 -0.08412577211856842 -0.11065061390399933 -0.0639263167977333 -0.029597824439406395 -0.1658180058002472 -0.06608148664236069 0.03150247782468796 -0.020869916304945946 -0.05376995727419853 -0.07571780681610107 -0.044947341084480286 0.0023411435540765524 -0.09926607459783554 0.01992197334766388 -0.034889210015535355 0.013600463047623634 -0.0021181779447942972 0.01858166977763176 0.01307718176394701 -0.026925576850771904 0.026198433712124825 -0.02003345638513565 0.011751201003789902 -0.057610999792814255 0.05044296011328697 -0.038024768233299255 -0.06439205259084702 -0.11339233070611954 0.009756645187735558 -0.022685138508677483 9.112767922273785e-05 0.0005292345222159628 0.002897023151341964 0.004637631275478808 0.17398043612746789 0.4660580386879028 0.788505739293336 0.8863899955082738 0.9419025950262785 -2.0942297 -2.0183241 -1.8005857 -1.6685143 -1.7570422 -1.4013523 -1.4523644 -1.5242813 -1.6088097 -2.8165557 -2.7111323 -2.3264363 -2.0793123 -1.4783709 -1.6846358 -1.8202876 -1.9793438 -2.162934
2 400 -0.11752855032682419 0.010832607746124268 -0.033215999603271484 -0.08646572381258011 -0.13012869656085968 0.07630880177021027 -0.02155381627380848 0.01226037461310625 0.012324133887887001 0.055648323148489 -0.0066112917847931385 0.02134043350815773 0.02538689225912094 0.0021491905208677053 -0.022309111431241035 0.03906918317079544 -0.1370496153831482 -0.018656276166439056 -0.006822032388299704 -0.024324502795934677 -0.07069574296474457 -0.010454827919602394 0.07710141688585281 -0.013057153671979904 0.02059636265039444 0.04016286879777908 -0.03376908600330353 0.02900461107492447 -0.011621890589594841 -0.039052389562129974 0.021124236285686493 0.16714614629745483 -0.04642093554139137 0.016340989619493484 0.10960304737091064 0.055778227746486664 -0.05710437521338463 -0.006951849441975355 -0.11124289780855179 0.03000110760331154 -0.13846221566200256 -0.12833797931671143 -0.04615605250000954 -0.003575572045519948 -0.07276539504528046 -0.027526507154107094 -0.04664228484034538 -0.00483672134578228 -0.06748711317777634 -0.004083374049514532 0.01390730682760477 -0.07126187533140182 0.0568561851978302 0.0045617748983204365 -0.0165492445230484 -0.03059432841837406 0.017938964068889618 -0.05977393686771393 -0.1339436024427414 -0.03742562606930733 -0.06817184388637543 0.03333606198430061 -0.011665495112538338 -0.06771893054246902 -0.08474399149417877 -0.08412577211856842 -0.11065061390399933 -0.0639263167977333 -0.029597824439406395 -0.1658180058002472 -0.06608148664236069 0.03150247782468796 -0.020869916304945946 -0.05376995727419853 -0.07571780681610107 -0.044947341084480286 0.0023411435540765524 -0.09926607459783554 0.01992197334766388 -0.034889210015535355 0.013600463047623634 -0.0021181779447942972 0.01858166977763176 0.01307718176394701 -0.026925576850771904 0.026198433712124825 -0.02003345638513565 0.011751201003789902 -0.057610999792814255 0.05044296011328697 -0.038024768233299255 -0.06439205259084702 -0.11339233070611954 0.009756645187735558 -0.022685138508677483 0.00024514126834153133 0.000887124266270695 0.005855454196188451 0.013083461367694456 0.2502037903544422 0.6692539739260381 0.6247959114436097 0.7378209113529945 0.9335586951474728 -2.27735 -2.1718006 -1.9942431 -1.8551397 -1.7576959 -1.430439 -1.5143001 -1.574024 -1.7204397 -3.199651 -3.0245218 -2.7232125 -2.470651 -1.7982644 -1.6853602 -1.8333594 -1.973991 -2.1797733
0 400 -0.09794045239686966 0.009027172811329365 -0.02767999842762947 -0.07205476611852646 -0.1084405705332756 0.06359066814184189 -0.017961513251066208 0.010216978378593922 0.01027011126279831 0.046373602002859116 -0.005509409587830305 0.017783693969249725 0.021155742928385735 0.0017909921007230878 -0.01859092526137829 0.0325576514005661 -0.11420800536870956 -0.015546896494925022 -0.005685026757419109 -0.020270418375730515 -0.05891311913728714 -0.008712355978786945 0.06425117701292038 -0.010880961082875729 0.017163634300231934 0.033469054847955704 -0.028140902519226074 0.024170508608222008 -0.009684908203780651 -0.03254365548491478 0.01760352961719036 0.13928845524787903 -0.03868411108851433 0.013617490418255329 0.09133587032556534 0.04648185521364212 -0.04758697748184204 -0.005793207790702581 -0.09270241111516953 0.0250009223818779 -0.11538517475128174 -0.10694830864667892 -0.038463376462459564 -0.002979643177241087 -0.06063782423734665 -0.02293875440955162 -0.03886856883764267 -0.004030601121485233 -0.056239258497953415 -0.0034028117079287767 0.011589421890676022 -0.059384893625974655 0.047380153089761734 0.003801478771492839 -0.013791035860776901 -0.025495272129774094 0.014949136413633823 -0.04981161281466484 -0.11161965876817703 -0.03118802048265934 -0.05680986866354942 0.02778005041182041 -0.009721245616674423 -0.056432437151670456 -0.07061999291181564 -0.07010480761528015 -0.09220883995294571 -0.053271930664777756 -0.024664852768182755 -0.138181671500206 -0.05506790429353714 0.026252062991261482 -0.017391595989465714 -0.044808294624090195 -0.06309816986322403 -0.03745611757040024 0.0019509528065100312 -0.08272172510623932 0.016601644456386566 -0.02907434105873108 0.01133371889591217 -0.0017651482485234737 0.015484724193811417 0.010897651314735413 -0.02243798039853573 0.021832026541233063 -0.01669454574584961 0.009792666882276535 -0.04800916463136673 0.042035799473524094 -0.03168730437755585 -0.05366004258394241 -0.09449360519647598 0.00813053734600544 -0.01890428178012371 0.0023916673515364173 0.0041709039608249674 0.02520600842687446 0.08415138575690351 0.5796522532037147 0.8715740009762937 0.9073324935104043 0.9486676484079934 0.9856980879468792 -1.9208663 -1.7982244 -1.6328926 -1.5069716 -1.639858 -1.4167118 -1.4033667 -1.4394897 -1.6057835 -2.5573494 -2.3308065 -2.0516813 -1.7996585 -1.5744585 -1.438344 -1.600711 -1.7803283 -2.0261564
1 400 -0.09794045239686966 0.009027172811329365 -0.02767999842762947 -0.07205476611852646 -0.1084405705332756 0.06359066814184189 -0.017961513251066208 0.010216978378593922 0.01027011126279831 0.046373602002859116 -0.005509409587830305 0.017783693969249725 0.021155742928385735 0.0017909921007230878 -0.01859092526137829 0.0325576514005661 -0.11420800536870956 -0.015546896494925022 -0.005685026757419109 -0.020270418375730515 -0.05891311913728714 -0.008712355978786945 0.06425117701292038 -0.010880961082875729 0.017163634300231934 0.033469054847955704 -0.028140902519226074 0.024170508608222008 -0.009684908203780651 -0.03254365548491478 0.01760352961719036 0.13928845524787903 -0.03868411108851433 0.013617490418255329 0.09133587032556534 0.04648185521364212 -0.04758697748184204 -0.005793207790702581 -0.09270241111516953 0.0250009223818779 -0.11538517475128174 -0.10694830864667892 -0.038463376462459564 -0.002979643177241087 -0.06063782423734665 -0.02293875440955162 -0.03886856883764267 -0.004030601121485233 -0.056239258497953415 -0.0034028117079287767 0.011589421890676022 -0.059384893625974655 0.047380153089761734 0.003801478771492839 -0.013791035860776901 -0.025495272129774094 0.014949136413633823 -0.04981161281466484 -0.11161965876817703 -0.03118802048265934 -0.05680986866354942 0.02778005041182041 -0.009721245616674423 -0.056432437151670456 -0.07061999291181564 -0.07010480761528015 -0.09220883995294571 -0.053271930664777756 -0.024664852768182755 -0.138181671500206 -0.05506790429353714 0.026252062991261482 -0.017391595989465714 -0.044808294624090195 -0.06309816986322403 -0.03745611757040024 0.0019509528065100312 -0.08272172510623932 0.016601644456386566 -0.02907434105873108 0.01133371889591217 -0.0017651482485234737 0.015484724193811417 0.010897651314735413 -0.02243798039853573 0.021832026541233063 -0.01669454574584961 0.009792666882276535 -0.04800916463136673 0.042035799473524094 -0.03168730437755585 -0.05366004258394241 -0.09449360519647598 0.00813053734600544 -0.01890428178012371 0.00021895654803027843 0.0012391212917778963 0.005021569393681662 0.010271481287687286 0.1801297682077425 0.4897463148501945 0.7877595471593645 0.8942479409079592 0.9499785904382222 -1.9107134 -1.8339047 -1.6402645 -1.4865503 -1.5855134 -1.3044769 -1.3579619 -1.4395944 -1.5334009 -2.4785955 -2.3707802 -2.0259345 -1.728386 -1.2915745 -1.4971831 -1.635234 -1.8154142 -2.0190926
2 400 -0.09794045239686966 0.009027172811329365 -0.02767999842762947 -0.07205476611852646 -0.1084405705332756 0.06359066814184189 -0.017961513251066208 0.010216978378593922 0.01027011126279831 0.046373602002859116 -0.005509409587830305 0.017783693969249725 0.021155742928385735 0.0017909921007230878 -0.01859092526137829 0.0325576514005661 -0.11420800536870956 -0.015546896494925022 -0.005685026757419109 -0.020270418375730515 -0.05891311913728714 -0.008712355978786945 0.06425117701292038 -0.010880961082875729 0.017163634300231934 0.033469054847955704 -0.028140902519226074 0.024170508608222008 -0.009684908203780651 -0.03254365548491478 0.01760352961719036 0.13928845524787903 -0.03868411108851433 0.013617490418255329 0.09133587032556534 0.04648185521364212 -0.04758697748184204 -0.005793207790702581 -0.09270241111516953 0.0250009223818779 -0.11538517475128174 -0.10694830864667892 -0.038463376462459564 -0.002979643177241087 -0.06063782423734665 -0.02293875440955162 -0.03886856883764267 -0.004030601121485233 -0.056239258497953415 -0.0034028117079287767 0.011589421890676022 -0.059384893625974655 0.047380153089761734 0.003801478771492839 -0.013791035860776901 -0.025495272129774094 0.014949136413633823 -0.04981161281466484 -0.11161965876817703 -0.03118802048265934 -0.05680986866354942 0.02778005041182041 -0.009721245616674423 -0.056432437151670456 -0.07061999291181564 -0.07010480761528015 -0.09220883995294571 -0.053271930664777756 -0.024664852768182755 -0.138181671500206 -0.05506790429353714 0.026252062991261482 -0.017391595989465714 -0.044808294624090195 -0.06309816986322403 -0.03745611757040024 0.0019509528065100312 -0.08272172510623932 0.016601644456386566 -0.02907434105873108 0.01133371889591217 -0.0017651482485234737 0.015484724193811417 0.010897651314735413 -0.02243798039853573 0.021832026541233063 -0.01669454574584961 0.009792666882276535 -0.04800916463136673 0.042035799473524094 -0.03168730437755585 -0.05366004258394241 -0.09449360519647598 0.00813053734600544 -0.01890428178012371 0.00046051722515435926 0.00166013380775764 0.009622021885783271 0.024213873948268044 0.24411739507786978 0.6693992770445227 0.6734502819798412 0.7864067243963737 0.9313571628795692 -2.0782747 -1.9730136 -1.8068526 -1.6564544 -1.5942725 -1.3045794 -1.3513551 -1.4044628 -1.5681409 -2.825158 -2.650513 -2.3684065 -2.0968282 -1.5908533 -1.4836493 -1.5706381 -1.7261351 -1.9721749
0 400 -0.07835236191749573 0.007221738342195749 -0.022143999114632607 -0.05764381214976311 -0.08675245940685272 0.05087253451347351 -0.014369211159646511 0.008173583075404167 0.008216089569032192 0.03709888085722923 -0.004407527856528759 0.014226955361664295 0.016924595460295677 0.0014327936805784702 -0.014872740022838116 0.02604612149298191 -0.09136640280485153 -0.012437517754733562 -0.004548021592199802 -0.0162163358181715 -0.04713049530982971 -0.006969884969294071 0.051400940865278244 -0.008704769425094128 0.013730907812714577 0.026775244623422623 -0.02251272276043892 0.019336408004164696 -0.007747926749289036 -0.026034925132989883 0.014082823880016804 0.11143076419830322 -0.030947288498282433 0.010893992148339748 0.07306870073080063 0.037185486406087875 -0.03806958347558975 -0.004634566139429808 -0.07416193187236786 0.02000073902308941 -0.09230814129114151 -0.08555864542722702 -0.03077070228755474 -0.0023837145417928696 -0.04851026087999344 -0.018351003527641296 -0.031094854697585106 -0.0032244808971881866 -0.04499140754342079 -0.0027222493663430214 0.009271537885069847 -0.047507915645837784 0.037904124706983566 0.0030411831103265285 -0.01103282906115055 -0.020396217703819275 0.011959309689700603 -0.03984929248690605 -0.08929572999477386 -0.024950416758656502 -0.04544789716601372 0.02222404070198536 -0.007776996586471796 -0.045145951211452484 -0.056495994329452515 -0.05608384683728218 -0.07376707345247269 -0.042617544531822205 -0.019731882959604263 -0.1105453372001648 -0.04405432567000389 0.021001650020480156 -0.013913276605308056 -0.035846635699272156 -0.05047853663563728 -0.02996489405632019 0.0015607622917741537 -0.0661773830652237 0.013281315565109253 -0.023259473964571953 0.009066975675523281 -0.001412118668667972 0.012387779541313648 0.008718120865523815 -0.017950383946299553 0.01746562123298645 -0.013355636969208717 0.007834133692085743 -0.0384073331952095 0.033628638833761215 -0.025349844247102737 -0.04292803630232811 -0.07559488713741302 0.006504429969936609 -0.015123425982892513 0.0049369167562733325 0.01361813895547029 0.057685577032362864 0.344932329412322 0.5716393527859709 0.832080477815455 0.8831489421095479 0.9398453435970495 0.9815550475208354 -1.7252204 -1.6133974 -1.4707656 -1.4677624 -1.4764256 -1.2894716 -1.2661357 -1.3239913 -1.4685006 -2.191951 -1.998053 -1.7552576 -1.4662213 -1.367058 -1.2484984 -1.4242166 -1.6040376 -1.8497314
1 400 -0.07835236191749573 0.007221738342195749 -0.022143999114632607 -0.05764381214976311 -0.08675245940685272 0.05087253451347351 -0.014369211159646511 0.008173583075404167 0.008216089569032192 0.03709888085722923 -0.004407527856528759 0.014226955361664295 0.016924595460295677 0.0014327936805784702 -0.014872740022838116 0.02604612149298191 -0.09136640280485153 -0.012437517754733562 -0.004548021592199802 -0.0162163358181715 -0.04713049530982971 -0.006969884969294071 0.051400940865278244 -0.008704769425094128 0.013730907812714577 0.026775244623422623 -0.02251272276043892 0.019336408004164696 -0.007747926749289036 -0.026034925132989883 0.014082823880016804 0.11143076419830322 -0.030947288498282433 0.010893992148339748 0.07306870073080063 0.037185486406087875 -0.03806958347558975 -0.004634566139429808 -0.07416193187236786 0.02000073902308941 -0.09230814129114151 -0.08555864542722702 -0.03077070228755474 -0.0023837145417928696 -0.04851026087999344 -0.018351003527641296 -0.031094854697585106 -0.0032244808971881866 -0.04499140754342079 -0.0027222493663430214 0.009271537885069847 -0.047507915645837784 0.037904124706983566 0.0030411831103265285 -0.01103282906115055 -0.020396217703819275 0.011959309689700603 -0.03984929248690605 -0.08929572999477386 -0.024950416758656502 -0.04544789716601372 0.02222404070198536 -0.007776996586471796 -0.045145951211452484 -0.056495994329452515 -0.05608384683728218 -0.07376707345247269 -0.042617544531822205 -0.019731882959604263 -0.1105453372001648 -0.04405432567000389 0.021001650020480156 -0.013913276605308056 -0.035846635699272156 -0.05047853663563728 -0.02996489405632019 0.0015607622917741537 -0.0661773830652237 0.013281315565109253 -0.023259473964571953 0.009066975675523281 -0.001412118668667972 0.012387779541313648 0.008718120865523815 -0.017950383946299553 0.01746562123298645 -0.013355636969208717 0.007834133692085743 -0.0384073331952095 0.033628638833761215 -0.025349844247102737 -0.04292803630232811 -0.07559488713741302 0.006504429969936609 -0.015123425982892513 0.0005956502552854326 0.0026828475912010984 0.00801859782209715 0.033805577693353246 0.18703967004919045 0.503345885466629 0.777984847181528 0.8884763984383257 0.9540007313063237 -1.7408767 -1.6446853 -1.4729521 -1.404085 -1.4149997 -1.2052472 -1.2692897 -1.3507348 -1.4538724 -2.1704955 -2.0191178 -1.7097402 -1.3783057 -1.1056987 -1.3041207 -1.4601022 -1.6398634 -1.8654546
2 400 -0.07835236191749573 0.007221738342195749 -0.022143999114632607 -0.05764381214976311 -0.08675245940685272 0.05087253451347351 -0.014369211159646511 0.008173583075404167 0.008216089569032192 0.03709888085722923 -0.004407527856528759 0.014226955361664295 0.016924595460295677 0.0014327936805784702 -0.014872740022838116 0.02604612149298191 -0.09136640280485153 -0.012437517754733562 -0.004548021592199802 -0.0162163358181715 -0.04713049530982971 -0.006969884969294071 0.051400940865278244 -0.008704769425094128 0.013730907812714577 0.026775244623422623 -0.02251272276043892 0.019336408004164696 -0.007747926749289036 -0.026034925132989883 0.014082823880016804 0.11143076419830322 -0.030947288498282433 0.010893992148339748 0.07306870073080063 0.037185486406087875 -0.03806958347558975 -0.004634566139429808 -0.07416193187236786 0.02000073902308941 -0.09230814129114151 -0.08555864542722702 -0.03077070228755474 -0.0023837145417928696 -0.04851026087999344 -0.018351003527641296 -0.031094854697585106 -0.0032244808971881866 -0.04499140754342079 -0.0027222493663430214 0.009271537885069847 -0.047507915645837784 0.037904124706983566 0.0030411831103265285 -0.01103282906115055 -0.020396217703819275 0.011959309689700603 -0.03984929248690605 -0.08929572999477386 -0.024950416758656502 -0.04544789716601372 0.02222404070198536 -0.007776996586471796 -0.045145951211452484 -0.056495994329452515 -0.05608384683728218 -0.07376707345247269 -0.042617544531822205 -0.019731882959604263 -0.1105453372001648 -0.04405432567000389 0.021001650020480156 -0.013913276605308056 -0.035846635699272156 -0.05047853663563728 -0.02996489405632019 0.0015607622917741537 -0.0661773830652237 0.013281315565109253 -0.023259473964571953 0.009066975675523281 -0.001412118668667972 0.012387779541313648 0.008718120865523815 -0.017950383946299553 0.01746562123298645 -0.013355636969208717 0.007834133692085743 -0.0384073331952095 0.033628638833761215 -0.025349844247102737 -0.04292803630232811 -0.07559488713741302 0.006504429969936609 -0.015123425982892513 0.0008608169712083413 0.003108513473529492 0.015766592079125504 0.0444916007558399 0.23779794875865315 0.6135610346765223 0.6201209946676269 0.7762674269550756 0.9129557711423155 -1.8803697 -1.7749219 -1.6243303 -1.4582162 -1.4309585 -1.1946763 -1.2369998 -1.3154485 -1.4308603 -2.4528399 -2.277897 -2.0231287 -1.7239419 -1.3836944 -1.294454 -1.3780525 -1.5502876 -1.7954911
0 400 -0.058764275163412094 0.005416303873062134 -0.016607999801635742 -0.043232861906290054 -0.06506434828042984 0.03815440088510513 -0.01077690813690424 0.006130187306553125 0.0061620669439435005 0.0278241615742445 -0.0033056458923965693 0.010670216754078865 0.01269344612956047 0.0010745952604338527 -0.011154555715620518 0.01953459158539772 -0.0685248076915741 -0.009328138083219528 -0.003411016194149852 -0.012162251397967339 -0.035347871482372284 -0.005227413959801197 0.03855070844292641 -0.006528576835989952 0.01029818132519722 0.02008143439888954 -0.016884543001651764 0.014502305537462234 -0.0058109452947974205 -0.019526194781064987 0.010562118142843246 0.08357307314872742 -0.023210467770695686 0.008170494809746742 0.05480152368545532 0.027889113873243332 -0.028552187606692314 -0.0034759247209876776 -0.055621448904275894 0.01500055380165577 -0.06923110783100128 -0.06416898965835571 -0.02307802625000477 -0.001787786022759974 -0.03638269752264023 -0.013763253577053547 -0.02332114242017269 -0.00241836067289114 -0.03374355658888817 -0.002041687024757266 0.006953653413802385 -0.03563093766570091 0.0284280925989151 0.0022808874491602182 -0.0082746222615242 -0.01529716420918703 0.008969482034444809 -0.029886968433856964 -0.0669718012213707 -0.018712813034653664 -0.034085921943187714 0.016668030992150307 -0.005832747556269169 -0.03385946527123451 -0.042371995747089386 -0.04206288605928421 -0.055325306951999664 -0.03196315839886665 -0.014798912219703197 -0.0829090029001236 -0.033040743321180344 0.01575123891234398 -0.010434958152472973 -0.026884978637099266 -0.03785890340805054 -0.022473670542240143 0.0011705717770382762 -0.04963303729891777 0.00996098667383194 -0.017444605007767677 0.006800231523811817 -0.0010590889723971486 0.00929083488881588 0.006538590881973505 -0.013462788425385952 0.013099216856062412 -0.010016728192567825 0.005875600501894951 -0.028805499896407127 0.025221480056643486 -0.019012384116649628 -0.03219602629542351 -0.05669616535305977 0.004878322593867779 -0.011342569254338741 0.009206102864039728 0.03254523195541915 0.12215829974029409 0.404387742135402 0.5640192617309168 0.7835572142823684 0.8658576237860934 0.9363117396323415 0.9776329231756187 -1.52675 -1.4212337 -1.3048595 -1.3084159 -1.312875 -1.1622326 -1.1533724 -1.2350752 -1.3465014 -1.8185617 -1.643493 -1.4504311 -1.1982378 -1.1594163 -1.0585237 -1.2480346 -1.4283456 -1.673442
1 400 -0.058764275163412094 0.005416303873062134 -0.016607999801635742 -0.043232861906290054 -0.06506434828042984 0.03815440088510513 -0.01077690813690424 0.006130187306553125 0.0061620669439435005 0.0278241615742445 -0.0033056458923965693 0.010670216754078865 0.01269344612956047 0.0010745952604338527 -0.011154555715620518 0.01953459158539772 -0.0685248076915741 -0.009328138083219528 -0.003411016194149852 -0.012162251397967339 -0.035347871482372284 -0.005227413959801197 0.03855070844292641 -0.006528576835989952 0.01029818132519722 0.02008143439888954 -0.016884543001651764 0.014502305537462234 -0.0058109452947974205 -0.019526194781064987 0.010562118142843246 0.08357307314872742 -0.023210467770695686 0.008170494809746742 0.05480152368545532 0.027889113873243332 -0.028552187606692314 -0.0034759247209876776 -0.055621448904275894 0.01500055380165577 -0.06923110783100128 -0.06416898965835571 -0.02307802625000477 -0.001787786022759974 -0.03638269752264023 -0.013763253577053547 -0.02332114242017269 -0.00241836067289114 -0.03374355658888817 -0.002041687024757266 0.006953653413802385 -0.03563093766570091 0.0284280925989151 0.0022808874491602182 -0.0082746222615242 -0.01529716420918703 0.008969482034444809 -0.029886968433856964 -0.0669718012213707 -0.018712813034653664 -0.034085921943187714 0.016668030992150307 -0.005832747556269169 -0.03385946527123451 -0.042371995747089386 -0.04206288605928421 -0.055325306951999664 -0.03196315839886665 -0.014798912219703197 -0.0829090029001236 -0.033040743321180344 0.01575123891234398 -0.010434958152472973 -0.026884978637099266 -0.03785890340805054 -0.022473670542240143 0.0011705717770382762 -0.04963303729891777 0.00996098667383194 -0.017444605007767677 0.006800231523811817 -0.0010590889723971486 0.00929083488881588 0.006538590881973505 -0.013462788425385952 0.013099216856062412 -0.010016728192567825 0.005875600501894951 -0.028805499896407127 0.025221480056643486 -0.019012384116649628 -0.03219602629542351 -0.05669616535305977 0.004878322593867779 -0.011342569254338741 0.0019037648274103094 0.005800205506548862 0.015303875428097986 0.05718445982462522 0.20122540942492803 0.5019499413626378 0.767270527520851 0.8823031692074846 0.9571445909614854 -1.5837184 -1.4556143 -1.3002999 -1.2563707 -1.247874 -1.1020672 -1.1802379 -1.2618186 -1.3734323 -1.8912207 -1.6677523 -1.3875777 -1.1511339 -0.92806053 -1.1018441 -1.2841405 -1.4641713 -1.7096868
2 400 -0.058764275163412094 0.005416303873062134 -0.016607999801635742 -0.043232861906290054 -0.06506434828042984 0.03815440088510513 -0.01077690813690424 0.006130187306553125 0.0061620669439435005 0.0278241615742445 -0.0033056458923965693 0.010670216754078865 0.01269344612956047 0.0010745952604338527 -0.011154555715620518 0.01953459158539772 -0.0685248076915741 -0.009328138083219528 -0.003411016194149852 -0.012162251397967339 -0.035347871482372284 -0.005227413959801197 0.03855070844292641 -0.006528576835989952 0.01029818132519722 0.02008143439888954 -0.016884543001651764 0.014502305537462234 -0.0058109452947974205 -0.019526194781064987 0.010562118142843246 0.08357307314872742 -0.023210467770695686 0.008170494809746742 0.05480152368545532 0.027889113873243332 -0.028552187606692314 -0.0034759247209876776 -0.055621448904275894 0.01500055380165577 -0.06923110783100128 -0.06416898965835571 -0.02307802625000477 -0.001787786022759974 -0.03638269752264023 -0.013763253577053547 -0.02332114242017269 -0.00241836067289114 -0.03374355658888817 -0.002041687024757266 0.006953653413802385 -0.03563093766570091 0.0284280925989151 0.0022808874491602182 -0.0082746222615242 -0.01529716420918703 0.008969482034444809 -0.029886968433856964 -0.0669718012213707 -0.018712813034653664 -0.034085921943187714 0.016668030992150307 -0.005832747556269169 -0.03385946527123451 -0.042371995747089386 -0.04206288605928421 -0.055325306951999664 -0.03196315839886665 -0.014798912219703197 -0.0829090029001236 -0.033040743321180344 0.01575123891234398 -0.010434958152472973 -0.026884978637099266 -0.03785890340805054 -0.022473670542240143 0.0011705717770382762 -0.04963303729891777 0.00996098667383194 -0.017444605007767677 0.006800231523811817 -0.0010590889723971486 0.00929083488881588 0.006538590881973505 -0.013462788425385952 0.013099216856062412 -0.010016728192567825 0.005875600501894951 -0.028805499896407127 0.025221480056643486 -0.019012384116649628 -0.03219602629542351 -0.05669616535305977 0.004878322593867779 -0.011342569254338741 0.0016174843103824446 0.005811886467791768 0.025705777769322848 0.07505583326944923 0.23190360984277092 0.5700849166518515 0.589165609732552 0.7656883306621072 0.9066769674623715 -1.6817555 -1.5765452 -1.4420503 -1.274225 -1.2675261 -1.1001625 -1.1449333 -1.2265748 -1.338001 -2.0792692 -1.904717 -1.6782985 -1.3771482 -1.1762941 -1.1048622 -1.194499 -1.3747015 -1.619798
0 400 -0.039176180958747864 0.0036108691710978746 -0.011071999557316303 -0.028821906074881554 -0.04337622970342636 0.025436267256736755 -0.0071846055798232555 0.004086791537702084 0.004108044784516096 0.018549440428614616 -0.0022037639282643795 0.007113477680832148 0.008462297730147839 0.0007163968402892351 -0.007436370011419058 0.013023060746490955 -0.045683201402425766 -0.006218758877366781 -0.002274010796099901 -0.00810816790908575 -0.023565247654914856 -0.0034849424846470356 0.025700470432639122 -0.004352384712547064 0.006865453906357288 0.013387622311711311 -0.01125636138021946 0.009668204002082348 -0.003873963374644518 -0.013017462566494942 0.007041411940008402 0.05571538209915161 -0.015473644249141216 0.005446996074169874 0.036534350365400314 0.018592743203043938 -0.019034791737794876 -0.002317283069714904 -0.03708096593618393 0.010000369511544704 -0.046154070645570755 -0.04277932271361351 -0.01538535114377737 -0.0011918572708964348 -0.02425513043999672 -0.009175501763820648 -0.015547427348792553 -0.0016122404485940933 -0.022495703771710396 -0.0013611246831715107 0.0046357689425349236 -0.023753957822918892 0.018952062353491783 0.0015205915551632643 -0.005516414530575275 -0.010198108851909637 0.005979654844850302 -0.019924646243453026 -0.04464786499738693 -0.012475208379328251 -0.02272394858300686 0.01111202035099268 -0.003888498293235898 -0.022572975605726242 -0.028247997164726257 -0.02804192341864109 -0.03688353672623634 -0.021308772265911102 -0.009865941479802132 -0.0552726686000824 -0.022027162835001945 0.010500825010240078 -0.006956638302654028 -0.017923317849636078 -0.02523926831781864 -0.014982447028160095 0.0007803811458870769 -0.03308869153261185 0.0066406577825546265 -0.011629736982285976 0.0045334878377616405 -0.000706059334333986 0.006193889770656824 0.004359060432761908 -0.008975191973149776 0.008732810616493225 -0.006677818484604359 0.0039170668460428715 -0.01920366659760475 0.016814319416880608 -0.012674922123551369 -0.021464018151164055 -0.03779744356870651 0.0032522149849683046 -0.007561712991446257 0.01833699288817571 0.07298952618787152 0.169595803321621 0.4121114247302187 0.5557206174663222 0.7305799080265866 0.8587064616394257 0.9325371722091464 0.9762695545507639 -1.345285 -1.2917175 -1.1449928 -1.1451061 -1.1495018 -1.0304016 -1.0644845 -1.145995 -1.257515 -1.4456284 -1.2835416 -1.1466739 -0.97631776 -0.95213664 -0.8748132 -1.0724131 -1.2523134 -1.4976193
1 400 -0.039176180958747864 0.0036108691710978746 -0.011071999557316303 -0.028821906074881554 -0.04337622970342636 0.025436267256736755 -0.0071846055798232555 0.004086791537702084 0.004108044784516096 0.018549440428614616 -0.0022037639282643795 0.007113477680832148 0.008462297730147839 0.0007163968402892351 -0.007436370011419058 0.013023060746490955 -0.045683201402425766 -0.006218758877366781 -0.002274010796099901 -0.00810816790908575 -0.023565247654914856 -0.0034849424846470356 0.025700470432639122 -0.004352384712547064 0.006865453906357288 0.013387622311711311 -0.01125636138021946 0.009668204002082348 -0.003873963374644518 -0.013017462566494942 0.007041411940008402 0.05571538209915161 -0.015473644249141216 0.005446996074169874 0.036534350365400314 0.018592743203043938 -0.019034791737794876 -0.002317283069714904 -0.03708096593618393 0.010000369511544704 -0.046154070645570755 -0.04277932271361351 -0.01538535114377737 -0.0011918572708964348 -0.02425513043999672 -0.009175501763820648 -0.015547427348792553 -0.0016122404485940933 -0.022495703771710396 -0.0013611246831715107 0.0046357689425349236 -0.023753957822918892 0.018952062353491783 0.0015205915551632643 -0.005516414530575275 -0.010198108851909637 0.005979654844850302 -0.019924646243453026 -0.04464786499738693 -0.012475208379328251 -0.02272394858300686 0.01111202035099268 -0.003888498293235898 -0.022572975605726242 -0.028247997164726257 -0.02804192341864109 -0.03688353672623634 -0.021308772265911102 -0.009865941479802132 -0.0552726686000824 -0.022027162835001945 0.010500825010240078 -0.006956638302654028 -0.017923317849636078 -0.02523926831781864 -0.014982447028160095 0.0007803811458870769 -0.03308869153261185 0.0066406577825546265 -0.011629736982285976 0.0045334878377616405 -0.000706059334333986 0.006193889770656824 0.004359060432761908 -0.008975191973149776 0.008732810616493225 -0.006677818484604359 0.0039170668460428715 -0.01920366659760475 0.016814319416880608 -0.012674922123551369 -0.021464018151164055 -0.03779744356870651 0.0032522149849683046 -0.007561712991446257 0.00607190542073396 0.01631928688780185 0.03765818343338156 0.09919518191371052 0.2512302140597022 0.5241853907097686 0.7562288972675345 0.8760317811591445 0.9546315381729381 -1.4264548 -1.2914813 -1.1755444 -1.1110482 -1.0969208 -1.003253 -1.0913217 -1.1728185 -1.2845727 -1.6117586 -1.3719068 -1.1658835 -0.96612346 -0.7867513 -0.9104471 -1.1084484 -1.2883592 -1.5341359
2 400 -0.039176180958747864 0.0036108691710978746 -0.011071999557316303 -0.028821906074881554 -0.04337622970342636 0.025436267256736755 -0.0071846055798232555 0.004086791537702084 0.004108044784516096 0.018549440428614616 -0.0022037639282643795 0.007113477680832148 0.008462297730147839 0.0007163968402892351 -0.007436370011419058 0.013023060746490955 -0.045683201402425766 -0.006218758877366781 -0.002274010796099901 -0.00810816790908575 -0.023565247654914856 -0.0034849424846470356 0.025700470432639122 -0.004352384712547064 0.006865453906357288 0.013387622311711311 -0.01125636138021946 0.009668204002082348 -0.003873963374644518 -0.013017462566494942 0.007041411940008402 0.05571538209915161 -0.015473644249141216 0.005446996074169874 0.036534350365400314 0.018592743203043938 -0.019034791737794876 -0.002317283069714904 -0.03708096593618393 0.010000369511544704 -0.046154070645570755 -0.04277932271361351 -0.01538535114377737 -0.0011918572708964348 -0.02425513043999672 -0.009175501763820648 -0.015547427348792553 -0.0016122404485940933 -0.022495703771710396 -0.0013611246831715107 0.0046357689425349236 -0.023753957822918892 0.018952062353491783 0.0015205915551632643 -0.005516414530575275 -0.010198108851909637 0.005979654844850302 -0.019924646243453026 -0.04464786499738693 -0.012475208379328251 -0.02272394858300686 0.01111202035099268 -0.003888498293235898 -0.022572975605726242 -0.028247997164726257 -0.02804192341864109 -0.03688353672623634 -0.021308772265911102 -0.009865941479802132 -0.0552726686000824 -0.022027162835001945 0.010500825010240078 -0.006956638302654028 -0.017923317849636078 -0.02523926831781864 -0.014982447028160095 0.0007803811458870769 -0.03308869153261185 0.0066406577825546265 -0.011629736982285976 0.0045334878377616405 -0.000706059334333986 0.006193889770656824 0.004359060432761908 -0.008975191973149776 0.008732810616493225 -0.006677818484604359 0.0039170668460428715 -0.01920366659760475 0.016814319416880608 -0.012674922123551369 -0.021464018151164055 -0.03779744356870651 0.0032522149849683046 -0.007561712991446257 0.0035964053507065935 0.01084189724268299 0.041668935078027124 0.10029609354704307 0.22611203044452755 0.5256916130346655 0.5744464762269463 0.7544534699837219 0.9013993820924197 -1.4975497 -1.3781624 -1.2596561 -1.1362777 -1.1040938 -1.0058129 -1.0560331 -1.1374946 -1.2490847 -1.7380961 -1.5315281 -1.3332586 -1.1147075 -0.96889377 -0.91561055 -1.0188468 -1.1986692 -1.4441059
0 400 -0.019588090479373932 0.0018054345855489373 -0.005535999778658152 -0.014410953037440777 -0.02168811485171318 0.012718133628368378 -0.0035923027899116278 0.002043395768851042 0.002054022392258048 0.009274720214307308 -0.0011018819641321898 0.003556738840416074 0.004231148865073919 0.00035819842014461756 -0.003718185005709529 0.006511530373245478 -0.022841600701212883 -0.0031093794386833906 -0.0011370053980499506 -0.004054083954542875 -0.011782623827457428 -0.0017424712423235178 0.012850235216319561 -0.002176192356273532 0.003432726953178644 0.006693811155855656 -0.00562818069010973 0.004834102001041174 -0.001936981687322259 -0.006508731283247471 0.003520705970004201 0.027857691049575806 -0.007736822124570608 0.002723498037084937 0.018267175182700157 0.009296371601521969 -0.009517395868897438 -0.001158641534857452 -0.018540482968091965 0.005000184755772352 -0.023077035322785378 -0.021389661356806755 -0.007692675571888685 -0.0005959286354482174 -0.01212756521999836 -0.004587750881910324 -0.0077737136743962765 -0.0008061202242970467 -0.011247851885855198 -0.0006805623415857553 0.0023178844712674618 -0.011876978911459446 0.009476031176745892 0.0007602957775816321 -0.0027582072652876377 -0.005099054425954819 0.002989827422425151 -0.009962323121726513 -0.022323932498693466 -0.0062376041896641254 -0.01136197429150343 0.00555601017549634 -0.001944249146617949 -0.011286487802863121 -0.014123998582363129 -0.014020961709320545 -0.01844176836311817 -0.010654386132955551 -0.004932970739901066 -0.0276363343000412 -0.011013581417500973 0.005250412505120039 -0.003478319151327014 -0.008961658924818039 -0.01261963415890932 -0.007491223514080048 0.00039019057294353843 -0.016544345766305923 0.0033203288912773132 -0.005814868491142988 0.0022667439188808203 -0.000353029667166993 0.003096944885328412 0.002179530216380954 -0.004487595986574888 0.0043664053082466125 -0.0033389092423021793 0.0019585334230214357 -0.009601833298802376 0.008407159708440304 -0.006337461061775684 -0.010732009075582027 -0.018898721784353256 0.0016261074924841523 -0.0037808564957231283 0.02668579115790888 0.07330548835498957 0.19783334885132434 0.40418757704749075 0.5474696082736842 0.6842073582032457 0.8512755471976666 0.9287074404411816 0.974852004173072 -1.2236083 -1.1281545 -1.0230212 -0.98167366 -0.9856846 -0.85230684 -0.9755264 -1.0570651 -1.1686202 -1.2512944 -1.0669285 -0.9123591 -0.76891744 -0.7442726 -0.6652053 -0.89666104 -1.0766318 -1.322003
1 400 -0.019588090479373932 0.0018054345855489373 -0.005535999778658152 -0.014410953037440777 -0.02168811485171318 0.012718133628368378 -0.0035923027899116278 0.002043395768851042 0.002054022392258048 0.009274720214307308 -0.0011018819641321898 0.003556738840416074 0.004231148865073919 0.00035819842014461756 -0.003718185005709529 0.006511530373245478 -0.022841600701212883 -0.0031093794386833906 -0.0011370053980499506 -0.004054083954542875 -0.011782623827457428 -0.0017424712423235178 0.012850235216319561 -0.002176192356273532 0.003432726953178644 0.006693811155855656 -0.00562818069010973 0.004834102001041174 -0.001936981687322259 -0.006508731283247471 0.003520705970004201 0.027857691049575806 -0.007736822124570608 0.002723498037084937 0.018267175182700157 0.009296371601521969 -0.009517395868897438 -0.001158641534857452 -0.018540482968091965 0.005000184755772352 -0.023077035322785378 -0.021389661356806755 -0.007692675571888685 -0.0005959286354482174 -0.01212756521999836 -0.004587750881910324 -0.0077737136743962765 -0.0008061202242970467 -0.011247851885855198 -0.0006805623415857553 0.0023178844712674618 -0.011876978911459446 0.009476031176745892 0.0007602957775816321 -0.0027582072652876377 -0.005099054425954819 0.002989827422425151 -0.009962323121726513 -0.022323932498693466 -0.0062376041896641254 -0.01136197429150343 0.00555601017549634 -0.001944249146617949 -0.011286487802863121 -0.014123998582363129 -0.014020961709320545 -0.01844176836311817 -0.010654386132955551 -0.004932970739901066 -0.0276363343000412 -0.011013581417500973 0.005250412505120039 -0.003478319151327014 -0.008961658924818039 -0.01261963415890932 -0.007491223514080048 0.00039019057294353843 -0.016544345766305923 0.0033203288912773132 -0.005814868491142988 0.0022667439188808203 -0.000353029667166993 0.003096944885328412 0.002179530216380954 -0.004487595986574888 0.0043664053082466125 -0.0033389092423021793 0.0019585334230214357 -0.009601833298802376 0.008407159708440304 -0.006337461061775684 -0.010732009075582027 -0.018898721784353256 0.0016261074924841523 -0.0037808564957231283 0.013857560575815305 0.03453859290254209 0.06949847740767265 0.16675906532632948 0.30892335639680946 0.5105788307496638 0.7449898776908178 0.8692710187454973 0.9518869288120317 -1.3139106 -1.1876644 -1.0882134 -0.965459 -0.94568765 -0.9139598 -1.0022113 -1.0839024 -1.1954925 -1.4117643 -1.1874211 -1.0106938 -0.78078204 -0.64521325 -0.7341726 -0.9323956 -1.112667 -1.3581036
2 400 -0.019588090479373932 0.0018054345855489373 -0.005535999778658152 -0.014410953037440777 -0.02168811485171318 0.012718133628368378 -0.0035923027899116278 0.002043395768851042 0.002054022392258048 0.009274720214307308 -0.0011018819641321898 0.003556738840416074 0.004231148865073919 0.00035819842014461756 -0.003718185005709529 0.006511530373245478 -0.022841600701212883 -0.0031093794386833906 -0.0011370053980499506 -0.004054083954542875 -0.011782623827457428 -0.0017424712423235178 0.012850235216319561 -0.002176192356273532 0.003432726953178644 0.006693811155855656 -0.00562818069010973 0.004834102001041174 -0.001936981687322259 -0.006508731283247471 0.003520705970004201 0.027857691049575806 -0.007736822124570608 0.002723498037084937 0.018267175182700157 0.009296371601521969 -0.009517395868897438 -0.001158641534857452 -0.018540482968091965 0.005000184755772352 -0.023077035322785378 -0.021389661356806755 -0.007692675571888685 -0.0005959286354482174 -0.01212756521999836 -0.004587750881910324 -0.0077737136743962765 -0.0008061202242970467 -0.011247851885855198 -0.0006805623415857553 0.0023178844712674618 -0.011876978911459446 0.009476031176745892 0.0007602957775816321 -0.0027582072652876377 -0.005099054425954819 0.002989827422425151 -0.009962323121726513 -0.022323932498693466 -0.0062376041896641254 -0.01136197429150343 0.00555601017549634 -0.001944249146617949 -0.011286487802863121 -0.014123998582363129 -0.014020961709320545 -0.01844176836311817 -0.010654386132955551 -0.004932970739901066 -0.0276363343000412 -0.011013581417500973 0.005250412505120039 -0.003478319151327014 -0.008961658924818039 -0.01261963415890932 -0.007491223514080048 0.00039019057294353843 -0.016544345766305923 0.0033203288912773132 -0.005814868491142988 0.0022667439188808203 -0.000353029667166993 0.003096944885328412 0.002179530216380954 -0.004487595986574888 0.0043664053082466125 -0.0033389092423021793 0.0019585334230214357 -0.009601833298802376 0.008407159708440304 -0.006337461061775684 -0.010732009075582027 -0.018898721784353256 0.0016261074924841523 -0.0037808564957231283 0.010445717803201918 0.0251575851927404 0.056269478909946276 0.13275322836945463 0.2231150076629716 0.48103013267911554 0.5598385902379982 0.7431252552563852 0.8959992010505171 -1.3525627 -1.2317874 -1.118648 -0.99826604 -0.9439233 -0.9113226 -0.96701187 -1.0486068 -1.1601549 -1.4804503 -1.2658292 -1.0647771 -0.85212946 -0.76114446 -0.7260977 -0.84298164 -1.0230478 -1.2684243
0 400 0.0 -0.0 0.0 0.0 0.0 -0.0 0.0 -0.0 -0.0 -0.0 0.0 -0.0 -0.0 -0.0 0.0 -0.0 0.0 0.0 0.0 0.0 0.0 0.0 -0.0 0.0 -0.0 -0.0 0.0 -0.0 0.0 0.0 -0.0 -0.0 0.0 -0.0 -0.0 -0.0 0.0 0.0 0.0 -0.0 0.0 0.0 0.0 0.0 0.0 0.0 0.0 0.0 0.0 0.0 -0.0 0.0 -0.0 -0.0 0.0 0.0 -0.0 0.0 0.0 0.0 0.0 -0.0 0.0 0.0 0.0 0.0 0.0 0.0 0.0 0.0 0.0 -0.0 0.0 0.0 0.0 0.0 -0.0 0.0 -0.0 0.0 -0.0 0.0 -0.0 -0.0 0.0 -0.0 0.0 -0.0 0.0 -0.0 0.0 0.0 0.0 -0.0 0.0 0.04005928573797189 0.1043245536929061 0.22990149374712165 0.44212258483402817 0.590140465129662 0.7052021005143219 0.854614235363471 0.9245819920714546 0.9741973190339283 -1.1245565 -1.0281806 -0.8072932 -0.66795903 -0.5767844 -0.53523374 -0.78138673 -0.9681139 -1.0762229 -1.1065575 -0.90401375 -0.6133988 -0.42976376 -0.3377225 -0.30995804 -0.6358547 -0.9008744 -1.1403391
1 400 0.0 -0.0 0.0 0.0 0.0 -0.0 0.0 -0.0 -0.0 -0.0 0.0 -0.0 -0.0 -0.0 0.0 -0.0 0.0 0.0 0.0 0.0 0.0 0.0 -0.0 0.0 -0.0 -0.0 0.0 -0.0 0.0 0.0 -0.0 -0.0 0.0 -0.0 -0.0 -0.0 0.0 0.0 0.0 -0.0 0.0 0.0 0.0 0.0 0.0 0.0 0.0 0.0 0.0 0.0 -0.0 0.0 -0.0 -0.0 0.0 0.0 -0.0 0.0 0.0 0.0 0.0 -0.0 0.0 0.0 0.0 0.0 0.0 0.0 0.0 0.0 0.0 -0.0 0.0 0.0 0.0 0.0 -0.0 0.0 -0.0 0.0 -0.0 0.0 -0.0 -0.0 0.0 -0.0 0.0 -0.0 0.0 -0.0 0.0 0.0 0.0 -0.0 0.0 0.019609271736195213 0.043238945796683234 0.10970273080890615 0.24863687923460484 0.34221819071161985 0.51949521828721 0.7333793760436845 0.862379849633927 0.9520219927186817 -1.1488789 -1.0059116 -0.98008025 -0.8201146 -0.73735857 -0.70926845 -0.91332346 -0.9949726 -1.1003115 -1.2052698 -0.9754977 -0.84848464 -0.5838171 -0.46413177 -0.46485543 -0.75677407 -0.9369855 -1.1717075
2 400 0.0 -0.0 0.0 0.0 0.0 -0.0 0.0 -0.0 -0.0 -0.0 0.0 -0.0 -0.0 -0.0 0.0 -0.0 0.0 0.0 0.0 0.0 0.0 0.0 -0.0 0.0 -0.0 -0.0 0.0 -0.0 0.0 0.0 -0.0 -0.0 0.0 -0.0 -0.0 -0.0 0.0 0.0 0.0 -0.0 0.0 0.0 0.0 0.0 0.0 0.0 0.0 0.0 0.0 0.0 -0.0 0.0 -0.0 -0.0 0.0 0.0 -0.0 0.0 0.0 0.0 0.0 -0.0 0.0 0.0 0.0 0.0 0.0 0.0 0.0 0.0 0.0 -0.0 0.0 0.0 0.0 0.0 -0.0 0.0 -0.0 0.0 -0.0 0.0 -0.0 -0.0 0.0 -0.0 0.0 -0.0 0.0 -0.0 0.0 0.0 0.0 -0.0 0.0 0.012369690596356835 0.03414914732323634 0.07053436486541391 0.16874654303867564 0.2550240163651047 0.46220306445750203 0.5448521680871817 0.7315162094789188 0.8902186370738179 -1.165206 -1.0654331 -0.9760525 -0.7590083 -0.67040366 -0.6914206 -0.878042 -0.9596486 -1.0711685 -1.2689785 -1.0617766 -0.8927349 -0.5887625 -0.46685034 -0.43534723 -0.6671901 -0.84729564 -1.0926015
0 400 0.019588090479373932 -0.0018054345855489373 0.005535999778658152 0.014410953037440777 0.02168811485171318 -0.012718133628368378 0.0035923027899116278 -0.002043395768851042 -0.002054022392258048 -0.009274720214307308 0.0011018819641321898 -0.003556738840416074 -0.004231148865073919 -0.00035819842014461756 0.003718185005709529 -0.006511530373245478 0.022841600701212883 0.0031093794386833906 0.0011370053980499506 0.004054083954542875 0.011782623827457428 0.0017424712423235178 -0.012850235216319561 0.002176192356273532 -0.003432726953178644 -0.006693811155855656 0.00562818069010973 -0.004834102001041174 0.001936981687322259 0.006508731283247471 -0.003520705970004201 -0.027857691049575806 0.007736822124570608 -0.002723498037084937 -0.018267175182700157 -0.009296371601521969 0.009517395868897438 0.001158641534857452 0.018540482968091965 -0.005000184755772352 0.023077035322785378 0.021389661356806755 0.007692675571888685 0.0005959286354482174 0.01212756521999836 0.004587750881910324 0.0077737136743962765 0.0008061202242970467 0.011247851885855198 0.0006805623415857553 -0.0023178844712674618 0.011876978911459446 -0.009476031176745892 -0.0007602957775816321 0.0027582072652876377 0.005099054425954819 -0.002989827422425151 0.009962323121726513 0.022323932498693466 0.0062376041896641254 0.01136197429150343 -0.00555601017549634 0.001944249146617949 0.011286487802863121 0.014123998582363129 0.014020961709320545 0.01844176836311817 0.010654386132955551 0.004932970739901066 0.0276363343000412 0.011013581417500973 -0.005250412505120039 0.003478319151327014 0.008961658924818039 0.01261963415890932 0.007491223514080048 -0.00039019057294353843 0.016544345766305923 -0.0033203288912773132 0.005814868491142988 -0.0022667439188808203 0.000353029667166993 -0.003096944885328412 -0.002179530216380954 0.004487595986574888 -0.0043664053082466125 0.0033389092423021793 -0.0019585334230214357 0.009601833298802376 -0.008407159708440304 0.006337461061775684 0.010732009075582027 0.018898721784353256 -0.0016261074924841523 0.0037808564957231283 0.037846853817133506 0.0995419503549028 0.23008458863155123 0.44466279001966597 0.5753762309195805 0.683327194043852 0.8494016300256497 0.9254276060555265 0.9728400752299629 -0.9554635 -0.8601235 -0.48170847 -0.22908515 -0.056908906 -0.19877845 -0.42859423 -0.6971453 -1.0113256 -0.93702567 -0.73487127 -0.32841265 0.004685849 0.15633133 0.04297006 -0.28083548 -0.6106777 -1.0119038
1 400 0.019588090479373932 -0.0018054345855489373 0.005535999778658152 0.014410953037440777 0.02168811485171318 -0.012718133628368378 0.0035923027899116278 -0.002043395768851042 -0.002054022392258048 -0.009274720214307308 0.0011018819641321898 -0.003556738840416074 -0.004231148865073919 -0.00035819842014461756 0.003718185005709529 -0.006511530373245478 0.022841600701212883 0.0031093794386833906 0.0011370053980499506 0.004054083954542875 0.011782623827457428 0.0017424712423235178 -0.012850235216319561 0.002176192356273532 -0.003432726953178644 -0.006693811155855656 0.00562818069010973 -0.004834102001041174 0.001936981687322259 0.006508731283247471 -0.003520705970004201 -0.027857691049575806 0.007736822124570608 -0.002723498037084937 -0.018267175182700157 -0.009296371601521969 0.009517395868897438 0.001158641534857452 0.018540482968091965 -0.005000184755772352 0.023077035322785378 0.021389661356806755 0.007692675571888685 0.0005959286354482174 0.01212756521999836 0.004587750881910324 0.0077737136743962765 0.0008061202242970467 0.011247851885855198 0.0006805623415857553 -0.0023178844712674618 0.011876978911459446 -0.009476031176745892 -0.0007602957775816321 0.0027582072652876377 0.005099054425954819 -0.002989827422425151 0.009962323121726513 0.022323932498693466 0.0062376041896641254 0.01136197429150343 -0.00555601017549634 0.001944249146617949 0.011286487802863121 0.014123998582363129 0.014020961709320545 0.01844176836311817 0.010654386132955551 0.004932970739901066 0.0276363343000412 0.011013581417500973 -0.005250412505120039 0.003478319151327014 0.008961658924818039 0.01261963415890932 0.007491223514080048 -0.00039019057294353843 0.016544345766305923 -0.0033203288912773132 0.005814868491142988 -0.0022667439188808203 0.000353029667166993 -0.003096944885328412 -0.002179530216380954 0.004487595986574888 -0.0043664053082466125 0.0033389092423021793 -0.0019585334230214357 0.009601833298802376 -0.008407159708440304 0.006337461061775684 0.010732009075582027 0.018898721784353256 -0.0016261074924841523 0.0037808564957231283 0.021773625526599068 0.04572545712985472 0.09669714427044318 0.28394470669026517 0.40155075050752664 0.5852947537061358 0.7827154834357058 0.8901048068734656 0.9632568525282083 -0.9694705 -0.8122539 -0.75864047 -0.43575823 -0.13704878 -0.32022458 -0.6281187 -0.85154426 -0.9856695 -1.0084485 -0.7687272 -0.6366234 -0.2310608 0.05185768 0.0141578615 -0.41045612 -0.7020841 -0.95396376
2 400 0.019588090479373932 -0.0018054345855489373 0.005535999778658152 0.014410953037440777 0.02168811485171318 -0.012718133628368378 0.0035923027899116278 -0.002043395768851042 -0.002054022392258048 -0.009274720214307308 0.0011018819641321898 -0.003556738840416074 -0.004231148865073919 -0.00035819842014461756 0.003718185005709529 -0.006511530373245478 0.022841600701212883 0.0031093794386833906 0.0011370053980499506 0.004054083954542875 0.011782623827457428 0.0017424712423235178 -0.012850235216319561 0.002176192356273532 -0.003432726953178644 -0.006693811155855656 0.00562818069010973 -0.004834102001041174 0.001936981687322259 0.006508731283247471 -0.003520705970004201 -0.027857691049575806 0.007736822124570608 -0.002723498037084937 -0.018267175182700157 -0.009296371601521969 0.009517395868897438 0.001158641534857452 0.018540482968091965 -0.005000184755772352 0.023077035322785378 0.021389661356806755 0.007692675571888685 0.0005959286354482174 0.01212756521999836 0.004587750881910324 0.0077737136743962765 0.0008061202242970467 0.011247851885855198 0.0006805623415857553 -0.0023178844712674618 0.011876978911459446 -0.009476031176745892 -0.0007602957775816321 0.0027582072652876377 0.005099054425954819 -0.002989827422425151 0.009962323121726513 0.022323932498693466 0.0062376041896641254 0.01136197429150343 -0.00555601017549634 0.001944249146617949 0.011286487802863121 0.014123998582363129 0.014020961709320545 0.01844176836311817 0.010654386132955551 0.004932970739901066 0.0276363343000412 0.011013581417500973 -0.005250412505120039 0.003478319151327014 0.008961658924818039 0.01261963415890932 0.007491223514080048 -0.00039019057294353843 0.016544345766305923 -0.0033203288912773132 0.005814868491142988 -0.0022667439188808203 0.000353029667166993 -0.003096944885328412 -0.002179530216380954 0.004487595986574888 -0.0043664053082466125 0.0033389092423021793 -0.0019585334230214357 0.009601833298802376 -0.008407159708440304 0.006337461061775684 0.010732009075582027 0.018898721784353256 -0.0016261074924841523 0.0037808564957231283 0.01270116410541253 0.035170255975290235 0.07530378043540599 0.18520071803569707 0.2740978706805349 0.3667068960030272 0.5747489655114294 0.7676905680816474 0.9090972562909925 -0.9611877 -0.8216732 -0.63825965 -0.24009061 -0.1878503 -0.24257693 -0.569691 -0.77931243 -0.9548591 -1.0546291 -0.8058207 -0.5646097 -0.060732394 0.018621504 -0.00037032366 -0.3141175 -0.5800571 -0.86989796
0 400 0.039176180958747864 -0.0036108691710978746 0.011071999557316303 0.028821906074881554 0.04337622970342636 -0.025436267256736755 0.0071846055798232555 -0.004086791537702084 -0.004108044784516096 -0.018549440428614616 0.0022037639282643795 -0.007113477680832148 -0.008462297730147839 -0.0007163968402892351 0.007436370011419058 -0.013023060746490955 0.045683201402425766 0.006218758877366781 0.002274010796099901 0.00810816790908575 0.023565247654914856 0.0034849424846470356 -0.025700470432639122 0.004352384712547064 -0.006865453906357288 -0.013387622311711311 0.01125636138021946 -0.009668204002082348 0.003873963374644518 0.013017462566494942 -0.007041411940008402 -0.05571538209915161 0.015473644249141216 -0.005446996074169874 -0.036534350365400314 -0.018592743203043938 0.019034791737794876 0.002317283069714904 0.03708096593618393 -0.010000369511544704 0.046154070645570755 0.04277932271361351 0.01538535114377737 0.0011918572708964348 0.02425513043999672 0.009175501763820648 0.015547427348792553 0.0016122404485940933 0.022495703771710396 0.0013611246831715107 -0.0046357689425349236 0.023753957822918892 -0.018952062353491783 -0.0015205915551632643 0.005516414530575275 0.010198108851909637 -0.005979654844850302 0.019924646243453026 0.04464786499738693 0.012475208379328251 0.02272394858300686 -0.01111202035099268 0.003888498293235898 0.022572975605726242 0.028247997164726257 0.02804192341864109 0.03688353672623634 0.021308772265911102 0.009865941479802132 0.0552726686000824 0.022027162835001945 -0.010500825010240078 0.006956638302654028 0.017923317849636078 0.02523926831781864 0.014982447028160095 -0.0007803811458870769 0.03308869153261185 -0.0066406577825546265 0.011629736982285976 -0.0045334878377616405 0.000706059334333986 -0.006193889770656824 -0.004359060432761908 0.008975191973149776 -0.008732810616493225 0.006677818484604359 -0.0039170668460428715 0.01920366659760475 -0.016814319416880608 0.012674922123551369 0.021464018151164055 0.03779744356870651 -0.0032522149849683046 0.007561712991446257 0.03950277949816835 0.11771487807093163 0.2421065367028611 0.33824388503573644 0.47432465655797346 0.6688872517878959 0.8375371040147461 0.9191613808171567 0.9678214960831013 -0.8124024 -0.48082203 -0.12993884 0.18081611 0.47446495 0.25948083 -0.080821574 -0.32695228 -0.8128654 -0.7841459 -0.35530618 0.031838268 0.427287 0.66346395 0.5571947 0.04235792 -0.2675657 -0.81369317
1 400 0.039176180958747864 -0.0036108691710978746 0.011071999557316303 0.028821906074881554 0.04337622970342636 -0.025436267256736755 0.0071846055798232555 -0.004086791537702084 -0.004108044784516096 -0.018549440428614616 0.0022037639282643795 -0.007113477680832148 -0.008462297730147839 -0.0007163968402892351 0.007436370011419058 -0.013023060746490955 0.045683201402425766 0.006218758877366781 0.002274010796099901 0.00810816790908575 0.023565247654914856 0.0034849424846470356 -0.025700470432639122 0.004352384712547064 -0.006865453906357288 -0.013387622311711311 0.01125636138021946 -0.009668204002082348 0.003873963374644518 0.013017462566494942 -0.007041411940008402 -0.05571538209915161 0.015473644249141216 -0.005446996074169874 -0.036534350365400314 -0.018592743203043938 0.019034791737794876 0.002317283069714904 0.03708096593618393 -0.010000369511544704 0.046154070645570755 0.04277932271361351 0.01538535114377737 0.0011918572708964348 0.02425513043999672 0.009175501763820648 0.015547427348792553 0.0016122404485940933 0.022495703771710396 0.0013611246831715107 -0.0046357689425349236 0.023753957822918892 -0.018952062353491783 -0.0015205915551632643 0.005516414530575275 0.010198108851909637 -0.005979654844850302 0.019924646243453026 0.04464786499738693 0.012475208379328251 0.02272394858300686 -0.01111202035099268 0.003888498293235898 0.022572975605726242 0.028247997164726257 0.02804192341864109 0.03688353672623634 0.021308772265911102 0.009865941479802132 0.0552726686000824 0.022027162835001945 -0.010500825010240078 0.006956638302654028 0.017923317849636078 0.02523926831781864 0.014982447028160095 -0.0007803811458870769 0.03308869153261185 -0.0066406577825546265 0.011629736982285976 -0.0045334878377616405 0.000706059334333986 -0.006193889770656824 -0.004359060432761908 0.008975191973149776 -0.008732810616493225 0.006677818484604359 -0.0039170668460428715 0.01920366659760475 -0.016814319416880608 0.012674922123551369 0.021464018151164055 0.03779744356870651 -0.0032522149849683046 0.007561712991446257 0.030986495358982007 0.08824109574285455 0.1670100330953739 0.3713857484097935 0.4488641264553584 0.6332876495361738 0.8157370508363756 0.8824082539900854 0.9512174318654886 -0.8803418 -0.55800724 -0.45220092 -0.21006185 0.22307694 -0.016074836 -0.32428372 -0.4700992 -0.8852405 -0.8797766 -0.4347045 -0.2617631 -0.011089474 0.3844863 0.29069164 -0.15987413 -0.35007927 -0.83049107
2 400 0.039176180958747864 -0.0036108691710978746 0.011071999557316303 0.028821906074881554 0.04337622970342636 -0.025436267256736755 0.0071846055798232555 -0.004086791537702084 -0.004108044784516096 -0.018549440428614616 0.0022037639282643795 -0.007113477680832148 -0.008462297730147839 -0.0007163968402892351 0.007436370011419058 -0.013023060746490955 0.045683201402425766 0.006218758877366781 0.002274010796099901 0.00810816790908575 0.023565247654914856 0.0034849424846470356 -0.025700470432639122 0.004352384712547064 -0.006865453906357288 -0.013387622311711311 0.01125636138021946 -0.009668204002082348 0.003873963374644518 0.013017462566494942 -0.007041411940008402 -0.05571538209915161 0.015473644249141216 -0.005446996074169874 -0.036534350365400314 -0.018592743203043938 0.019034791737794876 0.002317283069714904 0.03708096593618393 -0.010000369511544704 0.046154070645570755 0.04277932271361351 0.01538535114377737 0.0011918572708964348 0.02425513043999672 0.009175501763820648 0.015547427348792553 0.0016122404485940933 0.022495703771710396 0.0013611246831715107 -0.0046357689425349236 0.023753957822918892 -0.018952062353491783 -0.0015205915551632643 0.005516414530575275 0.010198108851909637 -0.005979654844850302 0.019924646243453026 0.04464786499738693 0.012475208379328251 0.02272394858300686 -0.01111202035099268 0.003888498293235898 0.022572975605726242 0.028247997164726257 0.02804192341864109 0.03688353672623634 0.021308772265911102 0.009865941479802132 0.0552726686000824 0.022027162835001945 -0.010500825010240078 0.006956638302654028 0.017923317849636078 0.02523926831781864 0.014982447028160095 -0.0007803811458870769 0.03308869153261185 -0.0066406577825546265 0.011629736982285976 -0.0045334878377616405 0.000706059334333986 -0.006193889770656824 -0.004359060432761908 0.008975191973149776 -0.008732810616493225 0.006677818484604359 -0.0039170668460428715 0.01920366659760475 -0.016814319416880608 0.012674922123551369 0.021464018151164055 0.03779744356870651 -0.0032522149849683046 0.007561712991446257 0.020523476097999788 0.06743307358636985 0.12162677622683786 0.26226698682513433 0.33456911793504296 0.38443994486977145 0.6444283058829051 0.730859212678251 0.897072166079034 -0.84498155 -0.44642645 -0.32604444 -0.02555281 0.2235865 0.07536107 -0.3052721 -0.42937735 -0.76136166 -0.8853235 -0.34806085 -0.18752703 0.19596055 0.41833916 0.31884822 -0.043067962 -0.19995445 -0.6290588
0 400 0.058764275163412094 -0.005416303873062134 0.016607999801635742 0.043232861906290054 0.06506434828042984 -0.03815440088510513 0.01077690813690424 -0.006130187306553125 -0.0061620669439435005 -0.0278241615742445 0.0033056458923965693 -0.010670216754078865 -0.01269344612956047 -0.0010745952604338527 0.011154555715620518 -0.01953459158539772 0.0685248076915741 0.009328138083219528 0.003411016194149852 0.012162251397967339 0.035347871482372284 0.005227413959801197 -0.03855070844292641 0.006528576835989952 -0.01029818132519722 -0.02008143439888954 0.016884543001651764 -0.014502305537462234 0.0058109452947974205 0.019526194781064987 -0.010562118142843246 -0.08357307314872742 0.023210467770695686 -0.008170494809746742 -0.05480152368545532 -0.027889113873243332 0.028552187606692314 0.0034759247209876776 0.055621448904275894 -0.01500055380165577 0.06923110783100128 0.06416898965835571 0.02307802625000477 0.001787786022759974 0.03638269752264023 0.013763253577053547 0.02332114242017269 0.00241836067289114 0.03374355658888817 0.002041687024757266 -0.006953653413802385 0.03563093766570091 -0.0284280925989151 -0.0022808874491602182 0.0082746222615242 0.01529716420918703 -0.008969482034444809 0.029886968433856964 0.0669718012213707 0.018712813034653664 0.034085921943187714 -0.016668030992150307 0.005832747556269169 0.03385946527123451 0.042371995747089386 0.04206288605928421 0.055325306951999664 0.03196315839886665 0.014798912219703197 0.0829090029001236 0.033040743321180344 -0.01575123891234398 0.010434958152472973 0.026884978637099266 0.03785890340805054 0.022473670542240143 -0.0011705717770382762 0.04963303729891777 -0.00996098667383194 0.017444605007767677 -0.006800231523811817 0.0010590889723971486 -0.00929083488881588 -0.006538590881973505 0.013462788425385952 -0.013099216856062412 0.010016728192567825 -0.005875600501894951 0.028805499896407127 -0.025221480056643486 0.019012384116649628 0.03219602629542351 0.05669616535305977 -0.004878322593867779 0.011342569254338741 0.06779744741875969 0.0820752568902409 0.1356732128614059 0.3361140198190325 0.4264948608755425 0.7065833158693782 0.8511067904721858 0.8857447768022644 0.9586443833285806 -0.5933809 -0.24352968 -0.16652387 0.17770225 0.60622746 0.37236255 0.16239375 0.11049479 -0.41295946 -0.4999521 -0.14822891 -0.056479335 0.42262813 0.7190063 0.5979699 0.24983653 0.16909406 -0.42451996
1 400 0.058764275163412094 -0.005416303873062134 0.016607999801635742 0.043232861906290054 0.06506434828042984 -0.03815440088510513 0.01077690813690424 -0.006130187306553125 -0.0061620669439435005 -0.0278241615742445 0.0033056458923965693 -0.010670216754078865 -0.01269344612956047 -0.0010745952604338527 0.011154555715620518 -0.01953459158539772 0.0685248076915741 0.009328138083219528 0.003411016194149852 0.012162251397967339 0.035347871482372284 0.005227413959801197 -0.03855070844292641 0.006528576835989952 -0.01029818132519722 -0.02008143439888954 0.016884543001651764 -0.014502305537462234 0.0058109452947974205 0.019526194781064987 -0.010562118142843246 -0.08357307314872742 0.023210467770695686 -0.008170494809746742 -0.05480152368545532 -0.027889113873243332 0.028552187606692314 0.0034759247209876776 0.055621448904275894 -0.01500055380165577 0.06923110783100128 0.06416898965835571 0.02307802625000477 0.001787786022759974 0.03638269752264023 0.013763253577053547 0.02332114242017269 0.00241836067289114 0.03374355658888817 0.002041687024757266 -0.006953653413802385 0.03563093766570091 -0.0284280925989151 -0.0022808874491602182 0.0082746222615242 0.01529716420918703 -0.008969482034444809 0.029886968433856964 0.0669718012213707 0.018712813034653664 0.034085921943187714 -0.016668030992150307 0.005832747556269169 0.03385946527123451 0.042371995747089386 0.04206288605928421 0.055325306951999664 0.03196315839886665 0.014798912219703197 0.0829090029001236 0.033040743321180344 -0.01575123891234398 0.010434958152472973 0.026884978637099266 0.03785890340805054 0.022473670542240143 -0.0011705717770382762 0.04963303729891777 -0.00996098667383194 0.017444605007767677 -0.006800231523811817 0.0010590889723971486 -0.00929083488881588 -0.006538590881973505 0.013462788425385952 -0.013099216856062412 0.010016728192567825 -0.005875600501894951 0.028805499896407127 -0.025221480056643486 0.019012384116649628 0.03219602629542351 0.05669616535305977 -0.004878322593867779 0.011342569254338741 0.057044616482865934 0.07776112253856794 0.09250388227901402 0.2944423368687253 0.3288409369609632 0.6778843355601839 0.7981466414417453 0.8948727000033837 0.9452318254449672 -0.6150667 -0.34944412 -0.32214218 -0.14118111 0.33116013 0.059213996 -0.117868364 -0.14882243 -0.42618194 -0.54085094 -0.23208906 -0.20014006 0.02061829 0.3886142 0.26846156 0.03860727 -0.07485145 -0.40349954
2 400 0.058764275163412094 -0.005416303873062134 0.016607999801635742 0.043232861906290054 0.06506434828042984 -0.03815440088510513 0.01077690813690424 -0.006130187306553125 -0.0061620669439435005 -0.0278241615742445 0.0033056458923965693 -0.010670216754078865 -0.01269344612956047 -0.0010745952604338527 0.011154555715620518 -0.01953459158539772 0.0685248076915741 0.009328138083219528 0.003411016194149852 0.012162251397967339 0.035347871482372284 0.005227413959801197 -0.03855070844292641 0.006528576835989952 -0.01029818132519722 -0.02008143439888954 0.016884543001651764 -0.014502305537462234 0.0058109452947974205 0.019526194781064987 -0.010562118142843246 -0.08357307314872742 0.023210467770695686 -0.008170494809746742 -0.05480152368545532 -0.027889113873243332 0.028552187606692314 0.0034759247209876776 0.055621448904275894 -0.01500055380165577 0.06923110783100128 0.06416898965835571 0.02307802625000477 0.001787786022759974 0.03638269752264023 0.013763253577053547 0.02332114242017269 0.00241836067289114 0.03374355658888817 0.002041687024757266 -0.006953653413802385 0.03563093766570091 -0.0284280925989151 -0.0022808874491602182 0.0082746222615242 0.01529716420918703 -0.008969482034444809 0.029886968433856964 0.0669718012213707 0.018712813034653664 0.034085921943187714 -0.016668030992150307 0.005832747556269169 0.03385946527123451 0.042371995747089386 0.04206288605928421 0.055325306951999664 0.03196315839886665 0.014798912219703197 0.0829090029001236 0.033040743321180344 -0.01575123891234398 0.010434958152472973 0.026884978637099266 0.03785890340805054 0.022473670542240143 -0.0011705717770382762 0.04963303729891777 -0.00996098667383194 0.017444605007767677 -0.006800231523811817 0.0010590889723971486 -0.00929083488881588 -0.006538590881973505 0.013462788425385952 -0.013099216856062412 0.010016728192567825 -0.005875600501894951 0.028805499896407127 -0.025221480056643486 0.019012384116649628 0.03219602629542351 0.05669616535305977 -0.004878322593867779 0.011342569254338741 0.04227582174047809 0.01905114063820856 0.05948934327220322 0.23633434028280983 0.25470581030261946 0.29291945431538463 0.6385291935617509 0.6688951321929995 0.826577669846111 -0.2548015 -0.13473296 -0.27146325 -0.014518678 0.25575376 0.22170657 -0.15213674 0.009872317 -0.3068606 -0.19855496 -0.1560119 -0.18991394 0.15531126 0.3181701 0.3428816 0.09768894 0.2285932 -0.15242663
0 400 0.07835236191749573 -0.007221738342195749 0.022143999114632607 0.05764381214976311 0.08675245940685272 -0.05087253451347351 0.014369211159646511 -0.008173583075404167 -0.008216089569032192 -0.03709888085722923 0.004407527856528759 -0.014226955361664295 -0.016924595460295677 -0.0014327936805784702 0.014872740022838116 -0.02604612149298191 0.09136640280485153 0.012437517754733562 0.004548021592199802 0.0162163358181715 0.04713049530982971 0.006969884969294071 -0.051400940865278244 0.008704769425094128 -0.013730907812714577 -0.026775244623422623 0.02251272276043892 -0.019336408004164696 0.007747926749289036 0.026034925132989883 -0.014082823880016804 -0.11143076419830322 0.030947288498282433 -0.010893992148339748 -0.07306870073080063 -0.037185486406087875 0.03806958347558975 0.004634566139429808 0.07416193187236786 -0.02000073902308941 0.09230814129114151 0.08555864542722702 0.03077070228755474 0.0023837145417928696 0.04851026087999344 0.018351003527641296 0.031094854697585106 0.0032244808971881866 0.04499140754342079 0.0027222493663430214 -0.009271537885069847 0.047507915645837784 -0.037904124706983566 -0.0030411831103265285 0.01103282906115055 0.020396217703819275 -0.011959309689700603 0.03984929248690605 0.08929572999477386 0.024950416758656502 0.04544789716601372 -0.02222404070198536 0.007776996586471796 0.045145951211452484 0.056495994329452515 0.05608384683728218 0.07376707345247269 0.042617544531822205 0.019731882959604263 0.1105453372001648 0.04405432567000389 -0.021001650020480156 0.013913276605308056 0.035846635699272156 0.05047853663563728 0.02996489405632019 -0.0015607622917741537 0.0661773830652237 -0.013281315565109253 0.023259473964571953 -0.009066975675523281 0.001412118668667972 -0.012387779541313648 -0.008718120865523815 0.017950383946299553 -0.01746562123298645 0.013355636969208717 -0.007834133692085743 0.0384073331952095 -0.033628638833761215 0.025349844247102737 0.04292803630232811 0.07559488713741302 -0.006504429969936609 0.015123425982892513 0.031867043009883446 0.016689430131569708 0.057882507192422175 0.20984097868262236 0.5145819709447271 0.7249439738776368 0.7719759008763863 0.8186032250585483 0.9301120659870451 -0.20529884 0.09810978 -0.13270646 -0.033118904 0.5358358 0.33089107 0.20850253 0.39777452 0.076916456 -0.17834882 0.012737662 -0.086321086 0.10720101 0.5896312 0.48797813 0.34982327 0.48817626 0.07853648
1 400 0.07835236191749573 -0.007221738342195749 0.022143999114632607 0.05764381214976311 0.08675245940685272 -0.05087253451347351 0.014369211159646511 -0.008173583075404167 -0.008216089569032192 -0.03709888085722923 0.004407527856528759 -0.014226955361664295 -0.016924595460295677 -0.0014327936805784702 0.014872740022838116 -0.02604612149298191 0.09136640280485153 0.012437517754733562 0.004548021592199802 0.0162163358181715 0.04713049530982971 0.006969884969294071 -0.051400940865278244 0.008704769425094128 -0.013730907812714577 -0.026775244623422623 0.02251272276043892 -0.019336408004164696 0.007747926749289036 0.026034925132989883 -0.014082823880016804 -0.11143076419830322 0.030947288498282433 -0.010893992148339748 -0.07306870073080063 -0.037185486406087875 0.03806958347558975 0.004634566139429808 0.07416193187236786 -0.02000073902308941 0.09230814129114151 0.08555864542722702 0.03077070228755474 0.0023837145417928696 0.04851026087999344 0.018351003527641296 0.031094854697585106 0.0032244808971881866 0.04499140754342079 0.0027222493663430214 -0.009271537885069847 0.047507915645837784 -0.037904124706983566 -0.0030411831103265285 0.01103282906115055 0.020396217703819275 -0.011959309689700603 0.03984929248690605 0.08929572999477386 0.024950416758656502 0.04544789716601372 -0.02222404070198536 0.007776996586471796 0.045145951211452484 0.056495994329452515 0.05608384683728218 0.07376707345247269 0.042617544531822205 0.019731882959604263 0.1105453372001648 0.04405432567000389 -0.021001650020480156 0.013913276605308056 0.035846635699272156 0.05047853663563728 0.02996489405632019 -0.0015607622917741537 0.0661773830652237 -0.013281315565109253 0.023259473964571953 -0.009066975675523281 0.001412118668667972 -0.012387779541313648 -0.008718120865523815 0.017950383946299553 -0.01746562123298645 0.013355636969208717 -0.007834133692085743 0.0384073331952095 -0.033628638833761215 0.025349844247102737 0.04292803630232811 0.07559488713741302 -0.006504429969936609 0.015123425982892513 0.0325235025369595 0.014560530200947136 0.04970501488909261 0.1638036944467855 0.27014025278503173 0.6891330797343653 0.6973344829207934 0.7794955311302518 0.9137719998826278 -0.21496868 -0.09475446 -0.2796149 -0.16195422 0.44860893 0.12199098 0.011001229 0.14790666 0.06335658 -0.18444127 -0.14184657 -0.20734693 -0.039902955 0.4611582 0.3191857 0.21493796 0.29043356 0.091756105
2 400 0.07835236191749573 -0.007221738342195749 0.022143999114632607 0.05764381214976311 0.08675245940685272 -0.05087253451347351 0.014369211159646511 -0.008173583075404167 -0.008216089569032192 -0.03709888085722923 0.004407527856528759 -0.014226955361664295 -0.016924595460295677 -0.0014327936805784702 0.014872740022838116 -0.02604612149298191 0.09136640280485153 0.012437517754733562 0.004548021592199802 0.0162163358181715 0.04713049530982971 0.006969884969294071 -0.051400940865278244 0.008704769425094128 -0.013730907812714577 -0.026775244623422623 0.02251272276043892 -0.019336408004164696 0.007747926749289036 0.026034925132989883 -0.014082823880016804 -0.11143076419830322 0.030947288498282433 -0.010893992148339748 -0.07306870073080063 -0.037185486406087875 0.03806958347558975 0.004634566139429808 0.07416193187236786 -0.02000073902308941 0.09230814129114151 0.08555864542722702 0.03077070228755474 0.0023837145417928696 0.04851026087999344 0.018351003527641296 0.031094854697585106 0.0032244808971881866 0.04499140754342079 0.0027222493663430214 -0.009271537885069847 0.047507915645837784 -0.037904124706983566 -0.0030411831103265285 0.01103282906115055 0.020396217703819275 -0.011959309689700603 0.03984929248690605 0.08929572999477386 0.024950416758656502 0.04544789716601372 -0.02222404070198536 0.007776996586471796 0.045145951211452484 0.056495994329452515 0.05608384683728218 0.07376707345247269 0.042617544531822205 0.019731882959604263 0.1105453372001648 0.04405432567000389 -0.021001650020480156 0.013913276605308056 0.035846635699272156 0.05047853663563728 0.02996489405632019 -0.0015607622917741537 0.0661773830652237 -0.013281315565109253 0.023259473964571953 -0.009066975675523281 0.001412118668667972 -0.012387779541313648 -0.008718120865523815 0.017950383946299553 -0.01746562123298645 0.013355636969208717 -0.007834133692085743 0.0384073331952095 -0.033628638833761215 0.025349844247102737 0.04292803630232811 0.07559488713741302 -0.006504429969936609 0.015123425982892513 0.007678420225026359 0.003412669995602938 0.011327357272031663 0.08431047871533812 0.0664081380773701 0.11567725835754501 0.6652515895033795 0.703224332380358 0.6969157089495316 -0.00015890598 0.11905563 -0.046384335 0.004291594 0.60158736 0.51983815 -0.009932518 0.20242423 0.16615397 -0.10832915 -0.06608868 -0.12018721 0.041597903 0.4796656 0.45366982 0.21259078 0.38417622 0.35486963
0 400 0.09794045239686966 -0.009027172811329365 0.02767999842762947 0.07205476611852646 0.1084405705332756 -0.06359066814184189 0.017961513251066208 -0.010216978378593922 -0.01027011126279831 -0.046373602002859116 0.005509409587830305 -0.017783693969249725 -0.021155742928385735 -0.0017909921007230878 0.01859092526137829 -0.0325576514005661 0.11420800536870956 0.015546896494925022 0.005685026757419109 0.020270418375730515 0.05891311913728714 0.008712355978786945 -0.06425117701292038 0.010880961082875729 -0.017163634300231934 -0.033469054847955704 0.028140902519226074 -0.024170508608222008 0.009684908203780651 0.03254365548491478 -0.01760352961719036 -0.13928845524787903 0.03868411108851433 -0.013617490418255329 -0.09133587032556534 -0.04648185521364212 0.04758697748184204 0.005793207790702581 0.09270241111516953 -0.0250009223818779 0.11538517475128174 0.10694830864667892 0.038463376462459564 0.002979643177241087 0.06063782423734665 0.02293875440955162 0.03886856883764267 0.004030601121485233 0.056239258497953415 0.0034028117079287767 -0.011589421890676022 0.059384893625974655 -0.047380153089761734 -0.003801478771492839 0.013791035860776901 0.025495272129774094 -0.014949136413633823 0.04981161281466484 0.11161965876817703 0.03118802048265934 0.05680986866354942 -0.02778005041182041 0.009721245616674423 0.056432437151670456 0.07061999291181564 0.07010480761528015 0.09220883995294571 0.053271930664777756 0.024664852768182755 0.138181671500206 0.05506790429353714 -0.026252062991261482 0.017391595989465714 0.044808294624090195 0.06309816986322403 0.03745611757040024 -0.0019509528065100312 0.08272172510623932 -0.016601644456386566 0.02907434105873108 -0.01133371889591217 0.0017651482485234737 -0.015484724193811417 -0.010897651314735413 0.02243798039853573 -0.021832026541233063 0.01669454574584961 -0.009792666882276535 0.04800916463136673 -0.042035799473524094 0.03168730437755585 0.05366004258394241 0.09449360519647598 -0.00813053734600544 0.01890428178012371 0.005881369468121777 0.0032144408125684165 0.010988036326110083 0.08545036166475066 0.4448427068954637 0.7504813069845931 0.7222052904849031 0.756925608710005 0.8319927208888803 0.0762679 0.43878418 0.119553804 0.020611465 0.7989356 0.4903112 0.314362 0.5322198 0.44328898 -0.06620747 0.17302725 0.003937155 0.054852873 0.77275765 0.61679053 0.47462258 0.6506529 0.51879084
1 400 0.09794045239686966 -0.009027172811329365 0.02767999842762947 0.07205476611852646 0.1084405705332756 -0.06359066814184189 0.017961513251066208 -0.010216978378593922 -0.01027011126279831 -0.046373602002859116 0.005509409587830305 -0.017783693969249725 -0.021155742928385735 -0.0017909921007230878 0.01859092526137829 -0.0325576514005661 0.11420800536870956 0.015546896494925022 0.005685026757419109 0.020270418375730515 0.05891311913728714 0.008712355978786945 -0.06425117701292038 0.010880961082875729 -0.017163634300231934 -0.033469054847955704 0.028140902519226074 -0.024170508608222008 0.009684908203780651 0.03254365548491478 -0.01760352961719036 -0.13928845524787903 0.03868411108851433 -0.013617490418255329 -0.09133587032556534 -0.04648185521364212 0.04758697748184204 0.005793207790702581 0.09270241111516953 -0.0250009223818779 0.11538517475128174 0.10694830864667892 0.038463376462459564 0.002979643177241087 0.06063782423734665 0.02293875440955162 0.03886856883764267 0.004030601121485233 0.056239258497953415 0.0034028117079287767 -0.011589421890676022 0.059384893625974655 -0.047380153089761734 -0.003801478771492839 0.013791035860776901 0.025495272129774094 -0.014949136413633823 0.04981161281466484 0.11161965876817703 0.03118802048265934 0.05680986866354942 -0.02778005041182041 0.009721245616674423 0.056432437151670456 0.07061999291181564 0.07010480761528015 0.09220883995294571 0.053271930664777756 0.024664852768182755 0.138181671500206 0.05506790429353714 -0.026252062991261482 0.017391595989465714 0.044808294624090195 0.06309816986322403 0.03745611757040024 -0.0019509528065100312 0.08272172510623932 -0.016601644456386566 0.02907434105873108 -0.01133371889591217 0.0017651482485234737 -0.015484724193811417 -0.010897651314735413 0.02243798039853573 -0.021832026541233063 0.01669454574584961 -0.009792666882276535 0.04800916463136673 -0.042035799473524094 0.03168730437755585 0.05366004258394241 0.09449360519647598 -0.00813053734600544 0.01890428178012371 0.005880374715967924 0.00259307507778513 0.009574685056326662 0.05657711924901678 0.23785036508292148 0.6965085555448769 0.6731005240042381 0.7145539416009912 0.7940404333984148 0.03912127 0.15934014 -0.032714605 -0.09819615 0.6142637 0.16382778 0.032868683 0.26870495 0.23911434 -0.094411284 -0.051814944 -0.11986442 -0.061560094 0.5767927 0.35299006 0.24717435 0.43773142 0.362883
2 400 0.09794045239686966 -0.009027172811329365 0.02767999842762947 0.07205476611852646 0.1084405705332756 -0.06359066814184189 0.017961513251066208 -0.010216978378593922 -0.01027011126279831 -0.046373602002859116 0.005509409587830305 -0.017783693969249725 -0.021155742928385735 -0.0017909921007230878 0.01859092526137829 -0.0325576514005661 0.11420800536870956 0.015546896494925022 0.005685026757419109 0.020270418375730515 0.05891311913728714 0.008712355978786945 -0.06425117701292038 0.010880961082875729 -0.017163634300231934 -0.033469054847955704 0.028140902519226074 -0.024170508608222008 0.009684908203780651 0.03254365548491478 -0.01760352961719036 -0.13928845524787903 0.03868411108851433 -0.013617490418255329 -0.09133587032556534 -0.04648185521364212 0.04758697748184204 0.005793207790702581 0.09270241111516953 -0.0250009223818779 0.11538517475128174 0.10694830864667892 0.038463376462459564 0.002979643177241087 0.06063782423734665 0.02293875440955162 0.03886856883764267 0.004030601121485233 0.056239258497953415 0.0034028117079287767 -0.011589421890676022 0.059384893625974655 -0.047380153089761734 -0.003801478771492839 0.013791035860776901 0.025495272129774094 -0.014949136413633823 0.04981161281466484 0.11161965876817703 0.03118802048265934 0.05680986866354942 -0.02778005041182041 0.009721245616674423 0.056432437151670456 0.07061999291181564 0.07010480761528015 0.09220883995294571 0.053271930664777756 0.024664852768182755 0.138181671500206 0.05506790429353714 -0.026252062991261482 0.017391595989465714 0.044808294624090195 0.06309816986322403 0.03745611757040024 -0.0019509528065100312 0.08272172510623932 -0.016601644456386566 0.02907434105873108 -0.01133371889591217 0.0017651482485234737 -0.015484724193811417 -0.010897651314735413 0.02243798039853573 -0.021832026541233063 0.01669454574584961 -0.009792666882276535 0.04800916463136673 -0.042035799473524094 0.03168730437755585 0.05366004258394241 0.09449360519647598 -0.00813053734600544 0.01890428178012371 0.001360721960004375 0.0006211252177672444 0.0021626163698205986 0.01508347627912993 0.016766747111371612 0.03824957532734302 0.6923126044353859 0.7276941328014068 0.7140965774136889 0.25381923 0.40318424 0.21990997 0.2124126 0.9936417 0.87979513 0.1399579 0.34759265 0.26599926 -0.0183388 0.04857436 -0.01661104 0.0934079 0.69271064 0.65641534 0.33370307 0.5014732 0.43554524
0 400 0.11752855032682419 -0.010832607746124268 0.033215999603271484 0.08646572381258011 0.13012869656085968 -0.07630880177021027 0.02155381627380848 -0.01226037461310625 -0.012324133887887001 -0.055648323148489 0.0066112917847931385 -0.02134043350815773 -0.02538689225912094 -0.0021491905208677053 0.022309111431241035 -0.03906918317079544 0.1370496153831482 0.018656276166439056 0.006822032388299704 0.024324502795934677 0.07069574296474457 0.010454827919602394 -0.07710141688585281 0.013057153671979904 -0.02059636265039444 -0.04016286879777908 0.03376908600330353 -0.02900461107492447 0.011621890589594841 0.039052389562129974 -0.021124236285686493 -0.16714614629745483 0.04642093554139137 -0.016340989619493484 -0.10960304737091064 -0.055778227746486664 0.05710437521338463 0.006951849441975355 0.11124289780855179 -0.03000110760331154 0.13846221566200256 0.12833797931671143 0.04615605250000954 0.003575572045519948 0.07276539504528046 0.027526507154107094 0.04664228484034538 0.00483672134578228 0.06748711317777634 0.004083374049514532 -0.01390730682760477 0.07126187533140182 -0.0568561851978302 -0.0045617748983204365 0.0165492445230484 0.03059432841837406 -0.017938964068889618 0.05977393686771393 0.1339436024427414 0.03742562606930733 0.06817184388637543 -0.03333606198430061 0.011665495112538338 0.06771893054246902 0.08474399149417877 0.08412577211856842 0.11065061390399933 0.0639263167977333 0.029597824439406395 0.1658180058002472 0.06608148664236069 -0.03150247782468796 0.020869916304945946 0.05376995727419853 0.07571780681610107 0.044947341084480286 -0.0023411435540765524 0.09926607459783554 -0.01992197334766388 0.034889210015535355 -0.013600463047623634 0.0021181779447942972 -0.01858166977763176 -0.01307718176394701 0.026925576850771904 -0.026198433712124825 0.02003345638513565 -0.011751201003789902 0.057610999792814255 -0.05044296011328697 0.038024768233299255 0.06439205259084702 0.11339233070611954 -0.009756645187735558 0.022685138508677483 0.0010838081223030897 0.0006170745244036703 0.0019574110180831136 0.047633471715536536 0.3795698872671361 0.7679047149483954 0.739395830992957 0.7716487827623691 0.7628778426490695 0.3805521 0.7771279 0.38560838 0.33083874 1.0624962 0.6053987 0.41987282 0.63090235 0.5716036 0.06436831 0.33200434 0.103239566 0.25332984 0.95682764 0.7097819 0.55987585 0.730389 0.6824752
1 400 0.11752855032682419 -0.010832607746124268 0.033215999603271484 0.08646572381258011 0.13012869656085968 -0.07630880177021027 0.02155381627380848 -0.01226037461310625 -0.012324133887887001 -0.055648323148489 0.0066112917847931385 -0.02134043350815773 -0.02538689225912094 -0.0021491905208677053 0.022309111431241035 -0.03906918317079544 0.1370496153831482 0.018656276166439056 0.006822032388299704 0.024324502795934677 0.07069574296474457 0.010454827919602394 -0.07710141688585281 0.013057153671979904 -0.02059636265039444 -0.04016286879777908 0.03376908600330353 -0.02900461107492447 0.011621890589594841 0.039052389562129974 -0.021124236285686493 -0.16714614629745483 0.04642093554139137 -0.016340989619493484 -0.10960304737091064 -0.055778227746486664 0.05710437521338463 0.006951849441975355 0.11124289780855179 -0.03000110760331154 0.13846221566200256 0.12833797931671143 0.04615605250000954 0.003575572045519948 0.07276539504528046 0.027526507154107094 0.04664228484034538 0.00483672134578228 0.06748711317777634 0.004083374049514532 -0.01390730682760477 0.07126187533140182 -0.0568561851978302 -0.0045617748983204365 0.0165492445230484 0.03059432841837406 -0.017938964068889618 0.05977393686771393 0.1339436024427414 0.03742562606930733 0.06817184388637543 -0.03333606198430061 0.011665495112538338 0.06771893054246902 0.08474399149417877 0.08412577211856842 0.11065061390399933 0.0639263167977333 0.029597824439406395 0.1658180058002472 0.06608148664236069 -0.03150247782468796 0.020869916304945946 0.05376995727419853 0.07571780681610107 0.044947341084480286 -0.0023411435540765524 0.09926607459783554 -0.01992197334766388 0.034889210015535355 -0.013600463047623634 0.0021181779447942972 -0.01858166977763176 -0.01307718176394701 0.026925576850771904 -0.026198433712124825 0.02003345638513565 -0.011751201003789902 0.057610999792814255 -0.05044296011328697 0.038024768233299255 0.06439205259084702 0.11339233070611954 -0.009756645187735558 0.022685138508677483 0.0010334226182554258 0.0004552314945507812 0.001786278688912436 0.019405279526439643 0.1835051903616794 0.6988917707105465 0.6800687437404698 0.7209410348771845 0.7219159869199647 0.29410297 0.41407722 0.21396273 0.09081441 0.8182413 0.17746818 0.07131177 0.30676562 0.31262177 -0.004065305 0.03844434 -0.03246087 0.016286373 0.71218204 0.36401156 0.2782366 0.4684846 0.47321644
2 400 0.11752855032682419 -0.010832607746124268 0.033215999603271484 0.08646572381258011 0.13012869656085968 -0.07630880177021027 0.02155381627380848 -0.01226037461310625 -0.012324133887887001 -0.055648323148489 0.0066112917847931385 -0.02134043350815773 -0.02538689225912094 -0.0021491905208677053 0.022309111431241035 -0.03906918317079544 0.1370496153831482 0.018656276166439056 0.006822032388299704 0.024324502795934677 0.07069574296474457 0.010454827919602394 -0.07710141688585281 0.013057153671979904 -0.02059636265039444 -0.04016286879777908 0.03376908600330353 -0.02900461107492447 0.011621890589594841 0.039052389562129974 -0.021124236285686493 -0.16714614629745483 0.04642093554139137 -0.016340989619493484 -0.10960304737091064 -0.055778227746486664 0.05710437521338463 0.006951849441975355 0.11124289780855179 -0.03000110760331154 0.13846221566200256 0.12833797931671143 0.04615605250000954 0.003575572045519948 0.07276539504528046 0.027526507154107094 0.04664228484034538 0.00483672134578228 0.06748711317777634 0.004083374049514532 -0.01390730682760477 0.07126187533140182 -0.0568561851978302 -0.0045617748983204365 0.0165492445230484 0.03059432841837406 -0.017938964068889618 0.05977393686771393 0.1339436024427414 0.03742562606930733 0.06817184388637543 -0.03333606198430061 0.011665495112538338 0.06771893054246902 0.08474399149417877 0.08412577211856842 0.11065061390399933 0.0639263167977333 0.029597824439406395 0.1658180058002472 0.06608148664236069 -0.03150247782468796 0.020869916304945946 0.05376995727419853 0.07571780681610107 0.044947341084480286 -0.0023411435540765524 0.09926607459783554 -0.01992197334766388 0.034889210015535355 -0.013600463047623634 0.0021181779447942972 -0.01858166977763176 -0.01307718176394701 0.026925576850771904 -0.026198433712124825 0.02003345638513565 -0.011751201003789902 0.057610999792814255 -0.05044296011328697 0.038024768233299255 0.06439205259084702 0.11339233070611954 -0.009756645187735558 0.022685138508677483 0.00023887332039280665 0.0001180464420525694 0.0004281296660097343 0.0028179178572816793 0.005088780727795966 0.026628948823707956 0.7193682795517387 0.7527931836951233 0.7351740726894499 0.50841385 0.7433799 0.45696825 0.39567357 1.3563292 1.0740352 0.29734474 0.5052611 0.39356118 0.07187003 0.20848736 0.06736407 0.13249251 0.896726 0.7816998 0.4608725 0.6288701 0.53861594
0 400 0.13711662590503693 -0.012638041749596596 0.0387519970536232 0.10087667405605316 0.15181680023670197 -0.08902693539857864 0.0251461174339056 -0.014303769916296005 -0.014378155581653118 -0.06492304056882858 0.007713173516094685 -0.024897171184420586 -0.029618039727211 -0.002507388824597001 0.026027295738458633 -0.04558071121573448 0.15989120304584503 0.021765654906630516 0.007959037087857723 0.02837858535349369 0.082478366792202 0.012197297997772694 -0.08995164930820465 0.015233345329761505 -0.024029087275266647 -0.046856675297021866 0.039397262036800385 -0.03383871167898178 0.013558871112763882 0.04556111618876457 -0.024644941091537476 -0.19500383734703064 0.05415775626897812 -0.019064486026763916 -0.12787021696567535 -0.06507459282875061 0.06662176549434662 0.008110490627586842 0.12978337705135345 -0.03500128909945488 0.1615392416715622 0.14972762763500214 0.05384872481226921 0.004171500448137522 0.08489295095205307 0.03211425617337227 0.0544159971177578 0.005642841570079327 0.07873496413230896 0.004763936158269644 -0.016225190833210945 0.0831388533115387 -0.06633221358060837 -0.005322070326656103 0.019307449460029602 0.03569338098168373 -0.020928790792822838 0.06973625719547272 0.15626752376556396 0.043663229793310165 0.07953381538391113 -0.038892071694135666 0.013609743677079678 0.0790054127573967 0.0988679900765419 0.09814672917127609 0.12909238040447235 0.07458069920539856 0.03453079238533974 0.1934543401002884 0.07709506154060364 -0.036752887070178986 0.02434823475778103 0.06273160874843597 0.08833743631839752 0.05243856459856033 -0.002731333952397108 0.11581041663885117 -0.023242302238941193 0.04070407524704933 -0.01586720533668995 0.002471207408234477 -0.021678613498806953 -0.015256711281836033 0.03141317144036293 -0.030564837157726288 0.023372363299131393 -0.01370973326265812 0.06721282750368118 -0.05885011702775955 0.04436222463846207 0.07512405514717102 0.1322910487651825 -0.0113827520981431 0.026465993374586105 0.00025439034509143395 0.000131324125511494 0.00041474507859804013 0.027142752713975 0.32042972669493436 0.784546507958401 0.7597661089897328 0.7855642522251065 0.7771694036092585 0.8916934 1.1819041 0.7939642 0.6195708 1.3238883 0.72109705 0.55093104 0.728378 0.66905123 0.36649856 0.54762876 0.32125834 0.43793067 1.1398093 0.80326676 0.6657717 0.80914986 0.7612134
1 400 0.13711662590503693 -0.012638041749596596 0.0387519970536232 0.10087667405605316 0.15181680023670197 -0.08902693539857864 0.0251461174339056 -0.014303769916296005 -0.014378155581653118 -0.06492304056882858 0.007713173516094685 -0.024897171184420586 -0.029618039727211 -0.002507388824597001 0.026027295738458633 -0.04558071121573448 0.15989120304584503 0.021765654906630516 0.007959037087857723 0.02837858535349369 0.082478366792202 0.012197297997772694 -0.08995164930820465 0.015233345329761505 -0.024029087275266647 -0.046856675297021866 0.039397262036800385 -0.03383871167898178 0.013558871112763882 0.04556111618876457 -0.024644941091537476 -0.19500383734703064 0.05415775626897812 -0.019064486026763916 -0.12787021696567535 -0.06507459282875061 0.06662176549434662 0.008110490627586842 0.12978337705135345 -0.03500128909945488 0.1615392416715622 0.14972762763500214 0.05384872481226921 0.004171500448137522 0.08489295095205307 0.03211425617337227 0.0544159971177578 0.005642841570079327 0.07873496413230896 0.004763936158269644 -0.016225190833210945 0.0831388533115387 -0.06633221358060837 -0.005322070326656103 0.019307449460029602 0.03569338098168373 -0.020928790792822838 0.06973625719547272 0.15626752376556396 0.043663229793310165 0.07953381538391113 -0.038892071694135666 0.013609743677079678 0.0790054127573967 0.0988679900765419 0.09814672917127609 0.12909238040447235 0.07458069920539856 0.03453079238533974 0.1934543401002884 0.07709506154060364 -0.036752887070178986 0.02434823475778103 0.06273160874843597 0.08833743631839752 0.05243856459856033 -0.002731333952397108 0.11581041663885117 -0.023242302238941193 0.04070407524704933 -0.01586720533668995 0.002471207408234477 -0.021678613498806953 -0.015256711281836033 0.03141317144036293 -0.030564837157726288 0.023372363299131393 -0.01370973326265812 0.06721282750368118 -0.05885011702775955 0.04436222463846207 0.07512405514717102 0.1322910487651825 -0.0113827520981431 0.026465993374586105 0.00019615047039717789 9.531489145318628e-05 0.00036339672311263486 0.010908063496660512 0.14549680818264138 0.702130371380418 0.6839158650417423 0.7226073034556698 0.7248605654012439 0.5372365 0.713561 0.44703978 0.2866214 0.9973957 0.19610333 0.092725396 0.31678194 0.33038622 0.08208254 0.17319646 0.05012375 0.13030186 0.8317306 0.37906888 0.295539 0.4765779 0.48757026
2 400 0.13711662590503693 -0.012638041749596596 0.0387519970536232 0.10087667405605316 0.15181680023670197 -0.08902693539857864 0.0251461174339056 -0.014303769916296005 -0.014378155581653118 -0.06492304056882858 0.007713173516094685 -0.024897171184420586 -0.029618039727211 -0.002507388824597001 0.026027295738458633 -0.04558071121573448 0.15989120304584503 0.021765654906630516 0.007959037087857723 0.02837858535349369 0.082478366792202 0.012197297997772694 -0.08995164930820465 0.015233345329761505 -0.024029087275266647 -0.046856675297021866 0.039397262036800385 -0.03383871167898178 0.013558871112763882 0.04556111618876457 -0.024644941091537476 -0.19500383734703064 0.05415775626897812 -0.019064486026763916 -0.12787021696567535 -0.06507459282875061 0.06662176549434662 0.008110490627586842 0.12978337705135345 -0.03500128909945488 0.1615392416715622 0.14972762763500214 0.05384872481226921 0.004171500448137522 0.08489295095205307 0.03211425617337227 0.0544159971177578 0.005642841570079327 0.07873496413230896 0.004763936158269644 -0.016225190833210945 0.0831388533115387 -0.06633221358060837 -0.005322070326656103 0.019307449460029602 0.03569338098168373 -0.020928790792822838 0.06973625719547272 0.15626752376556396 0.043663229793310165 0.07953381538391113 -0.038892071694135666 0.013609743677079678 0.0790054127573967 0.0988679900765419 0.09814672917127609 0.12909238040447235 0.07458069920539856 0.03453079238533974 0.1934543401002884 0.07709506154060364 -0.036752887070178986 0.02434823475778103 0.06273160874843597 0.08833743631839752 0.05243856459856033 -0.002731333952397108 0.11581041663885117 -0.023242302238941193 0.04070407524704933 -0.01586720533668995 0.002471207408234477 -0.021678613498806953 -0.015256711281836033 0.03141317144036293 -0.030564837157726288 0.023372363299131393 -0.01370973326265812 0.06721282750368118 -0.05885011702775955 0.04436222463846207 0.07512405514717102 0.1322910487651825 -0.0113827520981431 0.026465993374586105 4.577935780144634e-05 2.5093935619155612e-05 8.725552900965145e-05 0.0006342572465942159 0.0019829245074473737 0.018121808995425304 0.7517787019986606 0.7792811879683822 0.7553835014471844 0.7500419 1.0498714 0.6689741 0.7313339 1.6575894 1.32657 0.49868935 0.6838221 0.52212375 0.15748444 0.34947154 0.1341272 0.2988737 1.0694213 0.95007885 0.6235602 0.7731484 0.64249516
0 400 0.15670472383499146 -0.014443476684391499 0.04428799822926521 0.11528762429952621 0.17350491881370544 -0.10174506902694702 0.028738422319293022 -0.016347166150808334 -0.016432179138064384 -0.07419776171445847 0.008815055713057518 -0.02845391072332859 -0.033849190920591354 -0.0028655873611569405 0.02974548004567623 -0.05209224298596382 0.18273280560970306 0.024875035509467125 0.009096043184399605 0.032432671636343 0.09426099061965942 0.013939769938588142 -0.10280188173055649 0.017409538850188255 -0.027461815625429153 -0.053550489246845245 0.04502544552087784 -0.03867281600832939 0.015495853498578072 0.05206985026597977 -0.028165647760033607 -0.22286152839660645 0.061894576996564865 -0.021787984296679497 -0.14613740146160126 -0.07437097281217575 0.0761391669511795 0.009269132278859615 0.14832386374473572 -0.04000147804617882 0.18461628258228302 0.17111729085445404 0.06154140457510948 0.004767429083585739 0.09702052175998688 0.03670200705528259 0.06218970939517021 0.006448961794376373 0.08998281508684158 0.005444498732686043 -0.018543075770139694 0.09501583129167557 -0.07580824941396713 -0.006082366220653057 0.0220656581223011 0.04079243540763855 -0.023918619379401207 0.0796985849738121 0.17859145998954773 0.049900833517313004 0.09089579433202744 -0.04444808140397072 0.015553993172943592 0.09029190242290497 0.11299198865890503 0.11216769367456436 0.14753414690494537 0.08523508906364441 0.03946376591920853 0.2210906744003296 0.08810865134000778 -0.04200330004096031 0.027826553210616112 0.07169327139854431 0.10095707327127457 0.05992978811264038 -0.0031215245835483074 0.1323547661304474 -0.026562631130218506 0.046518947929143906 -0.018133951351046562 0.002824237337335944 -0.024775559082627296 -0.01743624173104763 0.035900767892599106 -0.0349312424659729 0.026711273938417435 -0.015668267384171486 0.076814666390419 -0.06725727766752243 0.050699688494205475 0.08585607260465622 0.15118977427482605 -0.013008859939873219 0.030246851965785027 5.9636550170004934e-05 2.9208126613577853e-05 0.00010768071616088802 0.015982923518299084 0.2656488715934775 0.8039106055440847 0.7871462368166315 0.8076953207580189 0.7896299024009862 1.3900366 1.5586421 1.134718 0.8767095 1.5785413 0.86421484 0.73974544 0.89341205 0.75771695 0.6588799 0.7446052 0.5000675 0.60108054 1.3174042 0.9189067 0.8183348 0.9424983 0.8328558
1 400 0.15670472383499146 -0.014443476684391499 0.04428799822926521 0.11528762429952621 0.17350491881370544 -0.10174506902694702 0.028738422319293022 -0.016347166150808334 -0.016432179138064384 -0.07419776171445847 0.008815055713057518 -0.02845391072332859 -0.033849190920591354 -0.0028655873611569405 0.02974548004567623 -0.05209224298596382 0.18273280560970306 0.024875035509467125 0.009096043184399605 0.032432671636343 0.09426099061965942 0.013939769938588142 -0.10280188173055649 0.017409538850188255 -0.027461815625429153 -0.053550489246845245 0.04502544552087784 -0.03867281600832939 0.015495853498578072 0.05206985026597977 -0.028165647760033607 -0.22286152839660645 0.061894576996564865 -0.021787984296679497 -0.14613740146160126 -0.07437097281217575 0.0761391669511795 0.009269132278859615 0.14832386374473572 -0.04000147804617882 0.18461628258228302 0.17111729085445404 0.06154140457510948 0.004767429083585739 0.09702052175998688 0.03670200705528259 0.06218970939517021 0.006448961794376373 0.08998281508684158 0.005444498732686043 -0.018543075770139694 0.09501583129167557 -0.07580824941396713 -0.006082366220653057 0.0220656581223011 0.04079243540763855 -0.023918619379401207 0.0796985849738121 0.17859145998954773 0.049900833517313004 0.09089579433202744 -0.04444808140397072 0.015553993172943592 0.09029190242290497 0.11299198865890503 0.11216769367456436 0.14753414690494537 0.08523508906364441 0.03946376591920853 0.2210906744003296 0.08810865134000778 -0.04200330004096031 0.027826553210616112 0.07169327139854431 0.10095707327127457 0.05992978811264038 -0.0031215245835483074 0.1323547661304474 -0.026562631130218506 0.046518947929143906 -0.018133951351046562 0.002824237337335944 -0.024775559082627296 -0.01743624173104763 0.035900767892599106 -0.0349312424659729 0.026711273938417435 -0.015668267384171486 0.076814666390419 -0.06725727766752243 0.050699688494205475 0.08585607260465622 0.15118977427482605 -0.013008859939873219 0.030246851965785027 4.626250465561631e-05 2.1055019315101606e-05 8.625830994362884e-05 0.006042969667401537 0.1663654403823034 0.7080583788453095 0.6899263901568424 0.7235930900747074 0.7252158501951664 0.9012911 1.0026753 0.6573923 0.4835475 1.1589084 0.230519 0.12646419 0.32272524 0.33253747 0.27290145 0.30326548 0.12465656 0.24452505 0.9637109 0.40687695 0.32280007 0.48138008 0.4893085
2 400 0.15670472383499146 -0.014443476684391499 0.04428799822926521 0.11528762429952621 0.17350491881370544 -0.10174506902694702 0.028738422319293022 -0.016347166150808334 -0.016432179138064384 -0.07419776171445847 0.008815055713057518 -0.02845391072332859 -0.033849190920591354 -0.0028655873611569405 0.02974548004567623 -0.05209224298596382 0.18273280560970306 0.024875035509467125 0.009096043184399605 0.032432671636343 0.09426099061965942 0.013939769938588142 -0.10280188173055649 0.017409538850188255 -0.027461815625429153 -0.053550489246845245 0.04502544552087784 -0.03867281600832939 0.015495853498578072 0.05206985026597977 -0.028165647760033607 -0.22286152839660645 0.061894576996564865 -0.021787984296679497 -0.14613740146160126 -0.07437097281217575 0.0761391669511795 0.009269132278859615 0.14832386374473572 -0.04000147804617882 0.18461628258228302 0.17111729085445404 0.06154140457510948 0.004767429083585739 0.09702052175998688 0.03670200705528259 0.06218970939517021 0.006448961794376373 0.08998281508684158 0.005444498732686043 -0.018543075770139694 0.09501583129167557 -0.07580824941396713 -0.006082366220653057 0.0220656581223011 0.04079243540763855 -0.023918619379401207 0.0796985849738121 0.17859145998954773 0.049900833517313004 0.09089579433202744 -0.04444808140397072 0.015553993172943592 0.09029190242290497 0.11299198865890503 0.11216769367456436 0.14753414690494537 0.08523508906364441 0.03946376591920853 0.2210906744003296 0.08810865134000778 -0.04200330004096031 0.027826553210616112 0.07169327139854431 0.10095707327127457 0.05992978811264038 -0.0031215245835483074 0.1323547661304474 -0.026562631130218506 0.046518947929143906 -0.018133951351046562 0.002824237337335944 -0.024775559082627296 -0.01743624173104763 0.035900767892599106 -0.0349312424659729 0.026711273938417435 -0.015668267384171486 0.076814666390419 -0.06725727766752243 0.050699688494205475 0.08585607260465622 0.15118977427482605 -0.013008859939873219 0.030246851965785027 1.0465571580871191e-05 6.1181789355114305e-06 2.0133860284694358e-05 0.00014645935230925923 0.0015975867702965872 0.013481605762596527 0.7739962208599791 0.8011082913807788 0.7773615150630446 1.0789707 1.4376769 1.0244658 1.087014 1.9313145 1.5915062 0.64704305 0.84286994 0.6703908 0.31980452 0.5602889 0.31715676 0.48206463 1.2643646 1.1333783 0.74343073 0.90165997 0.76229584
0 400 0.1762928068637848 -0.016248909756541252 0.04982399567961693 0.12969857454299927 0.19519302248954773 -0.1144632026553154 0.032330721616744995 -0.018390560522675514 -0.018486199900507927 -0.08347248286008835 0.009916936978697777 -0.032010648399591446 -0.03808033466339111 -0.003223785664886236 0.03346366435289383 -0.05860377103090286 0.2055744081735611 0.027984412387013435 0.010233048349618912 0.036486752331256866 0.10604361444711685 0.015682240948081017 -0.11565211415290833 0.019585728645324707 -0.03089454025030136 -0.06024429574608803 0.050653621554374695 -0.043506912887096405 0.017432834953069687 0.058578576892614365 -0.03168635070323944 -0.25071921944618225 0.06963139772415161 -0.024511482566595078 -0.16440455615520477 -0.0836673378944397 0.0856565535068512 0.010427773930132389 0.1668643355369568 -0.04500165954232216 0.20769330859184265 0.19250695407390594 0.06923407316207886 0.0053633577190339565 0.10914807766675949 0.04128975793719292 0.06996342539787292 0.00725508201867342 0.1012306660413742 0.0061250608414411545 -0.020860958844423294 0.10689280927181244 -0.0852842703461647 -0.006842661648988724 0.024823863059282303 0.04589148983359337 -0.026908444240689278 0.0896608978509903 0.2009153813123703 0.05613843724131584 0.10225775837898254 -0.05000409111380577 0.017498241737484932 0.10157838463783264 0.12711597979068756 0.12618865072727203 0.1659759134054184 0.09588947147130966 0.04439673200249672 0.2487270087003708 0.09912222623825073 -0.04725371301174164 0.031304873526096344 0.08065492659807205 0.11357670277357101 0.06742101162672043 -0.003511714981868863 0.148899108171463 -0.02988296002149582 0.05233381316065788 -0.020400693640112877 0.003177266800776124 -0.02787250280380249 -0.019615771248936653 0.04038836434483528 -0.03929764777421951 0.030050180852413177 -0.017626799643039703 0.08641649037599564 -0.07566443830728531 0.057037144899368286 0.09658807516098022 0.1700884848833084 -0.014634966850280762 0.03402770683169365 1.3713541264902762e-05 6.811414184748754e-06 3.528790658629478e-05 0.011186493592593386 0.37736815317409383 0.825474959959912 0.8101406555224466 0.8290482163999977 0.8010307701406817 1.7439225 1.9053781 1.441705 1.1095273 1.7244294 1.0368075 0.91250986 1.066994 0.84228283 0.84048784 0.9216186 0.667042 0.7563828 1.4586707 1.0583627 0.9579295 1.0827534 0.9011855
1 400 0.1762928068637848 -0.016248909756541252 0.04982399567961693 0.12969857454299927 0.19519302248954773 -0.1144632026553154 0.032330721616744995 -0.018390560522675514 -0.018486199900507927 -0.08347248286008835 0.009916936978697777 -0.032010648399591446 -0.03808033466339111 -0.003223785664886236 0.03346366435289383 -0.05860377103090286 0.2055744081735611 0.027984412387013435 0.010233048349618912 0.036486752331256866 0.10604361444711685 0.015682240948081017 -0.11565211415290833 0.019585728645324707 -0.03089454025030136 -0.06024429574608803 0.050653621554374695 -0.043506912887096405 0.017432834953069687 0.058578576892614365 -0.03168635070323944 -0.25071921944618225 0.06963139772415161 -0.024511482566595078 -0.16440455615520477 -0.0836673378944397 0.0856565535068512 0.010427773930132389 0.1668643355369568 -0.04500165954232216 0.20769330859184265 0.19250695407390594 0.06923407316207886 0.0053633577190339565 0.10914807766675949 0.04128975793719292 0.06996342539787292 0.00725508201867342 0.1012306660413742 0.0061250608414411545 -0.020860958844423294 0.10689280927181244 -0.0852842703461647 -0.006842661648988724 0.024823863059282303 0.04589148983359337 -0.026908444240689278 0.0896608978509903 0.2009153813123703 0.05613843724131584 0.10225775837898254 -0.05000409111380577 0.017498241737484932 0.10157838463783264 0.12711597979068756 0.12618865072727203 0.1659759134054184 0.09588947147130966 0.04439673200249672 0.2487270087003708 0.09912222623825073 -0.04725371301174164 0.031304873526096344 0.08065492659807205 0.11357670277357101 0.06742101162672043 -0.003511714981868863 0.148899108171463 -0.02988296002149582 0.05233381316065788 -0.020400693640112877 0.003177266800776124 -0.02787250280380249 -0.019615771248936653 0.04038836434483528 -0.03929764777421951 0.030050180852413177 -0.017626799643039703 0.08641649037599564 -0.07566443830728531 0.057037144899368286 0.09658807516098022 0.1700884848833084 -0.014634966850280762 0.03402770683169365 1.0919195818289226e-05 6.827653490184448e-06 4.413916008178504e-05 0.004043533385280134 0.6464795926703097 0.7215794442524908 0.7089467659542766 0.737603949676072 0.7254337866965882 1.2836056 1.2147558 0.99605864 0.65575176 1.0984747 0.3105989 0.2357117 0.40867192 0.33385807 0.47763017 0.39758787 0.34204808 0.35133055 1.0489318 0.47158197 0.41107264 0.5508255 0.4903755
2 400 0.1762928068637848 -0.016248909756541252 0.04982399567961693 0.12969857454299927 0.19519302248954773 -0.1144632026553154 0.032330721616744995 -0.018390560522675514 -0.018486199900507927 -0.08347248286008835 0.009916936978697777 -0.032010648399591446 -0.03808033466339111 -0.003223785664886236 0.03346366435289383 -0.05860377103090286 0.2055744081735611 0.027984412387013435 0.010233048349618912 0.036486752331256866 0.10604361444711685 0.015682240948081017 -0.11565211415290833 0.019585728645324707 -0.03089454025030136 -0.06024429574608803 0.050653621554374695 -0.043506912887096405 0.017432834953069687 0.058578576892614365 -0.03168635070323944 -0.25071921944618225 0.06963139772415161 -0.024511482566595078 -0.16440455615520477 -0.0836673378944397 0.0856565535068512 0.010427773930132389 0.1668643355369568 -0.04500165954232216 0.20769330859184265 0.19250695407390594 0.06923407316207886 0.0053633577190339565 0.10914807766675949 0.04128975793719292 0.06996342539787292 0.00725508201867342 0.1012306660413742 0.0061250608414411545 -0.020860958844423294 0.10689280927181244 -0.0852842703461647 -0.006842661648988724 0.024823863059282303 0.04589148983359337 -0.026908444240689278 0.0896608978509903 0.2009153813123703 0.05613843724131584 0.10225775837898254 -0.05000409111380577 0.017498241737484932 0.10157838463783264 0.12711597979068756 0.12618865072727203 0.1659759134054184 0.09588947147130966 0.04439673200249672 0.2487270087003708 0.09912222623825073 -0.04725371301174164 0.031304873526096344 0.08065492659807205 0.11357670277357101 0.06742101162672043 -0.003511714981868863 0.148899108171463 -0.02988296002149582 0.05233381316065788 -0.020400693640112877 0.003177266800776124 -0.02787250280380249 -0.019615771248936653 0.04038836434483528 -0.03929764777421951 0.030050180852413177 -0.017626799643039703 0.08641649037599564 -0.07566443830728531 0.057037144899368286 0.09658807516098022 0.1700884848833084 -0.014634966850280762 0.03402770683169365 2.5831091140807537e-06 1.3899832593891197e-06 5.78853452304601e-06 5.1880779589777056e-05 0.001282792177567125 0.03627190702445805 0.7938010411117594 0.8188603109137478 0.7985333486783793 1.6140747 1.8407073 1.4351735 1.4579895 2.2340598 1.5988774 0.78825265 0.9821884 0.8234554 0.64314544 0.778484 0.5551113 0.70220983 1.4811381 1.1989244 0.8575289 1.01423 0.88597286
0 400 0.19588090479373932 -0.01805434562265873 0.05535999685525894 0.14410953223705292 0.2168811410665512 -0.12718133628368378 0.035923026502132416 -0.020433956757187843 -0.02054022252559662 -0.09274720400571823 0.01101881917566061 -0.03556738793849945 -0.04231148585677147 -0.0035819842014461756 0.03718185052275658 -0.0651153028011322 0.22841601073741913 0.031093792989850044 0.011370053514838219 0.04054083675146103 0.11782623827457428 0.01742471195757389 -0.12850235402584076 0.021761922165751457 -0.03432726860046387 -0.06693810969591141 0.05628180503845215 -0.048341017216444016 0.019369816407561302 0.06508731096982956 -0.03520705923438072 -0.27857691049575806 0.07736822217702866 -0.027234980836510658 -0.18267174065113068 -0.09296371042728424 0.09517395496368408 0.011586415581405163 0.18540482223033905 -0.0500018447637558 0.23077034950256348 0.21389661729335785 0.07692675292491913 0.005959286354482174 0.1212756484746933 0.04587750881910324 0.07773713767528534 0.008061202242970467 0.11247851699590683 0.0068056234158575535 -0.023178843781352043 0.11876978725194931 -0.09476030617952347 -0.007602957542985678 0.027582071721553802 0.05099054425954819 -0.029898272827267647 0.09962322562932968 0.22323931753635406 0.06237604096531868 0.11361973732709885 -0.05556010082364082 0.019442491233348846 0.11286487430334091 0.1412399858236313 0.1402096152305603 0.18441767990589142 0.10654386132955551 0.04932970553636551 0.276363343000412 0.11013580858707428 -0.052504125982522964 0.03478319197893143 0.08961658924818039 0.12619633972644806 0.07491223514080048 -0.0039019056130200624 0.16544345021247864 -0.03320328891277313 0.05814868211746216 -0.02266743779182434 0.0035302964970469475 -0.030969448387622833 -0.021795302629470825 0.04487596079707146 -0.043664053082466125 0.03338909149169922 -0.01958533376455307 0.09601832926273346 -0.08407159894704819 0.0633746087551117 0.10732008516788483 0.18898721039295197 -0.01626107469201088 0.03780856356024742 4.918079397781178e-06 5.2246232903746845e-06 1.5662028116399457e-05 0.015840350268585133 0.8110272765501664 0.8448102600953105 0.8311110633343853 0.8477666308453621 0.8187932620482692 2.069097 2.085661 1.7656024 1.2709217 1.6273501 1.2065022 1.0846491 1.233938 0.9816428 1.0266057 1.0427556 0.8648046 0.8997426 1.5008237 1.195477 1.097019 1.217645 1.0137892
1 400 0.19588090479373932 -0.01805434562265873 0.05535999685525894 0.14410953223705292 0.2168811410665512 -0.12718133628368378 0.035923026502132416 -0.020433956757187843 -0.02054022252559662 -0.09274720400571823 0.01101881917566061 -0.03556738793849945 -0.04231148585677147 -0.0035819842014461756 0.03718185052275658 -0.0651153028011322 0.22841601073741913 0.031093792989850044 0.011370053514838219 0.04054083675146103 0.11782623827457428 0.01742471195757389 -0.12850235402584076 0.021761922165751457 -0.03432726860046387 -0.06693810969591141 0.05628180503845215 -0.048341017216444016 0.019369816407561302 0.06508731096982956 -0.03520705923438072 -0.27857691049575806 0.07736822217702866 -0.027234980836510658 -0.18267174065113068 -0.09296371042728424 0.09517395496368408 0.011586415581405163 0.18540482223033905 -0.0500018447637558 0.23077034950256348 0.21389661729335785 0.07692675292491913 0.005959286354482174 0.1212756484746933 0.04587750881910324 0.07773713767528534 0.008061202242970467 0.11247851699590683 0.0068056234158575535 -0.023178843781352043 0.11876978725194931 -0.09476030617952347 -0.007602957542985678 0.027582071721553802 0.05099054425954819 -0.029898272827267647 0.09962322562932968 0.22323931753635406 0.06237604096531868 0.11361973732709885 -0.05556010082364082 0.019442491233348846 0.11286487430334091 0.1412399858236313 0.1402096152305603 0.18441767990589142 0.10654386132955551 0.04932970553636551 0.276363343000412 0.11013580858707428 -0.052504125982522964 0.03478319197893143 0.08961658924818039 0.12619633972644806 0.07491223514080048 -0.0039019056130200624 0.16544345021247864 -0.03320328891277313 0.05814868211746216 -0.02266743779182434 0.0035302964970469475 -0.030969448387622833 -0.021795302629470825 0.04487596079707146 -0.043664053082466125 0.03338909149169922 -0.01958533376455307 0.09601832926273346 -0.08407159894704819 0.0633746087551117 0.10732008516788483 0.18898721039295197 -0.01626107469201088 0.03780856356024742 8.896075558817759e-06 8.755258712764927e-06 8.057774241310194e-05 0.013035658999842962 0.8482212287393339 0.7397344428545746 0.7276733491798426 0.7548611020812203 0.7288945240597698 1.3193431 1.1521654 1.116405 0.528786 1.2381952 0.4219951 0.34746593 0.5187133 0.35491544 0.49262825 0.36479858 0.46900824 0.32477298 1.221085 0.5615907 0.5013708 0.6397395 0.50739
2 400 0.19588090479373932 -0.01805434562265873 0.05535999685525894 0.14410953223705292 0.2168811410665512 -0.12718133628368378 0.035923026502132416 -0.020433956757187843 -0.02054022252559662 -0.09274720400571823 0.01101881917566061 -0.03556738793849945 -0.04231148585677147 -0.0035819842014461756 0.03718185052275658 -0.0651153028011322 0.22841601073741913 0.031093792989850044 0.011370053514838219 0.04054083675146103 0.11782623827457428 0.01742471195757389 -0.12850235402584076 0.021761922165751457 -0.03432726860046387 -0.06693810969591141 0.05628180503845215 -0.048341017216444016 0.019369816407561302 0.06508731096982956 -0.03520705923438072 -0.27857691049575806 0.07736822217702866 -0.027234980836510658 -0.18267174065113068 -0.09296371042728424 0.09517395496368408 0.011586415581405163 0.18540482223033905 -0.0500018447637558 0.23077034950256348 0.21389661729335785 0.07692675292491913 0.005959286354482174 0.1212756484746933 0.04587750881910324 0.07773713767528534 0.008061202242970467 0.11247851699590683 0.0068056234158575535 -0.023178843781352043 0.11876978725194931 -0.09476030617952347 -0.007602957542985678 0.027582071721553802 0.05099054425954819 -0.029898272827267647 0.09962322562932968 0.22323931753635406 0.06237604096531868 0.11361973732709885 -0.05556010082364082 0.019442491233348846 0.11286487430334091 0.1412399858236313 0.1402096152305603 0.18441767990589142 0.10654386132955551 0.04932970553636551 0.276363343000412 0.11013580858707428 -0.052504125982522964 0.03478319197893143 0.08961658924818039 0.12619633972644806 0.07491223514080048 -0.0039019056130200624 0.16544345021247864 -0.03320328891277313 0.05814868211746216 -0.02266743779182434 0.0035302964970469475 -0.030969448387622833 -0.021795302629470825 0.04487596079707146 -0.043664053082466125 0.03338909149169922 -0.01958533376455307 0.09601832926273346 -0.08407159894704819 0.0633746087551117 0.10732008516788483 0.18898721039295197 -0.01626107469201088 0.03780856356024742 6.272862623994892e-07 3.245297341038643e-07 1.8513977879730654e-06 3.9911082473523634e-05 0.001024156695974484 0.13712115996224178 0.8130925356163217 0.8351796829091019 0.8163931303959682 2.1311378 2.2748828 1.8296728 1.7650115 2.535118 1.5610366 0.93581635 1.1199818 0.96221477 0.95183265 1.0219333 0.7870718 0.9197124 1.6962966 1.2554395 0.9767612 1.1255679 0.9980912
0 400 0.06616772711277008 0.10814967751502991 0.059514667838811874 -0.17701785266399384 -0.09383617341518402 -0.15737096965312958 -0.10559141635894775 0.043962497264146805 -0.07561995089054108 -0.10260411351919174 0.0426170639693737 -0.03408646583557129 0.05646369233727455 0.03574623912572861 -0.0525071918964386 -0.16685573756694794 -0.03822252154350281 -0.03357509523630142 -0.11957603693008423 0.04848255589604378 0.07333299517631531 -0.07916446030139923 0.15554597973823547 -0.0777951329946518 -0.025040004402399063 0.0037037194706499577 -0.020397914573550224 0.020844535902142525 0.09717929363250732 -0.07736469060182571 -0.19971656799316406 0.14893467724323273 -0.05372174456715584 -0.009893424808979034 0.06475217640399933 -0.033004943281412125 0.13104334473609924 -0.048193372786045074 0.10633566230535507 -0.03757035359740257 0.008919400162994862 0.005526556167751551 0.23724058270454407 -0.14295318722724915 0.034138407558202744 0.04134739562869072 -0.34554964303970337 -0.12345845252275467 0.11165227741003036 0.08782666176557541 0.08785978704690933 -0.05820400267839432 0.12451553344726562 -0.08186142891645432 0.03817420080304146 -0.1456732600927353 -0.0033126696944236755 0.3237212896347046 -0.033597756177186966 0.0644817054271698 0.11620928347110748 -0.005633431486785412 0.06863949447870255 0.06310608237981796 -0.10705943405628204 0.013060790486633778 0.07805202901363373 0.01602339930832386 0.06778749823570251 -0.0762871652841568 -0.0434841625392437 -0.021703993901610374 0.1810406893491745 0.05830034241080284 0.12897706031799316 -0.0097342012450099 -0.10918347537517548 -0.18728679418563843 0.035042282193899155 -0.04040519520640373 -0.10633932054042816 0.0384337455034256 0.09252337366342545 0.060796841979026794 -0.01744464412331581 0.027382822707295418 -0.02098710462450981 0.047570958733558655 -0.10621624439954758 -0.18664893507957458 0.14047695696353912 0.0922948494553566 0.044783711433410645 0.06214546039700508 0.0459006167948246 0.8860107596612685 0.772535356379551 0.7834407863539139 0.9633186563631885 0.9959318450567941 0.9998384563604062 0.9999448541201438 0.9998347518824273 0.9998639460131793 -0.8857321 -0.8176731 -0.82286406 -0.98581314 -1.1693201 -1.4348416 -1.5232012 -1.4329777 -1.4489598 -0.728272 -0.5745721 -0.58629507 -0.9542881 -1.3687079 -1.9683436 -2.1678889 -1.964134 -2.000227
1 400 0.06616772711277008 0.10814967751502991 0.059514667838811874 -0.17701785266399384 -0.09383617341518402 -0.15737096965312958 -0.10559141635894775 0.043962497264146805 -0.07561995089054108 -0.10260411351919174 0.0426170639693737 -0.03408646583557129 0.05646369233727455 0.03574623912572861 -0.0525071918964386 -0.16685573756694794 -0.03822252154350281 -0.03357509523630142 -0.11957603693008423 0.04848255589604378 0.07333299517631531 -0.07916446030139923 0.15554597973823547 -0.0777951329946518 -0.025040004402399063 0.0037037194706499577 -0.020397914573550224 0.020844535902142525 0.09717929363250732 -0.07736469060182571 -0.19971656799316406 0.14893467724323273 -0.05372174456715584 -0.009893424808979034 0.06475217640399933 -0.033004943281412125 0.13104334473609924 -0.048193372786045074 0.10633566230535507 -0.03757035359740257 0.008919400162994862 0.005526556167751551 0.23724058270454407 -0.14295318722724915 0.034138407558202744 0.04134739562869072 -0.34554964303970337 -0.12345845252275467 0.11165227741003036 0.08782666176557541 0.08785978704690933 -0.05820400267839432 0.12451553344726562 -0.08186142891645432 0.03817420080304146 -0.1456732600927353 -0.0033126696944236755 0.3237212896347046 -0.033597756177186966 0.0644817054271698 0.11620928347110748 -0.005633431486785412 0.06863949447870255 0.06310608237981796 -0.10705943405628204 0.013060790486633778 0.07805202901363373 0.01602339930832386 0.06778749823570251 -0.0762871652841568 -0.0434841625392437 -0.021703993901610374 0.1810406893491745 0.05830034241080284 0.12897706031799316 -0.0097342012450099 -0.10918347537517548 -0.18728679418563843 0.035042282193899155 -0.04040519520640373 -0.10633932054042816 0.0384337455034256 0.09252337366342545 0.060796841979026794 -0.01744464412331581 0.027382822707295418 -0.02098710462450981 0.047570958733558655 -0.10621624439954758 -0.18664893507957458 0.14047695696353912 0.0922948494553566 0.044783711433410645 0.06214546039700508 0.0459006167948246 0.9865921849974724 0.9725973838310694 0.9603779571253033 0.9954038879062451 0.9995704293006922 0.9999876424080035 0.9999965755627216 0.9999964077421177 0.9999942987508248 -1.0705068 -1.0105739 -0.97922254 -1.1592461 -1.3544245 -1.6461563 -1.7516503 -1.7477174 -1.7097476 -1.1455545 -1.0102061 -0.93940437 -1.3459573 -1.7867349 -2.4455621 -2.6838026 -2.6749208 -2.5891721
2 400 0.06616772711277008 0.10814967751502991 0.059514667838811874 -0.17701785266399384 -0.09383617341518402 -0.15737096965312958 -0.10559141635894775 0.043962497264146805 -0.07561995089054108 -0.10260411351919174 0.0426170639693737 -0.03408646583557129 0.05646369233727455 0.03574623912572861 -0.0525071918964386 -0.16685573756694794 -0.03822252154350281 -0.03357509523630142 -0.11957603693008423 0.04848255589604378 0.07333299517631531 -0.07916446030139923 0.15554597973823547 -0.0777951329946518 -0.025040004402399063 0.0037037194706499577 -0.020397914573550224 0.020844535902142525 0.09717929363250732 -0.07736469060182571 -0.19971656799316406 0.14893467724323273 -0.05372174456715584 -0.009893424808979034 0.06475217640399933 -0.033004943281412125 0.13104334473609924 -0.048193372786045074 0.10633566230535507 -0.03757035359740257 0.008919400162994862 0.005526556167751551 0.23724058270454407 -0.14295318722724915 0.034138407558202744 0.04134739562869072 -0.34554964303970337 -0.12345845252275467 0.11165227741003036 0.08782666176557541 0.08785978704690933 -0.05820400267839432 0.12451553344726562 -0.08186142891645432 0.03817420080304146 -0.1456732600927353 -0.0033126696944236755 0.3237212896347046 -0.033597756177186966 0.0644817054271698 0.11620928347110748 -0.005633431486785412 0.06863949447870255 0.06310608237981796 -0.10705943405628204 0.013060790486633778 0.07805202901363373 0.01602339930832386 0.06778749823570251 -0.0762871652841568 -0.0434841625392437 -0.021703993901610374 0.1810406893491745 0.05830034241080284 0.12897706031799316 -0.0097342012450099 -0.10918347537517548 -0.18728679418563843 0.035042282193899155 -0.04040519520640373 -0.10633932054042816 0.0384337455034256 0.09252337366342545 0.060796841979026794 -0.01744464412331581 0.027382822707295418 -0.02098710462450981 0.047570958733558655 -0.10621624439954758 -0.18664893507957458 0.14047695696353912 0.0922948494553566 0.044783711433410645 0.06214546039700508 0.0459006167948246 0.9574676803977991 0.8602635109549254 0.8677362083304526 0.9862941980637364 0.998697190641016 0.9999288522795922 0.9999803264723339 0.9999471856527549 0.9999545400063345 -0.9731467 -0.866567 -0.87179583 -1.068675 -1.2631495 -1.5022566 -1.6079311 -1.5267525 -1.5390794 -0.925683 -0.68499076 -0.6967993 -1.1414177 -1.5806057 -2.120589 -2.359237 -2.1759086 -2.203747
0 400 0.05955095216631889 0.09733470529317856 0.0535631999373436 -0.1593160629272461 -0.0844525545835495 -0.14163386821746826 -0.09503227472305298 0.039566244930028915 -0.06805795431137085 -0.09234370291233063 0.03835535794496536 -0.03067781776189804 0.05081732198596001 0.03217161446809769 -0.0472564697265625 -0.15017016232013702 -0.03440026938915253 -0.03021758422255516 -0.10761842876672745 0.04363429918885231 0.06599969416856766 -0.07124800980091095 0.1399913728237152 -0.07001561671495438 -0.022536003962159157 0.0033333473838865757 -0.018358122557401657 0.018760081380605698 0.08746135979890823 -0.06962821632623672 -0.1797448992729187 0.1340412050485611 -0.048349570482969284 -0.008904081769287586 0.058276958763599396 -0.029704447835683823 0.11793901026248932 -0.04337403550744057 0.09570209681987762 -0.033813316375017166 0.008027459494769573 0.004973900504410267 0.21351651847362518 -0.12865786254405975 0.03072456642985344 0.03721265494823456 -0.3109946846961975 -0.11111260205507278 0.10048704594373703 0.07904399186372757 0.07907380908727646 -0.052383601665496826 0.11206397414207458 -0.07367528229951859 0.03435678035020828 -0.1311059296131134 -0.0029814026784151793 0.2913491427898407 -0.03023798018693924 0.0580335333943367 0.1045883521437645 -0.005070088431239128 0.06177554279565811 0.056795474141836166 -0.09635348618030548 0.011754711158573627 0.07024682313203812 0.01442105881869793 0.061008747667074203 -0.06865844875574112 -0.03913574665784836 -0.019533593207597733 0.16293661296367645 0.05247030779719353 0.11607935279607773 -0.008760781027376652 -0.09826512634754181 -0.16855810582637787 0.03153805434703827 -0.03636467456817627 -0.09570538252592087 0.03459037095308304 0.08327103406190872 0.054717157036066055 -0.01570018008351326 0.02464454062283039 -0.01888839341700077 0.04281385987997055 -0.0955946147441864 -0.1679840385913849 0.1264292597770691 0.08306536078453064 0.04030533879995346 0.055930912494659424 0.04131055250763893 0.8181344278452957 0.6824548018835055 0.7015632423396015 0.9383897217081337 0.9931375127460805 0.9997251449510896 0.9999060195115496 0.9997198376421638 0.999768833441761 -0.84077823 -0.7800566 -0.78742826 -0.9410308 -1.126107 -1.3911443 -1.4793754 -1.3895717 -1.4053776 -0.6267513 -0.48962158 -0.5062693 -0.8531548 -1.2711183 -1.8696603 -2.0689154 -1.8661088 -1.9018037
1 400 0.05955095216631889 0.09733470529317856 0.0535631999373436 -0.1593160629272461 -0.0844525545835495 -0.14163386821746826 -0.09503227472305298 0.039566244930028915 -0.06805795431137085 -0.09234370291233063 0.03835535794496536 -0.03067781776189804 0.05081732198596001 0.03217161446809769 -0.0472564697265625 -0.15017016232013702 -0.03440026938915253 -0.03021758422255516 -0.10761842876672745 0.04363429918885231 0.06599969416856766 -0.07124800980091095 0.1399913728237152 -0.07001561671495438 -0.022536003962159157 0.0033333473838865757 -0.018358122557401657 0.018760081380605698 0.08746135979890823 -0.06962821632623672 -0.1797448992729187 0.1340412050485611 -0.048349570482969284 -0.008904081769287586 0.058276958763599396 -0.029704447835683823 0.11793901026248932 -0.04337403550744057 0.09570209681987762 -0.033813316375017166 0.008027459494769573 0.004973900504410267 0.21351651847362518 -0.12865786254405975 0.03072456642985344 0.03721265494823456 -0.3109946846961975 -0.11111260205507278 0.10048704594373703 0.07904399186372757 0.07907380908727646 -0.052383601665496826 0.11206397414207458 -0.07367528229951859 0.03435678035020828 -0.1311059296131134 -0.0029814026784151793 0.2913491427898407 -0.03023798018693924 0.0580335333943367 0.1045883521437645 -0.005070088431239128 0.06177554279565811 0.056795474141836166 -0.09635348618030548 0.011754711158573627 0.07024682313203812 0.01442105881869793 0.061008747667074203 -0.06865844875574112 -0.03913574665784836 -0.019533593207597733 0.16293661296367645 0.05247030779719353 0.11607935279607773 -0.008760781027376652 -0.09826512634754181 -0.16855810582637787 0.03153805434703827 -0.03636467456817627 -0.09570538252592087 0.03459037095308304 0.08327103406190872 0.054717157036066055 -0.01570018008351326 0.02464454062283039 -0.01888839341700077 0.04281385987997055 -0.0955946147441864 -0.1679840385913849 0.1264292597770691 0.08306536078453064 0.04030533879995346 0.055930912494659424 0.04131055250763893 0.9794145443890935 0.9624639241124435 0.9458855875636534 0.9929027047036986 0.9993423165869617 0.9999537816809713 0.9999872157574855 0.9999939076845386 0.9999912112115726 -1.0346624 -0.98384666 -0.9523488 -1.123322 -1.3193927 -1.5377195 -1.6433661 -1.704294 -1.6741707 -1.064606 -0.9498472 -0.8787147 -1.2648288 -1.7076213 -2.2006757 -2.4392607 -2.5768561 -2.508828
2 400 0.05955095216631889 0.09733470529317856 0.0535631999373436 -0.1593160629272461 -0.0844525545835495 -0.14163386821746826 -0.09503227472305298 0.039566244930028915 -0.06805795431137085 -0.09234370291233063 0.03835535794496536 -0.03067781776189804 0.05081732198596001 0.03217161446809769 -0.0472564697265625 -0.15017016232013702 -0.03440026938915253 -0.03021758422255516 -0.10761842876672745 0.04363429918885231 0.06599969416856766 -0.07124800980091095 0.1399913728237152 -0.07001561671495438 -0.022536003962159157 0.0033333473838865757 -0.018358122557401657 0.018760081380605698 0.08746135979890823 -0.06962821632623672 -0.1797448992729187 0.1340412050485611 -0.048349570482969284 -0.008904081769287586 0.058276958763599396 -0.029704447835683823 0.11793901026248932 -0.04337403550744057 0.09570209681987762 -0.033813316375017166 0.008027459494769573 0.004973900504410267 0.21351651847362518 -0.12865786254405975 0.03072456642985344 0.03721265494823456 -0.3109946846961975 -0.11111260205507278 0.10048704594373703 0.07904399186372757 0.07907380908727646 -0.052383601665496826 0.11206397414207458 -0.07367528229951859 0.03435678035020828 -0.1311059296131134 -0.0029814026784151793 0.2913491427898407 -0.03023798018693924 0.0580335333943367 0.1045883521437645 -0.005070088431239128 0.06177554279565811 0.056795474141836166 -0.09635348618030548 0.011754711158573627 0.07024682313203812 0.01442105881869793 0.061008747667074203 -0.06865844875574112 -0.03913574665784836 -0.019533593207597733 0.16293661296367645 0.05247030779719353 0.11607935279607773 -0.008760781027376652 -0.09826512634754181 -0.16855810582637787 0.03153805434703827 -0.03636467456817627 -0.09570538252592087 0.03459037095308304 0.08327103406190872 0.054717157036066055 -0.01570018008351326 0.02464454062283039 -0.01888839341700077 0.04281385987997055 -0.0955946147441864 -0.1679840385913849 0.1264292597770691 0.08306536078453064 0.04030533879995346 0.055930912494659424 0.04131055250763893 0.9290001840381763 0.8000848574039497 0.8100488117290487 0.9779316465502265 0.9977883704845757 0.999734699145084 0.9999265941851794 0.9999095132765867 0.9999217031990718 -0.9285438 -0.83116597 -0.8363861 -1.0288198 -1.2195725 -1.3940532 -1.4996881 -1.4824898 -1.4943852 -0.82495505 -0.60504353 -0.61683226 -1.0514115 -1.4821943 -1.8762299 -2.1147883 -2.075949 -2.1028128
0 400 0.052934180945158005 0.0865197405219078 0.04761173576116562 -0.14161428809165955 -0.07506894320249557 -0.12589678168296814 -0.0844731330871582 0.03517000004649162 -0.06049596145749092 -0.08208329230546951 0.03409365192055702 -0.02726917341351509 0.04517095535993576 0.028596991673111916 -0.042005755007267 -0.1334845870733261 -0.030578017234802246 -0.026860076934099197 -0.09566082805395126 0.03878604620695114 0.058666396886110306 -0.06333156675100327 0.12443678826093674 -0.062236107885837555 -0.02003200352191925 0.0029629755299538374 -0.01631833240389824 0.01667562872171402 0.07774343341588974 -0.06189175322651863 -0.15977326035499573 0.11914774030447006 -0.04297739639878273 -0.007914739660918713 0.05180174112319946 -0.02640395425260067 0.1048346757888794 -0.03855469822883606 0.08506853133440018 -0.030056282877922058 0.007135520223528147 0.004421244841068983 0.1897924691438675 -0.11436255276203156 0.027310727164149284 0.033077917993068695 -0.27643972635269165 -0.0987667664885521 0.08932182192802429 0.07026132941246033 0.07028783112764359 -0.04656320437788963 0.09961242973804474 -0.06548914313316345 0.030539361760020256 -0.11653860658407211 -0.0026501358952373266 0.2589770257472992 -0.026878206059336662 0.0515853650867939 0.0929674282670021 -0.004506745375692844 0.054911594837903976 0.05048486590385437 -0.08564754575490952 0.010448632761836052 0.0624416247010231 0.012818719260394573 0.05423000082373619 -0.06102973222732544 -0.03478733077645302 -0.01736319623887539 0.1448325514793396 0.04664027318358421 0.10318165272474289 -0.007787361275404692 -0.08734678477048874 -0.1498294323682785 0.028033826500177383 -0.032324157655239105 -0.08507145941257477 0.03074699640274048 0.0740187019109726 0.048637475818395615 -0.013955715112388134 0.021906258538365364 -0.01678968407213688 0.03805676847696304 -0.08497299998998642 -0.14931915700435638 0.11238157004117966 0.07383587956428528 0.035826969891786575 0.049716368317604065 0.03672049567103386 0.7253537307710723 0.5577253979264797 0.5922296809184373 0.8993749332216879 0.9884627070746522 0.9995378215081777 0.9998423882841707 0.9995287827341053 0.9996108866298488 -0.7969985 -0.736231 -0.74784255 -0.89721364 -1.0830137 -1.3484075 -1.4368675 -1.3468146 -1.362559 -0.52788204 -0.3906489 -0.41687158 -0.75420105 -1.1737992 -1.7731465 -1.9729186 -1.7695494 -1.8051052
1 400 0.052934180945158005 0.0865197405219078 0.04761173576116562 -0.14161428809165955 -0.07506894320249557 -0.12589678168296814 -0.0844731330871582 0.03517000004649162 -0.06049596145749092 -0.08208329230546951 0.03409365192055702 -0.02726917341351509 0.04517095535993576 0.028596991673111916 -0.042005755007267 -0.1334845870733261 -0.030578017234802246 -0.026860076934099197 -0.09566082805395126 0.03878604620695114 0.058666396886110306 -0.06333156675100327 0.12443678826093674 -0.062236107885837555 -0.02003200352191925 0.0029629755299538374 -0.01631833240389824 0.01667562872171402 0.07774343341588974 -0.06189175322651863 -0.15977326035499573 0.11914774030447006 -0.04297739639878273 -0.007914739660918713 0.05180174112319946 -0.02640395425260067 0.1048346757888794 -0.03855469822883606 0.08506853133440018 -0.030056282877922058 0.007135520223528147 0.004421244841068983 0.1897924691438675 -0.11436255276203156 0.027310727164149284 0.033077917993068695 -0.27643972635269165 -0.0987667664885521 0.08932182192802429 0.07026132941246033 0.07028783112764359 -0.04656320437788963 0.09961242973804474 -0.06548914313316345 0.030539361760020256 -0.11653860658407211 -0.0026501358952373266 0.2589770257472992 -0.026878206059336662 0.0515853650867939 0.0929674282670021 -0.004506745375692844 0.054911594837903976 0.05048486590385437 -0.08564754575490952 0.010448632761836052 0.0624416247010231 0.012818719260394573 0.05423000082373619 -0.06102973222732544 -0.03478733077645302 -0.01736319623887539 0.1448325514793396 0.04664027318358421 0.10318165272474289 -0.007787361275404692 -0.08734678477048874 -0.1498294323682785 0.028033826500177383 -0.032324157655239105 -0.08507145941257477 0.03074699640274048 0.0740187019109726 0.048637475818395615 -0.013955715112388134 0.021906258538365364 -0.01678968407213688 0.03805676847696304 -0.08497299998998642 -0.14931915700435638 0.11238157004117966 0.07383587956428528 0.035826969891786575 0.049716368317604065 0.03672049567103386 0.9687688871898615 0.9492951429671562 0.9274062315070118 0.9891624601086166 0.9986917140075964 0.9998275902769299 0.9999524276285744 0.9999805471398563 0.9999797886113445 -0.99949944 -0.9579942 -0.92657757 -1.0882151 -1.2628043 -1.4294896 -1.5353457 -1.6088583 -1.605714 -0.9851965 -0.8914639 -0.8205146 -1.1855459 -1.5798259 -1.9562566 -2.195315 -2.361331 -2.35423
2 400 0.052934180945158005 0.0865197405219078 0.04761173576116562 -0.14161428809165955 -0.07506894320249557 -0.12589678168296814 -0.0844731330871582 0.03517000004649162 -0.06049596145749092 -0.08208329230546951 0.03409365192055702 -0.02726917341351509 0.04517095535993576 0.028596991673111916 -0.042005755007267 -0.1334845870733261 -0.030578017234802246 -0.026860076934099197 -0.09566082805395126 0.03878604620695114 0.058666396886110306 -0.06333156675100327 0.12443678826093674 -0.062236107885837555 -0.02003200352191925 0.0029629755299538374 -0.01631833240389824 0.01667562872171402 0.07774343341588974 -0.06189175322651863 -0.15977326035499573 0.11914774030447006 -0.04297739639878273 -0.007914739660918713 0.05180174112319946 -0.02640395425260067 0.1048346757888794 -0.03855469822883606 0.08506853133440018 -0.030056282877922058 0.007135520223528147 0.004421244841068983 0.1897924691438675 -0.11436255276203156 0.027310727164149284 0.033077917993068695 -0.27643972635269165 -0.0987667664885521 0.08932182192802429 0.07026132941246033 0.07028783112764359 -0.04656320437788963 0.09961242973804474 -0.06548914313316345 0.030539361760020256 -0.11653860658407211 -0.0026501358952373266 0.2589770257472992 -0.026878206059336662 0.0515853650867939 0.0929674282670021 -0.004506745375692844 0.054911594837903976 0.05048486590385437 -0.08564754575490952 0.010448632761836052 0.0624416247010231 0.012818719260394573 0.05423000082373619 -0.06102973222732544 -0.03478733077645302 -0.01736319623887539 0.1448325514793396 0.04664027318358421 0.10318165272474289 -0.007787361275404692 -0.08734678477048874 -0.1498294323682785 0.028033826500177383 -0.032324157655239105 -0.08507145941257477 0.03074699640274048 0.0740187019109726 0.048637475818395615 -0.013955715112388134 0.021906258538365364 -0.01678968407213688 0.03805676847696304 -0.08497299998998642 -0.14931915700435638 0.11238157004117966 0.07383587956428528 0.035826969891786575 0.049716368317604065 0.03672049567103386 0.902961239594763 0.7441349508195093 0.7364071920734339 0.962940463307613 0.996289600455809 0.9990084128680001 0.999723500385837 0.9998460038757196 0.9998807068994621 -0.900524 -0.8049226 -0.80161846 -0.98493767 -1.1769165 -1.2856141 -1.3906536 -1.4387755 -1.4597683 -0.76167697 -0.5457772 -0.5383155 -0.9523109 -1.3858628 -1.6313382 -1.8685524 -1.9772276 -2.0246363
0 400 0.046317409723997116 0.07570477575063705 0.04166026785969734 -0.1239124983549118 -0.06568531692028046 -0.11015968024730682 -0.07391399145126343 0.030773747712373734 -0.052933964878320694 -0.0718228816986084 0.029831944033503532 -0.023860525339841843 0.039524585008621216 0.025022367015480995 -0.0367550328373909 -0.1167990118265152 -0.026755765080451965 -0.023502565920352936 -0.08370322734117508 0.033937789499759674 0.051333095878362656 -0.05541511997580528 0.10888218134641647 -0.05445659160614014 -0.017528003081679344 0.002592603676021099 -0.014278540387749672 0.014591175131499767 0.06802550703287125 -0.05415528267621994 -0.13980159163475037 0.10425427556037903 -0.037605222314596176 -0.006925397086888552 0.04532652348279953 -0.023103460669517517 0.09173034131526947 -0.03373536095023155 0.07443496584892273 -0.0262992475181818 0.006243580020964146 0.0038685891777276993 0.1660684049129486 -0.10006722807884216 0.02389688417315483 0.028943177312612534 -0.2418847531080246 -0.08642091602087021 0.07815659046173096 0.061478663235902786 0.06150184944272041 -0.04074279963970184 0.0871608704328537 -0.05730300024151802 0.02672193944454193 -0.10197128355503082 -0.0023188686463981867 0.2266048938035965 -0.023518428206443787 0.0451371930539608 0.08134649693965912 -0.003943401854485273 0.04804764688014984 0.044174257665872574 -0.07494160532951355 0.009142553433775902 0.05463641881942749 0.011216379702091217 0.04745124652981758 -0.05340101569890976 -0.03043891303241253 -0.015192795544862747 0.12672847509384155 0.0408102385699749 0.09028393775224686 -0.006813940592110157 -0.07642842829227448 -0.13110075891017914 0.02452959679067135 -0.028283637017011642 -0.07443752139806747 0.02690362185239792 0.06476636230945587 0.04255778715014458 -0.012211251072585583 0.019167976453900337 -0.014690972864627838 0.03329966962337494 -0.07435137033462524 -0.1306542456150055 0.09833386540412903 0.06460639089345932 0.03134859725832939 0.04350182041525841 0.03213043138384819 0.6062044225651118 0.5236049409918218 0.5236049409918218 0.8388832715856376 0.9806188512184106 0.9992169157085586 0.9997330450656138 0.9992037895644802 0.9993344061665419 -0.7526263 -0.7249326 -0.7249326 -0.85279495 -1.0397189 -1.3050365 -1.3935423 -1.303669 -1.3184092 -0.42767492 -0.36513337 -0.36513337 -0.65388894 -1.0760252 -1.6752006 -1.8750758 -1.6721122 -1.7054002
1 400 0.046317409723997116 0.07570477575063705 0.04166026785969734 -0.1239124983549118 -0.06568531692028046 -0.11015968024730682 -0.07391399145126343 0.030773747712373734 -0.052933964878320694 -0.0718228816986084 0.029831944033503532 -0.023860525339841843 0.039524585008621216 0.025022367015480995 -0.0367550328373909 -0.1167990118265152 -0.026755765080451965 -0.023502565920352936 -0.08370322734117508 0.033937789499759674 0.051333095878362656 -0.05541511997580528 0.10888218134641647 -0.05445659160614014 -0.017528003081679344 0.002592603676021099 -0.014278540387749672 0.014591175131499767 0.06802550703287125 -0.05415528267621994 -0.13980159163475037 0.10425427556037903 -0.037605222314596176 -0.006925397086888552 0.04532652348279953 -0.023103460669517517 0.09173034131526947 -0.03373536095023155 0.07443496584892273 -0.0262992475181818 0.006243580020964146 0.0038685891777276993 0.1660684049129486 -0.10006722807884216 0.02389688417315483 0.028943177312612534 -0.2418847531080246 -0.08642091602087021 0.07815659046173096 0.061478663235902786 0.06150184944272041 -0.04074279963970184 0.0871608704328537 -0.05730300024151802 0.02672193944454193 -0.10197128355503082 -0.0023188686463981867 0.2266048938035965 -0.023518428206443787 0.0451371930539608 0.08134649693965912 -0.003943401854485273 0.04804764688014984 0.044174257665872574 -0.07494160532951355 0.009142553433775902 0.05463641881942749 0.011216379702091217 0.04745124652981758 -0.05340101569890976 -0.03043891303241253 -0.015192795544862747 0.12672847509384155 0.0408102385699749 0.09028393775224686 -0.006813940592110157 -0.07642842829227448 -0.13110075891017914 0.02452959679067135 -0.028283637017011642 -0.07443752139806747 0.02690362185239792 0.06476636230945587 0.04255778715014458 -0.012211251072585583 0.019167976453900337 -0.014690972864627838 0.03329966962337494 -0.07435137033462524 -0.1306542456150055 0.09833386540412903 0.06460639089345932 0.03134859725832939 0.04350182041525841 0.03213043138384819 0.9294784352816763 0.9313861818839115 0.9025681801202059 0.9803746339890091 0.9955984856172935 0.9993543492345821 0.9998216632512601 0.9999271291226373 0.9999309963129195 -0.9291417 -0.9315646 -0.9001559 -1.0386691 -1.1628184 -1.3209114 -1.4267106 -1.5002894 -1.5047722 -0.82630527 -0.831777 -0.7608458 -1.0736544 -1.3540248 -1.7110513 -1.949981 -2.116146 -2.1262698
2 400 0.046317409723997116 0.07570477575063705 0.04166026785969734 -0.1239124983549118 -0.06568531692028046 -0.11015968024730682 -0.07391399145126343 0.030773747712373734 -0.052933964878320694 -0.0718228816986084 0.029831944033503532 -0.023860525339841843 0.039524585008621216 0.025022367015480995 -0.0367550328373909 -0.1167990118265152 -0.026755765080451965 -0.023502565920352936 -0.08370322734117508 0.033937789499759674 0.051333095878362656 -0.05541511997580528 0.10888218134641647 -0.05445659160614014 -0.017528003081679344 0.002592603676021099 -0.014278540387749672 0.014591175131499767 0.06802550703287125 -0.05415528267621994 -0.13980159163475037 0.10425427556037903 -0.037605222314596176 -0.006925397086888552 0.04532652348279953 -0.023103460669517517 0.09173034131526947 -0.03373536095023155 0.07443496584892273 -0.0262992475181818 0.006243580020964146 0.0038685891777276993 0.1660684049129486 -0.10006722807884216 0.02389688417315483 0.028943177312612534 -0.2418847531080246 -0.08642091602087021 0.07815659046173096 0.061478663235902786 0.06150184944272041 -0.04074279963970184 0.0871608704328537 -0.05730300024151802 0.02672193944454193 -0.10197128355503082 -0.0023188686463981867 0.2266048938035965 -0.023518428206443787 0.0451371930539608 0.08134649693965912 -0.003943401854485273 0.04804764688014984 0.044174257665872574 -0.07494160532951355 0.009142553433775902 0.05463641881942749 0.011216379702091217 0.04745124652981758 -0.05340101569890976 -0.03043891303241253 -0.015192795544862747 0.12672847509384155 0.0408102385699749 0.09028393775224686 -0.006813940592110157 -0.07642842829227448 -0.13110075891017914 0.02452959679067135 -0.028283637017011642 -0.07443752139806747 0.02690362185239792 0.06476636230945587 0.04255778715014458 -0.012211251072585583 0.019167976453900337 -0.014690972864627838 0.03329966962337494 -0.07435137033462524 -0.1306542456150055 0.09833386540412903 0.06460639089345932 0.03134859725832939 0.04350182041525841 0.03213043138384819 0.8655314706624296 0.7154995694882107 0.6456999504021689 0.9380583282688718 0.9928300728955398 0.9962534281242913 0.9989494381601596 0.9995664135592711 0.9997995357568813 -0.87022775 -0.7929764 -0.76650256 -0.9405608 -1.122479 -1.176116 -1.2808602 -1.3536593 -1.4170942 -0.69325805 -0.51879877 -0.45901212 -0.85209334 -1.262925 -1.3840551 -1.6206021 -1.7850068 -1.9282638
0 400 0.03970063850283623 0.0648898109793663 0.03570880368351936 -0.10621071606874466 -0.05630170553922653 -0.0944225862622261 -0.06335484981536865 0.026377499103546143 -0.045371972024440765 -0.061562471091747284 0.02557023987174034 -0.020451880991458893 0.03387821838259697 0.021447744220495224 -0.0315043181180954 -0.10011344403028488 -0.022933512926101685 -0.020145058631896973 -0.0717456266283989 0.029089534655213356 0.043999798595905304 -0.0474986769258976 0.0933275893330574 -0.046677082777023315 -0.015024003572762012 0.002222231822088361 -0.01223874930292368 0.01250672247260809 0.058307576924562454 -0.04641881585121155 -0.1198299452662468 0.089360810816288 -0.03223304823040962 -0.005936054978519678 0.0388513058423996 -0.019802967086434364 0.07862600684165955 -0.028916025534272194 0.06380140036344528 -0.022542212158441544 0.005351640284061432 0.003315933747217059 0.14234435558319092 -0.08577191829681396 0.020483044907450676 0.02480843849480152 -0.20732979476451874 -0.07407507300376892 0.06699136644601822 0.052696000784635544 0.05271587520837784 -0.03492240235209465 0.07470932602882385 -0.04911686107516289 0.022904520854353905 -0.08740396052598953 -0.001987601863220334 0.194232776761055 -0.02015865407884121 0.038689024746418 0.06972557306289673 -0.0033800590317696333 0.041183698922395706 0.03786364942789078 -0.06423566490411758 0.007836475037038326 0.046831220388412476 0.009614040143787861 0.04067249968647957 -0.04577229917049408 -0.026090499013662338 -0.013022396713495255 0.1086244210600853 0.034980207681655884 0.07738623768091202 -0.005840520840138197 -0.0655100867152214 -0.11237207800149918 0.021025370806455612 -0.02424311824142933 -0.06380359828472137 0.02306024730205536 0.055514026433229446 0.036478105932474136 -0.010466787032783031 0.01642969436943531 -0.012592263519763947 0.028542576357722282 -0.06372974812984467 -0.11198936402797699 0.0842861756682396 0.05537691339850426 0.026870228350162506 0.03728727623820305 0.02754037082195282 0.5236049409918218 0.5236049409918218 0.5236049409918218 0.7526258180977016 0.9677023024217138 0.9980409684590376 0.999458392747127 0.9986546958538193 0.9990240458619569 -0.7249326 -0.7249326 -0.7249326 -0.8086294 -0.99664843 -1.2295628 -1.3353645 -1.2605076 -1.2869217 -0.36513337 -0.36513337 -0.36513337 -0.5541485 -0.978758 -1.5047556 -1.743691 -1.5746392 -1.6342912
1 400 0.03970063850283623 0.0648898109793663 0.03570880368351936 -0.10621071606874466 -0.05630170553922653 -0.0944225862622261 -0.06335484981536865 0.026377499103546143 -0.045371972024440765 -0.061562471091747284 0.02557023987174034 -0.020451880991458893 0.03387821838259697 0.021447744220495224 -0.0315043181180954 -0.10011344403028488 -0.022933512926101685 -0.020145058631896973 -0.0717456266283989 0.029089534655213356 0.043999798595905304 -0.0474986769258976 0.0933275893330574 -0.046677082777023315 -0.015024003572762012 0.002222231822088361 -0.01223874930292368 0.01250672247260809 0.058307576924562454 -0.04641881585121155 -0.1198299452662468 0.089360810816288 -0.03223304823040962 -0.005936054978519678 0.0388513058423996 -0.019802967086434364 0.07862600684165955 -0.028916025534272194 0.06380140036344528 -0.022542212158441544 0.005351640284061432 0.003315933747217059 0.14234435558319092 -0.08577191829681396 0.020483044907450676 0.02480843849480152 -0.20732979476451874 -0.07407507300376892 0.06699136644601822 0.052696000784635544 0.05271587520837784 -0.03492240235209465 0.07470932602882385 -0.04911686107516289 0.022904520854353905 -0.08740396052598953 -0.001987601863220334 0.194232776761055 -0.02015865407884121 0.038689024746418 0.06972557306289673 -0.0033800590317696333 0.041183698922395706 0.03786364942789078 -0.06423566490411758 0.007836475037038326 0.046831220388412476 0.009614040143787861 0.04067249968647957 -0.04577229917049408 -0.026090499013662338 -0.013022396713495255 0.1086244210600853 0.034980207681655884 0.07738623768091202 -0.005840520840138197 -0.0655100867152214 -0.11237207800149918 0.021025370806455612 -0.02424311824142933 -0.06380359828472137 0.02306024730205536 0.055514026433229446 0.036478105932474136 -0.010466787032783031 0.01642969436943531 -0.012592263519763947 0.028542576357722282 -0.06372974812984467 -0.11198936402797699 0.0842861756682396 0.05537691339850426 0.026870228350162506 0.03728727623820305 0.02754037082195282 0.8172922531171745 0.853051069959736 0.7901455606749284 0.9359738097514627 0.9853585542713612 0.9975839512644936 0.9993312651691131 0.9997267690147628 0.9998186818796844 -0.8403138 -0.8617379 -0.8261498 -0.9376571 -1.0631685 -1.2122886 -1.3180218 -1.3916316 -1.4253474 -0.6257024 -0.67408514 -0.5937154 -0.8455358 -1.1289823 -1.4657449 -1.7045257 -1.8707607 -1.9469025
2 400 0.03970063850283623 0.0648898109793663 0.03570880368351936 -0.10621071606874466 -0.05630170553922653 -0.0944225862622261 -0.06335484981536865 0.026377499103546143 -0.045371972024440765 -0.061562471091747284 0.02557023987174034 -0.020451880991458893 0.03387821838259697 0.021447744220495224 -0.0315043181180954 -0.10011344403028488 -0.022933512926101685 -0.020145058631896973 -0.0717456266283989 0.029089534655213356 0.043999798595905304 -0.0474986769258976 0.0933275893330574 -0.046677082777023315 -0.015024003572762012 0.002222231822088361 -0.01223874930292368 0.01250672247260809 0.058307576924562454 -0.04641881585121155 -0.1198299452662468 0.089360810816288 -0.03223304823040962 -0.005936054978519678 0.0388513058423996 -0.019802967086434364 0.07862600684165955 -0.028916025534272194 0.06380140036344528 -0.022542212158441544 0.005351640284061432 0.003315933747217059 0.14234435558319092 -0.08577191829681396 0.020483044907450676 0.02480843849480152 -0.20732979476451874 -0.07407507300376892 0.06699136644601822 0.052696000784635544 0.05271587520837784 -0.03492240235209465 0.07470932602882385 -0.04911686107516289 0.022904520854353905 -0.08740396052598953 -0.001987601863220334 0.194232776761055 -0.02015865407884121 0.038689024746418 0.06972557306289673 -0.0033800590317696333 0.041183698922395706 0.03786364942789078 -0.06423566490411758 0.007836475037038326 0.046831220388412476 0.009614040143787861 0.04067249968647957 -0.04577229917049408 -0.026090499013662338 -0.013022396713495255 0.1086244210600853 0.034980207681655884 0.07738623768091202 -0.005840520840138197 -0.0655100867152214 -0.11237207800149918 0.021025370806455612 -0.02424311824142933 -0.06380359828472137 0.02306024730205536 0.055514026433229446 0.036478105932474136 -0.010466787032783031 0.01642969436943531 -0.012592263519763947 0.028542576357722282 -0.06372974812984467 -0.11198936402797699 0.0842861756682396 0.05537691339850426 0.026870228350162506 0.03728727623820305 0.02754037082195282 0.7571374129849809 0.6850118063696581 0.5966292605526842 0.9029940869571115 0.9751126720281674 0.9859562073989068 0.9960347515186798 0.9983554737941679 0.9994273126197922 -0.8106337 -0.7810286 -0.7493427 -0.79536283 -0.9439148 -1.0666443 -1.1714348 -1.243974 -1.3307751 -0.55867493 -0.49181673 -0.42025942 -0.6670244 -0.96121657 -1.1368316 -1.3734834 -1.5373011 -1.7333268
0 400 0.03308386355638504 0.054074838757514954 0.029757333919405937 -0.08850892633199692 -0.04691808670759201 -0.07868548482656479 -0.05279570817947388 0.021981248632073402 -0.03780997544527054 -0.05130205675959587 0.02130853198468685 -0.017043232917785645 0.028231846168637276 0.017873119562864304 -0.0262535959482193 -0.08342786878347397 -0.019111260771751404 -0.01678754761815071 -0.059788018465042114 0.02424127794802189 0.036666497588157654 -0.039582230150699615 0.07777298986911774 -0.0388975664973259 -0.012520002201199532 0.0018518597353249788 -0.010198957286775112 0.010422267951071262 0.04858964681625366 -0.03868234530091286 -0.09985828399658203 0.07446733862161636 -0.02686087228357792 -0.004946712404489517 0.032376088201999664 -0.016502471640706062 0.06552167236804962 -0.024096686393022537 0.053167831152677536 -0.018785176798701286 0.004459700081497431 0.0027632780838757753 0.11862029135227203 -0.07147659361362457 0.017069203779101372 0.02067369781434536 -0.17277482151985168 -0.061729226261377335 0.05582613870501518 0.043913330882787704 0.043929893523454666 -0.02910200133919716 0.06225776672363281 -0.04093071445822716 0.01908710040152073 -0.07283663004636765 -0.0016563348472118378 0.1618606448173523 -0.016798878088593483 0.0322408527135849 0.05810464173555374 -0.002816715743392706 0.03431974723935127 0.03155304118990898 -0.05352971702814102 0.006530395243316889 0.039026014506816864 0.00801169965416193 0.03389374911785126 -0.0381435826420784 -0.02174208126962185 -0.010851996950805187 0.09052034467458725 0.02915017120540142 0.06448853015899658 -0.00486710062250495 -0.05459173768758774 -0.09364339709281921 0.017521141096949577 -0.020202597603201866 -0.05316966027021408 0.0192168727517128 0.04626168683171272 0.030398420989513397 -0.008722322061657906 0.013691411353647709 -0.010493552312254906 0.023785479366779327 -0.05310812219977379 -0.09332446753978729 0.07023847848176956 0.0461474247276783 0.022391855716705322 0.03107273019850254 0.0229503083974123 0.3710633827017994 0.5236049409918218 0.5236049409918218 0.6399823735323452 0.9458273433708652 0.9927260882465277 0.9979786240989283 0.9977225868894168 0.9987392770439195 -0.8089869 -0.7249326 -0.7249326 -0.76445544 -0.94933826 -1.1212869 -1.2269824 -1.2171576 -1.2658522 -0.51450026 -0.36513337 -0.36513337 -0.4543891 -0.8758768 -1.2602327 -1.4989283 -1.4767408 -1.5867095
1 400 0.03308386355638504 0.054074838757514954 0.029757333919405937 -0.08850892633199692 -0.04691808670759201 -0.07868548482656479 -0.05279570817947388 0.021981248632073402 -0.03780997544527054 -0.05130205675959587 0.02130853198468685 -0.017043232917785645 0.028231846168637276 0.017873119562864304 -0.0262535959482193 -0.08342786878347397 -0.019111260771751404 -0.01678754761815071 -0.059788018465042114 0.02424127794802189 0.036666497588157654 -0.039582230150699615 0.07777298986911774 -0.0388975664973259 -0.012520002201199532 0.0018518597353249788 -0.010198957286775112 0.010422267951071262 0.04858964681625366 -0.03868234530091286 -0.09985828399658203 0.07446733862161636 -0.02686087228357792 -0.004946712404489517 0.032376088201999664 -0.016502471640706062 0.06552167236804962 -0.024096686393022537 0.053167831152677536 -0.018785176798701286 0.004459700081497431 0.0027632780838757753 0.11862029135227203 -0.07147659361362457 0.017069203779101372 0.02067369781434536 -0.17277482151985168 -0.061729226261377335 0.05582613870501518 0.043913330882787704 0.043929893523454666 -0.02910200133919716 0.06225776672363281 -0.04093071445822716 0.01908710040152073 -0.07283663004636765 -0.0016563348472118378 0.1618606448173523 -0.016798878088593483 0.0322408527135849 0.05810464173555374 -0.002816715743392706 0.03431974723935127 0.03155304118990898 -0.05352971702814102 0.006530395243316889 0.039026014506816864 0.00801169965416193 0.03389374911785126 -0.0381435826420784 -0.02174208126962185 -0.010851996950805187 0.09052034467458725 0.02915017120540142 0.06448853015899658 -0.00486710062250495 -0.05459173768758774 -0.09364339709281921 0.017521141096949577 -0.020202597603201866 -0.05316966027021408 0.0192168727517128 0.04626168683171272 0.030398420989513397 -0.008722322061657906 0.013691411353647709 -0.010493552312254906 0.023785479366779327 -0.05310812219977379 -0.09332446753978729 0.07023847848176956 0.0461474247276783 0.022391855716705322 0.03107273019850254 0.0229503083974123 0.6035483451577209 0.6874796113923702 0.5466444601390962 0.8113484507038473 0.9518806269006685 0.9910362595945397 0.9975042291307933 0.9989660524940404 0.9995357378012526 -0.75171274 -0.7819708 -0.7325472 -0.8370822 -0.96252006 -1.1039752 -1.2096134 -1.282172 -1.3480376 -0.42561185 -0.49394447 -0.38232964 -0.6184043 -0.90168476 -1.2211372 -1.4597034 -1.6235645 -1.7723111
2 400 0.03308386355638504 0.054074838757514954 0.029757333919405937 -0.08850892633199692 -0.04691808670759201 -0.07868548482656479 -0.05279570817947388 0.021981248632073402 -0.03780997544527054 -0.05130205675959587 0.02130853198468685 -0.017043232917785645 0.028231846168637276 0.017873119562864304 -0.0262535959482193 -0.08342786878347397 -0.019111260771751404 -0.01678754761815071 -0.059788018465042114 0.02424127794802189 0.036666497588157654 -0.039582230150699615 0.07777298986911774 -0.0388975664973259 -0.012520002201199532 0.0018518597353249788 -0.010198957286775112 0.010422267951071262 0.04858964681625366 -0.03868234530091286 -0.09985828399658203 0.07446733862161636 -0.02686087228357792 -0.004946712404489517 0.032376088201999664 -0.016502471640706062 0.06552167236804962 -0.024096686393022537 0.053167831152677536 -0.018785176798701286 0.004459700081497431 0.0027632780838757753 0.11862029135227203 -0.07147659361362457 0.017069203779101372 0.02067369781434536 -0.17277482151985168 -0.061729226261377335 0.05582613870501518 0.043913330882787704 0.043929893523454666 -0.02910200133919716 0.06225776672363281 -0.04093071445822716 0.01908710040152073 -0.07283663004636765 -0.0016563348472118378 0.1618606448173523 -0.016798878088593483 0.0322408527135849 0.05810464173555374 -0.002816715743392706 0.03431974723935127 0.03155304118990898 -0.05352971702814102 0.006530395243316889 0.039026014506816864 0.00801169965416193 0.03389374911785126 -0.0381435826420784 -0.02174208126962185 -0.010851996950805187 0.09052034467458725 0.02915017120540142 0.06448853015899658 -0.00486710062250495 -0.05459173768758774 -0.09364339709281921 0.017521141096949577 -0.020202597603201866 -0.05316966027021408 0.0192168727517128 0.04626168683171272 0.030398420989513397 -0.008722322061657906 0.013691411353647709 -0.010493552312254906 0.023785479366779327 -0.05310812219977379 -0.09332446753978729 0.07023847848176956 0.0461474247276783 0.022391855716705322 0.03107273019850254 0.0229503083974123 0.1374763440812988 0.5547443855627855 0.655786696836297 0.787161415746263 0.9427089855158621 0.9549425511613956 0.9851544864281515 0.9941864459764527 0.9983617296225428 -1.0072721 -0.65045774 -0.36765832 -0.3174066 -0.4373682 -0.83203965 -1.0620137 -1.1398294 -1.2442877 -0.90898407 -0.33344394 -0.10481891 -0.13360895 -0.4082474 -0.7918881 -1.1263744 -1.302108 -1.5380096
0 400 0.026467090472579002 0.0432598702609539 0.02380586788058281 -0.07080714404582977 -0.03753447160124779 -0.06294839084148407 -0.0422365665435791 0.01758500002324581 -0.03024798072874546 -0.041041646152734756 0.01704682596027851 -0.013634586706757545 0.02258547767996788 0.014298495836555958 -0.0210028775036335 -0.06674229353666306 -0.015289008617401123 -0.013430038467049599 -0.04783041402697563 0.01939302310347557 0.029333198443055153 -0.03166578337550163 0.06221839413046837 -0.031118053942918777 -0.010016001760959625 0.0014814877649769187 -0.00815916620194912 0.00833781436085701 0.03887171670794487 -0.030945876613259315 -0.07988663017749786 0.05957387015223503 -0.021488698199391365 -0.003957369830459356 0.02590087056159973 -0.013201977126300335 0.0524173378944397 -0.01927734911441803 0.04253426566720009 -0.015028141438961029 0.0035677601117640734 0.0022106224205344915 0.09489623457193375 -0.05718127638101578 0.013655363582074642 0.016538958996534348 -0.13821986317634583 -0.04938338324427605 0.044660910964012146 0.035130664706230164 0.03514391556382179 -0.023281602188944817 0.04980621486902237 -0.032744571566581726 0.015269680880010128 -0.058269303292036057 -0.0013250679476186633 0.1294885128736496 -0.013439103029668331 0.02579268254339695 0.04648371413350105 -0.002253372687846422 0.027455797418951988 0.025242432951927185 -0.04282377287745476 0.005224316380918026 0.03122081235051155 0.006409359630197287 0.027115000411868095 -0.03051486611366272 -0.01739366538822651 -0.008681598119437695 0.0724162757396698 0.023320136591792107 0.051590826362371445 -0.003893680637702346 -0.04367339238524437 -0.07491471618413925 0.014016913250088692 -0.016162078827619553 -0.042535729706287384 0.01537349820137024 0.0370093509554863 0.024318737909197807 -0.006977857556194067 0.010953129269182682 -0.00839484203606844 0.01902838423848152 -0.04248649999499321 -0.07465957850217819 0.05619078502058983 0.03691793978214264 0.017913484945893288 0.024858184158802032 0.01836024783551693 0.09399929915759962 0.2614934696209505 0.47082386127171266 0.5866997846860144 0.9454395771820079 0.9753645908809225 0.9922962068808152 0.9960975777065789 0.9983423854726198 -1.0438095 -0.8779657 -0.6626071 -0.470959 -0.4318894 -0.91476095 -1.1165313 -1.1727529 -1.2433213 -0.9317868 -0.63707757 -0.35353827 -0.16499558 -0.40908772 -0.93612885 -1.2494929 -1.37646 -1.5358269
1 400 0.026467090472579002 0.0432598702609539 0.02380586788058281 -0.07080714404582977 -0.03753447160124779 -0.06294839084148407 -0.0422365665435791 0.01758500002324581 -0.03024798072874546 -0.041041646152734756 0.01704682596027851 -0.013634586706757545 0.02258547767996788 0.014298495836555958 -0.0210028775036335 -0.06674229353666306 -0.015289008617401123 -0.013430038467049599 -0.04783041402697563 0.01939302310347557 0.029333198443055153 -0.03166578337550163 0.06221839413046837 -0.031118053942918777 -0.010016001760959625 0.0014814877649769187 -0.00815916620194912 0.00833781436085701 0.03887171670794487 -0.030945876613259315 -0.07988663017749786 0.05957387015223503 -0.021488698199391365 -0.003957369830459356 0.02590087056159973 -0.013201977126300335 0.0524173378944397 -0.01927734911441803 0.04253426566720009 -0.015028141438961029 0.0035677601117640734 0.0022106224205344915 0.09489623457193375 -0.05718127638101578 0.013655363582074642 0.016538958996534348 -0.13821986317634583 -0.04938338324427605 0.044660910964012146 0.035130664706230164 0.03514391556382179 -0.023281602188944817 0.04980621486902237 -0.032744571566581726 0.015269680880010128 -0.058269303292036057 -0.0013250679476186633 0.1294885128736496 -0.013439103029668331 0.02579268254339695 0.04648371413350105 -0.002253372687846422 0.027455797418951988 0.025242432951927185 -0.04282377287745476 0.005224316380918026 0.03122081235051155 0.006409359630197287 0.027115000411868095 -0.03051486611366272 -0.01739366538822651 -0.008681598119437695 0.0724162757396698 0.023320136591792107 0.051590826362371445 -0.003893680637702346 -0.04367339238524437 -0.07491471618413925 0.014016913250088692 -0.016162078827619553 -0.042535729706287384 0.01537349820137024 0.0370093509554863 0.024318737909197807 -0.006977857556194067 0.010953129269182682 -0.00839484203606844 0.01902838423848152 -0.04248649999499321 -0.07465957850217819 0.05619078502058983 0.03691793978214264 0.017913484945893288 0.024858184158802032 0.01836024783551693 0.08098887470388295 0.34903023394648025 0.5236049409918218 0.553869330117585 0.8514870220891094 0.9667172842940704 0.9904156478167561 0.9961198091979785 0.9987905958380713 -1.065863 -0.8219091 -0.7249326 -0.7349471 -0.86071676 -0.9940952 -1.0984206 -1.1732242 -1.2692727 -0.9709765 -0.5374635 -0.36513337 -0.38774943 -0.67177904 -0.9729918 -1.2085932 -1.3775247 -1.5944338
2 400 0.026467090472579002 0.0432598702609539 0.02380586788058281 -0.07080714404582977 -0.03753447160124779 -0.06294839084148407 -0.0422365665435791 0.01758500002324581 -0.03024798072874546 -0.041041646152734756 0.01704682596027851 -0.013634586706757545 0.02258547767996788 0.014298495836555958 -0.0210028775036335 -0.06674229353666306 -0.015289008617401123 -0.013430038467049599 -0.04783041402697563 0.01939302310347557 0.029333198443055153 -0.03166578337550163 0.06221839413046837 -0.031118053942918777 -0.010016001760959625 0.0014814877649769187 -0.00815916620194912 0.00833781436085701 0.03887171670794487 -0.030945876613259315 -0.07988663017749786 0.05957387015223503 -0.021488698199391365 -0.003957369830459356 0.02590087056159973 -0.013201977126300335 0.0524173378944397 -0.01927734911441803 0.04253426566720009 -0.015028141438961029 0.0035677601117640734 0.0022106224205344915 0.09489623457193375 -0.05718127638101578 0.013655363582074642 0.016538958996534348 -0.13821986317634583 -0.04938338324427605 0.044660910964012146 0.035130664706230164 0.03514391556382179 -0.023281602188944817 0.04980621486902237 -0.032744571566581726 0.015269680880010128 -0.058269303292036057 -0.0013250679476186633 0.1294885128736496 -0.013439103029668331 0.02579268254339695 0.04648371413350105 -0.002253372687846422 0.027455797418951988 0.025242432951927185 -0.04282377287745476 0.005224316380918026 0.03122081235051155 0.006409359630197287 0.027115000411868095 -0.03051486611366272 -0.01739366538822651 -0.008681598119437695 0.0724162757396698 0.023320136591792107 0.051590826362371445 -0.003893680637702346 -0.04367339238524437 -0.07491471618413925 0.014016913250088692 -0.016162078827619553 -0.042535729706287384 0.01537349820137024 0.0370093509554863 0.024318737909197807 -0.006977857556194067 0.010953129269182682 -0.00839484203606844 0.01902838423848152 -0.04248649999499321 -0.07465957850217819 0.05619078502058983 0.03691793978214264 0.017913484945893288 0.024858184158802032 0.01836024783551693 0.08382474040795908 0.24943037775199473 0.49979736675687547 0.5082504585540372 0.8496489520534005 0.920341093426241 0.9706971549516262 0.9870118255883444 0.9963599046443973 -0.938722 -0.6077587 -0.38568404 -0.22028142 -0.39634305 -0.62892383 -0.8613283 -1.052542 -1.1784947 -0.8353174 -0.41584885 -0.1271432 0.022411376 -0.25201026 -0.54126614 -0.8681129 -1.1329745 -1.3894272
0 400 0.019850319251418114 0.03244490548968315 0.01785440184175968 -0.05310535803437233 -0.028150852769613266 -0.04721129313111305 -0.031677424907684326 0.013188749551773071 -0.022685986012220383 -0.030781235545873642 0.01278511993587017 -0.010225940495729446 0.016939109191298485 0.010723872110247612 -0.0157521590590477 -0.05005672201514244 -0.011466756463050842 -0.010072529315948486 -0.03587281331419945 0.014544767327606678 0.021999899297952652 -0.0237493384629488 0.0466637946665287 -0.023338541388511658 -0.007512001786381006 0.0011111159110441804 -0.00611937465146184 0.006253361236304045 0.029153788462281227 -0.023209407925605774 -0.0599149726331234 0.044680405408144 -0.01611652411520481 -0.002968027489259839 0.0194256529211998 -0.009901483543217182 0.03931300342082977 -0.014458012767136097 0.03190070018172264 -0.011271106079220772 0.002675820142030716 0.0016579668736085296 0.07117217779159546 -0.04288595914840698 0.010241522453725338 0.01240421924740076 -0.10366489738225937 -0.03703753650188446 0.03349568322300911 0.026348000392317772 0.02635793760418892 -0.017461201176047325 0.037354663014411926 -0.024558430537581444 0.011452260427176952 -0.043701980262994766 -0.000993800931610167 0.0971163883805275 -0.010079327039420605 0.019344512373209 0.034862786531448364 -0.0016900295158848166 0.020591849461197853 0.01893182471394539 -0.03211783245205879 0.003918237518519163 0.023415610194206238 0.0048070200718939304 0.020336249843239784 -0.02288614958524704 -0.013045249506831169 -0.006511198356747627 0.05431221053004265 0.017490103840827942 0.03869311884045601 -0.0029202604200690985 -0.0327550433576107 -0.05618603900074959 0.010512685403227806 -0.012121559120714664 -0.03190179914236069 0.01153012365102768 0.027757013216614723 0.018239052966237068 -0.005233393516391516 0.008214847184717655 -0.006296131759881973 0.014271288178861141 -0.03186487406492233 -0.055994682013988495 0.0421430878341198 0.02768845669925213 0.013435114175081253 0.018643638119101524 0.01377018541097641 0.1159135567522657 0.26420017085469805 0.37903168670430804 0.5851687358383455 0.9189417867294043 0.9452332366928317 0.9797480328558174 0.9913704631905037 0.997624002027128 -1.0121896 -0.85255754 -0.67109174 -0.42369822 -0.4031044 -0.782263 -1.036033 -1.1071262 -1.213666 -0.87559724 -0.61759114 -0.4149079 -0.12173426 -0.3358089 -0.7241429 -1.0677012 -1.2282535 -1.4688555
1 400 0.019850319251418114 0.03244490548968315 0.01785440184175968 -0.05310535803437233 -0.028150852769613266 -0.04721129313111305 -0.031677424907684326 0.013188749551773071 -0.022685986012220383 -0.030781235545873642 0.01278511993587017 -0.010225940495729446 0.016939109191298485 0.010723872110247612 -0.0157521590590477 -0.05005672201514244 -0.011466756463050842 -0.010072529315948486 -0.03587281331419945 0.014544767327606678 0.021999899297952652 -0.0237493384629488 0.0466637946665287 -0.023338541388511658 -0.007512001786381006 0.0011111159110441804 -0.00611937465146184 0.006253361236304045 0.029153788462281227 -0.023209407925605774 -0.0599149726331234 0.044680405408144 -0.01611652411520481 -0.002968027489259839 0.0194256529211998 -0.009901483543217182 0.03931300342082977 -0.014458012767136097 0.03190070018172264 -0.011271106079220772 0.002675820142030716 0.0016579668736085296 0.07117217779159546 -0.04288595914840698 0.010241522453725338 0.01240421924740076 -0.10366489738225937 -0.03703753650188446 0.03349568322300911 0.026348000392317772 0.02635793760418892 -0.017461201176047325 0.037354663014411926 -0.024558430537581444 0.011452260427176952 -0.043701980262994766 -0.000993800931610167 0.0971163883805275 -0.010079327039420605 0.019344512373209 0.034862786531448364 -0.0016900295158848166 0.020591849461197853 0.01893182471394539 -0.03211783245205879 0.003918237518519163 0.023415610194206238 0.0048070200718939304 0.020336249843239784 -0.02288614958524704 -0.013045249506831169 -0.006511198356747627 0.05431221053004265 0.017490103840827942 0.03869311884045601 -0.0029202604200690985 -0.0327550433576107 -0.05618603900074959 0.010512685403227806 -0.012121559120714664 -0.03190179914236069 0.01153012365102768 0.027757013216614723 0.018239052966237068 -0.005233393516391516 0.008214847184717655 -0.006296131759881973 0.014271288178861141 -0.03186487406492233 -0.055994682013988495 0.0421430878341198 0.02768845669925213 0.013435114175081253 0.018643638119101524 0.01377018541097641 0.07767284863655327 0.20255384793992942 0.3879310934849873 0.5645881428459271 0.6756568369534628 0.9083409272764001 0.9674285888016811 0.9886512623968409 0.996672964747167 -1.0719976 -0.82236654 -0.78003496 -0.69970554 -0.63086015 -0.71047264 -0.9959315 -1.084384 -1.1859128 -0.98187804 -0.612581 -0.4773044 -0.32164636 -0.35179293 -0.59757066 -0.97713876 -1.1768936 -1.4061798
2 400 0.019850319251418114 0.03244490548968315 0.01785440184175968 -0.05310535803437233 -0.028150852769613266 -0.04721129313111305 -0.031677424907684326 0.013188749551773071 -0.022685986012220383 -0.030781235545873642 0.01278511993587017 -0.010225940495729446 0.016939109191298485 0.010723872110247612 -0.0157521590590477 -0.05005672201514244 -0.011466756463050842 -0.010072529315948486 -0.03587281331419945 0.014544767327606678 0.021999899297952652 -0.0237493384629488 0.0466637946665287 -0.023338541388511658 -0.007512001786381006 0.0011111159110441804 -0.00611937465146184 0.006253361236304045 0.029153788462281227 -0.023209407925605774 -0.0599149726331234 0.044680405408144 -0.01611652411520481 -0.002968027489259839 0.0194256529211998 -0.009901483543217182 0.03931300342082977 -0.014458012767136097 0.03190070018172264 -0.011271106079220772 0.002675820142030716 0.0016579668736085296 0.07117217779159546 -0.04288595914840698 0.010241522453725338 0.01240421924740076 -0.10366489738225937 -0.03703753650188446 0.03349568322300911 0.026348000392317772 0.02635793760418892 -0.017461201176047325 0.037354663014411926 -0.024558430537581444 0.011452260427176952 -0.043701980262994766 -0.000993800931610167 0.0971163883805275 -0.010079327039420605 0.019344512373209 0.034862786531448364 -0.0016900295158848166 0.020591849461197853 0.01893182471394539 -0.03211783245205879 0.003918237518519163 0.023415610194206238 0.0048070200718939304 0.020336249843239784 -0.02288614958524704 -0.013045249506831169 -0.006511198356747627 0.05431221053004265 0.017490103840827942 0.03869311884045601 -0.0029202604200690985 -0.0327550433576107 -0.05618603900074959 0.010512685403227806 -0.012121559120714664 -0.03190179914236069 0.01153012365102768 0.027757013216614723 0.018239052966237068 -0.005233393516391516 0.008214847184717655 -0.006296131759881973 0.014271288178861141 -0.03186487406492233 -0.055994682013988495 0.0421430878341198 0.02768845669925213 0.013435114175081253 0.018643638119101524 0.01377018541097641 0.05807474544779057 0.15111372180315683 0.28928466962381444 0.5060752072914915 0.6785007038186416 0.8634496996138754 0.9514691142346762 0.9778194028713094 0.9928556214631518 -0.93187517 -0.80247587 -0.4811091 -0.21532404 -0.3436309 -0.48238504 -0.7340538 -0.95758456 -1.1227745 -0.8676497 -0.6381477 -0.298344 0.027415454 -0.09460342 -0.34203368 -0.6949589 -0.9866872 -1.2635924
0 400 0.013233545236289501 0.02162993513047695 0.011902933940291405 -0.035403572022914886 -0.018767235800623894 -0.031474195420742035 -0.02111828327178955 0.008792500011622906 -0.01512399036437273 -0.020520823076367378 0.008523412980139256 -0.006817293353378773 0.01129273883998394 0.007149247918277979 -0.01050143875181675 -0.03337114676833153 -0.0076445043087005615 -0.006715019233524799 -0.023915207013487816 0.009696511551737785 0.014666599221527576 -0.015832891687750816 0.031109197065234184 -0.015559026971459389 -0.005008000880479813 0.0007407438824884593 -0.00407958310097456 0.004168907180428505 0.019435858353972435 -0.015472938306629658 -0.03994331508874893 0.029786935076117516 -0.010744349099695683 -0.001978684915229678 0.012950435280799866 -0.0066009885631501675 0.02620866894721985 -0.009638674557209015 0.021267132833600044 -0.0075140707194805145 0.0017838800558820367 0.0011053112102672458 0.04744811728596687 -0.02859063819050789 0.006827681791037321 0.008269479498267174 -0.06910993158817291 -0.024691691622138023 0.022330455482006073 0.017565332353115082 0.017571957781910896 -0.011640801094472408 0.024903107434511185 -0.016372285783290863 0.007634840440005064 -0.029134651646018028 -0.0006625339738093317 0.0647442564368248 -0.006719551514834166 0.012896341271698475 0.023241857066750526 -0.001126686343923211 0.013727898709475994 0.012621216475963593 -0.02141188643872738 0.002612158190459013 0.015610406175255775 0.0032046798150986433 0.013557500205934048 -0.01525743305683136 -0.008696832694113255 -0.004340799059718847 0.0362081378698349 0.011660068295896053 0.025795413181185722 -0.001946840318851173 -0.021836696192622185 -0.037457358092069626 0.007008456625044346 -0.008081039413809776 -0.021267864853143692 0.00768674910068512 0.01850467547774315 0.012159368954598904 -0.0034889287780970335 0.005476564634591341 -0.00419742101803422 0.00951419211924076 -0.021243249997496605 -0.037329789251089096 0.028095392510294914 0.01845896989107132 0.008956742472946644 0.012429092079401016 0.009180123917758465 0.10438699212341003 0.22509969492454152 0.37417141178986296 0.655649894576434 0.7927654714799359 0.899859991697709 0.9649139466340427 0.9843923336021273 0.9953915500115049 -1.0046902 -0.9047122 -0.65432036 -0.44718435 -0.4005255 -0.6486338 -0.8482909 -1.0395337 -1.1590247 -0.87957513 -0.6846069 -0.40993536 -0.19737741 -0.21222524 -0.53096193 -0.83560133 -1.1004573 -1.3454573
1 400 0.013233545236289501 0.02162993513047695 0.011902933940291405 -0.035403572022914886 -0.018767235800623894 -0.031474195420742035 -0.02111828327178955 0.008792500011622906 -0.01512399036437273 -0.020520823076367378 0.008523412980139256 -0.006817293353378773 0.01129273883998394 0.007149247918277979 -0.01050143875181675 -0.03337114676833153 -0.0076445043087005615 -0.006715019233524799 -0.023915207013487816 0.009696511551737785 0.014666599221527576 -0.015832891687750816 0.031109197065234184 -0.015559026971459389 -0.005008000880479813 0.0007407438824884593 -0.00407958310097456 0.004168907180428505 0.019435858353972435 -0.015472938306629658 -0.03994331508874893 0.029786935076117516 -0.010744349099695683 -0.001978684915229678 0.012950435280799866 -0.0066009885631501675 0.02620866894721985 -0.009638674557209015 0.021267132833600044 -0.0075140707194805145 0.0017838800558820367 0.0011053112102672458 0.04744811728596687 -0.02859063819050789 0.006827681791037321 0.008269479498267174 -0.06910993158817291 -0.024691691622138023 0.022330455482006073 0.017565332353115082 0.017571957781910896 -0.011640801094472408 0.024903107434511185 -0.016372285783290863 0.007634840440005064 -0.029134651646018028 -0.0006625339738093317 0.0647442564368248 -0.006719551514834166 0.012896341271698475 0.023241857066750526 -0.001126686343923211 0.013727898709475994 0.012621216475963593 -0.02141188643872738 0.002612158190459013 0.015610406175255775 0.0032046798150986433 0.013557500205934048 -0.01525743305683136 -0.008696832694113255 -0.004340799059718847 0.0362081378698349 0.011660068295896053 0.025795413181185722 -0.001946840318851173 -0.021836696192622185 -0.037457358092069626 0.007008456625044346 -0.008081039413809776 -0.021267864853143692 0.00768674910068512 0.01850467547774315 0.012159368954598904 -0.0034889287780970335 0.005476564634591341 -0.00419742101803422 0.00951419211924076 -0.021243249997496605 -0.037329789251089096 0.028095392510294914 0.01845896989107132 0.008956742472946644 0.012429092079401016 0.009180123917758465 0.057277275553809535 0.1313670586241109 0.26956940725958084 0.5426559193046072 0.5455010351282927 0.8588315866225534 0.9453783714179514 0.9769564894358778 0.9932325061784053 -1.0372262 -0.84225476 -0.8418938 -0.64944 -0.6186789 -0.59840804 -0.8940703 -1.0251834 -1.1272607 -0.9784198 -0.6850203 -0.59551466 -0.28871438 -0.27927977 -0.4421978 -0.8251354 -1.0431993 -1.2737237
2 400 0.013233545236289501 0.02162993513047695 0.011902933940291405 -0.035403572022914886 -0.018767235800623894 -0.031474195420742035 -0.02111828327178955 0.008792500011622906 -0.01512399036437273 -0.020520823076367378 0.008523412980139256 -0.006817293353378773 0.01129273883998394 0.007149247918277979 -0.01050143875181675 -0.03337114676833153 -0.0076445043087005615 -0.006715019233524799 -0.023915207013487816 0.009696511551737785 0.014666599221527576 -0.015832891687750816 0.031109197065234184 -0.015559026971459389 -0.005008000880479813 0.0007407438824884593 -0.00407958310097456 0.004168907180428505 0.019435858353972435 -0.015472938306629658 -0.03994331508874893 0.029786935076117516 -0.010744349099695683 -0.001978684915229678 0.012950435280799866 -0.0066009885631501675 0.02620866894721985 -0.009638674557209015 0.021267132833600044 -0.0075140707194805145 0.0017838800558820367 0.0011053112102672458 0.04744811728596687 -0.02859063819050789 0.006827681791037321 0.008269479498267174 -0.06910993158817291 -0.024691691622138023 0.022330455482006073 0.017565332353115082 0.017571957781910896 -0.011640801094472408 0.024903107434511185 -0.016372285783290863 0.007634840440005064 -0.029134651646018028 -0.0006625339738093317 0.0647442564368248 -0.006719551514834166 0.012896341271698475 0.023241857066750526 -0.001126686343923211 0.013727898709475994 0.012621216475963593 -0.02141188643872738 0.002612158190459013 0.015610406175255775 0.0032046798150986433 0.013557500205934048 -0.01525743305683136 -0.008696832694113255 -0.004340799059718847 0.0362081378698349 0.011660068295896053 0.025795413181185722 -0.001946840318851173 -0.021836696192622185 -0.037457358092069626 0.007008456625044346 -0.008081039413809776 -0.021267864853143692 0.00768674910068512 0.01850467547774315 0.012159368954598904 -0.0034889287780970335 0.005476564634591341 -0.00419742101803422 0.00951419211924076 -0.021243249997496605 -0.037329789251089096 0.028095392510294914 0.01845896989107132 0.008956742472946644 0.012429092079401016 0.009180123917758465 0.03556684627328866 0.09388274469791197 0.1898927170329118 0.41996022181584286 0.5609538734474664 0.7499609703020933 0.902976596821256 0.9546263201837947 0.9859286095534897 -0.9919667 -0.8965506 -0.63969404 -0.34430784 -0.2893818 -0.4996968 -0.75156635 -0.96758646 -1.0664806 -0.9813428 -0.77913916 -0.485915 -0.12094411 -0.040606618 -0.27437198 -0.62756467 -0.91312623 -1.136462
0 400 0.006616772618144751 0.010814967565238476 0.005951466970145702 -0.017701786011457443 -0.009383617900311947 -0.015737097710371017 -0.010559141635894775 0.004396250005811453 -0.007561995182186365 -0.010260411538183689 0.004261706490069628 -0.0034086466766893864 0.00564636941999197 0.0035746239591389894 -0.005250719375908375 -0.016685573384165764 -0.0038222521543502808 -0.0033575096167623997 -0.011957603506743908 0.004848255775868893 0.007333299610763788 -0.007916445843875408 0.015554598532617092 -0.007779513485729694 -0.0025040004402399063 0.0003703719412442297 -0.00203979155048728 0.0020844535902142525 0.009717929176986217 -0.007736469153314829 -0.019971657544374466 0.014893467538058758 -0.005372174549847841 -0.000989342457614839 0.006475217640399933 -0.0033004942815750837 0.013104334473609924 -0.0048193372786045074 0.010633566416800022 -0.0037570353597402573 0.0008919400279410183 0.0005526556051336229 0.023724058642983437 -0.014295319095253944 0.0034138408955186605 0.004134739749133587 -0.034554965794086456 -0.012345845811069012 0.011165227741003036 0.008782666176557541 0.008785978890955448 -0.005820400547236204 0.012451553717255592 -0.008186142891645432 0.003817420220002532 -0.014567325823009014 -0.00033126698690466583 0.0323721282184124 -0.003359775757417083 0.0064481706358492374 0.011620928533375263 -0.0005633431719616055 0.006863949354737997 0.006310608237981796 -0.01070594321936369 0.0013060790952295065 0.007805203087627888 0.0016023399075493217 0.006778750102967024 -0.00762871652841568 -0.004348416347056627 -0.0021703995298594236 0.01810406893491745 0.005830034147948027 0.012897706590592861 -0.0009734201594255865 -0.010918348096311092 -0.018728679046034813 0.003504228312522173 -0.004040519706904888 -0.010633932426571846 0.00384337455034256 0.009252337738871574 0.006079684477299452 -0.0017444643890485168 0.0027382823172956705 -0.00209871050901711 0.00475709605962038 -0.010621624998748302 -0.018664894625544548 0.014047696255147457 0.00922948494553566 0.004478371236473322 0.006214546039700508 0.004590061958879232 0.06521786318725611 0.15830904078393002 0.3462602863903277 0.6224568806589253 0.7007813776753442 0.8208161922928837 0.9312293909019069 0.9682096833723645 0.9902754185756141 -1.064465 -0.963438 -0.7246724 -0.48002225 -0.4279132 -0.56388116 -0.750506 -0.966562 -1.097215 -0.9928644 -0.78896433 -0.5152462 -0.23200542 -0.18212023 -0.3794372 -0.66846555 -0.9534918 -1.2058706
1 400 0.006616772618144751 0.010814967565238476 0.005951466970145702 -0.017701786011457443 -0.009383617900311947 -0.015737097710371017 -0.010559141635894775 0.004396250005811453 -0.007561995182186365 -0.010260411538183689 0.004261706490069628 -0.0034086466766893864 0.00564636941999197 0.0035746239591389894 -0.005250719375908375 -0.016685573384165764 -0.0038222521543502808 -0.0033575096167623997 -0.011957603506743908 0.004848255775868893 0.007333299610763788 -0.007916445843875408 0.015554598532617092 -0.007779513485729694 -0.0025040004402399063 0.0003703719412442297 -0.00203979155048728 0.0020844535902142525 0.009717929176986217 -0.007736469153314829 -0.019971657544374466 0.014893467538058758 -0.005372174549847841 -0.000989342457614839 0.006475217640399933 -0.0033004942815750837 0.013104334473609924 -0.0048193372786045074 0.010633566416800022 -0.0037570353597402573 0.0008919400279410183 0.0005526556051336229 0.023724058642983437 -0.014295319095253944 0.0034138408955186605 0.004134739749133587 -0.034554965794086456 -0.012345845811069012 0.011165227741003036 0.008782666176557541 0.008785978890955448 -0.005820400547236204 0.012451553717255592 -0.008186142891645432 0.003817420220002532 -0.014567325823009014 -0.00033126698690466583 0.0323721282184124 -0.003359775757417083 0.0064481706358492374 0.011620928533375263 -0.0005633431719616055 0.006863949354737997 0.006310608237981796 -0.01070594321936369 0.0013060790952295065 0.007805203087627888 0.0016023399075493217 0.006778750102967024 -0.00762871652841568 -0.004348416347056627 -0.0021703995298594236 0.01810406893491745 0.005830034147948027 0.012897706590592861 -0.0009734201594255865 -0.010918348096311092 -0.018728679046034813 0.003504228312522173 -0.004040519706904888 -0.010633932426571846 0.00384337455034256 0.009252337738871574 0.006079684477299452 -0.0017444643890485168 0.0027382823172956705 -0.00209871050901711 0.00475709605962038 -0.010621624998748302 -0.018664894625544548 0.014047696255147457 0.00922948494553566 0.004478371236473322 0.006214546039700508 0.004590061958879232 0.03574926041726472 0.0774048367835967 0.17574148817530708 0.38382916978112525 0.5123425884538456 0.7141077019484691 0.8997393822084526 0.9569827851233716 0.9866689520253028 -1.0520561 -0.9089714 -0.91097534 -0.7376783 -0.61957484 -0.64356935 -0.86653674 -0.97217315 -1.0709852 -1.0431569 -0.8131089 -0.722005 -0.43585986 -0.2887162 -0.4294607 -0.7270278 -0.92348456 -1.1466348
2 400 0.006616772618144751 0.010814967565238476 0.005951466970145702 -0.017701786011457443 -0.009383617900311947 -0.015737097710371017 -0.010559141635894775 0.004396250005811453 -0.007561995182186365 -0.010260411538183689 0.004261706490069628 -0.0034086466766893864 0.00564636941999197 0.0035746239591389894 -0.005250719375908375 -0.016685573384165764 -0.0038222521543502808 -0.0033575096167623997 -0.011957603506743908 0.004848255775868893 0.007333299610763788 -0.007916445843875408 0.015554598532617092 -0.007779513485729694 -0.0025040004402399063 0.0003703719412442297 -0.00203979155048728 0.0020844535902142525 0.009717929176986217 -0.007736469153314829 -0.019971657544374466 0.014893467538058758 -0.005372174549847841 -0.000989342457614839 0.006475217640399933 -0.0033004942815750837 0.013104334473609924 -0.0048193372786045074 0.010633566416800022 -0.0037570353597402573 0.0008919400279410183 0.0005526556051336229 0.023724058642983437 -0.014295319095253944 0.0034138408955186605 0.004134739749133587 -0.034554965794086456 -0.012345845811069012 0.011165227741003036 0.008782666176557541 0.008785978890955448 -0.005820400547236204 0.012451553717255592 -0.008186142891645432 0.003817420220002532 -0.014567325823009014 -0.00033126698690466583 0.0323721282184124 -0.003359775757417083 0.0064481706358492374 0.011620928533375263 -0.0005633431719616055 0.006863949354737997 0.006310608237981796 -0.01070594321936369 0.0013060790952295065 0.007805203087627888 0.0016023399075493217 0.006778750102967024 -0.00762871652841568 -0.004348416347056627 -0.0021703995298594236 0.01810406893491745 0.005830034147948027 0.012897706590592861 -0.0009734201594255865 -0.010918348096311092 -0.018728679046034813 0.003504228312522173 -0.004040519706904888 -0.010633932426571846 0.00384337455034256 0.009252337738871574 0.006079684477299452 -0.0017444643890485168 0.0027382823172956705 -0.00209871050901711 0.00475709605962038 -0.010621624998748302 -0.018664894625544548 0.014047696255147457 0.00922948494553566 0.004478371236473322 0.006214546039700508 0.004590061958879232 0.021521578842412216 0.05837042476672727 0.11207476068535616 0.27932442485748593 0.3899930426527461 0.5290156642053476 0.815339696970367 0.9138589290860021 0.972479512347538 -1.056878 -0.9571937 -0.8731369 -0.53899455 -0.4755543 -0.56880426 -0.76900226 -0.91130245 -1.010211 -1.1003246 -0.89337945 -0.74219227 -0.34327367 -0.24440151 -0.30791897 -0.560035 -0.7860184 -1.0093868
0 400 -0.0 -0.0 -0.0 0.0 0.0 0.0 0.0 -0.0 0.0 0.0 -0.0 0.0 -0.0 -0.0 0.0 0.0 0.0 0.0 0.0 -0.0 -0.0 0.0 -0.0 0.0 0.0 -0.0 0.0 -0.0 -0.0 0.0 0.0 -0.0 0.0 0.0 -0.0 0.0 -0.0 0.0 -0.0 0.0 -0.0 -0.0 -0.0 0.0 -0.0 -0.0 0.0 0.0 -0.0 -0.0 -0.0 0.0 -0.0 0.0 -0.0 0.0 0.0 -0.0 0.0 -0.0 -0.0 0.0 -0.0 -0.0 0.0 -0.0 -0.0 -0.0 -0.0 0.0 0.0 0.0 -0.0 -0.0 -0.0 0.0 0.0 0.0 -0.0 0.0 0.0 -0.0 -0.0 -0.0 0.0 -0.0 0.0 -0.0 0.0 0.0 -0.0 -0.0 -0.0 -0.0 -0.0 0.04005928573797189 0.1043245536929061 0.22990149374712165 0.44212258483402817 0.590140465129662 0.7052021005143219 0.854614235363471 0.9245819920714546 0.9741973190339283 -1.1245565 -1.0281806 -0.8072932 -0.66795903 -0.5767844 -0.53523374 -0.78138673 -0.9681139 -1.0762229 -1.1065575 -0.90401375 -0.6133988 -0.42976376 -0.3377225 -0.30995804 -0.6358547 -0.9008744 -1.1403391
1 400 -0.0 -0.0 -0.0 0.0 0.0 0.0 0.0 -0.0 0.0 0.0 -0.0 0.0 -0.0 -0.0 0.0 0.0 0.0 0.0 0.0 -0.0 -0.0 0.0 -0.0 0.0 0.0 -0.0 0.0 -0.0 -0.0 0.0 0.0 -0.0 0.0 0.0 -0.0 0.0 -0.0 0.0 -0.0 0.0 -0.0 -0.0 -0.0 0.0 -0.0 -0.0 0.0 0.0 -0.0 -0.0 -0.0 0.0 -0.0 0.0 -0.0 0.0 0.0 -0.0 0.0 -0.0 -0.0 0.0 -0.0 -0.0 0.0 -0.0 -0.0 -0.0 -0.0 0.0 0.0 0.0 -0.0 -0.0 -0.0 0.0 0.0 0.0 -0.0 0.0 0.0 -0.0 -0.0 -0.0 0.0 -0.0 0.0 -0.0 0.0 0.0 -0.0 -0.0 -0.0 -0.0 -0.0 0.019609271736195213 0.043238945796683234 0.10970273080890615 0.24863687923460484 0.34221819071161985 0.51949521828721 0.7333793760436845 0.862379849633927 0.9520219927186817 -1.1488789 -1.0059116 -0.98008025 -0.8201146 -0.73735857 -0.70926845 -0.91332346 -0.9949726 -1.1003115 -1.2052698 -0.9754977 -0.84848464 -0.5838171 -0.46413177 -0.46485543 -0.75677407 -0.9369855 -1.1717075
2 400 -0.0 -0.0 -0.0 0.0 0.0 0.0 0.0 -0.0 0.0 0.0 -0.0 0.0 -0.0 -0.0 0.0 0.0 0.0 0.0 0.0 -0.0 -0.0 0.0 -0.0 0.0 0.0 -0.0 0.0 -0.0 -0.0 0.0 0.0 -0.0 0.0 0.0 -0.0 0.0 -0.0 0.0 -0.0 0.0 -0.0 -0.0 -0.0 0.0 -0.0 -0.0 0.0 0.0 -0.0 -0.0 -0.0 0.0 -0.0 0.0 -0.0 0.0 0.0 -0.0 0.0 -0.0 -0.0 0.0 -0.0 -0.0 0.0 -0.0 -0.0 -0.0 -0.0 0.0 0.0 0.0 -0.0 -0.0 -0.0 0.0 0.0 0.0 -0.0 0.0 0.0 -0.0 -0.0 -0.0 0.0 -0.0 0.0 -0.0 0.0 0.0 -0.0 -0.0 -0.0 -0.0 -0.0 0.012369690596356835 0.03414914732323634 0.07053436486541391 0.16874654303867564 0.2550240163651047 0.46220306445750203 0.5448521680871817 0.7315162094789188 0.8902186370738179 -1.165206 -1.0654331 -0.9760525 -0.7590083 -0.67040366 -0.6914206 -0.878042 -0.9596486 -1.0711685 -1.2689785 -1.0617766 -0.8927349 -0.5887625 -0.46685034 -0.43534723 -0.6671901 -0.84729564 -1.0926015
0 400 -0.006616772618144751 -0.010814967565238476 -0.005951466970145702 0.017701786011457443 0.009383617900311947 0.015737097710371017 0.010559141635894775 -0.004396250005811453 0.007561995182186365 0.010260411538183689 -0.004261706490069628 0.0034086466766893864 -0.00564636941999197 -0.0035746239591389894 0.005250719375908375 0.016685573384165764 0.0038222521543502808 0.0033575096167623997 0.011957603506743908 -0.004848255775868893 -0.007333299610763788 0.007916445843875408 -0.015554598532617092 0.007779513485729694 0.0025040004402399063 -0.0003703719412442297 0.00203979155048728 -0.0020844535902142525 -0.009717929176986217 0.007736469153314829 0.019971657544374466 -0.014893467538058758 0.005372174549847841 0.000989342457614839 -0.006475217640399933 0.0033004942815750837 -0.013104334473609924 0.0048193372786045074 -0.010633566416800022 0.0037570353597402573 -0.0008919400279410183 -0.0005526556051336229 -0.023724058642983437 0.014295319095253944 -0.0034138408955186605 -0.004134739749133587 0.034554965794086456 0.012345845811069012 -0.011165227741003036 -0.008782666176557541 -0.008785978890955448 0.005820400547236204 -0.012451553717255592 0.008186142891645432 -0.003817420220002532 0.014567325823009014 0.00033126698690466583 -0.0323721282184124 0.003359775757417083 -0.0064481706358492374 -0.011620928533375263 0.0005633431719616055 -0.006863949354737997 -0.006310608237981796 0.01070594321936369 -0.0013060790952295065 -0.007805203087627888 -0.0016023399075493217 -0.006778750102967024 0.00762871652841568 0.004348416347056627 0.0021703995298594236 -0.01810406893491745 -0.005830034147948027 -0.012897706590592861 0.0009734201594255865 0.010918348096311092 0.018728679046034813 -0.003504228312522173 0.004040519706904888 0.010633932426571846 -0.00384337455034256 -0.009252337738871574 -0.006079684477299452 0.0017444643890485168 -0.0027382823172956705 0.00209871050901711 -0.00475709605962038 0.010621624998748302 0.018664894625544548 -0.014047696255147457 -0.00922948494553566 -0.004478371236473322 -0.006214546039700508 -0.004590061958879232 0.024417285356065074 0.0655320271208558 0.14415823398684455 0.2758594744514698 0.3926842441764719 0.593086413136831 0.7177512569790219 0.848459882700174 0.943378440312774 -1.1843196 -1.0892321 -0.96953356 -0.85589576 -0.7828142 -0.6348573 -0.8471992 -0.96949714 -1.0810522 -1.2196401 -1.018047 -0.8063097 -0.6275221 -0.5588301 -0.40031478 -0.6713542 -0.8843063 -1.1296775
1 400 -0.006616772618144751 -0.010814967565238476 -0.005951466970145702 0.017701786011457443 0.009383617900311947 0.015737097710371017 0.010559141635894775 -0.004396250005811453 0.007561995182186365 0.010260411538183689 -0.004261706490069628 0.0034086466766893864 -0.00564636941999197 -0.0035746239591389894 0.005250719375908375 0.016685573384165764 0.0038222521543502808 0.0033575096167623997 0.011957603506743908 -0.004848255775868893 -0.007333299610763788 0.007916445843875408 -0.015554598532617092 0.007779513485729694 0.0025040004402399063 -0.0003703719412442297 0.00203979155048728 -0.0020844535902142525 -0.009717929176986217 0.007736469153314829 0.019971657544374466 -0.014893467538058758 0.005372174549847841 0.000989342457614839 -0.006475217640399933 0.0033004942815750837 -0.013104334473609924 0.0048193372786045074 -0.010633566416800022 0.0037570353597402573 -0.0008919400279410183 -0.0005526556051336229 -0.023724058642983437 0.014295319095253944 -0.0034138408955186605 -0.004134739749133587 0.034554965794086456 0.012345845811069012 -0.011165227741003036 -0.008782666176557541 -0.008785978890955448 0.005820400547236204 -0.012451553717255592 0.008186142891645432 -0.003817420220002532 0.014567325823009014 0.00033126698690466583 -0.0323721282184124 0.003359775757417083 -0.0064481706358492374 -0.011620928533375263 0.0005633431719616055 -0.006863949354737997 -0.006310608237981796 0.01070594321936369 -0.0013060790952295065 -0.007805203087627888 -0.0016023399075493217 -0.006778750102967024 0.00762871652841568 0.004348416347056627 0.0021703995298594236 -0.01810406893491745 -0.005830034147948027 -0.012897706590592861 0.0009734201594255865 0.010918348096311092 0.018728679046034813 -0.003504228312522173 0.004040519706904888 0.010633932426571846 -0.00384337455034256 -0.009252337738871574 -0.006079684477299452 0.0017444643890485168 -0.0027382823172956705 0.00209871050901711 -0.00475709605962038 0.010621624998748302 0.018664894625544548 -0.014047696255147457 -0.00922948494553566 -0.004478371236473322 -0.006214546039700508 -0.004590061958879232 0.010646538055655193 0.024222913191925818 0.06653772967892431 0.1513097881968016 0.22203481268348374 0.3770859821388917 0.5566422202230356 0.7408483914154983 0.8948008881652493 -1.2458868 -1.1061774 -1.0490103 -0.91706425 -0.82242215 -0.80080515 -0.91475457 -0.9962641 -1.1078542 -1.3678486 -1.1393843 -0.97468674 -0.7461958 -0.60099316 -0.54197085 -0.74028575 -0.92021096 -1.1656475
2 400 -0.006616772618144751 -0.010814967565238476 -0.005951466970145702 0.017701786011457443 0.009383617900311947 0.015737097710371017 0.010559141635894775 -0.004396250005811453 0.007561995182186365 0.010260411538183689 -0.004261706490069628 0.0034086466766893864 -0.00564636941999197 -0.0035746239591389894 0.005250719375908375 0.016685573384165764 0.0038222521543502808 0.0033575096167623997 0.011957603506743908 -0.004848255775868893 -0.007333299610763788 0.007916445843875408 -0.015554598532617092 0.007779513485729694 0.0025040004402399063 -0.0003703719412442297 0.00203979155048728 -0.0020844535902142525 -0.009717929176986217 0.007736469153314829 0.019971657544374466 -0.014893467538058758 0.005372174549847841 0.000989342457614839 -0.006475217640399933 0.0033004942815750837 -0.013104334473609924 0.0048193372786045074 -0.010633566416800022 0.0037570353597402573 -0.0008919400279410183 -0.0005526556051336229 -0.023724058642983437 0.014295319095253944 -0.0034138408955186605 -0.004134739749133587 0.034554965794086456 0.012345845811069012 -0.011165227741003036 -0.008782666176557541 -0.008785978890955448 0.005820400547236204 -0.012451553717255592 0.008186142891645432 -0.003817420220002532 0.014567325823009014 0.00033126698690466583 -0.0323721282184124 0.003359775757417083 -0.0064481706358492374 -0.011620928533375263 0.0005633431719616055 -0.006863949354737997 -0.006310608237981796 0.01070594321936369 -0.0013060790952295065 -0.007805203087627888 -0.0016023399075493217 -0.006778750102967024 0.00762871652841568 0.004348416347056627 0.0021703995298594236 -0.01810406893491745 -0.005830034147948027 -0.012897706590592861 0.0009734201594255865 0.010918348096311092 0.018728679046034813 -0.003504228312522173 0.004040519706904888 0.010633932426571846 -0.00384337455034256 -0.009252337738871574 -0.006079684477299452 0.0017444643890485168 -0.0027382823172956705 0.00209871050901711 -0.00475709605962038 0.010621624998748302 0.018664894625544548 -0.014047696255147457 -0.00922948494553566 -0.004478371236473322 -0.006214546039700508 -0.004590061958879232 0.007102505026732474 0.019735792557956537 0.0443393288784946 0.09896618272863732 0.15499919697462314 0.4045641053316363 0.4106306267321918 0.5543358803313377 0.7872609796611068 -1.2732817 -1.1737612 -1.0561934 -0.9297697 -0.8638684 -0.8245795 -0.89065003 -0.9610363 -1.0725586 -1.437071 -1.2304304 -1.0250406 -0.8077743 -0.68816173 -0.5767259 -0.6785768 -0.8307264 -1.0760282
0 400 -0.013233545236289501 -0.02162993513047695 -0.011902933940291405 0.035403572022914886 0.018767235800623894 0.031474195420742035 0.02111828327178955 -0.008792500011622906 0.01512399036437273 0.020520823076367378 -0.008523412980139256 0.006817293353378773 -0.01129273883998394 -0.007149247918277979 0.01050143875181675 0.03337114676833153 0.0076445043087005615 0.006715019233524799 0.023915207013487816 -0.009696511551737785 -0.014666599221527576 0.015832891687750816 -0.031109197065234184 0.015559026971459389 0.005008000880479813 -0.0007407438824884593 0.00407958310097456 -0.004168907180428505 -0.019435858353972435 0.015472938306629658 0.03994331508874893 -0.029786935076117516 0.010744349099695683 0.001978684915229678 -0.012950435280799866 0.0066009885631501675 -0.02620866894721985 0.009638674557209015 -0.021267132833600044 0.0075140707194805145 -0.0017838800558820367 -0.0011053112102672458 -0.04744811728596687 0.02859063819050789 -0.006827681791037321 -0.008269479498267174 0.06910993158817291 0.024691691622138023 -0.022330455482006073 -0.017565332353115082 -0.017571957781910896 0.011640801094472408 -0.024903107434511185 0.016372285783290863 -0.007634840440005064 0.029134651646018028 0.0006625339738093317 -0.0647442564368248 0.006719551514834166 -0.012896341271698475 -0.023241857066750526 0.001126686343923211 -0.013727898709475994 -0.012621216475963593 0.02141188643872738 -0.002612158190459013 -0.015610406175255775 -0.0032046798150986433 -0.013557500205934048 0.01525743305683136 0.008696832694113255 0.004340799059718847 -0.0362081378698349 -0.011660068295896053 -0.025795413181185722 0.001946840318851173 0.021836696192622185 0.037457358092069626 -0.007008456625044346 0.008081039413809776 0.021267864853143692 -0.00768674910068512 -0.01850467547774315 -0.012159368954598904 0.0034889287780970335 -0.005476564634591341 0.00419742101803422 -0.00951419211924076 0.021243249997496605 0.037329789251089096 -0.028095392510294914 -0.01845896989107132 -0.008956742472946644 -0.012429092079401016 -0.009180123917758465 0.014478505596237569 0.0398326277182326 0.09185120325114801 0.1783685049056714 0.24502625166099284 0.5404962843412636 0.530225364211181 0.718744013042699 0.8836888670949872 -1.2622805 -1.1625838 -1.0472527 -0.9440609 -0.9185205 -0.76289093 -0.8896568 -0.9710229 -1.0824491 -1.3537544 -1.146602 -0.93790543 -0.7545308 -0.7143859 -0.53646123 -0.6884973 -0.86800253 -1.113099
1 400 -0.013233545236289501 -0.02162993513047695 -0.011902933940291405 0.035403572022914886 0.018767235800623894 0.031474195420742035 0.02111828327178955 -0.008792500011622906 0.01512399036437273 0.020520823076367378 -0.008523412980139256 0.006817293353378773 -0.01129273883998394 -0.007149247918277979 0.01050143875181675 0.03337114676833153 0.0076445043087005615 0.006715019233524799 0.023915207013487816 -0.009696511551737785 -0.014666599221527576 0.015832891687750816 -0.031109197065234184 0.015559026971459389 0.005008000880479813 -0.0007407438824884593 0.00407958310097456 -0.004168907180428505 -0.019435858353972435 0.015472938306629658 0.03994331508874893 -0.029786935076117516 0.010744349099695683 0.001978684915229678 -0.012950435280799866 0.0066009885631501675 -0.02620866894721985 0.009638674557209015 -0.021267132833600044 0.0075140707194805145 -0.0017838800558820367 -0.0011053112102672458 -0.04744811728596687 0.02859063819050789 -0.006827681791037321 -0.008269479498267174 0.06910993158817291 0.024691691622138023 -0.022330455482006073 -0.017565332353115082 -0.017571957781910896 0.011640801094472408 -0.024903107434511185 0.016372285783290863 -0.007634840440005064 0.029134651646018028 0.0006625339738093317 -0.0647442564368248 0.006719551514834166 -0.012896341271698475 -0.023241857066750526 0.001126686343923211 -0.013727898709475994 -0.012621216475963593 0.02141188643872738 -0.002612158190459013 -0.015610406175255775 -0.0032046798150986433 -0.013557500205934048 0.01525743305683136 0.008696832694113255 0.004340799059718847 -0.0362081378698349 -0.011660068295896053 -0.025795413181185722 0.001946840318851173 0.021836696192622185 0.037457358092069626 -0.007008456625044346 0.008081039413809776 0.021267864853143692 -0.00768674910068512 -0.01850467547774315 -0.012159368954598904 0.0034889287780970335 -0.005476564634591341 0.00419742101803422 -0.00951419211924076 0.021243249997496605 0.037329789251089096 -0.028095392510294914 -0.01845896989107132 -0.008956742472946644 -0.012429092079401016 -0.009180123917758465 0.0057554229773951054 0.013936831718541327 0.039547582797622174 0.08762458648747143 0.13893760517284784 0.2869343377085938 0.36429176335136987 0.566040930200734 0.7951517647063563 -1.3431257 -1.2146374 -1.1181973 -1.0140133 -0.87113225 -0.8897402 -0.916216 -0.99787664 -1.1092443 -1.5306828 -1.3081882 -1.1012974 -0.90858936 -0.70850897 -0.6632911 -0.723856 -0.90406895 -1.1490741
2 400 -0.013233545236289501 -0.02162993513047695 -0.011902933940291405 0.035403572022914886 0.018767235800623894 0.031474195420742035 0.02111828327178955 -0.008792500011622906 0.01512399036437273 0.020520823076367378 -0.008523412980139256 0.006817293353378773 -0.01129273883998394 -0.007149247918277979 0.01050143875181675 0.03337114676833153 0.0076445043087005615 0.006715019233524799 0.023915207013487816 -0.009696511551737785 -0.014666599221527576 0.015832891687750816 -0.031109197065234184 0.015559026971459389 0.005008000880479813 -0.0007407438824884593 0.00407958310097456 -0.004168907180428505 -0.019435858353972435 0.015472938306629658 0.03994331508874893 -0.029786935076117516 0.010744349099695683 0.001978684915229678 -0.012950435280799866 0.0066009885631501675 -0.02620866894721985 0.009638674557209015 -0.021267132833600044 0.0075140707194805145 -0.0017838800558820367 -0.0011053112102672458 -0.04744811728596687 0.02859063819050789 -0.006827681791037321 -0.008269479498267174 0.06910993158817291 0.024691691622138023 -0.022330455482006073 -0.017565332353115082 -0.017571957781910896 0.011640801094472408 -0.024903107434511185 0.016372285783290863 -0.007634840440005064 0.029134651646018028 0.0006625339738093317 -0.0647442564368248 0.006719551514834166 -0.012896341271698475 -0.023241857066750526 0.001126686343923211 -0.013727898709475994 -0.012621216475963593 0.02141188643872738 -0.002612158190459013 -0.015610406175255775 -0.0032046798150986433 -0.013557500205934048 0.01525743305683136 0.008696832694113255 0.004340799059718847 -0.0362081378698349 -0.011660068295896053 -0.025795413181185722 0.001946840318851173 0.021836696192622185 0.037457358092069626 -0.007008456625044346 0.008081039413809776 0.021267864853143692 -0.00768674910068512 -0.01850467547774315 -0.012159368954598904 0.0034889287780970335 -0.005476564634591341 0.00419742101803422 -0.00951419211924076 0.021243249997496605 0.037329789251089096 -0.028095392510294914 -0.01845896989107132 -0.008956742472946644 -0.012429092079401016 -0.009180123917758465 0.004056687905225431 0.011364472860636163 0.027596984064337658 0.05893601036119451 0.07808960134145009 0.24741222560778683 0.3143334979080426 0.4223977228833695 0.6280492066493372 -1.3816361 -1.2817872 -1.1365921 -1.0379598 -0.9336368 -0.9274461 -0.9451252 -0.9740434 -1.0739416 -1.6057546 -1.3985038 -1.1575651 -0.9761528 -0.83774567 -0.7321884 -0.77500284 -0.8431436 -1.0594372
0 400 -0.019850319251418114 -0.03244490548968315 -0.01785440184175968 0.05310535803437233 0.028150852769613266 0.04721129313111305 0.031677424907684326 -0.013188749551773071 0.022685986012220383 0.030781235545873642 -0.01278511993587017 0.010225940495729446 -0.016939109191298485 -0.010723872110247612 0.0157521590590477 0.05005672201514244 0.011466756463050842 0.010072529315948486 0.03587281331419945 -0.014544767327606678 -0.021999899297952652 0.0237493384629488 -0.0466637946665287 0.023338541388511658 0.007512001786381006 -0.0011111159110441804 0.00611937465146184 -0.006253361236304045 -0.029153788462281227 0.023209407925605774 0.0599149726331234 -0.044680405408144 0.01611652411520481 0.002968027489259839 -0.0194256529211998 0.009901483543217182 -0.03931300342082977 0.014458012767136097 -0.03190070018172264 0.011271106079220772 -0.002675820142030716 -0.0016579668736085296 -0.07117217779159546 0.04288595914840698 -0.010241522453725338 -0.01240421924740076 0.10366489738225937 0.03703753650188446 -0.03349568322300911 -0.026348000392317772 -0.02635793760418892 0.017461201176047325 -0.037354663014411926 0.024558430537581444 -0.011452260427176952 0.043701980262994766 0.000993800931610167 -0.0971163883805275 0.010079327039420605 -0.019344512373209 -0.034862786531448364 0.0016900295158848166 -0.020591849461197853 -0.01893182471394539 0.03211783245205879 -0.003918237518519163 -0.023415610194206238 -0.0048070200718939304 -0.020336249843239784 0.02288614958524704 0.013045249506831169 0.006511198356747627 -0.05431221053004265 -0.017490103840827942 -0.03869311884045601 0.0029202604200690985 0.0327550433576107 0.05618603900074959 -0.010512685403227806 0.012121559120714664 0.03190179914236069 -0.01153012365102768 -0.027757013216614723 -0.018239052966237068 0.005233393516391516 -0.008214847184717655 0.006296131759881973 -0.014271288178861141 0.03186487406492233 0.055994682013988495 -0.0421430878341198 -0.02768845669925213 -0.013435114175081253 -0.018643638119101524 -0.01377018541097641 0.008320923346210771 0.02099492850548648 0.055604247358127974 0.10978319887044051 0.14754664320537855 0.3950117418948293 0.4764452445458556 0.5421959178734844 0.7762762088170461 -1.3703561 -1.2568005 -1.1203501 -1.0204643 -0.9746665 -0.9098249 -0.92743313 -0.97312045 -1.0839188 -1.5218469 -1.310278 -1.0678016 -0.8903017 -0.80891764 -0.714545 -0.7572079 -0.8531947 -1.0966997
1 400 -0.019850319251418114 -0.03244490548968315 -0.01785440184175968 0.05310535803437233 0.028150852769613266 0.04721129313111305 0.031677424907684326 -0.013188749551773071 0.022685986012220383 0.030781235545873642 -0.01278511993587017 0.010225940495729446 -0.016939109191298485 -0.010723872110247612 0.0157521590590477 0.05005672201514244 0.011466756463050842 0.010072529315948486 0.03587281331419945 -0.014544767327606678 -0.021999899297952652 0.0237493384629488 -0.0466637946665287 0.023338541388511658 0.007512001786381006 -0.0011111159110441804 0.00611937465146184 -0.006253361236304045 -0.029153788462281227 0.023209407925605774 0.0599149726331234 -0.044680405408144 0.01611652411520481 0.002968027489259839 -0.0194256529211998 0.009901483543217182 -0.03931300342082977 0.014458012767136097 -0.03190070018172264 0.011271106079220772 -0.002675820142030716 -0.0016579668736085296 -0.07117217779159546 0.04288595914840698 -0.010241522453725338 -0.01240421924740076 0.10366489738225937 0.03703753650188446 -0.03349568322300911 -0.026348000392317772 -0.02635793760418892 0.017461201176047325 -0.037354663014411926 0.024558430537581444 -0.011452260427176952 0.043701980262994766 0.000993800931610167 -0.0971163883805275 0.010079327039420605 -0.019344512373209 -0.034862786531448364 0.0016900295158848166 -0.020591849461197853 -0.01893182471394539 0.03211783245205879 -0.003918237518519163 -0.023415610194206238 -0.0048070200718939304 -0.020336249843239784 0.02288614958524704 0.013045249506831169 0.006511198356747627 -0.05431221053004265 -0.017490103840827942 -0.03869311884045601 0.0029202604200690985 0.0327550433576107 0.05618603900074959 -0.010512685403227806 0.012121559120714664 0.03190179914236069 -0.01153012365102768 -0.027757013216614723 -0.018239052966237068 0.005233393516391516 -0.008214847184717655 0.006296131759881973 -0.014271288178861141 0.03186487406492233 0.055994682013988495 -0.0421430878341198 -0.02768845669925213 -0.013435114175081253 -0.018643638119101524 -0.01377018541097641 0.003113446491581542 0.007986970474435992 0.02327903063240668 0.04920430879315107 0.05150487465550476 0.16583765709646348 0.2170254303391876 0.3648865397335164 0.639208767498148 -1.439834 -1.3229625 -1.1870105 -1.1110384 -0.93945885 -0.9675972 -0.98523533 -1.0020953 -1.1107701 -1.6926707 -1.476801 -1.227318 -1.0710323 -0.88820696 -0.79847646 -0.84120595 -0.89216495 -1.1327703
2 400 -0.019850319251418114 -0.03244490548968315 -0.01785440184175968 0.05310535803437233 0.028150852769613266 0.04721129313111305 0.031677424907684326 -0.013188749551773071 0.022685986012220383 0.030781235545873642 -0.01278511993587017 0.010225940495729446 -0.016939109191298485 -0.010723872110247612 0.0157521590590477 0.05005672201514244 0.011466756463050842 0.010072529315948486 0.03587281331419945 -0.014544767327606678 -0.021999899297952652 0.0237493384629488 -0.0466637946665287 0.023338541388511658 0.007512001786381006 -0.0011111159110441804 0.00611937465146184 -0.006253361236304045 -0.029153788462281227 0.023209407925605774 0.0599149726331234 -0.044680405408144 0.01611652411520481 0.002968027489259839 -0.0194256529211998 0.009901483543217182 -0.03931300342082977 0.014458012767136097 -0.03190070018172264 0.011271106079220772 -0.002675820142030716 -0.0016579668736085296 -0.07117217779159546 0.04288595914840698 -0.010241522453725338 -0.01240421924740076 0.10366489738225937 0.03703753650188446 -0.03349568322300911 -0.026348000392317772 -0.02635793760418892 0.017461201176047325 -0.037354663014411926 0.024558430537581444 -0.011452260427176952 0.043701980262994766 0.000993800931610167 -0.0971163883805275 0.010079327039420605 -0.019344512373209 -0.034862786531448364 0.0016900295158848166 -0.020591849461197853 -0.01893182471394539 0.03211783245205879 -0.003918237518519163 -0.023415610194206238 -0.0048070200718939304 -0.020336249843239784 0.02288614958524704 0.013045249506831169 0.006511198356747627 -0.05431221053004265 -0.017490103840827942 -0.03869311884045601 0.0029202604200690985 0.0327550433576107 0.05618603900074959 -0.010512685403227806 0.012121559120714664 0.03190179914236069 -0.01153012365102768 -0.027757013216614723 -0.018239052966237068 0.005233393516391516 -0.008214847184717655 0.006296131759881973 -0.014271288178861141 0.03186487406492233 0.055994682013988495 -0.0421430878341198 -0.02768845669925213 -0.013435114175081253 -0.018643638119101524 -0.01377018541097641 0.002320913457367062 0.006504861027777174 0.017063590554541305 0.03147064054573729 0.025605323606831928 0.13970380942077681 0.1846513951572188 0.30396661450666473 0.5302321342009514 -1.4897381 -1.3902177 -1.2169911 -1.1497574 -1.0183675 -1.0052621 -1.0228779 -1.0364314 -1.0929637 -1.7738773 -1.5672367 -1.2900897 -1.1577026 -1.0425926 -0.8672887 -0.90998125 -0.9526864 -1.0867958
0 400 -0.026467090472579002 -0.0432598702609539 -0.02380586788058281 0.07080714404582977 0.03753447160124779 0.06294839084148407 0.0422365665435791 -0.01758500002324581 0.03024798072874546 0.041041646152734756 -0.01704682596027851 0.013634586706757545 -0.02258547767996788 -0.014298495836555958 0.0210028775036335 0.06674229353666306 0.015289008617401123 0.013430038467049599 0.04783041402697563 -0.01939302310347557 -0.029333198443055153 0.03166578337550163 -0.06221839413046837 0.031118053942918777 0.010016001760959625 -0.0014814877649769187 0.00815916620194912 -0.00833781436085701 -0.03887171670794487 0.030945876613259315 0.07988663017749786 -0.05957387015223503 0.021488698199391365 0.003957369830459356 -0.02590087056159973 0.013201977126300335 -0.0524173378944397 0.01927734911441803 -0.04253426566720009 0.015028141438961029 -0.0035677601117640734 -0.0022106224205344915 -0.09489623457193375 0.05718127638101578 -0.013655363582074642 -0.016538958996534348 0.13821986317634583 0.04938338324427605 -0.044660910964012146 -0.035130664706230164 -0.03514391556382179 0.023281602188944817 -0.04980621486902237 0.032744571566581726 -0.015269680880010128 0.058269303292036057 0.0013250679476186633 -0.1294885128736496 0.013439103029668331 -0.02579268254339695 -0.04648371413350105 0.002253372687846422 -0.027455797418951988 -0.025242432951927185 0.04282377287745476 -0.005224316380918026 -0.03122081235051155 -0.006409359630197287 -0.027115000411868095 0.03051486611366272 0.01739366538822651 0.008681598119437695 -0.0724162757396698 -0.023320136591792107 -0.051590826362371445 0.003893680637702346 0.04367339238524437 0.07491471618413925 -0.014016913250088692 0.016162078827619553 0.042535729706287384 -0.01537349820137024 -0.0370093509554863 -0.024318737909197807 0.006977857556194067 -0.010953129269182682 0.00839484203606844 -0.01902838423848152 0.04248649999499321 0.07465957850217819 -0.05619078502058983 -0.03691793978214264 -0.017913484945893288 -0.024858184158802032 -0.01836024783551693 0.004446636159370002 0.010801556910200273 0.03319174868301458 0.05900892672539782 0.05912626232610047 0.2439866506975773 0.3104219234062407 0.46445190619105836 0.6690024495215101 -1.4687636 -1.3479884 -1.1932266 -1.1118331 -1.0821999 -0.98748505 -1.0051419 -1.0187539 -1.1162232 -1.6869426 -1.4723215 -1.1973053 -1.0526665 -1.0217106 -0.8493558 -0.89213336 -0.93492985 -1.0968561
1 400 -0.026467090472579002 -0.0432598702609539 -0.02380586788058281 0.07080714404582977 0.03753447160124779 0.06294839084148407 0.0422365665435791 -0.01758500002324581 0.03024798072874546 0.041041646152734756 -0.01704682596027851 0.013634586706757545 -0.02258547767996788 -0.014298495836555958 0.0210028775036335 0.06674229353666306 0.015289008617401123 0.013430038467049599 0.04783041402697563 -0.01939302310347557 -0.029333198443055153 0.03166578337550163 -0.06221839413046837 0.031118053942918777 0.010016001760959625 -0.0014814877649769187 0.00815916620194912 -0.00833781436085701 -0.03887171670794487 0.030945876613259315 0.07988663017749786 -0.05957387015223503 0.021488698199391365 0.003957369830459356 -0.02590087056159973 0.013201977126300335 -0.0524173378944397 0.01927734911441803 -0.04253426566720009 0.015028141438961029 -0.0035677601117640734 -0.0022106224205344915 -0.09489623457193375 0.05718127638101578 -0.013655363582074642 -0.016538958996534348 0.13821986317634583 0.04938338324427605 -0.044660910964012146 -0.035130664706230164 -0.03514391556382179 0.023281602188944817 -0.04980621486902237 0.032744571566581726 -0.015269680880010128 0.058269303292036057 0.0013250679476186633 -0.1294885128736496 0.013439103029668331 -0.02579268254339695 -0.04648371413350105 0.002253372687846422 -0.027455797418951988 -0.025242432951927185 0.04282377287745476 -0.005224316380918026 -0.03122081235051155 -0.006409359630197287 -0.027115000411868095 0.03051486611366272 0.01739366538822651 0.008681598119437695 -0.0724162757396698 -0.023320136591792107 -0.051590826362371445 0.003893680637702346 0.04367339238524437 0.07491471618413925 -0.014016913250088692 0.016162078827619553 0.042535729706287384 -0.01537349820137024 -0.0370093509554863 -0.024318737909197807 0.006977857556194067 -0.010953129269182682 0.00839484203606844 -0.01902838423848152 0.04248649999499321 0.07465957850217819 -0.05619078502058983 -0.03691793978214264 -0.017913484945893288 -0.024858184158802032 -0.01836024783551693 0.001677208937607295 0.004575014928694801 0.0135783483191521 0.01919690862282041 0.01567379769533996 0.08558202125920429 0.12051559466227593 0.20898043523872242 0.4608285148894284 -1.5367992 -1.4308066 -1.2560158 -1.2211595 -1.0128424 -1.0363989 -1.0629845 -1.076497 -1.1147072 -1.8552223 -1.6447048 -1.353759 -1.2824279 -1.0869101 -0.93439484 -0.97619545 -1.0188156 -1.122553
2 400 -0.026467090472579002 -0.0432598702609539 -0.02380586788058281 0.07080714404582977 0.03753447160124779 0.06294839084148407 0.0422365665435791 -0.01758500002324581 0.03024798072874546 0.041041646152734756 -0.01704682596027851 0.013634586706757545 -0.02258547767996788 -0.014298495836555958 0.0210028775036335 0.06674229353666306 0.015289008617401123 0.013430038467049599 0.04783041402697563 -0.01939302310347557 -0.029333198443055153 0.03166578337550163 -0.06221839413046837 0.031118053942918777 0.010016001760959625 -0.0014814877649769187 0.00815916620194912 -0.00833781436085701 -0.03887171670794487 0.030945876613259315 0.07988663017749786 -0.05957387015223503 0.021488698199391365 0.003957369830459356 -0.02590087056159973 0.013201977126300335 -0.0524173378944397 0.01927734911441803 -0.04253426566720009 0.015028141438961029 -0.0035677601117640734 -0.0022106224205344915 -0.09489623457193375 0.05718127638101578 -0.013655363582074642 -0.016538958996534348 0.13821986317634583 0.04938338324427605 -0.044660910964012146 -0.035130664706230164 -0.03514391556382179 0.023281602188944817 -0.04980621486902237 0.032744571566581726 -0.015269680880010128 0.058269303292036057 0.0013250679476186633 -0.1294885128736496 0.013439103029668331 -0.02579268254339695 -0.04648371413350105 0.002253372687846422 -0.027455797418951988 -0.025242432951927185 0.04282377287745476 -0.005224316380918026 -0.03122081235051155 -0.006409359630197287 -0.027115000411868095 0.03051486611366272 0.01739366538822651 0.008681598119437695 -0.0724162757396698 -0.023320136591792107 -0.051590826362371445 0.003893680637702346 0.04367339238524437 0.07491471618413925 -0.014016913250088692 0.016162078827619553 0.042535729706287384 -0.01537349820137024 -0.0370093509554863 -0.024318737909197807 0.006977857556194067 -0.010953129269182682 0.00839484203606844 -0.01902838423848152 0.04248649999499321 0.07465957850217819 -0.05619078502058983 -0.03691793978214264 -0.017913484945893288 -0.024858184158802032 -0.01836024783551693 0.0012399430582789887 0.003655370247352149 0.01053211224728479 0.009525373720049708 0.008090274905901916 0.07054449134212386 0.10053248152651799 0.1774944842741298 0.4966125874943922 -1.6001303 -1.4953445 -1.2970064 -1.282557 -1.1030804 -1.0746413 -1.1007452 -1.1141618 -1.1241535 -1.9511529 -1.7341776 -1.4219776 -1.4171256 -1.2473739 -0.99913013 -1.0451603 -1.0876279 -1.144588
0 400 -0.03308386355638504 -0.054074838757514954 -0.029757333919405937 0.08850892633199692 0.04691808670759201 0.07868548482656479 0.05279570817947388 -0.021981248632073402 0.03780997544527054 0.05130205675959587 -0.02130853198468685 0.017043232917785645 -0.028231846168637276 -0.017873119562864304 0.0262535959482193 0.08342786878347397 0.019111260771751404 0.01678754761815071 0.059788018465042114 -0.02424127794802189 -0.036666497588157654 0.039582230150699615 -0.07777298986911774 0.0388975664973259 0.012520002201199532 -0.0018518597353249788 0.010198957286775112 -0.010422267951071262 -0.04858964681625366 0.03868234530091286 0.09985828399658203 -0.07446733862161636 0.02686087228357792 0.004946712404489517 -0.032376088201999664 0.016502471640706062 -0.06552167236804962 0.024096686393022537 -0.053167831152677536 0.018785176798701286 -0.004459700081497431 -0.0027632780838757753 -0.11862029135227203 0.07147659361362457 -0.017069203779101372 -0.02067369781434536 0.17277482151985168 0.061729226261377335 -0.05582613870501518 -0.043913330882787704 -0.043929893523454666 0.02910200133919716 -0.06225776672363281 0.04093071445822716 -0.01908710040152073 0.07283663004636765 0.0016563348472118378 -0.1618606448173523 0.016798878088593483 -0.0322408527135849 -0.05810464173555374 0.002816715743392706 -0.03431974723935127 -0.03155304118990898 0.05352971702814102 -0.006530395243316889 -0.039026014506816864 -0.00801169965416193 -0.03389374911785126 0.0381435826420784 0.02174208126962185 0.010851996950805187 -0.09052034467458725 -0.02915017120540142 -0.06448853015899658 0.00486710062250495 0.05459173768758774 0.09364339709281921 -0.017521141096949577 0.020202597603201866 0.05316966027021408 -0.0192168727517128 -0.04626168683171272 -0.030398420989513397 0.008722322061657906 -0.013691411353647709 0.010493552312254906 -0.023785479366779327 0.05310812219977379 0.09332446753978729 -0.07023847848176956 -0.0461474247276783 -0.022391855716705322 -0.03107273019850254 -0.0229503083974123 0.0022680891321375106 0.00551398360579325 0.01958154808995423 0.02222196226070896 0.02036834645334023 0.13753911497469418 0.18188477424288904 0.29987041589526886 0.6150898737500018 -1.5600119 -1.4395525 -1.2664112 -1.2489572 -1.1833031 -1.0652156 -1.0829169 -1.0965289 -1.123008 -1.8490934 -1.6350337 -1.3273565 -1.2963402 -1.2272165 -0.98429716 -1.0271486 -1.0699451 -1.1542077
1 400 -0.03308386355638504 -0.054074838757514954 -0.029757333919405937 0.08850892633199692 0.04691808670759201 0.07868548482656479 0.05279570817947388 -0.021981248632073402 0.03780997544527054 0.05130205675959587 -0.02130853198468685 0.017043232917785645 -0.028231846168637276 -0.017873119562864304 0.0262535959482193 0.08342786878347397 0.019111260771751404 0.01678754761815071 0.059788018465042114 -0.02424127794802189 -0.036666497588157654 0.039582230150699615 -0.07777298986911774 0.0388975664973259 0.012520002201199532 -0.0018518597353249788 0.010198957286775112 -0.010422267951071262 -0.04858964681625366 0.03868234530091286 0.09985828399658203 -0.07446733862161636 0.02686087228357792 0.004946712404489517 -0.032376088201999664 0.016502471640706062 -0.06552167236804962 0.024096686393022537 -0.053167831152677536 0.018785176798701286 -0.004459700081497431 -0.0027632780838757753 -0.11862029135227203 0.07147659361362457 -0.017069203779101372 -0.02067369781434536 0.17277482151985168 0.061729226261377335 -0.05582613870501518 -0.043913330882787704 -0.043929893523454666 0.02910200133919716 -0.06225776672363281 0.04093071445822716 -0.01908710040152073 0.07283663004636765 0.0016563348472118378 -0.1618606448173523 0.016798878088593483 -0.0322408527135849 -0.05810464173555374 0.002816715743392706 -0.03431974723935127 -0.03155304118990898 0.05352971702814102 -0.006530395243316889 -0.039026014506816864 -0.00801169965416193 -0.03389374911785126 0.0381435826420784 0.02174208126962185 0.010851996950805187 -0.09052034467458725 -0.02915017120540142 -0.06448853015899658 0.00486710062250495 0.05459173768758774 0.09364339709281921 -0.017521141096949577 0.020202597603201866 0.05316966027021408 -0.0192168727517128 -0.04626168683171272 -0.030398420989513397 0.008722322061657906 -0.013691411353647709 0.010493552312254906 -0.023785479366779327 0.05310812219977379 0.09332446753978729 -0.07023847848176956 -0.0461474247276783 -0.022391855716705322 -0.03107273019850254 -0.0229503083974123 0.0006679558301161323 0.0026102308335269686 0.006381163105629203 0.005422798924178123 0.004697362177690683 0.0438270821119971 0.05447066558173052 0.10272837969262487 0.42760392066228337 -1.6513553 -1.539161 -1.3350046 -1.3431523 -1.0881491 -1.1076849 -1.1548383 -1.1657529 -1.1458969 -2.0661612 -1.8133885 -1.5118825 -1.5366914 -1.2865407 -1.0796787 -1.1348312 -1.173108 -1.1803452
2 400 -0.03308386355638504 -0.054074838757514954 -0.029757333919405937 0.08850892633199692 0.04691808670759201 0.07868548482656479 0.05279570817947388 -0.021981248632073402 0.03780997544527054 0.05130205675959587 -0.02130853198468685 0.017043232917785645 -0.028231846168637276 -0.017873119562864304 0.0262535959482193 0.08342786878347397 0.019111260771751404 0.01678754761815071 0.059788018465042114 -0.02424127794802189 -0.036666497588157654 0.039582230150699615 -0.07777298986911774 0.0388975664973259 0.012520002201199532 -0.0018518597353249788 0.010198957286775112 -0.010422267951071262 -0.04858964681625366 0.03868234530091286 0.09985828399658203 -0.07446733862161636 0.02686087228357792 0.004946712404489517 -0.032376088201999664 0.016502471640706062 -0.06552167236804962 0.024096686393022537 -0.053167831152677536 0.018785176798701286 -0.004459700081497431 -0.0027632780838757753 -0.11862029135227203 0.07147659361362457 -0.017069203779101372 -0.02067369781434536 0.17277482151985168 0.061729226261377335 -0.05582613870501518 -0.043913330882787704 -0.043929893523454666 0.02910200133919716 -0.06225776672363281 0.04093071445822716 -0.01908710040152073 0.07283663004636765 0.0016563348472118378 -0.1618606448173523 0.016798878088593483 -0.0322408527135849 -0.05810464173555374 0.002816715743392706 -0.03431974723935127 -0.03155304118990898 0.05352971702814102 -0.006530395243316889 -0.039026014506816864 -0.00801169965416193 -0.03389374911785126 0.0381435826420784 0.02174208126962185 0.010851996950805187 -0.09052034467458725 -0.02915017120540142 -0.06448853015899658 0.00486710062250495 0.05459173768758774 0.09364339709281921 -0.017521141096949577 0.020202597603201866 0.05316966027021408 -0.0192168727517128 -0.04626168683171272 -0.030398420989513397 0.008722322061657906 -0.013691411353647709 0.010493552312254906 -0.023785479366779327 0.05310812219977379 0.09332446753978729 -0.07023847848176956 -0.0461474247276783 -0.022391855716705322 -0.03107273019850254 -0.0229503083974123 0.000366078632009912 0.0015435986537980686 0.002983539544281816 0.0028278572940043005 0.002521762398543276 0.028179485123277722 0.028912219433933985 0.05583455129207283 0.35135714846674587 -1.7333703 -1.6121006 -1.4199426 -1.4158969 -1.1879575 -1.1721467 -1.2326258 -1.243681 -1.1950817 -2.2113671 -1.9416567 -1.676304 -1.6774765 -1.4524606 -1.192307 -1.2709882 -1.3095264 -1.268796
0 400 -0.03970063850283623 -0.0648898109793663 -0.03570880368351936 0.10621071606874466 0.05630170553922653 0.0944225862622261 0.06335484981536865 -0.026377499103546143 0.045371972024440765 0.061562471091747284 -0.02557023987174034 0.020451880991458893 -0.03387821838259697 -0.021447744220495224 0.0315043181180954 0.10011344403028488 0.022933512926101685 0.020145058631896973 0.0717456266283989 -0.029089534655213356 -0.043999798595905304 0.0474986769258976 -0.0933275893330574 0.046677082777023315 0.015024003572762012 -0.002222231822088361 0.01223874930292368 -0.01250672247260809 -0.058307576924562454 0.04641881585121155 0.1198299452662468 -0.089360810816288 0.03223304823040962 0.005936054978519678 -0.0388513058423996 0.019802967086434364 -0.07862600684165955 0.028916025534272194 -0.06380140036344528 0.022542212158441544 -0.005351640284061432 -0.003315933747217059 -0.14234435558319092 0.08577191829681396 -0.020483044907450676 -0.02480843849480152 0.20732979476451874 0.07407507300376892 -0.06699136644601822 -0.052696000784635544 -0.05271587520837784 0.03492240235209465 -0.07470932602882385 0.04911686107516289 -0.022904520854353905 0.08740396052598953 0.001987601863220334 -0.194232776761055 0.02015865407884121 -0.038689024746418 -0.06972557306289673 0.0033800590317696333 -0.041183698922395706 -0.03786364942789078 0.06423566490411758 -0.007836475037038326 -0.046831220388412476 -0.009614040143787861 -0.04067249968647957 0.04577229917049408 0.026090499013662338 0.013022396713495255 -0.1086244210600853 -0.034980207681655884 -0.07738623768091202 0.005840520840138197 0.0655100867152214 0.11237207800149918 -0.021025370806455612 0.02424311824142933 0.06380359828472137 -0.02306024730205536 -0.055514026433229446 -0.036478105932474136 0.010466787032783031 -0.01642969436943531 0.012592263519763947 -0.028542576357722282 0.06372974812984467 0.11198936402797699 -0.0842861756682396 -0.05537691339850426 -0.026870228350162506 -0.03728727623820305 -0.02754037082195282 0.0008357501939405662 0.0027137230843026425 0.009577787996592181 0.007315610852278265 0.006906083752283024 0.07298537043463832 0.07310373012547065 0.135503506682546 0.5768883359439169 -1.695088 -1.5357163 -1.3644007 -1.3961918 -1.2870574 -1.1433396 -1.189893 -1.2008076 -1.1566339 -2.0891275 -1.8059193 -1.5014868 -1.561618 -1.432962 -1.1199878 -1.2112336 -1.2495105 -1.2161791
1 400 -0.03970063850283623 -0.0648898109793663 -0.03570880368351936 0.10621071606874466 0.05630170553922653 0.0944225862622261 0.06335484981536865 -0.026377499103546143 0.045371972024440765 0.061562471091747284 -0.02557023987174034 0.020451880991458893 -0.03387821838259697 -0.021447744220495224 0.0315043181180954 0.10011344403028488 0.022933512926101685 0.020145058631896973 0.0717456266283989 -0.029089534655213356 -0.043999798595905304 0.0474986769258976 -0.0933275893330574 0.046677082777023315 0.015024003572762012 -0.002222231822088361 0.01223874930292368 -0.01250672247260809 -0.058307576924562454 0.04641881585121155 0.1198299452662468 -0.089360810816288 0.03223304823040962 0.005936054978519678 -0.0388513058423996 0.019802967086434364 -0.07862600684165955 0.028916025534272194 -0.06380140036344528 0.022542212158441544 -0.005351640284061432 -0.003315933747217059 -0.14234435558319092 0.08577191829681396 -0.020483044907450676 -0.02480843849480152 0.20732979476451874 0.07407507300376892 -0.06699136644601822 -0.052696000784635544 -0.05271587520837784 0.03492240235209465 -0.07470932602882385 0.04911686107516289 -0.022904520854353905 0.08740396052598953 0.001987601863220334 -0.194232776761055 0.02015865407884121 -0.038689024746418 -0.06972557306289673 0.0033800590317696333 -0.041183698922395706 -0.03786364942789078 0.06423566490411758 -0.007836475037038326 -0.046831220388412476 -0.009614040143787861 -0.04067249968647957 0.04577229917049408 0.026090499013662338 0.013022396713495255 -0.1086244210600853 -0.034980207681655884 -0.07738623768091202 0.005840520840138197 0.0655100867152214 0.11237207800149918 -0.021025370806455612 0.02424311824142933 0.06380359828472137 -0.02306024730205536 -0.055514026433229446 -0.036478105932474136 0.010466787032783031 -0.01642969436943531 0.012592263519763947 -0.028542576357722282 0.06372974812984467 0.11198936402797699 -0.0842861756682396 -0.05537691339850426 -0.026870228350162506 -0.03728727623820305 -0.02754037082195282 0.00019717261403326018 0.0008662285896039035 0.0015215331675471387 0.0015302386038365987 0.0014597748022946904 0.015436439014954227 0.016158171377062748 0.029537907924577285 0.21792211412981158 -1.7849205 -1.6681612 -1.4754906 -1.4668837 -1.1732262 -1.2230718 -1.2928438 -1.2980149 -1.2497633 -2.3266892 -2.0576086 -1.8013613 -1.7918605 -1.491901 -1.3065766 -1.3743281 -1.3996341 -1.3595711
2 400 -0.03970063850283623 -0.0648898109793663 -0.03570880368351936 0.10621071606874466 0.05630170553922653 0.0944225862622261 0.06335484981536865 -0.026377499103546143 0.045371972024440765 0.061562471091747284 -0.02557023987174034 0.020451880991458893 -0.03387821838259697 -0.021447744220495224 0.0315043181180954 0.10011344403028488 0.022933512926101685 0.020145058631896973 0.0717456266283989 -0.029089534655213356 -0.043999798595905304 0.0474986769258976 -0.0933275893330574 0.046677082777023315 0.015024003572762012 -0.002222231822088361 0.01223874930292368 -0.01250672247260809 -0.058307576924562454 0.04641881585121155 0.1198299452662468 -0.089360810816288 0.03223304823040962 0.005936054978519678 -0.0388513058423996 0.019802967086434364 -0.07862600684165955 0.028916025534272194 -0.06380140036344528 0.022542212158441544 -0.005351640284061432 -0.003315933747217059 -0.14234435558319092 0.08577191829681396 -0.020483044907450676 -0.02480843849480152 0.20732979476451874 0.07407507300376892 -0.06699136644601822 -0.052696000784635544 -0.05271587520837784 0.03492240235209465 -0.07470932602882385 0.04911686107516289 -0.022904520854353905 0.08740396052598953 0.001987601863220334 -0.194232776761055 0.02015865407884121 -0.038689024746418 -0.06972557306289673 0.0033800590317696333 -0.041183698922395706 -0.03786364942789078 0.06423566490411758 -0.007836475037038326 -0.046831220388412476 -0.009614040143787861 -0.04067249968647957 0.04577229917049408 0.026090499013662338 0.013022396713495255 -0.1086244210600853 -0.034980207681655884 -0.07738623768091202 0.005840520840138197 0.0655100867152214 0.11237207800149918 -0.021025370806455612 0.02424311824142933 0.06380359828472137 -0.02306024730205536 -0.055514026433229446 -0.036478105932474136 0.010466787032783031 -0.01642969436943531 0.012592263519763947 -0.028542576357722282 0.06372974812984467 0.11198936402797699 -0.0842861756682396 -0.05537691339850426 -0.026870228350162506 -0.03728727623820305 -0.02754037082195282 9.137576113376617e-05 0.00047211332840703363 0.0005688244616182708 0.0006598909697722893 0.00061886643643002 0.007970646673076573 0.008872261221052802 0.01547644300397107 0.12590131937060628 -1.8797259 -1.7505963 -1.5873232 -1.5675588 -1.2910969 -1.3105676 -1.3748347 -1.375952 -1.3274416 -2.5019033 -2.2038145 -2.015787 -1.9804348 -1.7000159 -1.4641472 -1.5200281 -1.5360676 -1.495519
0 400 -0.046317409723997116 -0.07570477575063705 -0.04166026785969734 0.1239124983549118 0.06568531692028046 0.11015968024730682 0.07391399145126343 -0.030773747712373734 0.052933964878320694 0.0718228816986084 -0.029831944033503532 0.023860525339841843 -0.039524585008621216 -0.025022367015480995 0.0367550328373909 0.1167990118265152 0.026755765080451965 0.023502565920352936 0.08370322734117508 -0.033937789499759674 -0.051333095878362656 0.05541511997580528 -0.10888218134641647 0.05445659160614014 0.017528003081679344 -0.002592603676021099 0.014278540387749672 -0.014591175131499767 -0.06802550703287125 0.05415528267621994 0.13980159163475037 -0.10425427556037903 0.037605222314596176 0.006925397086888552 -0.04532652348279953 0.023103460669517517 -0.09173034131526947 0.03373536095023155 -0.07443496584892273 0.0262992475181818 -0.006243580020964146 -0.0038685891777276993 -0.1660684049129486 0.10006722807884216 -0.02389688417315483 -0.028943177312612534 0.2418847531080246 0.08642091602087021 -0.07815659046173096 -0.061478663235902786 -0.06150184944272041 0.04074279963970184 -0.0871608704328537 0.05730300024151802 -0.02672193944454193 0.10197128355503082 0.0023188686463981867 -0.2266048938035965 0.023518428206443787 -0.0451371930539608 -0.08134649693965912 0.003943401854485273 -0.04804764688014984 -0.044174257665872574 0.07494160532951355 -0.009142553433775902 -0.05463641881942749 -0.011216379702091217 -0.04745124652981758 0.05340101569890976 0.03043891303241253 0.015192795544862747 -0.12672847509384155 -0.0408102385699749 -0.09028393775224686 0.006813940592110157 0.07642842829227448 0.13110075891017914 -0.02452959679067135 0.028283637017011642 0.07443752139806747 -0.02690362185239792 -0.06476636230945587 -0.04255778715014458 0.012211251072585583 -0.019167976453900337 0.014690972864627838 -0.03329966962337494 0.07435137033462524 0.1306542456150055 -0.09833386540412903 -0.06460639089345932 -0.03134859725832939 -0.04350182041525841 -0.03213043138384819 0.0002761178796843304 0.0008770248815127823 0.002093740910807966 0.002169791911737781 0.0023253341780836404 0.02079738103292559 0.020590644148058408 0.04006923584391731 0.27667973291060827 -1.8447909 -1.6885697 -1.5090411 -1.5295079 -1.3899652 -1.2740225 -1.321739 -1.332712 -1.2842839 -2.355154 -2.0775442 -1.8042188 -1.8218813 -1.6377217 -1.3437799 -1.4370103 -1.4753784 -1.4349937
1 400 -0.046317409723997116 -0.07570477575063705 -0.04166026785969734 0.1239124983549118 0.06568531692028046 0.11015968024730682 0.07391399145126343 -0.030773747712373734 0.052933964878320694 0.0718228816986084 -0.029831944033503532 0.023860525339841843 -0.039524585008621216 -0.025022367015480995 0.0367550328373909 0.1167990118265152 0.026755765080451965 0.023502565920352936 0.08370322734117508 -0.033937789499759674 -0.051333095878362656 0.05541511997580528 -0.10888218134641647 0.05445659160614014 0.017528003081679344 -0.002592603676021099 0.014278540387749672 -0.014591175131499767 -0.06802550703287125 0.05415528267621994 0.13980159163475037 -0.10425427556037903 0.037605222314596176 0.006925397086888552 -0.04532652348279953 0.023103460669517517 -0.09173034131526947 0.03373536095023155 -0.07443496584892273 0.0262992475181818 -0.006243580020964146 -0.0038685891777276993 -0.1660684049129486 0.10006722807884216 -0.02389688417315483 -0.028943177312612534 0.2418847531080246 0.08642091602087021 -0.07815659046173096 -0.061478663235902786 -0.06150184944272041 0.04074279963970184 -0.0871608704328537 0.05730300024151802 -0.02672193944454193 0.10197128355503082 0.0023188686463981867 -0.2266048938035965 0.023518428206443787 -0.0451371930539608 -0.08134649693965912 0.003943401854485273 -0.04804764688014984 -0.044174257665872574 0.07494160532951355 -0.009142553433775902 -0.05463641881942749 -0.011216379702091217 -0.04745124652981758 0.05340101569890976 0.03043891303241253 0.015192795544862747 -0.12672847509384155 -0.0408102385699749 -0.09028393775224686 0.006813940592110157 0.07642842829227448 0.13110075891017914 -0.02452959679067135 0.028283637017011642 0.07443752139806747 -0.02690362185239792 -0.06476636230945587 -0.04255778715014458 0.012211251072585583 -0.019167976453900337 0.014690972864627838 -0.03329966962337494 0.07435137033462524 0.1306542456150055 -0.09833386540412903 -0.06460639089345932 -0.03134859725832939 -0.04350182041525841 -0.03213043138384819 4.669554250917768e-05 0.00025559595072614273 0.00029393248293365287 0.0003370144926105294 0.0003273795179832143 0.0040908718364734906 0.005408665104709944 0.008051176865446475 0.06918634964174164 -1.9349198 -1.801413 -1.6321123 -1.622627 -1.312751 -1.3656301 -1.4421724 -1.4298985 -1.3814328 -2.626245 -2.3178666 -2.1282468 -2.1047359 -1.7861315 -1.5883063 -1.6396892 -1.6254945 -1.5850198
2 400 -0.046317409723997116 -0.07570477575063705 -0.04166026785969734 0.1239124983549118 0.06568531692028046 0.11015968024730682 0.07391399145126343 -0.030773747712373734 0.052933964878320694 0.0718228816986084 -0.029831944033503532 0.023860525339841843 -0.039524585008621216 -0.025022367015480995 0.0367550328373909 0.1167990118265152 0.026755765080451965 0.023502565920352936 0.08370322734117508 -0.033937789499759674 -0.051333095878362656 0.05541511997580528 -0.10888218134641647 0.05445659160614014 0.017528003081679344 -0.002592603676021099 0.014278540387749672 -0.014591175131499767 -0.06802550703287125 0.05415528267621994 0.13980159163475037 -0.10425427556037903 0.037605222314596176 0.006925397086888552 -0.04532652348279953 0.023103460669517517 -0.09173034131526947 0.03373536095023155 -0.07443496584892273 0.0262992475181818 -0.006243580020964146 -0.0038685891777276993 -0.1660684049129486 0.10006722807884216 -0.02389688417315483 -0.028943177312612534 0.2418847531080246 0.08642091602087021 -0.07815659046173096 -0.061478663235902786 -0.06150184944272041 0.04074279963970184 -0.0871608704328537 0.05730300024151802 -0.02672193944454193 0.10197128355503082 0.0023188686463981867 -0.2266048938035965 0.023518428206443787 -0.0451371930539608 -0.08134649693965912 0.003943401854485273 -0.04804764688014984 -0.044174257665872574 0.07494160532951355 -0.009142553433775902 -0.05463641881942749 -0.011216379702091217 -0.04745124652981758 0.05340101569890976 0.03043891303241253 0.015192795544862747 -0.12672847509384155 -0.0408102385699749 -0.09028393775224686 0.006813940592110157 0.07642842829227448 0.13110075891017914 -0.02452959679067135 0.028283637017011642 0.07443752139806747 -0.02690362185239792 -0.06476636230945587 -0.04255778715014458 0.012211251072585583 -0.019167976453900337 0.014690972864627838 -0.03329966962337494 0.07435137033462524 0.1306542456150055 -0.09833386540412903 -0.06460639089345932 -0.03134859725832939 -0.04350182041525841 -0.03213043138384819 1.7430997761206224e-05 0.00013922285908824798 0.00010890531756801238 0.00012578147421906624 0.00012265739645062556 0.0015346405003467552 0.0025886981458512733 0.004179039872986163 0.026757171907868298 -2.046667 -1.8838601 -1.7539678 -1.7345474 -1.4242043 -1.4770823 -1.5297621 -1.5076727 -1.4841995 -2.8406396 -2.464116 -2.3538907 -2.3193462 -1.9998714 -1.8021544 -1.8044667 -1.7616359 -1.7618855
0 400 -0.052934180945158005 -0.0865197405219078 -0.04761173576116562 0.14161428809165955 0.07506894320249557 0.12589678168296814 0.0844731330871582 -0.03517000004649162 0.06049596145749092 0.08208329230546951 -0.03409365192055702 0.02726917341351509 -0.04517095535993576 -0.028596991673111916 0.042005755007267 0.1334845870733261 0.030578017234802246 0.026860076934099197 0.09566082805395126 -0.03878604620695114 -0.058666396886110306 0.06333156675100327 -0.12443678826093674 0.062236107885837555 0.02003200352191925 -0.0029629755299538374 0.01631833240389824 -0.01667562872171402 -0.07774343341588974 0.06189175322651863 0.15977326035499573 -0.11914774030447006 0.04297739639878273 0.007914739660918713 -0.05180174112319946 0.02640395425260067 -0.1048346757888794 0.03855469822883606 -0.08506853133440018 0.030056282877922058 -0.007135520223528147 -0.004421244841068983 -0.1897924691438675 0.11436255276203156 -0.027310727164149284 -0.033077917993068695 0.27643972635269165 0.0987667664885521 -0.08932182192802429 -0.07026132941246033 -0.07028783112764359 0.04656320437788963 -0.09961242973804474 0.06548914313316345 -0.030539361760020256 0.11653860658407211 0.0026501358952373266 -0.2589770257472992 0.026878206059336662 -0.0515853650867939 -0.0929674282670021 0.004506745375692844 -0.054911594837903976 -0.05048486590385437 0.08564754575490952 -0.010448632761836052 -0.0624416247010231 -0.012818719260394573 -0.05423000082373619 0.06102973222732544 0.03478733077645302 0.01736319623887539 -0.1448325514793396 -0.04664027318358421 -0.10318165272474289 0.007787361275404692 0.08734678477048874 0.1498294323682785 -0.028033826500177383 0.032324157655239105 0.08507145941257477 -0.03074699640274048 -0.0740187019109726 -0.048637475818395615 0.013955715112388134 -0.021906258538365364 0.01678968407213688 -0.03805676847696304 0.08497299998998642 0.14931915700435638 -0.11238157004117966 -0.07383587956428528 -0.035826969891786575 -0.049716368317604065 -0.03672049567103386 6.266386539605888e-05 0.0002640489718012975 0.00041035575218880614 0.0004520068286578509 0.0004094347521340387 0.005477435166912333 0.005672238996383446 0.011067305279362658 0.09295684623871202 -2.0013442 -1.8508308 -1.6581134 -1.6889493 -1.4483888 -1.4320534 -1.435708 -1.4639564 -1.4155864 -2.6657734 -2.365887 -2.1218743 -2.1442046 -1.9045051 -1.6279212 -1.628202 -1.7001183 -1.6598309
1 400 -0.052934180945158005 -0.0865197405219078 -0.04761173576116562 0.14161428809165955 0.07506894320249557 0.12589678168296814 0.0844731330871582 -0.03517000004649162 0.06049596145749092 0.08208329230546951 -0.03409365192055702 0.02726917341351509 -0.04517095535993576 -0.028596991673111916 0.042005755007267 0.1334845870733261 0.030578017234802246 0.026860076934099197 0.09566082805395126 -0.03878604620695114 -0.058666396886110306 0.06333156675100327 -0.12443678826093674 0.062236107885837555 0.02003200352191925 -0.0029629755299538374 0.01631833240389824 -0.01667562872171402 -0.07774343341588974 0.06189175322651863 0.15977326035499573 -0.11914774030447006 0.04297739639878273 0.007914739660918713 -0.05180174112319946 0.02640395425260067 -0.1048346757888794 0.03855469822883606 -0.08506853133440018 0.030056282877922058 -0.007135520223528147 -0.004421244841068983 -0.1897924691438675 0.11436255276203156 -0.027310727164149284 -0.033077917993068695 0.27643972635269165 0.0987667664885521 -0.08932182192802429 -0.07026132941246033 -0.07028783112764359 0.04656320437788963 -0.09961242973804474 0.06548914313316345 -0.030539361760020256 0.11653860658407211 0.0026501358952373266 -0.2589770257472992 0.026878206059336662 -0.0515853650867939 -0.0929674282670021 0.004506745375692844 -0.054911594837903976 -0.05048486590385437 0.08564754575490952 -0.010448632761836052 -0.0624416247010231 -0.012818719260394573 -0.05423000082373619 0.06102973222732544 0.03478733077645302 0.01736319623887539 -0.1448325514793396 -0.04664027318358421 -0.10318165272474289 0.007787361275404692 0.08734678477048874 0.1498294323682785 -0.028033826500177383 0.032324157655239105 0.08507145941257477 -0.03074699640274048 -0.0740187019109726 -0.048637475818395615 0.013955715112388134 -0.021906258538365364 0.01678968407213688 -0.03805676847696304 0.08497299998998642 0.14931915700435638 -0.11238157004117966 -0.07383587956428528 -0.035826969891786575 -0.049716368317604065 -0.03672049567103386 8.942441694581523e-06 6.950473599433754e-05 5.743434928564906e-05 6.472971015944812e-05 6.279948192880514e-05 0.0007891816604278092 0.0011681046959462831 0.0021498902878863708 0.013213932900214906 -2.101363 -1.9459944 -1.781251 -1.7887416 -1.4789133 -1.5316899 -1.6098903 -1.5672587 -1.5424823 -2.9640722 -2.5979943 -2.4461284 -2.4419525 -2.1235232 -1.925331 -1.9672493 -1.8619713 -1.8583723
2 400 -0.052934180945158005 -0.0865197405219078 -0.04761173576116562 0.14161428809165955 0.07506894320249557 0.12589678168296814 0.0844731330871582 -0.03517000004649162 0.06049596145749092 0.08208329230546951 -0.03409365192055702 0.02726917341351509 -0.04517095535993576 -0.028596991673111916 0.042005755007267 0.1334845870733261 0.030578017234802246 0.026860076934099197 0.09566082805395126 -0.03878604620695114 -0.058666396886110306 0.06333156675100327 -0.12443678826093674 0.062236107885837555 0.02003200352191925 -0.0029629755299538374 0.01631833240389824 -0.01667562872171402 -0.07774343341588974 0.06189175322651863 0.15977326035499573 -0.11914774030447006 0.04297739639878273 0.007914739660918713 -0.05180174112319946 0.02640395425260067 -0.1048346757888794 0.03855469822883606 -0.08506853133440018 0.030056282877922058 -0.007135520223528147 -0.004421244841068983 -0.1897924691438675 0.11436255276203156 -0.027310727164149284 -0.033077917993068695 0.27643972635269165 0.0987667664885521 -0.08932182192802429 -0.07026132941246033 -0.07028783112764359 0.04656320437788963 -0.09961242973804474 0.06548914313316345 -0.030539361760020256 0.11653860658407211 0.0026501358952373266 -0.2589770257472992 0.026878206059336662 -0.0515853650867939 -0.0929674282670021 0.004506745375692844 -0.054911594837903976 -0.05048486590385437 0.08564754575490952 -0.010448632761836052 -0.0624416247010231 -0.012818719260394573 -0.05423000082373619 0.06102973222732544 0.03478733077645302 0.01736319623887539 -0.1448325514793396 -0.04664027318358421 -0.10318165272474289 0.007787361275404692 0.08734678477048874 0.1498294323682785 -0.028033826500177383 0.032324157655239105 0.08507145941257477 -0.03074699640274048 -0.0740187019109726 -0.048637475818395615 0.013955715112388134 -0.021906258538365364 0.01678968407213688 -0.03805676847696304 0.08497299998998642 0.14931915700435638 -0.11238157004117966 -0.07383587956428528 -0.035826969891786575 -0.049716368317604065 -0.03672049567103386 3.359343752198008e-06 2.5809794917990888e-05 2.0914832758543076e-05 2.4250236676626316e-05 2.352482572101523e-05 0.00043185313282246174 0.0007666222121860927 0.00143119551996668 0.004558480337762693 -2.2123294 -2.0593243 -1.9199677 -1.9002857 -1.5903666 -1.5680432 -1.6107581 -1.6223305 -1.6511028 -3.1770213 -2.814556 -2.6909811 -2.655777 -2.337263 -2.023321 -2.010266 -1.9598354 -2.0447762
0 400 -0.05955095216631889 -0.09733470529317856 -0.0535631999373436 0.1593160629272461 0.0844525545835495 0.14163386821746826 0.09503227472305298 -0.039566244930028915 0.06805795431137085 0.09234370291233063 -0.03835535794496536 0.03067781776189804 -0.05081732198596001 -0.03217161446809769 0.0472564697265625 0.15017016232013702 0.03440026938915253 0.03021758422255516 0.10761842876672745 -0.04363429918885231 -0.06599969416856766 0.07124800980091095 -0.1399913728237152 0.07001561671495438 0.022536003962159157 -0.0033333473838865757 0.018358122557401657 -0.018760081380605698 -0.08746135979890823 0.06962821632623672 0.1797448992729187 -0.1340412050485611 0.048349570482969284 0.008904081769287586 -0.058276958763599396 0.029704447835683823 -0.11793901026248932 0.04337403550744057 -0.09570209681987762 0.033813316375017166 -0.008027459494769573 -0.004973900504410267 -0.21351651847362518 0.12865786254405975 -0.03072456642985344 -0.03721265494823456 0.3109946846961975 0.11111260205507278 -0.10048704594373703 -0.07904399186372757 -0.07907380908727646 0.052383601665496826 -0.11206397414207458 0.07367528229951859 -0.03435678035020828 0.1311059296131134 0.0029814026784151793 -0.2913491427898407 0.03023798018693924 -0.0580335333943367 -0.1045883521437645 0.005070088431239128 -0.06177554279565811 -0.056795474141836166 0.09635348618030548 -0.011754711158573627 -0.07024682313203812 -0.01442105881869793 -0.061008747667074203 0.06865844875574112 0.03913574665784836 0.019533593207597733 -0.16293661296367645 -0.05247030779719353 -0.11607935279607773 0.008760781027376652 0.09826512634754181 0.16855810582637787 -0.03153805434703827 0.03636467456817627 0.09570538252592087 -0.03459037095308304 -0.08327103406190872 -0.054717157036066055 0.01570018008351326 -0.02464454062283039 0.01888839341700077 -0.04281385987997055 0.0955946147441864 0.1679840385913849 -0.1264292597770691 -0.08306536078453064 -0.04030533879995346 -0.055930912494659424 -0.04131055250763893 1.1893392830030965e-05 7.239551820839192e-05 7.921906097252847e-05 8.765966750448422e-05 8.18546668790838e-05 0.0014347400803363373 0.0022547524888254953 0.002985946151639555 0.0168072312948513 -2.1694164 -2.0256793 -1.8086059 -1.8391664 -1.5672159 -1.5368512 -1.5608104 -1.522764 -1.582797 -3.0061877 -2.6765976 -2.4423795 -2.4639702 -2.1886613 -1.8709011 -1.8505125 -1.782903 -1.9433596
1 400 -0.05955095216631889 -0.09733470529317856 -0.0535631999373436 0.1593160629272461 0.0844525545835495 0.14163386821746826 0.09503227472305298 -0.039566244930028915 0.06805795431137085 0.09234370291233063 -0.03835535794496536 0.03067781776189804 -0.05081732198596001 -0.03217161446809769 0.0472564697265625 0.15017016232013702 0.03440026938915253 0.03021758422255516 0.10761842876672745 -0.04363429918885231 -0.06599969416856766 0.07124800980091095 -0.1399913728237152 0.07001561671495438 0.022536003962159157 -0.0033333473838865757 0.018358122557401657 -0.018760081380605698 -0.08746135979890823 0.06962821632623672 0.1797448992729187 -0.1340412050485611 0.048349570482969284 0.008904081769287586 -0.058276958763599396 0.029704447835683823 -0.11793901026248932 0.04337403550744057 -0.09570209681987762 0.033813316375017166 -0.008027459494769573 -0.004973900504410267 -0.21351651847362518 0.12865786254405975 -0.03072456642985344 -0.03721265494823456 0.3109946846961975 0.11111260205507278 -0.10048704594373703 -0.07904399186372757 -0.07907380908727646 0.052383601665496826 -0.11206397414207458 0.07367528229951859 -0.03435678035020828 0.1311059296131134 0.0029814026784151793 -0.2913491427898407 0.03023798018693924 -0.0580335333943367 -0.1045883521437645 0.005070088431239128 -0.06177554279565811 -0.056795474141836166 0.09635348618030548 -0.011754711158573627 -0.07024682313203812 -0.01442105881869793 -0.061008747667074203 0.06865844875574112 0.03913574665784836 0.019533593207597733 -0.16293661296367645 -0.05247030779719353 -0.11607935279607773 0.008760781027376652 0.09826512634754181 0.16855810582637787 -0.03153805434703827 0.03636467456817627 0.09570538252592087 -0.03459037095308304 -0.08327103406190872 -0.054717157036066055 0.01570018008351326 -0.02464454062283039 0.01888839341700077 -0.04281385987997055 0.0955946147441864 0.1679840385913849 -0.1264292597770691 -0.08306536078453064 -0.04030533879995346 -0.055930912494659424 -0.04131055250763893 1.7051226894388643e-06 1.2146601509006468e-05 1.1150899106577767e-05 1.2345671867859644e-05 1.1973807296538821e-05 0.0001501730950234924 0.00022238814462700253 0.0005021044932651986 0.002197178829892307 -2.268726 -2.1307406 -1.9310229 -1.9558938 -1.6461856 -1.6991103 -1.7772963 -1.7639713 -1.7106276 -3.303284 -2.9639556 -2.7652893 -2.7809238 -2.46265 -2.2648685 -2.306753 -2.211535 -2.1433809
2 400 -0.05955095216631889 -0.09733470529317856 -0.0535631999373436 0.1593160629272461 0.0844525545835495 0.14163386821746826 0.09503227472305298 -0.039566244930028915 0.06805795431137085 0.09234370291233063 -0.03835535794496536 0.03067781776189804 -0.05081732198596001 -0.03217161446809769 0.0472564697265625 0.15017016232013702 0.03440026938915253 0.03021758422255516 0.10761842876672745 -0.04363429918885231 -0.06599969416856766 0.07124800980091095 -0.1399913728237152 0.07001561671495438 0.022536003962159157 -0.0033333473838865757 0.018358122557401657 -0.018760081380605698 -0.08746135979890823 0.06962821632623672 0.1797448992729187 -0.1340412050485611 0.048349570482969284 0.008904081769287586 -0.058276958763599396 0.029704447835683823 -0.11793901026248932 0.04337403550744057 -0.09570209681987762 0.033813316375017166 -0.008027459494769573 -0.004973900504410267 -0.21351651847362518 0.12865786254405975 -0.03072456642985344 -0.03721265494823456 0.3109946846961975 0.11111260205507278 -0.10048704594373703 -0.07904399186372757 -0.07907380908727646 0.052383601665496826 -0.11206397414207458 0.07367528229951859 -0.03435678035020828 0.1311059296131134 0.0029814026784151793 -0.2913491427898407 0.03023798018693924 -0.0580335333943367 -0.1045883521437645 0.005070088431239128 -0.06177554279565811 -0.056795474141836166 0.09635348618030548 -0.011754711158573627 -0.07024682313203812 -0.01442105881869793 -0.061008747667074203 0.06865844875574112 0.03913574665784836 0.019533593207597733 -0.16293661296367645 -0.05247030779719353 -0.11607935279607773 0.008760781027376652 0.09826512634754181 0.16855810582637787 -0.03153805434703827 0.03636467456817627 0.09570538252592087 -0.03459037095308304 -0.08327103406190872 -0.054717157036066055 0.01570018008351326 -0.02464454062283039 0.01888839341700077 -0.04281385987997055 0.0955946147441864 0.1679840385913849 -0.1264292597770691 -0.08306536078453064 -0.04030533879995346 -0.055930912494659424 -0.04131055250763893 6.408813913599094e-07 4.573684377902101e-06 4.0265219450793735e-06 4.609155496846438e-06 6.306179809878532e-06 0.00012645696421903903 0.00022398498600640675 0.0005643467985478266 0.0007180242762675535 -2.3797019 -2.2421248 -2.0803406 -2.0679686 -1.6902232 -1.6505365 -1.6932024 -1.7481744 -1.7720449 -3.5161905 -3.177105 -3.0219803 -2.995642 -2.572402 -2.2316477 -2.2187886 -2.1834638 -2.236156
0 400 -0.06616772711277008 -0.10814967751502991 -0.059514667838811874 0.17701785266399384 0.09383617341518402 0.15737096965312958 0.10559141635894775 -0.043962497264146805 0.07561995089054108 0.10260411351919174 -0.0426170639693737 0.03408646583557129 -0.05646369233727455 -0.03574623912572861 0.0525071918964386 0.16685573756694794 0.03822252154350281 0.03357509523630142 0.11957603693008423 -0.04848255589604378 -0.07333299517631531 0.07916446030139923 -0.15554597973823547 0.0777951329946518 0.025040004402399063 -0.0037037194706499577 0.020397914573550224 -0.020844535902142525 -0.09717929363250732 0.07736469060182571 0.19971656799316406 -0.14893467724323273 0.05372174456715584 0.009893424808979034 -0.06475217640399933 0.033004943281412125 -0.13104334473609924 0.048193372786045074 -0.10633566230535507 0.03757035359740257 -0.008919400162994862 -0.005526556167751551 -0.23724058270454407 0.14295318722724915 -0.034138407558202744 -0.04134739562869072 0.34554964303970337 0.12345845252275467 -0.11165227741003036 -0.08782666176557541 -0.08785978704690933 0.05820400267839432 -0.12451553344726562 0.08186142891645432 -0.03817420080304146 0.1456732600927353 0.0033126696944236755 -0.3237212896347046 0.033597756177186966 -0.0644817054271698 -0.11620928347110748 0.005633431486785412 -0.06863949447870255 -0.06310608237981796 0.10705943405628204 -0.013060790486633778 -0.07805202901363373 -0.01602339930832386 -0.06778749823570251 0.0762871652841568 0.0434841625392437 0.021703993901610374 -0.1810406893491745 -0.05830034241080284 -0.12897706031799316 0.0097342012450099 0.10918347537517548 0.18728679418563843 -0.035042282193899155 0.04040519520640373 0.10633932054042816 -0.0384337455034256 -0.09252337366342545 -0.060796841979026794 0.01744464412331581 -0.027382822707295418 0.02098710462450981 -0.047570958733558655 0.10621624439954758 0.18664893507957458 -0.14047695696353912 -0.0922948494553566 -0.044783711433410645 -0.06214546039700508 -0.0459006167948246 2.0920302408201384e-06 1.4601874196183937e-05 1.4187385884371254e-05 1.694111381338053e-05 2.0723813175148035e-05 0.0004209275389067661 0.0007472947737622543 0.0011283525859411565 0.0027232713962508644 -2.3532271 -2.2226465 -1.9758303 -1.9898045 -1.6618781 -1.6190307 -1.6613919 -1.6544925 -1.7213694 -3.3705246 -3.0409164 -2.787716 -2.7844915 -2.4241242 -2.0787828 -2.0653527 -2.016988 -2.1697183
1 400 -0.06616772711277008 -0.10814967751502991 -0.059514667838811874 0.17701785266399384 0.09383617341518402 0.15737096965312958 0.10559141635894775 -0.043962497264146805 0.07561995089054108 0.10260411351919174 -0.0426170639693737 0.03408646583557129 -0.05646369233727455 -0.03574623912572861 0.0525071918964386 0.16685573756694794 0.03822252154350281 0.03357509523630142 0.11957603693008423 -0.04848255589604378 -0.07333299517631531 0.07916446030139923 -0.15554597973823547 0.0777951329946518 0.025040004402399063 -0.0037037194706499577 0.020397914573550224 -0.020844535902142525 -0.09717929363250732 0.07736469060182571 0.19971656799316406 -0.14893467724323273 0.05372174456715584 0.009893424808979034 -0.06475217640399933 0.033004943281412125 -0.13104334473609924 0.048193372786045074 -0.10633566230535507 0.03757035359740257 -0.008919400162994862 -0.005526556167751551 -0.23724058270454407 0.14295318722724915 -0.034138407558202744 -0.04134739562869072 0.34554964303970337 0.12345845252275467 -0.11165227741003036 -0.08782666176557541 -0.08785978704690933 0.05820400267839432 -0.12451553344726562 0.08186142891645432 -0.03817420080304146 0.1456732600927353 0.0033126696944236755 -0.3237212896347046 0.033597756177186966 -0.0644817054271698 -0.11620928347110748 0.005633431486785412 -0.06863949447870255 -0.06310608237981796 0.10705943405628204 -0.013060790486633778 -0.07805202901363373 -0.01602339930832386 -0.06778749823570251 0.0762871652841568 0.0434841625392437 0.021703993901610374 -0.1810406893491745 -0.05830034241080284 -0.12897706031799316 0.0097342012450099 0.10918347537517548 0.18728679418563843 -0.035042282193899155 0.04040519520640373 0.10633932054042816 -0.0384337455034256 -0.09252337366342545 -0.060796841979026794 0.01744464412331581 -0.027382822707295418 0.02098710462450981 -0.047570958733558655 0.10621624439954758 0.18664893507957458 -0.14047695696353912 -0.0922948494553566 -0.044783711433410645 -0.06214546039700508 -0.0459006167948246 3.15004606548615e-07 2.1343071465407284e-06 2.1028715565396116e-06 2.377916291401752e-06 2.2883602840198366e-06 3.661540367123773e-05 6.485587460268651e-05 0.00016395454520346095 0.00036271971064601833 -2.4417527 -2.3147736 -2.0868254 -2.1123607 -1.8131056 -1.8174565 -1.8602669 -1.9152272 -1.8788323 -3.6515312 -3.328629 -3.0936098 -3.1078227 -2.801174 -2.5286715 -2.5159671 -2.4803212 -2.428557
2 400 -0.06616772711277008 -0.10814967751502991 -0.059514667838811874 0.17701785266399384 0.09383617341518402 0.15737096965312958 0.10559141635894775 -0.043962497264146805 0.07561995089054108 0.10260411351919174 -0.0426170639693737 0.03408646583557129 -0.05646369233727455 -0.03574623912572861 0.0525071918964386 0.16685573756694794 0.03822252154350281 0.03357509523630142 0.11957603693008423 -0.04848255589604378 -0.07333299517631531 0.07916446030139923 -0.15554597973823547 0.0777951329946518 0.025040004402399063 -0.0037037194706499577 0.020397914573550224 -0.020844535902142525 -0.09717929363250732 0.07736469060182571 0.19971656799316406 -0.14893467724323273 0.05372174456715584 0.009893424808979034 -0.06475217640399933 0.033004943281412125 -0.13104334473609924 0.048193372786045074 -0.10633566230535507 0.03757035359740257 -0.008919400162994862 -0.005526556167751551 -0.23724058270454407 0.14295318722724915 -0.034138407558202744 -0.04134739562869072 0.34554964303970337 0.12345845252275467 -0.11165227741003036 -0.08782666176557541 -0.08785978704690933 0.05820400267839432 -0.12451553344726562 0.08186142891645432 -0.03817420080304146 0.1456732600927353 0.0033126696944236755 -0.3237212896347046 0.033597756177186966 -0.0644817054271698 -0.11620928347110748 0.005633431486785412 -0.06863949447870255 -0.06310608237981796 0.10705943405628204 -0.013060790486633778 -0.07805202901363373 -0.01602339930832386 -0.06778749823570251 0.0762871652841568 0.0434841625392437 0.021703993901610374 -0.1810406893491745 -0.05830034241080284 -0.12897706031799316 0.0097342012450099 0.10918347537517548 0.18728679418563843 -0.035042282193899155 0.04040519520640373 0.10633932054042816 -0.0384337455034256 -0.09252337366342545 -0.060796841979026794 0.01744464412331581 -0.027382822707295418 0.02098710462450981 -0.047570958733558655 0.10621624439954758 0.18664893507957458 -0.14047695696353912 -0.0922948494553566 -0.044783711433410645 -0.06214546039700508 -0.0459006167948246 1.6215049170920482e-07 1.0588424562206696e-06 1.1472467547795195e-06 1.1802577402593513e-06 1.8505222173697417e-06 3.6992950025197834e-05 6.555565620795739e-05 0.00019941515274733322 0.0002186123432072886 -2.4909425 -2.3736367 -2.1536458 -2.176749 -1.7722106 -1.7327485 -1.7749922 -1.8574326 -1.8763492 -3.7689133 -3.4597342 -3.223477 -3.2446132 -2.779962 -2.4397597 -2.4264202 -2.400792 -2.411234
-1.6630677 -1.0067155 1.3879944 0.10736607 
0.61914235 -0.35182506 0.41154876 0.30265558 
-0.22996567 -0.04431599 0.8627114 0.9332343 
-2.2812219 -0.65425277 -0.5605146 -0.96418685 
-2.442715 -0.049701214 1.0504621 0.9424275 
0.65584195 1.3333704 -1.2810888 -0.010147721 
-0.7573618 0.4650825 -0.19904609 -0.92972475 
0.28437504 -0.67008823 -0.2659896 0.29236877 
-0.18930754 -0.09824388 -0.7844673 -0.70284736 
0.5731873 1.2489517 -0.7096971 -1.2255846 
0.08246175 -0.07880149 0.32570964 -0.4740943 
0.24057119 0.45190752 -0.24978335 -0.4000664 
0.5853476 -0.4594416 -0.1979334 0.9081152 
0.015341838 -1.1047686 -0.47209248 0.11809734 
-0.3896976 1.1829455 0.67361265 0.029925518 
0.017617967 1.1890471 -0.9357728 0.38405606 
-2.320294 -0.1643749 1.4074614 -0.90943384 
-0.38932315 0.31699002 0.21687229 0.24963851 
-0.43784094 1.3334826 0.106902935 0.65322447 
-0.19359933 -0.29519564 0.48448244 0.18638454 
-0.6418683 0.5466698 1.8257248 0.7433166 
-0.52427536 0.033005502 -0.38714916 0.5344105 
1.7369109 -1.086346 -0.5909884 0.3948902 
-0.7002766 -0.8041469 -0.87722796 0.4468337 
0.22780885 0.1750431 -0.33968294 -0.018693011 
0.57936394 -0.3323392 -0.71053165 0.16306908 
-0.7976139 -1.0552366 -0.38445103 -0.5143433 
0.5131056 -0.18742417 -0.35014817 0.13181633 
-0.047591355 -1.8931152 -0.38443366 -0.8740759 
-0.91999596 0.27422875 0.13346697 -0.22362784 
-0.64603174 -0.12850048 -1.8083755 -0.9049939 
3.3304813 0.34890074 -0.9233799 0.18614349 
-1.1171342 -0.85591424 -0.33475286 -0.7482189 
0.23314147 0.15295972 -0.17762306 0.37635708 
1.9777323 -0.019367782 -1.0330703 -1.0502107 
0.8496968 0.8705523 -0.4149486 0.1374191 
-0.33894065 -0.45436153 1.3866668 -0.36383584 
-0.13400955 1.1354458 0.5013574 1.0119014 
-1.1695921 0.21420865 2.3682857 0.19386902 
0.377468 0.6021737 -0.31449908 -1.078239 
-2.1055205 -0.1357988 1.8170049 0.31239527 
-2.0551212 -0.6088251 1.32242 -0.86723167 
0.17694186 -1.316395 1.4209033 -1.2944988 
-0.69645506 0.1813461 -0.8460567 0.25146446 
-1.0176501 -0.33145133 0.9749589 -0.62023777 
-0.22240822 0.047366753 0.6774065 -0.33901376 
-2.1031086 1.4688449 -0.9308647 -0.766221 
-0.5003268 0.9257647 -0.2284423 -0.08223079 
-0.62378556 -0.64212596 1.2583814 -0.6389198 
0.27084395 -0.46843648 0.3757735 -0.16606252 
0.6780041 0.2720982 0.62936264 0.5155695 
-1.3844203 -0.112878494 0.47214848 0.507424 
1.5142487 0.4145572 0.32983458 -2.1755178 
-0.16833775 0.82088995 -0.08635155 1.1264346 
-0.018008625 0.32637084 0.7009318 0.11700134 
-1.141798 0.09182906 -0.5744127 -0.051295113 
0.18432017 -0.46271542 -0.5432887 0.36249894 
0.5206536 -0.51270777 2.761925 -0.12529455 
-2.4590306 -1.3843035 0.61827886 -1.1192977 
-0.32921782 -0.3403104 0.7339451 -0.09936048 
-0.58184975 -0.45637384 1.4157268 -0.70501536 
0.6259664 0.8323825 0.04553894 -0.07350833 
0.07468807 -0.44648916 0.38215297 0.76352936 
-0.78118426 -0.2550083 1.2006202 0.6112356 
-1.7214508 0.54227114 0.67656195 -0.87177557 
-1.271947 -0.2490651 1.050457 0.122339375 
-1.4433615 -0.6517242 1.5983405 -0.17226057 
-1.0088664 -0.6160656 0.57550776 0.25226957 
-0.1867764 -0.3291643 0.68011254 0.51974624 
-2.868254 0.23574029 1.7941675 -0.16252299 
-1.2579467 -0.2590136 0.42455003 0.80045116 
0.37049064 0.0020901123 -0.6155213 -1.4994459 
0.29681244 -1.3891172 0.6765466 -0.13966739 
-0.5891178 -0.28959453 0.985632 1.4399136 
-0.70360494 -0.8980514 1.3612337 0.4457601 
-0.7982437 -0.3731597 0.29335946 0.17414339 
-0.5136568 -0.24080332 -0.9354062 0.79809403 
-2.4759734 -0.39841408 -0.27373806 -0.049978748 
0.492333 0.11413999 0.065150775 0.22446924 
-0.7406612 -0.09884157 0.12159953 0.33820373 
-0.16703805 0.7277498 -0.46453854 0.29572386 
0.19386075 0.22751369 0.47233686 0.8665738 
0.644572 -0.47251436 0.1235651 0.37255305 
0.40243578 -0.48981974 -0.060500372 -0.2870197 
-0.45194492 0.23036014 0.3979982 0.64458567 
0.46073642 -0.3702163 -0.4195235 -1.0664586 
-0.3681709 0.18319932 0.2622664 0.9854408 
0.46738845 0.31782863 0.41972902 1.1402063 
-1.4019022 -0.1237898 -0.052086685 0.6513547 
0.18265969 1.6360888 -0.9109084 1.425961 
-0.10951943 -1.1132345 0.79718614 0.09021855 
-0.68090355 -0.7315392 1.0302651 -0.40608236 
-1.7030877 -1.0168499 1.170862 -0.023045959 
0.3681778 -0.43908882 0.032441266 -0.05137928 
-0.24386752 -0.66881496 0.20731749 0.18872643 
