NR_0029 NR_0031 NR_0028 NR_0024 NYU-65 NR_0027 UCLA049 PL015 NR_0021 KS091 KS096 KS094 NR_0020 NR_0019 SWC_066 UCLA044 KS086 UCLA035 UCLA033 UCLA037 UCLA034 PL017 NYU-45 NYU-48 NYU-47 NYU-46 ibl_witten_29 ZFM-02372 NYU-39 KS051 ZFM-02370 NYU-40 ZFM-01937 ZFM-01935 NYU-37 ibl_witten_26 ZFM-01936 ibl_witten_27 SWC_058 KS044 ibl_witten_25 KS043 KS046 ZFM-01576 SWC_061 SWC_060 KS042 SWC_053 ZFM-01577 ZFM-01592 SWC_052 NYU-30 DY_018 SWC_054 DY_020 SWC_043 CSH_ZAD_029 DY_016 CSH_ZAD_026 ibl_witten_20 ibl_witten_18 NYU-21 CSH_ZAD_019 CSH_ZAD_025 SWC_038 ibl_witten_17 ZM_3003 ibl_witten_19 DY_014 SWC_042 CSHL058 CSH_ZAD_022 CSH_ZAD_011 CSHL060 DY_013 DY_009 CSHL059 DY_008 CSHL045 NYU-11 CSHL052 DY_011 CSHL053 ZM_2241 DY_010 ZM_2240 NYU-12 CSHL047 CSHL049 ZM_1898 KS023 KS016 KS014 ZM_1897 ibl_witten_13 
0 2.4750257 1.138522 0.7805483 4.0116644 1.5202993 0.3931447
1 2.2992036 1.1004366 0.8246203 2.607086 1.0802906 0.8000072
2 2.270716 1.0846767 0.8252959 2.5909536 1.076824 0.8000072
3 2.228514 1.0603136 0.82663 2.5343177 1.0611408 0.8052401
4 2.1875813 1.0376555 0.82810104 2.4301388 1.0239077 0.80452627
5 2.154347 1.0196418 0.8286897 2.3349698 0.98707867 0.80031824
6 2.1323154 1.0079198 0.8309556 2.3169353 0.9817507 0.82015723
7 2.1190932 1.0008429 0.83179027 2.3268945 0.99601 0.82686585
8 2.1103597 0.9962653 0.8318089 2.3326192 1.0062301 0.82686585
9 2.1038775 0.99287945 0.8319645 2.3403797 1.0109161 0.83338165
10 2.0986218 0.9900395 0.83223313 2.3287392 1.005999 0.83837813
11 2.094171 0.98738813 0.8323853 2.313033 0.9967069 0.83837813
12 2.0899682 0.9847867 0.8326293 2.3005896 0.98855925 0.83837813
13 2.0860677 0.9821491 0.8326513 2.2916684 0.98202866 0.83480924
14 2.082225 0.97958416 0.8332521 2.286666 0.9786185 0.82909906
15 2.0785127 0.9769905 0.8332778 2.281124 0.9770999 0.82909906
16 2.0744958 0.97427696 0.8336433 2.2776275 0.97860193 0.82909906
17 2.0700798 0.9711365 0.8336548 2.2660632 0.9769766 0.82909906
18 2.0654263 0.967888 0.8336669 2.2465076 0.9720429 0.82909906
19 2.0601528 0.96426624 0.8336071 2.2323968 0.9685695 0.82909906
20 2.0542803 0.96013874 0.83382046 2.2144365 0.96211445 0.8327059
21 2.047991 0.9556515 0.83380586 2.189798 0.9512782 0.833307
22 2.0411909 0.9509572 0.8339034 2.1641998 0.9391873 0.833307
23 2.0345583 0.94620705 0.8340544 2.1388333 0.9253925 0.833307
24 2.0282087 0.9417268 0.83420235 2.1181026 0.91292894 0.833307
25 2.021891 0.93720067 0.8343525 2.0994663 0.90061307 0.833307
26 2.0159867 0.9330986 0.834554 2.087875 0.8910117 0.833307
27 2.0106826 0.92941654 0.834612 2.073825 0.88035107 0.833307
28 2.0057988 0.92597765 0.8348252 2.062898 0.8717429 0.833307
29 2.0015073 0.92309856 0.8349121 2.0510888 0.86328936 0.833307
30 1.9976857 0.9205844 0.83488065 2.0386038 0.85258806 0.833307
31 1.994315 0.9184458 0.8352036 2.0286186 0.8453679 0.833307
32 1.9912142 0.9165872 0.83511853 2.01822 0.8372731 0.833307
33 1.9885325 0.91488624 0.835506 2.0114596 0.83205575 0.833307
34 1.9859761 0.9134843 0.8355873 2.0046582 0.82635665 0.833307
35 1.9837259 0.91206247 0.8358033 2.0031002 0.82464564 0.833307
36 1.981627 0.9108107 0.83571416 1.9949663 0.81813467 0.833307
37 1.9797858 0.9097022 0.8358767 1.9902704 0.8150417 0.833307
38 1.9779314 0.90862477 0.8360953 1.9789364 0.8050055 0.833307
39 1.9762826 0.9076564 0.8361973 1.9725249 0.80031127 0.833307
40 1.974608 0.9067315 0.83631426 1.9641012 0.7935116 0.833307
41 1.9731016 0.90578794 0.8365412 1.960368 0.78958106 0.833307
42 1.9713846 0.9048194 0.8366279 1.957571 0.78512216 0.8325933
43 1.9699696 0.9038722 0.8366268 1.9514192 0.78121936 0.8325933
44 1.9684112 0.9029064 0.83676934 1.9508724 0.7797407 0.833307
45 1.9672343 0.902118 0.8369168 1.9432359 0.77645683 0.833307
46 1.9656271 0.90128976 0.83707887 1.9354515 0.7704167 0.833307
47 1.964366 0.90075505 0.83725846 1.919482 0.76177114 0.833307
48 1.9625624 0.89990246 0.83734936 1.9101499 0.7558923 0.833307
49 1.960956 0.899033 0.83725643 1.8960941 0.7488689 0.833307
50 1.9590147 0.89781487 0.8375147 1.8935771 0.7487484 0.833307
51 1.9572675 0.8965744 0.8377138 1.8817499 0.7437002 0.833307
52 1.955733 0.89545083 0.83809006 1.8800726 0.7450105 0.833307
53 1.9544637 0.8945901 0.8378578 1.8722681 0.7407211 0.833307
54 1.9535743 0.89399314 0.8380122 1.8755429 0.743389 0.833307
55 1.9532291 0.8937468 0.83807397 1.8845222 0.74894774 0.8324053
56 1.9528089 0.89369893 0.8382835 1.9028443 0.7600281 0.8330065
57 1.9525539 0.89379245 0.83842313 1.9326234 0.77787495 0.8330065
58 1.9526612 0.8942205 0.8382464 1.9646229 0.7985193 0.8337202
59 1.9522781 0.8939529 0.8381324 1.9976963 0.81751573 0.8337202
60 1.95317 0.89426 0.83791876 2.0147228 0.82765853 0.8337202
61 1.9545149 0.89493066 0.83812726 2.0082545 0.8226251 0.8337202
62 1.955886 0.8964349 0.8380485 1.9853287 0.81008714 0.83443403
63 1.9571902 0.8981048 0.8379986 1.9393624 0.786211 0.83443403
64 1.9577302 0.89924717 0.8379288 1.9022329 0.7669708 0.8365754
65 1.9583485 0.89997244 0.8380699 1.9044828 0.76954097 0.8371765
66 1.958126 0.8997199 0.837865 1.9536555 0.7997274 0.8371765
67 1.9567971 0.89847386 0.83775616 1.9974291 0.82311195 0.8371765
68 1.9563131 0.89735776 0.83776647 2.0205195 0.8313354 0.8364627
69 1.9573127 0.8973528 0.8379025 2.033084 0.8383559 0.83789027
70 1.9596053 0.8986598 0.83807814 2.0271988 0.83409023 0.83789027
71 1.9618789 0.9006561 0.83784443 1.9897301 0.8115214 0.83789027
72 1.9642096 0.9030825 0.8382575 1.9605888 0.7947318 0.83789027
73 1.9672593 0.9056665 0.83794165 1.9415445 0.78467417 0.84145916
74 1.9687393 0.90662545 0.83776915 1.9372177 0.7821903 0.84360045
75 1.9668213 0.9050772 0.8376746 1.9341223 0.7790443 0.84239817
76 1.9641631 0.9030227 0.8380565 1.9244473 0.76983416 0.84239817
77 1.962164 0.9016161 0.83817625 1.9051503 0.75548613 0.84168446
78 1.9609916 0.90067536 0.8381404 1.8868463 0.7450268 0.8410832
79 1.958561 0.8990768 0.8380796 1.8774647 0.74232304 0.8410832
80 1.9563254 0.8976076 0.83818156 1.8728354 0.74359226 0.8410832
81 1.9560697 0.8972244 0.838364 1.878363 0.7464379 0.83965576
82 1.957761 0.89792925 0.8384237 1.9016252 0.7595715 0.8368006
83 1.9598188 0.89855504 0.8382648 1.9610918 0.7902554 0.83608675
84 1.9602923 0.89800894 0.83829373 2.0472736 0.83629674 0.83394545
85 1.9593059 0.897092 0.8384164 2.162629 0.90332747 0.832518
86 1.9606522 0.8983695 0.83808935 2.2604387 0.9654074 0.83608675
87 1.9624704 0.89985627 0.83777463 2.3116465 1.0046082 0.83608675
88 1.9649798 0.90152794 0.8373789 2.275165 0.99570894 0.83965576
89 1.9684749 0.9047184 0.83742887 2.193813 0.94821644 0.8410832
90 1.972187 0.90880936 0.8370623 2.1391563 0.90360427 0.8410832
91 1.971254 0.90888935 0.8370314 2.1264462 0.8863534 0.8410832
92 1.9613265 0.90163034 0.8376992 2.1310859 0.88739127 0.8410832
93 1.9555781 0.89694524 0.8380411 2.1306534 0.8849656 0.8386787
94 1.9559424 0.8972487 0.83842045 2.116294 0.86965656 0.84078264
95 1.955068 0.8975117 0.8383526 2.1081958 0.85728633 0.8403373
96 1.9530075 0.8970085 0.8382823 2.1056085 0.8467201 0.8432652
97 1.9520895 0.89703023 0.8384334 2.1361392 0.8531844 0.83981395
98 1.9502779 0.8960959 0.8383668 2.1980464 0.8784652 0.834047
99 1.9475478 0.8943182 0.8383202 2.2631578 0.91038364 0.82978284
100 1.9449817 0.8925135 0.8380771 2.3205767 0.94942796 0.8314414
101 1.9417348 0.8901513 0.83824384 2.3617485 0.99385226 0.8319647
102 1.938627 0.8879224 0.8382396 2.3909612 1.0367622 0.8312509
103 1.9357735 0.8856684 0.838314 2.3730774 1.0565994 0.8324532
104 1.933455 0.8837862 0.83855355 2.3154433 1.0439749 0.8301214
105 1.9314395 0.88190794 0.83822376 2.2444198 1.0136724 0.83647865
106 1.9299747 0.8805429 0.83853513 2.1557186 0.96594757 0.83890456
107 1.9296167 0.8801414 0.83875567 2.0634897 0.9045045 0.84033215
108 1.9301282 0.8804098 0.8389915 1.9764271 0.843748 0.8415344
109 1.9308851 0.8808254 0.83890194 1.9068551 0.79339206 0.839731
110 1.9313935 0.88113904 0.8387879 1.8923512 0.7803995 0.83894193
111 1.9312469 0.8811774 0.8386572 1.8910551 0.77644414 0.83894193
112 1.9311721 0.8813499 0.8387112 1.9049485 0.7826585 0.83894193
113 1.9313518 0.88170475 0.8384939 1.9073957 0.78204936 0.8410832
114 1.9307253 0.8814874 0.8384135 1.9141 0.7857343 0.83965576
115 1.9307548 0.8816253 0.8383125 1.9124928 0.7806401 0.84179705
116 1.9304949 0.8815201 0.83844197 1.9179788 0.7840829 0.84179705
117 1.9293107 0.88098884 0.8385221 1.9220898 0.78371954 0.84179705
118 1.9294009 0.8809823 0.8385222 1.923671 0.78248084 0.84179705
119 1.9278169 0.88008666 0.83844674 1.9278624 0.78452814 0.84179705
120 1.9273959 0.8799414 0.8386014 1.9363016 0.7885026 0.84179705
121 1.9257196 0.8789236 0.8386273 1.9470452 0.79441684 0.841647
122 1.9248115 0.8785404 0.838573 1.9509357 0.79581666 0.84104586
123 1.9233538 0.87775886 0.83848995 1.9552125 0.798211 0.8431873
124 1.9219885 0.87679267 0.83827466 1.9502538 0.7953092 0.84104586
125 1.920703 0.8760698 0.8381884 1.9387206 0.7887002 0.84390104
126 1.9196576 0.87519425 0.8383365 1.9202812 0.7802932 0.84390104
127 1.9187579 0.8747587 0.83848226 1.8944237 0.76643825 0.84390104
128 1.9181454 0.8743937 0.83879006 1.8820696 0.76240814 0.84104586
129 1.917622 0.8739223 0.83907586 1.856725 0.7498924 0.84390104
130 1.9188049 0.8748058 0.83892035 1.8556693 0.7526578 0.84299934
131 1.9182526 0.87430036 0.83911306 1.8566421 0.7532691 0.84420156
132 1.9196044 0.8751888 0.8391764 1.8659734 0.7594046 0.84360045
133 1.9203292 0.8757365 0.83922017 1.8825954 0.7695694 0.84089535
134 1.9201231 0.87554634 0.83923954 1.9010708 0.77729714 0.8401815
135 1.9202566 0.8759238 0.8391736 1.9200084 0.7881455 0.83946776
136 1.9205261 0.8759829 0.83908486 1.9281073 0.7902659 0.84006894
137 1.920108 0.8760852 0.8393462 1.9425073 0.8013581 0.84078264
138 1.9211212 0.8768809 0.83899415 1.9247622 0.78947365 0.83864135
139 1.921335 0.8776895 0.8393268 1.915878 0.78601635 0.83864135
140 1.9216079 0.87788767 0.8393819 1.8965944 0.77355784 0.83894193
141 1.9191648 0.8763198 0.8390969 1.8968732 0.77405113 0.84480274
142 1.9177309 0.87532926 0.8391846 1.8798676 0.765252 0.84450215
143 1.9173934 0.8752844 0.83914834 1.8742414 0.7617842 0.84450215
144 1.9172014 0.875122 0.8388801 1.8663301 0.7576513 0.84450215
145 1.9166886 0.87486285 0.8390444 1.86025 0.7544136 0.84450215
146 1.9163356 0.8748149 0.8391906 1.8515333 0.7501983 0.84450215
147 1.9160075 0.87477386 0.83930165 1.8509248 0.7487051 0.84450215
148 1.9156982 0.8747621 0.8391681 1.8552415 0.75137013 0.84450215
149 1.915806 0.8749393 0.8392423 1.858867 0.75389 0.84450215
150 1.9152794 0.8745371 0.83917 1.8712538 0.7619486 0.84450215
151 1.9145486 0.8740747 0.8392609 1.8826125 0.76964605 0.84450215
152 1.9139085 0.87338716 0.83936703 1.8970063 0.77914524 0.84450215
153 1.9127663 0.8724884 0.8391714 1.905462 0.78703797 0.84450215
154 1.9117256 0.87174565 0.8393326 1.8992409 0.7860381 0.84570444
155 1.9112391 0.8710534 0.8395055 1.8916912 0.7853527 0.84450215
156 1.9099445 0.86996794 0.83942044 1.8690189 0.7712501 0.84570444
157 1.9097366 0.8698109 0.8394671 1.8551781 0.7631953 0.84450215
158 1.9092263 0.86922 0.8394078 1.8405532 0.75536096 0.84450215
159 1.9095768 0.8694673 0.8393885 1.8343513 0.7513239 0.84570444
160 1.9094203 0.8693857 0.8393166 1.8290224 0.7475953 0.84570444
161 1.9093816 0.8692322 0.8393266 1.836986 0.7544627 0.84570444
162 1.9096018 0.86956805 0.8395292 1.835203 0.75176096 0.84570444
163 1.9090734 0.86942583 0.8394647 1.856674 0.76492524 0.84570444
164 1.9092726 0.8692046 0.83978945 1.881393 0.78063047 0.84540385
165 1.909416 0.8695988 0.8395267 1.8887765 0.78707075 0.84420156
166 1.9088389 0.86946523 0.8396098 1.9061971 0.79419804 0.84179705
167 1.9086571 0.86925274 0.8397375 1.9177911 0.8037743 0.84209764
168 1.9084306 0.86930394 0.83957475 1.9101918 0.79843843 0.84480274
169 1.9080229 0.8690885 0.83953995 1.9137578 0.7987157 0.84450215
170 1.9079598 0.8691124 0.8393416 1.9024118 0.78981847 0.84540385
171 1.9077009 0.8690797 0.83949465 1.8941349 0.781139 0.84510326
172 1.9071518 0.86900306 0.8393944 1.8842494 0.77504194 0.84630555
173 1.9068059 0.86903065 0.83939844 1.8847628 0.77294296 0.84630555
174 1.9062254 0.8686779 0.839131 1.8721837 0.7632353 0.84630555
175 1.9053776 0.8683255 0.839345 1.8739524 0.76245993 0.84630555
176 1.9055518 0.86879605 0.83941823 1.8616855 0.7532724 0.84630555
177 1.9043142 0.8678446 0.8397892 1.8614849 0.75281286 0.84510326
178 1.904547 0.86826676 0.8397704 1.8502443 0.7469444 0.84510326
179 1.9034604 0.86734307 0.8397509 1.8513026 0.7481077 0.84510326
180 1.9035474 0.8676467 0.8400244 1.8422374 0.74531543 0.84510326
181 1.9025463 0.86661553 0.8398211 1.8448418 0.7478031 0.84510326
182 1.9025505 0.8668469 0.8400293 1.8442986 0.7493783 0.84540385
183 1.901687 0.8660948 0.83996433 1.8380544 0.7469827 0.84480274
184 1.9014221 0.86589223 0.8398188 1.8510649 0.7570662 0.84480274
185 1.9013151 0.86581594 0.8398425 1.8297665 0.74516886 0.84480274
186 1.9009327 0.8653879 0.8399465 1.8520806 0.76107407 0.84480274
187 1.9011483 0.865647 0.8396153 1.8287439 0.7471813 0.84480274
188 1.9004048 0.8650813 0.8399602 1.843704 0.7591685 0.84480274
189 1.9006443 0.865073 0.8399238 1.8337473 0.752238 0.84420156
190 1.8995831 0.8644794 0.8400198 1.8390408 0.757179 0.84450215
191 1.9000412 0.86475515 0.84004104 1.8360738 0.7569267 0.845216
192 1.899077 0.8640234 0.8398916 1.8270733 0.75065565 0.84551656
193 1.8994025 0.8642517 0.839953 1.8338771 0.75602436 0.845216
194 1.898487 0.8635934 0.84006184 1.8220901 0.7483572 0.8458171
195 1.8986024 0.86373174 0.8400507 1.8377589 0.75999236 0.8458171
196 1.8983594 0.86341065 0.8401179 1.8231739 0.74819106 0.8458171
197 1.8979759 0.86330116 0.84004617 1.830705 0.7534379 0.8458171
198 1.8983305 0.86339563 0.83984673 1.826925 0.7508217 0.8458171
199 1.8976125 0.8630722 0.83991706 1.829133 0.75195765 0.8458171
200 1.8984792 0.863536 0.8398793 1.8256463 0.7495589 0.8458171
201 1.8973969 0.8629135 0.8399068 1.8277687 0.75047004 0.8458171
202 1.8978906 0.8632685 0.83994466 1.8271215 0.7500105 0.84510326
203 1.8973126 0.86300147 0.84010136 1.8272732 0.7497654 0.84510326
204 1.8975769 0.8629454 0.8399175 1.8302286 0.75192446 0.84510326
205 1.8976794 0.8633033 0.8399745 1.8259777 0.74891806 0.84510326
206 1.8973933 0.86301607 0.83998615 1.8317299 0.7537128 0.84510326
207 1.8973197 0.86298585 0.83980966 1.8303436 0.752614 0.84510326
208 1.8968669 0.86277765 0.8399214 1.8273542 0.7506534 0.84510326
209 1.8968254 0.86273044 0.8398207 1.8300505 0.75239897 0.84510326
210 1.8963871 0.86239237 0.84005874 1.8264542 0.75003755 0.84510326
211 1.896516 0.86255157 0.8399203 1.82957 0.7520621 0.84510326
212 1.8959727 0.8621318 0.84005475 1.8289373 0.7515235 0.84480274
213 1.8961796 0.86235344 0.8399668 1.8288949 0.75122035 0.84480274
214 1.8957137 0.86194164 0.8399041 1.8295603 0.7516401 0.84390104
215 1.8959732 0.8621879 0.8399433 1.8295484 0.75199383 0.84480274
216 1.8954353 0.86172205 0.83992463 1.826333 0.74913406 0.84390104
217 1.8958849 0.8621363 0.83990014 1.8290644 0.75146866 0.84540385
218 1.8951495 0.86151457 0.8398982 1.8262353 0.7494949 0.84299934
219 1.895637 0.8619539 0.83995324 1.8285192 0.7508197 0.84540385
220 1.8946325 0.8611277 0.8398672 1.8246951 0.748546 0.84450215
221 1.8949146 0.8614735 0.8400582 1.8282017 0.75081396 0.84540385
222 1.8939861 0.86074674 0.8400103 1.822561 0.7477325 0.84540385
223 1.8943654 0.86098385 0.84003294 1.8247325 0.7488816 0.84540385
224 1.8934762 0.8604146 0.8397799 1.819123 0.74640703 0.84540385
225 1.8936813 0.8606379 0.84017324 1.8204887 0.7475764 0.84540385
226 1.8930173 0.86005646 0.83992696 1.820854 0.7483727 0.84480274
227 1.8932786 0.8603788 0.84028965 1.8221872 0.749674 0.84540385
228 1.8927362 0.8598402 0.8398361 1.8233293 0.7510003 0.84480274
229 1.8930242 0.8602125 0.84025633 1.8201609 0.749403 0.84480274
230 1.8922117 0.8594654 0.8396523 1.8215921 0.7510178 0.84480274
231 1.8922416 0.8596266 0.8402741 1.8159512 0.74766684 0.84510326
232 1.8917028 0.859216 0.83966756 1.8225669 0.7531687 0.84480274
233 1.8920108 0.8594179 0.8402297 1.8191202 0.7505077 0.84510326
234 1.891576 0.8590694 0.8397028 1.8238759 0.7539897 0.84450215
235 1.8919007 0.85947376 0.84014887 1.8195643 0.750731 0.84570444
236 1.8914256 0.858989 0.83974767 1.8262908 0.75579375 0.84450215
237 1.8918898 0.8593975 0.8400923 1.8212471 0.75202334 0.84480274
238 1.8913509 0.858967 0.8397202 1.8218035 0.7529429 0.84450215
239 1.8917584 0.8595135 0.84004545 1.823337 0.75318617 0.84450215
240 1.8909647 0.85867184 0.83985764 1.8232664 0.7534365 0.84420156
241 1.891126 0.8590404 0.84004503 1.8231133 0.7532556 0.84450215
242 1.890677 0.8585309 0.8399465 1.8200421 0.75163996 0.84450215
243 1.8909372 0.8589617 0.8401249 1.8244985 0.75396967 0.84420156
244 1.890463 0.858422 0.83990324 1.8175478 0.749791 0.84420156
245 1.890553 0.85873574 0.8402376 1.8184335 0.7498297 0.84360045
246 1.8905034 0.85846 0.84014124 1.8273166 0.7556999 0.84480274
247 1.8904974 0.8586355 0.84035516 1.8175291 0.7477238 0.84360045
248 1.8902091 0.858417 0.84001416 1.8252525 0.7538077 0.84420156
249 1.8901768 0.8584151 0.84037393 1.8153915 0.74732316 0.84299934
250 1.8898072 0.8581986 0.84013444 1.8248575 0.7530775 0.84360045
251 1.8901628 0.85839015 0.8402854 1.8236756 0.7528944 0.84360045
252 1.8895313 0.8579665 0.840127 1.8245987 0.7526902 0.84480274
253 1.8901147 0.8584284 0.84029233 1.8249636 0.75440407 0.84299934
254 1.8891973 0.8577383 0.8400777 1.8212683 0.75100017 0.8449154
255 1.8896817 0.8581671 0.84048104 1.824023 0.7539635 0.84299934
256 1.8890003 0.8575882 0.8400756 1.8232014 0.7536051 0.84420156
257 1.8892587 0.8579241 0.84010285 1.8259753 0.7555891 0.84420156
258 1.8888842 0.85749537 0.8400711 1.8190202 0.75012034 0.84390104
259 1.88874 0.85751724 0.8401869 1.8271315 0.7568779 0.84420156
260 1.8887405 0.85759753 0.8402864 1.8205881 0.75263405 0.84480274
261 1.8882779 0.8571348 0.8402338 1.8279828 0.7583448 0.84420156
262 1.8886676 0.8574746 0.8402071 1.8178315 0.7517413 0.84420156
263 1.8879758 0.8569017 0.8402123 1.8300362 0.7603222 0.84450215
264 1.8883817 0.85720605 0.8403519 1.8230579 0.75523937 0.84540385
265 1.8878078 0.85682225 0.84033394 1.831933 0.7617445 0.84420156
266 1.8880758 0.857028 0.8403418 1.8270218 0.7591088 0.84450215
267 1.8876913 0.85663325 0.8401584 1.8338761 0.7634071 0.84420156
268 1.888056 0.8570607 0.8403494 1.8281486 0.7609398 0.84450215
269 1.8875288 0.85646987 0.84032655 1.8343829 0.7645792 0.84420156
270 1.887816 0.85691255 0.8406109 1.8373169 0.7676773 0.84450215
271 1.8873726 0.85634625 0.84024495 1.8319057 0.76232904 0.84420156
272 1.8874836 0.8567777 0.84060323 1.8409367 0.77010363 0.84450215
273 1.887325 0.85628587 0.8402989 1.8315557 0.7630118 0.84450215
274 1.8872545 0.8565494 0.8405728 1.8410215 0.7695303 0.84348786
275 1.8870654 0.8562312 0.8402934 1.8362503 0.76571935 0.84420156
276 1.8870417 0.85637677 0.84049284 1.8461145 0.7735018 0.84348786
277 1.8866788 0.856008 0.8403151 1.8376436 0.7673086 0.84420156
278 1.8867971 0.85615003 0.8403969 1.8474052 0.7750201 0.84450215
279 1.8863225 0.855773 0.8403503 1.8374742 0.7680973 0.84450215
280 1.8869591 0.856272 0.8406272 1.849212 0.7767986 0.8437884
281 1.886289 0.85568565 0.8403307 1.84003 0.7696721 0.84450215
282 1.886962 0.85627335 0.8405846 1.8424902 0.7727126 0.8437884
283 1.8859549 0.8555776 0.8403049 1.840731 0.7699928 0.84570444
284 1.8862027 0.855602 0.84043294 1.8480802 0.7760068 0.841647
285 1.8859155 0.8556916 0.8402671 1.8395442 0.769814 0.84450215
286 1.8857888 0.8553693 0.8402226 1.8504213 0.7769663 0.84236085
287 1.8855588 0.8553937 0.84027696 1.8406098 0.77032757 0.84450215
288 1.8855166 0.8551642 0.8403701 1.8497223 0.77546585 0.84307456
289 1.8853703 0.8553825 0.8404944 1.8419647 0.7706513 0.84540385
290 1.8853424 0.85500693 0.8403826 1.8495979 0.7758288 0.8426614
291 1.8853182 0.85535365 0.84051365 1.840055 0.76912874 0.84510326
292 1.8850228 0.8547893 0.8401678 1.85049 0.7765319 0.8428494
293 1.8850114 0.8550749 0.8406045 1.8429365 0.77151835 0.84570444
294 1.8849262 0.85477126 0.8402483 1.844922 0.7729821 0.84093326
295 1.8847995 0.8550067 0.8402334 1.8392589 0.7686803 0.84570444
296 1.8849032 0.8547886 0.84021646 1.8489627 0.77531433 0.84183496
297 1.8849393 0.8551176 0.84036165 1.8427806 0.7713086 0.84570444
298 1.8846103 0.8546201 0.840256 1.8502197 0.77635235 0.8421356
299 1.884316 0.8546274 0.8402875 1.8433788 0.77222526 0.84570444
300 1.88427 0.85443765 0.84014654 1.8508348 0.77644026 0.8421356
301 1.8843205 0.85471845 0.8402937 1.8433975 0.7717314 0.84570444
302 1.8841805 0.85437876 0.8402769 1.8545029 0.77878046 0.8421356
303 1.8842394 0.8546097 0.8403386 1.8437169 0.7719447 0.84570444
304 1.8843397 0.8544781 0.8404219 1.8570919 0.78019917 0.840708
305 1.884159 0.85446286 0.84027237 1.8461722 0.7730551 0.84480274
306 1.8843877 0.8545076 0.8405359 1.856231 0.7802874 0.8421356
307 1.8841794 0.85453135 0.84025824 1.8486457 0.7745749 0.84480274
308 1.8841691 0.85429865 0.84052145 1.8560712 0.7805524 0.8414218
309 1.8837864 0.8542577 0.84030354 1.8456342 0.77355164 0.8449907
310 1.8836517 0.85400134 0.84066445 1.8572639 0.7818006 0.8421356
311 1.8837016 0.8541783 0.84035206 1.8459128 0.7744376 0.8449907
312 1.8833904 0.85373837 0.8406577 1.8610792 0.78400755 0.840708
313 1.8837241 0.85414 0.8401785 1.84566 0.7733719 0.8449907
314 1.8832493 0.85374105 0.84053254 1.8622954 0.7843291 0.840708
315 1.8834184 0.8539388 0.84040016 1.847147 0.7739784 0.84510326
316 1.8831084 0.8535747 0.8405787 1.8580809 0.78147066 0.8421356
317 1.8835841 0.8541213 0.840404 1.8472204 0.7742847 0.84390104
318 1.8830743 0.8535338 0.840568 1.8611696 0.7830285 0.8395057
319 1.8835702 0.85420877 0.84049034 1.8481762 0.7732803 0.84390104
320 1.8828404 0.8534024 0.8405825 1.857866 0.7810482 0.84093326
321 1.882853 0.8536818 0.8405539 1.845191 0.7725196 0.84390104
322 1.8828434 0.8533212 0.8404034 1.8572824 0.7813861 0.8395057
323 1.8827806 0.85357136 0.8405611 1.8435081 0.7720172 0.84390104
324 1.8824843 0.85310155 0.84055436 1.8556274 0.7803931 0.8395057
325 1.8826697 0.85337806 0.8405484 1.8433218 0.77256954 0.84329987
326 1.8826611 0.853317 0.84069186 1.8542249 0.78022957 0.8395057
327 1.8820457 0.8529671 0.8406124 1.8453646 0.77386427 0.84390104
328 1.8821758 0.8529294 0.840632 1.8525618 0.7786352 0.841647
329 1.8820343 0.85309875 0.84071326 1.8426402 0.7718828 0.84360045
330 1.8816808 0.85260224 0.8406253 1.856851 0.7815411 0.84093326
331 1.882018 0.852997 0.8406223 1.8452601 0.7735705 0.84390104
332 1.8816706 0.8525681 0.8407648 1.8527222 0.7794708 0.8417597
333 1.8814621 0.8524807 0.84065837 1.8483169 0.77601814 0.84360045
334 1.8813964 0.8523764 0.84081715 1.85554 0.77979887 0.8417597
335 1.8818235 0.8528258 0.8408135 1.846873 0.7743943 0.84390104
336 1.8816051 0.8523618 0.8405943 1.857622 0.7821845 0.84093326
337 1.8818431 0.85283315 0.84102225 1.851539 0.77572674 0.84390104
338 1.8813552 0.85235375 0.84064794 1.8555915 0.7806651 0.84033215
339 1.8811787 0.8523228 0.8408279 1.849913 0.77542543 0.84390104
340 1.8811352 0.8522474 0.8407097 1.857797 0.7825823 0.84033215
341 1.8809738 0.85212725 0.8410275 1.8529463 0.7773057 0.84390104
342 1.8811882 0.85229355 0.8408053 1.860555 0.7831642 0.84206027
343 1.8806007 0.85199606 0.84092695 1.8532906 0.7766638 0.84420156
344 1.8812913 0.85221833 0.8409148 1.8623221 0.78295225 0.8431873
345 1.8811063 0.8523661 0.8410087 1.8505633 0.77539945 0.84390104
346 1.8806791 0.8519897 0.84082603 1.8636177 0.78453684 0.8406327
347 1.8809308 0.8522875 0.84094274 1.8515562 0.77558565 0.84390104
348 1.8808092 0.85213155 0.84094906 1.8554449 0.7814686 0.84093326
349 1.8802503 0.8517438 0.8407665 1.8524208 0.7767191 0.84420156
350 1.8803387 0.8518005 0.84090245 1.8590324 0.7810159 0.84206027
351 1.8801817 0.8518284 0.8409602 1.8475192 0.77362984 0.84420156
352 1.8804816 0.8517377 0.8410012 1.8621492 0.7832226 0.84033215
353 1.8803388 0.8520114 0.84082645 1.8495793 0.77575606 0.8431873
354 1.8799572 0.8515254 0.84097946 1.8564224 0.7801478 0.8417597
355 1.8797611 0.85148257 0.8408147 1.849233 0.775731 0.8437884
356 1.8798306 0.8514426 0.84089196 1.8585088 0.7813705 0.839731
357 1.8802087 0.8518892 0.84087163 1.8510876 0.7738473 0.84390104
358 1.8799155 0.8514479 0.8408506 1.8530252 0.77876186 0.84104586
359 1.8795484 0.8514404 0.84091526 1.8501332 0.7747545 0.84480274
360 1.879683 0.8512235 0.84092766 1.8548865 0.77895945 0.84390104
361 1.8797203 0.85160786 0.8409103 1.847758 0.772206 0.84390104
362 1.8798149 0.85136706 0.8410216 1.8549025 0.780081 0.8431873
363 1.8794163 0.85142833 0.84105486 1.8507204 0.77428645 0.84390104
364 1.8793397 0.85105294 0.8410449 1.8536882 0.77899426 0.84390104
365 1.8790935 0.8511322 0.84095216 1.8486595 0.77365303 0.84420156
366 1.8789648 0.85081327 0.8410159 1.855772 0.7799121 0.84390104
367 1.8790536 0.8511045 0.840871 1.846927 0.7727265 0.84420156
368 1.8788303 0.8507959 0.84078735 1.8560476 0.7810931 0.84390104
369 1.878763 0.8509389 0.8410437 1.8502417 0.77501154 0.84420156
370 1.8789579 0.8507411 0.8409636 1.8587852 0.78152406 0.84390104
371 1.8790681 0.85122025 0.84089696 1.8454363 0.77352023 0.84390104
372 1.8789198 0.8507506 0.8409403 1.8577121 0.7813153 0.84390104
373 1.8784404 0.85079974 0.8411473 1.8475664 0.77396536 0.84420156
374 1.8786577 0.8505297 0.8409644 1.8564395 0.7797338 0.84390104
375 1.8783835 0.8507298 0.8412819 1.8467433 0.77343464 0.84420156
376 1.8784975 0.8505144 0.8408838 1.8582214 0.7814946 0.84390104
377 1.8784733 0.85083675 0.84128636 1.8468865 0.7729981 0.84390104
378 1.8781171 0.8502637 0.84109557 1.8564023 0.7801821 0.84390104
379 1.8780019 0.85043395 0.84119934 1.8488417 0.77561545 0.84390104
380 1.8778752 0.85008836 0.84083617 1.8585489 0.78167695 0.84420156
381 1.8777071 0.8502773 0.8413185 1.8457563 0.7740271 0.84390104
382 1.8778491 0.8501421 0.8408809 1.8575597 0.78122604 0.84420156
383 1.8776702 0.85020614 0.841094 1.8479837 0.775898 0.84390104
384 1.8780087 0.85018855 0.84088326 1.8578815 0.78155875 0.84420156
385 1.877818 0.8504133 0.84118456 1.8509887 0.7753193 0.84420156
386 1.8778228 0.8501082 0.84099996 1.857851 0.78261423 0.84390104
387 1.8774252 0.8500476 0.84110737 1.8512568 0.7780088 0.84390104
388 1.8774366 0.8498712 0.84108394 1.8564415 0.7821419 0.84390104
389 1.8773942 0.8500385 0.8410748 1.8519305 0.77798116 0.84420156
390 1.8773726 0.8498603 0.84111804 1.8565767 0.7815334 0.84420156
391 1.8772522 0.8499649 0.8411458 1.8524307 0.77772063 0.84420156
392 1.8772109 0.84968513 0.8410975 1.8553143 0.78114986 0.84390104
393 1.8771214 0.84991765 0.84129125 1.8485618 0.7759735 0.84390104
394 1.877134 0.8495986 0.8409879 1.8612638 0.7844628 0.84390104
395 1.8771768 0.84996796 0.8414363 1.849523 0.77726746 0.84420156
396 1.8776376 0.8498706 0.84101504 1.8615952 0.7845863 0.84390104
397 1.8772032 0.84994805 0.84130067 1.8513741 0.7795655 0.8449154
398 1.8775493 0.8498036 0.8408921 1.859252 0.78348625 0.84390104
399 1.8773471 0.8499898 0.8412426 1.8540552 0.78099334 0.84390104
400 1.8777457 0.85000414 0.84093136 1.85306 0.7802192 0.84390104
401 1.8770527 0.84982014 0.84136623 1.855996 0.7815382 0.84461486
402 1.8772937 0.84974915 0.8410597 1.8593225 0.7824682 0.84285444
403 1.876992 0.84983414 0.8410678 1.8523277 0.7803252 0.84390104
404 1.8771111 0.84962636 0.8411547 1.8537521 0.78105533 0.84390104
405 1.8766025 0.8495831 0.8412955 1.8539345 0.7809459 0.84562916
406 1.8768433 0.84946233 0.8410512 1.8582714 0.78254 0.84337777
407 1.8769017 0.8497526 0.8412028 1.8526285 0.77983916 0.84420156
408 1.8774416 0.8498051 0.8409771 1.8529199 0.7807497 0.84180784
409 1.8768042 0.8497429 0.8414461 1.8563874 0.7814847 0.84390104
410 1.8770586 0.8495333 0.8410311 1.8565013 0.781546 0.84128463
411 1.8764142 0.8494551 0.8414063 1.8586609 0.7848096 0.84420156
412 1.8768117 0.84942967 0.84109604 1.852541 0.7797708 0.84128463
413 1.8765118 0.84951633 0.8413762 1.8609979 0.78530645 0.84390104
414 1.8772534 0.8496452 0.8409718 1.8494084 0.77893364 0.84128463
415 1.8766499 0.84959257 0.84128904 1.8623322 0.78631085 0.84390104
416 1.876823 0.84936726 0.8409932 1.8514594 0.7789375 0.84128463
417 1.8762643 0.8493463 0.8411793 1.8645347 0.7883288 0.84562916
418 1.8763036 0.84905344 0.8410544 1.8540189 0.78207386 0.84199846
419 1.8760401 0.8491445 0.8412033 1.8666968 0.7893996 0.84390104
420 1.8764173 0.84912723 0.84098923 1.8530468 0.7821417 0.84128463
421 1.8757387 0.84894943 0.8410523 1.8669853 0.7907898 0.84562916
422 1.8757589 0.8487673 0.8409926 1.8572893 0.7836153 0.8435682
423 1.8758273 0.8489259 0.84094185 1.8680849 0.79105186 0.84420156
424 1.8757107 0.8488383 0.8409973 1.8589704 0.7854087 0.84285444
425 1.8766378 0.8493499 0.84086984 1.8686206 0.7919314 0.84128463
426 1.8764133 0.84926134 0.8409661 1.8670315 0.7902033 0.84390104
427 1.8765401 0.8491903 0.8409463 1.864293 0.78830737 0.8417756
428 1.8755119 0.84878564 0.8412233 1.86805 0.7942356 0.84604234
429 1.8761423 0.84890044 0.84104896 1.8677025 0.790089 0.841475
430 1.8758711 0.849006 0.84113264 1.8679245 0.7933542 0.84604234
431 1.8762708 0.84896797 0.8409508 1.8672514 0.79061353 0.8424894
432 1.8757482 0.84907913 0.8412245 1.8657722 0.7930975 0.84604234
433 1.8754547 0.84849685 0.84077597 1.8701866 0.791849 0.84413975
434 1.8750283 0.8485302 0.84113497 1.8664665 0.79395217 0.84499574
435 1.8752995 0.8484175 0.84094423 1.8640631 0.7889678 0.84128463
436 1.874927 0.84835297 0.8412062 1.8657602 0.79257363 0.84499574
437 1.8756288 0.8485654 0.8408396 1.8631065 0.7893755 0.84271216
438 1.8751515 0.84843236 0.84100693 1.8666577 0.79217947 0.8439492
439 1.8753812 0.8484693 0.8410478 1.8666732 0.79119635 0.84271216
440 1.8749279 0.84835035 0.84105897 1.8703127 0.79459286 0.8439492
441 1.8749567 0.8482352 0.8410566 1.8679395 0.791942 0.84128463
442 1.8747154 0.8482208 0.8409161 1.8705294 0.7949478 0.8434259
443 1.8753179 0.8483172 0.8411458 1.8675222 0.7910795 0.84271216
444 1.8749197 0.8484219 0.84109277 1.8672101 0.79235864 0.8437265
445 1.8753132 0.84829754 0.84110487 1.8677328 0.7911744 0.84199846
446 1.8745942 0.8481523 0.84128785 1.8689842 0.7936201 0.8437265
447 1.8750201 0.84820485 0.8410097 1.8636892 0.78921306 0.84199846
448 1.8745412 0.8481655 0.8410784 1.8668306 0.7930201 0.8434259
449 1.8752286 0.84829545 0.84096634 1.8661879 0.78946775 0.84128463
450 1.8745223 0.84810704 0.8411024 1.867281 0.79350466 0.8434259
451 1.8750104 0.84820634 0.84108204 1.8656657 0.7899203 0.84199846
452 1.8745149 0.84812963 0.8412215 1.8689816 0.79503286 0.8434259
453 1.874527 0.8479888 0.8409949 1.8683183 0.7919769 0.84199846
454 1.8742589 0.8480175 0.8413012 1.8703871 0.79535854 0.8434259
455 1.8741331 0.8477537 0.84086776 1.8663595 0.79031074 0.84128463
456 1.8746864 0.84815085 0.84100956 1.8655422 0.7929288 0.8429026
457 1.8740035 0.847829 0.84111166 1.8745283 0.79489326 0.8442497
458 1.8745397 0.8479568 0.84094715 1.8664664 0.7910584 0.84361637
459 1.8741989 0.8479758 0.8411367 1.8672597 0.7938287 0.8439492
460 1.8746927 0.8479972 0.8409705 1.8728204 0.7941332 0.8429026
461 1.87437 0.8482415 0.841264 1.8729509 0.7952978 0.842299
462 1.8741188 0.84765637 0.840972 1.8716787 0.79304373 0.84106183
463 1.8742764 0.84814745 0.84125113 1.8682517 0.79310846 0.8434259
464 1.8739877 0.8475787 0.8410824 1.8712122 0.7927698 0.8429026
465 1.8742117 0.84793764 0.8412907 1.8697832 0.7935192 0.8434259
466 1.874126 0.8476672 0.84116596 1.8686079 0.79240346 0.84218884
467 1.8736271 0.8476449 0.84112686 1.8737309 0.79651517 0.8434259
468 1.8735384 0.8473495 0.8410129 1.8689641 0.79157746 0.8429026
469 1.8737178 0.8476057 0.84122884 1.8732475 0.79627657 0.8429026
470 1.8733888 0.84733415 0.8409925 1.8703396 0.7930169 0.84218884
471 1.8732635 0.8473263 0.84104663 1.8748039 0.7978792 0.8429026
472 1.8733166 0.84727794 0.84104174 1.8715909 0.79345244 0.8432032
473 1.8733604 0.84731287 0.84103346 1.8725567 0.7955059 0.8429026
474 1.8733474 0.8472841 0.8411471 1.8721704 0.79480165 0.8432032
475 1.8732401 0.847408 0.8410902 1.8748608 0.79672784 0.8429026
476 1.8736948 0.8474283 0.8410936 1.8715318 0.7945003 0.8432032
477 1.8736093 0.84759706 0.8412004 1.8721921 0.7964814 0.8434259
478 1.8739232 0.84755254 0.8411854 1.8715401 0.795468 0.8429026
479 1.8732634 0.84742707 0.84105486 1.8779583 0.8000771 0.8429026
480 1.8735592 0.8472771 0.8412218 1.872875 0.7945633 0.841475
481 1.873346 0.84741306 0.8412056 1.8747225 0.7983451 0.8429026
482 1.8735312 0.84734297 0.8411189 1.8745273 0.7959666 0.8432032
483 1.873102 0.84725654 0.8411653 1.8785552 0.80005157 0.8429026
484 1.8732303 0.8471773 0.84115547 1.872026 0.79448235 0.8429026
485 1.8728912 0.84710175 0.8412706 1.8771646 0.799457 0.8429026
486 1.8729956 0.8470626 0.84116787 1.8770742 0.79789865 0.8429026
487 1.8727667 0.847061 0.84118545 1.8770962 0.7993989 0.8429026
488 1.8731087 0.8471133 0.8410075 1.8763683 0.79956496 0.8432032
489 1.8728598 0.84706765 0.84118253 1.8805482 0.8008408 0.8429026
490 1.8728139 0.84694874 0.84119934 1.8771042 0.79938 0.8429026
491 1.8725501 0.84697366 0.8411983 1.8821547 0.8021916 0.8429026
492 1.8725452 0.8468256 0.841041 1.8771104 0.7994342 0.8429026
493 1.872755 0.84700817 0.8412017 1.8780537 0.799534 0.8429026
494 1.8724152 0.84675884 0.84100634 1.876369 0.7996861 0.8432032
495 1.8726072 0.8469444 0.84114367 1.8793113 0.80037296 0.8429026
496 1.8722539 0.8466926 0.8410638 1.8790281 0.8003701 0.8429026
497 1.872814 0.84707236 0.841179 1.875462 0.79843736 0.8429026
498 1.8722343 0.8466296 0.84112674 1.8814576 0.8026751 0.8429026
499 1.8732578 0.84720623 0.84118605 1.8738159 0.7971989 0.8429026
0 0 0.0 0.0 0.0 0.0 0.0 0.0 0.0 0.0 0.0 0.0 0.0 0.0 0.0 0.0 0.0 0.0 0.0 0.0 0.0 0.0 0.0 0.0 0.0 0.0 0.0 0.0 0.0 0.0 0.0 0.0 0.0 0.0 0.0 0.0 0.0 0.0 0.0 0.0 0.0 0.0 0.0 0.0 0.0 0.0 0.0 0.0 0.0 0.0 0.0 0.0 0.0 0.0 0.0 0.0 0.0 0.0 0.0 0.0 0.0 0.0 0.0 0.0 0.0 0.0 0.0 0.0 0.0 0.0 0.0 0.0 0.0 0.0 0.0 0.0 0.0 0.0 0.0 0.0 0.0 0.0 0.0 0.0 0.0 0.0 0.0 0.0 0.0 0.0 0.0 0.0 0.0 0.0 0.0 0.0 0.0 0.01878058183094195 0.04459997466683873 0.1267751925519381 0.3889654042946217 0.6425263395258947 0.6952311103980839 0.8630716980624439 0.9546628405154245 0.9847158943153165 -1.1010414 -1.0564134 -0.93899256 -0.75488037 -0.44001874 -0.7936238 -0.9045022 -1.0266299 -1.143845 -1.2437046 -1.0976659 -0.86725867 -0.51753044 -0.08182087 -0.5405725 -0.82394916 -1.0014199 -1.2548577
1 0 0.0 0.0 0.0 0.0 0.0 0.0 0.0 0.0 0.0 0.0 0.0 0.0 0.0 0.0 0.0 0.0 0.0 0.0 0.0 0.0 0.0 0.0 0.0 0.0 0.0 0.0 0.0 0.0 0.0 0.0 0.0 0.0 0.0 0.0 0.0 0.0 0.0 0.0 0.0 0.0 0.0 0.0 0.0 0.0 0.0 0.0 0.0 0.0 0.0 0.0 0.0 0.0 0.0 0.0 0.0 0.0 0.0 0.0 0.0 0.0 0.0 0.0 0.0 0.0 0.0 0.0 0.0 0.0 0.0 0.0 0.0 0.0 0.0 0.0 0.0 0.0 0.0 0.0 0.0 0.0 0.0 0.0 0.0 0.0 0.0 0.0 0.0 0.0 0.0 0.0 0.0 0.0 0.0 0.0 0.0 0.010466942948644645 0.03268183230650937 0.07544411309479612 0.19854362663400826 0.4561467959750192 0.5688671690391596 0.8477854051682535 0.9270289088035794 0.9754948840652273 -1.1295202 -0.9974102 -0.9122295 -0.79217064 -0.480631 -0.74334973 -0.8589723 -0.9761053 -1.0752623 -1.2714446 -1.0549766 -0.87290096 -0.52542025 -0.118149586 -0.523954 -0.7521893 -0.94863987 -1.163138
2 0 0.0 0.0 0.0 0.0 0.0 0.0 0.0 0.0 0.0 0.0 0.0 0.0 0.0 0.0 0.0 0.0 0.0 0.0 0.0 0.0 0.0 0.0 0.0 0.0 0.0 0.0 0.0 0.0 0.0 0.0 0.0 0.0 0.0 0.0 0.0 0.0 0.0 0.0 0.0 0.0 0.0 0.0 0.0 0.0 0.0 0.0 0.0 0.0 0.0 0.0 0.0 0.0 0.0 0.0 0.0 0.0 0.0 0.0 0.0 0.0 0.0 0.0 0.0 0.0 0.0 0.0 0.0 0.0 0.0 0.0 0.0 0.0 0.0 0.0 0.0 0.0 0.0 0.0 0.0 0.0 0.0 0.0 0.0 0.0 0.0 0.0 0.0 0.0 0.0 0.0 0.0 0.0 0.0 0.0 0.0 0.005854946244042514 0.014523501352547602 0.027602990520527556 0.09291049907353194 0.21238107091646474 0.45144354864880004 0.7206799846200787 0.8292855579656444 0.9350713879732526 -1.1542083 -1.1078528 -1.0438122 -0.9289484 -0.7904624 -0.86156404 -0.9637466 -1.0299814 -1.1459782 -1.3808861 -1.2140672 -1.0875444 -0.77290916 -0.4861361 -0.64533865 -0.824177 -0.9630084 -1.1969458
0 400 0.0 0.0 0.0 0.0 0.0 0.0 0.0 0.0 0.0 0.0 0.0 0.0 0.0 0.0 0.0 0.0 0.0 0.0 0.0 0.0 0.0 0.0 0.0 0.0 0.0 0.0 0.0 0.0 0.0 0.0 0.0 0.0 0.0 0.0 0.0 0.0 0.0 0.0 0.0 0.0 0.0 0.0 0.0 0.0 0.0 0.0 0.0 0.0 0.0 0.0 0.0 0.0 0.0 0.0 0.0 0.0 0.0 0.0 0.0 0.0 0.0 0.0 0.0 0.0 0.0 0.0 0.0 0.0 0.0 0.0 0.0 0.0 0.0 0.0 0.0 0.0 0.0 0.0 0.0 0.0 0.0 0.0 0.0 0.0 0.0 0.0 0.0 0.0 0.0 0.0 0.0 0.0 0.0 0.0 0.0 0.021485048760251937 0.0516192450559387 0.14055379408759788 0.43377084235987534 0.6331988323657396 0.721148442801279 0.8682421805065036 0.9583739692940837 0.9846940910453484 -1.0503109 -0.9865961 -0.85821223 -0.5589605 -0.28371924 -0.549958 -0.6633846 -0.90659046 -1.0923343 -1.1740384 -1.0172805 -0.77502733 -0.3102703 0.07536415 -0.26661798 -0.55127716 -0.87790376 -1.1865616
1 400 0.0 0.0 0.0 0.0 0.0 0.0 0.0 0.0 0.0 0.0 0.0 0.0 0.0 0.0 0.0 0.0 0.0 0.0 0.0 0.0 0.0 0.0 0.0 0.0 0.0 0.0 0.0 0.0 0.0 0.0 0.0 0.0 0.0 0.0 0.0 0.0 0.0 0.0 0.0 0.0 0.0 0.0 0.0 0.0 0.0 0.0 0.0 0.0 0.0 0.0 0.0 0.0 0.0 0.0 0.0 0.0 0.0 0.0 0.0 0.0 0.0 0.0 0.0 0.0 0.0 0.0 0.0 0.0 0.0 0.0 0.0 0.0 0.0 0.0 0.0 0.0 0.0 0.0 0.0 0.0 0.0 0.0 0.0 0.0 0.0 0.0 0.0 0.0 0.0 0.0 0.0 0.0 0.0 0.0 0.0 0.012517176595118251 0.03763998294782877 0.08452720873498985 0.21602166075654533 0.46742835026078083 0.5918142041270263 0.841281619407907 0.9320794266226974 0.9745020068958656 -1.074114 -0.9509976 -0.870469 -0.7205626 -0.3554169 -0.6173565 -0.802634 -0.9299035 -1.0577921 -1.2108583 -1.0107564 -0.81247914 -0.44646117 -0.013141565 -0.38865143 -0.6833789 -0.9002088 -1.134223
2 400 0.0 0.0 0.0 0.0 0.0 0.0 0.0 0.0 0.0 0.0 0.0 0.0 0.0 0.0 0.0 0.0 0.0 0.0 0.0 0.0 0.0 0.0 0.0 0.0 0.0 0.0 0.0 0.0 0.0 0.0 0.0 0.0 0.0 0.0 0.0 0.0 0.0 0.0 0.0 0.0 0.0 0.0 0.0 0.0 0.0 0.0 0.0 0.0 0.0 0.0 0.0 0.0 0.0 0.0 0.0 0.0 0.0 0.0 0.0 0.0 0.0 0.0 0.0 0.0 0.0 0.0 0.0 0.0 0.0 0.0 0.0 0.0 0.0 0.0 0.0 0.0 0.0 0.0 0.0 0.0 0.0 0.0 0.0 0.0 0.0 0.0 0.0 0.0 0.0 0.0 0.0 0.0 0.0 0.0 0.0 0.007186448736789955 0.018117585718910367 0.03251815488646854 0.10051764031020266 0.22478698769538544 0.47183045078084584 0.7142033234100209 0.8372598127176167 0.9330249428163232 -1.0982955 -1.0392544 -0.972221 -0.8285426 -0.6082382 -0.66530544 -0.8356657 -0.9034232 -1.0872036 -1.3044322 -1.146846 -0.99230725 -0.67014116 -0.29509923 -0.42904365 -0.67129713 -0.8284601 -1.1178527
0 800 0.0 0.0 0.0 0.0 0.0 0.0 0.0 0.0 0.0 0.0 0.0 0.0 0.0 0.0 0.0 0.0 0.0 0.0 0.0 0.0 0.0 0.0 0.0 0.0 0.0 0.0 0.0 0.0 0.0 0.0 0.0 0.0 0.0 0.0 0.0 0.0 0.0 0.0 0.0 0.0 0.0 0.0 0.0 0.0 0.0 0.0 0.0 0.0 0.0 0.0 0.0 0.0 0.0 0.0 0.0 0.0 0.0 0.0 0.0 0.0 0.0 0.0 0.0 0.0 0.0 0.0 0.0 0.0 0.0 0.0 0.0 0.0 0.0 0.0 0.0 0.0 0.0 0.0 0.0 0.0 0.0 0.0 0.0 0.0 0.0 0.0 0.0 0.0 0.0 0.0 0.0 0.0 0.0 0.0 0.0 0.02626247082660101 0.097437563867622 0.20207195947946296 0.42813303887455106 0.6526179593622281 0.6820645593011866 0.827214702705208 0.9269240539800204 0.9738677163119291 -0.9121698 -0.5660145 -0.31100544 0.04837893 0.42131662 0.16472937 0.108954266 -0.41642055 -0.8713948 -1.0115707 -0.5467734 -0.14391485 0.36157185 0.8226628 0.53904605 0.32542595 -0.3140876 -0.8953075
1 800 0.0 0.0 0.0 0.0 0.0 0.0 0.0 0.0 0.0 0.0 0.0 0.0 0.0 0.0 0.0 0.0 0.0 0.0 0.0 0.0 0.0 0.0 0.0 0.0 0.0 0.0 0.0 0.0 0.0 0.0 0.0 0.0 0.0 0.0 0.0 0.0 0.0 0.0 0.0 0.0 0.0 0.0 0.0 0.0 0.0 0.0 0.0 0.0 0.0 0.0 0.0 0.0 0.0 0.0 0.0 0.0 0.0 0.0 0.0 0.0 0.0 0.0 0.0 0.0 0.0 0.0 0.0 0.0 0.0 0.0 0.0 0.0 0.0 0.0 0.0 0.0 0.0 0.0 0.0 0.0 0.0 0.0 0.0 0.0 0.0 0.0 0.0 0.0 0.0 0.0 0.0 0.0 0.0 0.0 0.0 0.018837360122303724 0.0657168939652511 0.11436253940163771 0.22728354775499526 0.4537340803645014 0.5446367877432622 0.7817050661076719 0.9034130684809669 0.9508391104145257 -0.9758278 -0.81088436 -0.6388773 -0.39220154 -0.04425247 -0.23179658 -0.5877933 -0.7416403 -0.9200518 -1.0751078 -0.8316347 -0.536975 -0.096891694 0.2745584 0.041454874 -0.4362025 -0.66832 -0.93675965
2 800 0.0 0.0 0.0 0.0 0.0 0.0 0.0 0.0 0.0 0.0 0.0 0.0 0.0 0.0 0.0 0.0 0.0 0.0 0.0 0.0 0.0 0.0 0.0 0.0 0.0 0.0 0.0 0.0 0.0 0.0 0.0 0.0 0.0 0.0 0.0 0.0 0.0 0.0 0.0 0.0 0.0 0.0 0.0 0.0 0.0 0.0 0.0 0.0 0.0 0.0 0.0 0.0 0.0 0.0 0.0 0.0 0.0 0.0 0.0 0.0 0.0 0.0 0.0 0.0 0.0 0.0 0.0 0.0 0.0 0.0 0.0 0.0 0.0 0.0 0.0 0.0 0.0 0.0 0.0 0.0 0.0 0.0 0.0 0.0 0.0 0.0 0.0 0.0 0.0 0.0 0.0 0.0 0.0 0.0 0.0 0.016863119157276323 0.0397294666778616 0.05385775945976236 0.13548046664437463 0.24246109891314313 0.4642478935061087 0.6183340826687688 0.7976947076654375 0.9078377567037229 -0.97237355 -0.61022174 -0.50564325 -0.25499836 0.17136417 -0.0648147 -0.25448728 -0.5828323 -0.87717664 -1.1037387 -0.6465417 -0.44058445 -0.04987866 0.6020449 0.21570104 0.023069955 -0.4577178 -0.8465222
0 400 -0.09526226669549942 0.016709888353943825 -0.07910320162773132 -0.0731518566608429 -0.22559235990047455 0.0035084974952042103 -0.06883358955383301 0.00651793647557497 0.0009638901683501899 -0.001835168688558042 -0.044794950634241104 0.02601160854101181 0.012092490680515766 0.050399549305438995 0.06074593588709831 0.06728141754865646 -0.21656884253025055 -0.025788167491555214 0.03576146811246872 0.0644632950425148 0.03593187779188156 0.040523648262023926 0.21239712834358215 -0.030787857249379158 0.11520431935787201 0.1262853741645813 -0.06291764229536057 0.054576389491558075 0.08655175566673279 -0.040181007236242294 -0.16287007927894592 0.33428388833999634 -0.06587692350149155 0.021035607904195786 0.24582302570343018 0.1094118282198906 0.050475239753723145 0.11250767856836319 0.015399914234876633 0.1334681510925293 -0.16423235833644867 -0.11908289045095444 0.1522449553012848 -0.05224814638495445 -0.09705708175897598 -0.007885230705142021 -0.06628904491662979 0.03305256366729736 -0.021866897121071815 0.0727369636297226 0.04458334669470787 -0.0045153857208788395 0.3227464556694031 -0.010409089736640453 0.03994283825159073 -0.05979657918214798 -0.08019373565912247 0.06893943250179291 -0.12171971052885056 -0.047695063054561615 -0.2254565805196762 0.134402796626091 -0.030712800100445747 -0.07949855923652649 -0.1673465520143509 -0.12508687376976013 -0.023738957941532135 -0.003875262103974819 0.019779371097683907 -0.2587023079395294 -0.054870057851076126 0.02795780822634697 0.07249034196138382 -0.05713801085948944 -0.03290418162941933 0.004721234552562237 -0.008680788800120354 -0.024514975026249886 0.038800157606601715 -0.018948649987578392 -0.0006366921006701887 0.0880010724067688 0.11096296459436417 0.10109136253595352 0.05971838906407356 0.08225952088832855 0.032987505197525024 0.043947312980890274 -0.05247268080711365 0.08621373772621155 -0.0335841029882431 -0.04777446761727333 -0.13867032527923584 0.07749858498573303 -0.011877547018229961 0.05303340736061469 0.16672455625424978 0.8816204265938006 0.7874689058338575 0.8654636153375593 0.9879047492332851 0.9865415477999852 0.9889141624987413 0.991889991640523 -2.4602752 -2.1300197 -2.3742263 -2.7580864 -2.7351167 -2.333005 -2.427562 -2.3639708 -2.532412 -2.6399806 -2.031936 -2.0763495 -2.5807822 -2.4825332 -2.11204 -2.3540795 -2.4826941 -2.7623086
1 400 -0.09526226669549942 0.016709888353943825 -0.07910320162773132 -0.0731518566608429 -0.22559235990047455 0.0035084974952042103 -0.06883358955383301 0.00651793647557497 0.0009638901683501899 -0.001835168688558042 -0.044794950634241104 0.02601160854101181 0.012092490680515766 0.050399549305438995 0.06074593588709831 0.06728141754865646 -0.21656884253025055 -0.025788167491555214 0.03576146811246872 0.0644632950425148 0.03593187779188156 0.040523648262023926 0.21239712834358215 -0.030787857249379158 0.11520431935787201 0.1262853741645813 -0.06291764229536057 0.054576389491558075 0.08655175566673279 -0.040181007236242294 -0.16287007927894592 0.33428388833999634 -0.06587692350149155 0.021035607904195786 0.24582302570343018 0.1094118282198906 0.050475239753723145 0.11250767856836319 0.015399914234876633 0.1334681510925293 -0.16423235833644867 -0.11908289045095444 0.1522449553012848 -0.05224814638495445 -0.09705708175897598 -0.007885230705142021 -0.06628904491662979 0.03305256366729736 -0.021866897121071815 0.0727369636297226 0.04458334669470787 -0.0045153857208788395 0.3227464556694031 -0.010409089736640453 0.03994283825159073 -0.05979657918214798 -0.08019373565912247 0.06893943250179291 -0.12171971052885056 -0.047695063054561615 -0.2254565805196762 0.134402796626091 -0.030712800100445747 -0.07949855923652649 -0.1673465520143509 -0.12508687376976013 -0.023738957941532135 -0.003875262103974819 0.019779371097683907 -0.2587023079395294 -0.054870057851076126 0.02795780822634697 0.07249034196138382 -0.05713801085948944 -0.03290418162941933 0.004721234552562237 -0.008680788800120354 -0.024514975026249886 0.038800157606601715 -0.018948649987578392 -0.0006366921006701887 0.0880010724067688 0.11096296459436417 0.10109136253595352 0.05971838906407356 0.08225952088832855 0.032987505197525024 0.043947312980890274 -0.05247268080711365 0.08621373772621155 -0.0335841029882431 -0.04777446761727333 -0.13867032527923584 0.07749858498573303 -0.011877547018229961 0.042972432590422445 0.1261228222160946 0.3769950459394581 0.7386998745785041 0.7526810411925272 0.9719302259089357 0.9540352032723265 0.9618502051537526 0.9701154550715833 -2.296361 -1.889987 -2.0132642 -2.2643096 -2.2674072 -2.0335286 -2.0670717 -2.173897 -2.3640928 -2.4119828 -1.7491302 -1.6184506 -1.8856382 -1.8230406 -1.604321 -1.7686932 -2.1506 -2.510193
2 400 -0.09526226669549942 0.016709888353943825 -0.07910320162773132 -0.0731518566608429 -0.22559235990047455 0.0035084974952042103 -0.06883358955383301 0.00651793647557497 0.0009638901683501899 -0.001835168688558042 -0.044794950634241104 0.02601160854101181 0.012092490680515766 0.050399549305438995 0.06074593588709831 0.06728141754865646 -0.21656884253025055 -0.025788167491555214 0.03576146811246872 0.0644632950425148 0.03593187779188156 0.040523648262023926 0.21239712834358215 -0.030787857249379158 0.11520431935787201 0.1262853741645813 -0.06291764229536057 0.054576389491558075 0.08655175566673279 -0.040181007236242294 -0.16287007927894592 0.33428388833999634 -0.06587692350149155 0.021035607904195786 0.24582302570343018 0.1094118282198906 0.050475239753723145 0.11250767856836319 0.015399914234876633 0.1334681510925293 -0.16423235833644867 -0.11908289045095444 0.1522449553012848 -0.05224814638495445 -0.09705708175897598 -0.007885230705142021 -0.06628904491662979 0.03305256366729736 -0.021866897121071815 0.0727369636297226 0.04458334669470787 -0.0045153857208788395 0.3227464556694031 -0.010409089736640453 0.03994283825159073 -0.05979657918214798 -0.08019373565912247 0.06893943250179291 -0.12171971052885056 -0.047695063054561615 -0.2254565805196762 0.134402796626091 -0.030712800100445747 -0.07949855923652649 -0.1673465520143509 -0.12508687376976013 -0.023738957941532135 -0.003875262103974819 0.019779371097683907 -0.2587023079395294 -0.054870057851076126 0.02795780822634697 0.07249034196138382 -0.05713801085948944 -0.03290418162941933 0.004721234552562237 -0.008680788800120354 -0.024514975026249886 0.038800157606601715 -0.018948649987578392 -0.0006366921006701887 0.0880010724067688 0.11096296459436417 0.10109136253595352 0.05971838906407356 0.08225952088832855 0.032987505197525024 0.043947312980890274 -0.05247268080711365 0.08621373772621155 -0.0335841029882431 -0.04777446761727333 -0.13867032527923584 0.07749858498573303 -0.011877547018229961 0.02038302933038486 0.08323188404991837 0.2742829938885886 0.48316016837038167 0.6401228018787631 0.9204014101567308 0.9181026468583978 0.9519752554873682 0.9529975220757444 -2.5027976 -2.0463305 -2.4684143 -2.531985 -2.5687299 -2.2672896 -2.4047983 -2.3088417 -2.517792 -2.7074115 -1.8847337 -2.1602852 -2.2815897 -2.2796376 -2.010047 -2.304228 -2.3331666 -2.5800657
0 400 -0.08573603630065918 0.015038899146020412 -0.07119288295507431 -0.06583666801452637 -0.20303311944007874 0.0031576475594192743 -0.06195022910833359 0.005866142455488443 0.0008675011340528727 -0.0016516518080607057 -0.040315452963113785 0.02341044694185257 0.010883240960538387 0.045359592884778976 0.05467133969068527 0.06055327504873276 -0.19491195678710938 -0.023209350183606148 0.03218531981110573 0.05801696330308914 0.032338690012693405 0.036471281200647354 0.19115741550922394 -0.027709070593118668 0.10368388146162033 0.11365683376789093 -0.05662587657570839 0.04911874979734421 0.07789658010005951 -0.036162905395030975 -0.14658306539058685 0.30085548758506775 -0.05928922817111015 0.018932046368718147 0.22124071419239044 0.09847064316272736 0.04542771354317665 0.10125690698623657 0.01385992206633091 0.12012133002281189 -0.14780911803245544 -0.1071745976805687 0.13702045381069183 -0.04702332988381386 -0.08735137432813644 -0.007096707355231047 -0.05966014042496681 0.029747307300567627 -0.01968020759522915 0.06546326726675034 0.04012501239776611 -0.004063847009092569 0.29047179222106934 -0.00936818029731512 0.03594855219125748 -0.05381691828370094 -0.07217436283826828 0.06204548850655556 -0.10954773426055908 -0.042925555258989334 -0.202910915017128 0.12096251547336578 -0.027641519904136658 -0.0715487003326416 -0.15061189234256744 -0.11257818341255188 -0.021365061402320862 -0.003487735753878951 0.017801433801651 -0.23283207416534424 -0.049383051693439484 0.025162026286125183 0.06524130702018738 -0.05142420902848244 -0.029613763093948364 0.004249110817909241 -0.007812709547579288 -0.022063476964831352 0.034920141100883484 -0.017053784802556038 -0.0005730228731408715 0.07920096069574356 0.09986666589975357 0.09098222106695175 0.053746547549963 0.07403356581926346 0.029688753187656403 0.03955258056521416 -0.04722541198134422 0.07759236544370651 -0.030225692316889763 -0.04299702122807503 -0.12480328977108002 0.06974872201681137 -0.010689792223274708 0.0370912598879865 0.1412458598329729 0.8440043630393983 0.721952410965979 0.831267061097652 0.9813529976542327 0.982838731616286 0.9874041082957613 0.9913458170310293 -2.346812 -1.9802871 -2.1907012 -2.5568476 -2.5444324 -2.1822584 -2.2587557 -2.2175624 -2.3844323 -2.5479453 -1.8880554 -1.8876944 -2.3714087 -2.2859786 -1.9462494 -2.1785777 -2.3291678 -2.6158109
1 400 -0.08573603630065918 0.015038899146020412 -0.07119288295507431 -0.06583666801452637 -0.20303311944007874 0.0031576475594192743 -0.06195022910833359 0.005866142455488443 0.0008675011340528727 -0.0016516518080607057 -0.040315452963113785 0.02341044694185257 0.010883240960538387 0.045359592884778976 0.05467133969068527 0.06055327504873276 -0.19491195678710938 -0.023209350183606148 0.03218531981110573 0.05801696330308914 0.032338690012693405 0.036471281200647354 0.19115741550922394 -0.027709070593118668 0.10368388146162033 0.11365683376789093 -0.05662587657570839 0.04911874979734421 0.07789658010005951 -0.036162905395030975 -0.14658306539058685 0.30085548758506775 -0.05928922817111015 0.018932046368718147 0.22124071419239044 0.09847064316272736 0.04542771354317665 0.10125690698623657 0.01385992206633091 0.12012133002281189 -0.14780911803245544 -0.1071745976805687 0.13702045381069183 -0.04702332988381386 -0.08735137432813644 -0.007096707355231047 -0.05966014042496681 0.029747307300567627 -0.01968020759522915 0.06546326726675034 0.04012501239776611 -0.004063847009092569 0.29047179222106934 -0.00936818029731512 0.03594855219125748 -0.05381691828370094 -0.07217436283826828 0.06204548850655556 -0.10954773426055908 -0.042925555258989334 -0.202910915017128 0.12096251547336578 -0.027641519904136658 -0.0715487003326416 -0.15061189234256744 -0.11257818341255188 -0.021365061402320862 -0.003487735753878951 0.017801433801651 -0.23283207416534424 -0.049383051693439484 0.025162026286125183 0.06524130702018738 -0.05142420902848244 -0.029613763093948364 0.004249110817909241 -0.007812709547579288 -0.022063476964831352 0.034920141100883484 -0.017053784802556038 -0.0005730228731408715 0.07920096069574356 0.09986666589975357 0.09098222106695175 0.053746547549963 0.07403356581926346 0.029688753187656403 0.03955258056521416 -0.04722541198134422 0.07759236544370651 -0.030225692316889763 -0.04299702122807503 -0.12480328977108002 0.06974872201681137 -0.010689792223274708 0.030960722032609952 0.10364965653774348 0.253356840534543 0.674457677501502 0.7105878750331026 0.9535053047125297 0.9312523669818391 0.9527462310216741 0.9656564672853765 -2.1987207 -1.7496188 -1.8802702 -2.0811288 -2.1120732 -1.8875232 -1.9388974 -2.0468442 -2.225003 -2.3226116 -1.6233981 -1.552824 -1.6751413 -1.6615669 -1.4380875 -1.6507654 -2.0217683 -2.3670342
2 400 -0.08573603630065918 0.015038899146020412 -0.07119288295507431 -0.06583666801452637 -0.20303311944007874 0.0031576475594192743 -0.06195022910833359 0.005866142455488443 0.0008675011340528727 -0.0016516518080607057 -0.040315452963113785 0.02341044694185257 0.010883240960538387 0.045359592884778976 0.05467133969068527 0.06055327504873276 -0.19491195678710938 -0.023209350183606148 0.03218531981110573 0.05801696330308914 0.032338690012693405 0.036471281200647354 0.19115741550922394 -0.027709070593118668 0.10368388146162033 0.11365683376789093 -0.05662587657570839 0.04911874979734421 0.07789658010005951 -0.036162905395030975 -0.14658306539058685 0.30085548758506775 -0.05928922817111015 0.018932046368718147 0.22124071419239044 0.09847064316272736 0.04542771354317665 0.10125690698623657 0.01385992206633091 0.12012133002281189 -0.14780911803245544 -0.1071745976805687 0.13702045381069183 -0.04702332988381386 -0.08735137432813644 -0.007096707355231047 -0.05966014042496681 0.029747307300567627 -0.01968020759522915 0.06546326726675034 0.04012501239776611 -0.004063847009092569 0.29047179222106934 -0.00936818029731512 0.03594855219125748 -0.05381691828370094 -0.07217436283826828 0.06204548850655556 -0.10954773426055908 -0.042925555258989334 -0.202910915017128 0.12096251547336578 -0.027641519904136658 -0.0715487003326416 -0.15061189234256744 -0.11257818341255188 -0.021365061402320862 -0.003487735753878951 0.017801433801651 -0.23283207416534424 -0.049383051693439484 0.025162026286125183 0.06524130702018738 -0.05142420902848244 -0.029613763093948364 0.004249110817909241 -0.007812709547579288 -0.022063476964831352 0.034920141100883484 -0.017053784802556038 -0.0005730228731408715 0.07920096069574356 0.09986666589975357 0.09098222106695175 0.053746547549963 0.07403356581926346 0.029688753187656403 0.03955258056521416 -0.04722541198134422 0.07759236544370651 -0.030225692316889763 -0.04299702122807503 -0.12480328977108002 0.06974872201681137 -0.010689792223274708 0.015383741439718766 0.07187559356471827 0.2233380148915297 0.4076026871256594 0.5952305957572387 0.8800415062453187 0.8881687775292645 0.9290812046777974 0.9353543322193285 -2.4013083 -1.8989403 -2.3077295 -2.3654215 -2.3873737 -2.1169188 -2.253316 -2.1917343 -2.3922937 -2.6147106 -1.7424693 -2.0106251 -2.112394 -2.0872414 -1.8404248 -2.1335607 -2.2030625 -2.4526439
0 400 -0.07620981335639954 0.013367910869419575 -0.0632825642824173 -0.058521486818790436 -0.18047389388084412 0.0028067980892956257 -0.055066872388124466 0.005214349366724491 0.0007711121579632163 -0.0014681349275633693 -0.03583596274256706 0.020809287205338478 0.009673993103206158 0.040319640189409256 0.04859675094485283 0.05382513627409935 -0.1732550710439682 -0.02063053473830223 0.028609175235033035 0.05157063528895378 0.02874550223350525 0.03241891786456108 0.16991770267486572 -0.024630285799503326 0.09216345846652985 0.10102830082178116 -0.05033411458134651 0.04366111382842064 0.06924140453338623 -0.032144807279109955 -0.13029606640338898 0.26742711663246155 -0.05270154029130936 0.016828486695885658 0.1966584175825119 0.08752946555614471 0.040380191057920456 0.09000614285469055 0.012319931760430336 0.10677452385425568 -0.1313858926296234 -0.09526631236076355 0.12179596722126007 -0.04179851710796356 -0.0776456668972969 -0.0063081844709813595 -0.05303123593330383 0.02644205093383789 -0.017493518069386482 0.058189570903778076 0.035666678100824356 -0.003612308530136943 0.258197158575058 -0.008327271789312363 0.03195426985621452 -0.0478372648358345 -0.06415499001741409 0.055151548236608505 -0.0973757728934288 -0.03815605118870735 -0.18036526441574097 0.10752224177122116 -0.024570239707827568 -0.06359884887933731 -0.1338772475719452 -0.10006950050592422 -0.018991166725754738 -0.0031002096366137266 0.015823496505618095 -0.20696185529232025 -0.04389604553580284 0.022366246208548546 0.057992275804281235 -0.04571041092276573 -0.02632334642112255 0.0037769877817481756 -0.006944631226360798 -0.019611980766057968 0.031040126457810402 -0.015158920548856258 -0.0005093537038192153 0.07040085643529892 0.08877037465572357 0.08087309449911118 0.04777471348643303 0.06580761820077896 0.02639000490307808 0.03515785187482834 -0.0419781468808651 0.06897099316120148 -0.026867283508181572 -0.038219574838876724 -0.11093626171350479 0.061998870223760605 -0.009502037428319454 0.026199793615059603 0.12287616731954669 0.796458201626516 0.6610972394255554 0.7915723284654016 0.9713175500436835 0.9782431330904364 0.98628651913471 0.9910971696278422 -2.234316 -1.8383558 -2.01151 -2.3482912 -2.3532774 -2.0317779 -2.0895991 -2.0671122 -2.2353542 -2.458019 -1.7621405 -1.7039976 -2.1699712 -2.090979 -1.782769 -2.0032961 -2.174256 -2.455617
1 400 -0.07620981335639954 0.013367910869419575 -0.0632825642824173 -0.058521486818790436 -0.18047389388084412 0.0028067980892956257 -0.055066872388124466 0.005214349366724491 0.0007711121579632163 -0.0014681349275633693 -0.03583596274256706 0.020809287205338478 0.009673993103206158 0.040319640189409256 0.04859675094485283 0.05382513627409935 -0.1732550710439682 -0.02063053473830223 0.028609175235033035 0.05157063528895378 0.02874550223350525 0.03241891786456108 0.16991770267486572 -0.024630285799503326 0.09216345846652985 0.10102830082178116 -0.05033411458134651 0.04366111382842064 0.06924140453338623 -0.032144807279109955 -0.13029606640338898 0.26742711663246155 -0.05270154029130936 0.016828486695885658 0.1966584175825119 0.08752946555614471 0.040380191057920456 0.09000614285469055 0.012319931760430336 0.10677452385425568 -0.1313858926296234 -0.09526631236076355 0.12179596722126007 -0.04179851710796356 -0.0776456668972969 -0.0063081844709813595 -0.05303123593330383 0.02644205093383789 -0.017493518069386482 0.058189570903778076 0.035666678100824356 -0.003612308530136943 0.258197158575058 -0.008327271789312363 0.03195426985621452 -0.0478372648358345 -0.06415499001741409 0.055151548236608505 -0.0973757728934288 -0.03815605118870735 -0.18036526441574097 0.10752224177122116 -0.024570239707827568 -0.06359884887933731 -0.1338772475719452 -0.10006950050592422 -0.018991166725754738 -0.0031002096366137266 0.015823496505618095 -0.20696185529232025 -0.04389604553580284 0.022366246208548546 0.057992275804281235 -0.04571041092276573 -0.02632334642112255 0.0037769877817481756 -0.006944631226360798 -0.019611980766057968 0.031040126457810402 -0.015158920548856258 -0.0005093537038192153 0.07040085643529892 0.08877037465572357 0.08087309449911118 0.04777471348643303 0.06580761820077896 0.02639000490307808 0.03515785187482834 -0.0419781468808651 0.06897099316120148 -0.026867283508181572 -0.038219574838876724 -0.11093626171350479 0.061998870223760605 -0.009502037428319454 0.022487445473237527 0.08576938353909949 0.20873639330451646 0.5981812344223786 0.6662917127912621 0.9258899598751461 0.8987417014811651 0.9435759583630605 0.9606123173382329 -2.1009152 -1.6171137 -1.7727556 -1.9135464 -1.955775 -1.736597 -1.8106385 -1.9176139 -2.0854557 -2.2341418 -1.5077422 -1.5114903 -1.5003697 -1.4982861 -1.2776858 -1.5327884 -1.884338 -2.2241385
2 400 -0.07620981335639954 0.013367910869419575 -0.0632825642824173 -0.058521486818790436 -0.18047389388084412 0.0028067980892956257 -0.055066872388124466 0.005214349366724491 0.0007711121579632163 -0.0014681349275633693 -0.03583596274256706 0.020809287205338478 0.009673993103206158 0.040319640189409256 0.04859675094485283 0.05382513627409935 -0.1732550710439682 -0.02063053473830223 0.028609175235033035 0.05157063528895378 0.02874550223350525 0.03241891786456108 0.16991770267486572 -0.024630285799503326 0.09216345846652985 0.10102830082178116 -0.05033411458134651 0.04366111382842064 0.06924140453338623 -0.032144807279109955 -0.13029606640338898 0.26742711663246155 -0.05270154029130936 0.016828486695885658 0.1966584175825119 0.08752946555614471 0.040380191057920456 0.09000614285469055 0.012319931760430336 0.10677452385425568 -0.1313858926296234 -0.09526631236076355 0.12179596722126007 -0.04179851710796356 -0.0776456668972969 -0.0063081844709813595 -0.05303123593330383 0.02644205093383789 -0.017493518069386482 0.058189570903778076 0.035666678100824356 -0.003612308530136943 0.258197158575058 -0.008327271789312363 0.03195426985621452 -0.0478372648358345 -0.06415499001741409 0.055151548236608505 -0.0973757728934288 -0.03815605118870735 -0.18036526441574097 0.10752224177122116 -0.024570239707827568 -0.06359884887933731 -0.1338772475719452 -0.10006950050592422 -0.018991166725754738 -0.0031002096366137266 0.015823496505618095 -0.20696185529232025 -0.04389604553580284 0.022366246208548546 0.057992275804281235 -0.04571041092276573 -0.02632334642112255 0.0037769877817481756 -0.006944631226360798 -0.019611980766057968 0.031040126457810402 -0.015158920548856258 -0.0005093537038192153 0.07040085643529892 0.08877037465572357 0.08087309449911118 0.04777471348643303 0.06580761820077896 0.02639000490307808 0.03515785187482834 -0.0419781468808651 0.06897099316120148 -0.026867283508181572 -0.038219574838876724 -0.11093626171350479 0.061998870223760605 -0.009502037428319454 0.011724482532156187 0.055593652105136865 0.15104720995977913 0.3390795909415236 0.5492044625193322 0.8243215504454943 0.8504806298078521 0.8956785853105185 0.9154376266293268 -2.2998626 -1.7501371 -2.1291265 -2.1983776 -2.217681 -1.966898 -2.1014009 -2.0752256 -2.261555 -2.5225923 -1.6404722 -1.9014264 -1.9432967 -1.9103582 -1.6724883 -1.9630564 -2.0745165 -2.3162944
0 400 -0.0666835829615593 0.011696921661496162 -0.055372241884469986 -0.05120629817247391 -0.1579146534204483 0.0024559481535106897 -0.048183511942625046 0.004562555346637964 0.000674723123665899 -0.0012846180470660329 -0.03135646507143974 0.018208125606179237 0.008464743383228779 0.03527968376874924 0.04252215474843979 0.047096990048885345 -0.15159818530082703 -0.018051717430353165 0.025033026933670044 0.04512430727481842 0.025152314454317093 0.02836655266582966 0.1486779898405075 -0.021551499143242836 0.08064302057027817 0.08839976042509079 -0.044042348861694336 0.03820347040891647 0.06058622896671295 -0.028126705437898636 -0.11400905251502991 0.23399871587753296 -0.04611384496092796 0.01472492516040802 0.17207612097263336 0.07658828049898148 0.03533266857266426 0.07875537127256393 0.010779939591884613 0.09342770278453827 -0.11496265232563019 -0.08335801959037781 0.10657146573066711 -0.03657370060682297 -0.06793995946645737 -0.005519661586731672 -0.046402331441640854 0.023136794567108154 -0.015306827612221241 0.05091587454080582 0.03120834194123745 -0.0031607700511813164 0.22592251002788544 -0.007286362815648317 0.02795998565852642 -0.041857603937387466 -0.05613561347126961 0.048257600516080856 -0.08520379662513733 -0.03338654339313507 -0.15781959891319275 0.09408195316791534 -0.02149895951151848 -0.05564898997545242 -0.11714258790016174 -0.08756081014871597 -0.016617270186543465 -0.002712683519348502 0.01384555920958519 -0.18109160661697388 -0.0384090393781662 0.01957046613097191 0.050743237137794495 -0.03999660536646843 -0.02303292602300644 0.0033048640470951796 -0.006076551973819733 -0.017160482704639435 0.02716010995209217 -0.01326405443251133 -0.00044568447628989816 0.06160074844956398 0.07767407596111298 0.0707639530301094 0.041802871972322464 0.05758166313171387 0.023091252893209457 0.03076311945915222 -0.036730874329805374 0.06034961715340614 -0.023508870974183083 -0.03344212844967842 -0.09706922620534897 0.054249007254838943 -0.0083142826333642 0.02178686102947373 0.11068536137285924 0.7166557327918766 0.5993862024194427 0.7515013596234631 0.9563131930558018 0.9730540711981587 0.9854150017194395 0.9907364079521215 -2.069116 -1.6984253 -1.8601096 -2.1417344 -2.1503825 -1.8813095 -1.9177902 -1.9262141 -2.091581 -2.2808287 -1.63241 -1.5854312 -1.9747937 -1.8887664 -1.6185751 -1.8234868 -2.02019 -2.2948701
1 400 -0.0666835829615593 0.011696921661496162 -0.055372241884469986 -0.05120629817247391 -0.1579146534204483 0.0024559481535106897 -0.048183511942625046 0.004562555346637964 0.000674723123665899 -0.0012846180470660329 -0.03135646507143974 0.018208125606179237 0.008464743383228779 0.03527968376874924 0.04252215474843979 0.047096990048885345 -0.15159818530082703 -0.018051717430353165 0.025033026933670044 0.04512430727481842 0.025152314454317093 0.02836655266582966 0.1486779898405075 -0.021551499143242836 0.08064302057027817 0.08839976042509079 -0.044042348861694336 0.03820347040891647 0.06058622896671295 -0.028126705437898636 -0.11400905251502991 0.23399871587753296 -0.04611384496092796 0.01472492516040802 0.17207612097263336 0.07658828049898148 0.03533266857266426 0.07875537127256393 0.010779939591884613 0.09342770278453827 -0.11496265232563019 -0.08335801959037781 0.10657146573066711 -0.03657370060682297 -0.06793995946645737 -0.005519661586731672 -0.046402331441640854 0.023136794567108154 -0.015306827612221241 0.05091587454080582 0.03120834194123745 -0.0031607700511813164 0.22592251002788544 -0.007286362815648317 0.02795998565852642 -0.041857603937387466 -0.05613561347126961 0.048257600516080856 -0.08520379662513733 -0.03338654339313507 -0.15781959891319275 0.09408195316791534 -0.02149895951151848 -0.05564898997545242 -0.11714258790016174 -0.08756081014871597 -0.016617270186543465 -0.002712683519348502 0.01384555920958519 -0.18109160661697388 -0.0384090393781662 0.01957046613097191 0.050743237137794495 -0.03999660536646843 -0.02303292602300644 0.0033048640470951796 -0.006076551973819733 -0.017160482704639435 0.02716010995209217 -0.01326405443251133 -0.00044568447628989816 0.06160074844956398 0.07767407596111298 0.0707639530301094 0.041802871972322464 0.05758166313171387 0.023091252893209457 0.03076311945915222 -0.036730874329805374 0.06034961715340614 -0.023508870974183083 -0.03344212844967842 -0.09706922620534897 0.054249007254838943 -0.0083142826333642 0.020033869209886312 0.06423786516135309 0.1737871559137339 0.5090686142652255 0.6152673075945606 0.8805971996115124 0.8434365275053693 0.9376849002076649 0.9555656004842383 -1.9022747 -1.5416596 -1.6661416 -1.7478857 -1.7989671 -1.576613 -1.6878891 -1.7892957 -1.9450616 -1.9913489 -1.4709977 -1.4720855 -1.3292062 -1.3361601 -1.1215001 -1.4256854 -1.7461342 -2.078155
2 400 -0.0666835829615593 0.011696921661496162 -0.055372241884469986 -0.05120629817247391 -0.1579146534204483 0.0024559481535106897 -0.048183511942625046 0.004562555346637964 0.000674723123665899 -0.0012846180470660329 -0.03135646507143974 0.018208125606179237 0.008464743383228779 0.03527968376874924 0.04252215474843979 0.047096990048885345 -0.15159818530082703 -0.018051717430353165 0.025033026933670044 0.04512430727481842 0.025152314454317093 0.02836655266582966 0.1486779898405075 -0.021551499143242836 0.08064302057027817 0.08839976042509079 -0.044042348861694336 0.03820347040891647 0.06058622896671295 -0.028126705437898636 -0.11400905251502991 0.23399871587753296 -0.04611384496092796 0.01472492516040802 0.17207612097263336 0.07658828049898148 0.03533266857266426 0.07875537127256393 0.010779939591884613 0.09342770278453827 -0.11496265232563019 -0.08335801959037781 0.10657146573066711 -0.03657370060682297 -0.06793995946645737 -0.005519661586731672 -0.046402331441640854 0.023136794567108154 -0.015306827612221241 0.05091587454080582 0.03120834194123745 -0.0031607700511813164 0.22592251002788544 -0.007286362815648317 0.02795998565852642 -0.041857603937387466 -0.05613561347126961 0.048257600516080856 -0.08520379662513733 -0.03338654339313507 -0.15781959891319275 0.09408195316791534 -0.02149895951151848 -0.05564898997545242 -0.11714258790016174 -0.08756081014871597 -0.016617270186543465 -0.002712683519348502 0.01384555920958519 -0.18109160661697388 -0.0384090393781662 0.01957046613097191 0.050743237137794495 -0.03999660536646843 -0.02303292602300644 0.0033048640470951796 -0.006076551973819733 -0.017160482704639435 0.02716010995209217 -0.01326405443251133 -0.00044568447628989816 0.06160074844956398 0.07767407596111298 0.0707639530301094 0.041802871972322464 0.05758166313171387 0.023091252893209457 0.03076311945915222 -0.036730874329805374 0.06034961715340614 -0.023508870974183083 -0.03344212844967842 -0.09706922620534897 0.054249007254838943 -0.0083142826333642 0.008915099241966262 0.04528114030591336 0.08718733424901808 0.2754340184690275 0.4839132429747962 0.7729451577201079 0.801845113759803 0.8651967175549156 0.899528510938913 -2.1975286 -1.6202275 -1.9484086 -2.031541 -2.0621018 -1.8204381 -1.9488455 -1.9552791 -2.1226232 -2.4290826 -1.5430769 -1.8230824 -1.7743467 -1.7541324 -1.5135548 -1.7914752 -1.9449909 -2.1718178
0 400 -0.05715736374258995 0.010025933384895325 -0.04746192321181297 -0.043891116976737976 -0.13535542786121368 0.002105098683387041 -0.041300155222415924 0.003910762257874012 0.0005783341475762427 -0.0011011012829840183 -0.026876971125602722 0.015606965869665146 0.007255494594573975 0.030239731073379517 0.03644756227731705 0.04036885127425194 -0.12994131445884705 -0.015472901053726673 0.02145688235759735 0.03867797926068306 0.021559126675128937 0.024314189329743385 0.1274382770061493 -0.018472714349627495 0.06912259757518768 0.07577122747898102 -0.03775058686733246 0.032745834439992905 0.05193105712532997 -0.024108605459332466 -0.09772205352783203 0.20057034492492676 -0.03952615708112717 0.012621365487575531 0.14749382436275482 0.06564710289239883 0.030285144224762917 0.06750460714101791 0.00923994928598404 0.08008089661598206 -0.09853941947221756 -0.07144973427057266 0.09134697914123535 -0.03134888783097267 -0.05823425203561783 -0.004731138702481985 -0.039773426949977875 0.019831538200378418 -0.013120139017701149 0.04364217817783356 0.02675000950694084 -0.00270923157222569 0.19364787638187408 -0.006245454307645559 0.023965703323483467 -0.03587795048952103 -0.04811624437570572 0.041363660246133804 -0.07303182780742645 -0.02861703932285309 -0.13527394831180573 0.08064167946577072 -0.018427681177854538 -0.04769913852214813 -0.10040793567895889 -0.07505212724208832 -0.01424337550997734 -0.0023251574020832777 0.011867622844874859 -0.1552213877439499 -0.032922036945819855 0.01677468605339527 0.04349420592188835 -0.034282807260751724 -0.019742509350180626 0.002832740778103471 -0.005208473652601242 -0.014708985574543476 0.02328009530901909 -0.01136919017881155 -0.0003820152778644115 0.05280064418911934 0.06657778471708298 0.06065481901168823 0.0358310341835022 0.04935571551322937 0.019792504608631134 0.026368388906121254 -0.03148360922932625 0.05172824487090111 -0.02015046216547489 -0.028664682060480118 -0.08320219814777374 0.04649915173649788 -0.007126528304070234 0.02066276375973326 0.10312884092666227 0.6142295348086685 0.5484818605290407 0.7281545646906352 0.9432309923852275 0.9657388694957354 0.984300506017824 0.9904959494938289 -1.8622031 -1.5702448 -1.7355162 -1.9507817 -1.9375446 -1.732505 -1.7571841 -1.7931062 -1.9459839 -2.0435488 -1.4949536 -1.5116102 -1.7962306 -1.6724341 -1.4667997 -1.6819247 -1.8662503 -2.1273487
1 400 -0.05715736374258995 0.010025933384895325 -0.04746192321181297 -0.043891116976737976 -0.13535542786121368 0.002105098683387041 -0.041300155222415924 0.003910762257874012 0.0005783341475762427 -0.0011011012829840183 -0.026876971125602722 0.015606965869665146 0.007255494594573975 0.030239731073379517 0.03644756227731705 0.04036885127425194 -0.12994131445884705 -0.015472901053726673 0.02145688235759735 0.03867797926068306 0.021559126675128937 0.024314189329743385 0.1274382770061493 -0.018472714349627495 0.06912259757518768 0.07577122747898102 -0.03775058686733246 0.032745834439992905 0.05193105712532997 -0.024108605459332466 -0.09772205352783203 0.20057034492492676 -0.03952615708112717 0.012621365487575531 0.14749382436275482 0.06564710289239883 0.030285144224762917 0.06750460714101791 0.00923994928598404 0.08008089661598206 -0.09853941947221756 -0.07144973427057266 0.09134697914123535 -0.03134888783097267 -0.05823425203561783 -0.004731138702481985 -0.039773426949977875 0.019831538200378418 -0.013120139017701149 0.04364217817783356 0.02675000950694084 -0.00270923157222569 0.19364787638187408 -0.006245454307645559 0.023965703323483467 -0.03587795048952103 -0.04811624437570572 0.041363660246133804 -0.07303182780742645 -0.02861703932285309 -0.13527394831180573 0.08064167946577072 -0.018427681177854538 -0.04769913852214813 -0.10040793567895889 -0.07505212724208832 -0.01424337550997734 -0.0023251574020832777 0.011867622844874859 -0.1552213877439499 -0.032922036945819855 0.01677468605339527 0.04349420592188835 -0.034282807260751724 -0.019742509350180626 0.002832740778103471 -0.005208473652601242 -0.014708985574543476 0.02328009530901909 -0.01136919017881155 -0.0003820152778644115 0.05280064418911934 0.06657778471708298 0.06065481901168823 0.0358310341835022 0.04935571551322937 0.019792504608631134 0.026368388906121254 -0.03148360922932625 0.05172824487090111 -0.02015046216547489 -0.028664682060480118 -0.08320219814777374 0.04649915173649788 -0.007126528304070234 0.016854700157890652 0.05158546533703062 0.14447254156315675 0.4177984791404773 0.576454740072321 0.8220772603761939 0.8065835737309973 0.9312574133424706 0.9511025858601276 -1.7202703 -1.4894611 -1.558857 -1.5921904 -1.630687 -1.4578854 -1.5682658 -1.6803476 -1.8070868 -1.7872015 -1.4420925 -1.4319546 -1.1726797 -1.1440885 -1.0168349 -1.3027518 -1.6449212 -1.9251442
2 400 -0.05715736374258995 0.010025933384895325 -0.04746192321181297 -0.043891116976737976 -0.13535542786121368 0.002105098683387041 -0.041300155222415924 0.003910762257874012 0.0005783341475762427 -0.0011011012829840183 -0.026876971125602722 0.015606965869665146 0.007255494594573975 0.030239731073379517 0.03644756227731705 0.04036885127425194 -0.12994131445884705 -0.015472901053726673 0.02145688235759735 0.03867797926068306 0.021559126675128937 0.024314189329743385 0.1274382770061493 -0.018472714349627495 0.06912259757518768 0.07577122747898102 -0.03775058686733246 0.032745834439992905 0.05193105712532997 -0.024108605459332466 -0.09772205352783203 0.20057034492492676 -0.03952615708112717 0.012621365487575531 0.14749382436275482 0.06564710289239883 0.030285144224762917 0.06750460714101791 0.00923994928598404 0.08008089661598206 -0.09853941947221756 -0.07144973427057266 0.09134697914123535 -0.03134888783097267 -0.05823425203561783 -0.004731138702481985 -0.039773426949977875 0.019831538200378418 -0.013120139017701149 0.04364217817783356 0.02675000950694084 -0.00270923157222569 0.19364787638187408 -0.006245454307645559 0.023965703323483467 -0.03587795048952103 -0.04811624437570572 0.041363660246133804 -0.07303182780742645 -0.02861703932285309 -0.13527394831180573 0.08064167946577072 -0.018427681177854538 -0.04769913852214813 -0.10040793567895889 -0.07505212724208832 -0.01424337550997734 -0.0023251574020832777 0.011867622844874859 -0.1552213877439499 -0.032922036945819855 0.01677468605339527 0.04349420592188835 -0.034282807260751724 -0.019742509350180626 0.002832740778103471 -0.005208473652601242 -0.014708985574543476 0.02328009530901909 -0.01136919017881155 -0.0003820152778644115 0.05280064418911934 0.06657778471708298 0.06065481901168823 0.0358310341835022 0.04935571551322937 0.019792504608631134 0.026368388906121254 -0.03148360922932625 0.05172824487090111 -0.02015046216547489 -0.028664682060480118 -0.08320219814777374 0.04649915173649788 -0.007126528304070234 0.008065317056823836 0.040293869927058204 0.04898126356054384 0.2205871115254197 0.4228032495024181 0.7118276315692614 0.766910239927776 0.8691413702766932 0.9000895370203598 -2.0433345 -1.5192714 -1.767787 -1.8646686 -1.9081664 -1.6740303 -1.7598431 -1.8263031 -1.9659529 -2.258065 -1.4319966 -1.7450677 -1.605921 -1.6020893 -1.3549609 -1.5738227 -1.8097486 -2.015495
0 400 -0.04763113334774971 0.008354944176971912 -0.03955160081386566 -0.03657592833042145 -0.11279617995023727 0.0017542487476021051 -0.034416794776916504 0.003258968237787485 0.00048194508417509496 -0.000917584344279021 -0.022397475317120552 0.013005804270505905 0.006046245340257883 0.025199774652719498 0.030372967943549156 0.03364070877432823 -0.10828442126512527 -0.012894083745777607 0.01788073405623436 0.0322316475212574 0.01796593889594078 0.020261824131011963 0.10619856417179108 -0.015393928624689579 0.057602159678936005 0.06314268708229065 -0.03145882114768028 0.027288194745779037 0.043275877833366394 -0.020090503618121147 -0.08143503963947296 0.16714194416999817 -0.03293846175074577 0.010517803952097893 0.12291151285171509 0.0547059141099453 0.025237619876861572 0.056253839284181595 0.007699957117438316 0.06673407554626465 -0.08211617916822433 -0.05954144522547722 0.0761224776506424 -0.026124073192477226 -0.04852854087948799 -0.003942615352571011 -0.033144522458314896 0.01652628183364868 -0.010933448560535908 0.0363684818148613 0.022291673347353935 -0.0022576928604394197 0.16137322783470154 -0.005204544868320227 0.019971419125795364 -0.02989828959107399 -0.040096867829561234 0.034469716250896454 -0.06085985526442528 -0.023847531527280807 -0.1127282902598381 0.0672013983130455 -0.015356400050222874 -0.039749279618263245 -0.08367327600717545 -0.06254343688488007 -0.011869478970766068 -0.0019376310519874096 0.009889685548841953 -0.1293511539697647 -0.027435028925538063 0.013978904113173485 0.03624517098069191 -0.02856900542974472 -0.016452090814709663 0.0023606172762811184 -0.004340394400060177 -0.012257487513124943 0.019400078803300858 -0.009474324993789196 -0.00031834605033509433 0.0440005362033844 0.05548148229718208 0.05054568126797676 0.02985919453203678 0.041129760444164276 0.016493752598762512 0.021973656490445137 -0.026236340403556824 0.043106868863105774 -0.01679205149412155 -0.023887233808636665 -0.06933516263961792 0.038749292492866516 -0.005938773509114981 0.0189548498374936 0.08620444156231082 0.49741555962962425 0.5006598287507001 0.7231207657766265 0.9289420654664281 0.9573641787284237 0.9836826027881941 0.9904683673648295 -1.6790053 -1.466045 -1.627068 -1.7672706 -1.7251368 -1.582324 -1.6129665 -1.6558882 -1.7971091 -1.8325884 -1.3860176 -1.4534566 -1.6245841 -1.4620163 -1.317372 -1.5673665 -1.7021178 -1.9516935
1 400 -0.04763113334774971 0.008354944176971912 -0.03955160081386566 -0.03657592833042145 -0.11279617995023727 0.0017542487476021051 -0.034416794776916504 0.003258968237787485 0.00048194508417509496 -0.000917584344279021 -0.022397475317120552 0.013005804270505905 0.006046245340257883 0.025199774652719498 0.030372967943549156 0.03364070877432823 -0.10828442126512527 -0.012894083745777607 0.01788073405623436 0.0322316475212574 0.01796593889594078 0.020261824131011963 0.10619856417179108 -0.015393928624689579 0.057602159678936005 0.06314268708229065 -0.03145882114768028 0.027288194745779037 0.043275877833366394 -0.020090503618121147 -0.08143503963947296 0.16714194416999817 -0.03293846175074577 0.010517803952097893 0.12291151285171509 0.0547059141099453 0.025237619876861572 0.056253839284181595 0.007699957117438316 0.06673407554626465 -0.08211617916822433 -0.05954144522547722 0.0761224776506424 -0.026124073192477226 -0.04852854087948799 -0.003942615352571011 -0.033144522458314896 0.01652628183364868 -0.010933448560535908 0.0363684818148613 0.022291673347353935 -0.0022576928604394197 0.16137322783470154 -0.005204544868320227 0.019971419125795364 -0.02989828959107399 -0.040096867829561234 0.034469716250896454 -0.06085985526442528 -0.023847531527280807 -0.1127282902598381 0.0672013983130455 -0.015356400050222874 -0.039749279618263245 -0.08367327600717545 -0.06254343688488007 -0.011869478970766068 -0.0019376310519874096 0.009889685548841953 -0.1293511539697647 -0.027435028925538063 0.013978904113173485 0.03624517098069191 -0.02856900542974472 -0.016452090814709663 0.0023606172762811184 -0.004340394400060177 -0.012257487513124943 0.019400078803300858 -0.009474324993789196 -0.00031834605033509433 0.0440005362033844 0.05548148229718208 0.05054568126797676 0.02985919453203678 0.041129760444164276 0.016493752598762512 0.021973656490445137 -0.026236340403556824 0.043106868863105774 -0.01679205149412155 -0.023887233808636665 -0.06933516263961792 0.038749292492866516 -0.005938773509114981 0.013050156461092918 0.03935639301924867 0.11349761748046192 0.3582046162601238 0.513495228905066 0.7488795184557345 0.8025515424163264 0.9234894162826092 0.9500244660922711 -1.574338 -1.438797 -1.4518338 -1.451194 -1.475451 -1.3514326 -1.4551266 -1.5754968 -1.6636244 -1.6479181 -1.4191829 -1.4046032 -1.0292315 -0.96933115 -0.9246312 -1.1847546 -1.5494128 -1.7591345
2 400 -0.04763113334774971 0.008354944176971912 -0.03955160081386566 -0.03657592833042145 -0.11279617995023727 0.0017542487476021051 -0.034416794776916504 0.003258968237787485 0.00048194508417509496 -0.000917584344279021 -0.022397475317120552 0.013005804270505905 0.006046245340257883 0.025199774652719498 0.030372967943549156 0.03364070877432823 -0.10828442126512527 -0.012894083745777607 0.01788073405623436 0.0322316475212574 0.01796593889594078 0.020261824131011963 0.10619856417179108 -0.015393928624689579 0.057602159678936005 0.06314268708229065 -0.03145882114768028 0.027288194745779037 0.043275877833366394 -0.020090503618121147 -0.08143503963947296 0.16714194416999817 -0.03293846175074577 0.010517803952097893 0.12291151285171509 0.0547059141099453 0.025237619876861572 0.056253839284181595 0.007699957117438316 0.06673407554626465 -0.08211617916822433 -0.05954144522547722 0.0761224776506424 -0.026124073192477226 -0.04852854087948799 -0.003942615352571011 -0.033144522458314896 0.01652628183364868 -0.010933448560535908 0.0363684818148613 0.022291673347353935 -0.0022576928604394197 0.16137322783470154 -0.005204544868320227 0.019971419125795364 -0.02989828959107399 -0.040096867829561234 0.034469716250896454 -0.06085985526442528 -0.023847531527280807 -0.1127282902598381 0.0672013983130455 -0.015356400050222874 -0.039749279618263245 -0.08367327600717545 -0.06254343688488007 -0.011869478970766068 -0.0019376310519874096 0.009889685548841953 -0.1293511539697647 -0.027435028925538063 0.013978904113173485 0.03624517098069191 -0.02856900542974472 -0.016452090814709663 0.0023606172762811184 -0.004340394400060177 -0.012257487513124943 0.019400078803300858 -0.009474324993789196 -0.00031834605033509433 0.0440005362033844 0.05548148229718208 0.05054568126797676 0.02985919453203678 0.041129760444164276 0.016493752598762512 0.021973656490445137 -0.026236340403556824 0.043106868863105774 -0.01679205149412155 -0.023887233808636665 -0.06933516263961792 0.038749292492866516 -0.005938773509114981 0.00857306637036285 0.03524439451392949 0.04002397371044927 0.16971053947450518 0.3694826133987818 0.6475027314059173 0.7952486295504699 0.8763559981034557 0.9138468082764194 -1.8439934 -1.44013 -1.6335347 -1.6991619 -1.7439513 -1.5285739 -1.5770241 -1.6960421 -1.8021153 -2.0296774 -1.3348527 -1.6566448 -1.4704483 -1.4297148 -1.1969016 -1.3671865 -1.6639278 -1.8497343
0 400 -0.03810490667819977 0.006683955434709787 -0.03164128214120865 -0.029260743409395218 -0.09023694694042206 0.0014033990446478128 -0.027533436194062233 0.0026071746833622456 0.00038555607898160815 -0.0007340674637816846 -0.01791798137128353 0.010404643602669239 0.004836996551603079 0.020159820094704628 0.024298375472426414 0.026912568137049675 -0.0866275355219841 -0.010315267369151115 0.014304587617516518 0.02578531764447689 0.014372751116752625 0.01620945893228054 0.08495885133743286 -0.012315142899751663 0.04608172923326492 0.05051415041089058 -0.025167057290673256 0.02183055691421032 0.034620702266693115 -0.016072403639554977 -0.06514803320169449 0.13371355831623077 -0.02635077014565468 0.008414243347942829 0.09832920879125595 0.04376473277807236 0.020190095528960228 0.045003071427345276 0.006159965880215168 0.05338726192712784 -0.0656929463148117 -0.047633156180381775 0.060897983610630035 -0.02089925855398178 -0.03882283344864845 -0.0031540922354906797 -0.026515617966651917 0.013221025466918945 -0.008746759034693241 0.029094785451889038 0.017833339050412178 -0.0018061542650684714 0.129098579287529 -0.004163635894656181 0.01597713492810726 -0.02391863241791725 -0.032077495008707047 0.027575774118304253 -0.0486878864467144 -0.019078025594353676 -0.09018263220787048 0.05376112088561058 -0.012285119853913784 -0.031799424439668655 -0.0669386237859726 -0.05003475025296211 -0.009495583362877369 -0.0015501048183068633 0.007911748252809048 -0.10348092764616013 -0.02194802276790142 0.011183123104274273 0.028996137902140617 -0.022855205461382866 -0.013161673210561275 0.0018884938908740878 -0.003472315613180399 -0.009805990383028984 0.015520063228905201 -0.007579460274428129 -0.00025467685190960765 0.03520042821764946 0.044385187327861786 0.04043654724955559 0.023887356743216515 0.03290380910038948 0.01319500245153904 0.01757892593741417 -0.02098907344043255 0.03448549658060074 -0.013433641754090786 -0.019109787419438362 -0.055468130856752396 0.030999435111880302 -0.004751018714159727 0.016492846602760746 0.062294956915926264 0.37591726261008385 0.4687968927076686 0.7199903716421258 0.9077223967493439 0.9519996414655605 0.9821752194175567 0.9904612016351114 -1.5289849 -1.4129769 -1.5233396 -1.5816568 -1.5311235 -1.4496412 -1.4635859 -1.5354952 -1.6474768 -1.6729743 -1.3759376 -1.3970587 -1.4362223 -1.2703183 -1.1942437 -1.4389966 -1.5780758 -1.7752832
1 400 -0.03810490667819977 0.006683955434709787 -0.03164128214120865 -0.029260743409395218 -0.09023694694042206 0.0014033990446478128 -0.027533436194062233 0.0026071746833622456 0.00038555607898160815 -0.0007340674637816846 -0.01791798137128353 0.010404643602669239 0.004836996551603079 0.020159820094704628 0.024298375472426414 0.026912568137049675 -0.0866275355219841 -0.010315267369151115 0.014304587617516518 0.02578531764447689 0.014372751116752625 0.01620945893228054 0.08495885133743286 -0.012315142899751663 0.04608172923326492 0.05051415041089058 -0.025167057290673256 0.02183055691421032 0.034620702266693115 -0.016072403639554977 -0.06514803320169449 0.13371355831623077 -0.02635077014565468 0.008414243347942829 0.09832920879125595 0.04376473277807236 0.020190095528960228 0.045003071427345276 0.006159965880215168 0.05338726192712784 -0.0656929463148117 -0.047633156180381775 0.060897983610630035 -0.02089925855398178 -0.03882283344864845 -0.0031540922354906797 -0.026515617966651917 0.013221025466918945 -0.008746759034693241 0.029094785451889038 0.017833339050412178 -0.0018061542650684714 0.129098579287529 -0.004163635894656181 0.01597713492810726 -0.02391863241791725 -0.032077495008707047 0.027575774118304253 -0.0486878864467144 -0.019078025594353676 -0.09018263220787048 0.05376112088561058 -0.012285119853913784 -0.031799424439668655 -0.0669386237859726 -0.05003475025296211 -0.009495583362877369 -0.0015501048183068633 0.007911748252809048 -0.10348092764616013 -0.02194802276790142 0.011183123104274273 0.028996137902140617 -0.022855205461382866 -0.013161673210561275 0.0018884938908740878 -0.003472315613180399 -0.009805990383028984 0.015520063228905201 -0.007579460274428129 -0.00025467685190960765 0.03520042821764946 0.044385187327861786 0.04043654724955559 0.023887356743216515 0.03290380910038948 0.01319500245153904 0.01757892593741417 -0.02098907344043255 0.03448549658060074 -0.013433641754090786 -0.019109787419438362 -0.055468130856752396 0.030999435111880302 -0.004751018714159727 0.011182358300942215 0.029270131477986214 0.08422899307661351 0.31284158161358766 0.4792645684611923 0.7057267832254138 0.8208597459406477 0.9158658879968906 0.955135137008456 -1.4293835 -1.3886551 -1.4033842 -1.3256688 -1.3202078 -1.2747335 -1.3502151 -1.4687241 -1.5227381 -1.5265915 -1.399182 -1.402021 -0.9033916 -0.79857635 -0.8630727 -1.0795904 -1.4496176 -1.5953472
2 400 -0.03810490667819977 0.006683955434709787 -0.03164128214120865 -0.029260743409395218 -0.09023694694042206 0.0014033990446478128 -0.027533436194062233 0.0026071746833622456 0.00038555607898160815 -0.0007340674637816846 -0.01791798137128353 0.010404643602669239 0.004836996551603079 0.020159820094704628 0.024298375472426414 0.026912568137049675 -0.0866275355219841 -0.010315267369151115 0.014304587617516518 0.02578531764447689 0.014372751116752625 0.01620945893228054 0.08495885133743286 -0.012315142899751663 0.04608172923326492 0.05051415041089058 -0.025167057290673256 0.02183055691421032 0.034620702266693115 -0.016072403639554977 -0.06514803320169449 0.13371355831623077 -0.02635077014565468 0.008414243347942829 0.09832920879125595 0.04376473277807236 0.020190095528960228 0.045003071427345276 0.006159965880215168 0.05338726192712784 -0.0656929463148117 -0.047633156180381775 0.060897983610630035 -0.02089925855398178 -0.03882283344864845 -0.0031540922354906797 -0.026515617966651917 0.013221025466918945 -0.008746759034693241 0.029094785451889038 0.017833339050412178 -0.0018061542650684714 0.129098579287529 -0.004163635894656181 0.01597713492810726 -0.02391863241791725 -0.032077495008707047 0.027575774118304253 -0.0486878864467144 -0.019078025594353676 -0.09018263220787048 0.05376112088561058 -0.012285119853913784 -0.031799424439668655 -0.0669386237859726 -0.05003475025296211 -0.009495583362877369 -0.0015501048183068633 0.007911748252809048 -0.10348092764616013 -0.02194802276790142 0.011183123104274273 0.028996137902140617 -0.022855205461382866 -0.013161673210561275 0.0018884938908740878 -0.003472315613180399 -0.009805990383028984 0.015520063228905201 -0.007579460274428129 -0.00025467685190960765 0.03520042821764946 0.044385187327861786 0.04043654724955559 0.023887356743216515 0.03290380910038948 0.01319500245153904 0.01757892593741417 -0.02098907344043255 0.03448549658060074 -0.013433641754090786 -0.019109787419438362 -0.055468130856752396 0.030999435111880302 -0.004751018714159727 0.0083082237419258 0.030310877159511536 0.038933924209813724 0.1319984060632538 0.3037155169567275 0.598494554258396 0.8185193659764366 0.8758293945248838 0.9200157958596943 -1.6731912 -1.3658339 -1.5261981 -1.5445576 -1.588714 -1.3761369 -1.4154074 -1.5681862 -1.6501195 -1.8549757 -1.2480128 -1.5513536 -1.3511398 -1.2844276 -1.051657 -1.1747372 -1.516828 -1.6841505
0 400 -0.028578681871294975 0.005012966692447662 -0.023730961605906487 -0.021945558488368988 -0.06767771393060684 0.0010525493416935205 -0.020650077611207962 0.001955381128937006 0.00028916707378812134 -0.0005505506414920092 -0.013438485562801361 0.007803482934832573 0.0036277472972869873 0.015119865536689758 0.018223781138658524 0.02018442563712597 -0.06497065722942352 -0.0077364505268633366 0.010728441178798676 0.01933898963034153 0.010779563337564468 0.012157094664871693 0.06371913850307465 -0.009236357174813747 0.03456129878759384 0.03788561373949051 -0.01887529343366623 0.016372917219996452 0.025965528562664986 -0.012054302729666233 -0.048861026763916016 0.10028517246246338 -0.019763078540563583 0.0063106827437877655 0.07374691218137741 0.03282355144619942 0.015142572112381458 0.03375230357050896 0.00461997464299202 0.04004044830799103 -0.04926970973610878 -0.03572486713528633 0.045673489570617676 -0.015674443915486336 -0.029117126017808914 -0.0023655693512409925 -0.019886713474988937 0.009915769100189209 -0.0065600695088505745 0.02182108908891678 0.01337500475347042 -0.001354615786112845 0.09682393819093704 -0.0031227271538227797 0.011982851661741734 -0.017938975244760513 -0.02405812218785286 0.020681830123066902 -0.036515913903713226 -0.014308519661426544 -0.06763697415590286 0.04032083973288536 -0.009213840588927269 -0.023849569261074066 -0.050203967839479446 -0.03752606362104416 -0.00712168775498867 -0.0011625787010416389 0.005933811422437429 -0.07761069387197495 -0.016461018472909927 0.008387343026697636 0.021747102960944176 -0.017141403630375862 -0.009871254675090313 0.0014163703890517354 -0.002604236826300621 -0.007354492787271738 0.011640047654509544 -0.005684595089405775 -0.00019100763893220574 0.02640032209455967 0.03328889235854149 0.030327409505844116 0.0179155170917511 0.024677857756614685 0.009896252304315567 0.013184194453060627 -0.015741804614663124 0.025864122435450554 -0.010075231082737446 -0.014332341030240059 -0.04160109907388687 0.02324957586824894 -0.003563264152035117 0.015838261039366548 0.045215655065045456 0.2783046648549643 0.4749388549220747 0.696828958188911 0.8628273171098481 0.9467246445988461 0.9792273236684568 0.9897283691445793 -1.3784692 -1.344459 -1.3773363 -1.3519661 -1.3328593 -1.3318037 -1.3346523 -1.4177334 -1.4986053 -1.5317677 -1.357148 -1.2613366 -1.1730553 -1.0688496 -1.0876527 -1.330467 -1.4580462 -1.5936841
1 400 -0.028578681871294975 0.005012966692447662 -0.023730961605906487 -0.021945558488368988 -0.06767771393060684 0.0010525493416935205 -0.020650077611207962 0.001955381128937006 0.00028916707378812134 -0.0005505506414920092 -0.013438485562801361 0.007803482934832573 0.0036277472972869873 0.015119865536689758 0.018223781138658524 0.02018442563712597 -0.06497065722942352 -0.0077364505268633366 0.010728441178798676 0.01933898963034153 0.010779563337564468 0.012157094664871693 0.06371913850307465 -0.009236357174813747 0.03456129878759384 0.03788561373949051 -0.01887529343366623 0.016372917219996452 0.025965528562664986 -0.012054302729666233 -0.048861026763916016 0.10028517246246338 -0.019763078540563583 0.0063106827437877655 0.07374691218137741 0.03282355144619942 0.015142572112381458 0.03375230357050896 0.00461997464299202 0.04004044830799103 -0.04926970973610878 -0.03572486713528633 0.045673489570617676 -0.015674443915486336 -0.029117126017808914 -0.0023655693512409925 -0.019886713474988937 0.009915769100189209 -0.0065600695088505745 0.02182108908891678 0.01337500475347042 -0.001354615786112845 0.09682393819093704 -0.0031227271538227797 0.011982851661741734 -0.017938975244760513 -0.02405812218785286 0.020681830123066902 -0.036515913903713226 -0.014308519661426544 -0.06763697415590286 0.04032083973288536 -0.009213840588927269 -0.023849569261074066 -0.050203967839479446 -0.03752606362104416 -0.00712168775498867 -0.0011625787010416389 0.005933811422437429 -0.07761069387197495 -0.016461018472909927 0.008387343026697636 0.021747102960944176 -0.017141403630375862 -0.009871254675090313 0.0014163703890517354 -0.002604236826300621 -0.007354492787271738 0.011640047654509544 -0.005684595089405775 -0.00019100763893220574 0.02640032209455967 0.03328889235854149 0.030327409505844116 0.0179155170917511 0.024677857756614685 0.009896252304315567 0.013184194453060627 -0.015741804614663124 0.025864122435450554 -0.010075231082737446 -0.014332341030240059 -0.04160109907388687 0.02324957586824894 -0.003563264152035117 0.011325473164170714 0.027789350313264117 0.07705241249159447 0.23787429521236397 0.4554485710250917 0.6533852451878642 0.845390863212095 0.9131372501515849 0.9605484267573917 -1.321424 -1.3157289 -1.2717206 -1.2580781 -1.1940062 -1.1962584 -1.2483131 -1.3599122 -1.390053 -1.4329149 -1.3225527 -1.2482517 -0.9001057 -0.6598063 -0.8036986 -0.97942275 -1.3416679 -1.4538821
2 400 -0.028578681871294975 0.005012966692447662 -0.023730961605906487 -0.021945558488368988 -0.06767771393060684 0.0010525493416935205 -0.020650077611207962 0.001955381128937006 0.00028916707378812134 -0.0005505506414920092 -0.013438485562801361 0.007803482934832573 0.0036277472972869873 0.015119865536689758 0.018223781138658524 0.02018442563712597 -0.06497065722942352 -0.0077364505268633366 0.010728441178798676 0.01933898963034153 0.010779563337564468 0.012157094664871693 0.06371913850307465 -0.009236357174813747 0.03456129878759384 0.03788561373949051 -0.01887529343366623 0.016372917219996452 0.025965528562664986 -0.012054302729666233 -0.048861026763916016 0.10028517246246338 -0.019763078540563583 0.0063106827437877655 0.07374691218137741 0.03282355144619942 0.015142572112381458 0.03375230357050896 0.00461997464299202 0.04004044830799103 -0.04926970973610878 -0.03572486713528633 0.045673489570617676 -0.015674443915486336 -0.029117126017808914 -0.0023655693512409925 -0.019886713474988937 0.009915769100189209 -0.0065600695088505745 0.02182108908891678 0.01337500475347042 -0.001354615786112845 0.09682393819093704 -0.0031227271538227797 0.011982851661741734 -0.017938975244760513 -0.02405812218785286 0.020681830123066902 -0.036515913903713226 -0.014308519661426544 -0.06763697415590286 0.04032083973288536 -0.009213840588927269 -0.023849569261074066 -0.050203967839479446 -0.03752606362104416 -0.00712168775498867 -0.0011625787010416389 0.005933811422437429 -0.07761069387197495 -0.016461018472909927 0.008387343026697636 0.021747102960944176 -0.017141403630375862 -0.009871254675090313 0.0014163703890517354 -0.002604236826300621 -0.007354492787271738 0.011640047654509544 -0.005684595089405775 -0.00019100763893220574 0.02640032209455967 0.03328889235854149 0.030327409505844116 0.0179155170917511 0.024677857756614685 0.009896252304315567 0.013184194453060627 -0.015741804614663124 0.025864122435450554 -0.010075231082737446 -0.014332341030240059 -0.04160109907388687 0.02324957586824894 -0.003563264152035117 0.008112107403232552 0.017897117381902094 0.036657608214960155 0.1290033189034787 0.2798921165497342 0.5734537175281356 0.7977216370566386 0.8558249078340294 0.9191712824554126 -1.5020938 -1.38239 -1.4337764 -1.4167405 -1.4421042 -1.2557585 -1.2945002 -1.4580204 -1.5057913 -1.6822593 -1.3503518 -1.4481409 -1.2236391 -1.1199477 -0.9362348 -1.0889626 -1.3981676 -1.514608
0 400 -0.019052453339099884 0.0033419777173548937 -0.015820641070604324 -0.014630371704697609 -0.04511847347021103 0.0007016995223239064 -0.013766718097031116 0.0013035873416811228 0.00019277803949080408 -0.0003670337318908423 -0.008958990685641766 0.0052023218013346195 0.0024184982758015394 0.010079910047352314 0.012149187736213207 0.013456284068524837 -0.04331376776099205 -0.005157633684575558 0.007152293808758259 0.012892658822238445 0.007186375558376312 0.00810472946614027 0.04247942566871643 -0.006157571449875832 0.02304086461663246 0.02525707520544529 -0.012583528645336628 0.01091527845710516 0.017310351133346558 -0.008036201819777489 -0.032574016600847244 0.06685677915811539 -0.01317538507282734 0.0042071216739714146 0.049164604395627975 0.02188236638903618 0.010095047764480114 0.022501535713672638 0.003079982940107584 0.02669363096356392 -0.03284647315740585 -0.023816578090190887 0.030448991805315018 -0.01044962927699089 -0.019411416724324226 -0.0015770461177453399 -0.013257808983325958 0.006610512733459473 -0.0043733795173466206 0.014547392725944519 0.008916669525206089 -0.0009030771325342357 0.0645492896437645 -0.0020818179473280907 0.00798856746405363 -0.011959316208958626 -0.016038747504353523 0.013787887059152126 -0.0243439432233572 -0.009539012797176838 -0.04509131610393524 0.02688056044280529 -0.006142559926956892 -0.015899712219834328 -0.0334693118929863 -0.025017375126481056 -0.0047477916814386845 -0.0007750524091534317 0.003955874126404524 -0.05174046382308006 -0.01097401138395071 0.0055915615521371365 0.014498068951070309 -0.011427602730691433 -0.006580836605280638 0.0009442469454370439 -0.0017361578065901995 -0.004902995191514492 0.0077600316144526005 -0.0037897301372140646 -0.00012733842595480382 0.01760021410882473 0.022192593663930893 0.020218273624777794 0.011943678371608257 0.01645190455019474 0.00659750122576952 0.008789462968707085 -0.010494536720216274 0.01724274829030037 -0.006716820877045393 -0.009554893709719181 -0.027734065428376198 0.015499717555940151 -0.0023755093570798635 0.01721541525169001 0.041799393874984984 0.201240296940827 0.46317779774478357 0.6646300575380704 0.7912008021221282 0.9220209717364257 0.9733591171985208 0.9885552191963586 -1.2522471 -1.213824 -1.2032826 -1.0737662 -1.1414094 -1.1993315 -1.2313948 -1.2883153 -1.3551373 -1.4107492 -1.2290915 -1.0989823 -0.8497525 -0.86788446 -0.97957206 -1.2020729 -1.312325 -1.4247233
1 400 -0.019052453339099884 0.0033419777173548937 -0.015820641070604324 -0.014630371704697609 -0.04511847347021103 0.0007016995223239064 -0.013766718097031116 0.0013035873416811228 0.00019277803949080408 -0.0003670337318908423 -0.008958990685641766 0.0052023218013346195 0.0024184982758015394 0.010079910047352314 0.012149187736213207 0.013456284068524837 -0.04331376776099205 -0.005157633684575558 0.007152293808758259 0.012892658822238445 0.007186375558376312 0.00810472946614027 0.04247942566871643 -0.006157571449875832 0.02304086461663246 0.02525707520544529 -0.012583528645336628 0.01091527845710516 0.017310351133346558 -0.008036201819777489 -0.032574016600847244 0.06685677915811539 -0.01317538507282734 0.0042071216739714146 0.049164604395627975 0.02188236638903618 0.010095047764480114 0.022501535713672638 0.003079982940107584 0.02669363096356392 -0.03284647315740585 -0.023816578090190887 0.030448991805315018 -0.01044962927699089 -0.019411416724324226 -0.0015770461177453399 -0.013257808983325958 0.006610512733459473 -0.0043733795173466206 0.014547392725944519 0.008916669525206089 -0.0009030771325342357 0.0645492896437645 -0.0020818179473280907 0.00798856746405363 -0.011959316208958626 -0.016038747504353523 0.013787887059152126 -0.0243439432233572 -0.009539012797176838 -0.04509131610393524 0.02688056044280529 -0.006142559926956892 -0.015899712219834328 -0.0334693118929863 -0.025017375126481056 -0.0047477916814386845 -0.0007750524091534317 0.003955874126404524 -0.05174046382308006 -0.01097401138395071 0.0055915615521371365 0.014498068951070309 -0.011427602730691433 -0.006580836605280638 0.0009442469454370439 -0.0017361578065901995 -0.004902995191514492 0.0077600316144526005 -0.0037897301372140646 -0.00012733842595480382 0.01760021410882473 0.022192593663930893 0.020218273624777794 0.011943678371608257 0.01645190455019474 0.00659750122576952 0.008789462968707085 -0.010494536720216274 0.01724274829030037 -0.006716820877045393 -0.009554893709719181 -0.027734065428376198 0.015499717555940151 -0.0023755093570798635 0.01184988137190367 0.03758948319264259 0.0716012623852329 0.25262994064590394 0.44471189311868825 0.592865806868596 0.8450272490328895 0.9144693922621879 0.9649616924141525 -1.2198985 -1.2005537 -1.1170858 -1.064107 -1.0397164 -1.0766807 -1.1258466 -1.2285352 -1.2726293 -1.344038 -1.1630955 -1.0884752 -0.7474485 -0.522258 -0.7434231 -0.91348106 -1.1973926 -1.3475806
2 400 -0.019052453339099884 0.0033419777173548937 -0.015820641070604324 -0.014630371704697609 -0.04511847347021103 0.0007016995223239064 -0.013766718097031116 0.0013035873416811228 0.00019277803949080408 -0.0003670337318908423 -0.008958990685641766 0.0052023218013346195 0.0024184982758015394 0.010079910047352314 0.012149187736213207 0.013456284068524837 -0.04331376776099205 -0.005157633684575558 0.007152293808758259 0.012892658822238445 0.007186375558376312 0.00810472946614027 0.04247942566871643 -0.006157571449875832 0.02304086461663246 0.02525707520544529 -0.012583528645336628 0.01091527845710516 0.017310351133346558 -0.008036201819777489 -0.032574016600847244 0.06685677915811539 -0.01317538507282734 0.0042071216739714146 0.049164604395627975 0.02188236638903618 0.010095047764480114 0.022501535713672638 0.003079982940107584 0.02669363096356392 -0.03284647315740585 -0.023816578090190887 0.030448991805315018 -0.01044962927699089 -0.019411416724324226 -0.0015770461177453399 -0.013257808983325958 0.006610512733459473 -0.0043733795173466206 0.014547392725944519 0.008916669525206089 -0.0009030771325342357 0.0645492896437645 -0.0020818179473280907 0.00798856746405363 -0.011959316208958626 -0.016038747504353523 0.013787887059152126 -0.0243439432233572 -0.009539012797176838 -0.04509131610393524 0.02688056044280529 -0.006142559926956892 -0.015899712219834328 -0.0334693118929863 -0.025017375126481056 -0.0047477916814386845 -0.0007750524091534317 0.003955874126404524 -0.05174046382308006 -0.01097401138395071 0.0055915615521371365 0.014498068951070309 -0.011427602730691433 -0.006580836605280638 0.0009442469454370439 -0.0017361578065901995 -0.004902995191514492 0.0077600316144526005 -0.0037897301372140646 -0.00012733842595480382 0.01760021410882473 0.022192593663930893 0.020218273624777794 0.011943678371608257 0.01645190455019474 0.00659750122576952 0.008789462968707085 -0.010494536720216274 0.01724274829030037 -0.006716820877045393 -0.009554893709719181 -0.027734065428376198 0.015499717555940151 -0.0023755093570798635 0.008412452524634304 0.01586795237047756 0.03586733448159775 0.1310086000256251 0.25739918388157207 0.5386659711007517 0.7632504615747442 0.8374111784442746 0.9174983256670933 -1.3481236 -1.3007464 -1.2902069 -1.2512788 -1.2958716 -1.1574547 -1.1955992 -1.3359611 -1.3864948 -1.5213542 -1.3078724 -1.2822449 -1.0468937 -0.95590025 -0.85107434 -1.0307182 -1.2642665 -1.3968214
0 400 -0.009526226669549942 0.0016709888586774468 -0.007910320535302162 -0.0073151858523488045 -0.022559236735105515 0.0003508497611619532 -0.006883359048515558 0.0006517936708405614 9.638901974540204e-05 -0.00018351686594542116 -0.004479495342820883 0.0026011609006673098 0.0012092491379007697 0.005039955023676157 0.006074593868106604 0.006728142034262419 -0.021656883880496025 -0.002578816842287779 0.0035761469043791294 0.006446329411119223 0.003593187779188156 0.004052364733070135 0.021239712834358215 -0.003078785724937916 0.01152043230831623 0.012628537602722645 -0.006291764322668314 0.00545763922855258 0.008655175566673279 -0.004018100909888744 -0.016287008300423622 0.033428389579057693 -0.00658769253641367 0.0021035608369857073 0.024582302197813988 0.01094118319451809 0.005047523882240057 0.011250767856836319 0.001539991470053792 0.01334681548178196 -0.016423236578702927 -0.011908289045095444 0.015224495902657509 -0.005224814638495445 -0.009705708362162113 -0.0007885230588726699 -0.006628904491662979 0.0033052563667297363 -0.0021866897586733103 0.0072736963629722595 0.0044583347626030445 -0.00045153856626711786 0.03227464482188225 -0.0010409089736640453 0.003994283732026815 -0.005979658104479313 -0.008019373752176762 0.006893943529576063 -0.0121719716116786 -0.004769506398588419 -0.02254565805196762 0.013440280221402645 -0.003071279963478446 -0.007949856109917164 -0.01673465594649315 -0.012508687563240528 -0.0023738958407193422 -0.0003875262045767158 0.001977937063202262 -0.02587023191154003 -0.005487005691975355 0.0027957807760685682 0.007249034475535154 -0.0057138013653457165 -0.003290418302640319 0.00047212347271852195 -0.0008680789032950997 -0.002451497595757246 0.0038800158072263002 -0.0018948650686070323 -6.366921297740191e-05 0.008800107054412365 0.011096296831965446 0.010109136812388897 0.005971839185804129 0.00822595227509737 0.00329875061288476 0.004394731484353542 -0.005247268360108137 0.008621374145150185 -0.0033584104385226965 -0.0047774468548595905 -0.013867032714188099 0.007749858777970076 -0.0011877546785399318 0.01979516014435884 0.0446806026522631 0.1581236568568743 0.4432922218581233 0.5523492582822268 0.7552563909828761 0.8937194979848255 0.9643975675486983 0.9861687527883416 -1.1410617 -1.1080592 -1.0378084 -0.8494139 -0.70540464 -0.94591993 -1.045787 -1.1178724 -1.2367846 -1.2845838 -1.1210271 -0.91931134 -0.5940685 -0.359136 -0.6922977 -0.96095985 -1.0978415 -1.3205955
1 400 -0.009526226669549942 0.0016709888586774468 -0.007910320535302162 -0.0073151858523488045 -0.022559236735105515 0.0003508497611619532 -0.006883359048515558 0.0006517936708405614 9.638901974540204e-05 -0.00018351686594542116 -0.004479495342820883 0.0026011609006673098 0.0012092491379007697 0.005039955023676157 0.006074593868106604 0.006728142034262419 -0.021656883880496025 -0.002578816842287779 0.0035761469043791294 0.006446329411119223 0.003593187779188156 0.004052364733070135 0.021239712834358215 -0.003078785724937916 0.01152043230831623 0.012628537602722645 -0.006291764322668314 0.00545763922855258 0.008655175566673279 -0.004018100909888744 -0.016287008300423622 0.033428389579057693 -0.00658769253641367 0.0021035608369857073 0.024582302197813988 0.01094118319451809 0.005047523882240057 0.011250767856836319 0.001539991470053792 0.01334681548178196 -0.016423236578702927 -0.011908289045095444 0.015224495902657509 -0.005224814638495445 -0.009705708362162113 -0.0007885230588726699 -0.006628904491662979 0.0033052563667297363 -0.0021866897586733103 0.0072736963629722595 0.0044583347626030445 -0.00045153856626711786 0.03227464482188225 -0.0010409089736640453 0.003994283732026815 -0.005979658104479313 -0.008019373752176762 0.006893943529576063 -0.0121719716116786 -0.004769506398588419 -0.02254565805196762 0.013440280221402645 -0.003071279963478446 -0.007949856109917164 -0.01673465594649315 -0.012508687563240528 -0.0023738958407193422 -0.0003875262045767158 0.001977937063202262 -0.02587023191154003 -0.005487005691975355 0.0027957807760685682 0.007249034475535154 -0.0057138013653457165 -0.003290418302640319 0.00047212347271852195 -0.0008680789032950997 -0.002451497595757246 0.0038800158072263002 -0.0018948650686070323 -6.366921297740191e-05 0.008800107054412365 0.011096296831965446 0.010109136812388897 0.005971839185804129 0.00822595227509737 0.00329875061288476 0.004394731484353542 -0.005247268360108137 0.008621374145150185 -0.0033584104385226965 -0.0047774468548595905 -0.013867032714188099 0.007749858777970076 -0.0011877546785399318 0.012662642480329101 0.04020488627462107 0.07190238551189314 0.2423213138386466 0.39849294317678274 0.5982525843594105 0.8576481509382013 0.920402609376653 0.9702726632520291 -1.1424276 -1.0785921 -0.95012856 -0.8968972 -0.7514511 -0.89957947 -0.98128057 -1.067374 -1.15262 -1.2693478 -1.0641443 -0.9301042 -0.6081096 -0.28083488 -0.65420276 -0.8476624 -1.0329801 -1.2335851
2 400 -0.009526226669549942 0.0016709888586774468 -0.007910320535302162 -0.0073151858523488045 -0.022559236735105515 0.0003508497611619532 -0.006883359048515558 0.0006517936708405614 9.638901974540204e-05 -0.00018351686594542116 -0.004479495342820883 0.0026011609006673098 0.0012092491379007697 0.005039955023676157 0.006074593868106604 0.006728142034262419 -0.021656883880496025 -0.002578816842287779 0.0035761469043791294 0.006446329411119223 0.003593187779188156 0.004052364733070135 0.021239712834358215 -0.003078785724937916 0.01152043230831623 0.012628537602722645 -0.006291764322668314 0.00545763922855258 0.008655175566673279 -0.004018100909888744 -0.016287008300423622 0.033428389579057693 -0.00658769253641367 0.0021035608369857073 0.024582302197813988 0.01094118319451809 0.005047523882240057 0.011250767856836319 0.001539991470053792 0.01334681548178196 -0.016423236578702927 -0.011908289045095444 0.015224495902657509 -0.005224814638495445 -0.009705708362162113 -0.0007885230588726699 -0.006628904491662979 0.0033052563667297363 -0.0021866897586733103 0.0072736963629722595 0.0044583347626030445 -0.00045153856626711786 0.03227464482188225 -0.0010409089736640453 0.003994283732026815 -0.005979658104479313 -0.008019373752176762 0.006893943529576063 -0.0121719716116786 -0.004769506398588419 -0.02254565805196762 0.013440280221402645 -0.003071279963478446 -0.007949856109917164 -0.01673465594649315 -0.012508687563240528 -0.0023738958407193422 -0.0003875262045767158 0.001977937063202262 -0.02587023191154003 -0.005487005691975355 0.0027957807760685682 0.007249034475535154 -0.0057138013653457165 -0.003290418302640319 0.00047212347271852195 -0.0008680789032950997 -0.002451497595757246 0.0038800158072263002 -0.0018948650686070323 -6.366921297740191e-05 0.008800107054412365 0.011096296831965446 0.010109136812388897 0.005971839185804129 0.00822595227509737 0.00329875061288476 0.004394731484353542 -0.005247268360108137 0.008621374145150185 -0.0033584104385226965 -0.0047774468548595905 -0.013867032714188099 0.007749858777970076 -0.0011877546785399318 0.007967977813772713 0.01611203390273247 0.03614245873061305 0.14010519487373743 0.2126478908571786 0.46524456790908136 0.7181339851601964 0.826472331008917 0.931310419586732 -1.2030264 -1.1755817 -1.1230817 -1.0225959 -1.0147069 -1.0603739 -1.0797117 -1.1668386 -1.2594222 -1.3812447 -1.2228248 -1.0990317 -0.77798575 -0.66619676 -0.80883974 -0.93336195 -1.0776867 -1.2871996
0 400 0.0 -0.0 0.0 0.0 0.0 -0.0 0.0 -0.0 -0.0 0.0 0.0 -0.0 -0.0 -0.0 -0.0 -0.0 0.0 0.0 -0.0 -0.0 -0.0 -0.0 -0.0 0.0 -0.0 -0.0 0.0 -0.0 -0.0 0.0 0.0 -0.0 0.0 -0.0 -0.0 -0.0 -0.0 -0.0 -0.0 -0.0 0.0 0.0 -0.0 0.0 0.0 0.0 0.0 -0.0 0.0 -0.0 -0.0 0.0 -0.0 0.0 -0.0 0.0 0.0 -0.0 0.0 0.0 0.0 -0.0 0.0 0.0 0.0 0.0 0.0 0.0 -0.0 0.0 0.0 -0.0 -0.0 0.0 0.0 -0.0 0.0 0.0 -0.0 0.0 0.0 -0.0 -0.0 -0.0 -0.0 -0.0 -0.0 -0.0 0.0 -0.0 0.0 0.0 0.0 -0.0 0.0 0.021485048760251937 0.0516192450559387 0.14055379408759788 0.43377084235987534 0.6331988323657396 0.721148442801279 0.8682421805065036 0.9583739692940837 0.9846940910453484 -1.0503109 -0.9865961 -0.85821223 -0.5589605 -0.28371924 -0.549958 -0.6633846 -0.90659046 -1.0923343 -1.1740384 -1.0172805 -0.77502733 -0.3102703 0.07536415 -0.26661798 -0.55127716 -0.87790376 -1.1865616
1 400 0.0 -0.0 0.0 0.0 0.0 -0.0 0.0 -0.0 -0.0 0.0 0.0 -0.0 -0.0 -0.0 -0.0 -0.0 0.0 0.0 -0.0 -0.0 -0.0 -0.0 -0.0 0.0 -0.0 -0.0 0.0 -0.0 -0.0 0.0 0.0 -0.0 0.0 -0.0 -0.0 -0.0 -0.0 -0.0 -0.0 -0.0 0.0 0.0 -0.0 0.0 0.0 0.0 0.0 -0.0 0.0 -0.0 -0.0 0.0 -0.0 0.0 -0.0 0.0 0.0 -0.0 0.0 0.0 0.0 -0.0 0.0 0.0 0.0 0.0 0.0 0.0 -0.0 0.0 0.0 -0.0 -0.0 0.0 0.0 -0.0 0.0 0.0 -0.0 0.0 0.0 -0.0 -0.0 -0.0 -0.0 -0.0 -0.0 -0.0 0.0 -0.0 0.0 0.0 0.0 -0.0 0.0 0.012517176595118251 0.03763998294782877 0.08452720873498985 0.21602166075654533 0.46742835026078083 0.5918142041270263 0.841281619407907 0.9320794266226974 0.9745020068958656 -1.074114 -0.9509976 -0.870469 -0.7205626 -0.3554169 -0.6173565 -0.802634 -0.9299035 -1.0577921 -1.2108583 -1.0107564 -0.81247914 -0.44646117 -0.013141565 -0.38865143 -0.6833789 -0.9002088 -1.134223
2 400 0.0 -0.0 0.0 0.0 0.0 -0.0 0.0 -0.0 -0.0 0.0 0.0 -0.0 -0.0 -0.0 -0.0 -0.0 0.0 0.0 -0.0 -0.0 -0.0 -0.0 -0.0 0.0 -0.0 -0.0 0.0 -0.0 -0.0 0.0 0.0 -0.0 0.0 -0.0 -0.0 -0.0 -0.0 -0.0 -0.0 -0.0 0.0 0.0 -0.0 0.0 0.0 0.0 0.0 -0.0 0.0 -0.0 -0.0 0.0 -0.0 0.0 -0.0 0.0 0.0 -0.0 0.0 0.0 0.0 -0.0 0.0 0.0 0.0 0.0 0.0 0.0 -0.0 0.0 0.0 -0.0 -0.0 0.0 0.0 -0.0 0.0 0.0 -0.0 0.0 0.0 -0.0 -0.0 -0.0 -0.0 -0.0 -0.0 -0.0 0.0 -0.0 0.0 0.0 0.0 -0.0 0.0 0.007186448736789955 0.018117585718910367 0.03251815488646854 0.10051764031020266 0.22478698769538544 0.47183045078084584 0.7142033234100209 0.8372598127176167 0.9330249428163232 -1.0982955 -1.0392544 -0.972221 -0.8285426 -0.6082382 -0.66530544 -0.8356657 -0.9034232 -1.0872036 -1.3044322 -1.146846 -0.99230725 -0.67014116 -0.29509923 -0.42904365 -0.67129713 -0.8284601 -1.1178527
0 400 0.009526226669549942 -0.0016709888586774468 0.007910320535302162 0.0073151858523488045 0.022559236735105515 -0.0003508497611619532 0.006883359048515558 -0.0006517936708405614 -9.638901974540204e-05 0.00018351686594542116 0.004479495342820883 -0.0026011609006673098 -0.0012092491379007697 -0.005039955023676157 -0.006074593868106604 -0.006728142034262419 0.021656883880496025 0.002578816842287779 -0.0035761469043791294 -0.006446329411119223 -0.003593187779188156 -0.004052364733070135 -0.021239712834358215 0.003078785724937916 -0.01152043230831623 -0.012628537602722645 0.006291764322668314 -0.00545763922855258 -0.008655175566673279 0.004018100909888744 0.016287008300423622 -0.033428389579057693 0.00658769253641367 -0.0021035608369857073 -0.024582302197813988 -0.01094118319451809 -0.005047523882240057 -0.011250767856836319 -0.001539991470053792 -0.01334681548178196 0.016423236578702927 0.011908289045095444 -0.015224495902657509 0.005224814638495445 0.009705708362162113 0.0007885230588726699 0.006628904491662979 -0.0033052563667297363 0.0021866897586733103 -0.0072736963629722595 -0.0044583347626030445 0.00045153856626711786 -0.03227464482188225 0.0010409089736640453 -0.003994283732026815 0.005979658104479313 0.008019373752176762 -0.006893943529576063 0.0121719716116786 0.004769506398588419 0.02254565805196762 -0.013440280221402645 0.003071279963478446 0.007949856109917164 0.01673465594649315 0.012508687563240528 0.0023738958407193422 0.0003875262045767158 -0.001977937063202262 0.02587023191154003 0.005487005691975355 -0.0027957807760685682 -0.007249034475535154 0.0057138013653457165 0.003290418302640319 -0.00047212347271852195 0.0008680789032950997 0.002451497595757246 -0.0038800158072263002 0.0018948650686070323 6.366921297740191e-05 -0.008800107054412365 -0.011096296831965446 -0.010109136812388897 -0.005971839185804129 -0.00822595227509737 -0.00329875061288476 -0.004394731484353542 0.005247268360108137 -0.008621374145150185 0.0033584104385226965 0.0047774468548595905 0.013867032714188099 -0.007749858777970076 0.0011877546785399318 0.01678859033710775 0.059174310425176534 0.1477803409031973 0.39384657914247106 0.5621146819134248 0.7005483807256263 0.8365053056225301 0.9329033851606937 0.9785724084206918 -0.9903604 -0.76728684 -0.6267896 -0.23718588 -0.044680104 -0.21265088 -0.28731266 -0.5554958 -0.87858665 -1.1400228 -0.88294333 -0.5680185 -0.03757585 0.27758592 0.02532778 -0.16296136 -0.5251835 -0.9541369
1 400 0.009526226669549942 -0.0016709888586774468 0.007910320535302162 0.0073151858523488045 0.022559236735105515 -0.0003508497611619532 0.006883359048515558 -0.0006517936708405614 -9.638901974540204e-05 0.00018351686594542116 0.004479495342820883 -0.0026011609006673098 -0.0012092491379007697 -0.005039955023676157 -0.006074593868106604 -0.006728142034262419 0.021656883880496025 0.002578816842287779 -0.0035761469043791294 -0.006446329411119223 -0.003593187779188156 -0.004052364733070135 -0.021239712834358215 0.003078785724937916 -0.01152043230831623 -0.012628537602722645 0.006291764322668314 -0.00545763922855258 -0.008655175566673279 0.004018100909888744 0.016287008300423622 -0.033428389579057693 0.00658769253641367 -0.0021035608369857073 -0.024582302197813988 -0.01094118319451809 -0.005047523882240057 -0.011250767856836319 -0.001539991470053792 -0.01334681548178196 0.016423236578702927 0.011908289045095444 -0.015224495902657509 0.005224814638495445 0.009705708362162113 0.0007885230588726699 0.006628904491662979 -0.0033052563667297363 0.0021866897586733103 -0.0072736963629722595 -0.0044583347626030445 0.00045153856626711786 -0.03227464482188225 0.0010409089736640453 -0.003994283732026815 0.005979658104479313 0.008019373752176762 -0.006893943529576063 0.0121719716116786 0.004769506398588419 0.02254565805196762 -0.013440280221402645 0.003071279963478446 0.007949856109917164 0.01673465594649315 0.012508687563240528 0.0023738958407193422 0.0003875262045767158 -0.001977937063202262 0.02587023191154003 0.005487005691975355 -0.0027957807760685682 -0.007249034475535154 0.0057138013653457165 0.003290418302640319 -0.00047212347271852195 0.0008680789032950997 0.002451497595757246 -0.0038800158072263002 0.0018948650686070323 6.366921297740191e-05 -0.008800107054412365 -0.011096296831965446 -0.010109136812388897 -0.005971839185804129 -0.00822595227509737 -0.00329875061288476 -0.004394731484353542 0.005247268360108137 -0.008621374145150185 0.0033584104385226965 0.0047774468548595905 0.013867032714188099 -0.007749858777970076 0.0011877546785399318 0.01462005231103617 0.04360553050215542 0.10516274020698459 0.18502585012863085 0.44904193130991477 0.5873736766363461 0.8016651024913511 0.9123307620559631 0.9693655266311633 -1.0426254 -0.90287983 -0.80112135 -0.5672062 -0.12690713 -0.24204175 -0.61727524 -0.65897626 -0.932835 -1.1564002 -0.9834813 -0.69582975 -0.3553239 0.118613996 -0.017788105 -0.48786038 -0.59913146 -0.9903528
2 400 0.009526226669549942 -0.0016709888586774468 0.007910320535302162 0.0073151858523488045 0.022559236735105515 -0.0003508497611619532 0.006883359048515558 -0.0006517936708405614 -9.638901974540204e-05 0.00018351686594542116 0.004479495342820883 -0.0026011609006673098 -0.0012092491379007697 -0.005039955023676157 -0.006074593868106604 -0.006728142034262419 0.021656883880496025 0.002578816842287779 -0.0035761469043791294 -0.006446329411119223 -0.003593187779188156 -0.004052364733070135 -0.021239712834358215 0.003078785724937916 -0.01152043230831623 -0.012628537602722645 0.006291764322668314 -0.00545763922855258 -0.008655175566673279 0.004018100909888744 0.016287008300423622 -0.033428389579057693 0.00658769253641367 -0.0021035608369857073 -0.024582302197813988 -0.01094118319451809 -0.005047523882240057 -0.011250767856836319 -0.001539991470053792 -0.01334681548178196 0.016423236578702927 0.011908289045095444 -0.015224495902657509 0.005224814638495445 0.009705708362162113 0.0007885230588726699 0.006628904491662979 -0.0033052563667297363 0.0021866897586733103 -0.0072736963629722595 -0.0044583347626030445 0.00045153856626711786 -0.03227464482188225 0.0010409089736640453 -0.003994283732026815 0.005979658104479313 0.008019373752176762 -0.006893943529576063 0.0121719716116786 0.004769506398588419 0.02254565805196762 -0.013440280221402645 0.003071279963478446 0.007949856109917164 0.01673465594649315 0.012508687563240528 0.0023738958407193422 0.0003875262045767158 -0.001977937063202262 0.02587023191154003 0.005487005691975355 -0.0027957807760685682 -0.007249034475535154 0.0057138013653457165 0.003290418302640319 -0.00047212347271852195 0.0008680789032950997 0.002451497595757246 -0.0038800158072263002 0.0018948650686070323 6.366921297740191e-05 -0.008800107054412365 -0.011096296831965446 -0.010109136812388897 -0.005971839185804129 -0.00822595227509737 -0.00329875061288476 -0.004394731484353542 0.005247268360108137 -0.008621374145150185 0.0033584104385226965 0.0047774468548595905 0.013867032714188099 -0.007749858777970076 0.0011877546785399318 0.00801862087820759 0.026986197142413893 0.0300475751745298 0.10180851638119627 0.23119765873388382 0.36442743944939127 0.6580471199915059 0.8315866104680893 0.9331417831922455 -1.0985652 -0.84064263 -0.77453053 -0.5146353 -0.21730791 -0.295681 -0.42162222 -0.625482 -0.9008779 -1.3232175 -0.99391216 -0.842874 -0.4377117 -0.04579564 -0.11684089 -0.3024928 -0.5602972 -0.93976074
0 400 0.019052453339099884 -0.0033419777173548937 0.015820641070604324 0.014630371704697609 0.04511847347021103 -0.0007016995223239064 0.013766718097031116 -0.0013035873416811228 -0.00019277803949080408 0.0003670337318908423 0.008958990685641766 -0.0052023218013346195 -0.0024184982758015394 -0.010079910047352314 -0.012149187736213207 -0.013456284068524837 0.04331376776099205 0.005157633684575558 -0.007152293808758259 -0.012892658822238445 -0.007186375558376312 -0.00810472946614027 -0.04247942566871643 0.006157571449875832 -0.02304086461663246 -0.02525707520544529 0.012583528645336628 -0.01091527845710516 -0.017310351133346558 0.008036201819777489 0.032574016600847244 -0.06685677915811539 0.01317538507282734 -0.0042071216739714146 -0.049164604395627975 -0.02188236638903618 -0.010095047764480114 -0.022501535713672638 -0.003079982940107584 -0.02669363096356392 0.03284647315740585 0.023816578090190887 -0.030448991805315018 0.01044962927699089 0.019411416724324226 0.0015770461177453399 0.013257808983325958 -0.006610512733459473 0.0043733795173466206 -0.014547392725944519 -0.008916669525206089 0.0009030771325342357 -0.0645492896437645 0.0020818179473280907 -0.00798856746405363 0.011959316208958626 0.016038747504353523 -0.013787887059152126 0.0243439432233572 0.009539012797176838 0.04509131610393524 -0.02688056044280529 0.006142559926956892 0.015899712219834328 0.0334693118929863 0.025017375126481056 0.0047477916814386845 0.0007750524091534317 -0.003955874126404524 0.05174046382308006 0.01097401138395071 -0.0055915615521371365 -0.014498068951070309 0.011427602730691433 0.006580836605280638 -0.0009442469454370439 0.0017361578065901995 0.004902995191514492 -0.0077600316144526005 0.0037897301372140646 0.00012733842595480382 -0.01760021410882473 -0.022192593663930893 -0.020218273624777794 -0.011943678371608257 -0.01645190455019474 -0.00659750122576952 -0.008789462968707085 0.010494536720216274 -0.01724274829030037 0.006716820877045393 0.009554893709719181 0.027734065428376198 -0.015499717555940151 0.0023755093570798635 0.012532238445265062 0.07852512569474909 0.1735003934707028 0.2796433279197758 0.46867486479084414 0.6447450782184805 0.7693949039445048 0.8975787466981807 0.9574640023073689 -0.83648705 -0.54459566 -0.38485175 -0.12223908 0.24316151 0.008238152 -0.083577424 -0.28725725 -0.7200191 -1.101213 -0.68220705 -0.33089164 0.0112857595 0.5286685 0.19974563 0.07603162 -0.13268319 -0.75161517
1 400 0.019052453339099884 -0.0033419777173548937 0.015820641070604324 0.014630371704697609 0.04511847347021103 -0.0007016995223239064 0.013766718097031116 -0.0013035873416811228 -0.00019277803949080408 0.0003670337318908423 0.008958990685641766 -0.0052023218013346195 -0.0024184982758015394 -0.010079910047352314 -0.012149187736213207 -0.013456284068524837 0.04331376776099205 0.005157633684575558 -0.007152293808758259 -0.012892658822238445 -0.007186375558376312 -0.00810472946614027 -0.04247942566871643 0.006157571449875832 -0.02304086461663246 -0.02525707520544529 0.012583528645336628 -0.01091527845710516 -0.017310351133346558 0.008036201819777489 0.032574016600847244 -0.06685677915811539 0.01317538507282734 -0.0042071216739714146 -0.049164604395627975 -0.02188236638903618 -0.010095047764480114 -0.022501535713672638 -0.003079982940107584 -0.02669363096356392 0.03284647315740585 0.023816578090190887 -0.030448991805315018 0.01044962927699089 0.019411416724324226 0.0015770461177453399 0.013257808983325958 -0.006610512733459473 0.0043733795173466206 -0.014547392725944519 -0.008916669525206089 0.0009030771325342357 -0.0645492896437645 0.0020818179473280907 -0.00798856746405363 0.011959316208958626 0.016038747504353523 -0.013787887059152126 0.0243439432233572 0.009539012797176838 0.04509131610393524 -0.02688056044280529 0.006142559926956892 0.015899712219834328 0.0334693118929863 0.025017375126481056 0.0047477916814386845 0.0007750524091534317 -0.003955874126404524 0.05174046382308006 0.01097401138395071 -0.0055915615521371365 -0.014498068951070309 0.011427602730691433 0.006580836605280638 -0.0009442469454370439 0.0017361578065901995 0.004902995191514492 -0.0077600316144526005 0.0037897301372140646 0.00012733842595480382 -0.01760021410882473 -0.022192593663930893 -0.020218273624777794 -0.011943678371608257 -0.01645190455019474 -0.00659750122576952 -0.008789462968707085 0.010494536720216274 -0.01724274829030037 0.006716820877045393 0.009554893709719181 0.027734065428376198 -0.015499717555940151 0.0023755093570798635 0.014519086819092412 0.04258011343803262 0.15589727731052458 0.18176504380246059 0.41790327695020474 0.610425549944425 0.7712832379742484 0.8701323675128435 0.9538167127584615 -0.8499435 -0.75933594 -0.5991724 -0.45211428 0.1254694 -0.050565764 -0.3735304 -0.38640043 -0.8117346 -1.029668 -0.8137694 -0.4199911 -0.34001195 0.41526517 0.13025379 -0.19887912 -0.20373118 -0.829417
2 400 0.019052453339099884 -0.0033419777173548937 0.015820641070604324 0.014630371704697609 0.04511847347021103 -0.0007016995223239064 0.013766718097031116 -0.0013035873416811228 -0.00019277803949080408 0.0003670337318908423 0.008958990685641766 -0.0052023218013346195 -0.0024184982758015394 -0.010079910047352314 -0.012149187736213207 -0.013456284068524837 0.04331376776099205 0.005157633684575558 -0.007152293808758259 -0.012892658822238445 -0.007186375558376312 -0.00810472946614027 -0.04247942566871643 0.006157571449875832 -0.02304086461663246 -0.02525707520544529 0.012583528645336628 -0.01091527845710516 -0.017310351133346558 0.008036201819777489 0.032574016600847244 -0.06685677915811539 0.01317538507282734 -0.0042071216739714146 -0.049164604395627975 -0.02188236638903618 -0.010095047764480114 -0.022501535713672638 -0.003079982940107584 -0.02669363096356392 0.03284647315740585 0.023816578090190887 -0.030448991805315018 0.01044962927699089 0.019411416724324226 0.0015770461177453399 0.013257808983325958 -0.006610512733459473 0.0043733795173466206 -0.014547392725944519 -0.008916669525206089 0.0009030771325342357 -0.0645492896437645 0.0020818179473280907 -0.00798856746405363 0.011959316208958626 0.016038747504353523 -0.013787887059152126 0.0243439432233572 0.009539012797176838 0.04509131610393524 -0.02688056044280529 0.006142559926956892 0.015899712219834328 0.0334693118929863 0.025017375126481056 0.0047477916814386845 0.0007750524091534317 -0.003955874126404524 0.05174046382308006 0.01097401138395071 -0.0055915615521371365 -0.014498068951070309 0.011427602730691433 0.006580836605280638 -0.0009442469454370439 0.0017361578065901995 0.004902995191514492 -0.0077600316144526005 0.0037897301372140646 0.00012733842595480382 -0.01760021410882473 -0.022192593663930893 -0.020218273624777794 -0.011943678371608257 -0.01645190455019474 -0.00659750122576952 -0.008789462968707085 0.010494536720216274 -0.01724274829030037 0.006716820877045393 0.009554893709719181 0.027734065428376198 -0.015499717555940151 0.0023755093570798635 0.011949202760481717 0.05340207960178228 0.053909671727519086 0.14114431407657355 0.24783264083292203 0.26557529926026746 0.49888134502174153 0.763745929578406 0.9034276444653855 -1.1006356 -0.6728889 -0.49810976 -0.1713473 -0.006865293 -0.008801118 -0.23667763 -0.37558615 -0.80779445 -1.339728 -0.80414116 -0.57831556 -0.08934759 0.018684395 0.111182414 -0.22736433 -0.2866686 -0.82804954
0 400 0.028578681871294975 -0.005012966692447662 0.023730961605906487 0.021945558488368988 0.06767771393060684 -0.0010525493416935205 0.020650077611207962 -0.001955381128937006 -0.00028916707378812134 0.0005505506414920092 0.013438485562801361 -0.007803482934832573 -0.0036277472972869873 -0.015119865536689758 -0.018223781138658524 -0.02018442563712597 0.06497065722942352 0.0077364505268633366 -0.010728441178798676 -0.01933898963034153 -0.010779563337564468 -0.012157094664871693 -0.06371913850307465 0.009236357174813747 -0.03456129878759384 -0.03788561373949051 0.01887529343366623 -0.016372917219996452 -0.025965528562664986 0.012054302729666233 0.048861026763916016 -0.10028517246246338 0.019763078540563583 -0.0063106827437877655 -0.07374691218137741 -0.03282355144619942 -0.015142572112381458 -0.03375230357050896 -0.00461997464299202 -0.04004044830799103 0.04926970973610878 0.03572486713528633 -0.045673489570617676 0.015674443915486336 0.029117126017808914 0.0023655693512409925 0.019886713474988937 -0.009915769100189209 0.0065600695088505745 -0.02182108908891678 -0.01337500475347042 0.001354615786112845 -0.09682393819093704 0.0031227271538227797 -0.011982851661741734 0.017938975244760513 0.02405812218785286 -0.020681830123066902 0.036515913903713226 0.014308519661426544 0.06763697415590286 -0.04032083973288536 0.009213840588927269 0.023849569261074066 0.050203967839479446 0.03752606362104416 0.00712168775498867 0.0011625787010416389 -0.005933811422437429 0.07761069387197495 0.016461018472909927 -0.008387343026697636 -0.021747102960944176 0.017141403630375862 0.009871254675090313 -0.0014163703890517354 0.002604236826300621 0.007354492787271738 -0.011640047654509544 0.005684595089405775 0.00019100763893220574 -0.02640032209455967 -0.03328889235854149 -0.030327409505844116 -0.0179155170917511 -0.024677857756614685 -0.009896252304315567 -0.013184194453060627 0.015741804614663124 -0.025864122435450554 0.010075231082737446 0.014332341030240059 0.04160109907388687 -0.02324957586824894 0.003563264152035117 0.007042519144860909 0.1293783245259217 0.19171885758835341 0.23297853803287824 0.3889427708578163 0.4527995292262585 0.7083631031722623 0.88411757400302 0.9227759261024789 -0.6612008 -0.03394115 -0.30705646 0.04476361 0.45810735 0.17172946 0.13154827 -0.08278705 -0.45649594 -0.99590075 0.05680702 -0.2938818 0.20787793 0.7291642 0.2256763 0.4415253 0.13682279 -0.34004125
1 400 0.028578681871294975 -0.005012966692447662 0.023730961605906487 0.021945558488368988 0.06767771393060684 -0.0010525493416935205 0.020650077611207962 -0.001955381128937006 -0.00028916707378812134 0.0005505506414920092 0.013438485562801361 -0.007803482934832573 -0.0036277472972869873 -0.015119865536689758 -0.018223781138658524 -0.02018442563712597 0.06497065722942352 0.0077364505268633366 -0.010728441178798676 -0.01933898963034153 -0.010779563337564468 -0.012157094664871693 -0.06371913850307465 0.009236357174813747 -0.03456129878759384 -0.03788561373949051 0.01887529343366623 -0.016372917219996452 -0.025965528562664986 0.012054302729666233 0.048861026763916016 -0.10028517246246338 0.019763078540563583 -0.0063106827437877655 -0.07374691218137741 -0.03282355144619942 -0.015142572112381458 -0.03375230357050896 -0.00461997464299202 -0.04004044830799103 0.04926970973610878 0.03572486713528633 -0.045673489570617676 0.015674443915486336 0.029117126017808914 0.0023655693512409925 0.019886713474988937 -0.009915769100189209 0.0065600695088505745 -0.02182108908891678 -0.01337500475347042 0.001354615786112845 -0.09682393819093704 0.0031227271538227797 -0.011982851661741734 0.017938975244760513 0.02405812218785286 -0.020681830123066902 0.036515913903713226 0.014308519661426544 0.06763697415590286 -0.04032083973288536 0.009213840588927269 0.023849569261074066 0.050203967839479446 0.03752606362104416 0.00712168775498867 0.0011625787010416389 -0.005933811422437429 0.07761069387197495 0.016461018472909927 -0.008387343026697636 -0.021747102960944176 0.017141403630375862 0.009871254675090313 -0.0014163703890517354 0.002604236826300621 0.007354492787271738 -0.011640047654509544 0.005684595089405775 0.00019100763893220574 -0.02640032209455967 -0.03328889235854149 -0.030327409505844116 -0.0179155170917511 -0.024677857756614685 -0.009896252304315567 -0.013184194453060627 0.015741804614663124 -0.025864122435450554 0.010075231082737446 0.014332341030240059 0.04160109907388687 -0.02324957586824894 0.003563264152035117 0.012447977517056232 0.0607093628184796 0.13801824249107175 0.1956632704709172 0.3797814106217904 0.5620263480670087 0.7189347698188153 0.8588712988432289 0.9252695487768283 -0.57772005 -0.38539279 -0.49028128 -0.22761184 0.30463088 0.018777028 -0.117006466 -0.24280785 -0.73329574 -0.7579744 -0.25382584 -0.33515212 -0.10628673 0.62074107 0.13265088 0.14028424 -0.064007424 -0.7135821
2 400 0.028578681871294975 -0.005012966692447662 0.023730961605906487 0.021945558488368988 0.06767771393060684 -0.0010525493416935205 0.020650077611207962 -0.001955381128937006 -0.00028916707378812134 0.0005505506414920092 0.013438485562801361 -0.007803482934832573 -0.0036277472972869873 -0.015119865536689758 -0.018223781138658524 -0.02018442563712597 0.06497065722942352 0.0077364505268633366 -0.010728441178798676 -0.01933898963034153 -0.010779563337564468 -0.012157094664871693 -0.06371913850307465 0.009236357174813747 -0.03456129878759384 -0.03788561373949051 0.01887529343366623 -0.016372917219996452 -0.025965528562664986 0.012054302729666233 0.048861026763916016 -0.10028517246246338 0.019763078540563583 -0.0063106827437877655 -0.07374691218137741 -0.03282355144619942 -0.015142572112381458 -0.03375230357050896 -0.00461997464299202 -0.04004044830799103 0.04926970973610878 0.03572486713528633 -0.045673489570617676 0.015674443915486336 0.029117126017808914 0.0023655693512409925 0.019886713474988937 -0.009915769100189209 0.0065600695088505745 -0.02182108908891678 -0.01337500475347042 0.001354615786112845 -0.09682393819093704 0.0031227271538227797 -0.011982851661741734 0.017938975244760513 0.02405812218785286 -0.020681830123066902 0.036515913903713226 0.014308519661426544 0.06763697415590286 -0.04032083973288536 0.009213840588927269 0.023849569261074066 0.050203967839479446 0.03752606362104416 0.00712168775498867 0.0011625787010416389 -0.005933811422437429 0.07761069387197495 0.016461018472909927 -0.008387343026697636 -0.021747102960944176 0.017141403630375862 0.009871254675090313 -0.0014163703890517354 0.002604236826300621 0.007354492787271738 -0.011640047654509544 0.005684595089405775 0.00019100763893220574 -0.02640032209455967 -0.03328889235854149 -0.030327409505844116 -0.0179155170917511 -0.024677857756614685 -0.009896252304315567 -0.013184194453060627 0.015741804614663124 -0.025864122435450554 0.010075231082737446 0.014332341030240059 0.04160109907388687 -0.02324957586824894 0.003563264152035117 0.01050560466699176 0.08311133607185879 0.0724459989976439 0.19591782436179747 0.24646025520008724 0.28260049613881427 0.3833845115474102 0.7649322930564378 0.8748238460029507 -0.9683944 -0.07630576 -0.39641374 0.12340139 0.21000381 0.11313419 -0.10336748 -0.20443608 -0.6602988 -1.2393398 0.03186179 -0.49255577 0.2847105 0.2841334 0.14057747 -0.08401428 -0.020698778 -0.64778453
0 400 0.03810490667819977 -0.006683955434709787 0.03164128214120865 0.029260743409395218 0.09023694694042206 -0.0014033990446478128 0.027533436194062233 -0.0026071746833622456 -0.00038555607898160815 0.0007340674637816846 0.01791798137128353 -0.010404643602669239 -0.004836996551603079 -0.020159820094704628 -0.024298375472426414 -0.026912568137049675 0.0866275355219841 0.010315267369151115 -0.014304587617516518 -0.02578531764447689 -0.014372751116752625 -0.01620945893228054 -0.08495885133743286 0.012315142899751663 -0.04608172923326492 -0.05051415041089058 0.025167057290673256 -0.02183055691421032 -0.034620702266693115 0.016072403639554977 0.06514803320169449 -0.13371355831623077 0.02635077014565468 -0.008414243347942829 -0.09832920879125595 -0.04376473277807236 -0.020190095528960228 -0.045003071427345276 -0.006159965880215168 -0.05338726192712784 0.0656929463148117 0.047633156180381775 -0.060897983610630035 0.02089925855398178 0.03882283344864845 0.0031540922354906797 0.026515617966651917 -0.013221025466918945 0.008746759034693241 -0.029094785451889038 -0.017833339050412178 0.0018061542650684714 -0.129098579287529 0.004163635894656181 -0.01597713492810726 0.02391863241791725 0.032077495008707047 -0.027575774118304253 0.0486878864467144 0.019078025594353676 0.09018263220787048 -0.05376112088561058 0.012285119853913784 0.031799424439668655 0.0669386237859726 0.05003475025296211 0.009495583362877369 0.0015501048183068633 -0.007911748252809048 0.10348092764616013 0.02194802276790142 -0.011183123104274273 -0.028996137902140617 0.022855205461382866 0.013161673210561275 -0.0018884938908740878 0.003472315613180399 0.009805990383028984 -0.015520063228905201 0.007579460274428129 0.00025467685190960765 -0.03520042821764946 -0.044385187327861786 -0.04043654724955559 -0.023887356743216515 -0.03290380910038948 -0.01319500245153904 -0.01757892593741417 0.02098907344043255 -0.03448549658060074 0.013433641754090786 0.019109787419438362 0.055468130856752396 -0.030999435111880302 0.004751018714159727 0.0033306154177976917 0.14437855971999336 0.14326778675237245 0.14813773564607352 0.3170897953777495 0.34916179770828604 0.5759801286152527 0.8644201589490905 0.8761684696162845 -0.553699 0.21234883 -0.3389718 0.024454743 0.59762007 0.24430035 0.30135304 -0.021093443 -0.29809576 -0.94328326 0.3913001 -0.40072343 0.1483357 0.83079994 0.24008033 0.6328998 0.18341705 -0.15896675
1 400 0.03810490667819977 -0.006683955434709787 0.03164128214120865 0.029260743409395218 0.09023694694042206 -0.0014033990446478128 0.027533436194062233 -0.0026071746833622456 -0.00038555607898160815 0.0007340674637816846 0.01791798137128353 -0.010404643602669239 -0.004836996551603079 -0.020159820094704628 -0.024298375472426414 -0.026912568137049675 0.0866275355219841 0.010315267369151115 -0.014304587617516518 -0.02578531764447689 -0.014372751116752625 -0.01620945893228054 -0.08495885133743286 0.012315142899751663 -0.04608172923326492 -0.05051415041089058 0.025167057290673256 -0.02183055691421032 -0.034620702266693115 0.016072403639554977 0.06514803320169449 -0.13371355831623077 0.02635077014565468 -0.008414243347942829 -0.09832920879125595 -0.04376473277807236 -0.020190095528960228 -0.045003071427345276 -0.006159965880215168 -0.05338726192712784 0.0656929463148117 0.047633156180381775 -0.060897983610630035 0.02089925855398178 0.03882283344864845 0.0031540922354906797 0.026515617966651917 -0.013221025466918945 0.008746759034693241 -0.029094785451889038 -0.017833339050412178 0.0018061542650684714 -0.129098579287529 0.004163635894656181 -0.01597713492810726 0.02391863241791725 0.032077495008707047 -0.027575774118304253 0.0486878864467144 0.019078025594353676 0.09018263220787048 -0.05376112088561058 0.012285119853913784 0.031799424439668655 0.0669386237859726 0.05003475025296211 0.009495583362877369 0.0015501048183068633 -0.007911748252809048 0.10348092764616013 0.02194802276790142 -0.011183123104274273 -0.028996137902140617 0.022855205461382866 0.013161673210561275 -0.0018884938908740878 0.003472315613180399 0.009805990383028984 -0.015520063228905201 0.007579460274428129 0.00025467685190960765 -0.03520042821764946 -0.044385187327861786 -0.04043654724955559 -0.023887356743216515 -0.03290380910038948 -0.01319500245153904 -0.01757892593741417 0.02098907344043255 -0.03448549658060074 0.013433641754090786 0.019109787419438362 0.055468130856752396 -0.030999435111880302 0.004751018714159727 0.005747447496090155 0.06940995619447068 0.1188137412607836 0.147696485648879 0.26984950193085394 0.49785988586493174 0.6575400277286512 0.859520426360087 0.8888083283716963 -0.5147968 0.024293467 -0.4343137 -0.13860564 0.3185267 0.038655415 -0.038475826 -0.1302727 -0.6761305 -0.7746759 0.32067648 -0.35596094 0.0033173785 0.5076329 0.067626216 0.2074695 0.014354236 -0.6567704
2 400 0.03810490667819977 -0.006683955434709787 0.03164128214120865 0.029260743409395218 0.09023694694042206 -0.0014033990446478128 0.027533436194062233 -0.0026071746833622456 -0.00038555607898160815 0.0007340674637816846 0.01791798137128353 -0.010404643602669239 -0.004836996551603079 -0.020159820094704628 -0.024298375472426414 -0.026912568137049675 0.0866275355219841 0.010315267369151115 -0.014304587617516518 -0.02578531764447689 -0.014372751116752625 -0.01620945893228054 -0.08495885133743286 0.012315142899751663 -0.04608172923326492 -0.05051415041089058 0.025167057290673256 -0.02183055691421032 -0.034620702266693115 0.016072403639554977 0.06514803320169449 -0.13371355831623077 0.02635077014565468 -0.008414243347942829 -0.09832920879125595 -0.04376473277807236 -0.020190095528960228 -0.045003071427345276 -0.006159965880215168 -0.05338726192712784 0.0656929463148117 0.047633156180381775 -0.060897983610630035 0.02089925855398178 0.03882283344864845 0.0031540922354906797 0.026515617966651917 -0.013221025466918945 0.008746759034693241 -0.029094785451889038 -0.017833339050412178 0.0018061542650684714 -0.129098579287529 0.004163635894656181 -0.01597713492810726 0.02391863241791725 0.032077495008707047 -0.027575774118304253 0.0486878864467144 0.019078025594353676 0.09018263220787048 -0.05376112088561058 0.012285119853913784 0.031799424439668655 0.0669386237859726 0.05003475025296211 0.009495583362877369 0.0015501048183068633 -0.007911748252809048 0.10348092764616013 0.02194802276790142 -0.011183123104274273 -0.028996137902140617 0.022855205461382866 0.013161673210561275 -0.0018884938908740878 0.003472315613180399 0.009805990383028984 -0.015520063228905201 0.007579460274428129 0.00025467685190960765 -0.03520042821764946 -0.044385187327861786 -0.04043654724955559 -0.023887356743216515 -0.03290380910038948 -0.01319500245153904 -0.01757892593741417 0.02098907344043255 -0.03448549658060074 0.013433641754090786 0.019109787419438362 0.055468130856752396 -0.030999435111880302 0.004751018714159727 0.006553504974177875 0.07119823547097699 0.05947259093627405 0.16405479643229756 0.18472562789389113 0.2408585612092727 0.287055069515127 0.761798466919054 0.8415697921215947 -0.81738865 0.21438582 -0.33746198 -0.042468533 0.36295074 0.094396725 -0.029618606 -0.21872775 -0.43216544 -1.1817366 0.36742747 -0.46193257 0.022080474 0.4287754 0.03966298 -0.03251133 -0.07906809 -0.3215369
0 400 0.04763113334774971 -0.008354944176971912 0.03955160081386566 0.03657592833042145 0.11279617995023727 -0.0017542487476021051 0.034416794776916504 -0.003258968237787485 -0.00048194508417509496 0.000917584344279021 0.022397475317120552 -0.013005804270505905 -0.006046245340257883 -0.025199774652719498 -0.030372967943549156 -0.03364070877432823 0.10828442126512527 0.012894083745777607 -0.01788073405623436 -0.0322316475212574 -0.01796593889594078 -0.020261824131011963 -0.10619856417179108 0.015393928624689579 -0.057602159678936005 -0.06314268708229065 0.03145882114768028 -0.027288194745779037 -0.043275877833366394 0.020090503618121147 0.08143503963947296 -0.16714194416999817 0.03293846175074577 -0.010517803952097893 -0.12291151285171509 -0.0547059141099453 -0.025237619876861572 -0.056253839284181595 -0.007699957117438316 -0.06673407554626465 0.08211617916822433 0.05954144522547722 -0.0761224776506424 0.026124073192477226 0.04852854087948799 0.003942615352571011 0.033144522458314896 -0.01652628183364868 0.010933448560535908 -0.0363684818148613 -0.022291673347353935 0.0022576928604394197 -0.16137322783470154 0.005204544868320227 -0.019971419125795364 0.02989828959107399 0.040096867829561234 -0.034469716250896454 0.06085985526442528 0.023847531527280807 0.1127282902598381 -0.0672013983130455 0.015356400050222874 0.039749279618263245 0.08367327600717545 0.06254343688488007 0.011869478970766068 0.0019376310519874096 -0.009889685548841953 0.1293511539697647 0.027435028925538063 -0.013978904113173485 -0.03624517098069191 0.02856900542974472 0.016452090814709663 -0.0023606172762811184 0.004340394400060177 0.012257487513124943 -0.019400078803300858 0.009474324993789196 0.00031834605033509433 -0.0440005362033844 -0.05548148229718208 -0.05054568126797676 -0.02985919453203678 -0.041129760444164276 -0.016493752598762512 -0.021973656490445137 0.026236340403556824 -0.043106868863105774 0.01679205149412155 0.023887233808636665 0.06933516263961792 -0.038749292492866516 0.005938773509114981 0.0014230729777428572 0.10224604182432721 0.09241536784819913 0.09561855294066152 0.24024822705191426 0.25517914053815166 0.44013600413072435 0.8427209359170265 0.8083664488926806 -0.5316025 0.2142917 -0.3639344 -0.015665784 0.62025386 0.28157163 0.29694813 -0.0010169 -0.36754405 -1.0093236 0.33695439 -0.49923825 0.041254796 0.7637597 0.20044753 0.4969913 0.15486297 -0.27771014
1 400 0.04763113334774971 -0.008354944176971912 0.03955160081386566 0.03657592833042145 0.11279617995023727 -0.0017542487476021051 0.034416794776916504 -0.003258968237787485 -0.00048194508417509496 0.000917584344279021 0.022397475317120552 -0.013005804270505905 -0.006046245340257883 -0.025199774652719498 -0.030372967943549156 -0.03364070877432823 0.10828442126512527 0.012894083745777607 -0.01788073405623436 -0.0322316475212574 -0.01796593889594078 -0.020261824131011963 -0.10619856417179108 0.015393928624689579 -0.057602159678936005 -0.06314268708229065 0.03145882114768028 -0.027288194745779037 -0.043275877833366394 0.020090503618121147 0.08143503963947296 -0.16714194416999817 0.03293846175074577 -0.010517803952097893 -0.12291151285171509 -0.0547059141099453 -0.025237619876861572 -0.056253839284181595 -0.007699957117438316 -0.06673407554626465 0.08211617916822433 0.05954144522547722 -0.0761224776506424 0.026124073192477226 0.04852854087948799 0.003942615352571011 0.033144522458314896 -0.01652628183364868 0.010933448560535908 -0.0363684818148613 -0.022291673347353935 0.0022576928604394197 -0.16137322783470154 0.005204544868320227 -0.019971419125795364 0.02989828959107399 0.040096867829561234 -0.034469716250896454 0.06085985526442528 0.023847531527280807 0.1127282902598381 -0.0672013983130455 0.015356400050222874 0.039749279618263245 0.08367327600717545 0.06254343688488007 0.011869478970766068 0.0019376310519874096 -0.009889685548841953 0.1293511539697647 0.027435028925538063 -0.013978904113173485 -0.03624517098069191 0.02856900542974472 0.016452090814709663 -0.0023606172762811184 0.004340394400060177 0.012257487513124943 -0.019400078803300858 0.009474324993789196 0.00031834605033509433 -0.0440005362033844 -0.05548148229718208 -0.05054568126797676 -0.02985919453203678 -0.041129760444164276 -0.016493752598762512 -0.021973656490445137 0.026236340403556824 -0.043106868863105774 0.01679205149412155 0.023887233808636665 0.06933516263961792 -0.038749292492866516 0.005938773509114981 0.002177304103096625 0.04638722978023912 0.08318359784355508 0.0904690027000689 0.17997861181753294 0.3934011321140158 0.596286353513678 0.877740731664152 0.8648416819353564 -0.5183876 0.004846424 -0.43160433 -0.17942502 0.29969168 0.077856496 -0.0926556 -0.07244195 -0.60024905 -0.8980419 0.22145984 -0.4439992 -0.104407065 0.33669183 -0.00074284524 0.051437385 0.036077596 -0.62104553
2 400 0.04763113334774971 -0.008354944176971912 0.03955160081386566 0.03657592833042145 0.11279617995023727 -0.0017542487476021051 0.034416794776916504 -0.003258968237787485 -0.00048194508417509496 0.000917584344279021 0.022397475317120552 -0.013005804270505905 -0.006046245340257883 -0.025199774652719498 -0.030372967943549156 -0.03364070877432823 0.10828442126512527 0.012894083745777607 -0.01788073405623436 -0.0322316475212574 -0.01796593889594078 -0.020261824131011963 -0.10619856417179108 0.015393928624689579 -0.057602159678936005 -0.06314268708229065 0.03145882114768028 -0.027288194745779037 -0.043275877833366394 0.020090503618121147 0.08143503963947296 -0.16714194416999817 0.03293846175074577 -0.010517803952097893 -0.12291151285171509 -0.0547059141099453 -0.025237619876861572 -0.056253839284181595 -0.007699957117438316 -0.06673407554626465 0.08211617916822433 0.05954144522547722 -0.0761224776506424 0.026124073192477226 0.04852854087948799 0.003942615352571011 0.033144522458314896 -0.01652628183364868 0.010933448560535908 -0.0363684818148613 -0.022291673347353935 0.0022576928604394197 -0.16137322783470154 0.005204544868320227 -0.019971419125795364 0.02989828959107399 0.040096867829561234 -0.034469716250896454 0.06085985526442528 0.023847531527280807 0.1127282902598381 -0.0672013983130455 0.015356400050222874 0.039749279618263245 0.08367327600717545 0.06254343688488007 0.011869478970766068 0.0019376310519874096 -0.009889685548841953 0.1293511539697647 0.027435028925538063 -0.013978904113173485 -0.03624517098069191 0.02856900542974472 0.016452090814709663 -0.0023606172762811184 0.004340394400060177 0.012257487513124943 -0.019400078803300858 0.009474324993789196 0.00031834605033509433 -0.0440005362033844 -0.05548148229718208 -0.05054568126797676 -0.02985919453203678 -0.041129760444164276 -0.016493752598762512 -0.021973656490445137 0.026236340403556824 -0.043106868863105774 0.01679205149412155 0.023887233808636665 0.06933516263961792 -0.038749292492866516 0.005938773509114981 0.0028583221941809837 0.04656973166409194 0.038264694694317716 0.11382925785012145 0.11462044825972369 0.17147257941724317 0.23176485650656434 0.7455361503278726 0.7263958851633852 -0.8185646 0.2587946 -0.3411799 -0.23879449 0.41378528 0.12852417 0.0049115866 -0.23943214 -0.4812153 -1.3012564 0.37123615 -0.5723088 -0.30164286 0.39340815 -0.014999129 -0.02544818 -0.16207117 -0.39911753
0 400 0.05715736374258995 -0.010025933384895325 0.04746192321181297 0.043891116976737976 0.13535542786121368 -0.002105098683387041 0.041300155222415924 -0.003910762257874012 -0.0005783341475762427 0.0011011012829840183 0.026876971125602722 -0.015606965869665146 -0.007255494594573975 -0.030239731073379517 -0.03644756227731705 -0.04036885127425194 0.12994131445884705 0.015472901053726673 -0.02145688235759735 -0.03867797926068306 -0.021559126675128937 -0.024314189329743385 -0.1274382770061493 0.018472714349627495 -0.06912259757518768 -0.07577122747898102 0.03775058686733246 -0.032745834439992905 -0.05193105712532997 0.024108605459332466 0.09772205352783203 -0.20057034492492676 0.03952615708112717 -0.012621365487575531 -0.14749382436275482 -0.06564710289239883 -0.030285144224762917 -0.06750460714101791 -0.00923994928598404 -0.08008089661598206 0.09853941947221756 0.07144973427057266 -0.09134697914123535 0.03134888783097267 0.05823425203561783 0.004731138702481985 0.039773426949977875 -0.019831538200378418 0.013120139017701149 -0.04364217817783356 -0.02675000950694084 0.00270923157222569 -0.19364787638187408 0.006245454307645559 -0.023965703323483467 0.03587795048952103 0.04811624437570572 -0.041363660246133804 0.07303182780742645 0.02861703932285309 0.13527394831180573 -0.08064167946577072 0.018427681177854538 0.04769913852214813 0.10040793567895889 0.07505212724208832 0.01424337550997734 0.0023251574020832777 -0.011867622844874859 0.1552213877439499 0.032922036945819855 -0.01677468605339527 -0.04349420592188835 0.034282807260751724 0.019742509350180626 -0.002832740778103471 0.005208473652601242 0.014708985574543476 -0.02328009530901909 0.01136919017881155 0.0003820152778644115 -0.05280064418911934 -0.06657778471708298 -0.06065481901168823 -0.0358310341835022 -0.04935571551322937 -0.019792504608631134 -0.026368388906121254 0.03148360922932625 -0.05172824487090111 0.02015046216547489 0.028664682060480118 0.08320219814777374 -0.04649915173649788 0.007126528304070234 0.0006101010904439863 0.06847124680531487 0.05838192944945238 0.06143436171746659 0.16901729009404803 0.17891686275426513 0.37608461703032325 0.8300850782958752 0.8090388688213072 -0.54124403 0.16777946 -0.3705746 -0.064961985 0.5877445 0.30019045 0.25375837 -0.015217662 -0.61999613 -1.1270474 0.19052628 -0.5582637 -0.07797819 0.6134699 0.1371502 0.35034508 0.093523 -0.6482368
1 400 0.05715736374258995 -0.010025933384895325 0.04746192321181297 0.043891116976737976 0.13535542786121368 -0.002105098683387041 0.041300155222415924 -0.003910762257874012 -0.0005783341475762427 0.0011011012829840183 0.026876971125602722 -0.015606965869665146 -0.007255494594573975 -0.030239731073379517 -0.03644756227731705 -0.04036885127425194 0.12994131445884705 0.015472901053726673 -0.02145688235759735 -0.03867797926068306 -0.021559126675128937 -0.024314189329743385 -0.1274382770061493 0.018472714349627495 -0.06912259757518768 -0.07577122747898102 0.03775058686733246 -0.032745834439992905 -0.05193105712532997 0.024108605459332466 0.09772205352783203 -0.20057034492492676 0.03952615708112717 -0.012621365487575531 -0.14749382436275482 -0.06564710289239883 -0.030285144224762917 -0.06750460714101791 -0.00923994928598404 -0.08008089661598206 0.09853941947221756 0.07144973427057266 -0.09134697914123535 0.03134888783097267 0.05823425203561783 0.004731138702481985 0.039773426949977875 -0.019831538200378418 0.013120139017701149 -0.04364217817783356 -0.02675000950694084 0.00270923157222569 -0.19364787638187408 0.006245454307645559 -0.023965703323483467 0.03587795048952103 0.04811624437570572 -0.041363660246133804 0.07303182780742645 0.02861703932285309 0.13527394831180573 -0.08064167946577072 0.018427681177854538 0.04769913852214813 0.10040793567895889 0.07505212724208832 0.01424337550997734 0.0023251574020832777 -0.011867622844874859 0.1552213877439499 0.032922036945819855 -0.01677468605339527 -0.04349420592188835 0.034282807260751724 0.019742509350180626 -0.002832740778103471 0.005208473652601242 0.014708985574543476 -0.02328009530901909 0.01136919017881155 0.0003820152778644115 -0.05280064418911934 -0.06657778471708298 -0.06065481901168823 -0.0358310341835022 -0.04935571551322937 -0.019792504608631134 -0.026368388906121254 0.03148360922932625 -0.05172824487090111 0.02015046216547489 0.028664682060480118 0.08320219814777374 -0.04649915173649788 0.007126528304070234 0.000855844792045491 0.027940148412853465 0.0527929977744468 0.05802764361644787 0.11369546083307197 0.3041704519025991 0.5298292356178731 0.8817494109844449 0.8675735590336595 -0.5528742 -0.048905805 -0.45655298 -0.24721447 0.24495824 0.12816788 -0.15205227 -0.06303306 -0.56434995 -1.0714641 0.05327431 -0.55807716 -0.2469716 0.11731509 -0.049242996 -0.11246314 0.020600118 -0.62082
2 400 0.05715736374258995 -0.010025933384895325 0.04746192321181297 0.043891116976737976 0.13535542786121368 -0.002105098683387041 0.041300155222415924 -0.003910762257874012 -0.0005783341475762427 0.0011011012829840183 0.026876971125602722 -0.015606965869665146 -0.007255494594573975 -0.030239731073379517 -0.03644756227731705 -0.04036885127425194 0.12994131445884705 0.015472901053726673 -0.02145688235759735 -0.03867797926068306 -0.021559126675128937 -0.024314189329743385 -0.1274382770061493 0.018472714349627495 -0.06912259757518768 -0.07577122747898102 0.03775058686733246 -0.032745834439992905 -0.05193105712532997 0.024108605459332466 0.09772205352783203 -0.20057034492492676 0.03952615708112717 -0.012621365487575531 -0.14749382436275482 -0.06564710289239883 -0.030285144224762917 -0.06750460714101791 -0.00923994928598404 -0.08008089661598206 0.09853941947221756 0.07144973427057266 -0.09134697914123535 0.03134888783097267 0.05823425203561783 0.004731138702481985 0.039773426949977875 -0.019831538200378418 0.013120139017701149 -0.04364217817783356 -0.02675000950694084 0.00270923157222569 -0.19364787638187408 0.006245454307645559 -0.023965703323483467 0.03587795048952103 0.04811624437570572 -0.041363660246133804 0.07303182780742645 0.02861703932285309 0.13527394831180573 -0.08064167946577072 0.018427681177854538 0.04769913852214813 0.10040793567895889 0.07505212724208832 0.01424337550997734 0.0023251574020832777 -0.011867622844874859 0.1552213877439499 0.032922036945819855 -0.01677468605339527 -0.04349420592188835 0.034282807260751724 0.019742509350180626 -0.002832740778103471 0.005208473652601242 0.014708985574543476 -0.02328009530901909 0.01136919017881155 0.0003820152778644115 -0.05280064418911934 -0.06657778471708298 -0.06065481901168823 -0.0358310341835022 -0.04935571551322937 -0.019792504608631134 -0.026368388906121254 0.03148360922932625 -0.05172824487090111 0.02015046216547489 0.028664682060480118 0.08320219814777374 -0.04649915173649788 0.007126528304070234 0.0010260101462534128 0.03144144797328753 0.01953291895623945 0.06049577555472798 0.06227852561035807 0.1336354452235705 0.18651938780538002 0.6381851415279151 0.5656121351824255 -0.83270705 0.24940099 -0.33627534 -0.33025837 0.35213506 0.15562077 0.018488124 -0.27478135 -0.5857004 -1.4276657 0.29843575 -0.65325856 -0.48751414 0.16165423 -0.09574055 -0.04172463 -0.34464458 -0.579265
0 400 0.0666835829615593 -0.011696921661496162 0.055372241884469986 0.05120629817247391 0.1579146534204483 -0.0024559481535106897 0.048183511942625046 -0.004562555346637964 -0.000674723123665899 0.0012846180470660329 0.03135646507143974 -0.018208125606179237 -0.008464743383228779 -0.03527968376874924 -0.04252215474843979 -0.047096990048885345 0.15159818530082703 0.018051717430353165 -0.025033026933670044 -0.04512430727481842 -0.025152314454317093 -0.02836655266582966 -0.1486779898405075 0.021551499143242836 -0.08064302057027817 -0.08839976042509079 0.044042348861694336 -0.03820347040891647 -0.06058622896671295 0.028126705437898636 0.11400905251502991 -0.23399871587753296 0.04611384496092796 -0.01472492516040802 -0.17207612097263336 -0.07658828049898148 -0.03533266857266426 -0.07875537127256393 -0.010779939591884613 -0.09342770278453827 0.11496265232563019 0.08335801959037781 -0.10657146573066711 0.03657370060682297 0.06793995946645737 0.005519661586731672 0.046402331441640854 -0.023136794567108154 0.015306827612221241 -0.05091587454080582 -0.03120834194123745 0.0031607700511813164 -0.22592251002788544 0.007286362815648317 -0.02795998565852642 0.041857603937387466 0.05613561347126961 -0.048257600516080856 0.08520379662513733 0.03338654339313507 0.15781959891319275 -0.09408195316791534 0.02149895951151848 0.05564898997545242 0.11714258790016174 0.08756081014871597 0.016617270186543465 0.002712683519348502 -0.01384555920958519 0.18109160661697388 0.0384090393781662 -0.01957046613097191 -0.050743237137794495 0.03999660536646843 0.02303292602300644 -0.0033048640470951796 0.006076551973819733 0.017160482704639435 -0.02716010995209217 0.01326405443251133 0.00044568447628989816 -0.06160074844956398 -0.07767407596111298 -0.0707639530301094 -0.041802871972322464 -0.05758166313171387 -0.023091252893209457 -0.03076311945915222 0.036730874329805374 -0.06034961715340614 0.023508870974183083 0.03344212844967842 0.09706922620534897 -0.054249007254838943 0.0083142826333642 0.00026338794967978367 0.04657797311617415 0.03923148821393421 0.0381908890318399 0.11954154551398284 0.13367807069801668 0.316731005068537 0.8168794421462516 0.7890232509841383 -0.5520562 0.1519181 -0.38317746 -0.13571596 0.53659093 0.32571828 0.21077676 -0.043001473 -0.65889865 -1.2458236 0.09068138 -0.6344456 -0.22777173 0.43979725 0.07499833 0.20431799 0.013939418 -0.76107186
1 400 0.0666835829615593 -0.011696921661496162 0.055372241884469986 0.05120629817247391 0.1579146534204483 -0.0024559481535106897 0.048183511942625046 -0.004562555346637964 -0.000674723123665899 0.0012846180470660329 0.03135646507143974 -0.018208125606179237 -0.008464743383228779 -0.03527968376874924 -0.04252215474843979 -0.047096990048885345 0.15159818530082703 0.018051717430353165 -0.025033026933670044 -0.04512430727481842 -0.025152314454317093 -0.02836655266582966 -0.1486779898405075 0.021551499143242836 -0.08064302057027817 -0.08839976042509079 0.044042348861694336 -0.03820347040891647 -0.06058622896671295 0.028126705437898636 0.11400905251502991 -0.23399871587753296 0.04611384496092796 -0.01472492516040802 -0.17207612097263336 -0.07658828049898148 -0.03533266857266426 -0.07875537127256393 -0.010779939591884613 -0.09342770278453827 0.11496265232563019 0.08335801959037781 -0.10657146573066711 0.03657370060682297 0.06793995946645737 0.005519661586731672 0.046402331441640854 -0.023136794567108154 0.015306827612221241 -0.05091587454080582 -0.03120834194123745 0.0031607700511813164 -0.22592251002788544 0.007286362815648317 -0.02795998565852642 0.041857603937387466 0.05613561347126961 -0.048257600516080856 0.08520379662513733 0.03338654339313507 0.15781959891319275 -0.09408195316791534 0.02149895951151848 0.05564898997545242 0.11714258790016174 0.08756081014871597 0.016617270186543465 0.002712683519348502 -0.01384555920958519 0.18109160661697388 0.0384090393781662 -0.01957046613097191 -0.050743237137794495 0.03999660536646843 0.02303292602300644 -0.0033048640470951796 0.006076551973819733 0.017160482704639435 -0.02716010995209217 0.01326405443251133 0.00044568447628989816 -0.06160074844956398 -0.07767407596111298 -0.0707639530301094 -0.041802871972322464 -0.05758166313171387 -0.023091252893209457 -0.03076311945915222 0.036730874329805374 -0.06034961715340614 0.023508870974183083 0.03344212844967842 0.09706922620534897 -0.054249007254838943 0.0083142826333642 0.0003524364016208977 0.01592961374162529 0.032579314861770875 0.037002540692257654 0.06666952781240294 0.2400062715261839 0.4630786669909675 0.877163675983716 0.8605650796014374 -0.58654743 -0.011050954 -0.47666192 -0.31487423 0.17691721 0.19520332 -0.21047755 -0.08263947 -0.58089244 -1.2427075 -0.0028494522 -0.66607946 -0.38852188 -0.12070041 -0.059929572 -0.27479133 -0.040453695 -0.66276276
2 400 0.0666835829615593 -0.011696921661496162 0.055372241884469986 0.05120629817247391 0.1579146534204483 -0.0024559481535106897 0.048183511942625046 -0.004562555346637964 -0.000674723123665899 0.0012846180470660329 0.03135646507143974 -0.018208125606179237 -0.008464743383228779 -0.03527968376874924 -0.04252215474843979 -0.047096990048885345 0.15159818530082703 0.018051717430353165 -0.025033026933670044 -0.04512430727481842 -0.025152314454317093 -0.02836655266582966 -0.1486779898405075 0.021551499143242836 -0.08064302057027817 -0.08839976042509079 0.044042348861694336 -0.03820347040891647 -0.06058622896671295 0.028126705437898636 0.11400905251502991 -0.23399871587753296 0.04611384496092796 -0.01472492516040802 -0.17207612097263336 -0.07658828049898148 -0.03533266857266426 -0.07875537127256393 -0.010779939591884613 -0.09342770278453827 0.11496265232563019 0.08335801959037781 -0.10657146573066711 0.03657370060682297 0.06793995946645737 0.005519661586731672 0.046402331441640854 -0.023136794567108154 0.015306827612221241 -0.05091587454080582 -0.03120834194123745 0.0031607700511813164 -0.22592251002788544 0.007286362815648317 -0.02795998565852642 0.041857603937387466 0.05613561347126961 -0.048257600516080856 0.08520379662513733 0.03338654339313507 0.15781959891319275 -0.09408195316791534 0.02149895951151848 0.05564898997545242 0.11714258790016174 0.08756081014871597 0.016617270186543465 0.002712683519348502 -0.01384555920958519 0.18109160661697388 0.0384090393781662 -0.01957046613097191 -0.050743237137794495 0.03999660536646843 0.02303292602300644 -0.0033048640470951796 0.006076551973819733 0.017160482704639435 -0.02716010995209217 0.01326405443251133 0.00044568447628989816 -0.06160074844956398 -0.07767407596111298 -0.0707639530301094 -0.041802871972322464 -0.05758166313171387 -0.023091252893209457 -0.03076311945915222 0.036730874329805374 -0.06034961715340614 0.023508870974183083 0.03344212844967842 0.09706922620534897 -0.054249007254838943 0.0083142826333642 0.00037166520985881893 0.023513251722588047 0.010289695208444596 0.03055979861197167 0.033225437439720874 0.10056528266195087 0.13689133626156427 0.5252564086749689 0.5928737052853814 -0.8463314 0.11829592 -0.309265 -0.4164343 0.29097295 0.16978516 -0.02274032 -0.28409114 -0.6663341 -1.552614 0.054238908 -0.7085922 -0.6667331 -0.068138115 -0.18593752 -0.16365597 -0.48364317 -0.741364
0 400 0.07620981335639954 -0.013367910869419575 0.0632825642824173 0.058521486818790436 0.18047389388084412 -0.0028067980892956257 0.055066872388124466 -0.005214349366724491 -0.0007711121579632163 0.0014681349275633693 0.03583596274256706 -0.020809287205338478 -0.009673993103206158 -0.040319640189409256 -0.04859675094485283 -0.05382513627409935 0.1732550710439682 0.02063053473830223 -0.028609175235033035 -0.05157063528895378 -0.02874550223350525 -0.03241891786456108 -0.16991770267486572 0.024630285799503326 -0.09216345846652985 -0.10102830082178116 0.05033411458134651 -0.04366111382842064 -0.06924140453338623 0.032144807279109955 0.13029606640338898 -0.26742711663246155 0.05270154029130936 -0.016828486695885658 -0.1966584175825119 -0.08752946555614471 -0.040380191057920456 -0.09000614285469055 -0.012319931760430336 -0.10677452385425568 0.1313858926296234 0.09526631236076355 -0.12179596722126007 0.04179851710796356 0.0776456668972969 0.0063081844709813595 0.05303123593330383 -0.02644205093383789 0.017493518069386482 -0.058189570903778076 -0.035666678100824356 0.003612308530136943 -0.258197158575058 0.008327271789312363 -0.03195426985621452 0.0478372648358345 0.06415499001741409 -0.055151548236608505 0.0973757728934288 0.03815605118870735 0.18036526441574097 -0.10752224177122116 0.024570239707827568 0.06359884887933731 0.1338772475719452 0.10006950050592422 0.018991166725754738 0.0031002096366137266 -0.015823496505618095 0.20696185529232025 0.04389604553580284 -0.022366246208548546 -0.057992275804281235 0.04571041092276573 0.02632334642112255 -0.0037769877817481756 0.006944631226360798 0.019611980766057968 -0.031040126457810402 0.015158920548856258 0.0005093537038192153 -0.07040085643529892 -0.08877037465572357 -0.08087309449911118 -0.04777471348643303 -0.06580761820077896 -0.02639000490307808 -0.03515785187482834 0.0419781468808651 -0.06897099316120148 0.026867283508181572 0.038219574838876724 0.11093626171350479 -0.061998870223760605 0.009502037428319454 0.0001389719199364312 0.02569138505951247 0.026480408948088018 0.02393400399989592 0.07632390726789678 0.11372565968709977 0.2630085584457158 0.6666075705889867 0.7740191099568409 -0.53737473 0.14117278 -0.3837316 -0.18540643 0.44273937 0.3402102 0.16183136 -0.06114471 -0.6599243 -1.3112316 0.024502762 -0.6911803 -0.34257963 0.1932691 -0.007725768 0.046869658 -0.22382095 -0.79655176
1 400 0.07620981335639954 -0.013367910869419575 0.0632825642824173 0.058521486818790436 0.18047389388084412 -0.0028067980892956257 0.055066872388124466 -0.005214349366724491 -0.0007711121579632163 0.0014681349275633693 0.03583596274256706 -0.020809287205338478 -0.009673993103206158 -0.040319640189409256 -0.04859675094485283 -0.05382513627409935 0.1732550710439682 0.02063053473830223 -0.028609175235033035 -0.05157063528895378 -0.02874550223350525 -0.03241891786456108 -0.16991770267486572 0.024630285799503326 -0.09216345846652985 -0.10102830082178116 0.05033411458134651 -0.04366111382842064 -0.06924140453338623 0.032144807279109955 0.13029606640338898 -0.26742711663246155 0.05270154029130936 -0.016828486695885658 -0.1966584175825119 -0.08752946555614471 -0.040380191057920456 -0.09000614285469055 -0.012319931760430336 -0.10677452385425568 0.1313858926296234 0.09526631236076355 -0.12179596722126007 0.04179851710796356 0.0776456668972969 0.0063081844709813595 0.05303123593330383 -0.02644205093383789 0.017493518069386482 -0.058189570903778076 -0.035666678100824356 0.003612308530136943 -0.258197158575058 0.008327271789312363 -0.03195426985621452 0.0478372648358345 0.06415499001741409 -0.055151548236608505 0.0973757728934288 0.03815605118870735 0.18036526441574097 -0.10752224177122116 0.024570239707827568 0.06359884887933731 0.1338772475719452 0.10006950050592422 0.018991166725754738 0.0031002096366137266 -0.015823496505618095 0.20696185529232025 0.04389604553580284 -0.022366246208548546 -0.057992275804281235 0.04571041092276573 0.02632334642112255 -0.0037769877817481756 0.006944631226360798 0.019611980766057968 -0.031040126457810402 0.015158920548856258 0.0005093537038192153 -0.07040085643529892 -0.08877037465572357 -0.08087309449911118 -0.04777471348643303 -0.06580761820077896 -0.02639000490307808 -0.03515785187482834 0.0419781468808651 -0.06897099316120148 0.026867283508181572 0.038219574838876724 0.11093626171350479 -0.061998870223760605 0.009502037428319454 0.00020516881145547235 0.010852036189129716 0.02133225179094517 0.024783249146511165 0.03802483616055392 0.1782660097115207 0.3971442154891872 0.8281158825578777 0.8528730240439664 -0.5772083 0.05772008 -0.4916798 -0.37758845 0.108152375 0.2507773 -0.26848948 -0.10409789 -0.59816927 -1.3224947 -0.02846273 -0.77415705 -0.52890843 -0.36155906 -0.09141686 -0.43673936 -0.18849689 -0.7054238
2 400 0.07620981335639954 -0.013367910869419575 0.0632825642824173 0.058521486818790436 0.18047389388084412 -0.0028067980892956257 0.055066872388124466 -0.005214349366724491 -0.0007711121579632163 0.0014681349275633693 0.03583596274256706 -0.020809287205338478 -0.009673993103206158 -0.040319640189409256 -0.04859675094485283 -0.05382513627409935 0.1732550710439682 0.02063053473830223 -0.028609175235033035 -0.05157063528895378 -0.02874550223350525 -0.03241891786456108 -0.16991770267486572 0.024630285799503326 -0.09216345846652985 -0.10102830082178116 0.05033411458134651 -0.04366111382842064 -0.06924140453338623 0.032144807279109955 0.13029606640338898 -0.26742711663246155 0.05270154029130936 -0.016828486695885658 -0.1966584175825119 -0.08752946555614471 -0.040380191057920456 -0.09000614285469055 -0.012319931760430336 -0.10677452385425568 0.1313858926296234 0.09526631236076355 -0.12179596722126007 0.04179851710796356 0.0776456668972969 0.0063081844709813595 0.05303123593330383 -0.02644205093383789 0.017493518069386482 -0.058189570903778076 -0.035666678100824356 0.003612308530136943 -0.258197158575058 0.008327271789312363 -0.03195426985621452 0.0478372648358345 0.06415499001741409 -0.055151548236608505 0.0973757728934288 0.03815605118870735 0.18036526441574097 -0.10752224177122116 0.024570239707827568 0.06359884887933731 0.1338772475719452 0.10006950050592422 0.018991166725754738 0.0031002096366137266 -0.015823496505618095 0.20696185529232025 0.04389604553580284 -0.022366246208548546 -0.057992275804281235 0.04571041092276573 0.02632334642112255 -0.0037769877817481756 0.006944631226360798 0.019611980766057968 -0.031040126457810402 0.015158920548856258 0.0005093537038192153 -0.07040085643529892 -0.08877037465572357 -0.08087309449911118 -0.04777471348643303 -0.06580761820077896 -0.02639000490307808 -0.03515785187482834 0.0419781468808651 -0.06897099316120148 0.026867283508181572 0.038219574838876724 0.11093626171350479 -0.061998870223760605 0.009502037428319454 0.00012617753117025532 0.018142620943770085 0.004735813767823435 0.015150410055825757 0.017743029567609765 0.07208203048577361 0.10836749305919567 0.3987750298405952 0.5297074200612902 -0.8860893 -0.06530076 -0.33842447 -0.5024179 0.19825043 0.17696486 -0.09579775 -0.30502295 -0.6839651 -1.7073112 -0.25894493 -0.82953626 -0.84571666 -0.33956867 -0.28454334 -0.3560002 -0.6363249 -0.83512574
0 400 0.08573603630065918 -0.015038899146020412 0.07119288295507431 0.06583666801452637 0.20303311944007874 -0.0031576475594192743 0.06195022910833359 -0.005866142455488443 -0.0008675011340528727 0.0016516518080607057 0.040315452963113785 -0.02341044694185257 -0.010883240960538387 -0.045359592884778976 -0.05467133969068527 -0.06055327504873276 0.19491195678710938 0.023209350183606148 -0.03218531981110573 -0.05801696330308914 -0.032338690012693405 -0.036471281200647354 -0.19115741550922394 0.027709070593118668 -0.10368388146162033 -0.11365683376789093 0.05662587657570839 -0.04911874979734421 -0.07789658010005951 0.036162905395030975 0.14658306539058685 -0.30085548758506775 0.05928922817111015 -0.018932046368718147 -0.22124071419239044 -0.09847064316272736 -0.04542771354317665 -0.10125690698623657 -0.01385992206633091 -0.12012133002281189 0.14780911803245544 0.1071745976805687 -0.13702045381069183 0.04702332988381386 0.08735137432813644 0.007096707355231047 0.05966014042496681 -0.029747307300567627 0.01968020759522915 -0.06546326726675034 -0.04012501239776611 0.004063847009092569 -0.29047179222106934 0.00936818029731512 -0.03594855219125748 0.05381691828370094 0.07217436283826828 -0.06204548850655556 0.10954773426055908 0.042925555258989334 0.202910915017128 -0.12096251547336578 0.027641519904136658 0.0715487003326416 0.15061189234256744 0.11257818341255188 0.021365061402320862 0.003487735753878951 -0.017801433801651 0.23283207416534424 0.049383051693439484 -0.025162026286125183 -0.06524130702018738 0.05142420902848244 0.029613763093948364 -0.004249110817909241 0.007812709547579288 0.022063476964831352 -0.034920141100883484 0.017053784802556038 0.0005730228731408715 -0.07920096069574356 -0.09986666589975357 -0.09098222106695175 -0.053746547549963 -0.07403356581926346 -0.029688753187656403 -0.03955258056521416 0.04722541198134422 -0.07759236544370651 0.030225692316889763 0.04299702122807503 0.12480328977108002 -0.06974872201681137 0.010689792223274708 9.922537347839488e-05 0.01263719491912878 0.01812371963516114 0.014440121397846761 0.035669160049952936 0.09736225446596658 0.21814886795756985 0.5089256344152457 0.748382897951341 -0.48611265 0.1667489 -0.3680911 -0.2605027 0.38173014 0.3211614 0.09430553 -0.08093935 -0.68292457 -1.3051203 0.001338996 -0.7208173 -0.51701826 -0.06816401 -0.13340056 -0.14064386 -0.427044 -0.84177864
1 400 0.08573603630065918 -0.015038899146020412 0.07119288295507431 0.06583666801452637 0.20303311944007874 -0.0031576475594192743 0.06195022910833359 -0.005866142455488443 -0.0008675011340528727 0.0016516518080607057 0.040315452963113785 -0.02341044694185257 -0.010883240960538387 -0.045359592884778976 -0.05467133969068527 -0.06055327504873276 0.19491195678710938 0.023209350183606148 -0.03218531981110573 -0.05801696330308914 -0.032338690012693405 -0.036471281200647354 -0.19115741550922394 0.027709070593118668 -0.10368388146162033 -0.11365683376789093 0.05662587657570839 -0.04911874979734421 -0.07789658010005951 0.036162905395030975 0.14658306539058685 -0.30085548758506775 0.05928922817111015 -0.018932046368718147 -0.22124071419239044 -0.09847064316272736 -0.04542771354317665 -0.10125690698623657 -0.01385992206633091 -0.12012133002281189 0.14780911803245544 0.1071745976805687 -0.13702045381069183 0.04702332988381386 0.08735137432813644 0.007096707355231047 0.05966014042496681 -0.029747307300567627 0.01968020759522915 -0.06546326726675034 -0.04012501239776611 0.004063847009092569 -0.29047179222106934 0.00936818029731512 -0.03594855219125748 0.05381691828370094 0.07217436283826828 -0.06204548850655556 0.10954773426055908 0.042925555258989334 0.202910915017128 -0.12096251547336578 0.027641519904136658 0.0715487003326416 0.15061189234256744 0.11257818341255188 0.021365061402320862 0.003487735753878951 -0.017801433801651 0.23283207416534424 0.049383051693439484 -0.025162026286125183 -0.06524130702018738 0.05142420902848244 0.029613763093948364 -0.004249110817909241 0.007812709547579288 0.022063476964831352 -0.034920141100883484 0.017053784802556038 0.0005730228731408715 -0.07920096069574356 -0.09986666589975357 -0.09098222106695175 -0.053746547549963 -0.07403356581926346 -0.029688753187656403 -0.03955258056521416 0.04722541198134422 -0.07759236544370651 0.030225692316889763 0.04299702122807503 0.12480328977108002 -0.06974872201681137 0.010689792223274708 0.00014651843789310206 0.007272740993052743 0.014869382404231385 0.01805601895308923 0.021539207348887274 0.12164465340312071 0.3350497062216873 0.7499604339165049 0.8400303953201641 -0.5313834 0.089175805 -0.5036423 -0.43785506 0.026895031 0.27801365 -0.32791424 -0.12649329 -0.64138323 -1.3337569 -0.08847069 -0.88224274 -0.67176 -0.6175195 -0.16866434 -0.60073125 -0.3499531 -0.79350686
2 400 0.08573603630065918 -0.015038899146020412 0.07119288295507431 0.06583666801452637 0.20303311944007874 -0.0031576475594192743 0.06195022910833359 -0.005866142455488443 -0.0008675011340528727 0.0016516518080607057 0.040315452963113785 -0.02341044694185257 -0.010883240960538387 -0.045359592884778976 -0.05467133969068527 -0.06055327504873276 0.19491195678710938 0.023209350183606148 -0.03218531981110573 -0.05801696330308914 -0.032338690012693405 -0.036471281200647354 -0.19115741550922394 0.027709070593118668 -0.10368388146162033 -0.11365683376789093 0.05662587657570839 -0.04911874979734421 -0.07789658010005951 0.036162905395030975 0.14658306539058685 -0.30085548758506775 0.05928922817111015 -0.018932046368718147 -0.22124071419239044 -0.09847064316272736 -0.04542771354317665 -0.10125690698623657 -0.01385992206633091 -0.12012133002281189 0.14780911803245544 0.1071745976805687 -0.13702045381069183 0.04702332988381386 0.08735137432813644 0.007096707355231047 0.05966014042496681 -0.029747307300567627 0.01968020759522915 -0.06546326726675034 -0.04012501239776611 0.004063847009092569 -0.29047179222106934 0.00936818029731512 -0.03594855219125748 0.05381691828370094 0.07217436283826828 -0.06204548850655556 0.10954773426055908 0.042925555258989334 0.202910915017128 -0.12096251547336578 0.027641519904136658 0.0715487003326416 0.15061189234256744 0.11257818341255188 0.021365061402320862 0.003487735753878951 -0.017801433801651 0.23283207416534424 0.049383051693439484 -0.025162026286125183 -0.06524130702018738 0.05142420902848244 0.029613763093948364 -0.004249110817909241 0.007812709547579288 0.022063476964831352 -0.034920141100883484 0.017053784802556038 0.0005730228731408715 -0.07920096069574356 -0.09986666589975357 -0.09098222106695175 -0.053746547549963 -0.07403356581926346 -0.029688753187656403 -0.03955258056521416 0.04722541198134422 -0.07759236544370651 0.030225692316889763 0.04299702122807503 0.12480328977108002 -0.06974872201681137 0.010689792223274708 6.689445185647456e-05 0.01259824719119699 0.00205773669560945 0.007180097229752922 0.00951679357709371 0.05245395691773775 0.08165534736400444 0.28370161704288677 0.4289469088837681 -0.8936867 -0.18422434 -0.39136487 -0.6114569 0.090755 0.15310843 -0.17697482 -0.3415297 -0.7094936 -1.79902 -0.51876754 -0.9940793 -1.0867468 -0.6294573 -0.4166473 -0.55919546 -0.8080681 -1.0119121
0 400 0.09526226669549942 -0.016709888353943825 0.07910320162773132 0.0731518566608429 0.22559235990047455 -0.0035084974952042103 0.06883358955383301 -0.00651793647557497 -0.0009638901683501899 0.001835168688558042 0.044794950634241104 -0.02601160854101181 -0.012092490680515766 -0.050399549305438995 -0.06074593588709831 -0.06728141754865646 0.21656884253025055 0.025788167491555214 -0.03576146811246872 -0.0644632950425148 -0.03593187779188156 -0.040523648262023926 -0.21239712834358215 0.030787857249379158 -0.11520431935787201 -0.1262853741645813 0.06291764229536057 -0.054576389491558075 -0.08655175566673279 0.040181007236242294 0.16287007927894592 -0.33428388833999634 0.06587692350149155 -0.021035607904195786 -0.24582302570343018 -0.1094118282198906 -0.050475239753723145 -0.11250767856836319 -0.015399914234876633 -0.1334681510925293 0.16423235833644867 0.11908289045095444 -0.1522449553012848 0.05224814638495445 0.09705708175897598 0.007885230705142021 0.06628904491662979 -0.03305256366729736 0.021866897121071815 -0.0727369636297226 -0.04458334669470787 0.0045153857208788395 -0.3227464556694031 0.010409089736640453 -0.03994283825159073 0.05979657918214798 0.08019373565912247 -0.06893943250179291 0.12171971052885056 0.047695063054561615 0.2254565805196762 -0.134402796626091 0.030712800100445747 0.07949855923652649 0.1673465520143509 0.12508687376976013 0.023738957941532135 0.003875262103974819 -0.019779371097683907 0.2587023079395294 0.054870057851076126 -0.02795780822634697 -0.07249034196138382 0.05713801085948944 0.03290418162941933 -0.004721234552562237 0.008680788800120354 0.024514975026249886 -0.038800157606601715 0.018948649987578392 0.0006366921006701887 -0.0880010724067688 -0.11096296459436417 -0.10109136253595352 -0.05971838906407356 -0.08225952088832855 -0.032987505197525024 -0.043947312980890274 0.05247268080711365 -0.08621373772621155 0.0335841029882431 0.04777446761727333 0.13867032527923584 -0.07749858498573303 0.011877547018229961 6.954438714654014e-05 0.006420265216046196 0.011594011117237131 0.008899329861559039 0.02135824085216565 0.08039450793118484 0.1765208882641477 0.39999919891517854 0.6025870502955267 -0.45434874 0.20976357 -0.34973776 -0.3444873 0.26109558 0.31268167 0.024663448 -0.10482241 -0.7167758 -1.3366663 -0.0012391284 -0.75997055 -0.71671206 -0.369288 -0.23409447 -0.33430037 -0.58907396 -1.051365
1 400 0.09526226669549942 -0.016709888353943825 0.07910320162773132 0.0731518566608429 0.22559235990047455 -0.0035084974952042103 0.06883358955383301 -0.00651793647557497 -0.0009638901683501899 0.001835168688558042 0.044794950634241104 -0.02601160854101181 -0.012092490680515766 -0.050399549305438995 -0.06074593588709831 -0.06728141754865646 0.21656884253025055 0.025788167491555214 -0.03576146811246872 -0.0644632950425148 -0.03593187779188156 -0.040523648262023926 -0.21239712834358215 0.030787857249379158 -0.11520431935787201 -0.1262853741645813 0.06291764229536057 -0.054576389491558075 -0.08655175566673279 0.040181007236242294 0.16287007927894592 -0.33428388833999634 0.06587692350149155 -0.021035607904195786 -0.24582302570343018 -0.1094118282198906 -0.050475239753723145 -0.11250767856836319 -0.015399914234876633 -0.1334681510925293 0.16423235833644867 0.11908289045095444 -0.1522449553012848 0.05224814638495445 0.09705708175897598 0.007885230705142021 0.06628904491662979 -0.03305256366729736 0.021866897121071815 -0.0727369636297226 -0.04458334669470787 0.0045153857208788395 -0.3227464556694031 0.010409089736640453 -0.03994283825159073 0.05979657918214798 0.08019373565912247 -0.06893943250179291 0.12171971052885056 0.047695063054561615 0.2254565805196762 -0.134402796626091 0.030712800100445747 0.07949855923652649 0.1673465520143509 0.12508687376976013 0.023738957941532135 0.003875262103974819 -0.019779371097683907 0.2587023079395294 0.054870057851076126 -0.02795780822634697 -0.07249034196138382 0.05713801085948944 0.03290418162941933 -0.004721234552562237 0.008680788800120354 0.024514975026249886 -0.038800157606601715 0.018948649987578392 0.0006366921006701887 -0.0880010724067688 -0.11096296459436417 -0.10109136253595352 -0.05971838906407356 -0.08225952088832855 -0.032987505197525024 -0.043947312980890274 0.05247268080711365 -0.08621373772621155 0.0335841029882431 0.04777446761727333 0.13867032527923584 -0.07749858498573303 0.011877547018229961 8.95686543298091e-05 0.0046861017569663896 0.010175103507799241 0.012416672816332578 0.012179145462048282 0.08349658512968704 0.27812770361613415 0.6450222089009997 0.7642909567235213 -0.5301453 0.11177041 -0.52898574 -0.48918098 -0.08828871 0.24528812 -0.38609368 -0.17840837 -0.7053925 -1.4183345 -0.15697202 -1.0052774 -0.8131886 -0.91741633 -0.32034972 -0.7630731 -0.5517418 -1.0014848
2 400 0.09526226669549942 -0.016709888353943825 0.07910320162773132 0.0731518566608429 0.22559235990047455 -0.0035084974952042103 0.06883358955383301 -0.00651793647557497 -0.0009638901683501899 0.001835168688558042 0.044794950634241104 -0.02601160854101181 -0.012092490680515766 -0.050399549305438995 -0.06074593588709831 -0.06728141754865646 0.21656884253025055 0.025788167491555214 -0.03576146811246872 -0.0644632950425148 -0.03593187779188156 -0.040523648262023926 -0.21239712834358215 0.030787857249379158 -0.11520431935787201 -0.1262853741645813 0.06291764229536057 -0.054576389491558075 -0.08655175566673279 0.040181007236242294 0.16287007927894592 -0.33428388833999634 0.06587692350149155 -0.021035607904195786 -0.24582302570343018 -0.1094118282198906 -0.050475239753723145 -0.11250767856836319 -0.015399914234876633 -0.1334681510925293 0.16423235833644867 0.11908289045095444 -0.1522449553012848 0.05224814638495445 0.09705708175897598 0.007885230705142021 0.06628904491662979 -0.03305256366729736 0.021866897121071815 -0.0727369636297226 -0.04458334669470787 0.0045153857208788395 -0.3227464556694031 0.010409089736640453 -0.03994283825159073 0.05979657918214798 0.08019373565912247 -0.06893943250179291 0.12171971052885056 0.047695063054561615 0.2254565805196762 -0.134402796626091 0.030712800100445747 0.07949855923652649 0.1673465520143509 0.12508687376976013 0.023738957941532135 0.003875262103974819 -0.019779371097683907 0.2587023079395294 0.054870057851076126 -0.02795780822634697 -0.07249034196138382 0.05713801085948944 0.03290418162941933 -0.004721234552562237 0.008680788800120354 0.024514975026249886 -0.038800157606601715 0.018948649987578392 0.0006366921006701887 -0.0880010724067688 -0.11096296459436417 -0.10109136253595352 -0.05971838906407356 -0.08225952088832855 -0.032987505197525024 -0.043947312980890274 0.05247268080711365 -0.08621373772621155 0.0335841029882431 0.04777446761727333 0.13867032527923584 -0.07749858498573303 0.011877547018229961 3.675786709891621e-05 0.006119230692737513 0.0010705757317653686 0.003377554128428074 0.005069102253142316 0.037970532512152586 0.06021831274716936 0.17823855616325843 0.3345064135001916 -0.8968254 -0.18645683 -0.44747353 -0.72866946 -0.01767908 0.12913384 -0.26353228 -0.3827774 -0.73514867 -1.8984345 -0.6113279 -1.1640358 -1.3644817 -0.9212225 -0.54838705 -0.77311647 -1.0015262 -1.1890228
0 400 0.13304682075977325 0.12905454635620117 0.12642017006874084 0.022342201322317123 0.11084326356649399 -0.08886756747961044 -0.11043526232242584 0.10603564232587814 -0.029381703585386276 -0.14014673233032227 0.06976219266653061 0.01570594310760498 0.12905754148960114 0.14245769381523132 -0.0020317554008215666 -0.10392138361930847 0.0401071272790432 0.007321667857468128 -0.1347685158252716 0.10906610637903214 0.11084479838609695 0.02374125085771084 0.13992655277252197 0.07320613414049149 -0.0554090179502964 0.028240513056516647 0.03732262924313545 -0.006124952342361212 0.11495570838451385 -0.05237513408064842 -0.10099029541015625 0.020279299467802048 -0.01200105994939804 0.005284496117383242 -0.012466022744774818 -0.06759587675333023 0.12849394977092743 -0.028847884386777878 0.2248104363679886 -0.03727731853723526 0.02287619188427925 0.0867062583565712 0.18868671357631683 -0.031164543703198433 0.0974636971950531 0.04593779519200325 -0.29724958539009094 -0.0796935111284256 0.15237151086330414 0.11730873584747314 0.17267878353595734 -0.05608144775032997 0.05344970151782036 -0.04836772009730339 0.049551915377378464 -0.025302663445472717 0.08127951622009277 0.3112798035144806 0.023309901356697083 0.09329184144735336 0.13810200989246368 -0.018695998936891556 0.09529204666614532 0.15030619502067566 -0.07819924503564835 0.09915640205144882 0.14401917159557343 0.12238328903913498 0.16129539906978607 0.08047650009393692 0.048117745667696 -0.056458692997694016 0.18237514793872833 0.1494254767894745 0.13170526921749115 -0.025253525003790855 0.0076921782456338406 -0.1171705424785614 0.023614149540662766 0.039972010999917984 -0.051481522619724274 0.05741739645600319 0.06892655789852142 0.03188861906528473 -0.043616849929094315 0.006208463571965694 0.01641085557639599 0.10851607471704483 -0.03991309553384781 -0.10510406643152237 0.14719009399414062 0.10949268192052841 0.06688738614320755 0.0659627765417099 0.0601407028734684 0.9983221873153713 0.9988003480457589 0.9993232448274952 0.9998322210851137 0.9997377949156604 0.9998853080404888 0.999920654833382 0.999962863614569 0.9999793760268267 -1.3526374 -1.3695898 -1.3337191 -1.0062463 -1.3117778 -1.3650237 -1.7536719 -1.9360833 -2.0709393 -1.6256768 -1.8185679 -1.7482646 -1.3028839 -1.5563838 -1.7606536 -2.3098783 -2.5583026 -2.6964002
1 400 0.13304682075977325 0.12905454635620117 0.12642017006874084 0.022342201322317123 0.11084326356649399 -0.08886756747961044 -0.11043526232242584 0.10603564232587814 -0.029381703585386276 -0.14014673233032227 0.06976219266653061 0.01570594310760498 0.12905754148960114 0.14245769381523132 -0.0020317554008215666 -0.10392138361930847 0.0401071272790432 0.007321667857468128 -0.1347685158252716 0.10906610637903214 0.11084479838609695 0.02374125085771084 0.13992655277252197 0.07320613414049149 -0.0554090179502964 0.028240513056516647 0.03732262924313545 -0.006124952342361212 0.11495570838451385 -0.05237513408064842 -0.10099029541015625 0.020279299467802048 -0.01200105994939804 0.005284496117383242 -0.012466022744774818 -0.06759587675333023 0.12849394977092743 -0.028847884386777878 0.2248104363679886 -0.03727731853723526 0.02287619188427925 0.0867062583565712 0.18868671357631683 -0.031164543703198433 0.0974636971950531 0.04593779519200325 -0.29724958539009094 -0.0796935111284256 0.15237151086330414 0.11730873584747314 0.17267878353595734 -0.05608144775032997 0.05344970151782036 -0.04836772009730339 0.049551915377378464 -0.025302663445472717 0.08127951622009277 0.3112798035144806 0.023309901356697083 0.09329184144735336 0.13810200989246368 -0.018695998936891556 0.09529204666614532 0.15030619502067566 -0.07819924503564835 0.09915640205144882 0.14401917159557343 0.12238328903913498 0.16129539906978607 0.08047650009393692 0.048117745667696 -0.056458692997694016 0.18237514793872833 0.1494254767894745 0.13170526921749115 -0.025253525003790855 0.0076921782456338406 -0.1171705424785614 0.023614149540662766 0.039972010999917984 -0.051481522619724274 0.05741739645600319 0.06892655789852142 0.03188861906528473 -0.043616849929094315 0.006208463571965694 0.01641085557639599 0.10851607471704483 -0.03991309553384781 -0.10510406643152237 0.14719009399414062 0.10949268192052841 0.06688738614320755 0.0659627765417099 0.0601407028734684 0.997944130446865 0.9970253326540983 0.9992183102748452 0.9997383869847671 0.9997362833885769 0.9999030087932921 0.9999081260408614 0.9999566886459742 0.999980141612111 -1.3998673 -1.5193961 -1.4449878 -1.1482611 -1.326293 -1.5978942 -1.745193 -2.0154305 -2.1341684 -1.5541795 -1.8874289 -1.7378169 -1.3032719 -1.4230198 -1.9241151 -2.10347 -2.502673 -2.6174781
2 400 0.13304682075977325 0.12905454635620117 0.12642017006874084 0.022342201322317123 0.11084326356649399 -0.08886756747961044 -0.11043526232242584 0.10603564232587814 -0.029381703585386276 -0.14014673233032227 0.06976219266653061 0.01570594310760498 0.12905754148960114 0.14245769381523132 -0.0020317554008215666 -0.10392138361930847 0.0401071272790432 0.007321667857468128 -0.1347685158252716 0.10906610637903214 0.11084479838609695 0.02374125085771084 0.13992655277252197 0.07320613414049149 -0.0554090179502964 0.028240513056516647 0.03732262924313545 -0.006124952342361212 0.11495570838451385 -0.05237513408064842 -0.10099029541015625 0.020279299467802048 -0.01200105994939804 0.005284496117383242 -0.012466022744774818 -0.06759587675333023 0.12849394977092743 -0.028847884386777878 0.2248104363679886 -0.03727731853723526 0.02287619188427925 0.0867062583565712 0.18868671357631683 -0.031164543703198433 0.0974636971950531 0.04593779519200325 -0.29724958539009094 -0.0796935111284256 0.15237151086330414 0.11730873584747314 0.17267878353595734 -0.05608144775032997 0.05344970151782036 -0.04836772009730339 0.049551915377378464 -0.025302663445472717 0.08127951622009277 0.3112798035144806 0.023309901356697083 0.09329184144735336 0.13810200989246368 -0.018695998936891556 0.09529204666614532 0.15030619502067566 -0.07819924503564835 0.09915640205144882 0.14401917159557343 0.12238328903913498 0.16129539906978607 0.08047650009393692 0.048117745667696 -0.056458692997694016 0.18237514793872833 0.1494254767894745 0.13170526921749115 -0.025253525003790855 0.0076921782456338406 -0.1171705424785614 0.023614149540662766 0.039972010999917984 -0.051481522619724274 0.05741739645600319 0.06892655789852142 0.03188861906528473 -0.043616849929094315 0.006208463571965694 0.01641085557639599 0.10851607471704483 -0.03991309553384781 -0.10510406643152237 0.14719009399414062 0.10949268192052841 0.06688738614320755 0.0659627765417099 0.0601407028734684 0.9944422774904997 0.9938212043201229 0.9979409586485486 0.9988939882459958 0.9983431932720326 0.999595499022723 0.9995071834128451 0.9996277005490238 0.9998250866456992 -0.90516186 -0.96676326 -0.86249566 -0.59457076 -0.9242414 -0.9293318 -1.3342291 -1.392942 -1.5148253 -1.007381 -1.2281617 -1.0484873 -0.6693662 -0.9655224 -1.1666213 -1.704447 -1.7500079 -1.879926
0 400 0.11974213272333145 0.11614909023046494 0.11377815157175064 0.02010798081755638 0.09975893795490265 -0.07998080551624298 -0.09939173609018326 0.09543207287788391 -0.02644353173673153 -0.1261320561170578 0.06278596818447113 0.014135348610579967 0.11615178734064102 0.12821191549301147 -0.0018285798141732812 -0.09352923929691315 0.03609641268849373 0.0065895006991922855 -0.12129165977239609 0.09815949201583862 0.09976031631231308 0.02136712521314621 0.12593390047550201 0.0658855214715004 -0.04986811429262161 0.025416461750864983 0.03359036520123482 -0.005512456875294447 0.10346013307571411 -0.04713761806488037 -0.0908912643790245 0.018251368775963783 -0.010800953954458237 0.004756046459078789 -0.011219420470297337 -0.06083628907799721 0.11564455181360245 -0.02596309594810009 0.2023293823003769 -0.033549584448337555 0.020588573068380356 0.0780356302857399 0.16981804370880127 -0.028048088774085045 0.08771732449531555 0.041344013065099716 -0.2675246298313141 -0.07172416150569916 0.1371343582868576 0.10557785630226135 0.15541090071201324 -0.050473302602767944 0.04810472950339317 -0.04353094846010208 0.04459672421216965 -0.022772395983338356 0.07315156608819962 0.2801518142223358 0.020978910848498344 0.08396265655755997 0.1242918074131012 -0.01682639867067337 0.08576283603906631 0.13527557253837585 -0.07037931680679321 0.08924075961112976 0.12961724400520325 0.1101449579000473 0.14516586065292358 0.07242884486913681 0.04330597072839737 -0.050812821835279465 0.16413763165473938 0.13448292016983032 0.11853473633527756 -0.022728171199560165 0.00692296028137207 -0.1054534837603569 0.02125273458659649 0.035974808037281036 -0.04633336886763573 0.05167565494775772 0.06203389912843704 0.028699755668640137 -0.03925516456365585 0.005587616935372353 0.01476976927369833 0.09766446799039841 -0.03592178598046303 -0.09459365904331207 0.13247108459472656 0.09854341298341751 0.060198646038770676 0.05936649814248085 0.05412663146853447 0.9951717767220346 0.9973391038560893 0.9982320227992426 0.9995622259679346 0.9994248575635171 0.9997063663727338 0.9998243948137266 0.9999112419670462 0.999952672608645 -1.3068129 -1.2415489 -1.2291439 -0.915424 -1.1772268 -1.260582 -1.6458956 -1.8254427 -1.9579381 -1.5189289 -1.6188053 -1.5929453 -1.1386358 -1.3655517 -1.5996174 -2.1486273 -2.3872917 -2.5189073
1 400 0.11974213272333145 0.11614909023046494 0.11377815157175064 0.02010798081755638 0.09975893795490265 -0.07998080551624298 -0.09939173609018326 0.09543207287788391 -0.02644353173673153 -0.1261320561170578 0.06278596818447113 0.014135348610579967 0.11615178734064102 0.12821191549301147 -0.0018285798141732812 -0.09352923929691315 0.03609641268849373 0.0065895006991922855 -0.12129165977239609 0.09815949201583862 0.09976031631231308 0.02136712521314621 0.12593390047550201 0.0658855214715004 -0.04986811429262161 0.025416461750864983 0.03359036520123482 -0.005512456875294447 0.10346013307571411 -0.04713761806488037 -0.0908912643790245 0.018251368775963783 -0.010800953954458237 0.004756046459078789 -0.011219420470297337 -0.06083628907799721 0.11564455181360245 -0.02596309594810009 0.2023293823003769 -0.033549584448337555 0.020588573068380356 0.0780356302857399 0.16981804370880127 -0.028048088774085045 0.08771732449531555 0.041344013065099716 -0.2675246298313141 -0.07172416150569916 0.1371343582868576 0.10557785630226135 0.15541090071201324 -0.050473302602767944 0.04810472950339317 -0.04353094846010208 0.04459672421216965 -0.022772395983338356 0.07315156608819962 0.2801518142223358 0.020978910848498344 0.08396265655755997 0.1242918074131012 -0.01682639867067337 0.08576283603906631 0.13527557253837585 -0.07037931680679321 0.08924075961112976 0.12961724400520325 0.1101449579000473 0.14516586065292358 0.07242884486913681 0.04330597072839737 -0.050812821835279465 0.16413763165473938 0.13448292016983032 0.11853473633527756 -0.022728171199560165 0.00692296028137207 -0.1054534837603569 0.02125273458659649 0.035974808037281036 -0.04633336886763573 0.05167565494775772 0.06203389912843704 0.028699755668640137 -0.03925516456365585 0.005587616935372353 0.01476976927369833 0.09766446799039841 -0.03592178598046303 -0.09459365904331207 0.13247108459472656 0.09854341298341751 0.060198646038770676 0.05936649814248085 0.05412663146853447 0.9941905538383031 0.9929755105941842 0.998066455880506 0.9993408739489978 0.9993957546758432 0.9997416329636013 0.9998023132806824 0.9999218601387514 0.9999623139170855 -1.2857713 -1.35254 -1.298765 -1.0423359 -1.186799 -1.4915842 -1.6178694 -1.8585051 -2.0188243 -1.4031254 -1.6463213 -1.5357026 -1.1358249 -1.2253648 -1.7585332 -1.9200851 -2.299122 -2.4565105
2 400 0.11974213272333145 0.11614909023046494 0.11377815157175064 0.02010798081755638 0.09975893795490265 -0.07998080551624298 -0.09939173609018326 0.09543207287788391 -0.02644353173673153 -0.1261320561170578 0.06278596818447113 0.014135348610579967 0.11615178734064102 0.12821191549301147 -0.0018285798141732812 -0.09352923929691315 0.03609641268849373 0.0065895006991922855 -0.12129165977239609 0.09815949201583862 0.09976031631231308 0.02136712521314621 0.12593390047550201 0.0658855214715004 -0.04986811429262161 0.025416461750864983 0.03359036520123482 -0.005512456875294447 0.10346013307571411 -0.04713761806488037 -0.0908912643790245 0.018251368775963783 -0.010800953954458237 0.004756046459078789 -0.011219420470297337 -0.06083628907799721 0.11564455181360245 -0.02596309594810009 0.2023293823003769 -0.033549584448337555 0.020588573068380356 0.0780356302857399 0.16981804370880127 -0.028048088774085045 0.08771732449531555 0.041344013065099716 -0.2675246298313141 -0.07172416150569916 0.1371343582868576 0.10557785630226135 0.15541090071201324 -0.050473302602767944 0.04810472950339317 -0.04353094846010208 0.04459672421216965 -0.022772395983338356 0.07315156608819962 0.2801518142223358 0.020978910848498344 0.08396265655755997 0.1242918074131012 -0.01682639867067337 0.08576283603906631 0.13527557253837585 -0.07037931680679321 0.08924075961112976 0.12961724400520325 0.1101449579000473 0.14516586065292358 0.07242884486913681 0.04330597072839737 -0.050812821835279465 0.16413763165473938 0.13448292016983032 0.11853473633527756 -0.022728171199560165 0.00692296028137207 -0.1054534837603569 0.02125273458659649 0.035974808037281036 -0.04633336886763573 0.05167565494775772 0.06203389912843704 0.028699755668640137 -0.03925516456365585 0.005587616935372353 0.01476976927369833 0.09766446799039841 -0.03592178598046303 -0.09459365904331207 0.13247108459472656 0.09854341298341751 0.060198646038770676 0.05936649814248085 0.05412663146853447 0.9864645278044988 0.9846285263100041 0.9949501818975055 0.9969468038370254 0.9956402867876266 0.9989317349661326 0.9989094896489287 0.999002077363881 0.9996254251366246 -0.85132164 -0.83965164 -0.75449765 -0.5093263 -0.82166624 -0.8242588 -1.2271183 -1.2769561 -1.378421 -0.89810425 -1.0118217 -0.8808302 -0.50174767 -0.7807539 -1.0036496 -1.5434128 -1.5759639 -1.6803198
0 400 0.10643745958805084 0.1032436415553093 0.10113614052534103 0.01787376217544079 0.08867461234331131 -0.07109405845403671 -0.08834820985794067 0.08482851833105087 -0.02350536361336708 -0.11211738735437393 0.05580975487828255 0.01256475504487753 0.10324603319168091 0.11396615952253342 -0.0016254043439403176 -0.08313710987567902 0.03208570182323456 0.0058573344722390175 -0.10781481117010117 0.08725288510322571 0.0886758416891098 0.01899300143122673 0.11194124072790146 0.05856490880250931 -0.04432721436023712 0.022592410445213318 0.029858103021979332 -0.004899961873888969 0.09196456521749496 -0.04190010949969292 -0.08079224079847336 0.016223439946770668 -0.009600847959518433 0.004227596800774336 -0.009972818195819855 -0.054076701402664185 0.10279516130685806 -0.023078307509422302 0.17984835803508759 -0.029821855947375298 0.01830095425248146 0.0693650096654892 0.1509493738412857 -0.024931635707616806 0.0779709592461586 0.03675023838877678 -0.23779967427253723 -0.06375481188297272 0.12189721316099167 0.09384699165821075 0.13814303278923035 -0.04486515745520592 0.04275976121425629 -0.03869417682290077 0.03964153304696083 -0.020242130383849144 0.06502361595630646 0.24902383983135223 0.018647922202944756 0.07463347166776657 0.1104816123843193 -0.01495679933577776 0.0762336403131485 0.12024495750665665 -0.06255939602851868 0.0793251246213913 0.11521533876657486 0.09790663421154022 0.1290363222360611 0.0643812045454979 0.03849419578909874 -0.04516695439815521 0.14590011537075043 0.11954038590192795 0.10536421835422516 -0.020202821120619774 0.006153742782771587 -0.093736432492733 0.018891319632530212 0.03197760879993439 -0.04118521884083748 0.04593391716480255 0.05514124780893326 0.025510895997285843 -0.03489347919821739 0.004966770764440298 0.01312868483364582 0.08681286126375198 -0.03193047642707825 -0.08408325165510178 0.1177520751953125 0.08759414404630661 0.0535099096596241 0.0527702234685421 0.04811256378889084 0.9861139414748312 0.9932933419087494 0.995366166496713 0.9988258244427526 0.9986248995508232 0.9992444907306289 0.9996092666941178 0.999787666687997 0.9998911716025899 -1.2611568 -1.1290933 -1.1234436 -0.82768035 -1.0539608 -1.1554445 -1.5375613 -1.7147536 -1.8442744 -1.41218 -1.4139096 -1.4362056 -0.97285235 -1.1758215 -1.4374341 -1.9865178 -2.2161322 -2.3406506
1 400 0.10643745958805084 0.1032436415553093 0.10113614052534103 0.01787376217544079 0.08867461234331131 -0.07109405845403671 -0.08834820985794067 0.08482851833105087 -0.02350536361336708 -0.11211738735437393 0.05580975487828255 0.01256475504487753 0.10324603319168091 0.11396615952253342 -0.0016254043439403176 -0.08313710987567902 0.03208570182323456 0.0058573344722390175 -0.10781481117010117 0.08725288510322571 0.0886758416891098 0.01899300143122673 0.11194124072790146 0.05856490880250931 -0.04432721436023712 0.022592410445213318 0.029858103021979332 -0.004899961873888969 0.09196456521749496 -0.04190010949969292 -0.08079224079847336 0.016223439946770668 -0.009600847959518433 0.004227596800774336 -0.009972818195819855 -0.054076701402664185 0.10279516130685806 -0.023078307509422302 0.17984835803508759 -0.029821855947375298 0.01830095425248146 0.0693650096654892 0.1509493738412857 -0.024931635707616806 0.0779709592461586 0.03675023838877678 -0.23779967427253723 -0.06375481188297272 0.12189721316099167 0.09384699165821075 0.13814303278923035 -0.04486515745520592 0.04275976121425629 -0.03869417682290077 0.03964153304696083 -0.020242130383849144 0.06502361595630646 0.24902383983135223 0.018647922202944756 0.07463347166776657 0.1104816123843193 -0.01495679933577776 0.0762336403131485 0.12024495750665665 -0.06255939602851868 0.0793251246213913 0.11521533876657486 0.09790663421154022 0.1290363222360611 0.0643812045454979 0.03849419578909874 -0.04516695439815521 0.14590011537075043 0.11954038590192795 0.10536421835422516 -0.020202821120619774 0.006153742782771587 -0.093736432492733 0.018891319632530212 0.03197760879993439 -0.04118521884083748 0.04593391716480255 0.05514124780893326 0.025510895997285843 -0.03489347919821739 0.004966770764440298 0.01312868483364582 0.08681286126375198 -0.03193047642707825 -0.08408325165510178 0.1177520751953125 0.08759414404630661 0.0535099096596241 0.0527702234685421 0.04811256378889084 0.9835951441250519 0.9810896609404882 0.9952456390003793 0.9981986641663977 0.9985539890027649 0.9993109087477475 0.9995749029244707 0.9998595638243981 0.9999311656156663 -1.1716403 -1.2099088 -1.1491429 -0.9555539 -1.0569353 -1.3844814 -1.4899197 -1.7005742 -1.8817453 -1.2519311 -1.4214008 -1.325531 -0.9861563 -1.037576 -1.5920442 -1.7361894 -2.0945146 -2.2721958
2 400 0.10643745958805084 0.1032436415553093 0.10113614052534103 0.01787376217544079 0.08867461234331131 -0.07109405845403671 -0.08834820985794067 0.08482851833105087 -0.02350536361336708 -0.11211738735437393 0.05580975487828255 0.01256475504487753 0.10324603319168091 0.11396615952253342 -0.0016254043439403176 -0.08313710987567902 0.03208570182323456 0.0058573344722390175 -0.10781481117010117 0.08725288510322571 0.0886758416891098 0.01899300143122673 0.11194124072790146 0.05856490880250931 -0.04432721436023712 0.022592410445213318 0.029858103021979332 -0.004899961873888969 0.09196456521749496 -0.04190010949969292 -0.08079224079847336 0.016223439946770668 -0.009600847959518433 0.004227596800774336 -0.009972818195819855 -0.054076701402664185 0.10279516130685806 -0.023078307509422302 0.17984835803508759 -0.029821855947375298 0.01830095425248146 0.0693650096654892 0.1509493738412857 -0.024931635707616806 0.0779709592461586 0.03675023838877678 -0.23779967427253723 -0.06375481188297272 0.12189721316099167 0.09384699165821075 0.13814303278923035 -0.04486515745520592 0.04275976121425629 -0.03869417682290077 0.03964153304696083 -0.020242130383849144 0.06502361595630646 0.24902383983135223 0.018647922202944756 0.07463347166776657 0.1104816123843193 -0.01495679933577776 0.0762336403131485 0.12024495750665665 -0.06255939602851868 0.0793251246213913 0.11521533876657486 0.09790663421154022 0.1290363222360611 0.0643812045454979 0.03849419578909874 -0.04516695439815521 0.14590011537075043 0.11954038590192795 0.10536421835422516 -0.020202821120619774 0.006153742782771587 -0.093736432492733 0.018891319632530212 0.03197760879993439 -0.04118521884083748 0.04593391716480255 0.05514124780893326 0.025510895997285843 -0.03489347919821739 0.004966770764440298 0.01312868483364582 0.08681286126375198 -0.03193047642707825 -0.08408325165510178 0.1177520751953125 0.08759414404630661 0.0535099096596241 0.0527702234685421 0.04811256378889084 0.9667709711016842 0.9603452172508554 0.9876324871470139 0.9915608712873997 0.9890782344834463 0.9972563418566605 0.9975852520689643 0.9975717844813397 0.9993395386827725 -0.79645723 -0.7106725 -0.6493216 -0.42313734 -0.70389116 -0.7191536 -1.1184715 -1.150485 -1.2273412 -0.7900445 -0.79098755 -0.7148812 -0.3325387 -0.57847166 -0.84157085 -1.3803866 -1.3985775 -1.480041
0 400 0.09313277155160904 0.09033817797899246 0.08849411457777023 0.015639539808034897 0.07759028673171997 -0.06220729649066925 -0.07730468362569809 0.07422494888305664 -0.020567191764712334 -0.09810271114110947 0.04883353412151337 0.010994159616529942 0.0903402790427208 0.09972038120031357 -0.0014222287572920322 -0.07274496555328369 0.02807498909533024 0.005125167313963175 -0.09433796256780624 0.0763462707400322 0.07759135961532593 0.016618875786662102 0.0979485884308815 0.05124429240822792 -0.03878631070256233 0.019768359139561653 0.026125840842723846 -0.004287466406822205 0.08046899735927582 -0.036662593483924866 -0.07069320231676102 0.014195509254932404 -0.008400741964578629 0.003699147142469883 -0.008726215921342373 -0.04731711372733116 0.08994576334953308 -0.020193519070744514 0.1573673039674759 -0.026094121858477592 0.016013333573937416 0.0606943815946579 0.13208070397377014 -0.021815180778503418 0.06822458654642105 0.032156456261873245 -0.20807470381259918 -0.05578545853495598 0.10666005313396454 0.08211611211299896 0.12087514996528625 -0.03925701230764389 0.0374147891998291 -0.03385740518569946 0.034686341881752014 -0.017711864784359932 0.056895662099123 0.21789586544036865 0.016316929832100868 0.06530428677797318 0.09667140245437622 -0.013087199069559574 0.06670442968606949 0.10521433502435684 -0.05473947152495384 0.06940948218107224 0.10081341862678528 0.08566830307245255 0.11290677636861801 0.056333549320697784 0.03368242084980011 -0.03952108323574066 0.12766259908676147 0.10459782928228378 0.09219368547201157 -0.017677467316389084 0.005384524818509817 -0.0820193812251091 0.016529904678463936 0.02798040769994259 -0.03603706508874893 0.04019217565655708 0.04824858903884888 0.02232203260064125 -0.03053179383277893 0.0043459245935082436 0.011487598530948162 0.07596125453710556 -0.027939166873693466 -0.07357284426689148 0.10303306579589844 0.07664487510919571 0.046821169555187225 0.04617394134402275 0.04209849238395691 0.9660484333075372 0.98042593993605 0.9876102656632242 0.996860530847259 0.9965856134491876 0.9983665640946424 0.9991469950208763 0.9995047322672567 0.9997684098860609 -1.2014444 -1.0231098 -1.0371972 -0.7401783 -0.9365273 -1.070398 -1.4296185 -1.5921136 -1.7226999 -1.2974428 -1.2067308 -1.2954303 -0.8075287 -0.98492545 -1.3089224 -1.8256541 -2.0270522 -2.159414
1 400 0.09313277155160904 0.09033817797899246 0.08849411457777023 0.015639539808034897 0.07759028673171997 -0.06220729649066925 -0.07730468362569809 0.07422494888305664 -0.020567191764712334 -0.09810271114110947 0.04883353412151337 0.010994159616529942 0.0903402790427208 0.09972038120031357 -0.0014222287572920322 -0.07274496555328369 0.02807498909533024 0.005125167313963175 -0.09433796256780624 0.0763462707400322 0.07759135961532593 0.016618875786662102 0.0979485884308815 0.05124429240822792 -0.03878631070256233 0.019768359139561653 0.026125840842723846 -0.004287466406822205 0.08046899735927582 -0.036662593483924866 -0.07069320231676102 0.014195509254932404 -0.008400741964578629 0.003699147142469883 -0.008726215921342373 -0.04731711372733116 0.08994576334953308 -0.020193519070744514 0.1573673039674759 -0.026094121858477592 0.016013333573937416 0.0606943815946579 0.13208070397377014 -0.021815180778503418 0.06822458654642105 0.032156456261873245 -0.20807470381259918 -0.05578545853495598 0.10666005313396454 0.08211611211299896 0.12087514996528625 -0.03925701230764389 0.0374147891998291 -0.03385740518569946 0.034686341881752014 -0.017711864784359932 0.056895662099123 0.21789586544036865 0.016316929832100868 0.06530428677797318 0.09667140245437622 -0.013087199069559574 0.06670442968606949 0.10521433502435684 -0.05473947152495384 0.06940948218107224 0.10081341862678528 0.08566830307245255 0.11290677636861801 0.056333549320697784 0.03368242084980011 -0.03952108323574066 0.12766259908676147 0.10459782928228378 0.09219368547201157 -0.017677467316389084 0.005384524818509817 -0.0820193812251091 0.016529904678463936 0.02798040769994259 -0.03603706508874893 0.04019217565655708 0.04824858903884888 0.02232203260064125 -0.03053179383277893 0.0043459245935082436 0.011487598530948162 0.07596125453710556 -0.027939166873693466 -0.07357284426689148 0.10303306579589844 0.07664487510919571 0.046821169555187225 0.04617394134402275 0.04209849238395691 0.9545435257649061 0.9501775940798021 0.9879190369052817 0.9944310501755758 0.9962711347305865 0.9981309578947909 0.9991199629108632 0.9997146790543728 0.9998754980964335 -1.0573828 -1.0708147 -1.0234783 -0.887141 -0.94308716 -1.2818868 -1.358672 -1.5525763 -1.7400751 -1.1005665 -1.1998279 -1.1470784 -0.83309054 -0.8586375 -1.4301606 -1.5511978 -1.9064088 -2.0829291
2 400 0.09313277155160904 0.09033817797899246 0.08849411457777023 0.015639539808034897 0.07759028673171997 -0.06220729649066925 -0.07730468362569809 0.07422494888305664 -0.020567191764712334 -0.09810271114110947 0.04883353412151337 0.010994159616529942 0.0903402790427208 0.09972038120031357 -0.0014222287572920322 -0.07274496555328369 0.02807498909533024 0.005125167313963175 -0.09433796256780624 0.0763462707400322 0.07759135961532593 0.016618875786662102 0.0979485884308815 0.05124429240822792 -0.03878631070256233 0.019768359139561653 0.026125840842723846 -0.004287466406822205 0.08046899735927582 -0.036662593483924866 -0.07069320231676102 0.014195509254932404 -0.008400741964578629 0.003699147142469883 -0.008726215921342373 -0.04731711372733116 0.08994576334953308 -0.020193519070744514 0.1573673039674759 -0.026094121858477592 0.016013333573937416 0.0606943815946579 0.13208070397377014 -0.021815180778503418 0.06822458654642105 0.032156456261873245 -0.20807470381259918 -0.05578545853495598 0.10666005313396454 0.08211611211299896 0.12087514996528625 -0.03925701230764389 0.0374147891998291 -0.03385740518569946 0.034686341881752014 -0.017711864784359932 0.056895662099123 0.21789586544036865 0.016316929832100868 0.06530428677797318 0.09667140245437622 -0.013087199069559574 0.06670442968606949 0.10521433502435684 -0.05473947152495384 0.06940948218107224 0.10081341862678528 0.08566830307245255 0.11290677636861801 0.056333549320697784 0.03368242084980011 -0.03952108323574066 0.12766259908676147 0.10459782928228378 0.09219368547201157 -0.017677467316389084 0.005384524818509817 -0.0820193812251091 0.016529904678463936 0.02798040769994259 -0.03603706508874893 0.04019217565655708 0.04824858903884888 0.02232203260064125 -0.03053179383277893 0.0043459245935082436 0.011487598530948162 0.07596125453710556 -0.027939166873693466 -0.07357284426689148 0.10303306579589844 0.07664487510919571 0.046821169555187225 0.04617394134402275 0.04209849238395691 0.9224613378582494 0.905293396479752 0.9661776141733155 0.9769078692867648 0.973004214559862 0.9930930878748248 0.9949063040838196 0.9942688573261274 0.998844237950463 -0.7537862 -0.4958558 -0.5908919 -0.3373168 -0.58628666 -0.6087057 -0.9892664 -1.0168563 -1.0613298 -0.6888483 -0.4784554 -0.57092994 -0.16385266 -0.3766378 -0.67140716 -1.1858197 -1.2133659 -1.291485
0 400 0.07982809841632843 0.07743272930383682 0.07585210353136063 0.013405321165919304 0.06650596112012863 -0.053320541977882385 -0.0662611573934555 0.063621386885643 -0.017629023641347885 -0.0840880423784256 0.041857317090034485 0.009423566050827503 0.07743452489376068 0.08547461777925491 -0.0012190532870590687 -0.06235283240675926 0.024064278230071068 0.004393001087009907 -0.08086111396551132 0.06543966382741928 0.06650688499212265 0.014244751073420048 0.08395593613386154 0.04392368346452713 -0.03324541077017784 0.01694430783390999 0.02239357866346836 -0.0036749716382473707 0.06897342950105667 -0.03142508119344711 -0.06059417873620987 0.012167580425739288 -0.007200636435300112 0.0031706977169960737 -0.007479614112526178 -0.04055752605199814 0.0770963728427887 -0.017308730632066727 0.1348862648010254 -0.022366391494870186 0.013725715689361095 0.0520237572491169 0.11321203410625458 -0.01869872771203518 0.0584782212972641 0.02756267786026001 -0.17834976315498352 -0.04781610891222954 0.0914229080080986 0.07038524746894836 0.10360727459192276 -0.03364887088537216 0.032069820910692215 -0.029020633548498154 0.029731150716543198 -0.015181598253548145 0.04876771196722984 0.18676789104938507 0.01398594118654728 0.05597510561347008 0.08286120742559433 -0.011217599734663963 0.057175230234861374 0.09018371999263763 -0.046919550746679306 0.05949384346604347 0.0864115059375763 0.07342997938394547 0.09677724540233612 0.04828590154647827 0.02887064777314663 -0.03387521579861641 0.10942509025335312 0.08965528756380081 0.07902316749095917 -0.015152115374803543 0.004615307319909334 -0.0703023299574852 0.014168490655720234 0.02398320846259594 -0.030888915061950684 0.03445043787360191 0.04135593771934509 0.019133172929286957 -0.02617011032998562 0.0037250781897455454 0.009846514090895653 0.06510964781045914 -0.023947859182953835 -0.06306244432926178 0.08831405639648438 0.0656956136226654 0.04013243317604065 0.039577666670084 0.03608442470431328 0.9062182219870357 0.9432275521192907 0.9691727516345987 0.9916613240303996 0.9913857272712284 0.9967571238240889 0.9981935727670612 0.9989411818501084 0.9995356076825308 -1.140752 -0.9206543 -0.94572157 -0.6532218 -0.82562745 -0.9547148 -1.3097782 -1.4572265 -1.5951529 -1.1827859 -1.004866 -1.1461885 -0.64297616 -0.79967064 -1.1339009 -1.6464849 -1.8279495 -1.976182
1 400 0.07982809841632843 0.07743272930383682 0.07585210353136063 0.013405321165919304 0.06650596112012863 -0.053320541977882385 -0.0662611573934555 0.063621386885643 -0.017629023641347885 -0.0840880423784256 0.041857317090034485 0.009423566050827503 0.07743452489376068 0.08547461777925491 -0.0012190532870590687 -0.06235283240675926 0.024064278230071068 0.004393001087009907 -0.08086111396551132 0.06543966382741928 0.06650688499212265 0.014244751073420048 0.08395593613386154 0.04392368346452713 -0.03324541077017784 0.01694430783390999 0.02239357866346836 -0.0036749716382473707 0.06897342950105667 -0.03142508119344711 -0.06059417873620987 0.012167580425739288 -0.007200636435300112 0.0031706977169960737 -0.007479614112526178 -0.04055752605199814 0.0770963728427887 -0.017308730632066727 0.1348862648010254 -0.022366391494870186 0.013725715689361095 0.0520237572491169 0.11321203410625458 -0.01869872771203518 0.0584782212972641 0.02756267786026001 -0.17834976315498352 -0.04781610891222954 0.0914229080080986 0.07038524746894836 0.10360727459192276 -0.03364887088537216 0.032069820910692215 -0.029020633548498154 0.029731150716543198 -0.015181598253548145 0.04876771196722984 0.18676789104938507 0.01398594118654728 0.05597510561347008 0.08286120742559433 -0.011217599734663963 0.057175230234861374 0.09018371999263763 -0.046919550746679306 0.05949384346604347 0.0864115059375763 0.07342997938394547 0.09677724540233612 0.04828590154647827 0.02887064777314663 -0.03387521579861641 0.10942509025335312 0.08965528756380081 0.07902316749095917 -0.015152115374803543 0.004615307319909334 -0.0703023299574852 0.014168490655720234 0.02398320846259594 -0.030888915061950684 0.03445043787360191 0.04135593771934509 0.019133172929286957 -0.02617011032998562 0.0037250781897455454 0.009846514090895653 0.06510964781045914 -0.023947859182953835 -0.06306244432926178 0.08831405639648438 0.0656956136226654 0.04013243317604065 0.039577666670084 0.03608442470431328 0.85275517713814 0.8751948420664546 0.9674301682188945 0.9829995238666512 0.9889344270372854 0.9947351636723855 0.9983607450733714 0.999397972155138 0.9997245841088771 -0.9978041 -0.93642366 -0.93601465 -0.81915456 -0.85034317 -1.1919776 -1.2204531 -1.4143206 -1.5903758 -1.0207982 -0.9826884 -1.0065019 -0.68077046 -0.6883507 -1.2819337 -1.3659104 -1.7285233 -1.891116
2 400 0.07982809841632843 0.07743272930383682 0.07585210353136063 0.013405321165919304 0.06650596112012863 -0.053320541977882385 -0.0662611573934555 0.063621386885643 -0.017629023641347885 -0.0840880423784256 0.041857317090034485 0.009423566050827503 0.07743452489376068 0.08547461777925491 -0.0012190532870590687 -0.06235283240675926 0.024064278230071068 0.004393001087009907 -0.08086111396551132 0.06543966382741928 0.06650688499212265 0.014244751073420048 0.08395593613386154 0.04392368346452713 -0.03324541077017784 0.01694430783390999 0.02239357866346836 -0.0036749716382473707 0.06897342950105667 -0.03142508119344711 -0.06059417873620987 0.012167580425739288 -0.007200636435300112 0.0031706977169960737 -0.007479614112526178 -0.04055752605199814 0.0770963728427887 -0.017308730632066727 0.1348862648010254 -0.022366391494870186 0.013725715689361095 0.0520237572491169 0.11321203410625458 -0.01869872771203518 0.0584782212972641 0.02756267786026001 -0.17834976315498352 -0.04781610891222954 0.0914229080080986 0.07038524746894836 0.10360727459192276 -0.03364887088537216 0.032069820910692215 -0.029020633548498154 0.029731150716543198 -0.015181598253548145 0.04876771196722984 0.18676789104938507 0.01398594118654728 0.05597510561347008 0.08286120742559433 -0.011217599734663963 0.057175230234861374 0.09018371999263763 -0.046919550746679306 0.05949384346604347 0.0864115059375763 0.07342997938394547 0.09677724540233612 0.04828590154647827 0.02887064777314663 -0.03387521579861641 0.10942509025335312 0.08965528756380081 0.07902316749095917 -0.015152115374803543 0.004615307319909334 -0.0703023299574852 0.014168490655720234 0.02398320846259594 -0.030888915061950684 0.03445043787360191 0.04135593771934509 0.019133172929286957 -0.02617011032998562 0.0037250781897455454 0.009846514090895653 0.06510964781045914 -0.023947859182953835 -0.06306244432926178 0.08831405639648438 0.0656956136226654 0.04013243317604065 0.039577666670084 0.03608442470431328 0.7864863720148904 0.785028583548868 0.9104642371706824 0.9386458069956858 0.9362105929983083 0.9865526280385015 0.9904992388392411 0.9885455045962639 0.9978526043795123 -0.7987834 -0.21672238 -0.54324627 -0.25214362 -0.34663647 -0.49741733 -0.8680296 -0.8826662 -0.9504631 -0.6635257 -0.09232283 -0.43847203 0.003973581 -0.04149533 -0.49562022 -0.97570544 -1.0372529 -1.1451546
0 400 0.06652341037988663 0.06452727317810059 0.06321008503437042 0.011171100661158562 0.055421631783246994 -0.04443378373980522 -0.05521763116121292 0.05301782116293907 -0.014690851792693138 -0.07007336616516113 0.034881096333265305 0.00785297155380249 0.06452877074480057 0.07122884690761566 -0.0010158777004107833 -0.051960691809654236 0.0200535636395216 0.003660833928734064 -0.0673842579126358 0.05453305318951607 0.05542239919304848 0.01187062542885542 0.06996327638626099 0.03660306707024574 -0.0277045089751482 0.014120256528258324 0.018661314621567726 -0.003062476171180606 0.05747785419225693 -0.02618756704032421 -0.050495147705078125 0.010139649733901024 -0.00600052997469902 0.002642248058691621 -0.006233011372387409 -0.033797938376665115 0.06424697488546371 -0.014423942193388939 0.1124052181839943 -0.01863865926861763 0.011438095942139626 0.0433531291782856 0.09434335678815842 -0.015582271851599216 0.04873184859752655 0.022968897596001625 -0.14862479269504547 -0.0398467555642128 0.07618575543165207 0.05865436792373657 0.08633939176797867 -0.028040723875164986 0.02672485075891018 -0.024183860048651695 0.024775957688689232 -0.012651331722736359 0.04063975811004639 0.1556399017572403 0.011654950678348541 0.04664592072367668 0.06905100494623184 -0.009347999468445778 0.04764602333307266 0.07515309751033783 -0.03909962251782417 0.04957820102572441 0.07200958579778671 0.06119164451956749 0.08064769953489304 0.04023825004696846 0.024058872833848 -0.028229346498847008 0.09118757396936417 0.07471273839473724 0.06585263460874557 -0.012626762501895428 0.0038460891228169203 -0.0585852712392807 0.011807074770331383 0.019986005499958992 -0.025740761309862137 0.028708698228001595 0.03446327894926071 0.015944309532642365 -0.021808424964547157 0.003104231785982847 0.008205427788197994 0.054258037358522415 -0.019956547766923904 -0.052552033215761185 0.07359504699707031 0.054746340960264206 0.033443693071603775 0.03298138827085495 0.0300703514367342 0.7591868022569419 0.8297615415867858 0.928570584527851 0.9811391142281182 0.9870840990371913 0.9935473169871618 0.9963006571546179 0.9978634829715358 0.9991216441892803 -1.1165963 -0.8531143 -0.8385926 -0.57571685 -0.73617667 -0.83811057 -1.1718894 -1.3156704 -1.4659848 -1.1250935 -0.83367616 -0.9793144 -0.4900169 -0.6445468 -0.9576068 -1.4398291 -1.626117 -1.790654
1 400 0.06652341037988663 0.06452727317810059 0.06321008503437042 0.011171100661158562 0.055421631783246994 -0.04443378373980522 -0.05521763116121292 0.05301782116293907 -0.014690851792693138 -0.07007336616516113 0.034881096333265305 0.00785297155380249 0.06452877074480057 0.07122884690761566 -0.0010158777004107833 -0.051960691809654236 0.0200535636395216 0.003660833928734064 -0.0673842579126358 0.05453305318951607 0.05542239919304848 0.01187062542885542 0.06996327638626099 0.03660306707024574 -0.0277045089751482 0.014120256528258324 0.018661314621567726 -0.003062476171180606 0.05747785419225693 -0.02618756704032421 -0.050495147705078125 0.010139649733901024 -0.00600052997469902 0.002642248058691621 -0.006233011372387409 -0.033797938376665115 0.06424697488546371 -0.014423942193388939 0.1124052181839943 -0.01863865926861763 0.011438095942139626 0.0433531291782856 0.09434335678815842 -0.015582271851599216 0.04873184859752655 0.022968897596001625 -0.14862479269504547 -0.0398467555642128 0.07618575543165207 0.05865436792373657 0.08633939176797867 -0.028040723875164986 0.02672485075891018 -0.024183860048651695 0.024775957688689232 -0.012651331722736359 0.04063975811004639 0.1556399017572403 0.011654950678348541 0.04664592072367668 0.06905100494623184 -0.009347999468445778 0.04764602333307266 0.07515309751033783 -0.03909962251782417 0.04957820102572441 0.07200958579778671 0.06119164451956749 0.08064769953489304 0.04023825004696846 0.024058872833848 -0.028229346498847008 0.09118757396936417 0.07471273839473724 0.06585263460874557 -0.012626762501895428 0.0038460891228169203 -0.0585852712392807 0.011807074770331383 0.019986005499958992 -0.025740761309862137 0.028708698228001595 0.03446327894926071 0.015944309532642365 -0.021808424964547157 0.003104231785982847 0.008205427788197994 0.054258037358522415 -0.019956547766923904 -0.052552033215761185 0.07359504699707031 0.054746340960264206 0.033443693071603775 0.03298138827085495 0.0300703514367342 0.6043144767815944 0.6948119518789799 0.8985574287266938 0.9494459773637268 0.9595028915951231 0.9860753320435716 0.9967504182777783 0.998722240267188 0.9993208988667392 -0.98057896 -0.95741093 -0.8835149 -0.74728847 -0.8075376 -1.0735302 -1.0980107 -1.2947189 -1.4464626 -0.9823918 -0.9287683 -0.8821973 -0.52517 -0.5466972 -1.1032268 -1.1970522 -1.5656636 -1.7099476
2 400 0.06652341037988663 0.06452727317810059 0.06321008503437042 0.011171100661158562 0.055421631783246994 -0.04443378373980522 -0.05521763116121292 0.05301782116293907 -0.014690851792693138 -0.07007336616516113 0.034881096333265305 0.00785297155380249 0.06452877074480057 0.07122884690761566 -0.0010158777004107833 -0.051960691809654236 0.0200535636395216 0.003660833928734064 -0.0673842579126358 0.05453305318951607 0.05542239919304848 0.01187062542885542 0.06996327638626099 0.03660306707024574 -0.0277045089751482 0.014120256528258324 0.018661314621567726 -0.003062476171180606 0.05747785419225693 -0.02618756704032421 -0.050495147705078125 0.010139649733901024 -0.00600052997469902 0.002642248058691621 -0.006233011372387409 -0.033797938376665115 0.06424697488546371 -0.014423942193388939 0.1124052181839943 -0.01863865926861763 0.011438095942139626 0.0433531291782856 0.09434335678815842 -0.015582271851599216 0.04873184859752655 0.022968897596001625 -0.14862479269504547 -0.0398467555642128 0.07618575543165207 0.05865436792373657 0.08633939176797867 -0.028040723875164986 0.02672485075891018 -0.024183860048651695 0.024775957688689232 -0.012651331722736359 0.04063975811004639 0.1556399017572403 0.011654950678348541 0.04664592072367668 0.06905100494623184 -0.009347999468445778 0.04764602333307266 0.07515309751033783 -0.03909962251782417 0.04957820102572441 0.07200958579778671 0.06119164451956749 0.08064769953489304 0.04023825004696846 0.024058872833848 -0.028229346498847008 0.09118757396936417 0.07471273839473724 0.06585263460874557 -0.012626762501895428 0.0038460891228169203 -0.0585852712392807 0.011807074770331383 0.019986005499958992 -0.025740761309862137 0.028708698228001595 0.03446327894926071 0.015944309532642365 -0.021808424964547157 0.003104231785982847 0.008205427788197994 0.054258037358522415 -0.019956547766923904 -0.052552033215761185 0.07359504699707031 0.054746340960264206 0.033443693071603775 0.03298138827085495 0.0300703514367342 0.5056697761174911 0.5501041289083588 0.7879227005041851 0.8535489802638863 0.8653746794716434 0.97303438611263 0.9823623953916748 0.9828168098847533 0.9963373772225704 -0.89343953 -0.038273215 -0.4846152 -0.08908118 -0.11021404 -0.33561856 -0.7448476 -0.7939716 -0.9216353 -0.7410846 0.2010605 -0.30301887 0.25738573 0.30142325 -0.22709051 -0.765143 -0.9186902 -1.0986005
0 400 0.05321872979402542 0.05162182077765465 0.05056807026267052 0.008936881087720394 0.044337306171655655 -0.035547029227018356 -0.04417410492897034 0.042414259165525436 -0.01175268180668354 -0.056058693677186966 0.027904877439141273 0.006282377522438765 0.051623016595840454 0.05698307976126671 -0.0008127021719701588 -0.04156855493783951 0.01604285091161728 0.0029286672361195087 -0.05390740558505058 0.043626442551612854 0.0443379208445549 0.009496500715613365 0.05597062036395073 0.029282454401254654 -0.02216360718011856 0.011296205222606659 0.014929051510989666 -0.0024499809369444847 0.04598228260874748 -0.02095005474984646 -0.04039612039923668 0.008111719973385334 -0.004800423979759216 0.002113798400387168 -0.004986409097909927 -0.027038350701332092 0.05139758065342903 -0.011539153754711151 0.08992417901754379 -0.014910927973687649 0.00915047712624073 0.0346825048327446 0.07547468692064285 -0.012465817853808403 0.0389854796230793 0.01837511919438839 -0.11889983713626862 -0.03187740594148636 0.060948606580495834 0.04692349582910538 0.06907151639461517 -0.02243257872760296 0.021379880607128143 -0.019347088411450386 0.019820766523480415 -0.010121065191924572 0.03251180797815323 0.12451191991567612 0.009323961101472378 0.037316735833883286 0.05524080619215965 -0.00747839966788888 0.03811682015657425 0.06012247875332832 -0.03127969801425934 0.03966256231069565 0.05760766938328743 0.04895331710577011 0.06451816111803055 0.03219060227274895 0.01924709789454937 -0.022583477199077606 0.07295005768537521 0.059770192950963974 0.05268210917711258 -0.010101410560309887 0.0030768713913857937 -0.0468682162463665 0.009445659816265106 0.015988804399967194 -0.02059260942041874 0.022966958582401276 0.02757062390446663 0.012755447998642921 -0.017446739599108696 0.002483385382220149 0.00656434241682291 0.04340643063187599 -0.015965238213539124 -0.04204162582755089 0.05887603759765625 0.043797072023153305 0.02675495482981205 0.02638511173427105 0.02405628189444542 0.3303570015052444 0.7444469980817547 0.8319469774393508 0.9733910508928199 0.9837992036819855 0.9873479402594104 0.9924531123233152 0.995696040837864 0.9986209574317828 -1.0893818 -0.83784175 -0.74211204 -0.59713614 -0.68028617 -0.723363 -1.0342789 -1.1744165 -1.3149494 -1.0439656 -0.7287895 -0.8149401 -0.4662469 -0.52752525 -0.78472453 -1.233635 -1.4246826 -1.6031249
1 400 0.05321872979402542 0.05162182077765465 0.05056807026267052 0.008936881087720394 0.044337306171655655 -0.035547029227018356 -0.04417410492897034 0.042414259165525436 -0.01175268180668354 -0.056058693677186966 0.027904877439141273 0.006282377522438765 0.051623016595840454 0.05698307976126671 -0.0008127021719701588 -0.04156855493783951 0.01604285091161728 0.0029286672361195087 -0.05390740558505058 0.043626442551612854 0.0443379208445549 0.009496500715613365 0.05597062036395073 0.029282454401254654 -0.02216360718011856 0.011296205222606659 0.014929051510989666 -0.0024499809369444847 0.04598228260874748 -0.02095005474984646 -0.04039612039923668 0.008111719973385334 -0.004800423979759216 0.002113798400387168 -0.004986409097909927 -0.027038350701332092 0.05139758065342903 -0.011539153754711151 0.08992417901754379 -0.014910927973687649 0.00915047712624073 0.0346825048327446 0.07547468692064285 -0.012465817853808403 0.0389854796230793 0.01837511919438839 -0.11889983713626862 -0.03187740594148636 0.060948606580495834 0.04692349582910538 0.06907151639461517 -0.02243257872760296 0.021379880607128143 -0.019347088411450386 0.019820766523480415 -0.010121065191924572 0.03251180797815323 0.12451191991567612 0.009323961101472378 0.037316735833883286 0.05524080619215965 -0.00747839966788888 0.03811682015657425 0.06012247875332832 -0.03127969801425934 0.03966256231069565 0.05760766938328743 0.04895331710577011 0.06451816111803055 0.03219060227274895 0.01924709789454937 -0.022583477199077606 0.07295005768537521 0.059770192950963974 0.05268210917711258 -0.010101410560309887 0.0030768713913857937 -0.0468682162463665 0.009445659816265106 0.015988804399967194 -0.02059260942041874 0.022966958582401276 0.02757062390446663 0.012755447998642921 -0.017446739599108696 0.002483385382220149 0.00656434241682291 0.04340643063187599 -0.015965238213539124 -0.04204162582755089 0.05887603759765625 0.043797072023153305 0.02675495482981205 0.02638511173427105 0.02405628189444542 0.26459429197800555 0.38511588172932965 0.7111171996084561 0.8712485839698894 0.9259075696536142 0.9621644814833142 0.9931317909189648 0.9968904477851988 0.9982918983989137 -1.0043848 -0.9509568 -0.86003804 -0.69364345 -0.73646396 -0.93144166 -0.9976992 -1.1687583 -1.3048697 -0.9757937 -0.8388949 -0.809987 -0.41744247 -0.41842404 -0.91729325 -1.0513198 -1.3972461 -1.5316534
2 400 0.05321872979402542 0.05162182077765465 0.05056807026267052 0.008936881087720394 0.044337306171655655 -0.035547029227018356 -0.04417410492897034 0.042414259165525436 -0.01175268180668354 -0.056058693677186966 0.027904877439141273 0.006282377522438765 0.051623016595840454 0.05698307976126671 -0.0008127021719701588 -0.04156855493783951 0.01604285091161728 0.0029286672361195087 -0.05390740558505058 0.043626442551612854 0.0443379208445549 0.009496500715613365 0.05597062036395073 0.029282454401254654 -0.02216360718011856 0.011296205222606659 0.014929051510989666 -0.0024499809369444847 0.04598228260874748 -0.02095005474984646 -0.04039612039923668 0.008111719973385334 -0.004800423979759216 0.002113798400387168 -0.004986409097909927 -0.027038350701332092 0.05139758065342903 -0.011539153754711151 0.08992417901754379 -0.014910927973687649 0.00915047712624073 0.0346825048327446 0.07547468692064285 -0.012465817853808403 0.0389854796230793 0.01837511919438839 -0.11889983713626862 -0.03187740594148636 0.060948606580495834 0.04692349582910538 0.06907151639461517 -0.02243257872760296 0.021379880607128143 -0.019347088411450386 0.019820766523480415 -0.010121065191924572 0.03251180797815323 0.12451191991567612 0.009323961101472378 0.037316735833883286 0.05524080619215965 -0.00747839966788888 0.03811682015657425 0.06012247875332832 -0.03127969801425934 0.03966256231069565 0.05760766938328743 0.04895331710577011 0.06451816111803055 0.03219060227274895 0.01924709789454937 -0.022583477199077606 0.07295005768537521 0.059770192950963974 0.05268210917711258 -0.010101410560309887 0.0030768713913857937 -0.0468682162463665 0.009445659816265106 0.015988804399967194 -0.02059260942041874 0.022966958582401276 0.02757062390446663 0.012755447998642921 -0.017446739599108696 0.002483385382220149 0.00656434241682291 0.04340643063187599 -0.015965238213539124 -0.04204162582755089 0.05887603759765625 0.043797072023153305 0.02675495482981205 0.02638511173427105 0.02405628189444542 0.13588512765699506 0.3352130356611168 0.5667905614725216 0.7206407791565553 0.8356008391113434 0.9421893518165251 0.9726780055204252 0.9750947755294574 0.9935983656310906 -0.9509404 -0.1418666 -0.42857954 -0.08072843 0.056142077 -0.24289039 -0.6382234 -0.75112766 -0.91044617 -0.8597198 0.19249699 -0.16881698 0.31978884 0.5361352 -0.07071326 -0.6126966 -0.8530981 -1.072149
0 400 0.039914049208164215 0.03871636465191841 0.03792605176568031 0.006702660582959652 0.033252980560064316 -0.026660270988941193 -0.03313057869672775 0.0318106934428215 -0.008814511820673943 -0.0420440211892128 0.020928658545017242 0.004711783025413752 0.03871726244688034 0.04273730888962746 -0.0006095266435295343 -0.03117641620337963 0.012032139115035534 0.0021965005435049534 -0.04043055698275566 0.03271983191370964 0.033253442496061325 0.007122375536710024 0.04197796806693077 0.021961841732263565 -0.01662270538508892 0.008472153916954994 0.01119678933173418 -0.0018374858191236854 0.034486714750528336 -0.015712540596723557 -0.030297089368104935 0.006083790212869644 -0.003600318217650056 0.0015853488584980369 -0.003739807056263089 -0.02027876302599907 0.03854818642139435 -0.008654365316033363 0.0674431324005127 -0.011183195747435093 0.006862857844680548 0.02601187862455845 0.05660601705312729 -0.00934936385601759 0.02923911064863205 0.013781338930130005 -0.08917488157749176 -0.02390805445611477 0.0457114540040493 0.03519262373447418 0.05180363729596138 -0.01682443544268608 0.016034910455346107 -0.014510316774249077 0.014865575358271599 -0.007590799126774073 0.02438385598361492 0.09338394552469254 0.00699297059327364 0.02798755280673504 0.041430603712797165 -0.005608799867331982 0.028587615117430687 0.04509185999631882 -0.023459775373339653 0.029746921733021736 0.04320575296878815 0.03671498969197273 0.04838862270116806 0.024142950773239136 0.014435323886573315 -0.016937607899308205 0.05471254512667656 0.044827643781900406 0.039511583745479584 -0.0075760576874017715 0.002307653659954667 -0.0351511649787426 0.007084245327860117 0.01199160423129797 -0.015444457530975342 0.017225218936800957 0.020677968859672546 0.009566586464643478 -0.01308505516499281 0.0018625390948727727 0.004923257045447826 0.03255482390522957 -0.011973929591476917 -0.03153122216463089 0.04415702819824219 0.0328478068113327 0.020066216588020325 0.019788833335042 0.01804221235215664 0.15134213132441757 0.44343825815613785 0.6537925324035625 0.8773325563973843 0.9437475920300088 0.9757832978200943 0.9855571360244016 0.9913960598085234 0.9978827749494048 -1.0312006 -0.8493334 -0.7230536 -0.6338122 -0.49058568 -0.6114537 -0.9079188 -1.0291429 -1.1757678 -0.9641829 -0.68517417 -0.7455063 -0.4795777 -0.28725904 -0.6149235 -1.0272768 -1.219629 -1.4331572
1 400 0.039914049208164215 0.03871636465191841 0.03792605176568031 0.006702660582959652 0.033252980560064316 -0.026660270988941193 -0.03313057869672775 0.0318106934428215 -0.008814511820673943 -0.0420440211892128 0.020928658545017242 0.004711783025413752 0.03871726244688034 0.04273730888962746 -0.0006095266435295343 -0.03117641620337963 0.012032139115035534 0.0021965005435049534 -0.04043055698275566 0.03271983191370964 0.033253442496061325 0.007122375536710024 0.04197796806693077 0.021961841732263565 -0.01662270538508892 0.008472153916954994 0.01119678933173418 -0.0018374858191236854 0.034486714750528336 -0.015712540596723557 -0.030297089368104935 0.006083790212869644 -0.003600318217650056 0.0015853488584980369 -0.003739807056263089 -0.02027876302599907 0.03854818642139435 -0.008654365316033363 0.0674431324005127 -0.011183195747435093 0.006862857844680548 0.02601187862455845 0.05660601705312729 -0.00934936385601759 0.02923911064863205 0.013781338930130005 -0.08917488157749176 -0.02390805445611477 0.0457114540040493 0.03519262373447418 0.05180363729596138 -0.01682443544268608 0.016034910455346107 -0.014510316774249077 0.014865575358271599 -0.007590799126774073 0.02438385598361492 0.09338394552469254 0.00699297059327364 0.02798755280673504 0.041430603712797165 -0.005608799867331982 0.028587615117430687 0.04509185999631882 -0.023459775373339653 0.029746921733021736 0.04320575296878815 0.03671498969197273 0.04838862270116806 0.024142950773239136 0.014435323886573315 -0.016937607899308205 0.05471254512667656 0.044827643781900406 0.039511583745479584 -0.0075760576874017715 0.002307653659954667 -0.0351511649787426 0.007084245327860117 0.01199160423129797 -0.015444457530975342 0.017225218936800957 0.020677968859672546 0.009566586464643478 -0.01308505516499281 0.0018625390948727727 0.004923257045447826 0.03255482390522957 -0.011973929591476917 -0.03153122216463089 0.04415702819824219 0.0328478068113327 0.020066216588020325 0.019788833335042 0.01804221235215664 0.12754215138952787 0.2145195037235667 0.5143949473986812 0.7352493028160667 0.8036602307493561 0.9240616713308979 0.9834268683894057 0.9923260139506962 0.9962447572678554 -0.9414394 -0.86499006 -0.8306612 -0.66495 -0.6153707 -0.8052507 -0.9026688 -1.0419769 -1.1795708 -0.89708656 -0.75573665 -0.74956924 -0.37224343 -0.27844524 -0.74852145 -0.9124685 -1.2282794 -1.3525159
2 400 0.039914049208164215 0.03871636465191841 0.03792605176568031 0.006702660582959652 0.033252980560064316 -0.026660270988941193 -0.03313057869672775 0.0318106934428215 -0.008814511820673943 -0.0420440211892128 0.020928658545017242 0.004711783025413752 0.03871726244688034 0.04273730888962746 -0.0006095266435295343 -0.03117641620337963 0.012032139115035534 0.0021965005435049534 -0.04043055698275566 0.03271983191370964 0.033253442496061325 0.007122375536710024 0.04197796806693077 0.021961841732263565 -0.01662270538508892 0.008472153916954994 0.01119678933173418 -0.0018374858191236854 0.034486714750528336 -0.015712540596723557 -0.030297089368104935 0.006083790212869644 -0.003600318217650056 0.0015853488584980369 -0.003739807056263089 -0.02027876302599907 0.03854818642139435 -0.008654365316033363 0.0674431324005127 -0.011183195747435093 0.006862857844680548 0.02601187862455845 0.05660601705312729 -0.00934936385601759 0.02923911064863205 0.013781338930130005 -0.08917488157749176 -0.02390805445611477 0.0457114540040493 0.03519262373447418 0.05180363729596138 -0.01682443544268608 0.016034910455346107 -0.014510316774249077 0.014865575358271599 -0.007590799126774073 0.02438385598361492 0.09338394552469254 0.00699297059327364 0.02798755280673504 0.041430603712797165 -0.005608799867331982 0.028587615117430687 0.04509185999631882 -0.023459775373339653 0.029746921733021736 0.04320575296878815 0.03671498969197273 0.04838862270116806 0.024142950773239136 0.014435323886573315 -0.016937607899308205 0.05471254512667656 0.044827643781900406 0.039511583745479584 -0.0075760576874017715 0.002307653659954667 -0.0351511649787426 0.007084245327860117 0.01199160423129797 -0.015444457530975342 0.017225218936800957 0.020677968859672546 0.009566586464643478 -0.01308505516499281 0.0018625390948727727 0.004923257045447826 0.03255482390522957 -0.011973929591476917 -0.03153122216463089 0.04415702819824219 0.0328478068113327 0.020066216588020325 0.019788833335042 0.01804221235215664 0.054524135255813275 0.14381621058104738 0.31607179418932746 0.5836640732096039 0.7500387040381444 0.9109934862998874 0.9584156805000766 0.9646172413661136 0.9891321830821733 -0.9971506 -0.4338355 -0.5547922 -0.24078363 0.0121552795 -0.23160656 -0.560205 -0.72240937 -0.9383894 -0.9595571 -0.19085026 -0.23949698 0.1318421 0.48953232 -0.04737001 -0.5108698 -0.8002539 -1.0777423
0 400 0.02660936489701271 0.025810910388827324 0.02528403513133526 0.004468440543860197 0.022168653085827827 -0.017773514613509178 -0.02208705246448517 0.021207129582762718 -0.00587634090334177 -0.028029346838593483 0.013952438719570637 0.0031411887612193823 0.025811508297920227 0.028491539880633354 -0.0004063510859850794 -0.020784277468919754 0.00802142545580864 0.0014643336180597544 -0.02695370279252529 0.021813221275806427 0.02216896042227745 0.004748250357806683 0.027985310181975365 0.014641227200627327 -0.01108180359005928 0.0056481026113033295 0.007464525755494833 -0.0012249904684722424 0.02299114130437374 -0.01047502737492323 -0.02019806019961834 0.004055859986692667 -0.002400211989879608 0.001056899200193584 -0.0024932045489549637 -0.013519175350666046 0.025698790326714516 -0.0057695768773555756 0.044962089508771896 -0.007455463986843824 0.004575238563120365 0.0173412524163723 0.037737343460321426 -0.0062329089269042015 0.01949273981153965 0.009187559597194195 -0.05944991856813431 -0.01593870297074318 0.030474303290247917 0.02346174791455269 0.03453575819730759 -0.01121628936380148 0.010689940303564072 -0.009673544205725193 0.009910383261740208 -0.005060532595962286 0.016255903989076614 0.06225595995783806 0.004661980550736189 0.018658367916941643 0.027620403096079826 -0.00373919983394444 0.019058410078287125 0.03006123937666416 -0.01563984900712967 0.019831281155347824 0.028803834691643715 0.024476658552885056 0.032259080559015274 0.016095301136374474 0.009623548947274685 -0.011291738599538803 0.03647502884268761 0.029885096475481987 0.02634105458855629 -0.0050507052801549435 0.0015384356956928968 -0.02343410812318325 0.004722829908132553 0.007994402199983597 -0.01029630471020937 0.011483479291200638 0.013785311952233315 0.006377723999321461 -0.008723369799554348 0.0012416926911100745 0.003282171208411455 0.021703215315937996 -0.007982619106769562 -0.021020812913775444 0.029438018798828125 0.021898536011576653 0.013377477414906025 0.013192555867135525 0.01202814094722271 0.07879739468178305 0.19299107584496494 0.39963890278011416 0.6055365693432949 0.8461278003430387 0.9531714939290108 0.9734738164737068 0.987523901881729 0.9972006298786916 -0.98711276 -0.8522265 -0.7287773 -0.5764048 -0.35701668 -0.47800124 -0.79458815 -0.92817724 -1.1090498 -0.9644764 -0.70333165 -0.714266 -0.35389003 -0.09885096 -0.38100448 -0.8283995 -1.0483494 -1.3330628
1 400 0.02660936489701271 0.025810910388827324 0.02528403513133526 0.004468440543860197 0.022168653085827827 -0.017773514613509178 -0.02208705246448517 0.021207129582762718 -0.00587634090334177 -0.028029346838593483 0.013952438719570637 0.0031411887612193823 0.025811508297920227 0.028491539880633354 -0.0004063510859850794 -0.020784277468919754 0.00802142545580864 0.0014643336180597544 -0.02695370279252529 0.021813221275806427 0.02216896042227745 0.004748250357806683 0.027985310181975365 0.014641227200627327 -0.01108180359005928 0.0056481026113033295 0.007464525755494833 -0.0012249904684722424 0.02299114130437374 -0.01047502737492323 -0.02019806019961834 0.004055859986692667 -0.002400211989879608 0.001056899200193584 -0.0024932045489549637 -0.013519175350666046 0.025698790326714516 -0.0057695768773555756 0.044962089508771896 -0.007455463986843824 0.004575238563120365 0.0173412524163723 0.037737343460321426 -0.0062329089269042015 0.01949273981153965 0.009187559597194195 -0.05944991856813431 -0.01593870297074318 0.030474303290247917 0.02346174791455269 0.03453575819730759 -0.01121628936380148 0.010689940303564072 -0.009673544205725193 0.009910383261740208 -0.005060532595962286 0.016255903989076614 0.06225595995783806 0.004661980550736189 0.018658367916941643 0.027620403096079826 -0.00373919983394444 0.019058410078287125 0.03006123937666416 -0.01563984900712967 0.019831281155347824 0.028803834691643715 0.024476658552885056 0.032259080559015274 0.016095301136374474 0.009623548947274685 -0.011291738599538803 0.03647502884268761 0.029885096475481987 0.02634105458855629 -0.0050507052801549435 0.0015384356956928968 -0.02343410812318325 0.004722829908132553 0.007994402199983597 -0.01029630471020937 0.011483479291200638 0.013785311952233315 0.006377723999321461 -0.008723369799554348 0.0012416926911100745 0.003282171208411455 0.021703215315937996 -0.007982619106769562 -0.021020812913775444 0.029438018798828125 0.021898536011576653 0.013377477414906025 0.013192555867135525 0.01202814094722271 0.06628445506716939 0.1431747592660535 0.24661133894842058 0.47948394165306857 0.6417966555621502 0.8740300882429776 0.9589843790539447 0.9832027961553629 0.9927585687753714 -0.9493023 -0.85716575 -0.83673257 -0.6572486 -0.43282598 -0.7009637 -0.8267889 -0.94251513 -1.120577 -0.9435677 -0.7881748 -0.7312278 -0.3908762 -0.08150321 -0.6045651 -0.7882859 -1.0736897 -1.2349275
2 400 0.02660936489701271 0.025810910388827324 0.02528403513133526 0.004468440543860197 0.022168653085827827 -0.017773514613509178 -0.02208705246448517 0.021207129582762718 -0.00587634090334177 -0.028029346838593483 0.013952438719570637 0.0031411887612193823 0.025811508297920227 0.028491539880633354 -0.0004063510859850794 -0.020784277468919754 0.00802142545580864 0.0014643336180597544 -0.02695370279252529 0.021813221275806427 0.02216896042227745 0.004748250357806683 0.027985310181975365 0.014641227200627327 -0.01108180359005928 0.0056481026113033295 0.007464525755494833 -0.0012249904684722424 0.02299114130437374 -0.01047502737492323 -0.02019806019961834 0.004055859986692667 -0.002400211989879608 0.001056899200193584 -0.0024932045489549637 -0.013519175350666046 0.025698790326714516 -0.0057695768773555756 0.044962089508771896 -0.007455463986843824 0.004575238563120365 0.0173412524163723 0.037737343460321426 -0.0062329089269042015 0.01949273981153965 0.009187559597194195 -0.05944991856813431 -0.01593870297074318 0.030474303290247917 0.02346174791455269 0.03453575819730759 -0.01121628936380148 0.010689940303564072 -0.009673544205725193 0.009910383261740208 -0.005060532595962286 0.016255903989076614 0.06225595995783806 0.004661980550736189 0.018658367916941643 0.027620403096079826 -0.00373919983394444 0.019058410078287125 0.03006123937666416 -0.01563984900712967 0.019831281155347824 0.028803834691643715 0.024476658552885056 0.032259080559015274 0.016095301136374474 0.009623548947274685 -0.011291738599538803 0.03647502884268761 0.029885096475481987 0.02634105458855629 -0.0050507052801549435 0.0015384356956928968 -0.02343410812318325 0.004722829908132553 0.007994402199983597 -0.01029630471020937 0.011483479291200638 0.013785311952233315 0.006377723999321461 -0.008723369799554348 0.0012416926911100745 0.003282171208411455 0.021703215315937996 -0.007982619106769562 -0.021020812913775444 0.029438018798828125 0.021898536011576653 0.013377477414906025 0.013192555867135525 0.01202814094722271 0.028890064918448033 0.08324965966179032 0.14336675671843674 0.38858615984028916 0.5550430021283046 0.8331970286332738 0.9318115468039847 0.9542584345294598 0.9852527746603995 -1.0326117 -0.7326207 -0.68278414 -0.3626275 -0.10609908 -0.32585913 -0.6253748 -0.7371087 -0.990451 -1.071023 -0.6072236 -0.5020927 -0.025783587 0.36765897 -0.13104928 -0.5535502 -0.7937467 -1.1295552
0 400 0.013304682448506355 0.012905455194413662 0.01264201756566763 0.0022342202719300985 0.011084326542913914 -0.008886757306754589 -0.011043526232242584 0.010603564791381359 -0.002938170451670885 -0.014014673419296741 0.006976219359785318 0.0015705943806096911 0.012905754148960114 0.014245769940316677 -0.0002031755429925397 -0.010392138734459877 0.00401071272790432 0.0007321668090298772 -0.013476851396262646 0.010906610637903214 0.011084480211138725 0.0023741251789033413 0.013992655090987682 0.0073206136003136635 -0.00554090179502964 0.0028240513056516647 0.0037322628777474165 -0.0006124952342361212 0.01149557065218687 -0.005237513687461615 -0.01009903009980917 0.0020279299933463335 -0.001200105994939804 0.000528449600096792 -0.0012466022744774818 -0.006759587675333023 0.012849395163357258 -0.0028847884386777878 0.022481044754385948 -0.003727731993421912 0.0022876192815601826 0.00867062620818615 0.018868671730160713 -0.0031164544634521008 0.009746369905769825 0.004593779798597097 -0.029724959284067154 -0.00796935148537159 0.015237151645123959 0.011730873957276344 0.017267879098653793 -0.00560814468190074 0.005344970151782036 -0.0048367721028625965 0.004955191630870104 -0.002530266297981143 0.008127951994538307 0.03112797997891903 0.0023309902753680944 0.009329183958470821 0.013810201548039913 -0.00186959991697222 0.009529205039143562 0.01503061968833208 -0.007819924503564835 0.009915640577673912 0.014401917345821857 0.012238329276442528 0.016129540279507637 0.008047650568187237 0.0048117744736373425 -0.0056458692997694016 0.018237514421343803 0.014942548237740993 0.013170527294278145 -0.0025253526400774717 0.0007692178478464484 -0.011717054061591625 0.0023614149540662766 0.003997201099991798 -0.005148152355104685 0.005741739645600319 0.006892655976116657 0.0031888619996607304 -0.004361684899777174 0.0006208463455550373 0.0016410856042057276 0.010851607657968998 -0.003991309553384781 -0.010510406456887722 0.014719009399414062 0.010949268005788326 0.0066887387074530125 0.006596277933567762 0.006014070473611355 0.03880127873232736 0.11400129626985114 0.2141751184133031 0.41384149135137427 0.7092813407252883 0.865474162966501 0.9492680721869129 0.9837997949946271 0.9953367342579181 -0.9950514 -0.9141119 -0.70876807 -0.5627887 -0.29070652 -0.5008273 -0.7536131 -0.91954535 -1.1236966 -1.0517635 -0.8347409 -0.6201548 -0.3197427 0.033059187 -0.30669025 -0.72966534 -0.98309 -1.3136822
1 400 0.013304682448506355 0.012905455194413662 0.01264201756566763 0.0022342202719300985 0.011084326542913914 -0.008886757306754589 -0.011043526232242584 0.010603564791381359 -0.002938170451670885 -0.014014673419296741 0.006976219359785318 0.0015705943806096911 0.012905754148960114 0.014245769940316677 -0.0002031755429925397 -0.010392138734459877 0.00401071272790432 0.0007321668090298772 -0.013476851396262646 0.010906610637903214 0.011084480211138725 0.0023741251789033413 0.013992655090987682 0.0073206136003136635 -0.00554090179502964 0.0028240513056516647 0.0037322628777474165 -0.0006124952342361212 0.01149557065218687 -0.005237513687461615 -0.01009903009980917 0.0020279299933463335 -0.001200105994939804 0.000528449600096792 -0.0012466022744774818 -0.006759587675333023 0.012849395163357258 -0.0028847884386777878 0.022481044754385948 -0.003727731993421912 0.0022876192815601826 0.00867062620818615 0.018868671730160713 -0.0031164544634521008 0.009746369905769825 0.004593779798597097 -0.029724959284067154 -0.00796935148537159 0.015237151645123959 0.011730873957276344 0.017267879098653793 -0.00560814468190074 0.005344970151782036 -0.0048367721028625965 0.004955191630870104 -0.002530266297981143 0.008127951994538307 0.03112797997891903 0.0023309902753680944 0.009329183958470821 0.013810201548039913 -0.00186959991697222 0.009529205039143562 0.01503061968833208 -0.007819924503564835 0.009915640577673912 0.014401917345821857 0.012238329276442528 0.016129540279507637 0.008047650568187237 0.0048117744736373425 -0.0056458692997694016 0.018237514421343803 0.014942548237740993 0.013170527294278145 -0.0025253526400774717 0.0007692178478464484 -0.011717054061591625 0.0023614149540662766 0.003997201099991798 -0.005148152355104685 0.005741739645600319 0.006892655976116657 0.0031888619996607304 -0.004361684899777174 0.0006208463455550373 0.0016410856042057276 0.010851607657968998 -0.003991309553384781 -0.010510406456887722 0.014719009399414062 0.010949268005788326 0.0066887387074530125 0.006596277933567762 0.006014070473611355 0.033961137542127706 0.07802351191076334 0.14459697772161328 0.2795538819381691 0.4577107652229634 0.7577239641762911 0.9142117307161541 0.9644853827904784 0.9866484012574448 -0.994929 -0.9113349 -0.8291561 -0.6186733 -0.31102532 -0.6042664 -0.80752164 -0.9263028 -1.0700927 -1.0333703 -0.8898944 -0.7273217 -0.33348283 0.054156877 -0.46636686 -0.73744607 -0.9697383 -1.1750178
2 400 0.013304682448506355 0.012905455194413662 0.01264201756566763 0.0022342202719300985 0.011084326542913914 -0.008886757306754589 -0.011043526232242584 0.010603564791381359 -0.002938170451670885 -0.014014673419296741 0.006976219359785318 0.0015705943806096911 0.012905754148960114 0.014245769940316677 -0.0002031755429925397 -0.010392138734459877 0.00401071272790432 0.0007321668090298772 -0.013476851396262646 0.010906610637903214 0.011084480211138725 0.0023741251789033413 0.013992655090987682 0.0073206136003136635 -0.00554090179502964 0.0028240513056516647 0.0037322628777474165 -0.0006124952342361212 0.01149557065218687 -0.005237513687461615 -0.01009903009980917 0.0020279299933463335 -0.001200105994939804 0.000528449600096792 -0.0012466022744774818 -0.006759587675333023 0.012849395163357258 -0.0028847884386777878 0.022481044754385948 -0.003727731993421912 0.0022876192815601826 0.00867062620818615 0.018868671730160713 -0.0031164544634521008 0.009746369905769825 0.004593779798597097 -0.029724959284067154 -0.00796935148537159 0.015237151645123959 0.011730873957276344 0.017267879098653793 -0.00560814468190074 0.005344970151782036 -0.0048367721028625965 0.004955191630870104 -0.002530266297981143 0.008127951994538307 0.03112797997891903 0.0023309902753680944 0.009329183958470821 0.013810201548039913 -0.00186959991697222 0.009529205039143562 0.01503061968833208 -0.007819924503564835 0.009915640577673912 0.014401917345821857 0.012238329276442528 0.016129540279507637 0.008047650568187237 0.0048117744736373425 -0.0056458692997694016 0.018237514421343803 0.014942548237740993 0.013170527294278145 -0.0025253526400774717 0.0007692178478464484 -0.011717054061591625 0.0023614149540662766 0.003997201099991798 -0.005148152355104685 0.005741739645600319 0.006892655976116657 0.0031888619996607304 -0.004361684899777174 0.0006208463455550373 0.0016410856042057276 0.010851607657968998 -0.003991309553384781 -0.010510406456887722 0.014719009399414062 0.010949268005788326 0.0066887387074530125 0.006596277933567762 0.006014070473611355 0.014753809203863644 0.042143101732544735 0.07992340104950074 0.1686802535184215 0.389539260649746 0.6638049998112708 0.8949393675982804 0.9349529762658079 0.9785562450124238 -1.0580641 -0.9213829 -0.850024 -0.527737 -0.38344544 -0.52052665 -0.7813502 -0.852909 -1.0901458 -1.179796 -0.9188834 -0.7503839 -0.31312498 0.033989586 -0.31102154 -0.7007957 -0.8720204 -1.2155976
0 400 -0.0 -0.0 -0.0 -0.0 -0.0 0.0 0.0 -0.0 0.0 0.0 -0.0 -0.0 -0.0 -0.0 0.0 0.0 -0.0 -0.0 0.0 -0.0 -0.0 -0.0 -0.0 -0.0 0.0 -0.0 -0.0 0.0 -0.0 0.0 0.0 -0.0 0.0 -0.0 0.0 0.0 -0.0 0.0 -0.0 0.0 -0.0 -0.0 -0.0 0.0 -0.0 -0.0 0.0 0.0 -0.0 -0.0 -0.0 0.0 -0.0 0.0 -0.0 0.0 -0.0 -0.0 -0.0 -0.0 -0.0 0.0 -0.0 -0.0 0.0 -0.0 -0.0 -0.0 -0.0 -0.0 -0.0 0.0 -0.0 -0.0 -0.0 0.0 -0.0 0.0 -0.0 -0.0 0.0 -0.0 -0.0 -0.0 0.0 -0.0 -0.0 -0.0 0.0 0.0 -0.0 -0.0 -0.0 -0.0 -0.0 0.021485048760251937 0.0516192450559387 0.14055379408759788 0.43377084235987534 0.6331988323657396 0.721148442801279 0.8682421805065036 0.9583739692940837 0.9846940910453484 -1.0503109 -0.9865961 -0.85821223 -0.5589605 -0.28371924 -0.549958 -0.6633846 -0.90659046 -1.0923343 -1.1740384 -1.0172805 -0.77502733 -0.3102703 0.07536415 -0.26661798 -0.55127716 -0.87790376 -1.1865616
1 400 -0.0 -0.0 -0.0 -0.0 -0.0 0.0 0.0 -0.0 0.0 0.0 -0.0 -0.0 -0.0 -0.0 0.0 0.0 -0.0 -0.0 0.0 -0.0 -0.0 -0.0 -0.0 -0.0 0.0 -0.0 -0.0 0.0 -0.0 0.0 0.0 -0.0 0.0 -0.0 0.0 0.0 -0.0 0.0 -0.0 0.0 -0.0 -0.0 -0.0 0.0 -0.0 -0.0 0.0 0.0 -0.0 -0.0 -0.0 0.0 -0.0 0.0 -0.0 0.0 -0.0 -0.0 -0.0 -0.0 -0.0 0.0 -0.0 -0.0 0.0 -0.0 -0.0 -0.0 -0.0 -0.0 -0.0 0.0 -0.0 -0.0 -0.0 0.0 -0.0 0.0 -0.0 -0.0 0.0 -0.0 -0.0 -0.0 0.0 -0.0 -0.0 -0.0 0.0 0.0 -0.0 -0.0 -0.0 -0.0 -0.0 0.012517176595118251 0.03763998294782877 0.08452720873498985 0.21602166075654533 0.46742835026078083 0.5918142041270263 0.841281619407907 0.9320794266226974 0.9745020068958656 -1.074114 -0.9509976 -0.870469 -0.7205626 -0.3554169 -0.6173565 -0.802634 -0.9299035 -1.0577921 -1.2108583 -1.0107564 -0.81247914 -0.44646117 -0.013141565 -0.38865143 -0.6833789 -0.9002088 -1.134223
2 400 -0.0 -0.0 -0.0 -0.0 -0.0 0.0 0.0 -0.0 0.0 0.0 -0.0 -0.0 -0.0 -0.0 0.0 0.0 -0.0 -0.0 0.0 -0.0 -0.0 -0.0 -0.0 -0.0 0.0 -0.0 -0.0 0.0 -0.0 0.0 0.0 -0.0 0.0 -0.0 0.0 0.0 -0.0 0.0 -0.0 0.0 -0.0 -0.0 -0.0 0.0 -0.0 -0.0 0.0 0.0 -0.0 -0.0 -0.0 0.0 -0.0 0.0 -0.0 0.0 -0.0 -0.0 -0.0 -0.0 -0.0 0.0 -0.0 -0.0 0.0 -0.0 -0.0 -0.0 -0.0 -0.0 -0.0 0.0 -0.0 -0.0 -0.0 0.0 -0.0 0.0 -0.0 -0.0 0.0 -0.0 -0.0 -0.0 0.0 -0.0 -0.0 -0.0 0.0 0.0 -0.0 -0.0 -0.0 -0.0 -0.0 0.007186448736789955 0.018117585718910367 0.03251815488646854 0.10051764031020266 0.22478698769538544 0.47183045078084584 0.7142033234100209 0.8372598127176167 0.9330249428163232 -1.0982955 -1.0392544 -0.972221 -0.8285426 -0.6082382 -0.66530544 -0.8356657 -0.9034232 -1.0872036 -1.3044322 -1.146846 -0.99230725 -0.67014116 -0.29509923 -0.42904365 -0.67129713 -0.8284601 -1.1178527
0 400 -0.013304682448506355 -0.012905455194413662 -0.01264201756566763 -0.0022342202719300985 -0.011084326542913914 0.008886757306754589 0.011043526232242584 -0.010603564791381359 0.002938170451670885 0.014014673419296741 -0.006976219359785318 -0.0015705943806096911 -0.012905754148960114 -0.014245769940316677 0.0002031755429925397 0.010392138734459877 -0.00401071272790432 -0.0007321668090298772 0.013476851396262646 -0.010906610637903214 -0.011084480211138725 -0.0023741251789033413 -0.013992655090987682 -0.0073206136003136635 0.00554090179502964 -0.0028240513056516647 -0.0037322628777474165 0.0006124952342361212 -0.01149557065218687 0.005237513687461615 0.01009903009980917 -0.0020279299933463335 0.001200105994939804 -0.000528449600096792 0.0012466022744774818 0.006759587675333023 -0.012849395163357258 0.0028847884386777878 -0.022481044754385948 0.003727731993421912 -0.0022876192815601826 -0.00867062620818615 -0.018868671730160713 0.0031164544634521008 -0.009746369905769825 -0.004593779798597097 0.029724959284067154 0.00796935148537159 -0.015237151645123959 -0.011730873957276344 -0.017267879098653793 0.00560814468190074 -0.005344970151782036 0.0048367721028625965 -0.004955191630870104 0.002530266297981143 -0.008127951994538307 -0.03112797997891903 -0.0023309902753680944 -0.009329183958470821 -0.013810201548039913 0.00186959991697222 -0.009529205039143562 -0.01503061968833208 0.007819924503564835 -0.009915640577673912 -0.014401917345821857 -0.012238329276442528 -0.016129540279507637 -0.008047650568187237 -0.0048117744736373425 0.0056458692997694016 -0.018237514421343803 -0.014942548237740993 -0.013170527294278145 0.0025253526400774717 -0.0007692178478464484 0.011717054061591625 -0.0023614149540662766 -0.003997201099991798 0.005148152355104685 -0.005741739645600319 -0.006892655976116657 -0.0031888619996607304 0.004361684899777174 -0.0006208463455550373 -0.0016410856042057276 -0.010851607657968998 0.003991309553384781 0.010510406456887722 -0.014719009399414062 -0.010949268005788326 -0.0066887387074530125 -0.006596277933567762 -0.006014070473611355 0.027013385714636077 0.059719329811448674 0.227033447603244 0.5194268786280001 0.5852092932564714 0.5402937985620518 0.6982664552485512 0.8797146147518854 0.962904329319343 -1.2122607 -1.0239592 -0.9663826 -0.7419872 -0.57503915 -0.6844778 -0.7429005 -0.948121 -1.0737071 -1.3828781 -1.1399765 -0.89506084 -0.503347 -0.21763247 -0.45456773 -0.5233837 -0.80838335 -1.0655081
1 400 -0.013304682448506355 -0.012905455194413662 -0.01264201756566763 -0.0022342202719300985 -0.011084326542913914 0.008886757306754589 0.011043526232242584 -0.010603564791381359 0.002938170451670885 0.014014673419296741 -0.006976219359785318 -0.0015705943806096911 -0.012905754148960114 -0.014245769940316677 0.0002031755429925397 0.010392138734459877 -0.00401071272790432 -0.0007321668090298772 0.013476851396262646 -0.010906610637903214 -0.011084480211138725 -0.0023741251789033413 -0.013992655090987682 -0.0073206136003136635 0.00554090179502964 -0.0028240513056516647 -0.0037322628777474165 0.0006124952342361212 -0.01149557065218687 0.005237513687461615 0.01009903009980917 -0.0020279299933463335 0.001200105994939804 -0.000528449600096792 0.0012466022744774818 0.006759587675333023 -0.012849395163357258 0.0028847884386777878 -0.022481044754385948 0.003727731993421912 -0.0022876192815601826 -0.00867062620818615 -0.018868671730160713 0.0031164544634521008 -0.009746369905769825 -0.004593779798597097 0.029724959284067154 0.00796935148537159 -0.015237151645123959 -0.011730873957276344 -0.017267879098653793 0.00560814468190074 -0.005344970151782036 0.0048367721028625965 -0.004955191630870104 0.002530266297981143 -0.008127951994538307 -0.03112797997891903 -0.0023309902753680944 -0.009329183958470821 -0.013810201548039913 0.00186959991697222 -0.009529205039143562 -0.01503061968833208 0.007819924503564835 -0.009915640577673912 -0.014401917345821857 -0.012238329276442528 -0.016129540279507637 -0.008047650568187237 -0.0048117744736373425 0.0056458692997694016 -0.018237514421343803 -0.014942548237740993 -0.013170527294278145 0.0025253526400774717 -0.0007692178478464484 0.011717054061591625 -0.0023614149540662766 -0.003997201099991798 0.005148152355104685 -0.005741739645600319 -0.006892655976116657 -0.0031888619996607304 0.004361684899777174 -0.0006208463455550373 -0.0016410856042057276 -0.010851607657968998 0.003991309553384781 0.010510406456887722 -0.014719009399414062 -0.010949268005788326 -0.0066887387074530125 -0.006596277933567762 -0.006014070473611355 0.013340271892312154 0.03119688954596449 0.10173567794516782 0.2846176594289629 0.424716055012033 0.4352486639566082 0.5707296639055504 0.7701967577874625 0.8953441987301254 -1.2447603 -1.0120299 -0.97225535 -0.8517051 -0.53557897 -0.7124086 -0.7838099 -0.9225345 -1.0210694 -1.4506171 -1.136555 -0.9327746 -0.6858284 -0.26673007 -0.44982967 -0.58486396 -0.7662451 -0.98623157
2 400 -0.013304682448506355 -0.012905455194413662 -0.01264201756566763 -0.0022342202719300985 -0.011084326542913914 0.008886757306754589 0.011043526232242584 -0.010603564791381359 0.002938170451670885 0.014014673419296741 -0.006976219359785318 -0.0015705943806096911 -0.012905754148960114 -0.014245769940316677 0.0002031755429925397 0.010392138734459877 -0.00401071272790432 -0.0007321668090298772 0.013476851396262646 -0.010906610637903214 -0.011084480211138725 -0.0023741251789033413 -0.013992655090987682 -0.0073206136003136635 0.00554090179502964 -0.0028240513056516647 -0.0037322628777474165 0.0006124952342361212 -0.01149557065218687 0.005237513687461615 0.01009903009980917 -0.0020279299933463335 0.001200105994939804 -0.000528449600096792 0.0012466022744774818 0.006759587675333023 -0.012849395163357258 0.0028847884386777878 -0.022481044754385948 0.003727731993421912 -0.0022876192815601826 -0.00867062620818615 -0.018868671730160713 0.0031164544634521008 -0.009746369905769825 -0.004593779798597097 0.029724959284067154 0.00796935148537159 -0.015237151645123959 -0.011730873957276344 -0.017267879098653793 0.00560814468190074 -0.005344970151782036 0.0048367721028625965 -0.004955191630870104 0.002530266297981143 -0.008127951994538307 -0.03112797997891903 -0.0023309902753680944 -0.009329183958470821 -0.013810201548039913 0.00186959991697222 -0.009529205039143562 -0.01503061968833208 0.007819924503564835 -0.009915640577673912 -0.014401917345821857 -0.012238329276442528 -0.016129540279507637 -0.008047650568187237 -0.0048117744736373425 0.0056458692997694016 -0.018237514421343803 -0.014942548237740993 -0.013170527294278145 0.0025253526400774717 -0.0007692178478464484 0.011717054061591625 -0.0023614149540662766 -0.003997201099991798 0.005148152355104685 -0.005741739645600319 -0.006892655976116657 -0.0031888619996607304 0.004361684899777174 -0.0006208463455550373 -0.0016410856042057276 -0.010851607657968998 0.003991309553384781 0.010510406456887722 -0.014719009399414062 -0.010949268005788326 -0.0066887387074530125 -0.006596277933567762 -0.006014070473611355 0.008003493712587429 0.01522315100828753 0.04067612198026414 0.1193518905147279 0.13818148034548797 0.2483025453191821 0.32945612887728953 0.6374142976223313 0.8175601491900145 -1.2729838 -1.1296989 -1.0870471 -0.95958936 -0.7808521 -0.85160714 -0.8293109 -1.0581913 -1.1243116 -1.5441241 -1.3211346 -1.2076836 -0.8633484 -0.6356793 -0.6599148 -0.7872027 -0.8584222 -1.0455356
0 400 -0.02660936489701271 -0.025810910388827324 -0.02528403513133526 -0.004468440543860197 -0.022168653085827827 0.017773514613509178 0.02208705246448517 -0.021207129582762718 0.00587634090334177 0.028029346838593483 -0.013952438719570637 -0.0031411887612193823 -0.025811508297920227 -0.028491539880633354 0.0004063510859850794 0.020784277468919754 -0.00802142545580864 -0.0014643336180597544 0.02695370279252529 -0.021813221275806427 -0.02216896042227745 -0.004748250357806683 -0.027985310181975365 -0.014641227200627327 0.01108180359005928 -0.0056481026113033295 -0.007464525755494833 0.0012249904684722424 -0.02299114130437374 0.01047502737492323 0.02019806019961834 -0.004055859986692667 0.002400211989879608 -0.001056899200193584 0.0024932045489549637 0.013519175350666046 -0.025698790326714516 0.0057695768773555756 -0.044962089508771896 0.007455463986843824 -0.004575238563120365 -0.0173412524163723 -0.037737343460321426 0.0062329089269042015 -0.01949273981153965 -0.009187559597194195 0.05944991856813431 0.01593870297074318 -0.030474303290247917 -0.02346174791455269 -0.03453575819730759 0.01121628936380148 -0.010689940303564072 0.009673544205725193 -0.009910383261740208 0.005060532595962286 -0.016255903989076614 -0.06225595995783806 -0.004661980550736189 -0.018658367916941643 -0.027620403096079826 0.00373919983394444 -0.019058410078287125 -0.03006123937666416 0.01563984900712967 -0.019831281155347824 -0.028803834691643715 -0.024476658552885056 -0.032259080559015274 -0.016095301136374474 -0.009623548947274685 0.011291738599538803 -0.03647502884268761 -0.029885096475481987 -0.02634105458855629 0.0050507052801549435 -0.0015384356956928968 0.02343410812318325 -0.004722829908132553 -0.007994402199983597 0.01029630471020937 -0.011483479291200638 -0.013785311952233315 -0.006377723999321461 0.008723369799554348 -0.0012416926911100745 -0.003282171208411455 -0.021703215315937996 0.007982619106769562 0.021020812913775444 -0.029438018798828125 -0.021898536011576653 -0.013377477414906025 -0.013192555867135525 -0.01202814094722271 0.023470820665753896 0.06275371219505013 0.31266518281983874 0.49306580946362644 0.461816647745925 0.4213080012383187 0.5931678353799958 0.7786439605247399 0.953391527569979 -1.1627891 -1.0974302 -1.1009984 -0.9436076 -0.86380243 -0.7728672 -0.9438332 -0.9028149 -1.0862662 -1.4262162 -1.2531197 -1.0597273 -0.77019256 -0.6364825 -0.62503237 -0.7754027 -0.69949824 -1.0065134
1 400 -0.02660936489701271 -0.025810910388827324 -0.02528403513133526 -0.004468440543860197 -0.022168653085827827 0.017773514613509178 0.02208705246448517 -0.021207129582762718 0.00587634090334177 0.028029346838593483 -0.013952438719570637 -0.0031411887612193823 -0.025811508297920227 -0.028491539880633354 0.0004063510859850794 0.020784277468919754 -0.00802142545580864 -0.0014643336180597544 0.02695370279252529 -0.021813221275806427 -0.02216896042227745 -0.004748250357806683 -0.027985310181975365 -0.014641227200627327 0.01108180359005928 -0.0056481026113033295 -0.007464525755494833 0.0012249904684722424 -0.02299114130437374 0.01047502737492323 0.02019806019961834 -0.004055859986692667 0.002400211989879608 -0.001056899200193584 0.0024932045489549637 0.013519175350666046 -0.025698790326714516 0.0057695768773555756 -0.044962089508771896 0.007455463986843824 -0.004575238563120365 -0.0173412524163723 -0.037737343460321426 0.0062329089269042015 -0.01949273981153965 -0.009187559597194195 0.05944991856813431 0.01593870297074318 -0.030474303290247917 -0.02346174791455269 -0.03453575819730759 0.01121628936380148 -0.010689940303564072 0.009673544205725193 -0.009910383261740208 0.005060532595962286 -0.016255903989076614 -0.06225595995783806 -0.004661980550736189 -0.018658367916941643 -0.027620403096079826 0.00373919983394444 -0.019058410078287125 -0.03006123937666416 0.01563984900712967 -0.019831281155347824 -0.028803834691643715 -0.024476658552885056 -0.032259080559015274 -0.016095301136374474 -0.009623548947274685 0.011291738599538803 -0.03647502884268761 -0.029885096475481987 -0.02634105458855629 0.0050507052801549435 -0.0015384356956928968 0.02343410812318325 -0.004722829908132553 -0.007994402199983597 0.01029630471020937 -0.011483479291200638 -0.013785311952233315 -0.006377723999321461 0.008723369799554348 -0.0012416926911100745 -0.003282171208411455 -0.021703215315937996 0.007982619106769562 0.021020812913775444 -0.029438018798828125 -0.021898536011576653 -0.013377477414906025 -0.013192555867135525 -0.01202814094722271 0.012738709886845206 0.03439457310358921 0.11212418931051134 0.22092716526640388 0.20061244059965666 0.3219847191938652 0.48270734771422297 0.6676389628318272 0.8625354686924979 -1.3095524 -1.1086025 -1.0778235 -0.9990405 -0.7902111 -0.87421876 -0.96485275 -0.9840715 -1.1041667 -1.6236095 -1.2547288 -1.0925391 -0.953 -0.6406856 -0.711937 -0.7768689 -0.7570645 -1.0658379
2 400 -0.02660936489701271 -0.025810910388827324 -0.02528403513133526 -0.004468440543860197 -0.022168653085827827 0.017773514613509178 0.02208705246448517 -0.021207129582762718 0.00587634090334177 0.028029346838593483 -0.013952438719570637 -0.0031411887612193823 -0.025811508297920227 -0.028491539880633354 0.0004063510859850794 0.020784277468919754 -0.00802142545580864 -0.0014643336180597544 0.02695370279252529 -0.021813221275806427 -0.02216896042227745 -0.004748250357806683 -0.027985310181975365 -0.014641227200627327 0.01108180359005928 -0.0056481026113033295 -0.007464525755494833 0.0012249904684722424 -0.02299114130437374 0.01047502737492323 0.02019806019961834 -0.004055859986692667 0.002400211989879608 -0.001056899200193584 0.0024932045489549637 0.013519175350666046 -0.025698790326714516 0.0057695768773555756 -0.044962089508771896 0.007455463986843824 -0.004575238563120365 -0.0173412524163723 -0.037737343460321426 0.0062329089269042015 -0.01949273981153965 -0.009187559597194195 0.05944991856813431 0.01593870297074318 -0.030474303290247917 -0.02346174791455269 -0.03453575819730759 0.01121628936380148 -0.010689940303564072 0.009673544205725193 -0.009910383261740208 0.005060532595962286 -0.016255903989076614 -0.06225595995783806 -0.004661980550736189 -0.018658367916941643 -0.027620403096079826 0.00373919983394444 -0.019058410078287125 -0.03006123937666416 0.01563984900712967 -0.019831281155347824 -0.028803834691643715 -0.024476658552885056 -0.032259080559015274 -0.016095301136374474 -0.009623548947274685 0.011291738599538803 -0.03647502884268761 -0.029885096475481987 -0.02634105458855629 0.0050507052801549435 -0.0015384356956928968 0.02343410812318325 -0.004722829908132553 -0.007994402199983597 0.01029630471020937 -0.011483479291200638 -0.013785311952233315 -0.006377723999321461 0.008723369799554348 -0.0012416926911100745 -0.003282171208411455 -0.021703215315937996 0.007982619106769562 0.021020812913775444 -0.029438018798828125 -0.021898536011576653 -0.013377477414906025 -0.013192555867135525 -0.01202814094722271 0.008213584272770807 0.016355103598523334 0.037502278227923506 0.08180221120666016 0.10365639855660648 0.1876925230401157 0.3111868074666363 0.6472228913273635 0.7506204999617581 -1.4383793 -1.2160379 -1.2148845 -1.0950532 -0.95922047 -1.0268023 -1.1527265 -1.2256047 -1.1935405 -1.7696868 -1.4398214 -1.3947741 -1.0940864 -1.0008618 -0.89632565 -1.1014743 -1.0091178 -1.0598257
0 400 -0.039914049208164215 -0.03871636465191841 -0.03792605176568031 -0.006702660582959652 -0.033252980560064316 0.026660270988941193 0.03313057869672775 -0.0318106934428215 0.008814511820673943 0.0420440211892128 -0.020928658545017242 -0.004711783025413752 -0.03871726244688034 -0.04273730888962746 0.0006095266435295343 0.03117641620337963 -0.012032139115035534 -0.0021965005435049534 0.04043055698275566 -0.03271983191370964 -0.033253442496061325 -0.007122375536710024 -0.04197796806693077 -0.021961841732263565 0.01662270538508892 -0.008472153916954994 -0.01119678933173418 0.0018374858191236854 -0.034486714750528336 0.015712540596723557 0.030297089368104935 -0.006083790212869644 0.003600318217650056 -0.0015853488584980369 0.003739807056263089 0.02027876302599907 -0.03854818642139435 0.008654365316033363 -0.0674431324005127 0.011183195747435093 -0.006862857844680548 -0.02601187862455845 -0.05660601705312729 0.00934936385601759 -0.02923911064863205 -0.013781338930130005 0.08917488157749176 0.02390805445611477 -0.0457114540040493 -0.03519262373447418 -0.05180363729596138 0.01682443544268608 -0.016034910455346107 0.014510316774249077 -0.014865575358271599 0.007590799126774073 -0.02438385598361492 -0.09338394552469254 -0.00699297059327364 -0.02798755280673504 -0.041430603712797165 0.005608799867331982 -0.028587615117430687 -0.04509185999631882 0.023459775373339653 -0.029746921733021736 -0.04320575296878815 -0.03671498969197273 -0.04838862270116806 -0.024142950773239136 -0.014435323886573315 0.016937607899308205 -0.05471254512667656 -0.044827643781900406 -0.039511583745479584 0.0075760576874017715 -0.002307653659954667 0.0351511649787426 -0.007084245327860117 -0.01199160423129797 0.015444457530975342 -0.017225218936800957 -0.020677968859672546 -0.009566586464643478 0.01308505516499281 -0.0018625390948727727 -0.004923257045447826 -0.03255482390522957 0.011973929591476917 0.03153122216463089 -0.04415702819824219 -0.0328478068113327 -0.020066216588020325 -0.019788833335042 -0.01804221235215664 0.01590722661547758 0.04647122188428941 0.33360500737115 0.31520225101522115 0.22626223219080085 0.266446748626031 0.47416834650353323 0.7486557714416423 0.9490205086294413 -1.0325767 -1.1747084 -1.2038605 -1.0720543 -1.0980028 -0.97504485 -1.1090345 -0.85507596 -1.1468095 -1.3748634 -1.4379876 -1.251491 -1.0325286 -1.0342741 -0.96259004 -1.0161837 -0.64344984 -1.0779763
1 400 -0.039914049208164215 -0.03871636465191841 -0.03792605176568031 -0.006702660582959652 -0.033252980560064316 0.026660270988941193 0.03313057869672775 -0.0318106934428215 0.008814511820673943 0.0420440211892128 -0.020928658545017242 -0.004711783025413752 -0.03871726244688034 -0.04273730888962746 0.0006095266435295343 0.03117641620337963 -0.012032139115035534 -0.0021965005435049534 0.04043055698275566 -0.03271983191370964 -0.033253442496061325 -0.007122375536710024 -0.04197796806693077 -0.021961841732263565 0.01662270538508892 -0.008472153916954994 -0.01119678933173418 0.0018374858191236854 -0.034486714750528336 0.015712540596723557 0.030297089368104935 -0.006083790212869644 0.003600318217650056 -0.0015853488584980369 0.003739807056263089 0.02027876302599907 -0.03854818642139435 0.008654365316033363 -0.0674431324005127 0.011183195747435093 -0.006862857844680548 -0.02601187862455845 -0.05660601705312729 0.00934936385601759 -0.02923911064863205 -0.013781338930130005 0.08917488157749176 0.02390805445611477 -0.0457114540040493 -0.03519262373447418 -0.05180363729596138 0.01682443544268608 -0.016034910455346107 0.014510316774249077 -0.014865575358271599 0.007590799126774073 -0.02438385598361492 -0.09338394552469254 -0.00699297059327364 -0.02798755280673504 -0.041430603712797165 0.005608799867331982 -0.028587615117430687 -0.04509185999631882 0.023459775373339653 -0.029746921733021736 -0.04320575296878815 -0.03671498969197273 -0.04838862270116806 -0.024142950773239136 -0.014435323886573315 0.016937607899308205 -0.05471254512667656 -0.044827643781900406 -0.039511583745479584 0.0075760576874017715 -0.002307653659954667 0.0351511649787426 -0.007084245327860117 -0.01199160423129797 0.015444457530975342 -0.017225218936800957 -0.020677968859672546 -0.009566586464643478 0.01308505516499281 -0.0018625390948727727 -0.004923257045447826 -0.03255482390522957 0.011973929591476917 0.03153122216463089 -0.04415702819824219 -0.0328478068113327 -0.020066216588020325 -0.019788833335042 -0.01804221235215664 0.01164550614442784 0.03814003321306909 0.10882073133231858 0.10503261584778717 0.061740113627725676 0.19840412151139872 0.459059968269807 0.6450546224698888 0.8227503908988707 -1.3649447 -1.2171538 -1.1754307 -1.1702187 -1.0584022 -1.0198714 -1.1747249 -0.9748001 -1.2272661 -1.7879908 -1.3899858 -1.2752428 -1.230561 -1.07866 -0.94096106 -0.9882564 -0.72105914 -1.2739034
2 400 -0.039914049208164215 -0.03871636465191841 -0.03792605176568031 -0.006702660582959652 -0.033252980560064316 0.026660270988941193 0.03313057869672775 -0.0318106934428215 0.008814511820673943 0.0420440211892128 -0.020928658545017242 -0.004711783025413752 -0.03871726244688034 -0.04273730888962746 0.0006095266435295343 0.03117641620337963 -0.012032139115035534 -0.0021965005435049534 0.04043055698275566 -0.03271983191370964 -0.033253442496061325 -0.007122375536710024 -0.04197796806693077 -0.021961841732263565 0.01662270538508892 -0.008472153916954994 -0.01119678933173418 0.0018374858191236854 -0.034486714750528336 0.015712540596723557 0.030297089368104935 -0.006083790212869644 0.003600318217650056 -0.0015853488584980369 0.003739807056263089 0.02027876302599907 -0.03854818642139435 0.008654365316033363 -0.0674431324005127 0.011183195747435093 -0.006862857844680548 -0.02601187862455845 -0.05660601705312729 0.00934936385601759 -0.02923911064863205 -0.013781338930130005 0.08917488157749176 0.02390805445611477 -0.0457114540040493 -0.03519262373447418 -0.05180363729596138 0.01682443544268608 -0.016034910455346107 0.014510316774249077 -0.014865575358271599 0.007590799126774073 -0.02438385598361492 -0.09338394552469254 -0.00699297059327364 -0.02798755280673504 -0.041430603712797165 0.005608799867331982 -0.028587615117430687 -0.04509185999631882 0.023459775373339653 -0.029746921733021736 -0.04320575296878815 -0.03671498969197273 -0.04838862270116806 -0.024142950773239136 -0.014435323886573315 0.016937607899308205 -0.05471254512667656 -0.044827643781900406 -0.039511583745479584 0.0075760576874017715 -0.002307653659954667 0.0351511649787426 -0.007084245327860117 -0.01199160423129797 0.015444457530975342 -0.017225218936800957 -0.020677968859672546 -0.009566586464643478 0.01308505516499281 -0.0018625390948727727 -0.004923257045447826 -0.03255482390522957 0.011973929591476917 0.03153122216463089 -0.04415702819824219 -0.0328478068113327 -0.020066216588020325 -0.019788833335042 -0.01804221235215664 0.006921203822250019 0.011518558155484014 0.03262801155567112 0.05989627186012626 0.06680556459894273 0.12610731273188655 0.2441923803060835 0.4842254556096784 0.6399414116139269 -1.5671728 -1.3188287 -1.3430991 -1.1528916 -1.0679754 -1.0734173 -1.3132356 -1.2015976 -1.1777269 -1.9956416 -1.6469209 -1.5848866 -1.3823745 -1.2844143 -1.116683 -1.3332422 -1.2069575 -1.0434701
0 400 -0.05321872979402542 -0.05162182077765465 -0.05056807026267052 -0.008936881087720394 -0.044337306171655655 0.035547029227018356 0.04417410492897034 -0.042414259165525436 0.01175268180668354 0.056058693677186966 -0.027904877439141273 -0.006282377522438765 -0.051623016595840454 -0.05698307976126671 0.0008127021719701588 0.04156855493783951 -0.01604285091161728 -0.0029286672361195087 0.05390740558505058 -0.043626442551612854 -0.0443379208445549 -0.009496500715613365 -0.05597062036395073 -0.029282454401254654 0.02216360718011856 -0.011296205222606659 -0.014929051510989666 0.0024499809369444847 -0.04598228260874748 0.02095005474984646 0.04039612039923668 -0.008111719973385334 0.004800423979759216 -0.002113798400387168 0.004986409097909927 0.027038350701332092 -0.05139758065342903 0.011539153754711151 -0.08992417901754379 0.014910927973687649 -0.00915047712624073 -0.0346825048327446 -0.07547468692064285 0.012465817853808403 -0.0389854796230793 -0.01837511919438839 0.11889983713626862 0.03187740594148636 -0.060948606580495834 -0.04692349582910538 -0.06907151639461517 0.02243257872760296 -0.021379880607128143 0.019347088411450386 -0.019820766523480415 0.010121065191924572 -0.03251180797815323 -0.12451191991567612 -0.009323961101472378 -0.037316735833883286 -0.05524080619215965 0.00747839966788888 -0.03811682015657425 -0.06012247875332832 0.03127969801425934 -0.03966256231069565 -0.05760766938328743 -0.04895331710577011 -0.06451816111803055 -0.03219060227274895 -0.01924709789454937 0.022583477199077606 -0.07295005768537521 -0.059770192950963974 -0.05268210917711258 0.010101410560309887 -0.0030768713913857937 0.0468682162463665 -0.009445659816265106 -0.015988804399967194 0.02059260942041874 -0.022966958582401276 -0.02757062390446663 -0.012755447998642921 0.017446739599108696 -0.002483385382220149 -0.00656434241682291 -0.04340643063187599 0.015965238213539124 0.04204162582755089 -0.05887603759765625 -0.043797072023153305 -0.02675495482981205 -0.02638511173427105 -0.02405628189444542 0.008562459073023916 0.0575278373953766 0.24207972156731852 0.12088694961154985 0.09638080240922593 0.1587345511839059 0.3781867180064062 0.5701446834378415 0.887120334721945 -1.1883059 -1.292134 -1.297386 -1.1464461 -1.2148131 -1.0673668 -1.2498467 -0.738506 -1.2306914 -1.6361481 -1.7036152 -1.5375397 -1.3203995 -1.3738704 -1.2402283 -1.2456012 -0.63966906 -1.250297
1 400 -0.05321872979402542 -0.05162182077765465 -0.05056807026267052 -0.008936881087720394 -0.044337306171655655 0.035547029227018356 0.04417410492897034 -0.042414259165525436 0.01175268180668354 0.056058693677186966 -0.027904877439141273 -0.006282377522438765 -0.051623016595840454 -0.05698307976126671 0.0008127021719701588 0.04156855493783951 -0.01604285091161728 -0.0029286672361195087 0.05390740558505058 -0.043626442551612854 -0.0443379208445549 -0.009496500715613365 -0.05597062036395073 -0.029282454401254654 0.02216360718011856 -0.011296205222606659 -0.014929051510989666 0.0024499809369444847 -0.04598228260874748 0.02095005474984646 0.04039612039923668 -0.008111719973385334 0.004800423979759216 -0.002113798400387168 0.004986409097909927 0.027038350701332092 -0.05139758065342903 0.011539153754711151 -0.08992417901754379 0.014910927973687649 -0.00915047712624073 -0.0346825048327446 -0.07547468692064285 0.012465817853808403 -0.0389854796230793 -0.01837511919438839 0.11889983713626862 0.03187740594148636 -0.060948606580495834 -0.04692349582910538 -0.06907151639461517 0.02243257872760296 -0.021379880607128143 0.019347088411450386 -0.019820766523480415 0.010121065191924572 -0.03251180797815323 -0.12451191991567612 -0.009323961101472378 -0.037316735833883286 -0.05524080619215965 0.00747839966788888 -0.03811682015657425 -0.06012247875332832 0.03127969801425934 -0.03966256231069565 -0.05760766938328743 -0.04895331710577011 -0.06451816111803055 -0.03219060227274895 -0.01924709789454937 0.022583477199077606 -0.07295005768537521 -0.059770192950963974 -0.05268210917711258 0.010101410560309887 -0.0030768713913857937 0.0468682162463665 -0.009445659816265106 -0.015988804399967194 0.02059260942041874 -0.022966958582401276 -0.02757062390446663 -0.012755447998642921 0.017446739599108696 -0.002483385382220149 -0.00656434241682291 -0.04340643063187599 0.015965238213539124 0.04204162582755089 -0.05887603759765625 -0.043797072023153305 -0.02675495482981205 -0.02638511173427105 -0.02405628189444542 0.008074722727111433 0.019089720974931414 0.08062240754506454 0.03772708910172357 0.022531664740064246 0.1224064639002982 0.3417356124376555 0.5864383721572419 0.7388692055615608 -1.4882414 -1.3010361 -1.265712 -1.2573198 -1.1392957 -1.114373 -1.3196001 -0.90118575 -1.3718736 -2.0114858 -1.5647051 -1.5034581 -1.5093261 -1.3514612 -1.1811526 -1.2169834 -0.6741201 -1.5135667
2 400 -0.05321872979402542 -0.05162182077765465 -0.05056807026267052 -0.008936881087720394 -0.044337306171655655 0.035547029227018356 0.04417410492897034 -0.042414259165525436 0.01175268180668354 0.056058693677186966 -0.027904877439141273 -0.006282377522438765 -0.051623016595840454 -0.05698307976126671 0.0008127021719701588 0.04156855493783951 -0.01604285091161728 -0.0029286672361195087 0.05390740558505058 -0.043626442551612854 -0.0443379208445549 -0.009496500715613365 -0.05597062036395073 -0.029282454401254654 0.02216360718011856 -0.011296205222606659 -0.014929051510989666 0.0024499809369444847 -0.04598228260874748 0.02095005474984646 0.04039612039923668 -0.008111719973385334 0.004800423979759216 -0.002113798400387168 0.004986409097909927 0.027038350701332092 -0.05139758065342903 0.011539153754711151 -0.08992417901754379 0.014910927973687649 -0.00915047712624073 -0.0346825048327446 -0.07547468692064285 0.012465817853808403 -0.0389854796230793 -0.01837511919438839 0.11889983713626862 0.03187740594148636 -0.060948606580495834 -0.04692349582910538 -0.06907151639461517 0.02243257872760296 -0.021379880607128143 0.019347088411450386 -0.019820766523480415 0.010121065191924572 -0.03251180797815323 -0.12451191991567612 -0.009323961101472378 -0.037316735833883286 -0.05524080619215965 0.00747839966788888 -0.03811682015657425 -0.06012247875332832 0.03127969801425934 -0.03966256231069565 -0.05760766938328743 -0.04895331710577011 -0.06451816111803055 -0.03219060227274895 -0.01924709789454937 0.022583477199077606 -0.07295005768537521 -0.059770192950963974 -0.05268210917711258 0.010101410560309887 -0.0030768713913857937 0.0468682162463665 -0.009445659816265106 -0.015988804399967194 0.02059260942041874 -0.022966958582401276 -0.02757062390446663 -0.012755447998642921 0.017446739599108696 -0.002483385382220149 -0.00656434241682291 -0.04340643063187599 0.015965238213539124 0.04204162582755089 -0.05887603759765625 -0.043797072023153305 -0.02675495482981205 -0.02638511173427105 -0.02405628189444542 0.005034851999044287 0.011815613968949036 0.02083408007384247 0.044984711883614685 0.040517617259184374 0.06195251183422863 0.1563872787088373 0.43892159109579076 0.6112391801273934 -1.6726224 -1.3716056 -1.4451692 -1.2271202 -1.2116162 -1.1030346 -1.4404665 -1.2441822 -1.3328321 -2.2482562 -1.8488352 -1.8281543 -1.6647797 -1.6094259 -1.3510721 -1.5695826 -1.4559832 -1.3678095
0 400 -0.06652341037988663 -0.06452727317810059 -0.06321008503437042 -0.011171100661158562 -0.055421631783246994 0.04443378373980522 0.05521763116121292 -0.05301782116293907 0.014690851792693138 0.07007336616516113 -0.034881096333265305 -0.00785297155380249 -0.06452877074480057 -0.07122884690761566 0.0010158777004107833 0.051960691809654236 -0.0200535636395216 -0.003660833928734064 0.0673842579126358 -0.05453305318951607 -0.05542239919304848 -0.01187062542885542 -0.06996327638626099 -0.03660306707024574 0.0277045089751482 -0.014120256528258324 -0.018661314621567726 0.003062476171180606 -0.05747785419225693 0.02618756704032421 0.050495147705078125 -0.010139649733901024 0.00600052997469902 -0.002642248058691621 0.006233011372387409 0.033797938376665115 -0.06424697488546371 0.014423942193388939 -0.1124052181839943 0.01863865926861763 -0.011438095942139626 -0.0433531291782856 -0.09434335678815842 0.015582271851599216 -0.04873184859752655 -0.022968897596001625 0.14862479269504547 0.0398467555642128 -0.07618575543165207 -0.05865436792373657 -0.08633939176797867 0.028040723875164986 -0.02672485075891018 0.024183860048651695 -0.024775957688689232 0.012651331722736359 -0.04063975811004639 -0.1556399017572403 -0.011654950678348541 -0.04664592072367668 -0.06905100494623184 0.009347999468445778 -0.04764602333307266 -0.07515309751033783 0.03909962251782417 -0.04957820102572441 -0.07200958579778671 -0.06119164451956749 -0.08064769953489304 -0.04023825004696846 -0.024058872833848 0.028229346498847008 -0.09118757396936417 -0.07471273839473724 -0.06585263460874557 0.012626762501895428 -0.0038460891228169203 0.0585852712392807 -0.011807074770331383 -0.019986005499958992 0.025740761309862137 -0.028708698228001595 -0.03446327894926071 -0.015944309532642365 0.021808424964547157 -0.003104231785982847 -0.008205427788197994 -0.054258037358522415 0.019956547766923904 0.052552033215761185 -0.07359504699707031 -0.054746340960264206 -0.033443693071603775 -0.03298138827085495 -0.0300703514367342 0.0048311614632309515 0.060328326857449925 0.11865949050391152 0.06848600468936746 0.06704877113657622 0.07790525030699205 0.2903446495623098 0.4050527488886362 0.9528560795041302 -1.3432713 -1.3520406 -1.3963912 -1.2743237 -1.3579947 -1.140153 -1.3837067 -0.5981852 -1.4175903 -1.8839908 -1.9204419 -1.8213847 -1.658463 -1.6823971 -1.4963889 -1.4686162 -0.60453457 -1.6605648
1 400 -0.06652341037988663 -0.06452727317810059 -0.06321008503437042 -0.011171100661158562 -0.055421631783246994 0.04443378373980522 0.05521763116121292 -0.05301782116293907 0.014690851792693138 0.07007336616516113 -0.034881096333265305 -0.00785297155380249 -0.06452877074480057 -0.07122884690761566 0.0010158777004107833 0.051960691809654236 -0.0200535636395216 -0.003660833928734064 0.0673842579126358 -0.05453305318951607 -0.05542239919304848 -0.01187062542885542 -0.06996327638626099 -0.03660306707024574 0.0277045089751482 -0.014120256528258324 -0.018661314621567726 0.003062476171180606 -0.05747785419225693 0.02618756704032421 0.050495147705078125 -0.010139649733901024 0.00600052997469902 -0.002642248058691621 0.006233011372387409 0.033797938376665115 -0.06424697488546371 0.014423942193388939 -0.1124052181839943 0.01863865926861763 -0.011438095942139626 -0.0433531291782856 -0.09434335678815842 0.015582271851599216 -0.04873184859752655 -0.022968897596001625 0.14862479269504547 0.0398467555642128 -0.07618575543165207 -0.05865436792373657 -0.08633939176797867 0.028040723875164986 -0.02672485075891018 0.024183860048651695 -0.024775957688689232 0.012651331722736359 -0.04063975811004639 -0.1556399017572403 -0.011654950678348541 -0.04664592072367668 -0.06905100494623184 0.009347999468445778 -0.04764602333307266 -0.07515309751033783 0.03909962251782417 -0.04957820102572441 -0.07200958579778671 -0.06119164451956749 -0.08064769953489304 -0.04023825004696846 -0.024058872833848 0.028229346498847008 -0.09118757396936417 -0.07471273839473724 -0.06585263460874557 0.012626762501895428 -0.0038460891228169203 0.0585852712392807 -0.011807074770331383 -0.019986005499958992 0.025740761309862137 -0.028708698228001595 -0.03446327894926071 -0.015944309532642365 0.021808424964547157 -0.003104231785982847 -0.008205427788197994 -0.054258037358522415 0.019956547766923904 0.052552033215761185 -0.07359504699707031 -0.054746340960264206 -0.033443693071603775 -0.03298138827085495 -0.0300703514367342 0.004631537764389739 0.016327166155062113 0.046392413945544345 0.015948387731062233 0.013713243063969049 0.05096357678208436 0.1902926047145954 0.42944176105458504 0.8740178398513297 -1.6189799 -1.3314539 -1.3245769 -1.3775681 -1.2519995 -1.1476508 -1.3962551 -0.9385591 -1.5504155 -2.2288363 -1.7564698 -1.7373192 -1.8207469 -1.6619143 -1.4034932 -1.4357231 -0.8618117 -1.849767
2 400 -0.06652341037988663 -0.06452727317810059 -0.06321008503437042 -0.011171100661158562 -0.055421631783246994 0.04443378373980522 0.05521763116121292 -0.05301782116293907 0.014690851792693138 0.07007336616516113 -0.034881096333265305 -0.00785297155380249 -0.06452877074480057 -0.07122884690761566 0.0010158777004107833 0.051960691809654236 -0.0200535636395216 -0.003660833928734064 0.0673842579126358 -0.05453305318951607 -0.05542239919304848 -0.01187062542885542 -0.06996327638626099 -0.03660306707024574 0.0277045089751482 -0.014120256528258324 -0.018661314621567726 0.003062476171180606 -0.05747785419225693 0.02618756704032421 0.050495147705078125 -0.010139649733901024 0.00600052997469902 -0.002642248058691621 0.006233011372387409 0.033797938376665115 -0.06424697488546371 0.014423942193388939 -0.1124052181839943 0.01863865926861763 -0.011438095942139626 -0.0433531291782856 -0.09434335678815842 0.015582271851599216 -0.04873184859752655 -0.022968897596001625 0.14862479269504547 0.0398467555642128 -0.07618575543165207 -0.05865436792373657 -0.08633939176797867 0.028040723875164986 -0.02672485075891018 0.024183860048651695 -0.024775957688689232 0.012651331722736359 -0.04063975811004639 -0.1556399017572403 -0.011654950678348541 -0.04664592072367668 -0.06905100494623184 0.009347999468445778 -0.04764602333307266 -0.07515309751033783 0.03909962251782417 -0.04957820102572441 -0.07200958579778671 -0.06119164451956749 -0.08064769953489304 -0.04023825004696846 -0.024058872833848 0.028229346498847008 -0.09118757396936417 -0.07471273839473724 -0.06585263460874557 0.012626762501895428 -0.0038460891228169203 0.0585852712392807 -0.011807074770331383 -0.019986005499958992 0.025740761309862137 -0.028708698228001595 -0.03446327894926071 -0.015944309532642365 0.021808424964547157 -0.003104231785982847 -0.008205427788197994 -0.054258037358522415 0.019956547766923904 0.052552033215761185 -0.07359504699707031 -0.054746340960264206 -0.033443693071603775 -0.03298138827085495 -0.0300703514367342 0.004653664959982004 0.013476222084586653 0.017613083928417015 0.02723347103960792 0.02482277797436761 0.024535387033881324 0.10260760002512896 0.3729738910522099 0.7925835130957185 -1.7603711 -1.451796 -1.4972422 -1.3381438 -1.3661397 -1.1680468 -1.5561447 -1.2612109 -1.5105233 -2.4444358 -2.0710824 -2.0991733 -1.9665238 -1.9501798 -1.6071616 -1.8343794 -1.6132395 -1.9165672
0 400 -0.07982809841632843 -0.07743272930383682 -0.07585210353136063 -0.013405321165919304 -0.06650596112012863 0.053320541977882385 0.0662611573934555 -0.063621386885643 0.017629023641347885 0.0840880423784256 -0.041857317090034485 -0.009423566050827503 -0.07743452489376068 -0.08547461777925491 0.0012190532870590687 0.06235283240675926 -0.024064278230071068 -0.004393001087009907 0.08086111396551132 -0.06543966382741928 -0.06650688499212265 -0.014244751073420048 -0.08395593613386154 -0.04392368346452713 0.03324541077017784 -0.01694430783390999 -0.02239357866346836 0.0036749716382473707 -0.06897342950105667 0.03142508119344711 0.06059417873620987 -0.012167580425739288 0.007200636435300112 -0.0031706977169960737 0.007479614112526178 0.04055752605199814 -0.0770963728427887 0.017308730632066727 -0.1348862648010254 0.022366391494870186 -0.013725715689361095 -0.0520237572491169 -0.11321203410625458 0.01869872771203518 -0.0584782212972641 -0.02756267786026001 0.17834976315498352 0.04781610891222954 -0.0914229080080986 -0.07038524746894836 -0.10360727459192276 0.03364887088537216 -0.032069820910692215 0.029020633548498154 -0.029731150716543198 0.015181598253548145 -0.04876771196722984 -0.18676789104938507 -0.01398594118654728 -0.05597510561347008 -0.08286120742559433 0.011217599734663963 -0.057175230234861374 -0.09018371999263763 0.046919550746679306 -0.05949384346604347 -0.0864115059375763 -0.07342997938394547 -0.09677724540233612 -0.04828590154647827 -0.02887064777314663 0.03387521579861641 -0.10942509025335312 -0.08965528756380081 -0.07902316749095917 0.015152115374803543 -0.004615307319909334 0.0703023299574852 -0.014168490655720234 -0.02398320846259594 0.030888915061950684 -0.03445043787360191 -0.04135593771934509 -0.019133172929286957 0.02617011032998562 -0.0037250781897455454 -0.009846514090895653 -0.06510964781045914 0.023947859182953835 0.06306244432926178 -0.08831405639648438 -0.0656956136226654 -0.04013243317604065 -0.039577666670084 -0.03608442470431328 0.003444047781958815 0.05198888564632648 0.05233543358648172 0.04397773499666867 0.04845366608015102 0.03445942584142767 0.18568116807921398 0.32230966626845786 0.9384574537042368 -1.4971509 -1.344662 -1.4935718 -1.4160337 -1.4965916 -1.237659 -1.511986 -0.48927128 -1.4573075 -2.138563 -2.1005003 -2.10543 -2.0002613 -1.9860132 -1.7848967 -1.7120535 -0.61041033 -1.8159173
1 400 -0.07982809841632843 -0.07743272930383682 -0.07585210353136063 -0.013405321165919304 -0.06650596112012863 0.053320541977882385 0.0662611573934555 -0.063621386885643 0.017629023641347885 0.0840880423784256 -0.041857317090034485 -0.009423566050827503 -0.07743452489376068 -0.08547461777925491 0.0012190532870590687 0.06235283240675926 -0.024064278230071068 -0.004393001087009907 0.08086111396551132 -0.06543966382741928 -0.06650688499212265 -0.014244751073420048 -0.08395593613386154 -0.04392368346452713 0.03324541077017784 -0.01694430783390999 -0.02239357866346836 0.0036749716382473707 -0.06897342950105667 0.03142508119344711 0.06059417873620987 -0.012167580425739288 0.007200636435300112 -0.0031706977169960737 0.007479614112526178 0.04055752605199814 -0.0770963728427887 0.017308730632066727 -0.1348862648010254 0.022366391494870186 -0.013725715689361095 -0.0520237572491169 -0.11321203410625458 0.01869872771203518 -0.0584782212972641 -0.02756267786026001 0.17834976315498352 0.04781610891222954 -0.0914229080080986 -0.07038524746894836 -0.10360727459192276 0.03364887088537216 -0.032069820910692215 0.029020633548498154 -0.029731150716543198 0.015181598253548145 -0.04876771196722984 -0.18676789104938507 -0.01398594118654728 -0.05597510561347008 -0.08286120742559433 0.011217599734663963 -0.057175230234861374 -0.09018371999263763 0.046919550746679306 -0.05949384346604347 -0.0864115059375763 -0.07342997938394547 -0.09677724540233612 -0.04828590154647827 -0.02887064777314663 0.03387521579861641 -0.10942509025335312 -0.08965528756380081 -0.07902316749095917 0.015152115374803543 -0.004615307319909334 0.0703023299574852 -0.014168490655720234 -0.02398320846259594 0.030888915061950684 -0.03445043787360191 -0.04135593771934509 -0.019133172929286957 0.02617011032998562 -0.0037250781897455454 -0.009846514090895653 -0.06510964781045914 0.023947859182953835 0.06306244432926178 -0.08831405639648438 -0.0656956136226654 -0.04013243317604065 -0.039577666670084 -0.03608442470431328 0.002348093377986854 0.014215174790189196 0.02067725780867321 0.01099755912786416 0.008414875336297766 0.019206357416842224 0.09541341771205107 0.34783396170836295 0.8314585737554275 -1.769715 -1.335836 -1.4196573 -1.4639133 -1.3639661 -1.1865222 -1.4714736 -0.9966287 -1.6070839 -2.4671712 -1.9609764 -1.9971862 -2.0755904 -1.9759202 -1.6424086 -1.6543019 -1.0837095 -2.0255802
2 400 -0.07982809841632843 -0.07743272930383682 -0.07585210353136063 -0.013405321165919304 -0.06650596112012863 0.053320541977882385 0.0662611573934555 -0.063621386885643 0.017629023641347885 0.0840880423784256 -0.041857317090034485 -0.009423566050827503 -0.07743452489376068 -0.08547461777925491 0.0012190532870590687 0.06235283240675926 -0.024064278230071068 -0.004393001087009907 0.08086111396551132 -0.06543966382741928 -0.06650688499212265 -0.014244751073420048 -0.08395593613386154 -0.04392368346452713 0.03324541077017784 -0.01694430783390999 -0.02239357866346836 0.0036749716382473707 -0.06897342950105667 0.03142508119344711 0.06059417873620987 -0.012167580425739288 0.007200636435300112 -0.0031706977169960737 0.007479614112526178 0.04055752605199814 -0.0770963728427887 0.017308730632066727 -0.1348862648010254 0.022366391494870186 -0.013725715689361095 -0.0520237572491169 -0.11321203410625458 0.01869872771203518 -0.0584782212972641 -0.02756267786026001 0.17834976315498352 0.04781610891222954 -0.0914229080080986 -0.07038524746894836 -0.10360727459192276 0.03364887088537216 -0.032069820910692215 0.029020633548498154 -0.029731150716543198 0.015181598253548145 -0.04876771196722984 -0.18676789104938507 -0.01398594118654728 -0.05597510561347008 -0.08286120742559433 0.011217599734663963 -0.057175230234861374 -0.09018371999263763 0.046919550746679306 -0.05949384346604347 -0.0864115059375763 -0.07342997938394547 -0.09677724540233612 -0.04828590154647827 -0.02887064777314663 0.03387521579861641 -0.10942509025335312 -0.08965528756380081 -0.07902316749095917 0.015152115374803543 -0.004615307319909334 0.0703023299574852 -0.014168490655720234 -0.02398320846259594 0.030888915061950684 -0.03445043787360191 -0.04135593771934509 -0.019133172929286957 0.02617011032998562 -0.0037250781897455454 -0.009846514090895653 -0.06510964781045914 0.023947859182953835 0.06306244432926178 -0.08831405639648438 -0.0656956136226654 -0.04013243317604065 -0.039577666670084 -0.03608442470431328 0.003728684493984242 0.01988950242708318 0.014516890205496088 0.018162445051543658 0.015067503269921345 0.013695930530602368 0.06673586921863275 0.28080007626711057 0.8688914366962384 -1.8756475 -1.5411977 -1.5551083 -1.4242424 -1.5216163 -1.2420851 -1.6649213 -1.3253378 -1.6413345 -2.6507192 -2.3129458 -2.3755 -2.223273 -2.292769 -1.8800817 -2.1088471 -1.8531373 -2.2277508
0 400 -0.09313277155160904 -0.09033817797899246 -0.08849411457777023 -0.015639539808034897 -0.07759028673171997 0.06220729649066925 0.07730468362569809 -0.07422494888305664 0.020567191764712334 0.09810271114110947 -0.04883353412151337 -0.010994159616529942 -0.0903402790427208 -0.09972038120031357 0.0014222287572920322 0.07274496555328369 -0.02807498909533024 -0.005125167313963175 0.09433796256780624 -0.0763462707400322 -0.07759135961532593 -0.016618875786662102 -0.0979485884308815 -0.05124429240822792 0.03878631070256233 -0.019768359139561653 -0.026125840842723846 0.004287466406822205 -0.08046899735927582 0.036662593483924866 0.07069320231676102 -0.014195509254932404 0.008400741964578629 -0.003699147142469883 0.008726215921342373 0.04731711372733116 -0.08994576334953308 0.020193519070744514 -0.1573673039674759 0.026094121858477592 -0.016013333573937416 -0.0606943815946579 -0.13208070397377014 0.021815180778503418 -0.06822458654642105 -0.032156456261873245 0.20807470381259918 0.05578545853495598 -0.10666005313396454 -0.08211611211299896 -0.12087514996528625 0.03925701230764389 -0.0374147891998291 0.03385740518569946 -0.034686341881752014 0.017711864784359932 -0.056895662099123 -0.21789586544036865 -0.016316929832100868 -0.06530428677797318 -0.09667140245437622 0.013087199069559574 -0.06670442968606949 -0.10521433502435684 0.05473947152495384 -0.06940948218107224 -0.10081341862678528 -0.08566830307245255 -0.11290677636861801 -0.056333549320697784 -0.03368242084980011 0.03952108323574066 -0.12766259908676147 -0.10459782928228378 -0.09219368547201157 0.017677467316389084 -0.005384524818509817 0.0820193812251091 -0.016529904678463936 -0.02798040769994259 0.03603706508874893 -0.04019217565655708 -0.04824858903884888 -0.02232203260064125 0.03053179383277893 -0.0043459245935082436 -0.011487598530948162 -0.07596125453710556 0.027939166873693466 0.07357284426689148 -0.10303306579589844 -0.07664487510919571 -0.046821169555187225 -0.04617394134402275 -0.04209849238395691 0.00281365905764575 0.04624047839308411 0.03520261505754312 0.028423324335389674 0.03263957144625186 0.014852076953139563 0.11002801444940348 0.26620269262849694 0.8948386331351847 -1.5878903 -1.3170269 -1.5998116 -1.5567774 -1.6463554 -1.3351966 -1.663233 -0.5875498 -1.5483449 -2.37332 -2.2374713 -2.4000587 -2.3298974 -2.3198962 -2.0738547 -2.0090039 -0.8655531 -1.9946328
1 400 -0.09313277155160904 -0.09033817797899246 -0.08849411457777023 -0.015639539808034897 -0.07759028673171997 0.06220729649066925 0.07730468362569809 -0.07422494888305664 0.020567191764712334 0.09810271114110947 -0.04883353412151337 -0.010994159616529942 -0.0903402790427208 -0.09972038120031357 0.0014222287572920322 0.07274496555328369 -0.02807498909533024 -0.005125167313963175 0.09433796256780624 -0.0763462707400322 -0.07759135961532593 -0.016618875786662102 -0.0979485884308815 -0.05124429240822792 0.03878631070256233 -0.019768359139561653 -0.026125840842723846 0.004287466406822205 -0.08046899735927582 0.036662593483924866 0.07069320231676102 -0.014195509254932404 0.008400741964578629 -0.003699147142469883 0.008726215921342373 0.04731711372733116 -0.08994576334953308 0.020193519070744514 -0.1573673039674759 0.026094121858477592 -0.016013333573937416 -0.0606943815946579 -0.13208070397377014 0.021815180778503418 -0.06822458654642105 -0.032156456261873245 0.20807470381259918 0.05578545853495598 -0.10666005313396454 -0.08211611211299896 -0.12087514996528625 0.03925701230764389 -0.0374147891998291 0.03385740518569946 -0.034686341881752014 0.017711864784359932 -0.056895662099123 -0.21789586544036865 -0.016316929832100868 -0.06530428677797318 -0.09667140245437622 0.013087199069559574 -0.06670442968606949 -0.10521433502435684 0.05473947152495384 -0.06940948218107224 -0.10081341862678528 -0.08566830307245255 -0.11290677636861801 -0.056333549320697784 -0.03368242084980011 0.03952108323574066 -0.12766259908676147 -0.10459782928228378 -0.09219368547201157 0.017677467316389084 -0.005384524818509817 0.0820193812251091 -0.016529904678463936 -0.02798040769994259 0.03603706508874893 -0.04019217565655708 -0.04824858903884888 -0.02232203260064125 0.03053179383277893 -0.0043459245935082436 -0.011487598530948162 -0.07596125453710556 0.027939166873693466 0.07357284426689148 -0.10303306579589844 -0.07664487510919571 -0.046821169555187225 -0.04617394134402275 -0.04209849238395691 0.0016590449899504442 0.012529726219096418 0.011907647414734478 0.007562113736332208 0.005094024850937824 0.007163002462719292 0.04819060939031555 0.2753851550846407 0.7386011909125004 -1.8882987 -1.3605247 -1.4861288 -1.5501753 -1.4783424 -1.2421985 -1.5491811 -1.0569652 -1.6864163 -2.7316406 -2.180323 -2.2104373 -2.3303878 -2.2943933 -1.9005613 -1.8712692 -1.3084092 -2.2100792
2 400 -0.09313277155160904 -0.09033817797899246 -0.08849411457777023 -0.015639539808034897 -0.07759028673171997 0.06220729649066925 0.07730468362569809 -0.07422494888305664 0.020567191764712334 0.09810271114110947 -0.04883353412151337 -0.010994159616529942 -0.0903402790427208 -0.09972038120031357 0.0014222287572920322 0.07274496555328369 -0.02807498909533024 -0.005125167313963175 0.09433796256780624 -0.0763462707400322 -0.07759135961532593 -0.016618875786662102 -0.0979485884308815 -0.05124429240822792 0.03878631070256233 -0.019768359139561653 -0.026125840842723846 0.004287466406822205 -0.08046899735927582 0.036662593483924866 0.07069320231676102 -0.014195509254932404 0.008400741964578629 -0.003699147142469883 0.008726215921342373 0.04731711372733116 -0.08994576334953308 0.020193519070744514 -0.1573673039674759 0.026094121858477592 -0.016013333573937416 -0.0606943815946579 -0.13208070397377014 0.021815180778503418 -0.06822458654642105 -0.032156456261873245 0.20807470381259918 0.05578545853495598 -0.10666005313396454 -0.08211611211299896 -0.12087514996528625 0.03925701230764389 -0.0374147891998291 0.03385740518569946 -0.034686341881752014 0.017711864784359932 -0.056895662099123 -0.21789586544036865 -0.016316929832100868 -0.06530428677797318 -0.09667140245437622 0.013087199069559574 -0.06670442968606949 -0.10521433502435684 0.05473947152495384 -0.06940948218107224 -0.10081341862678528 -0.08566830307245255 -0.11290677636861801 -0.056333549320697784 -0.03368242084980011 0.03952108323574066 -0.12766259908676147 -0.10459782928228378 -0.09219368547201157 0.017677467316389084 -0.005384524818509817 0.0820193812251091 -0.016529904678463936 -0.02798040769994259 0.03603706508874893 -0.04019217565655708 -0.04824858903884888 -0.02232203260064125 0.03053179383277893 -0.0043459245935082436 -0.011487598530948162 -0.07596125453710556 0.027939166873693466 0.07357284426689148 -0.10303306579589844 -0.07664487510919571 -0.046821169555187225 -0.04617394134402275 -0.04209849238395691 0.003023200629144584 0.014730420117938214 0.009506928194230536 0.012660174309211467 0.009121429799709485 0.008867741883978392 0.039745438399642063 0.2073250531250479 0.8558375247785481 -1.9671665 -1.5465038 -1.654539 -1.5312032 -1.6765778 -1.3148866 -1.7730132 -1.410581 -1.7149565 -2.900575 -2.5056095 -2.679881 -2.4997163 -2.6347039 -2.1531556 -2.3842154 -2.1122527 -2.4701564
0 400 -0.10643745958805084 -0.1032436415553093 -0.10113614052534103 -0.01787376217544079 -0.08867461234331131 0.07109405845403671 0.08834820985794067 -0.08482851833105087 0.02350536361336708 0.11211738735437393 -0.05580975487828255 -0.01256475504487753 -0.10324603319168091 -0.11396615952253342 0.0016254043439403176 0.08313710987567902 -0.03208570182323456 -0.0058573344722390175 0.10781481117010117 -0.08725288510322571 -0.0886758416891098 -0.01899300143122673 -0.11194124072790146 -0.05856490880250931 0.04432721436023712 -0.022592410445213318 -0.029858103021979332 0.004899961873888969 -0.09196456521749496 0.04190010949969292 0.08079224079847336 -0.016223439946770668 0.009600847959518433 -0.004227596800774336 0.009972818195819855 0.054076701402664185 -0.10279516130685806 0.023078307509422302 -0.17984835803508759 0.029821855947375298 -0.01830095425248146 -0.0693650096654892 -0.1509493738412857 0.024931635707616806 -0.0779709592461586 -0.03675023838877678 0.23779967427253723 0.06375481188297272 -0.12189721316099167 -0.09384699165821075 -0.13814303278923035 0.04486515745520592 -0.04275976121425629 0.03869417682290077 -0.03964153304696083 0.020242130383849144 -0.06502361595630646 -0.24902383983135223 -0.018647922202944756 -0.07463347166776657 -0.1104816123843193 0.01495679933577776 -0.0762336403131485 -0.12024495750665665 0.06255939602851868 -0.0793251246213913 -0.11521533876657486 -0.09790663421154022 -0.1290363222360611 -0.0643812045454979 -0.03849419578909874 0.04516695439815521 -0.14590011537075043 -0.11954038590192795 -0.10536421835422516 0.020202821120619774 -0.006153742782771587 0.093736432492733 -0.018891319632530212 -0.03197760879993439 0.04118521884083748 -0.04593391716480255 -0.05514124780893326 -0.025510895997285843 0.03489347919821739 -0.004966770764440298 -0.01312868483364582 -0.08681286126375198 0.03193047642707825 0.08408325165510178 -0.1177520751953125 -0.08759414404630661 -0.0535099096596241 -0.0527702234685421 -0.04811256378889084 0.0025114886349160994 0.041428684651431236 0.022598515489669273 0.018412161758775 0.022037341012686704 0.010045178472208916 0.08729523113702185 0.21810704296366124 0.8772303855527448 -1.6864389 -1.266831 -1.7016268 -1.7000507 -1.7641846 -1.418693 -1.8169814 -0.7296879 -1.6327145 -2.6280057 -2.3196013 -2.683705 -2.6598809 -2.6083922 -2.3311815 -2.3267596 -1.1744897 -2.147466
1 400 -0.10643745958805084 -0.1032436415553093 -0.10113614052534103 -0.01787376217544079 -0.08867461234331131 0.07109405845403671 0.08834820985794067 -0.08482851833105087 0.02350536361336708 0.11211738735437393 -0.05580975487828255 -0.01256475504487753 -0.10324603319168091 -0.11396615952253342 0.0016254043439403176 0.08313710987567902 -0.03208570182323456 -0.0058573344722390175 0.10781481117010117 -0.08725288510322571 -0.0886758416891098 -0.01899300143122673 -0.11194124072790146 -0.05856490880250931 0.04432721436023712 -0.022592410445213318 -0.029858103021979332 0.004899961873888969 -0.09196456521749496 0.04190010949969292 0.08079224079847336 -0.016223439946770668 0.009600847959518433 -0.004227596800774336 0.009972818195819855 0.054076701402664185 -0.10279516130685806 0.023078307509422302 -0.17984835803508759 0.029821855947375298 -0.01830095425248146 -0.0693650096654892 -0.1509493738412857 0.024931635707616806 -0.0779709592461586 -0.03675023838877678 0.23779967427253723 0.06375481188297272 -0.12189721316099167 -0.09384699165821075 -0.13814303278923035 0.04486515745520592 -0.04275976121425629 0.03869417682290077 -0.03964153304696083 0.020242130383849144 -0.06502361595630646 -0.24902383983135223 -0.018647922202944756 -0.07463347166776657 -0.1104816123843193 0.01495679933577776 -0.0762336403131485 -0.12024495750665665 0.06255939602851868 -0.0793251246213913 -0.11521533876657486 -0.09790663421154022 -0.1290363222360611 -0.0643812045454979 -0.03849419578909874 0.04516695439815521 -0.14590011537075043 -0.11954038590192795 -0.10536421835422516 0.020202821120619774 -0.006153742782771587 0.093736432492733 -0.018891319632530212 -0.03197760879993439 0.04118521884083748 -0.04593391716480255 -0.05514124780893326 -0.025510895997285843 0.03489347919821739 -0.004966770764440298 -0.01312868483364582 -0.08681286126375198 0.03193047642707825 0.08408325165510178 -0.1177520751953125 -0.08759414404630661 -0.0535099096596241 -0.0527702234685421 -0.04811256378889084 0.0012503487606101067 0.011069075483237536 0.008442807854557897 0.005222867642511541 0.0034340251232557006 0.0030595819218745914 0.03184463882354235 0.21322776494018922 0.6842553692014289 -1.996976 -1.3840199 -1.5539056 -1.6359826 -1.5827413 -1.3056184 -1.651789 -1.1150593 -1.7336962 -3.0077784 -2.3968966 -2.424433 -2.5838091 -2.5814385 -2.1485832 -2.142457 -1.5292598 -2.3860664
2 400 -0.10643745958805084 -0.1032436415553093 -0.10113614052534103 -0.01787376217544079 -0.08867461234331131 0.07109405845403671 0.08834820985794067 -0.08482851833105087 0.02350536361336708 0.11211738735437393 -0.05580975487828255 -0.01256475504487753 -0.10324603319168091 -0.11396615952253342 0.0016254043439403176 0.08313710987567902 -0.03208570182323456 -0.0058573344722390175 0.10781481117010117 -0.08725288510322571 -0.0886758416891098 -0.01899300143122673 -0.11194124072790146 -0.05856490880250931 0.04432721436023712 -0.022592410445213318 -0.029858103021979332 0.004899961873888969 -0.09196456521749496 0.04190010949969292 0.08079224079847336 -0.016223439946770668 0.009600847959518433 -0.004227596800774336 0.009972818195819855 0.054076701402664185 -0.10279516130685806 0.023078307509422302 -0.17984835803508759 0.029821855947375298 -0.01830095425248146 -0.0693650096654892 -0.1509493738412857 0.024931635707616806 -0.0779709592461586 -0.03675023838877678 0.23779967427253723 0.06375481188297272 -0.12189721316099167 -0.09384699165821075 -0.13814303278923035 0.04486515745520592 -0.04275976121425629 0.03869417682290077 -0.03964153304696083 0.020242130383849144 -0.06502361595630646 -0.24902383983135223 -0.018647922202944756 -0.07463347166776657 -0.1104816123843193 0.01495679933577776 -0.0762336403131485 -0.12024495750665665 0.06255939602851868 -0.0793251246213913 -0.11521533876657486 -0.09790663421154022 -0.1290363222360611 -0.0643812045454979 -0.03849419578909874 0.04516695439815521 -0.14590011537075043 -0.11954038590192795 -0.10536421835422516 0.020202821120619774 -0.006153742782771587 0.093736432492733 -0.018891319632530212 -0.03197760879993439 0.04118521884083748 -0.04593391716480255 -0.05514124780893326 -0.025510895997285843 0.03489347919821739 -0.004966770764440298 -0.01312868483364582 -0.08681286126375198 0.03193047642707825 0.08408325165510178 -0.1177520751953125 -0.08759414404630661 -0.0535099096596241 -0.0527702234685421 -0.04811256378889084 0.002310474201420496 0.01368145727895238 0.005999135866659832 0.00868410143315633 0.005548046056841567 0.005822495447843773 0.023691743435004554 0.15026275088012336 0.734711399798131 -2.0796359 -1.5492873 -1.7554061 -1.6523161 -1.8208356 -1.4161079 -1.8803668 -1.5156735 -1.7207284 -3.1805677 -2.7119591 -2.9845695 -2.7956467 -2.9591064 -2.458582 -2.6583111 -2.3930573 -2.615106
0 400 -0.11974213272333145 -0.11614909023046494 -0.11377815157175064 -0.02010798081755638 -0.09975893795490265 0.07998080551624298 0.09939173609018326 -0.09543207287788391 0.02644353173673153 0.1261320561170578 -0.06278596818447113 -0.014135348610579967 -0.11615178734064102 -0.12821191549301147 0.0018285798141732812 0.09352923929691315 -0.03609641268849373 -0.0065895006991922855 0.12129165977239609 -0.09815949201583862 -0.09976031631231308 -0.02136712521314621 -0.12593390047550201 -0.0658855214715004 0.04986811429262161 -0.025416461750864983 -0.03359036520123482 0.005512456875294447 -0.10346013307571411 0.04713761806488037 0.0908912643790245 -0.018251368775963783 0.010800953954458237 -0.004756046459078789 0.011219420470297337 0.06083628907799721 -0.11564455181360245 0.02596309594810009 -0.2023293823003769 0.033549584448337555 -0.020588573068380356 -0.0780356302857399 -0.16981804370880127 0.028048088774085045 -0.08771732449531555 -0.041344013065099716 0.2675246298313141 0.07172416150569916 -0.1371343582868576 -0.10557785630226135 -0.15541090071201324 0.050473302602767944 -0.04810472950339317 0.04353094846010208 -0.04459672421216965 0.022772395983338356 -0.07315156608819962 -0.2801518142223358 -0.020978910848498344 -0.08396265655755997 -0.1242918074131012 0.01682639867067337 -0.08576283603906631 -0.13527557253837585 0.07037931680679321 -0.08924075961112976 -0.12961724400520325 -0.1101449579000473 -0.14516586065292358 -0.07242884486913681 -0.04330597072839737 0.050812821835279465 -0.16413763165473938 -0.13448292016983032 -0.11853473633527756 0.022728171199560165 -0.00692296028137207 0.1054534837603569 -0.02125273458659649 -0.035974808037281036 0.04633336886763573 -0.05167565494775772 -0.06203389912843704 -0.028699755668640137 0.03925516456365585 -0.005587616935372353 -0.01476976927369833 -0.09766446799039841 0.03592178598046303 0.09459365904331207 -0.13247108459472656 -0.09854341298341751 -0.060198646038770676 -0.05936649814248085 -0.05412663146853447 0.00176406910792412 0.02878453358380422 0.013911907878613424 0.01197289291444285 0.013486299889905237 0.006560303974631676 0.06100564457668002 0.1723480560392192 0.8875744470463738 -1.8090208 -1.2652452 -1.8111024 -1.8496158 -1.8922846 -1.5171003 -1.9576916 -0.8698838 -1.7472608 -2.92186 -2.436466 -2.9824421 -2.9968576 -2.9317248 -2.612435 -2.651169 -1.4872061 -2.3672743
1 400 -0.11974213272333145 -0.11614909023046494 -0.11377815157175064 -0.02010798081755638 -0.09975893795490265 0.07998080551624298 0.09939173609018326 -0.09543207287788391 0.02644353173673153 0.1261320561170578 -0.06278596818447113 -0.014135348610579967 -0.11615178734064102 -0.12821191549301147 0.0018285798141732812 0.09352923929691315 -0.03609641268849373 -0.0065895006991922855 0.12129165977239609 -0.09815949201583862 -0.09976031631231308 -0.02136712521314621 -0.12593390047550201 -0.0658855214715004 0.04986811429262161 -0.025416461750864983 -0.03359036520123482 0.005512456875294447 -0.10346013307571411 0.04713761806488037 0.0908912643790245 -0.018251368775963783 0.010800953954458237 -0.004756046459078789 0.011219420470297337 0.06083628907799721 -0.11564455181360245 0.02596309594810009 -0.2023293823003769 0.033549584448337555 -0.020588573068380356 -0.0780356302857399 -0.16981804370880127 0.028048088774085045 -0.08771732449531555 -0.041344013065099716 0.2675246298313141 0.07172416150569916 -0.1371343582868576 -0.10557785630226135 -0.15541090071201324 0.050473302602767944 -0.04810472950339317 0.04353094846010208 -0.04459672421216965 0.022772395983338356 -0.07315156608819962 -0.2801518142223358 -0.020978910848498344 -0.08396265655755997 -0.1242918074131012 0.01682639867067337 -0.08576283603906631 -0.13527557253837585 0.07037931680679321 -0.08924075961112976 -0.12961724400520325 -0.1101449579000473 -0.14516586065292358 -0.07242884486913681 -0.04330597072839737 0.050812821835279465 -0.16413763165473938 -0.13448292016983032 -0.11853473633527756 0.022728171199560165 -0.00692296028137207 0.1054534837603569 -0.02125273458659649 -0.035974808037281036 0.04633336886763573 -0.05167565494775772 -0.06203389912843704 -0.028699755668640137 0.03925516456365585 -0.005587616935372353 -0.01476976927369833 -0.09766446799039841 0.03592178598046303 0.09459365904331207 -0.13247108459472656 -0.09854341298341751 -0.060198646038770676 -0.05936649814248085 -0.05412663146853447 0.0009421100297571985 0.010081278926895114 0.005985785950428018 0.0034056617255401244 0.002544116168468503 0.0022052534537339266 0.021236810233436085 0.1588483759366319 0.6235030146244639 -2.1059883 -1.384354 -1.6218665 -1.7318431 -1.6943359 -1.3641969 -1.7593862 -1.1752195 -1.780202 -3.2850964 -2.5690846 -2.63985 -2.863499 -2.85571 -2.3545916 -2.4093242 -1.7564 -2.5823014
2 400 -0.11974213272333145 -0.11614909023046494 -0.11377815157175064 -0.02010798081755638 -0.09975893795490265 0.07998080551624298 0.09939173609018326 -0.09543207287788391 0.02644353173673153 0.1261320561170578 -0.06278596818447113 -0.014135348610579967 -0.11615178734064102 -0.12821191549301147 0.0018285798141732812 0.09352923929691315 -0.03609641268849373 -0.0065895006991922855 0.12129165977239609 -0.09815949201583862 -0.09976031631231308 -0.02136712521314621 -0.12593390047550201 -0.0658855214715004 0.04986811429262161 -0.025416461750864983 -0.03359036520123482 0.005512456875294447 -0.10346013307571411 0.04713761806488037 0.0908912643790245 -0.018251368775963783 0.010800953954458237 -0.004756046459078789 0.011219420470297337 0.06083628907799721 -0.11564455181360245 0.02596309594810009 -0.2023293823003769 0.033549584448337555 -0.020588573068380356 -0.0780356302857399 -0.16981804370880127 0.028048088774085045 -0.08771732449531555 -0.041344013065099716 0.2675246298313141 0.07172416150569916 -0.1371343582868576 -0.10557785630226135 -0.15541090071201324 0.050473302602767944 -0.04810472950339317 0.04353094846010208 -0.04459672421216965 0.022772395983338356 -0.07315156608819962 -0.2801518142223358 -0.020978910848498344 -0.08396265655755997 -0.1242918074131012 0.01682639867067337 -0.08576283603906631 -0.13527557253837585 0.07037931680679321 -0.08924075961112976 -0.12961724400520325 -0.1101449579000473 -0.14516586065292358 -0.07242884486913681 -0.04330597072839737 0.050812821835279465 -0.16413763165473938 -0.13448292016983032 -0.11853473633527756 0.022728171199560165 -0.00692296028137207 0.1054534837603569 -0.02125273458659649 -0.035974808037281036 0.04633336886763573 -0.05167565494775772 -0.06203389912843704 -0.028699755668640137 0.03925516456365585 -0.005587616935372353 -0.01476976927369833 -0.09766446799039841 0.03592178598046303 0.09459365904331207 -0.13247108459472656 -0.09854341298341751 -0.060198646038770676 -0.05936649814248085 -0.05412663146853447 0.0016394031507879672 0.013033645922600397 0.0035000892433033077 0.0053150507353124845 0.0036465828253827892 0.003658930260909822 0.014271599851656894 0.10913665166584477 0.5670149509274937 -2.1908226 -1.5504167 -1.8608248 -1.7940929 -1.9274409 -1.5235871 -1.9832697 -1.6457614 -1.7502366 -3.4616787 -2.909476 -3.2896726 -3.1366384 -3.2315915 -2.772733 -2.9519446 -2.7056453 -2.7748144
0 400 -0.13304682075977325 -0.12905454635620117 -0.12642017006874084 -0.022342201322317123 -0.11084326356649399 0.08886756747961044 0.11043526232242584 -0.10603564232587814 0.029381703585386276 0.14014673233032227 -0.06976219266653061 -0.01570594310760498 -0.12905754148960114 -0.14245769381523132 0.0020317554008215666 0.10392138361930847 -0.0401071272790432 -0.007321667857468128 0.1347685158252716 -0.10906610637903214 -0.11084479838609695 -0.02374125085771084 -0.13992655277252197 -0.07320613414049149 0.0554090179502964 -0.028240513056516647 -0.03732262924313545 0.006124952342361212 -0.11495570838451385 0.05237513408064842 0.10099029541015625 -0.020279299467802048 0.01200105994939804 -0.005284496117383242 0.012466022744774818 0.06759587675333023 -0.12849394977092743 0.028847884386777878 -0.2248104363679886 0.03727731853723526 -0.02287619188427925 -0.0867062583565712 -0.18868671357631683 0.031164543703198433 -0.0974636971950531 -0.04593779519200325 0.29724958539009094 0.0796935111284256 -0.15237151086330414 -0.11730873584747314 -0.17267878353595734 0.05608144775032997 -0.05344970151782036 0.04836772009730339 -0.049551915377378464 0.025302663445472717 -0.08127951622009277 -0.3112798035144806 -0.023309901356697083 -0.09329184144735336 -0.13810200989246368 0.018695998936891556 -0.09529204666614532 -0.15030619502067566 0.07819924503564835 -0.09915640205144882 -0.14401917159557343 -0.12238328903913498 -0.16129539906978607 -0.08047650009393692 -0.048117745667696 0.056458692997694016 -0.18237514793872833 -0.1494254767894745 -0.13170526921749115 0.025253525003790855 -0.0076921782456338406 0.1171705424785614 -0.023614149540662766 -0.039972010999917984 0.051481522619724274 -0.05741739645600319 -0.06892655789852142 -0.03188861906528473 0.043616849929094315 -0.006208463571965694 -0.01641085557639599 -0.10851607471704483 0.03991309553384781 0.10510406643152237 -0.14719009399414062 -0.10949268192052841 -0.06688738614320755 -0.0659627765417099 -0.0601407028734684 0.0012407463713431815 0.020666209001291954 0.008622148762983596 0.007795009426482919 0.008192921703691665 0.004188289482278185 0.04072118614994392 0.1317180440766851 0.8663716968164645 -1.936951 -1.3067323 -1.9360715 -1.9983578 -2.0200093 -1.6206613 -2.0753903 -1.0118309 -1.8295598 -3.221864 -2.6325388 -3.29646 -3.3330183 -3.2545996 -2.9049778 -2.9371986 -1.8070791 -2.5993466
1 400 -0.13304682075977325 -0.12905454635620117 -0.12642017006874084 -0.022342201322317123 -0.11084326356649399 0.08886756747961044 0.11043526232242584 -0.10603564232587814 0.029381703585386276 0.14014673233032227 -0.06976219266653061 -0.01570594310760498 -0.12905754148960114 -0.14245769381523132 0.0020317554008215666 0.10392138361930847 -0.0401071272790432 -0.007321667857468128 0.1347685158252716 -0.10906610637903214 -0.11084479838609695 -0.02374125085771084 -0.13992655277252197 -0.07320613414049149 0.0554090179502964 -0.028240513056516647 -0.03732262924313545 0.006124952342361212 -0.11495570838451385 0.05237513408064842 0.10099029541015625 -0.020279299467802048 0.01200105994939804 -0.005284496117383242 0.012466022744774818 0.06759587675333023 -0.12849394977092743 0.028847884386777878 -0.2248104363679886 0.03727731853723526 -0.02287619188427925 -0.0867062583565712 -0.18868671357631683 0.031164543703198433 -0.0974636971950531 -0.04593779519200325 0.29724958539009094 0.0796935111284256 -0.15237151086330414 -0.11730873584747314 -0.17267878353595734 0.05608144775032997 -0.05344970151782036 0.04836772009730339 -0.049551915377378464 0.025302663445472717 -0.08127951622009277 -0.3112798035144806 -0.023309901356697083 -0.09329184144735336 -0.13810200989246368 0.018695998936891556 -0.09529204666614532 -0.15030619502067566 0.07819924503564835 -0.09915640205144882 -0.14401917159557343 -0.12238328903913498 -0.16129539906978607 -0.08047650009393692 -0.048117745667696 0.056458692997694016 -0.18237514793872833 -0.1494254767894745 -0.13170526921749115 0.025253525003790855 -0.0076921782456338406 0.1171705424785614 -0.023614149540662766 -0.039972010999917984 0.051481522619724274 -0.05741739645600319 -0.06892655789852142 -0.03188861906528473 0.043616849929094315 -0.006208463571965694 -0.01641085557639599 -0.10851607471704483 0.03991309553384781 0.10510406643152237 -0.14719009399414062 -0.10949268192052841 -0.06688738614320755 -0.0659627765417099 -0.0601407028734684 0.0006931339129304673 0.0073805251033691325 0.003727139027244922 0.002137906169876636 0.0017258140340576506 0.0015872529944093508 0.01417938865233496 0.10902945963155809 0.5573253960748015 -2.2203913 -1.4206523 -1.7272307 -1.8618157 -1.8030393 -1.4236766 -1.867656 -1.2379415 -1.8272904 -3.568236 -2.7604277 -2.930018 -3.1883967 -3.1291199 -2.562792 -2.6761394 -1.999932 -2.7736557
2 400 -0.13304682075977325 -0.12905454635620117 -0.12642017006874084 -0.022342201322317123 -0.11084326356649399 0.08886756747961044 0.11043526232242584 -0.10603564232587814 0.029381703585386276 0.14014673233032227 -0.06976219266653061 -0.01570594310760498 -0.12905754148960114 -0.14245769381523132 0.0020317554008215666 0.10392138361930847 -0.0401071272790432 -0.007321667857468128 0.1347685158252716 -0.10906610637903214 -0.11084479838609695 -0.02374125085771084 -0.13992655277252197 -0.07320613414049149 0.0554090179502964 -0.028240513056516647 -0.03732262924313545 0.006124952342361212 -0.11495570838451385 0.05237513408064842 0.10099029541015625 -0.020279299467802048 0.01200105994939804 -0.005284496117383242 0.012466022744774818 0.06759587675333023 -0.12849394977092743 0.028847884386777878 -0.2248104363679886 0.03727731853723526 -0.02287619188427925 -0.0867062583565712 -0.18868671357631683 0.031164543703198433 -0.0974636971950531 -0.04593779519200325 0.29724958539009094 0.0796935111284256 -0.15237151086330414 -0.11730873584747314 -0.17267878353595734 0.05608144775032997 -0.05344970151782036 0.04836772009730339 -0.049551915377378464 0.025302663445472717 -0.08127951622009277 -0.3112798035144806 -0.023309901356697083 -0.09329184144735336 -0.13810200989246368 0.018695998936891556 -0.09529204666614532 -0.15030619502067566 0.07819924503564835 -0.09915640205144882 -0.14401917159557343 -0.12238328903913498 -0.16129539906978607 -0.08047650009393692 -0.048117745667696 0.056458692997694016 -0.18237514793872833 -0.1494254767894745 -0.13170526921749115 0.025253525003790855 -0.0076921782456338406 0.1171705424785614 -0.023614149540662766 -0.039972010999917984 0.051481522619724274 -0.05741739645600319 -0.06892655789852142 -0.03188861906528473 0.043616849929094315 -0.006208463571965694 -0.01641085557639599 -0.10851607471704483 0.03991309553384781 0.10510406643152237 -0.14719009399414062 -0.10949268192052841 -0.06688738614320755 -0.0659627765417099 -0.0601407028734684 0.0011384582437572236 0.012230740260627341 0.002073187281861541 0.0033276079141987347 0.002449717726998666 0.0021871678499141498 0.008657984066038266 0.07889975438635037 0.5010487035050141 -2.3021436 -1.557721 -1.9659817 -1.941705 -2.0324903 -1.628629 -2.110935 -1.777561 -1.791661 -3.7439044 -3.1151175 -3.5860221 -3.477171 -3.5037534 -3.084854 -3.2775714 -3.0202138 -2.9668944
-0.17820606 -0.093623765 0.3318808 -0.12972559 
0.27686292 -0.13943323 0.25805858 0.039569866 
0.0055982545 -0.25415656 0.3640672 0.109501466 
0.08580274 -0.38899785 -0.02686411 -0.34544367 
-0.1779479 -0.6952775 0.3803984 -0.074709505 
-0.03621503 -0.027130647 -0.14258528 0.16322474 
-0.4021771 0.07356657 -0.19223411 -0.10620527 
0.16911046 -0.078519344 0.22365975 0.03456034 
0.03359896 -0.061179437 -0.06462199 0.015350761 
-0.2586019 0.17863558 -0.32010284 -0.12064907 
-0.2393003 0.14250243 0.19868861 -0.032492537 
0.0015335988 0.12632312 0.026058545 0.0226656 
0.24876425 -0.12910755 0.2769956 0.079580665 
0.34990355 -0.049206655 0.16625361 -0.24687485 
-0.0029992333 0.28267506 -0.112496026 -0.2194579 
0.10197076 0.077857845 -0.20443287 0.24425106 
-0.547732 -0.27578256 0.20345536 -0.24706672 
-0.14958826 0.058515027 0.100916736 0.16090448 
-0.09550892 0.14089665 -0.22571 0.2619643 
0.14210713 0.2091457 0.22469822 0.11760256 
-0.059985794 0.31499776 0.30141208 0.21836217 
0.22204678 -0.06392653 0.03675141 0.10445403 
0.74421495 0.18822351 0.14628828 0.15274033 
0.13993344 -0.23668776 0.16379602 -0.006090312 
0.17077485 0.25526497 -0.15180446 0.18880688 
0.29492283 0.23610745 -0.014283319 0.10386264 
-0.074429356 -0.15154885 0.07193701 -0.17894368 
0.0041305535 0.22534296 -0.00087918213 0.14431651 
0.4250647 0.007943883 0.021862198 -0.4097634 
-0.19701463 0.008262074 -0.082825296 -0.041059304 
-0.25446022 -0.5034563 -0.16568048 -0.21628514 
0.74822485 0.63676065 -0.29240152 -0.14931469 
-0.17428534 -0.08681247 -0.05018288 -0.2580971 
-0.0665998 0.16130331 0.10167179 0.29480857 
0.5506095 0.44012383 -0.24991907 -0.02965427 
0.06143929 0.35169917 -0.195574 0.088319965 
0.0035236806 0.33324116 0.24282931 -0.03418462 
0.14249736 0.3157003 -0.19495986 -0.14170393 
-0.11218677 0.41071323 0.39460972 -0.332603 
0.23606509 0.28729966 -0.20471191 -0.041834906 
-0.4571234 -0.17856295 0.21856771 0.048553243 
-0.30299178 -0.083762854 0.19181766 -0.33301917 
0.33191156 0.4673685 0.19038515 -0.30242443 
-0.13118184 -0.11038104 0.006345653 0.088864475 
-0.31215692 0.026358915 0.25426966 -0.17520182 
-0.1636975 0.19607933 0.12469179 -0.0014816163 
-0.19748157 -0.33998352 -0.4754344 0.37606958 
-0.056445394 0.1453088 -0.20021485 -0.028745577 
-0.09892997 0.16313365 0.27924612 -0.2582355 
0.097301856 0.30894282 0.2199353 0.046521865 
0.21520032 0.09115805 0.36528975 0.10318954 
0.03757085 -0.13348795 0.010827743 0.42268175 
0.7181084 0.66483015 -0.3091433 -0.4609619 
-0.17139913 0.10141376 -0.011889816 0.2160287 
0.015787845 0.21346498 0.009073197 -0.23067352 
-0.14718403 -0.117435426 0.0079744905 0.033813335 
-0.050267298 -0.23129272 0.2608285 0.07877081 
0.27440748 0.25996852 0.588136 -0.09239053 
-0.19328152 -0.26739937 -0.03260781 -0.5586178 
-0.14596966 0.04293982 0.22912459 -0.07307315 
-0.3960819 -0.40955713 0.42203024 -0.20833342 
0.19545716 0.36060616 -0.19611438 -0.15503861 
0.10721184 -0.18754685 0.27229762 0.16649395 
-0.060375977 -0.14847633 0.36164328 -0.085463725 
-0.5812313 -0.12719893 -0.04040563 -0.10713183 
-0.32370389 -0.092179686 0.33456156 0.004117304 
-0.08978281 0.13924877 0.24542603 -0.30583003 
0.010543188 0.082349695 0.23427491 -0.11941487 
0.13223873 0.07047175 0.34822053 0.052750506 
-0.6792051 -0.2638795 0.2642948 -0.46151036 
-0.092645094 -0.097747296 0.17532372 0.07545438 
0.04715216 0.030715004 -0.2157934 -0.21011384 
0.24272113 0.20217223 0.29665834 -0.112940975 
0.1763625 -0.33284312 0.36110616 0.043307092 
-0.07609975 0.06027037 0.29779884 -0.07215148 
-0.04243835 0.050280433 -0.06447135 -0.031698264 
0.22757433 -0.30214185 0.024935035 0.0865827 
-0.10055922 -0.08686258 -0.27354372 -0.12274514 
0.032449994 0.16089904 -0.0134078385 -0.11858431 
-0.013159426 -0.03476207 0.10521704 0.010381386 
-0.044613324 -0.0031184067 -0.05773879 0.15814075 
0.13491675 0.26954082 0.1480953 0.27742887 
0.27800408 0.21529433 0.13761228 0.2591772 
0.20736288 0.23485033 -0.015331598 -0.0025323539 
0.024188552 0.1902963 -0.076454125 0.18470679 
0.18457119 0.15902188 -0.08105948 -0.07308639 
0.048747856 0.09435669 0.073021255 0.19254191 
0.23969483 -0.00021557622 0.24896099 0.19120054 
-0.09820627 -0.15763788 -0.01564913 0.091907814 
0.11137412 0.1462827 -0.19539137 0.31949306 
0.027055988 -0.05295338 0.34110478 -0.010148226 
-0.13498698 0.049982715 0.22343254 -0.19816905 
-0.29427814 -0.20348243 0.19345365 -0.22614086 
0.15745431 0.21481109 0.09985457 0.057587743 
0.041714564 -0.047645375 0.124253236 -0.036756203 
