NR_0029 NR_0031 NR_0028 NR_0024 NYU-65 NR_0027 UCLA049 PL015 NR_0021 KS091 KS096 KS094 NR_0020 NR_0019 SWC_066 UCLA044 KS086 UCLA035 UCLA033 UCLA037 UCLA034 PL017 NYU-45 NYU-48 NYU-47 NYU-46 ibl_witten_29 ZFM-02372 NYU-39 KS051 ZFM-02370 NYU-40 ZFM-01937 ZFM-01935 NYU-37 ibl_witten_26 ZFM-01936 ibl_witten_27 SWC_058 KS044 ibl_witten_25 KS043 KS046 ZFM-01576 SWC_061 SWC_060 KS042 SWC_053 ZFM-01577 ZFM-01592 SWC_052 NYU-30 DY_018 SWC_054 DY_020 SWC_043 CSH_ZAD_029 DY_016 CSH_ZAD_026 ibl_witten_20 ibl_witten_18 NYU-21 CSH_ZAD_019 CSH_ZAD_025 SWC_038 ibl_witten_17 ZM_3003 ibl_witten_19 DY_014 SWC_042 CSHL058 CSH_ZAD_022 CSH_ZAD_011 CSHL060 DY_013 DY_009 CSHL059 DY_008 CSHL045 NYU-11 CSHL052 DY_011 CSHL053 ZM_2241 DY_010 ZM_2240 NYU-12 CSHL047 CSHL049 ZM_1898 KS023 KS016 KS014 ZM_1897 ibl_witten_13 
0 2.3818324 1.1227373 0.8119306 3.345451 1.408 0.44165975
1 2.279727 1.0890367 0.8259438 2.360355 1.1132905 0.8116134
2 2.2052019 1.0466086 0.829173 2.310438 1.0848725 0.8126031
3 2.1583724 1.0209141 0.8297335 2.2775168 1.0825244 0.80997205
4 2.136217 1.0056722 0.83066285 2.429652 1.1934412 0.8069822
5 2.1292412 1.0037186 0.831516 2.4896376 1.2464622 0.815092
6 2.1147687 0.9950381 0.83117753 2.4078078 1.1904843 0.81668466
7 2.1056762 0.9907339 0.8317662 2.3536363 1.1532317 0.8170398
8 2.096052 0.98556715 0.8315114 2.342257 1.1363051 0.81686866
9 2.089718 0.9799492 0.8322494 2.3570333 1.1332146 0.8139539
10 2.0867229 0.9768546 0.83240134 2.328366 1.1221163 0.8160881
11 2.0849197 0.97546995 0.8334048 2.329293 1.1311151 0.81704587
12 2.0754285 0.9705334 0.83329904 2.3056648 1.1051755 0.8140238
13 2.0621948 0.962975 0.834338 2.3051255 1.0965784 0.8133382
14 2.0480447 0.95390946 0.8344433 2.310441 1.101369 0.81416047
15 2.0378006 0.9469996 0.8354499 2.337158 1.1118846 0.8156644
16 2.0341492 0.9461657 0.8354468 2.457181 1.1837016 0.81630784
17 2.0416946 0.9537589 0.83473915 2.3059795 1.0996643 0.81992596
18 2.0319524 0.9426536 0.8355625 2.2132328 1.0520191 0.8208749
19 2.0334432 0.9414631 0.8358675 2.2421517 1.0759599 0.8203389
20 2.0351105 0.94421077 0.83550286 2.1921554 1.0395515 0.82148284
21 2.0350003 0.94294065 0.8350122 2.17346 1.0321441 0.82022315
22 2.046529 0.9529266 0.8351359 2.1973848 1.0551698 0.8224614
23 2.0326765 0.9460174 0.8351611 2.2012537 1.0326226 0.8218435
24 2.0150092 0.93519604 0.83540213 2.1892855 1.0212431 0.82204694
25 2.0048482 0.9256901 0.83518153 2.1698883 1.0122921 0.8213685
26 1.9859565 0.91304195 0.83629715 2.1782625 1.0148703 0.8205487
27 1.9761481 0.9072992 0.8365606 2.1555362 1.0076793 0.8198366
28 1.9724752 0.9047265 0.83671874 2.134859 0.9929646 0.81863594
29 1.9822185 0.91106045 0.8366376 2.1480484 1.0012691 0.8208875
30 2.0117733 0.9264937 0.8374762 2.193355 1.0274311 0.818179
31 2.0269766 0.9374241 0.83716625 2.2535243 1.0633291 0.81552196
32 1.9895866 0.9143021 0.83740216 2.2030933 1.0449114 0.8158515
33 1.972448 0.9054868 0.8378564 2.2041373 1.0435232 0.8173795
34 1.9697641 0.9052795 0.8378277 2.2530885 1.0754354 0.8123393
35 1.9730145 0.9061982 0.8380471 2.2866867 1.0906978 0.81153303
36 1.9734023 0.9044605 0.8375939 2.267797 1.0904781 0.81304693
37 1.9805533 0.9097347 0.83712286 2.2644944 1.1002342 0.82000154
38 1.9727312 0.90517634 0.8369542 2.2424722 1.0975789 0.82184094
39 1.9840385 0.9125836 0.837847 2.323321 1.1539729 0.82232463
40 1.9964601 0.9235212 0.8371849 2.3563857 1.166044 0.8210558
41 1.9798185 0.90897787 0.8374503 2.1874378 1.0387746 0.82095945
42 1.9679663 0.9022578 0.83815634 2.1616569 1.016819 0.82185405
43 1.960245 0.89793956 0.8383267 2.1647859 1.0281053 0.8205421
44 1.961907 0.89939004 0.8383446 2.151946 1.0116513 0.8222538
45 1.955666 0.8948103 0.8379235 2.1353297 1.0036107 0.8205965
46 1.9525892 0.89338624 0.8384183 2.1412134 1.001254 0.8225108
47 1.9500299 0.89319736 0.838725 2.1496294 1.0062273 0.8241427
48 1.9516809 0.89451575 0.83891106 2.1850512 1.0266854 0.8195489
49 1.9465657 0.89065975 0.8389212 2.1811616 1.0359497 0.8216479
50 1.9501987 0.89111936 0.8378714 2.2208786 1.0645503 0.82011616
51 1.9413427 0.88856584 0.83884037 2.1945543 1.0553284 0.8226514
52 1.9382114 0.8850257 0.83936965 2.204727 1.0698377 0.82079643
53 1.9406435 0.88493973 0.8387123 2.2235444 1.077554 0.8234989
54 1.9431854 0.88641405 0.838682 2.2670646 1.100861 0.8237839
55 1.954014 0.8942421 0.83839905 2.2597194 1.0966043 0.82274735
56 1.9566327 0.89551884 0.8381274 2.2209313 1.0733672 0.8247356
57 1.960446 0.9000863 0.83800197 2.2018611 1.0428362 0.8253395
58 1.9479012 0.88984364 0.8380728 2.1774049 1.0240957 0.82134086
59 1.9413124 0.8864425 0.83789146 2.156227 1.0180598 0.8234689
60 1.9294528 0.87892884 0.83902156 2.1479173 1.0105351 0.8238825
61 1.9244853 0.87469786 0.8392752 2.1410263 1.0086253 0.8218711
62 1.9205406 0.87152314 0.83920145 2.1568804 1.0151745 0.8228507
63 1.9192253 0.8715057 0.83979213 2.1426678 1.0013703 0.8261165
64 1.9193794 0.8726208 0.83971936 2.1568758 1.0168164 0.8236236
65 1.9202659 0.8739173 0.8394351 2.1583292 1.0113999 0.8244142
66 1.9205503 0.8737985 0.83950555 2.1795151 1.027562 0.8228453
67 1.9234761 0.87526727 0.83913445 2.1703765 1.0233319 0.82657826
68 1.920586 0.8738967 0.83949393 2.202774 1.0389731 0.8247627
69 1.928718 0.87914073 0.8395275 2.175078 1.0357544 0.8258752
70 1.9190549 0.87226987 0.8390087 2.1228857 1.0006679 0.82677877
71 1.9201179 0.8732694 0.8393649 2.144477 1.0090414 0.8249587
72 1.9167869 0.87113875 0.8395001 2.1218855 0.9946397 0.8272713
73 1.9148338 0.8709589 0.8397585 2.1483414 0.9997548 0.8242084
74 1.9129157 0.87003773 0.839299 2.1784406 1.0226562 0.825648
75 1.9158893 0.87118065 0.83968335 2.1784766 1.025663 0.8246776
76 1.9138745 0.8694167 0.83958995 2.1608133 1.0208848 0.8284217
77 1.9178637 0.8722364 0.83985865 2.2342422 1.0615311 0.8213225
78 1.9167492 0.8725827 0.84000367 2.182844 1.0380831 0.82587594
79 1.9177119 0.87263256 0.8397808 2.1372755 1.0102069 0.8246156
80 1.9225109 0.8751496 0.8391779 2.1722336 1.0353596 0.8236925
81 1.9153434 0.8702937 0.83922327 2.1709898 1.0214578 0.8258369
82 1.9134014 0.86928445 0.84023505 2.1448166 1.0101055 0.8227889
83 1.911966 0.86866874 0.8390052 2.1605244 1.0225047 0.82217044
84 1.9121754 0.8689628 0.8397897 2.1776183 1.0343815 0.8241925
85 1.9064192 0.8647707 0.8399251 2.1353388 1.0068179 0.8241408
86 1.9125391 0.8689155 0.839205 2.177028 1.0256138 0.82189095
87 1.9068911 0.8660072 0.8401838 2.1532888 1.0142306 0.82553774
88 1.9059536 0.86523795 0.83937585 2.163387 1.0187384 0.81982
89 1.9105642 0.868518 0.84010845 2.1639678 1.0165462 0.8241044
90 1.9097679 0.86751527 0.83991724 2.142999 1.0077053 0.82159513
91 1.9080416 0.8663249 0.83938795 2.1796076 1.0278795 0.8190009
92 1.9030828 0.8630787 0.8401115 2.1550603 1.0147637 0.8254734
93 1.9043338 0.86529523 0.84084684 2.1384342 1.0035493 0.8250118
94 1.9029746 0.8644422 0.8402278 2.1391885 1.0052025 0.8268941
95 1.9090537 0.8681902 0.83996695 2.1624 1.0165112 0.824501
96 1.9039134 0.86369437 0.8404642 2.1346807 1.0016658 0.8241333
97 1.9066378 0.8662659 0.8402209 2.134517 0.9975513 0.82316744
98 1.9077489 0.8662773 0.8396074 2.1487367 1.0130756 0.82253253
99 1.9013934 0.8628048 0.8402444 2.1208508 0.9992106 0.8252102
0 0 0.0 0.0 0.0 0.0 0.0 0.0 0.0 0.0 0.0 0.0 0.0 0.0 0.0 0.0 0.0 0.0 0.0 0.0 0.0 0.0 0.0 0.0 0.0 0.0 0.0 0.0 0.0 0.0 0.0 0.0 0.0 0.0 0.0 0.0 0.0 0.0 0.0 0.0 0.0 0.0 0.0 0.0 0.0 0.0 0.0 0.0 0.0 0.0 0.0 0.0 0.0 0.0 0.0 0.0 0.0 0.0 0.0 0.0 0.0 0.0 0.0 0.0 0.0 0.0 0.0 0.0 0.0 0.0 0.0 0.0 0.0 0.0 0.0 0.0 0.0 0.0 0.0 0.0 0.0 0.0 0.0 0.0 0.0 0.0 0.0 0.0 0.0 0.0 0.0 0.0 0.0 0.0 0.0 0.0 0.0 0.020789544955099028 0.07912641114574512 0.29614169600215096 0.555106764281085 0.692890595007853 0.7972981459623252 0.9112389059350962 0.9555830033023385 0.9882898964842783 -1.0288963 -0.88311696 -0.8028531 -0.6161711 -0.46269166 -0.5783012 -0.741902 -0.91855806 -1.0490996 -1.1179332 -0.870028 -0.6694083 -0.21862783 -0.123686716 -0.2731875 -0.64159214 -0.92188424 -1.1698482
1 0 0.0 0.0 0.0 0.0 0.0 0.0 0.0 0.0 0.0 0.0 0.0 0.0 0.0 0.0 0.0 0.0 0.0 0.0 0.0 0.0 0.0 0.0 0.0 0.0 0.0 0.0 0.0 0.0 0.0 0.0 0.0 0.0 0.0 0.0 0.0 0.0 0.0 0.0 0.0 0.0 0.0 0.0 0.0 0.0 0.0 0.0 0.0 0.0 0.0 0.0 0.0 0.0 0.0 0.0 0.0 0.0 0.0 0.0 0.0 0.0 0.0 0.0 0.0 0.0 0.0 0.0 0.0 0.0 0.0 0.0 0.0 0.0 0.0 0.0 0.0 0.0 0.0 0.0 0.0 0.0 0.0 0.0 0.0 0.0 0.0 0.0 0.0 0.0 0.0 0.0 0.0 0.0 0.0 0.0 0.0 0.02881357776541111 0.05061184489078963 0.13390619149611094 0.31169751510218835 0.47955841747816863 0.584297834333201 0.8063335660057375 0.9274491037623326 0.979455896836255 -1.0814413 -0.9776748 -0.865887 -0.7132028 -0.5928687 -0.6904874 -0.82290244 -0.8928392 -1.0175321 -1.1370167 -0.9895821 -0.77795 -0.5015157 -0.22064894 -0.37618715 -0.6640703 -0.814658 -1.1136141
2 0 0.0 0.0 0.0 0.0 0.0 0.0 0.0 0.0 0.0 0.0 0.0 0.0 0.0 0.0 0.0 0.0 0.0 0.0 0.0 0.0 0.0 0.0 0.0 0.0 0.0 0.0 0.0 0.0 0.0 0.0 0.0 0.0 0.0 0.0 0.0 0.0 0.0 0.0 0.0 0.0 0.0 0.0 0.0 0.0 0.0 0.0 0.0 0.0 0.0 0.0 0.0 0.0 0.0 0.0 0.0 0.0 0.0 0.0 0.0 0.0 0.0 0.0 0.0 0.0 0.0 0.0 0.0 0.0 0.0 0.0 0.0 0.0 0.0 0.0 0.0 0.0 0.0 0.0 0.0 0.0 0.0 0.0 0.0 0.0 0.0 0.0 0.0 0.0 0.0 0.0 0.0 0.0 0.0 0.0 0.0 0.012471216591574413 0.03897386736063494 0.0681617747480651 0.17432080700112057 0.3079621009393412 0.42098175988334613 0.7713111085621235 0.8527200157804793 0.9541799062376896 -1.1182978 -0.9519534 -0.85005 -0.7224755 -0.5669138 -0.6583231 -0.7907048 -0.95750356 -1.0830544 -1.272355 -1.0375508 -0.831588 -0.53114367 -0.3446636 -0.440706 -0.6507693 -0.896756 -1.1426265
0 400 0.0 0.0 0.0 0.0 0.0 0.0 0.0 0.0 0.0 0.0 0.0 0.0 0.0 0.0 0.0 0.0 0.0 0.0 0.0 0.0 0.0 0.0 0.0 0.0 0.0 0.0 0.0 0.0 0.0 0.0 0.0 0.0 0.0 0.0 0.0 0.0 0.0 0.0 0.0 0.0 0.0 0.0 0.0 0.0 0.0 0.0 0.0 0.0 0.0 0.0 0.0 0.0 0.0 0.0 0.0 0.0 0.0 0.0 0.0 0.0 0.0 0.0 0.0 0.0 0.0 0.0 0.0 0.0 0.0 0.0 0.0 0.0 0.0 0.0 0.0 0.0 0.0 0.0 0.0 0.0 0.0 0.0 0.0 0.0 0.0 0.0 0.0 0.0 0.0 0.0 0.0 0.0 0.0 0.0 0.0 0.023467574392749744 0.08551024796826964 0.3044732399470136 0.5415589233184129 0.6869709972743854 0.7882930799006295 0.9085791072847277 0.9562714909126238 0.9870767045253922 -1.0043454 -0.86844975 -0.7680317 -0.5234976 -0.38055664 -0.48190853 -0.67947626 -0.89279073 -1.035468 -1.0758473 -0.86466604 -0.62458247 -0.15138389 -0.060534433 -0.18520097 -0.57685727 -0.9061218 -1.1693376
1 400 0.0 0.0 0.0 0.0 0.0 0.0 0.0 0.0 0.0 0.0 0.0 0.0 0.0 0.0 0.0 0.0 0.0 0.0 0.0 0.0 0.0 0.0 0.0 0.0 0.0 0.0 0.0 0.0 0.0 0.0 0.0 0.0 0.0 0.0 0.0 0.0 0.0 0.0 0.0 0.0 0.0 0.0 0.0 0.0 0.0 0.0 0.0 0.0 0.0 0.0 0.0 0.0 0.0 0.0 0.0 0.0 0.0 0.0 0.0 0.0 0.0 0.0 0.0 0.0 0.0 0.0 0.0 0.0 0.0 0.0 0.0 0.0 0.0 0.0 0.0 0.0 0.0 0.0 0.0 0.0 0.0 0.0 0.0 0.0 0.0 0.0 0.0 0.0 0.0 0.0 0.0 0.0 0.0 0.0 0.0 0.030609650416713544 0.05227799367165538 0.13504795529225652 0.3276997131858713 0.4798670107333001 0.5817312524980367 0.8045297843622273 0.9292902812025156 0.9792795634876832 -1.0663993 -0.9589217 -0.8449352 -0.6943937 -0.56935656 -0.68173236 -0.81431544 -0.882054 -1.0103586 -1.117178 -0.96749675 -0.7549808 -0.4727756 -0.18971549 -0.36518076 -0.6521931 -0.8062641 -1.1049144
2 400 0.0 0.0 0.0 0.0 0.0 0.0 0.0 0.0 0.0 0.0 0.0 0.0 0.0 0.0 0.0 0.0 0.0 0.0 0.0 0.0 0.0 0.0 0.0 0.0 0.0 0.0 0.0 0.0 0.0 0.0 0.0 0.0 0.0 0.0 0.0 0.0 0.0 0.0 0.0 0.0 0.0 0.0 0.0 0.0 0.0 0.0 0.0 0.0 0.0 0.0 0.0 0.0 0.0 0.0 0.0 0.0 0.0 0.0 0.0 0.0 0.0 0.0 0.0 0.0 0.0 0.0 0.0 0.0 0.0 0.0 0.0 0.0 0.0 0.0 0.0 0.0 0.0 0.0 0.0 0.0 0.0 0.0 0.0 0.0 0.0 0.0 0.0 0.0 0.0 0.0 0.0 0.0 0.0 0.0 0.0 0.014264697463954626 0.042833045580942704 0.07793297922539862 0.18114615137244328 0.2948393221071006 0.42998899476085006 0.7369588795241706 0.8476617112921188 0.9513828472480002 -1.0979223 -0.92794883 -0.8236566 -0.65005106 -0.47129333 -0.56933284 -0.7368755 -0.93397313 -1.0537102 -1.2312804 -0.98393404 -0.7804044 -0.46236914 -0.27064914 -0.34940168 -0.6112125 -0.8621042 -1.1033897
0 800 0.0 0.0 0.0 0.0 0.0 0.0 0.0 0.0 0.0 0.0 0.0 0.0 0.0 0.0 0.0 0.0 0.0 0.0 0.0 0.0 0.0 0.0 0.0 0.0 0.0 0.0 0.0 0.0 0.0 0.0 0.0 0.0 0.0 0.0 0.0 0.0 0.0 0.0 0.0 0.0 0.0 0.0 0.0 0.0 0.0 0.0 0.0 0.0 0.0 0.0 0.0 0.0 0.0 0.0 0.0 0.0 0.0 0.0 0.0 0.0 0.0 0.0 0.0 0.0 0.0 0.0 0.0 0.0 0.0 0.0 0.0 0.0 0.0 0.0 0.0 0.0 0.0 0.0 0.0 0.0 0.0 0.0 0.0 0.0 0.0 0.0 0.0 0.0 0.0 0.0 0.0 0.0 0.0 0.0 0.0 0.036769786900777444 0.13812125113108628 0.3553707829202405 0.5932192626425818 0.667592099674272 0.725263126587803 0.8624281919350174 0.9235121390989429 0.9675093932429059 -0.82355464 -0.2704817 0.027157962 0.2056604 0.5642999 0.39368254 0.078412 -0.32140502 -0.88235205 -0.82285196 -0.14088549 0.33573532 0.6260555 1.0785413 0.82851046 0.36488152 -0.1894124 -0.92023456
1 800 0.0 0.0 0.0 0.0 0.0 0.0 0.0 0.0 0.0 0.0 0.0 0.0 0.0 0.0 0.0 0.0 0.0 0.0 0.0 0.0 0.0 0.0 0.0 0.0 0.0 0.0 0.0 0.0 0.0 0.0 0.0 0.0 0.0 0.0 0.0 0.0 0.0 0.0 0.0 0.0 0.0 0.0 0.0 0.0 0.0 0.0 0.0 0.0 0.0 0.0 0.0 0.0 0.0 0.0 0.0 0.0 0.0 0.0 0.0 0.0 0.0 0.0 0.0 0.0 0.0 0.0 0.0 0.0 0.0 0.0 0.0 0.0 0.0 0.0 0.0 0.0 0.0 0.0 0.0 0.0 0.0 0.0 0.0 0.0 0.0 0.0 0.0 0.0 0.0 0.0 0.0 0.0 0.0 0.0 0.0 0.04341602413399901 0.07115115583240106 0.1428487938291614 0.34159695344315605 0.4679519648764692 0.5534151927782837 0.8087552302740224 0.9010934566818809 0.9695180622332997 -0.99175835 -0.83769715 -0.6886921 -0.44187808 -0.18956256 -0.4446131 -0.6606632 -0.7926886 -0.92589307 -1.0247258 -0.85883075 -0.5952359 -0.23346992 0.24364768 -0.12884372 -0.46105927 -0.67852736 -0.9919178
2 800 0.0 0.0 0.0 0.0 0.0 0.0 0.0 0.0 0.0 0.0 0.0 0.0 0.0 0.0 0.0 0.0 0.0 0.0 0.0 0.0 0.0 0.0 0.0 0.0 0.0 0.0 0.0 0.0 0.0 0.0 0.0 0.0 0.0 0.0 0.0 0.0 0.0 0.0 0.0 0.0 0.0 0.0 0.0 0.0 0.0 0.0 0.0 0.0 0.0 0.0 0.0 0.0 0.0 0.0 0.0 0.0 0.0 0.0 0.0 0.0 0.0 0.0 0.0 0.0 0.0 0.0 0.0 0.0 0.0 0.0 0.0 0.0 0.0 0.0 0.0 0.0 0.0 0.0 0.0 0.0 0.0 0.0 0.0 0.0 0.0 0.0 0.0 0.0 0.0 0.0 0.0 0.0 0.0 0.0 0.0 0.026263007574418733 0.06266551970483064 0.1277304516378553 0.24032757356762485 0.3348408862661321 0.4539146352780499 0.5907169032115228 0.7998393190836287 0.9220575134968951 -0.92865187 -0.55016565 -0.28394485 -0.07366437 0.37423247 0.14847404 -0.26459342 -0.49598557 -0.79101956 -0.9944257 -0.5218083 -0.11361499 0.20196296 0.7633205 0.5052362 -0.0788988 -0.38209912 -0.7878172
0 400 -0.19911231100559235 -0.06913913786411285 -0.13997526466846466 -0.11700765788555145 -0.28698068857192993 0.14472435414791107 0.11736559867858887 -0.02063957415521145 -0.00020528113236650825 0.08332478255033493 -0.08689523488283157 0.033407967537641525 0.08015011250972748 -0.007119782734662294 -0.10948184877634048 0.1484912633895874 -0.2046181857585907 0.011415431275963783 0.17963582277297974 0.049327436834573746 -0.030238749459385872 0.052613381296396255 0.1948264241218567 -0.02813786454498768 0.03065624088048935 0.03331054002046585 -0.11499247699975967 -0.029455993324518204 -0.10373950004577637 -0.10712997615337372 -0.07376089692115784 0.1954532265663147 -0.12574726343154907 0.06146093085408211 0.12203764170408249 0.1389082819223404 -0.015026204288005829 0.03435428813099861 -0.1509188860654831 0.0718701109290123 -0.2251151204109192 -0.16367200016975403 -0.09871882200241089 0.058557361364364624 -0.09346739202737808 -0.060925308614969254 0.12197358906269073 -0.04263744875788689 -0.08808910101652145 0.033470552414655685 0.03599769249558449 -0.13737206161022186 0.039658792316913605 0.011314796283841133 -0.03361580893397331 -0.011439142748713493 0.04471093788743019 -0.032473232597112656 -0.1158817708492279 -0.026968171820044518 -0.14211562275886536 0.16098687052726746 0.03964969515800476 -0.03366770222783089 0.020952269434928894 -0.08592092245817184 -0.1404840499162674 -0.05780486389994621 0.009901406243443489 -0.27828580141067505 -0.06684719771146774 0.015911966562271118 0.003657348221167922 -0.002155478810891509 -0.10344585031270981 -0.08805015683174133 -0.014115769416093826 -0.06566056609153748 0.019735176116228104 -0.07454315572977066 0.10134932398796082 0.014883821830153465 0.06961169838905334 0.07970675826072693 0.05457647517323494 0.023163676261901855 0.0026033457834273577 -0.032532949000597 -0.07219815999269485 0.16280022263526917 -0.04174071550369263 -0.1186908707022667 -0.16894584894180298 -0.04576434940099716 -0.004328292328864336 0.0020182665192139673 0.013282409593184658 0.008206021526406902 0.015040939948583652 0.008994230865695407 0.01413452254037503 0.039033914197278925 0.030582191389285734 0.23451247919649346 -2.22114 -2.3019292 -2.6208813 -2.5247648 -2.4882996 -2.1922665 -2.002761 -2.1936584 -2.7527115 -2.555714 -2.5433323 -2.7008708 -2.8361385 -2.813109 -2.573244 -1.9562984 -2.3165133 -3.0865188
1 400 -0.19911231100559235 -0.06913913786411285 -0.13997526466846466 -0.11700765788555145 -0.28698068857192993 0.14472435414791107 0.11736559867858887 -0.02063957415521145 -0.00020528113236650825 0.08332478255033493 -0.08689523488283157 0.033407967537641525 0.08015011250972748 -0.007119782734662294 -0.10948184877634048 0.1484912633895874 -0.2046181857585907 0.011415431275963783 0.17963582277297974 0.049327436834573746 -0.030238749459385872 0.052613381296396255 0.1948264241218567 -0.02813786454498768 0.03065624088048935 0.03331054002046585 -0.11499247699975967 -0.029455993324518204 -0.10373950004577637 -0.10712997615337372 -0.07376089692115784 0.1954532265663147 -0.12574726343154907 0.06146093085408211 0.12203764170408249 0.1389082819223404 -0.015026204288005829 0.03435428813099861 -0.1509188860654831 0.0718701109290123 -0.2251151204109192 -0.16367200016975403 -0.09871882200241089 0.058557361364364624 -0.09346739202737808 -0.060925308614969254 0.12197358906269073 -0.04263744875788689 -0.08808910101652145 0.033470552414655685 0.03599769249558449 -0.13737206161022186 0.039658792316913605 0.011314796283841133 -0.03361580893397331 -0.011439142748713493 0.04471093788743019 -0.032473232597112656 -0.1158817708492279 -0.026968171820044518 -0.14211562275886536 0.16098687052726746 0.03964969515800476 -0.03366770222783089 0.020952269434928894 -0.08592092245817184 -0.1404840499162674 -0.05780486389994621 0.009901406243443489 -0.27828580141067505 -0.06684719771146774 0.015911966562271118 0.003657348221167922 -0.002155478810891509 -0.10344585031270981 -0.08805015683174133 -0.014115769416093826 -0.06566056609153748 0.019735176116228104 -0.07454315572977066 0.10134932398796082 0.014883821830153465 0.06961169838905334 0.07970675826072693 0.05457647517323494 0.023163676261901855 0.0026033457834273577 -0.032532949000597 -0.07219815999269485 0.16280022263526917 -0.04174071550369263 -0.1186908707022667 -0.16894584894180298 -0.04576434940099716 -0.004328292328864336 0.00033657143650677634 0.0014650409695523819 0.0028504338195343443 0.003301828853256339 0.0016834786768786473 0.0011886264755084834 0.008170638376629201 0.00206777816894987 0.03831242300163038 -2.0545027 -2.160332 -2.7174535 -2.4863057 -2.4602551 -2.9529972 -2.8647594 -2.6208842 -2.7412138 -2.2741134 -2.3196764 -2.7003317 -2.625491 -2.6511714 -3.4941359 -3.0173757 -2.858773 -2.8975554
2 400 -0.19911231100559235 -0.06913913786411285 -0.13997526466846466 -0.11700765788555145 -0.28698068857192993 0.14472435414791107 0.11736559867858887 -0.02063957415521145 -0.00020528113236650825 0.08332478255033493 -0.08689523488283157 0.033407967537641525 0.08015011250972748 -0.007119782734662294 -0.10948184877634048 0.1484912633895874 -0.2046181857585907 0.011415431275963783 0.17963582277297974 0.049327436834573746 -0.030238749459385872 0.052613381296396255 0.1948264241218567 -0.02813786454498768 0.03065624088048935 0.03331054002046585 -0.11499247699975967 -0.029455993324518204 -0.10373950004577637 -0.10712997615337372 -0.07376089692115784 0.1954532265663147 -0.12574726343154907 0.06146093085408211 0.12203764170408249 0.1389082819223404 -0.015026204288005829 0.03435428813099861 -0.1509188860654831 0.0718701109290123 -0.2251151204109192 -0.16367200016975403 -0.09871882200241089 0.058557361364364624 -0.09346739202737808 -0.060925308614969254 0.12197358906269073 -0.04263744875788689 -0.08808910101652145 0.033470552414655685 0.03599769249558449 -0.13737206161022186 0.039658792316913605 0.011314796283841133 -0.03361580893397331 -0.011439142748713493 0.04471093788743019 -0.032473232597112656 -0.1158817708492279 -0.026968171820044518 -0.14211562275886536 0.16098687052726746 0.03964969515800476 -0.03366770222783089 0.020952269434928894 -0.08592092245817184 -0.1404840499162674 -0.05780486389994621 0.009901406243443489 -0.27828580141067505 -0.06684719771146774 0.015911966562271118 0.003657348221167922 -0.002155478810891509 -0.10344585031270981 -0.08805015683174133 -0.014115769416093826 -0.06566056609153748 0.019735176116228104 -0.07454315572977066 0.10134932398796082 0.014883821830153465 0.06961169838905334 0.07970675826072693 0.05457647517323494 0.023163676261901855 0.0026033457834273577 -0.032532949000597 -0.07219815999269485 0.16280022263526917 -0.04174071550369263 -0.1186908707022667 -0.16894584894180298 -0.04576434940099716 -0.004328292328864336 4.3990188469604544e-05 0.0007482475734930374 0.0004676085203386874 0.0009163084447241293 0.00014153761265302026 0.00010747717894236578 0.0006620923670578012 0.000602310779421911 0.0030268824256442562 -2.6182644 -2.6564517 -2.935073 -2.8054073 -3.0293338 -2.6314778 -2.7178774 -2.4267404 -2.9306643 -3.2210517 -3.0052528 -3.1726422 -3.0821471 -3.4390118 -3.1185598 -3.0393589 -2.5490746 -3.1965177
0 400 -0.17920108139514923 -0.06222522258758545 -0.12597773969173431 -0.10530688613653183 -0.2582826018333435 0.1302519142627716 0.10562903434038162 -0.01857561618089676 -0.00018475300748832524 0.07499229907989502 -0.07820571213960648 0.030067170038819313 0.07213509827852249 -0.006407804321497679 -0.09853366017341614 0.13364213705062866 -0.1841563582420349 0.010273887775838375 0.16167223453521729 0.04439469054341316 -0.02721487358212471 0.04735204204916954 0.17534378170967102 -0.025324078276753426 0.027590615674853325 0.029979486018419266 -0.10349322855472565 -0.026510393247008324 -0.09336555004119873 -0.09641697257757187 -0.06638480722904205 0.1759078949689865 -0.11317253112792969 0.05531483516097069 0.10983387380838394 0.125017449259758 -0.013523583300411701 0.03091885894536972 -0.1358269900083542 0.06468309462070465 -0.20260360836982727 -0.14730480313301086 -0.08884693682193756 0.05270162224769592 -0.08412065356969833 -0.05483277514576912 0.10977622866630554 -0.03837370127439499 -0.07928019016981125 0.030123496428132057 0.03239792212843895 -0.12363485246896744 0.035692911595106125 0.01018331665545702 -0.03025422804057598 -0.010295228101313114 0.0402398444712162 -0.0292259082198143 -0.104293592274189 -0.02427135407924652 -0.12790405750274658 0.14488817751407623 0.035684723407030106 -0.030300932005047798 0.018857041373848915 -0.07732883095741272 -0.12643563747406006 -0.05202437564730644 0.008911265060305595 -0.250457227230072 -0.06016247719526291 0.014320769347250462 0.003291613422334194 -0.0019399308366701007 -0.09310126304626465 -0.07924514263868332 -0.012704191729426384 -0.05909450724720955 0.017761658877134323 -0.06708883494138718 0.0912143886089325 0.013395438902080059 0.06265052407979965 0.07173608243465424 0.049118828028440475 0.02084730751812458 0.0023430110886693 -0.02927965298295021 -0.06497833877801895 0.14652019739151 -0.037566643208265305 -0.10682178288698196 -0.15205125510692596 -0.04118791222572327 -0.0038954629562795162 0.004066802896951697 0.02571514559137262 0.01840000196533224 0.032547611982364416 0.018218584089985394 0.02866369245575997 0.0891582119177481 0.07969086593031108 0.3994590455582688 -2.08986 -2.1668215 -2.4814694 -2.3761895 -2.3414392 -2.1007469 -1.9348593 -2.1098936 -2.57156 -2.400804 -2.393406 -2.5453904 -2.6600902 -2.63146 -2.4978395 -1.8903303 -2.2137332 -2.8328009
1 400 -0.17920108139514923 -0.06222522258758545 -0.12597773969173431 -0.10530688613653183 -0.2582826018333435 0.1302519142627716 0.10562903434038162 -0.01857561618089676 -0.00018475300748832524 0.07499229907989502 -0.07820571213960648 0.030067170038819313 0.07213509827852249 -0.006407804321497679 -0.09853366017341614 0.13364213705062866 -0.1841563582420349 0.010273887775838375 0.16167223453521729 0.04439469054341316 -0.02721487358212471 0.04735204204916954 0.17534378170967102 -0.025324078276753426 0.027590615674853325 0.029979486018419266 -0.10349322855472565 -0.026510393247008324 -0.09336555004119873 -0.09641697257757187 -0.06638480722904205 0.1759078949689865 -0.11317253112792969 0.05531483516097069 0.10983387380838394 0.125017449259758 -0.013523583300411701 0.03091885894536972 -0.1358269900083542 0.06468309462070465 -0.20260360836982727 -0.14730480313301086 -0.08884693682193756 0.05270162224769592 -0.08412065356969833 -0.05483277514576912 0.10977622866630554 -0.03837370127439499 -0.07928019016981125 0.030123496428132057 0.03239792212843895 -0.12363485246896744 0.035692911595106125 0.01018331665545702 -0.03025422804057598 -0.010295228101313114 0.0402398444712162 -0.0292259082198143 -0.104293592274189 -0.02427135407924652 -0.12790405750274658 0.14488817751407623 0.035684723407030106 -0.030300932005047798 0.018857041373848915 -0.07732883095741272 -0.12643563747406006 -0.05202437564730644 0.008911265060305595 -0.250457227230072 -0.06016247719526291 0.014320769347250462 0.003291613422334194 -0.0019399308366701007 -0.09310126304626465 -0.07924514263868332 -0.012704191729426384 -0.05909450724720955 0.017761658877134323 -0.06708883494138718 0.0912143886089325 0.013395438902080059 0.06265052407979965 0.07173608243465424 0.049118828028440475 0.02084730751812458 0.0023430110886693 -0.02927965298295021 -0.06497833877801895 0.14652019739151 -0.037566643208265305 -0.10682178288698196 -0.15205125510692596 -0.04118791222572327 -0.0038954629562795162 0.0006835938477888844 0.0028404301178169985 0.006082259553484413 0.007014796944341778 0.0034612481851632572 0.002309074335168679 0.01721360088799655 0.005771987471010594 0.07295685685260145 -1.933424 -2.0397623 -2.5284467 -2.3501678 -2.3308842 -2.869852 -2.6745183 -2.5156677 -2.559652 -2.1345396 -2.194166 -2.4798179 -2.4639692 -2.4911182 -3.4243422 -2.798417 -2.7198315 -2.636632
2 400 -0.17920108139514923 -0.06222522258758545 -0.12597773969173431 -0.10530688613653183 -0.2582826018333435 0.1302519142627716 0.10562903434038162 -0.01857561618089676 -0.00018475300748832524 0.07499229907989502 -0.07820571213960648 0.030067170038819313 0.07213509827852249 -0.006407804321497679 -0.09853366017341614 0.13364213705062866 -0.1841563582420349 0.010273887775838375 0.16167223453521729 0.04439469054341316 -0.02721487358212471 0.04735204204916954 0.17534378170967102 -0.025324078276753426 0.027590615674853325 0.029979486018419266 -0.10349322855472565 -0.026510393247008324 -0.09336555004119873 -0.09641697257757187 -0.06638480722904205 0.1759078949689865 -0.11317253112792969 0.05531483516097069 0.10983387380838394 0.125017449259758 -0.013523583300411701 0.03091885894536972 -0.1358269900083542 0.06468309462070465 -0.20260360836982727 -0.14730480313301086 -0.08884693682193756 0.05270162224769592 -0.08412065356969833 -0.05483277514576912 0.10977622866630554 -0.03837370127439499 -0.07928019016981125 0.030123496428132057 0.03239792212843895 -0.12363485246896744 0.035692911595106125 0.01018331665545702 -0.03025422804057598 -0.010295228101313114 0.0402398444712162 -0.0292259082198143 -0.104293592274189 -0.02427135407924652 -0.12790405750274658 0.14488817751407623 0.035684723407030106 -0.030300932005047798 0.018857041373848915 -0.07732883095741272 -0.12643563747406006 -0.05202437564730644 0.008911265060305595 -0.250457227230072 -0.06016247719526291 0.014320769347250462 0.003291613422334194 -0.0019399308366701007 -0.09310126304626465 -0.07924514263868332 -0.012704191729426384 -0.05909450724720955 0.017761658877134323 -0.06708883494138718 0.0912143886089325 0.013395438902080059 0.06265052407979965 0.07173608243465424 0.049118828028440475 0.02084730751812458 0.0023430110886693 -0.02927965298295021 -0.06497833877801895 0.14652019739151 -0.037566643208265305 -0.10682178288698196 -0.15205125510692596 -0.04118791222572327 -0.0038954629562795162 8.252587859234384e-05 0.0012479632240837402 0.0009674402961085328 0.001997241967802641 0.00023982767070302414 0.0002393491106626172 0.0014598783393135418 0.002631279723150315 0.011829412848782753 -2.428747 -2.4998767 -2.7372158 -2.5806074 -2.785909 -2.445277 -2.5564206 -2.3876302 -2.7041166 -3.0101287 -2.8480892 -2.935561 -2.8140035 -3.1394985 -2.9098783 -2.8645966 -2.4840493 -2.8793209
0 400 -0.15928985178470612 -0.05531131103634834 -0.11198021471500397 -0.0936061292886734 -0.22958455979824066 0.11577948182821274 0.09389247745275497 -0.01651166006922722 -0.0001642249117139727 0.0666598305106163 -0.06951618939638138 0.02672637440264225 0.0641200914978981 -0.00569582637399435 -0.08758547902107239 0.11879301071166992 -0.16369454562664032 0.009132345207035542 0.14370866119861603 0.039461951702833176 -0.024190999567508698 0.042090706527233124 0.15586113929748535 -0.022510292008519173 0.02452499233186245 0.02664843201637268 -0.09199398010969162 -0.023564795032143593 -0.0829916000366211 -0.08570398390293121 -0.05900871753692627 0.15636257827281952 -0.1005978137254715 0.049168746918439865 0.09763011336326599 0.1111266240477562 -0.012020963244140148 0.02748343162238598 -0.12073510885238647 0.0574960894882679 -0.18009209632873535 -0.1309376060962677 -0.07897505909204483 0.04684589058160782 -0.07477391511201859 -0.04874024912714958 0.09757887572050095 -0.03410996124148369 -0.07047127932310104 0.026776442304253578 0.02879815362393856 -0.10989765077829361 0.031727034598588943 0.009051837027072906 -0.02689264714717865 -0.00915131438523531 0.03576875105500221 -0.025978585705161095 -0.09270542114973068 -0.021574538201093674 -0.1136924996972084 0.1287894994020462 0.03171975538134575 -0.02693416178226471 0.016761815175414085 -0.0687367394566536 -0.11238723993301392 -0.04624389111995697 0.007921124808490276 -0.2226286381483078 -0.05347776040434837 0.01272957306355238 0.0029258786235004663 -0.001724383095279336 -0.08275668323040009 -0.0704401284456253 -0.011292615905404091 -0.05252845212817192 0.015788141638040543 -0.05963452532887459 0.08107946068048477 0.011907057836651802 0.055689360946416855 0.06376540660858154 0.04366118088364601 0.018530940636992455 0.002082676626741886 -0.02602635882794857 -0.057758528739213943 0.13024018704891205 -0.03339257463812828 -0.09495269507169724 -0.13515667617321014 -0.03661147877573967 -0.00346263381652534 0.008414139055793551 0.04968959640187151 0.04116559319344354 0.06929084490112514 0.03692611347317027 0.05876950672726166 0.1915903855091061 0.19278963854241005 0.5925808504649582 -1.9573483 -2.0248673 -2.343543 -2.2302608 -2.1933398 -2.0151858 -1.8704989 -2.0248785 -2.3904073 -2.246606 -2.2332888 -2.3998113 -2.495835 -2.4479825 -2.392716 -1.8454833 -2.1096883 -2.5799713
1 400 -0.15928985178470612 -0.05531131103634834 -0.11198021471500397 -0.0936061292886734 -0.22958455979824066 0.11577948182821274 0.09389247745275497 -0.01651166006922722 -0.0001642249117139727 0.0666598305106163 -0.06951618939638138 0.02672637440264225 0.0641200914978981 -0.00569582637399435 -0.08758547902107239 0.11879301071166992 -0.16369454562664032 0.009132345207035542 0.14370866119861603 0.039461951702833176 -0.024190999567508698 0.042090706527233124 0.15586113929748535 -0.022510292008519173 0.02452499233186245 0.02664843201637268 -0.09199398010969162 -0.023564795032143593 -0.0829916000366211 -0.08570398390293121 -0.05900871753692627 0.15636257827281952 -0.1005978137254715 0.049168746918439865 0.09763011336326599 0.1111266240477562 -0.012020963244140148 0.02748343162238598 -0.12073510885238647 0.0574960894882679 -0.18009209632873535 -0.1309376060962677 -0.07897505909204483 0.04684589058160782 -0.07477391511201859 -0.04874024912714958 0.09757887572050095 -0.03410996124148369 -0.07047127932310104 0.026776442304253578 0.02879815362393856 -0.10989765077829361 0.031727034598588943 0.009051837027072906 -0.02689264714717865 -0.00915131438523531 0.03576875105500221 -0.025978585705161095 -0.09270542114973068 -0.021574538201093674 -0.1136924996972084 0.1287894994020462 0.03171975538134575 -0.02693416178226471 0.016761815175414085 -0.0687367394566536 -0.11238723993301392 -0.04624389111995697 0.007921124808490276 -0.2226286381483078 -0.05347776040434837 0.01272957306355238 0.0029258786235004663 -0.001724383095279336 -0.08275668323040009 -0.0704401284456253 -0.011292615905404091 -0.05252845212817192 0.015788141638040543 -0.05963452532887459 0.08107946068048477 0.011907057836651802 0.055689360946416855 0.06376540660858154 0.04366118088364601 0.018530940636992455 0.002082676626741886 -0.02602635882794857 -0.057758528739213943 0.13024018704891205 -0.03339257463812828 -0.09495269507169724 -0.13515667617321014 -0.03661147877573967 -0.00346263381652534 0.0014269460080697698 0.005526127174453804 0.013006072583236305 0.014918313039638151 0.006530800973800463 0.004971926323298568 0.03604097064686877 0.016331960250157904 0.17013070234225497 -1.821748 -1.9106092 -2.3382149 -2.2122543 -2.2211192 -2.7306414 -2.4808166 -2.409101 -2.3573344 -2.0098133 -2.0608332 -2.2579062 -2.300412 -2.3359299 -3.2762666 -2.5752668 -2.5781696 -2.354347
2 400 -0.15928985178470612 -0.05531131103634834 -0.11198021471500397 -0.0936061292886734 -0.22958455979824066 0.11577948182821274 0.09389247745275497 -0.01651166006922722 -0.0001642249117139727 0.0666598305106163 -0.06951618939638138 0.02672637440264225 0.0641200914978981 -0.00569582637399435 -0.08758547902107239 0.11879301071166992 -0.16369454562664032 0.009132345207035542 0.14370866119861603 0.039461951702833176 -0.024190999567508698 0.042090706527233124 0.15586113929748535 -0.022510292008519173 0.02452499233186245 0.02664843201637268 -0.09199398010969162 -0.023564795032143593 -0.0829916000366211 -0.08570398390293121 -0.05900871753692627 0.15636257827281952 -0.1005978137254715 0.049168746918439865 0.09763011336326599 0.1111266240477562 -0.012020963244140148 0.02748343162238598 -0.12073510885238647 0.0574960894882679 -0.18009209632873535 -0.1309376060962677 -0.07897505909204483 0.04684589058160782 -0.07477391511201859 -0.04874024912714958 0.09757887572050095 -0.03410996124148369 -0.07047127932310104 0.026776442304253578 0.02879815362393856 -0.10989765077829361 0.031727034598588943 0.009051837027072906 -0.02689264714717865 -0.00915131438523531 0.03576875105500221 -0.025978585705161095 -0.09270542114973068 -0.021574538201093674 -0.1136924996972084 0.1287894994020462 0.03171975538134575 -0.02693416178226471 0.016761815175414085 -0.0687367394566536 -0.11238723993301392 -0.04624389111995697 0.007921124808490276 -0.2226286381483078 -0.05347776040434837 0.01272957306355238 0.0029258786235004663 -0.001724383095279336 -0.08275668323040009 -0.0704401284456253 -0.011292615905404091 -0.05252845212817192 0.015788141638040543 -0.05963452532887459 0.08107946068048477 0.011907057836651802 0.055689360946416855 0.06376540660858154 0.04366118088364601 0.018530940636992455 0.002082676626741886 -0.02602635882794857 -0.057758528739213943 0.13024018704891205 -0.03339257463812828 -0.09495269507169724 -0.13515667617321014 -0.03661147877573967 -0.00346263381652534 0.0001567727832649953 0.0018108711733824043 0.00201487123529045 0.003668081600487167 0.00040898027219354513 0.0005443294979543789 0.0032407745775634316 0.008194441431393966 0.0456119245505996 -2.2400866 -2.3069592 -2.538201 -2.3358269 -2.541727 -2.2767103 -2.3928053 -2.2399173 -2.4766424 -2.7996287 -2.6391888 -2.6969364 -2.5186312 -2.8389337 -2.6966445 -2.6872602 -2.2662318 -2.560839
0 400 -0.139378622174263 -0.04839739575982094 -0.09798268228769302 -0.08190535753965378 -0.20088647305965424 0.10130704939365387 0.08215592056512833 -0.014447702094912529 -0.00014369678683578968 0.05832734704017639 -0.06082666292786598 0.023385576903820038 0.056105077266693115 -0.004983847960829735 -0.07663729041814804 0.10394388437271118 -0.14323273301124573 0.007990801706910133 0.12574507296085358 0.03452920541167259 -0.021167123690247536 0.03682936728000641 0.13637849688529968 -0.01969650574028492 0.021459368988871574 0.023317378014326096 -0.08049473166465759 -0.020619194954633713 -0.07261765003204346 -0.07499098032712936 -0.051632627844810486 0.13681726157665253 -0.08802308142185211 0.043022651225328445 0.08542634546756744 0.0972357988357544 -0.010518343187868595 0.02404800057411194 -0.10564322024583817 0.05030907690525055 -0.15758058428764343 -0.11457040160894394 -0.0691031739115715 0.04099015146493912 -0.06542717665433884 -0.04264771565794945 0.08538150787353516 -0.02984621375799179 -0.06166236847639084 0.02342938631772995 0.02519838511943817 -0.09616044163703918 0.027761153876781464 0.007920357398688793 -0.02353106625378132 -0.00800739973783493 0.03129765763878822 -0.02273126319050789 -0.08111723512411118 -0.018877720460295677 -0.09948093444108963 0.11269080638885498 0.027754785493016243 -0.02356739155948162 0.014666588045656681 -0.06014464423060417 -0.09833883494138718 -0.0404634028673172 0.00693098409101367 -0.19480006396770477 -0.04679303616285324 0.011138376779854298 0.0025601438246667385 -0.0015088351210579276 -0.07241209596395493 -0.06163511052727699 -0.009881038218736649 -0.04596239700913429 0.013814623467624187 -0.0521802082657814 0.07094452530145645 0.010418674908578396 0.04872818663716316 0.05579473078250885 0.03820353373885155 0.01621457375586033 0.0018223420483991504 -0.02277306467294693 -0.05053871124982834 0.1139601543545723 -0.02921850048005581 -0.0830836072564125 -0.11826208978891373 -0.03203504532575607 -0.003029804676771164 0.017153170687148254 0.09273743817178363 0.08842924941532136 0.14008697320979052 0.07224087917357189 0.11384368630515203 0.3613178444826353 0.4300128881740981 0.804983569588595 -1.8246238 -1.8801174 -2.2055583 -2.0826828 -2.0437925 -1.9376054 -1.8051934 -1.9507022 -2.2100756 -2.0925083 -2.0734482 -2.254511 -2.3293571 -2.2638495 -2.2410994 -1.8015429 -2.015969 -2.3758063
1 400 -0.139378622174263 -0.04839739575982094 -0.09798268228769302 -0.08190535753965378 -0.20088647305965424 0.10130704939365387 0.08215592056512833 -0.014447702094912529 -0.00014369678683578968 0.05832734704017639 -0.06082666292786598 0.023385576903820038 0.056105077266693115 -0.004983847960829735 -0.07663729041814804 0.10394388437271118 -0.14323273301124573 0.007990801706910133 0.12574507296085358 0.03452920541167259 -0.021167123690247536 0.03682936728000641 0.13637849688529968 -0.01969650574028492 0.021459368988871574 0.023317378014326096 -0.08049473166465759 -0.020619194954633713 -0.07261765003204346 -0.07499098032712936 -0.051632627844810486 0.13681726157665253 -0.08802308142185211 0.043022651225328445 0.08542634546756744 0.0972357988357544 -0.010518343187868595 0.02404800057411194 -0.10564322024583817 0.05030907690525055 -0.15758058428764343 -0.11457040160894394 -0.0691031739115715 0.04099015146493912 -0.06542717665433884 -0.04264771565794945 0.08538150787353516 -0.02984621375799179 -0.06166236847639084 0.02342938631772995 0.02519838511943817 -0.09616044163703918 0.027761153876781464 0.007920357398688793 -0.02353106625378132 -0.00800739973783493 0.03129765763878822 -0.02273126319050789 -0.08111723512411118 -0.018877720460295677 -0.09948093444108963 0.11269080638885498 0.027754785493016243 -0.02356739155948162 0.014666588045656681 -0.06014464423060417 -0.09833883494138718 -0.0404634028673172 0.00693098409101367 -0.19480006396770477 -0.04679303616285324 0.011138376779854298 0.0025601438246667385 -0.0015088351210579276 -0.07241209596395493 -0.06163511052727699 -0.009881038218736649 -0.04596239700913429 0.013814623467624187 -0.0521802082657814 0.07094452530145645 0.010418674908578396 0.04872818663716316 0.05579473078250885 0.03820353373885155 0.01621457375586033 0.0018223420483991504 -0.02277306467294693 -0.05053871124982834 0.1139601543545723 -0.02921850048005581 -0.0830836072564125 -0.11826208978891373 -0.03203504532575607 -0.003029804676771164 0.002881076633578716 0.010107524311244074 0.02740399079815336 0.030611664601514352 0.012320220070532583 0.011158456950356053 0.0749030313563438 0.05997977709732533 0.3676695337522949 -1.6816323 -1.7341092 -2.1477952 -2.0587838 -2.0976746 -2.537908 -2.288 -2.2878716 -2.132172 -1.8518369 -1.8706777 -2.0363367 -2.1179993 -2.1711164 -3.053875 -2.358108 -2.3981173 -2.0288956
2 400 -0.139378622174263 -0.04839739575982094 -0.09798268228769302 -0.08190535753965378 -0.20088647305965424 0.10130704939365387 0.08215592056512833 -0.014447702094912529 -0.00014369678683578968 0.05832734704017639 -0.06082666292786598 0.023385576903820038 0.056105077266693115 -0.004983847960829735 -0.07663729041814804 0.10394388437271118 -0.14323273301124573 0.007990801706910133 0.12574507296085358 0.03452920541167259 -0.021167123690247536 0.03682936728000641 0.13637849688529968 -0.01969650574028492 0.021459368988871574 0.023317378014326096 -0.08049473166465759 -0.020619194954633713 -0.07261765003204346 -0.07499098032712936 -0.051632627844810486 0.13681726157665253 -0.08802308142185211 0.043022651225328445 0.08542634546756744 0.0972357988357544 -0.010518343187868595 0.02404800057411194 -0.10564322024583817 0.05030907690525055 -0.15758058428764343 -0.11457040160894394 -0.0691031739115715 0.04099015146493912 -0.06542717665433884 -0.04264771565794945 0.08538150787353516 -0.02984621375799179 -0.06166236847639084 0.02342938631772995 0.02519838511943817 -0.09616044163703918 0.027761153876781464 0.007920357398688793 -0.02353106625378132 -0.00800739973783493 0.03129765763878822 -0.02273126319050789 -0.08111723512411118 -0.018877720460295677 -0.09948093444108963 0.11269080638885498 0.027754785493016243 -0.02356739155948162 0.014666588045656681 -0.06014464423060417 -0.09833883494138718 -0.0404634028673172 0.00693098409101367 -0.19480006396770477 -0.04679303616285324 0.011138376779854298 0.0025601438246667385 -0.0015088351210579276 -0.07241209596395493 -0.06163511052727699 -0.009881038218736649 -0.04596239700913429 0.013814623467624187 -0.0521802082657814 0.07094452530145645 0.010418674908578396 0.04872818663716316 0.05579473078250885 0.03820353373885155 0.01621457375586033 0.0018223420483991504 -0.02277306467294693 -0.05053871124982834 0.1139601543545723 -0.02921850048005581 -0.0830836072564125 -0.11826208978891373 -0.03203504532575607 -0.003029804676771164 0.0002499573894660169 0.002517397956381133 0.004144837847196419 0.0065352861675726116 0.0006927746529720769 0.0012499421146496892 0.007226883973092384 0.030618075297778255 0.16052803081669853 -2.0229778 -2.0738392 -2.3394701 -2.0842626 -2.2980402 -2.1256735 -2.2276905 -2.0186884 -2.2468133 -2.5377083 -2.3741176 -2.4594352 -2.2141826 -2.5398467 -2.4735243 -2.5105336 -1.9541123 -2.241796
0 400 -0.11946739256381989 -0.04148348420858383 -0.08398516476154327 -0.07020460069179535 -0.1721884161233902 0.086834616959095 0.07041936367750168 -0.012383745051920414 -0.00012316869106143713 0.04999487102031708 -0.05213714390993118 0.020044781267642975 0.048090070486068726 -0.0042718700133264065 -0.06568910926580429 0.08909475803375244 -0.12277091294527054 0.0068492591381073 0.10778149962425232 0.029596462845802307 -0.018143249675631523 0.03156803175806999 0.11689586192369461 -0.016882719472050667 0.0183937456458807 0.01998632401227951 -0.06899549067020416 -0.017673596739768982 -0.06224370375275612 -0.06427799165248871 -0.0442565381526947 0.11727193742990494 -0.07544836401939392 0.036876559257507324 0.0732225850224495 0.0833449736237526 -0.009015723131597042 0.020612573251128197 -0.09055133163928986 0.0431220680475235 -0.1350690722465515 -0.09820320457220078 -0.05923129618167877 0.03513441979885101 -0.05608043819665909 -0.03655518591403961 0.07318415492773056 -0.02558246999979019 -0.05285346135497093 0.02008233219385147 0.021598616614937782 -0.08242323994636536 0.023795276880264282 0.006788878235965967 -0.020169485360383987 -0.006863486021757126 0.026826564222574234 -0.019483940675854683 -0.06952906399965286 -0.01618090458214283 -0.08526937663555145 0.09659212827682495 0.023789817467331886 -0.020200621336698532 0.012571361847221851 -0.051552556455135345 -0.08429042994976044 -0.03468291833996773 0.005940843839198351 -0.16697148978710175 -0.040108319371938705 0.009547180496156216 0.0021944090258330107 -0.001293287379667163 -0.062067512422800064 -0.05283009633421898 -0.008469462394714355 -0.039396341890096664 0.011841106228530407 -0.044725894927978516 0.06080959737300873 0.008930293843150139 0.041767019778490067 0.047824058681726456 0.03274588659405708 0.013898205943405628 0.0015620075864717364 -0.01951977051794529 -0.04331889748573303 0.09768013656139374 -0.025044430047273636 -0.07121452689170837 -0.1013675108551979 -0.027458610013127327 -0.002596975537016988 0.03382737398530879 0.15331708207198902 0.18172492722214545 0.2657649309115121 0.10294517714957464 0.21283189969757632 0.5901989884604338 0.6373654552978626 0.9542566060921734 -1.6969337 -1.7236345 -2.0684855 -1.9361424 -1.8391306 -1.8671682 -1.7494919 -1.8183734 -1.9607866 -1.9485581 -1.9008318 -2.1098373 -2.1638346 -1.9991453 -2.098479 -1.7602315 -1.8346403 -2.113322
1 400 -0.11946739256381989 -0.04148348420858383 -0.08398516476154327 -0.07020460069179535 -0.1721884161233902 0.086834616959095 0.07041936367750168 -0.012383745051920414 -0.00012316869106143713 0.04999487102031708 -0.05213714390993118 0.020044781267642975 0.048090070486068726 -0.0042718700133264065 -0.06568910926580429 0.08909475803375244 -0.12277091294527054 0.0068492591381073 0.10778149962425232 0.029596462845802307 -0.018143249675631523 0.03156803175806999 0.11689586192369461 -0.016882719472050667 0.0183937456458807 0.01998632401227951 -0.06899549067020416 -0.017673596739768982 -0.06224370375275612 -0.06427799165248871 -0.0442565381526947 0.11727193742990494 -0.07544836401939392 0.036876559257507324 0.0732225850224495 0.0833449736237526 -0.009015723131597042 0.020612573251128197 -0.09055133163928986 0.0431220680475235 -0.1350690722465515 -0.09820320457220078 -0.05923129618167877 0.03513441979885101 -0.05608043819665909 -0.03655518591403961 0.07318415492773056 -0.02558246999979019 -0.05285346135497093 0.02008233219385147 0.021598616614937782 -0.08242323994636536 0.023795276880264282 0.006788878235965967 -0.020169485360383987 -0.006863486021757126 0.026826564222574234 -0.019483940675854683 -0.06952906399965286 -0.01618090458214283 -0.08526937663555145 0.09659212827682495 0.023789817467331886 -0.020200621336698532 0.012571361847221851 -0.051552556455135345 -0.08429042994976044 -0.03468291833996773 0.005940843839198351 -0.16697148978710175 -0.040108319371938705 0.009547180496156216 0.0021944090258330107 -0.001293287379667163 -0.062067512422800064 -0.05283009633421898 -0.008469462394714355 -0.039396341890096664 0.011841106228530407 -0.044725894927978516 0.06080959737300873 0.008930293843150139 0.041767019778490067 0.047824058681726456 0.03274588659405708 0.013898205943405628 0.0015620075864717364 -0.01951977051794529 -0.04331889748573303 0.09768013656139374 -0.025044430047273636 -0.07121452689170837 -0.1013675108551979 -0.027458610013127327 -0.002596975537016988 0.005412208073700374 0.018644420397028915 0.05683613538388956 0.05994555954223549 0.021204576960827216 0.02513427706402297 0.1194121226918746 0.13725826428593307 0.6322211980733272 -1.5116239 -1.5590193 -1.957772 -1.858155 -1.893285 -2.3474329 -2.042707 -2.0829616 -1.9081695 -1.662362 -1.6814678 -1.8177518 -1.8772814 -1.9177493 -2.8275366 -2.06958 -2.1083345 -1.77711
2 400 -0.11946739256381989 -0.04148348420858383 -0.08398516476154327 -0.07020460069179535 -0.1721884161233902 0.086834616959095 0.07041936367750168 -0.012383745051920414 -0.00012316869106143713 0.04999487102031708 -0.05213714390993118 0.020044781267642975 0.048090070486068726 -0.0042718700133264065 -0.06568910926580429 0.08909475803375244 -0.12277091294527054 0.0068492591381073 0.10778149962425232 0.029596462845802307 -0.018143249675631523 0.03156803175806999 0.11689586192369461 -0.016882719472050667 0.0183937456458807 0.01998632401227951 -0.06899549067020416 -0.017673596739768982 -0.06224370375275612 -0.06427799165248871 -0.0442565381526947 0.11727193742990494 -0.07544836401939392 0.036876559257507324 0.0732225850224495 0.0833449736237526 -0.009015723131597042 0.020612573251128197 -0.09055133163928986 0.0431220680475235 -0.1350690722465515 -0.09820320457220078 -0.05923129618167877 0.03513441979885101 -0.05608043819665909 -0.03655518591403961 0.07318415492773056 -0.02558246999979019 -0.05285346135497093 0.02008233219385147 0.021598616614937782 -0.08242323994636536 0.023795276880264282 0.006788878235965967 -0.020169485360383987 -0.006863486021757126 0.026826564222574234 -0.019483940675854683 -0.06952906399965286 -0.01618090458214283 -0.08526937663555145 0.09659212827682495 0.023789817467331886 -0.020200621336698532 0.012571361847221851 -0.051552556455135345 -0.08429042994976044 -0.03468291833996773 0.005940843839198351 -0.16697148978710175 -0.040108319371938705 0.009547180496156216 0.0021944090258330107 -0.001293287379667163 -0.062067512422800064 -0.05283009633421898 -0.008469462394714355 -0.039396341890096664 0.011841106228530407 -0.044725894927978516 0.06080959737300873 0.008930293843150139 0.041767019778490067 0.047824058681726456 0.03274588659405708 0.013898205943405628 0.0015620075864717364 -0.01951977051794529 -0.04331889748573303 0.09768013656139374 -0.025044430047273636 -0.07121452689170837 -0.1013675108551979 -0.027458610013127327 -0.002596975537016988 0.0005036393661792026 0.0035174517367471624 0.007665421027951955 0.011608161492595316 0.0013561667760661066 0.0027354731208961746 0.012816695498168953 0.10605964823520332 0.4154148546200435 -1.8420036 -1.8409984 -2.120782 -1.8393049 -2.0685525 -1.9663634 -2.0206983 -1.8088129 -2.0130563 -2.290133 -2.1085527 -2.1932635 -1.917536 -2.2540033 -2.2359755 -2.2712598 -1.6586583 -1.9412154
0 400 -0.09955615550279617 -0.03456956893205643 -0.06998763233423233 -0.058503828942775726 -0.14349034428596497 0.07236217707395554 0.058682799339294434 -0.010319787077605724 -0.00010264056618325412 0.041662391275167465 -0.04344761744141579 0.016703983768820763 0.04007505625486374 -0.003559891367331147 -0.05474092438817024 0.0742456316947937 -0.10230909287929535 0.005707715637981892 0.08981791138648987 0.024663718417286873 -0.015119374729692936 0.026306690648198128 0.09741321206092834 -0.01406893227249384 0.015328120440244675 0.016655270010232925 -0.05749623849987984 -0.014727996662259102 -0.051869750022888184 -0.05356498807668686 -0.03688044846057892 0.09772661328315735 -0.06287363171577454 0.030730465427041054 0.061018820852041245 0.0694541409611702 -0.007513102144002914 0.017177144065499306 -0.07545944303274155 0.03593505546450615 -0.1125575602054596 -0.08183600008487701 -0.049359411001205444 0.029278680682182312 -0.04673369601368904 -0.030462654307484627 0.06098679453134537 -0.021318724378943443 -0.04404455050826073 0.016735276207327843 0.017998846247792244 -0.06868603080511093 0.019829396158456802 0.0056573981419205666 -0.016807904466986656 -0.005719571374356747 0.022355468943715096 -0.016236616298556328 -0.05794088542461395 -0.013484085910022259 -0.07105781137943268 0.08049343526363373 0.01982484757900238 -0.016833851113915443 0.010476134717464447 -0.04296046122908592 -0.0702420249581337 -0.028902431949973106 0.0049507031217217445 -0.13914290070533752 -0.03342359885573387 0.007955983281135559 0.001828674110583961 -0.0010777394054457545 -0.051722925156354904 -0.044025078415870667 -0.007057884708046913 -0.03283028304576874 0.009867588058114052 -0.03727157786488533 0.05067466199398041 0.007441910915076733 0.03480584919452667 0.039853379130363464 0.02728823758661747 0.011581838130950928 0.0013016728917136788 -0.0162664745002985 -0.03609907999634743 0.08140011131763458 -0.020870357751846313 -0.05934543535113335 -0.08447292447090149 -0.02288217470049858 -0.002164146164432168 0.05838597341489813 0.18381714701229382 0.30083196890509406 0.4028483753175959 0.18460874321807905 0.3658953223534018 0.6469098662220576 0.7886910205789905 0.9676267988713425 -1.5557446 -1.5157938 -1.8626621 -1.7611134 -1.670332 -1.7664118 -1.7249765 -1.6970358 -1.7116561 -1.7887108 -1.6597297 -1.8984119 -1.9578086 -1.7398059 -1.9139042 -1.7032306 -1.6649133 -1.853552
1 400 -0.09955615550279617 -0.03456956893205643 -0.06998763233423233 -0.058503828942775726 -0.14349034428596497 0.07236217707395554 0.058682799339294434 -0.010319787077605724 -0.00010264056618325412 0.041662391275167465 -0.04344761744141579 0.016703983768820763 0.04007505625486374 -0.003559891367331147 -0.05474092438817024 0.0742456316947937 -0.10230909287929535 0.005707715637981892 0.08981791138648987 0.024663718417286873 -0.015119374729692936 0.026306690648198128 0.09741321206092834 -0.01406893227249384 0.015328120440244675 0.016655270010232925 -0.05749623849987984 -0.014727996662259102 -0.051869750022888184 -0.05356498807668686 -0.03688044846057892 0.09772661328315735 -0.06287363171577454 0.030730465427041054 0.061018820852041245 0.0694541409611702 -0.007513102144002914 0.017177144065499306 -0.07545944303274155 0.03593505546450615 -0.1125575602054596 -0.08183600008487701 -0.049359411001205444 0.029278680682182312 -0.04673369601368904 -0.030462654307484627 0.06098679453134537 -0.021318724378943443 -0.04404455050826073 0.016735276207327843 0.017998846247792244 -0.06868603080511093 0.019829396158456802 0.0056573981419205666 -0.016807904466986656 -0.005719571374356747 0.022355468943715096 -0.016236616298556328 -0.05794088542461395 -0.013484085910022259 -0.07105781137943268 0.08049343526363373 0.01982484757900238 -0.016833851113915443 0.010476134717464447 -0.04296046122908592 -0.0702420249581337 -0.028902431949973106 0.0049507031217217445 -0.13914290070533752 -0.03342359885573387 0.007955983281135559 0.001828674110583961 -0.0010777394054457545 -0.051722925156354904 -0.044025078415870667 -0.007057884708046913 -0.03283028304576874 0.009867588058114052 -0.03727157786488533 0.05067466199398041 0.007441910915076733 0.03480584919452667 0.039853379130363464 0.02728823758661747 0.011581838130950928 0.0013016728917136788 -0.0162664745002985 -0.03609907999634743 0.08140011131763458 -0.020870357751846313 -0.05934543535113335 -0.08447292447090149 -0.02288217470049858 -0.002164146164432168 0.00976395312569488 0.03243736592908484 0.10048014240410807 0.11375606587240998 0.03339554188930605 0.04444372107658838 0.17921024683589087 0.2945759670683163 0.8255085500441693 -1.3544798 -1.389607 -1.7593946 -1.6570637 -1.6655924 -2.0957906 -1.7924175 -1.8721316 -1.5892019 -1.4955592 -1.5085403 -1.6304357 -1.636232 -1.6273628 -2.50035 -1.7747566 -1.8108374 -1.474185
2 400 -0.09955615550279617 -0.03456956893205643 -0.06998763233423233 -0.058503828942775726 -0.14349034428596497 0.07236217707395554 0.058682799339294434 -0.010319787077605724 -0.00010264056618325412 0.041662391275167465 -0.04344761744141579 0.016703983768820763 0.04007505625486374 -0.003559891367331147 -0.05474092438817024 0.0742456316947937 -0.10230909287929535 0.005707715637981892 0.08981791138648987 0.024663718417286873 -0.015119374729692936 0.026306690648198128 0.09741321206092834 -0.01406893227249384 0.015328120440244675 0.016655270010232925 -0.05749623849987984 -0.014727996662259102 -0.051869750022888184 -0.05356498807668686 -0.03688044846057892 0.09772661328315735 -0.06287363171577454 0.030730465427041054 0.061018820852041245 0.0694541409611702 -0.007513102144002914 0.017177144065499306 -0.07545944303274155 0.03593505546450615 -0.1125575602054596 -0.08183600008487701 -0.049359411001205444 0.029278680682182312 -0.04673369601368904 -0.030462654307484627 0.06098679453134537 -0.021318724378943443 -0.04404455050826073 0.016735276207327843 0.017998846247792244 -0.06868603080511093 0.019829396158456802 0.0056573981419205666 -0.016807904466986656 -0.005719571374356747 0.022355468943715096 -0.016236616298556328 -0.05794088542461395 -0.013484085910022259 -0.07105781137943268 0.08049343526363373 0.01982484757900238 -0.016833851113915443 0.010476134717464447 -0.04296046122908592 -0.0702420249581337 -0.028902431949973106 0.0049507031217217445 -0.13914290070533752 -0.03342359885573387 0.007955983281135559 0.001828674110583961 -0.0010777394054457545 -0.051722925156354904 -0.044025078415870667 -0.007057884708046913 -0.03283028304576874 0.009867588058114052 -0.03727157786488533 0.05067466199398041 0.007441910915076733 0.03480584919452667 0.039853379130363464 0.02728823758661747 0.011581838130950928 0.0013016728917136788 -0.0162664745002985 -0.03609907999634743 0.08140011131763458 -0.020870357751846313 -0.05934543535113335 -0.08447292447090149 -0.02288217470049858 -0.002164146164432168 0.0012927675949622778 0.0068854852068077795 0.014796914404424533 0.02046026862844145 0.0035943334841210053 0.005133902045217914 0.02372680790602756 0.30936364218381623 0.7564589681413902 -1.6456847 -1.612148 -1.8857903 -1.5914297 -1.8578472 -1.7908204 -1.826477 -1.6104801 -1.7635033 -2.0194774 -1.8459857 -1.9045793 -1.61784 -1.9830438 -1.9743488 -1.9973559 -1.3645371 -1.7355906
0 400 -0.07964492589235306 -0.02765565551817417 -0.055990107357501984 -0.0468030646443367 -0.11479227989912033 0.05788974091410637 0.04694623872637749 -0.00825583003461361 -8.211245585698634e-05 0.03332991525530815 -0.03475809469819069 0.013363187201321125 0.03206004574894905 -0.002847913186997175 -0.043792739510536194 0.05939650535583496 -0.08184727281332016 0.004566172603517771 0.07185433059930801 0.019730975851416588 -0.012095499783754349 0.021045353263616562 0.07793056964874268 -0.011255146004259586 0.012262496165931225 0.01332421600818634 -0.04599699005484581 -0.011782397516071796 -0.04149580001831055 -0.04285199195146561 -0.029504358768463135 0.07818128913640976 -0.05029890686273575 0.024584373459219933 0.048815056681632996 0.0555633120238781 -0.006010481622070074 0.01374171581119299 -0.06036755442619324 0.02874804474413395 -0.09004604816436768 -0.06546880304813385 -0.039487529546022415 0.02342294529080391 -0.03738695755600929 -0.02437012456357479 0.04878943786025047 -0.017054980620741844 -0.03523563966155052 0.013388221152126789 0.01439907681196928 -0.054948825389146805 0.015863517299294472 0.004525918513536453 -0.013446323573589325 -0.004575657192617655 0.017884375527501106 -0.012989292852580547 -0.04635271057486534 -0.010787269100546837 -0.0568462498486042 0.0643947497010231 0.015859877690672874 -0.013467080891132355 0.008380907587707043 -0.0343683697283268 -0.05619361996650696 -0.023121945559978485 0.003960562404245138 -0.1113143190741539 -0.026738880202174187 0.00636478653177619 0.0014629393117502332 -0.000862191547639668 -0.04137834161520004 -0.03522006422281265 -0.0056463079527020454 -0.02626422606408596 0.007894070819020271 -0.029817262664437294 0.040539730340242386 0.005953528918325901 0.027844680473208427 0.03188270330429077 0.021830590441823006 0.009265470318496227 0.001041338313370943 -0.013013179413974285 -0.028879264369606972 0.06512009352445602 -0.01669628731906414 -0.04747634753584862 -0.06757833808660507 -0.018305739387869835 -0.00173131690826267 0.0654522129858515 0.21865087072935788 0.3865136242628183 0.495720788306754 0.3060879353026336 0.4218312313617337 0.692639423007454 0.905187253177688 0.9736501168468834 -1.3702272 -1.3075233 -1.6182203 -1.544553 -1.5039146 -1.5474305 -1.6496646 -1.6814027 -1.5032005 -1.564951 -1.4186466 -1.680693 -1.6928452 -1.480464 -1.5762058 -1.5935363 -1.8106374 -1.6484662
1 400 -0.07964492589235306 -0.02765565551817417 -0.055990107357501984 -0.0468030646443367 -0.11479227989912033 0.05788974091410637 0.04694623872637749 -0.00825583003461361 -8.211245585698634e-05 0.03332991525530815 -0.03475809469819069 0.013363187201321125 0.03206004574894905 -0.002847913186997175 -0.043792739510536194 0.05939650535583496 -0.08184727281332016 0.004566172603517771 0.07185433059930801 0.019730975851416588 -0.012095499783754349 0.021045353263616562 0.07793056964874268 -0.011255146004259586 0.012262496165931225 0.01332421600818634 -0.04599699005484581 -0.011782397516071796 -0.04149580001831055 -0.04285199195146561 -0.029504358768463135 0.07818128913640976 -0.05029890686273575 0.024584373459219933 0.048815056681632996 0.0555633120238781 -0.006010481622070074 0.01374171581119299 -0.06036755442619324 0.02874804474413395 -0.09004604816436768 -0.06546880304813385 -0.039487529546022415 0.02342294529080391 -0.03738695755600929 -0.02437012456357479 0.04878943786025047 -0.017054980620741844 -0.03523563966155052 0.013388221152126789 0.01439907681196928 -0.054948825389146805 0.015863517299294472 0.004525918513536453 -0.013446323573589325 -0.004575657192617655 0.017884375527501106 -0.012989292852580547 -0.04635271057486534 -0.010787269100546837 -0.0568462498486042 0.0643947497010231 0.015859877690672874 -0.013467080891132355 0.008380907587707043 -0.0343683697283268 -0.05619361996650696 -0.023121945559978485 0.003960562404245138 -0.1113143190741539 -0.026738880202174187 0.00636478653177619 0.0014629393117502332 -0.000862191547639668 -0.04137834161520004 -0.03522006422281265 -0.0056463079527020454 -0.02626422606408596 0.007894070819020271 -0.029817262664437294 0.040539730340242386 0.005953528918325901 0.027844680473208427 0.03188270330429077 0.021830590441823006 0.009265470318496227 0.001041338313370943 -0.013013179413974285 -0.028879264369606972 0.06512009352445602 -0.01669628731906414 -0.04747634753584862 -0.06757833808660507 -0.018305739387869835 -0.00173131690826267 0.012689599247329557 0.036843511841177005 0.1334800637755508 0.19970785914883765 0.06802270165290644 0.07309054764098796 0.27285424537329594 0.4875454476186137 0.8715177917830181 -1.3147645 -1.2645493 -1.520818 -1.4544444 -1.5133502 -1.7463925 -1.5590193 -1.656136 -1.4205192 -1.4621007 -1.3979911 -1.4265912 -1.3991019 -1.3721322 -1.9586598 -1.4894378 -1.535103 -1.3063792
2 400 -0.07964492589235306 -0.02765565551817417 -0.055990107357501984 -0.0468030646443367 -0.11479227989912033 0.05788974091410637 0.04694623872637749 -0.00825583003461361 -8.211245585698634e-05 0.03332991525530815 -0.03475809469819069 0.013363187201321125 0.03206004574894905 -0.002847913186997175 -0.043792739510536194 0.05939650535583496 -0.08184727281332016 0.004566172603517771 0.07185433059930801 0.019730975851416588 -0.012095499783754349 0.021045353263616562 0.07793056964874268 -0.011255146004259586 0.012262496165931225 0.01332421600818634 -0.04599699005484581 -0.011782397516071796 -0.04149580001831055 -0.04285199195146561 -0.029504358768463135 0.07818128913640976 -0.05029890686273575 0.024584373459219933 0.048815056681632996 0.0555633120238781 -0.006010481622070074 0.01374171581119299 -0.06036755442619324 0.02874804474413395 -0.09004604816436768 -0.06546880304813385 -0.039487529546022415 0.02342294529080391 -0.03738695755600929 -0.02437012456357479 0.04878943786025047 -0.017054980620741844 -0.03523563966155052 0.013388221152126789 0.01439907681196928 -0.054948825389146805 0.015863517299294472 0.004525918513536453 -0.013446323573589325 -0.004575657192617655 0.017884375527501106 -0.012989292852580547 -0.04635271057486534 -0.010787269100546837 -0.0568462498486042 0.0643947497010231 0.015859877690672874 -0.013467080891132355 0.008380907587707043 -0.0343683697283268 -0.05619361996650696 -0.023121945559978485 0.003960562404245138 -0.1113143190741539 -0.026738880202174187 0.00636478653177619 0.0014629393117502332 -0.000862191547639668 -0.04137834161520004 -0.03522006422281265 -0.0056463079527020454 -0.02626422606408596 0.007894070819020271 -0.029817262664437294 0.040539730340242386 0.005953528918325901 0.027844680473208427 0.03188270330429077 0.021830590441823006 0.009265470318496227 0.001041338313370943 -0.013013179413974285 -0.028879264369606972 0.06512009352445602 -0.01669628731906414 -0.04747634753584862 -0.06757833808660507 -0.018305739387869835 -0.00173131690826267 0.003715793927203415 0.01599762047112499 0.040079285873673896 0.03607551604719443 0.012240853587354952 0.01449628153435053 0.06292314775120508 0.4234211656573791 0.8808937230921529 -1.4496012 -1.3849273 -1.6552968 -1.3406522 -1.6435633 -1.6191592 -1.6805487 -1.6069369 -1.4584411 -1.7603381 -1.5821109 -1.6138191 -1.3140748 -1.6957048 -1.6910303 -1.7614843 -1.4391834 -1.4414015
0 400 -0.05973369628190994 -0.020741742104291916 -0.04199258238077164 -0.035102300345897675 -0.0860942080616951 0.0434173084795475 0.03520968183875084 -0.006191872525960207 -6.158434553071856e-05 0.02499743551015854 -0.02606857195496559 0.010022390633821487 0.024045035243034363 -0.0021359350066632032 -0.032844554632902145 0.04454737901687622 -0.06138545647263527 0.00342462956905365 0.05389074981212616 0.014798231422901154 -0.009071624837815762 0.015784015879034996 0.058447930961847305 -0.008441359736025333 0.00919687282294035 0.009993162006139755 -0.03449774533510208 -0.008836798369884491 -0.03112185187637806 -0.032138995826244354 -0.02212826907634735 0.05863596871495247 -0.03772418200969696 0.018438279628753662 0.03661129251122475 0.0416724868118763 -0.004507861565798521 0.010306286625564098 -0.04527566581964493 0.02156103402376175 -0.06753453612327576 -0.04910160228610039 -0.029615648090839386 0.017567209899425507 -0.028040219098329544 -0.018277592957019806 0.03659207746386528 -0.012791234999895096 -0.026426730677485466 0.010041166096925735 0.010799308307468891 -0.04121161997318268 0.011897638440132141 0.0033944391179829836 -0.010084742680191994 -0.003431743010878563 0.013413282111287117 -0.009741970337927341 -0.03476453199982643 -0.008090452291071415 -0.042634688317775726 0.048296064138412476 0.011894908733665943 -0.010100310668349266 0.006285680923610926 -0.025776278227567673 -0.04214521497488022 -0.017341459169983864 0.0029704219195991755 -0.08348574489355087 -0.020054159685969353 0.004773590248078108 0.0010972045129165053 -0.0006466436898335814 -0.031033756211400032 -0.02641504816710949 -0.004234731197357178 -0.019698170945048332 0.0059205531142652035 -0.022362947463989258 0.030404798686504364 0.004465146921575069 0.020883509889245033 0.023912029340863228 0.01637294329702854 0.006949102971702814 0.0007810037932358682 -0.009759885258972645 -0.021659448742866516 0.04884006828069687 -0.012522215023636818 -0.03560726344585419 -0.05068375542759895 -0.013729305006563663 -0.001298487768508494 0.04831232425563638 0.1842231551107152 0.4325798542649834 0.5563457182026667 0.47934472816443874 0.5220678412466186 0.7668641783873973 0.9431492182887866 0.9798303540882825 -1.3090281 -1.2086587 -1.3119968 -1.3004535 -1.3286252 -1.2892412 -1.4230475 -1.4675235 -1.3784055 -1.4852203 -1.3138777 -1.3302996 -1.3175635 -1.1726742 -1.0896084 -1.3019052 -1.6323843 -1.5346032
1 400 -0.05973369628190994 -0.020741742104291916 -0.04199258238077164 -0.035102300345897675 -0.0860942080616951 0.0434173084795475 0.03520968183875084 -0.006191872525960207 -6.158434553071856e-05 0.02499743551015854 -0.02606857195496559 0.010022390633821487 0.024045035243034363 -0.0021359350066632032 -0.032844554632902145 0.04454737901687622 -0.06138545647263527 0.00342462956905365 0.05389074981212616 0.014798231422901154 -0.009071624837815762 0.015784015879034996 0.058447930961847305 -0.008441359736025333 0.00919687282294035 0.009993162006139755 -0.03449774533510208 -0.008836798369884491 -0.03112185187637806 -0.032138995826244354 -0.02212826907634735 0.05863596871495247 -0.03772418200969696 0.018438279628753662 0.03661129251122475 0.0416724868118763 -0.004507861565798521 0.010306286625564098 -0.04527566581964493 0.02156103402376175 -0.06753453612327576 -0.04910160228610039 -0.029615648090839386 0.017567209899425507 -0.028040219098329544 -0.018277592957019806 0.03659207746386528 -0.012791234999895096 -0.026426730677485466 0.010041166096925735 0.010799308307468891 -0.04121161997318268 0.011897638440132141 0.0033944391179829836 -0.010084742680191994 -0.003431743010878563 0.013413282111287117 -0.009741970337927341 -0.03476453199982643 -0.008090452291071415 -0.042634688317775726 0.048296064138412476 0.011894908733665943 -0.010100310668349266 0.006285680923610926 -0.025776278227567673 -0.04214521497488022 -0.017341459169983864 0.0029704219195991755 -0.08348574489355087 -0.020054159685969353 0.004773590248078108 0.0010972045129165053 -0.0006466436898335814 -0.031033756211400032 -0.02641504816710949 -0.004234731197357178 -0.019698170945048332 0.0059205531142652035 -0.022362947463989258 0.030404798686504364 0.004465146921575069 0.020883509889245033 0.023912029340863228 0.01637294329702854 0.006949102971702814 0.0007810037932358682 -0.009759885258972645 -0.021659448742866516 0.04884006828069687 -0.012522215023636818 -0.03560726344585419 -0.05068375542759895 -0.013729305006563663 -0.001298487768508494 0.014093966515216456 0.030302228151928665 0.15329079121699388 0.25230466979448046 0.14349225950606662 0.11911728504523572 0.40375919348352557 0.6099233546668642 0.9126353621726774 -1.2704349 -1.1940746 -1.2532101 -1.2125707 -1.3540224 -1.436749 -1.3509163 -1.427829 -1.3141893 -1.4110255 -1.3174196 -1.1475202 -1.1196162 -1.1232853 -1.4391054 -1.2613846 -1.3319143 -1.2563273
2 400 -0.05973369628190994 -0.020741742104291916 -0.04199258238077164 -0.035102300345897675 -0.0860942080616951 0.0434173084795475 0.03520968183875084 -0.006191872525960207 -6.158434553071856e-05 0.02499743551015854 -0.02606857195496559 0.010022390633821487 0.024045035243034363 -0.0021359350066632032 -0.032844554632902145 0.04454737901687622 -0.06138545647263527 0.00342462956905365 0.05389074981212616 0.014798231422901154 -0.009071624837815762 0.015784015879034996 0.058447930961847305 -0.008441359736025333 0.00919687282294035 0.009993162006139755 -0.03449774533510208 -0.008836798369884491 -0.03112185187637806 -0.032138995826244354 -0.02212826907634735 0.05863596871495247 -0.03772418200969696 0.018438279628753662 0.03661129251122475 0.0416724868118763 -0.004507861565798521 0.010306286625564098 -0.04527566581964493 0.02156103402376175 -0.06753453612327576 -0.04910160228610039 -0.029615648090839386 0.017567209899425507 -0.028040219098329544 -0.018277592957019806 0.03659207746386528 -0.012791234999895096 -0.026426730677485466 0.010041166096925735 0.010799308307468891 -0.04121161997318268 0.011897638440132141 0.0033944391179829836 -0.010084742680191994 -0.003431743010878563 0.013413282111287117 -0.009741970337927341 -0.03476453199982643 -0.008090452291071415 -0.042634688317775726 0.048296064138412476 0.011894908733665943 -0.010100310668349266 0.006285680923610926 -0.025776278227567673 -0.04214521497488022 -0.017341459169983864 0.0029704219195991755 -0.08348574489355087 -0.020054159685969353 0.004773590248078108 0.0010972045129165053 -0.0006466436898335814 -0.031033756211400032 -0.02641504816710949 -0.004234731197357178 -0.019698170945048332 0.0059205531142652035 -0.022362947463989258 0.030404798686504364 0.004465146921575069 0.020883509889245033 0.023912029340863228 0.01637294329702854 0.006949102971702814 0.0007810037932358682 -0.009759885258972645 -0.021659448742866516 0.04884006828069687 -0.012522215023636818 -0.03560726344585419 -0.05068375542759895 -0.013729305006563663 -0.001298487768508494 0.005613655188836419 0.026727877268569674 0.0865369990450672 0.0737836830468644 0.042872649371222184 0.04038236808304216 0.12707015575902678 0.5425570663113783 0.8816135585238347 -1.3296511 -1.2236749 -1.4397575 -1.2545844 -1.4468366 -1.4480717 -1.4656848 -1.5312922 -1.3590261 -1.620974 -1.406115 -1.4431285 -1.21142 -1.4186004 -1.4078257 -1.456553 -1.4311106 -1.3715843
0 400 -0.03982246294617653 -0.013827827759087086 -0.027995053678750992 -0.02340153232216835 -0.057396139949560165 0.028944870457053185 0.023473119363188744 -0.004127915017306805 -4.105622792849317e-05 0.016664957627654076 -0.017379047349095345 0.0066815936006605625 0.016030022874474525 -0.0014239565934985876 -0.021896369755268097 0.02969825267791748 -0.04092363640666008 0.0022830863017588854 0.03592716529965401 0.009865487925708294 -0.006047749891877174 0.010522676631808281 0.03896528482437134 -0.005627573002129793 0.006131248082965612 0.00666210800409317 -0.022998495027422905 -0.005891198758035898 -0.020747900009155273 -0.021425995975732803 -0.014752179384231567 0.03909064456820488 -0.025149453431367874 0.012292186729609966 0.024407528340816498 0.02778165601193905 -0.003005240811035037 0.006870857905596495 -0.03018377721309662 0.014374022372066975 -0.04502302408218384 -0.032734401524066925 -0.019743764773011208 0.011711472645401955 -0.018693478778004646 -0.012185062281787395 0.024394718930125237 -0.008527490310370922 -0.01761781983077526 0.0066941105760633945 0.00719953840598464 -0.027474412694573402 0.007931758649647236 0.0022629592567682266 -0.0067231617867946625 -0.0022878285963088274 0.008942187763750553 -0.006494646426290274 -0.02317635528743267 -0.005393634550273418 -0.0284231249243021 0.03219737485051155 0.007929938845336437 -0.006733540445566177 0.004190453793853521 -0.0171841848641634 -0.02809680998325348 -0.011560972779989243 0.001980281202122569 -0.05565715953707695 -0.013369440101087093 0.003182393265888095 0.0007314696558751166 -0.000431095773819834 -0.02068917080760002 -0.017610032111406326 -0.0028231539763510227 -0.01313211303204298 0.003947035409510136 -0.014908631332218647 0.020269865170121193 0.0029767644591629505 0.013922340236604214 0.015941351652145386 0.010915295220911503 0.004632735159248114 0.0005206691566854715 -0.0065065897069871426 -0.014439632184803486 0.03256004676222801 -0.00834814365953207 -0.02373817376792431 -0.033789169043302536 -0.009152869693934917 -0.000865658454131335 0.03791283305374721 0.15128235869686438 0.38841567985458714 0.5997860289013278 0.5985225028827851 0.6991131644705988 0.8573458079110966 0.951597548900726 0.9829755540252156 -1.2444327 -1.0770358 -1.0448301 -0.9773054 -1.1241038 -1.0794138 -1.1158153 -1.1538291 -1.2636498 -1.4008373 -1.0831939 -0.9740154 -0.70193106 -0.8364432 -0.7762695 -0.9414343 -1.2354172 -1.398451
1 400 -0.03982246294617653 -0.013827827759087086 -0.027995053678750992 -0.02340153232216835 -0.057396139949560165 0.028944870457053185 0.023473119363188744 -0.004127915017306805 -4.105622792849317e-05 0.016664957627654076 -0.017379047349095345 0.0066815936006605625 0.016030022874474525 -0.0014239565934985876 -0.021896369755268097 0.02969825267791748 -0.04092363640666008 0.0022830863017588854 0.03592716529965401 0.009865487925708294 -0.006047749891877174 0.010522676631808281 0.03896528482437134 -0.005627573002129793 0.006131248082965612 0.00666210800409317 -0.022998495027422905 -0.005891198758035898 -0.020747900009155273 -0.021425995975732803 -0.014752179384231567 0.03909064456820488 -0.025149453431367874 0.012292186729609966 0.024407528340816498 0.02778165601193905 -0.003005240811035037 0.006870857905596495 -0.03018377721309662 0.014374022372066975 -0.04502302408218384 -0.032734401524066925 -0.019743764773011208 0.011711472645401955 -0.018693478778004646 -0.012185062281787395 0.024394718930125237 -0.008527490310370922 -0.01761781983077526 0.0066941105760633945 0.00719953840598464 -0.027474412694573402 0.007931758649647236 0.0022629592567682266 -0.0067231617867946625 -0.0022878285963088274 0.008942187763750553 -0.006494646426290274 -0.02317635528743267 -0.005393634550273418 -0.0284231249243021 0.03219737485051155 0.007929938845336437 -0.006733540445566177 0.004190453793853521 -0.0171841848641634 -0.02809680998325348 -0.011560972779989243 0.001980281202122569 -0.05565715953707695 -0.013369440101087093 0.003182393265888095 0.0007314696558751166 -0.000431095773819834 -0.02068917080760002 -0.017610032111406326 -0.0028231539763510227 -0.01313211303204298 0.003947035409510136 -0.014908631332218647 0.020269865170121193 0.0029767644591629505 0.013922340236604214 0.015941351652145386 0.010915295220911503 0.004632735159248114 0.0005206691566854715 -0.0065065897069871426 -0.014439632184803486 0.03256004676222801 -0.00834814365953207 -0.02373817376792431 -0.033789169043302536 -0.009152869693934917 -0.000865658454131335 0.016706081771115898 0.03508921753202642 0.12033782812562313 0.279808745837863 0.29645512302914745 0.3055665320348061 0.6128563754854031 0.828604642462342 0.9414953533082321 -1.1916616 -1.113738 -1.0871446 -1.0004997 -1.1547425 -1.0812114 -1.0844488 -1.1883053 -1.207844 -1.308352 -1.2143425 -0.9977396 -0.891949 -0.7939017 -0.8870372 -0.9704811 -1.1675428 -1.2065527
2 400 -0.03982246294617653 -0.013827827759087086 -0.027995053678750992 -0.02340153232216835 -0.057396139949560165 0.028944870457053185 0.023473119363188744 -0.004127915017306805 -4.105622792849317e-05 0.016664957627654076 -0.017379047349095345 0.0066815936006605625 0.016030022874474525 -0.0014239565934985876 -0.021896369755268097 0.02969825267791748 -0.04092363640666008 0.0022830863017588854 0.03592716529965401 0.009865487925708294 -0.006047749891877174 0.010522676631808281 0.03896528482437134 -0.005627573002129793 0.006131248082965612 0.00666210800409317 -0.022998495027422905 -0.005891198758035898 -0.020747900009155273 -0.021425995975732803 -0.014752179384231567 0.03909064456820488 -0.025149453431367874 0.012292186729609966 0.024407528340816498 0.02778165601193905 -0.003005240811035037 0.006870857905596495 -0.03018377721309662 0.014374022372066975 -0.04502302408218384 -0.032734401524066925 -0.019743764773011208 0.011711472645401955 -0.018693478778004646 -0.012185062281787395 0.024394718930125237 -0.008527490310370922 -0.01761781983077526 0.0066941105760633945 0.00719953840598464 -0.027474412694573402 0.007931758649647236 0.0022629592567682266 -0.0067231617867946625 -0.0022878285963088274 0.008942187763750553 -0.006494646426290274 -0.02317635528743267 -0.005393634550273418 -0.0284231249243021 0.03219737485051155 0.007929938845336437 -0.006733540445566177 0.004190453793853521 -0.0171841848641634 -0.02809680998325348 -0.011560972779989243 0.001980281202122569 -0.05565715953707695 -0.013369440101087093 0.003182393265888095 0.0007314696558751166 -0.000431095773819834 -0.02068917080760002 -0.017610032111406326 -0.0028231539763510227 -0.01313211303204298 0.003947035409510136 -0.014908631332218647 0.020269865170121193 0.0029767644591629505 0.013922340236604214 0.015941351652145386 0.010915295220911503 0.004632735159248114 0.0005206691566854715 -0.0065065897069871426 -0.014439632184803486 0.03256004676222801 -0.00834814365953207 -0.02373817376792431 -0.033789169043302536 -0.009152869693934917 -0.000865658454131335 0.007686759844702492 0.03492403066777101 0.11303732564771164 0.13856572078354987 0.13084232265786444 0.12283342406065013 0.3022930952295495 0.6253743503349197 0.9081370408893561 -1.2446461 -1.1392462 -1.1648293 -1.1548254 -1.2513018 -1.1953926 -1.2654123 -1.2759389 -1.2571801 -1.513388 -1.2890481 -1.151119 -1.0851845 -1.1132382 -1.0074509 -1.1547819 -1.1586522 -1.2767438
0 400 -0.019911231473088264 -0.006913913879543543 -0.013997526839375496 -0.011700766161084175 -0.028698069974780083 0.014472435228526592 0.011736559681594372 -0.0020639575086534023 -2.0528113964246586e-05 0.008332478813827038 -0.008689523674547672 0.0033407968003302813 0.008015011437237263 -0.0007119782967492938 -0.010948184877634048 0.01484912633895874 -0.02046181820333004 0.0011415431508794427 0.017963582649827003 0.004932743962854147 -0.003023874945938587 0.0052613383159041405 0.01948264241218567 -0.0028137865010648966 0.003065624041482806 0.003331054002046585 -0.011499247513711452 -0.002945599379017949 -0.010373950004577637 -0.010712997987866402 -0.007376089692115784 0.01954532228410244 -0.012574726715683937 0.006146093364804983 0.012203764170408249 0.013890828005969524 -0.0015026204055175185 0.0034354289527982473 -0.01509188860654831 0.007187011186033487 -0.02251151204109192 -0.016367200762033463 -0.009871882386505604 0.005855736322700977 -0.009346739389002323 -0.006092531140893698 0.012197359465062618 -0.004263745155185461 -0.00880890991538763 0.0033470552880316973 0.00359976920299232 -0.013737206347286701 0.003965879324823618 0.0011314796283841133 -0.0033615808933973312 -0.0011439142981544137 0.0044710938818752766 -0.003247323213145137 -0.011588177643716335 -0.002696817275136709 -0.01421156246215105 0.016098687425255775 0.003964969422668219 -0.0033667702227830887 0.0020952268969267607 -0.0085920924320817 -0.01404840499162674 -0.005780486389994621 0.0009901406010612845 -0.027828579768538475 -0.006684720050543547 0.0015911966329440475 0.0003657348279375583 -0.000215547886909917 -0.01034458540380001 -0.008805016055703163 -0.0014115769881755114 -0.00656605651602149 0.001973517704755068 -0.0074543156661093235 0.010134932585060596 0.0014883822295814753 0.006961170118302107 0.007970675826072693 0.005457647610455751 0.002316367579624057 0.00026033457834273577 -0.0032532948534935713 -0.007219816092401743 0.016280023381114006 -0.004174071829766035 -0.011869086883962154 -0.016894584521651268 -0.004576434846967459 -0.0004328292270656675 0.038321580162898584 0.1365300978544519 0.3582807749869808 0.6045765607780628 0.648898366388356 0.7700005904470442 0.9021068941503945 0.9460606132588248 0.9854884434513289 -1.1839347 -1.0001502 -0.9095498 -0.7737638 -0.72424257 -0.76872784 -0.8852313 -1.0001571 -1.1521342 -1.2685089 -0.96170586 -0.7879335 -0.40165877 -0.42814225 -0.47809023 -0.73918486 -1.0188059 -1.2849954
1 400 -0.019911231473088264 -0.006913913879543543 -0.013997526839375496 -0.011700766161084175 -0.028698069974780083 0.014472435228526592 0.011736559681594372 -0.0020639575086534023 -2.0528113964246586e-05 0.008332478813827038 -0.008689523674547672 0.0033407968003302813 0.008015011437237263 -0.0007119782967492938 -0.010948184877634048 0.01484912633895874 -0.02046181820333004 0.0011415431508794427 0.017963582649827003 0.004932743962854147 -0.003023874945938587 0.0052613383159041405 0.01948264241218567 -0.0028137865010648966 0.003065624041482806 0.003331054002046585 -0.011499247513711452 -0.002945599379017949 -0.010373950004577637 -0.010712997987866402 -0.007376089692115784 0.01954532228410244 -0.012574726715683937 0.006146093364804983 0.012203764170408249 0.013890828005969524 -0.0015026204055175185 0.0034354289527982473 -0.01509188860654831 0.007187011186033487 -0.02251151204109192 -0.016367200762033463 -0.009871882386505604 0.005855736322700977 -0.009346739389002323 -0.006092531140893698 0.012197359465062618 -0.004263745155185461 -0.00880890991538763 0.0033470552880316973 0.00359976920299232 -0.013737206347286701 0.003965879324823618 0.0011314796283841133 -0.0033615808933973312 -0.0011439142981544137 0.0044710938818752766 -0.003247323213145137 -0.011588177643716335 -0.002696817275136709 -0.01421156246215105 0.016098687425255775 0.003964969422668219 -0.0033667702227830887 0.0020952268969267607 -0.0085920924320817 -0.01404840499162674 -0.005780486389994621 0.0009901406010612845 -0.027828579768538475 -0.006684720050543547 0.0015911966329440475 0.0003657348279375583 -0.000215547886909917 -0.01034458540380001 -0.008805016055703163 -0.0014115769881755114 -0.00656605651602149 0.001973517704755068 -0.0074543156661093235 0.010134932585060596 0.0014883822295814753 0.006961170118302107 0.007970675826072693 0.005457647610455751 0.002316367579624057 0.00026033457834273577 -0.0032532948534935713 -0.007219816092401743 0.016280023381114006 -0.004174071829766035 -0.011869086883962154 -0.016894584521651268 -0.004576434846967459 -0.0004328292270656675 0.019741623192430974 0.04500173985532163 0.12353499120944655 0.24591855502773477 0.4198311708356797 0.4848507267378685 0.7909414538313376 0.9088956522319739 0.9597196890345454 -1.1133006 -1.0452895 -0.94038844 -0.7866453 -0.8325435 -0.8319522 -0.8285879 -0.9879818 -1.0938276 -1.2064315 -1.0313938 -0.83519095 -0.5682337 -0.48304182 -0.54751086 -0.61352 -0.906186 -1.148733
2 400 -0.019911231473088264 -0.006913913879543543 -0.013997526839375496 -0.011700766161084175 -0.028698069974780083 0.014472435228526592 0.011736559681594372 -0.0020639575086534023 -2.0528113964246586e-05 0.008332478813827038 -0.008689523674547672 0.0033407968003302813 0.008015011437237263 -0.0007119782967492938 -0.010948184877634048 0.01484912633895874 -0.02046181820333004 0.0011415431508794427 0.017963582649827003 0.004932743962854147 -0.003023874945938587 0.0052613383159041405 0.01948264241218567 -0.0028137865010648966 0.003065624041482806 0.003331054002046585 -0.011499247513711452 -0.002945599379017949 -0.010373950004577637 -0.010712997987866402 -0.007376089692115784 0.01954532228410244 -0.012574726715683937 0.006146093364804983 0.012203764170408249 0.013890828005969524 -0.0015026204055175185 0.0034354289527982473 -0.01509188860654831 0.007187011186033487 -0.02251151204109192 -0.016367200762033463 -0.009871882386505604 0.005855736322700977 -0.009346739389002323 -0.006092531140893698 0.012197359465062618 -0.004263745155185461 -0.00880890991538763 0.0033470552880316973 0.00359976920299232 -0.013737206347286701 0.003965879324823618 0.0011314796283841133 -0.0033615808933973312 -0.0011439142981544137 0.0044710938818752766 -0.003247323213145137 -0.011588177643716335 -0.002696817275136709 -0.01421156246215105 0.016098687425255775 0.003964969422668219 -0.0033667702227830887 0.0020952268969267607 -0.0085920924320817 -0.01404840499162674 -0.005780486389994621 0.0009901406010612845 -0.027828579768538475 -0.006684720050543547 0.0015911966329440475 0.0003657348279375583 -0.000215547886909917 -0.01034458540380001 -0.008805016055703163 -0.0014115769881755114 -0.00656605651602149 0.001973517704755068 -0.0074543156661093235 0.010134932585060596 0.0014883822295814753 0.006961170118302107 0.007970675826072693 0.005457647610455751 0.002316367579624057 0.00026033457834273577 -0.0032532948534935713 -0.007219816092401743 0.016280023381114006 -0.004174071829766035 -0.011869086883962154 -0.016894584521651268 -0.004576434846967459 -0.0004328292270656675 0.00969792465211529 0.04391356460165725 0.09416919824399074 0.20989781109565323 0.26344108511268793 0.3208128750911447 0.6224701599765188 0.7729112046472478 0.9327663465326221 -1.1626482 -1.0613914 -0.9988596 -0.9105902 -0.94581026 -0.9020229 -0.97089076 -1.0410085 -1.1616712 -1.3683472 -1.156526 -0.95387495 -0.7284577 -0.7371956 -0.66571045 -0.87557226 -0.95515674 -1.2107158
0 400 0.0 0.0 0.0 0.0 0.0 -0.0 -0.0 0.0 0.0 -0.0 0.0 -0.0 -0.0 0.0 0.0 -0.0 0.0 -0.0 -0.0 -0.0 0.0 -0.0 -0.0 0.0 -0.0 -0.0 0.0 0.0 0.0 0.0 0.0 -0.0 0.0 -0.0 -0.0 -0.0 0.0 -0.0 0.0 -0.0 0.0 0.0 0.0 -0.0 0.0 0.0 -0.0 0.0 0.0 -0.0 -0.0 0.0 -0.0 -0.0 0.0 0.0 -0.0 0.0 0.0 0.0 0.0 -0.0 -0.0 0.0 -0.0 0.0 0.0 0.0 -0.0 0.0 0.0 -0.0 -0.0 0.0 0.0 0.0 0.0 0.0 -0.0 0.0 -0.0 -0.0 -0.0 -0.0 -0.0 -0.0 -0.0 0.0 0.0 -0.0 0.0 0.0 0.0 0.0 0.0 0.023467574392749744 0.08551024796826964 0.3044732399470136 0.5415589233184129 0.6869709972743854 0.7882930799006295 0.9085791072847277 0.9562714909126238 0.9870767045253922 -1.0043454 -0.86844975 -0.7680317 -0.5234976 -0.38055664 -0.48190853 -0.67947626 -0.89279073 -1.035468 -1.0758473 -0.86466604 -0.62458247 -0.15138389 -0.060534433 -0.18520097 -0.57685727 -0.9061218 -1.1693376
1 400 0.0 0.0 0.0 0.0 0.0 -0.0 -0.0 0.0 0.0 -0.0 0.0 -0.0 -0.0 0.0 0.0 -0.0 0.0 -0.0 -0.0 -0.0 0.0 -0.0 -0.0 0.0 -0.0 -0.0 0.0 0.0 0.0 0.0 0.0 -0.0 0.0 -0.0 -0.0 -0.0 0.0 -0.0 0.0 -0.0 0.0 0.0 0.0 -0.0 0.0 0.0 -0.0 0.0 0.0 -0.0 -0.0 0.0 -0.0 -0.0 0.0 0.0 -0.0 0.0 0.0 0.0 0.0 -0.0 -0.0 0.0 -0.0 0.0 0.0 0.0 -0.0 0.0 0.0 -0.0 -0.0 0.0 0.0 0.0 0.0 0.0 -0.0 0.0 -0.0 -0.0 -0.0 -0.0 -0.0 -0.0 -0.0 0.0 0.0 -0.0 0.0 0.0 0.0 0.0 0.0 0.030609650416713544 0.05227799367165538 0.13504795529225652 0.3276997131858713 0.4798670107333001 0.5817312524980367 0.8045297843622273 0.9292902812025156 0.9792795634876832 -1.0663993 -0.9589217 -0.8449352 -0.6943937 -0.56935656 -0.68173236 -0.81431544 -0.882054 -1.0103586 -1.117178 -0.96749675 -0.7549808 -0.4727756 -0.18971549 -0.36518076 -0.6521931 -0.8062641 -1.1049144
2 400 0.0 0.0 0.0 0.0 0.0 -0.0 -0.0 0.0 0.0 -0.0 0.0 -0.0 -0.0 0.0 0.0 -0.0 0.0 -0.0 -0.0 -0.0 0.0 -0.0 -0.0 0.0 -0.0 -0.0 0.0 0.0 0.0 0.0 0.0 -0.0 0.0 -0.0 -0.0 -0.0 0.0 -0.0 0.0 -0.0 0.0 0.0 0.0 -0.0 0.0 0.0 -0.0 0.0 0.0 -0.0 -0.0 0.0 -0.0 -0.0 0.0 0.0 -0.0 0.0 0.0 0.0 0.0 -0.0 -0.0 0.0 -0.0 0.0 0.0 0.0 -0.0 0.0 0.0 -0.0 -0.0 0.0 0.0 0.0 0.0 0.0 -0.0 0.0 -0.0 -0.0 -0.0 -0.0 -0.0 -0.0 -0.0 0.0 0.0 -0.0 0.0 0.0 0.0 0.0 0.0 0.014264697463954626 0.042833045580942704 0.07793297922539862 0.18114615137244328 0.2948393221071006 0.42998899476085006 0.7369588795241706 0.8476617112921188 0.9513828472480002 -1.0979223 -0.92794883 -0.8236566 -0.65005106 -0.47129333 -0.56933284 -0.7368755 -0.93397313 -1.0537102 -1.2312804 -0.98393404 -0.7804044 -0.46236914 -0.27064914 -0.34940168 -0.6112125 -0.8621042 -1.1033897
0 400 0.019911231473088264 0.006913913879543543 0.013997526839375496 0.011700766161084175 0.028698069974780083 -0.014472435228526592 -0.011736559681594372 0.0020639575086534023 2.0528113964246586e-05 -0.008332478813827038 0.008689523674547672 -0.0033407968003302813 -0.008015011437237263 0.0007119782967492938 0.010948184877634048 -0.01484912633895874 0.02046181820333004 -0.0011415431508794427 -0.017963582649827003 -0.004932743962854147 0.003023874945938587 -0.0052613383159041405 -0.01948264241218567 0.0028137865010648966 -0.003065624041482806 -0.003331054002046585 0.011499247513711452 0.002945599379017949 0.010373950004577637 0.010712997987866402 0.007376089692115784 -0.01954532228410244 0.012574726715683937 -0.006146093364804983 -0.012203764170408249 -0.013890828005969524 0.0015026204055175185 -0.0034354289527982473 0.01509188860654831 -0.007187011186033487 0.02251151204109192 0.016367200762033463 0.009871882386505604 -0.005855736322700977 0.009346739389002323 0.006092531140893698 -0.012197359465062618 0.004263745155185461 0.00880890991538763 -0.0033470552880316973 -0.00359976920299232 0.013737206347286701 -0.003965879324823618 -0.0011314796283841133 0.0033615808933973312 0.0011439142981544137 -0.0044710938818752766 0.003247323213145137 0.011588177643716335 0.002696817275136709 0.01421156246215105 -0.016098687425255775 -0.003964969422668219 0.0033667702227830887 -0.0020952268969267607 0.0085920924320817 0.01404840499162674 0.005780486389994621 -0.0009901406010612845 0.027828579768538475 0.006684720050543547 -0.0015911966329440475 -0.0003657348279375583 0.000215547886909917 0.01034458540380001 0.008805016055703163 0.0014115769881755114 0.00656605651602149 -0.001973517704755068 0.0074543156661093235 -0.010134932585060596 -0.0014883822295814753 -0.006961170118302107 -0.007970675826072693 -0.005457647610455751 -0.002316367579624057 -0.00026033457834273577 0.0032532948534935713 0.007219816092401743 -0.016280023381114006 0.004174071829766035 0.011869086883962154 0.016894584521651268 0.004576434846967459 0.0004328292270656675 0.021419110876156874 0.07205096537173061 0.2615767870857537 0.5145828863596804 0.6230816448163187 0.8100382126997915 0.9085328942264878 0.9564055359944083 0.98680697178943 -0.8498833 -0.6319854 -0.47357118 -0.1621401 0.12280393 -0.14660993 -0.34820783 -0.6071868 -0.8957747 -0.908744 -0.64724815 -0.3320237 0.2038234 0.44759864 0.04773341 -0.2626358 -0.6220746 -0.99000186
1 400 0.019911231473088264 0.006913913879543543 0.013997526839375496 0.011700766161084175 0.028698069974780083 -0.014472435228526592 -0.011736559681594372 0.0020639575086534023 2.0528113964246586e-05 -0.008332478813827038 0.008689523674547672 -0.0033407968003302813 -0.008015011437237263 0.0007119782967492938 0.010948184877634048 -0.01484912633895874 0.02046181820333004 -0.0011415431508794427 -0.017963582649827003 -0.004932743962854147 0.003023874945938587 -0.0052613383159041405 -0.01948264241218567 0.0028137865010648966 -0.003065624041482806 -0.003331054002046585 0.011499247513711452 0.002945599379017949 0.010373950004577637 0.010712997987866402 0.007376089692115784 -0.01954532228410244 0.012574726715683937 -0.006146093364804983 -0.012203764170408249 -0.013890828005969524 0.0015026204055175185 -0.0034354289527982473 0.01509188860654831 -0.007187011186033487 0.02251151204109192 0.016367200762033463 0.009871882386505604 -0.005855736322700977 0.009346739389002323 0.006092531140893698 -0.012197359465062618 0.004263745155185461 0.00880890991538763 -0.0033470552880316973 -0.00359976920299232 0.013737206347286701 -0.003965879324823618 -0.0011314796283841133 0.0033615808933973312 0.0011439142981544137 -0.0044710938818752766 0.003247323213145137 0.011588177643716335 0.002696817275136709 0.01421156246215105 -0.016098687425255775 -0.003964969422668219 0.0033667702227830887 -0.0020952268969267607 0.0085920924320817 0.01404840499162674 0.005780486389994621 -0.0009901406010612845 0.027828579768538475 0.006684720050543547 -0.0015911966329440475 -0.0003657348279375583 0.000215547886909917 0.01034458540380001 0.008805016055703163 0.0014115769881755114 0.00656605651602149 -0.001973517704755068 0.0074543156661093235 -0.010134932585060596 -0.0014883822295814753 -0.006961170118302107 -0.007970675826072693 -0.005457647610455751 -0.002316367579624057 -0.00026033457834273577 0.0032532948534935713 0.007219816092401743 -0.016280023381114006 0.004174071829766035 0.011869086883962154 0.016894584521651268 0.004576434846967459 0.0004328292270656675 0.022800929801710435 0.04809296436938847 0.1462433796020265 0.379136116813911 0.4831237155717952 0.6079438250759014 0.822238417866432 0.9201557180473946 0.9778744991183944 -0.9453269 -0.7417207 -0.7043222 -0.48284978 -0.3055338 -0.5313748 -0.6938257 -0.79151094 -0.934765 -1.0116385 -0.7977851 -0.6023261 -0.24677438 0.08959879 -0.23071967 -0.55371314 -0.6943345 -0.9831917
2 400 0.019911231473088264 0.006913913879543543 0.013997526839375496 0.011700766161084175 0.028698069974780083 -0.014472435228526592 -0.011736559681594372 0.0020639575086534023 2.0528113964246586e-05 -0.008332478813827038 0.008689523674547672 -0.0033407968003302813 -0.008015011437237263 0.0007119782967492938 0.010948184877634048 -0.01484912633895874 0.02046181820333004 -0.0011415431508794427 -0.017963582649827003 -0.004932743962854147 0.003023874945938587 -0.0052613383159041405 -0.01948264241218567 0.0028137865010648966 -0.003065624041482806 -0.003331054002046585 0.011499247513711452 0.002945599379017949 0.010373950004577637 0.010712997987866402 0.007376089692115784 -0.01954532228410244 0.012574726715683937 -0.006146093364804983 -0.012203764170408249 -0.013890828005969524 0.0015026204055175185 -0.0034354289527982473 0.01509188860654831 -0.007187011186033487 0.02251151204109192 0.016367200762033463 0.009871882386505604 -0.005855736322700977 0.009346739389002323 0.006092531140893698 -0.012197359465062618 0.004263745155185461 0.00880890991538763 -0.0033470552880316973 -0.00359976920299232 0.013737206347286701 -0.003965879324823618 -0.0011314796283841133 0.0033615808933973312 0.0011439142981544137 -0.0044710938818752766 0.003247323213145137 0.011588177643716335 0.002696817275136709 0.01421156246215105 -0.016098687425255775 -0.003964969422668219 0.0033667702227830887 -0.0020952268969267607 0.0085920924320817 0.01404840499162674 0.005780486389994621 -0.0009901406010612845 0.027828579768538475 0.006684720050543547 -0.0015911966329440475 -0.0003657348279375583 0.000215547886909917 0.01034458540380001 0.008805016055703163 0.0014115769881755114 0.00656605651602149 -0.001973517704755068 0.0074543156661093235 -0.010134932585060596 -0.0014883822295814753 -0.006961170118302107 -0.007970675826072693 -0.005457647610455751 -0.002316367579624057 -0.00026033457834273577 0.0032532948534935713 0.007219816092401743 -0.016280023381114006 0.004174071829766035 0.011869086883962154 0.016894584521651268 0.004576434846967459 0.0004328292270656675 0.012841255039873217 0.038956749587816565 0.07744897933558394 0.1720558976232492 0.2762973307686227 0.5752043522835648 0.7396031864200782 0.8858428251416983 0.9664752211166328 -0.92012537 -0.65249914 -0.5075845 -0.34661782 -0.09372571 -0.20165223 -0.41095805 -0.6031437 -0.9291898 -1.0242821 -0.68832046 -0.48891133 -0.1900582 0.09618743 0.02836071 -0.29018956 -0.54358584 -0.96970403
0 400 0.03982246294617653 0.013827827759087086 0.027995053678750992 0.02340153232216835 0.057396139949560165 -0.028944870457053185 -0.023473119363188744 0.004127915017306805 4.105622792849317e-05 -0.016664957627654076 0.017379047349095345 -0.0066815936006605625 -0.016030022874474525 0.0014239565934985876 0.021896369755268097 -0.02969825267791748 0.04092363640666008 -0.0022830863017588854 -0.03592716529965401 -0.009865487925708294 0.006047749891877174 -0.010522676631808281 -0.03896528482437134 0.005627573002129793 -0.006131248082965612 -0.00666210800409317 0.022998495027422905 0.005891198758035898 0.020747900009155273 0.021425995975732803 0.014752179384231567 -0.03909064456820488 0.025149453431367874 -0.012292186729609966 -0.024407528340816498 -0.02778165601193905 0.003005240811035037 -0.006870857905596495 0.03018377721309662 -0.014374022372066975 0.04502302408218384 0.032734401524066925 0.019743764773011208 -0.011711472645401955 0.018693478778004646 0.012185062281787395 -0.024394718930125237 0.008527490310370922 0.01761781983077526 -0.0066941105760633945 -0.00719953840598464 0.027474412694573402 -0.007931758649647236 -0.0022629592567682266 0.0067231617867946625 0.0022878285963088274 -0.008942187763750553 0.006494646426290274 0.02317635528743267 0.005393634550273418 0.0284231249243021 -0.03219737485051155 -0.007929938845336437 0.006733540445566177 -0.004190453793853521 0.0171841848641634 0.02809680998325348 0.011560972779989243 -0.001980281202122569 0.05565715953707695 0.013369440101087093 -0.003182393265888095 -0.0007314696558751166 0.000431095773819834 0.02068917080760002 0.017610032111406326 0.0028231539763510227 0.01313211303204298 -0.003947035409510136 0.014908631332218647 -0.020269865170121193 -0.0029767644591629505 -0.013922340236604214 -0.015941351652145386 -0.010915295220911503 -0.004632735159248114 -0.0005206691566854715 0.0065065897069871426 0.014439632184803486 -0.03256004676222801 0.00834814365953207 0.02373817376792431 0.033789169043302536 0.009152869693934917 0.000865658454131335 0.02966741405589711 0.13665047374920936 0.3414596578454236 0.5444085753711589 0.6449373836022563 0.7779981776147853 0.8808656723658718 0.939113259305112 0.9850479996651573 -0.6473818 -0.17962691 -0.0146712065 0.36092693 0.505061 0.17630327 -0.056650996 -0.26488793 -0.77058816 -0.68332076 -0.139264 0.19816394 0.69019914 0.80091554 0.34642202 0.041292623 -0.26587057 -0.8338658
1 400 0.03982246294617653 0.013827827759087086 0.027995053678750992 0.02340153232216835 0.057396139949560165 -0.028944870457053185 -0.023473119363188744 0.004127915017306805 4.105622792849317e-05 -0.016664957627654076 0.017379047349095345 -0.0066815936006605625 -0.016030022874474525 0.0014239565934985876 0.021896369755268097 -0.02969825267791748 0.04092363640666008 -0.0022830863017588854 -0.03592716529965401 -0.009865487925708294 0.006047749891877174 -0.010522676631808281 -0.03896528482437134 0.005627573002129793 -0.006131248082965612 -0.00666210800409317 0.022998495027422905 0.005891198758035898 0.020747900009155273 0.021425995975732803 0.014752179384231567 -0.03909064456820488 0.025149453431367874 -0.012292186729609966 -0.024407528340816498 -0.02778165601193905 0.003005240811035037 -0.006870857905596495 0.03018377721309662 -0.014374022372066975 0.04502302408218384 0.032734401524066925 0.019743764773011208 -0.011711472645401955 0.018693478778004646 0.012185062281787395 -0.024394718930125237 0.008527490310370922 0.01761781983077526 -0.0066941105760633945 -0.00719953840598464 0.027474412694573402 -0.007931758649647236 -0.0022629592567682266 0.0067231617867946625 0.0022878285963088274 -0.008942187763750553 0.006494646426290274 0.02317635528743267 0.005393634550273418 0.0284231249243021 -0.03219737485051155 -0.007929938845336437 0.006733540445566177 -0.004190453793853521 0.0171841848641634 0.02809680998325348 0.011560972779989243 -0.001980281202122569 0.05565715953707695 0.013369440101087093 -0.003182393265888095 -0.0007314696558751166 0.000431095773819834 0.02068917080760002 0.017610032111406326 0.0028231539763510227 0.01313211303204298 -0.003947035409510136 0.014908631332218647 -0.020269865170121193 -0.0029767644591629505 -0.013922340236604214 -0.015941351652145386 -0.010915295220911503 -0.004632735159248114 -0.0005206691566854715 0.0065065897069871426 0.014439632184803486 -0.03256004676222801 0.00834814365953207 0.02373817376792431 0.033789169043302536 0.009152869693934917 0.000865658454131335 0.03936022517296786 0.11715615526618413 0.16057002899315495 0.31911803810650574 0.49991957646984503 0.6195168598768537 0.7893669959966383 0.9089897820965208 0.9810955774297774 -0.78810537 -0.47160065 -0.5084692 -0.24546337 -0.03273973 -0.263524 -0.46335033 -0.5355387 -0.78068376 -0.7803489 -0.46866763 -0.37942427 0.01872556 0.3453756 0.009613588 -0.30848995 -0.44843107 -0.78937346
2 400 0.03982246294617653 0.013827827759087086 0.027995053678750992 0.02340153232216835 0.057396139949560165 -0.028944870457053185 -0.023473119363188744 0.004127915017306805 4.105622792849317e-05 -0.016664957627654076 0.017379047349095345 -0.0066815936006605625 -0.016030022874474525 0.0014239565934985876 0.021896369755268097 -0.02969825267791748 0.04092363640666008 -0.0022830863017588854 -0.03592716529965401 -0.009865487925708294 0.006047749891877174 -0.010522676631808281 -0.03896528482437134 0.005627573002129793 -0.006131248082965612 -0.00666210800409317 0.022998495027422905 0.005891198758035898 0.020747900009155273 0.021425995975732803 0.014752179384231567 -0.03909064456820488 0.025149453431367874 -0.012292186729609966 -0.024407528340816498 -0.02778165601193905 0.003005240811035037 -0.006870857905596495 0.03018377721309662 -0.014374022372066975 0.04502302408218384 0.032734401524066925 0.019743764773011208 -0.011711472645401955 0.018693478778004646 0.012185062281787395 -0.024394718930125237 0.008527490310370922 0.01761781983077526 -0.0066941105760633945 -0.00719953840598464 0.027474412694573402 -0.007931758649647236 -0.0022629592567682266 0.0067231617867946625 0.0022878285963088274 -0.008942187763750553 0.006494646426290274 0.02317635528743267 0.005393634550273418 0.0284231249243021 -0.03219737485051155 -0.007929938845336437 0.006733540445566177 -0.004190453793853521 0.0171841848641634 0.02809680998325348 0.011560972779989243 -0.001980281202122569 0.05565715953707695 0.013369440101087093 -0.003182393265888095 -0.0007314696558751166 0.000431095773819834 0.02068917080760002 0.017610032111406326 0.0028231539763510227 0.01313211303204298 -0.003947035409510136 0.014908631332218647 -0.020269865170121193 -0.0029767644591629505 -0.013922340236604214 -0.015941351652145386 -0.010915295220911503 -0.004632735159248114 -0.0005206691566854715 0.0065065897069871426 0.014439632184803486 -0.03256004676222801 0.00834814365953207 0.02373817376792431 0.033789169043302536 0.009152869693934917 0.000865658454131335 0.016898094967726898 0.05194317803424008 0.11692701066289242 0.2420242097838899 0.30700671918292066 0.5497842623471052 0.7021076580370027 0.8620764210348717 0.9682310316546427 -0.69308954 -0.28361356 -0.046865374 0.32315028 0.38494045 0.095672786 -0.10565394 -0.24195528 -0.72290564 -0.76573175 -0.2618358 0.047639236 0.5432181 0.55228704 0.30586272 0.009128615 -0.16138999 -0.73897725
0 400 0.05973369628190994 0.020741742104291916 0.04199258238077164 0.035102300345897675 0.0860942080616951 -0.0434173084795475 -0.03520968183875084 0.006191872525960207 6.158434553071856e-05 -0.02499743551015854 0.02606857195496559 -0.010022390633821487 -0.024045035243034363 0.0021359350066632032 0.032844554632902145 -0.04454737901687622 0.06138545647263527 -0.00342462956905365 -0.05389074981212616 -0.014798231422901154 0.009071624837815762 -0.015784015879034996 -0.058447930961847305 0.008441359736025333 -0.00919687282294035 -0.009993162006139755 0.03449774533510208 0.008836798369884491 0.03112185187637806 0.032138995826244354 0.02212826907634735 -0.05863596871495247 0.03772418200969696 -0.018438279628753662 -0.03661129251122475 -0.0416724868118763 0.004507861565798521 -0.010306286625564098 0.04527566581964493 -0.02156103402376175 0.06753453612327576 0.04910160228610039 0.029615648090839386 -0.017567209899425507 0.028040219098329544 0.018277592957019806 -0.03659207746386528 0.012791234999895096 0.026426730677485466 -0.010041166096925735 -0.010799308307468891 0.04121161997318268 -0.011897638440132141 -0.0033944391179829836 0.010084742680191994 0.003431743010878563 -0.013413282111287117 0.009741970337927341 0.03476453199982643 0.008090452291071415 0.042634688317775726 -0.048296064138412476 -0.011894908733665943 0.010100310668349266 -0.006285680923610926 0.025776278227567673 0.04214521497488022 0.017341459169983864 -0.0029704219195991755 0.08348574489355087 0.020054159685969353 -0.004773590248078108 -0.0010972045129165053 0.0006466436898335814 0.031033756211400032 0.02641504816710949 0.004234731197357178 0.019698170945048332 -0.0059205531142652035 0.022362947463989258 -0.030404798686504364 -0.004465146921575069 -0.020883509889245033 -0.023912029340863228 -0.01637294329702854 -0.006949102971702814 -0.0007810037932358682 0.009759885258972645 0.021659448742866516 -0.04884006828069687 0.012522215023636818 0.03560726344585419 0.05068375542759895 0.013729305006563663 0.001298487768508494 0.06297453820968167 0.2855247665592362 0.3854707364916728 0.4349762781920734 0.5719774413937783 0.7004031305199688 0.7598286650765286 0.9054354910141326 0.9786407119397021 -0.22717434 0.44253308 0.37072176 0.85926324 1.023546 0.61522716 0.6393315 0.15345114 -0.55319846 -0.24589182 0.5345147 0.5695916 1.0659611 1.2160242 0.7273765 0.7812001 0.15833633 -0.61139137
1 400 0.05973369628190994 0.020741742104291916 0.04199258238077164 0.035102300345897675 0.0860942080616951 -0.0434173084795475 -0.03520968183875084 0.006191872525960207 6.158434553071856e-05 -0.02499743551015854 0.02606857195496559 -0.010022390633821487 -0.024045035243034363 0.0021359350066632032 0.032844554632902145 -0.04454737901687622 0.06138545647263527 -0.00342462956905365 -0.05389074981212616 -0.014798231422901154 0.009071624837815762 -0.015784015879034996 -0.058447930961847305 0.008441359736025333 -0.00919687282294035 -0.009993162006139755 0.03449774533510208 0.008836798369884491 0.03112185187637806 0.032138995826244354 0.02212826907634735 -0.05863596871495247 0.03772418200969696 -0.018438279628753662 -0.03661129251122475 -0.0416724868118763 0.004507861565798521 -0.010306286625564098 0.04527566581964493 -0.02156103402376175 0.06753453612327576 0.04910160228610039 0.029615648090839386 -0.017567209899425507 0.028040219098329544 0.018277592957019806 -0.03659207746386528 0.012791234999895096 0.026426730677485466 -0.010041166096925735 -0.010799308307468891 0.04121161997318268 -0.011897638440132141 -0.0033944391179829836 0.010084742680191994 0.003431743010878563 -0.013413282111287117 0.009741970337927341 0.03476453199982643 0.008090452291071415 0.042634688317775726 -0.048296064138412476 -0.011894908733665943 0.010100310668349266 -0.006285680923610926 0.025776278227567673 0.04214521497488022 0.017341459169983864 -0.0029704219195991755 0.08348574489355087 0.020054159685969353 -0.004773590248078108 -0.0010972045129165053 0.0006466436898335814 0.031033756211400032 0.02641504816710949 0.004234731197357178 0.019698170945048332 -0.0059205531142652035 0.022362947463989258 -0.030404798686504364 -0.004465146921575069 -0.020883509889245033 -0.023912029340863228 -0.01637294329702854 -0.006949102971702814 -0.0007810037932358682 0.009759885258972645 0.021659448742866516 -0.04884006828069687 0.012522215023636818 0.03560726344585419 0.05068375542759895 0.013729305006563663 0.001298487768508494 0.11242388484339957 0.2994022311630291 0.2969084962341933 0.5126087385205704 0.5285836173576471 0.5458160954952778 0.726405257518216 0.8686409834523356 0.9799527636081233 -0.36259034 -0.08933419 -0.17388475 0.12416327 0.13720691 0.0783211 0.034085035 -0.23705658 -0.6397279 -0.28497696 -0.021828756 0.017029181 0.26116067 0.45951658 0.3159336 0.10735409 -0.16891246 -0.65780795
2 400 0.05973369628190994 0.020741742104291916 0.04199258238077164 0.035102300345897675 0.0860942080616951 -0.0434173084795475 -0.03520968183875084 0.006191872525960207 6.158434553071856e-05 -0.02499743551015854 0.02606857195496559 -0.010022390633821487 -0.024045035243034363 0.0021359350066632032 0.032844554632902145 -0.04454737901687622 0.06138545647263527 -0.00342462956905365 -0.05389074981212616 -0.014798231422901154 0.009071624837815762 -0.015784015879034996 -0.058447930961847305 0.008441359736025333 -0.00919687282294035 -0.009993162006139755 0.03449774533510208 0.008836798369884491 0.03112185187637806 0.032138995826244354 0.02212826907634735 -0.05863596871495247 0.03772418200969696 -0.018438279628753662 -0.03661129251122475 -0.0416724868118763 0.004507861565798521 -0.010306286625564098 0.04527566581964493 -0.02156103402376175 0.06753453612327576 0.04910160228610039 0.029615648090839386 -0.017567209899425507 0.028040219098329544 0.018277592957019806 -0.03659207746386528 0.012791234999895096 0.026426730677485466 -0.010041166096925735 -0.010799308307468891 0.04121161997318268 -0.011897638440132141 -0.0033944391179829836 0.010084742680191994 0.003431743010878563 -0.013413282111287117 0.009741970337927341 0.03476453199982643 0.008090452291071415 0.042634688317775726 -0.048296064138412476 -0.011894908733665943 0.010100310668349266 -0.006285680923610926 0.025776278227567673 0.04214521497488022 0.017341459169983864 -0.0029704219195991755 0.08348574489355087 0.020054159685969353 -0.004773590248078108 -0.0010972045129165053 0.0006466436898335814 0.031033756211400032 0.02641504816710949 0.004234731197357178 0.019698170945048332 -0.0059205531142652035 0.022362947463989258 -0.030404798686504364 -0.004465146921575069 -0.020883509889245033 -0.023912029340863228 -0.01637294329702854 -0.006949102971702814 -0.0007810037932358682 0.009759885258972645 0.021659448742866516 -0.04884006828069687 0.012522215023636818 0.03560726344585419 0.05068375542759895 0.013729305006563663 0.001298487768508494 0.029997035128859754 0.08787330668636809 0.1504304423324339 0.27220369588704973 0.3050594375486985 0.4017992673394736 0.447656985976619 0.7849634437821679 0.9522124699945479 -0.26786274 0.33096582 0.3822072 0.82854015 0.8634688 0.6340895 0.42455798 0.115635276 -0.4295142 -0.27983576 0.38500983 0.4468984 0.9710943 0.9699697 0.75487727 0.54467756 0.19379388 -0.42299944
0 400 0.07964492589235306 0.02765565551817417 0.055990107357501984 0.0468030646443367 0.11479227989912033 -0.05788974091410637 -0.04694623872637749 0.00825583003461361 8.211245585698634e-05 -0.03332991525530815 0.03475809469819069 -0.013363187201321125 -0.03206004574894905 0.002847913186997175 0.043792739510536194 -0.05939650535583496 0.08184727281332016 -0.004566172603517771 -0.07185433059930801 -0.019730975851416588 0.012095499783754349 -0.021045353263616562 -0.07793056964874268 0.011255146004259586 -0.012262496165931225 -0.01332421600818634 0.04599699005484581 0.011782397516071796 0.04149580001831055 0.04285199195146561 0.029504358768463135 -0.07818128913640976 0.05029890686273575 -0.024584373459219933 -0.048815056681632996 -0.0555633120238781 0.006010481622070074 -0.01374171581119299 0.06036755442619324 -0.02874804474413395 0.09004604816436768 0.06546880304813385 0.039487529546022415 -0.02342294529080391 0.03738695755600929 0.02437012456357479 -0.04878943786025047 0.017054980620741844 0.03523563966155052 -0.013388221152126789 -0.01439907681196928 0.054948825389146805 -0.015863517299294472 -0.004525918513536453 0.013446323573589325 0.004575657192617655 -0.017884375527501106 0.012989292852580547 0.04635271057486534 0.010787269100546837 0.0568462498486042 -0.0643947497010231 -0.015859877690672874 0.013467080891132355 -0.008380907587707043 0.0343683697283268 0.05619361996650696 0.023121945559978485 -0.003960562404245138 0.1113143190741539 0.026738880202174187 -0.00636478653177619 -0.0014629393117502332 0.000862191547639668 0.04137834161520004 0.03522006422281265 0.0056463079527020454 0.02626422606408596 -0.007894070819020271 0.029817262664437294 -0.040539730340242386 -0.005953528918325901 -0.027844680473208427 -0.03188270330429077 -0.021830590441823006 -0.009265470318496227 -0.001041338313370943 0.013013179413974285 0.028879264369606972 -0.06512009352445602 0.01669628731906414 0.04747634753584862 0.06757833808660507 0.018305739387869835 0.00173131690826267 0.09387968513862925 0.2921983742435979 0.364078001313242 0.31711822874255935 0.37654049808459905 0.5589300849331587 0.4467957458412872 0.8173856871455515 0.9419088844926081 0.07726985 1.2191434 1.0608773 1.2920887 1.7632856 1.1118579 1.567919 0.7407283 0.049956024 0.1074561 1.3011531 1.2429879 1.3740815 1.9178312 1.0595279 1.6856599 0.6771162 -0.057182506
1 400 0.07964492589235306 0.02765565551817417 0.055990107357501984 0.0468030646443367 0.11479227989912033 -0.05788974091410637 -0.04694623872637749 0.00825583003461361 8.211245585698634e-05 -0.03332991525530815 0.03475809469819069 -0.013363187201321125 -0.03206004574894905 0.002847913186997175 0.043792739510536194 -0.05939650535583496 0.08184727281332016 -0.004566172603517771 -0.07185433059930801 -0.019730975851416588 0.012095499783754349 -0.021045353263616562 -0.07793056964874268 0.011255146004259586 -0.012262496165931225 -0.01332421600818634 0.04599699005484581 0.011782397516071796 0.04149580001831055 0.04285199195146561 0.029504358768463135 -0.07818128913640976 0.05029890686273575 -0.024584373459219933 -0.048815056681632996 -0.0555633120238781 0.006010481622070074 -0.01374171581119299 0.06036755442619324 -0.02874804474413395 0.09004604816436768 0.06546880304813385 0.039487529546022415 -0.02342294529080391 0.03738695755600929 0.02437012456357479 -0.04878943786025047 0.017054980620741844 0.03523563966155052 -0.013388221152126789 -0.01439907681196928 0.054948825389146805 -0.015863517299294472 -0.004525918513536453 0.013446323573589325 0.004575657192617655 -0.017884375527501106 0.012989292852580547 0.04635271057486534 0.010787269100546837 0.0568462498486042 -0.0643947497010231 -0.015859877690672874 0.013467080891132355 -0.008380907587707043 0.0343683697283268 0.05619361996650696 0.023121945559978485 -0.003960562404245138 0.1113143190741539 0.026738880202174187 -0.00636478653177619 -0.0014629393117502332 0.000862191547639668 0.04137834161520004 0.03522006422281265 0.0056463079527020454 0.02626422606408596 -0.007894070819020271 0.029817262664437294 -0.040539730340242386 -0.005953528918325901 -0.027844680473208427 -0.03188270330429077 -0.021830590441823006 -0.009265470318496227 -0.001041338313370943 0.013013179413974285 0.028879264369606972 -0.06512009352445602 0.01669628731906414 0.04747634753584862 0.06757833808660507 0.018305739387869835 0.00173131690826267 0.31234910085501044 0.4637595781000382 0.5664280904201656 0.3669128277345348 0.45700251937884195 0.617167595870162 0.8209366437689848 0.8864508911894879 0.9614144512679618 -0.07983488 0.4572026 0.102704465 0.430479 0.59837383 0.51467246 0.47329366 0.23927385 -0.11329895 -0.022798613 0.5570534 0.26712084 0.6096155 0.79930824 0.5764699 0.51463705 0.21789981 -0.19421877
2 400 0.07964492589235306 0.02765565551817417 0.055990107357501984 0.0468030646443367 0.11479227989912033 -0.05788974091410637 -0.04694623872637749 0.00825583003461361 8.211245585698634e-05 -0.03332991525530815 0.03475809469819069 -0.013363187201321125 -0.03206004574894905 0.002847913186997175 0.043792739510536194 -0.05939650535583496 0.08184727281332016 -0.004566172603517771 -0.07185433059930801 -0.019730975851416588 0.012095499783754349 -0.021045353263616562 -0.07793056964874268 0.011255146004259586 -0.012262496165931225 -0.01332421600818634 0.04599699005484581 0.011782397516071796 0.04149580001831055 0.04285199195146561 0.029504358768463135 -0.07818128913640976 0.05029890686273575 -0.024584373459219933 -0.048815056681632996 -0.0555633120238781 0.006010481622070074 -0.01374171581119299 0.06036755442619324 -0.02874804474413395 0.09004604816436768 0.06546880304813385 0.039487529546022415 -0.02342294529080391 0.03738695755600929 0.02437012456357479 -0.04878943786025047 0.017054980620741844 0.03523563966155052 -0.013388221152126789 -0.01439907681196928 0.054948825389146805 -0.015863517299294472 -0.004525918513536453 0.013446323573589325 0.004575657192617655 -0.017884375527501106 0.012989292852580547 0.04635271057486534 0.010787269100546837 0.0568462498486042 -0.0643947497010231 -0.015859877690672874 0.013467080891132355 -0.008380907587707043 0.0343683697283268 0.05619361996650696 0.023121945559978485 -0.003960562404245138 0.1113143190741539 0.026738880202174187 -0.00636478653177619 -0.0014629393117502332 0.000862191547639668 0.04137834161520004 0.03522006422281265 0.0056463079527020454 0.02626422606408596 -0.007894070819020271 0.029817262664437294 -0.040539730340242386 -0.005953528918325901 -0.027844680473208427 -0.03188270330429077 -0.021830590441823006 -0.009265470318496227 -0.001041338313370943 0.013013179413974285 0.028879264369606972 -0.06512009352445602 0.01669628731906414 0.04747634753584862 0.06757833808660507 0.018305739387869835 0.00173131690826267 0.05366353900255591 0.08986216562834896 0.12626593194091232 0.21869483165733328 0.2049279799249629 0.2832458322019066 0.15278445700937324 0.5926984392557807 0.8853168967047633 0.557471 0.83454233 0.8169156 1.275305 1.4886897 1.1831124 1.4020231 0.8135075 0.0672214 0.7010427 0.78768915 0.7981315 1.2969072 1.5529984 1.2165453 1.4894102 0.7875802 0.083097056
0 400 0.09955615550279617 0.03456956893205643 0.06998763233423233 0.058503828942775726 0.14349034428596497 -0.07236217707395554 -0.058682799339294434 0.010319787077605724 0.00010264056618325412 -0.041662391275167465 0.04344761744141579 -0.016703983768820763 -0.04007505625486374 0.003559891367331147 0.05474092438817024 -0.0742456316947937 0.10230909287929535 -0.005707715637981892 -0.08981791138648987 -0.024663718417286873 0.015119374729692936 -0.026306690648198128 -0.09741321206092834 0.01406893227249384 -0.015328120440244675 -0.016655270010232925 0.05749623849987984 0.014727996662259102 0.051869750022888184 0.05356498807668686 0.03688044846057892 -0.09772661328315735 0.06287363171577454 -0.030730465427041054 -0.061018820852041245 -0.0694541409611702 0.007513102144002914 -0.017177144065499306 0.07545944303274155 -0.03593505546450615 0.1125575602054596 0.08183600008487701 0.049359411001205444 -0.029278680682182312 0.04673369601368904 0.030462654307484627 -0.06098679453134537 0.021318724378943443 0.04404455050826073 -0.016735276207327843 -0.017998846247792244 0.06868603080511093 -0.019829396158456802 -0.0056573981419205666 0.016807904466986656 0.005719571374356747 -0.022355468943715096 0.016236616298556328 0.05794088542461395 0.013484085910022259 0.07105781137943268 -0.08049343526363373 -0.01982484757900238 0.016833851113915443 -0.010476134717464447 0.04296046122908592 0.0702420249581337 0.028902431949973106 -0.0049507031217217445 0.13914290070533752 0.03342359885573387 -0.007955983281135559 -0.001828674110583961 0.0010777394054457545 0.051722925156354904 0.044025078415870667 0.007057884708046913 0.03283028304576874 -0.009867588058114052 0.03727157786488533 -0.05067466199398041 -0.007441910915076733 -0.03480584919452667 -0.039853379130363464 -0.02728823758661747 -0.011581838130950928 -0.0013016728917136788 0.0162664745002985 0.03609907999634743 -0.08140011131763458 0.020870357751846313 0.05934543535113335 0.08447292447090149 0.02288217470049858 0.002164146164432168 0.11958957687860639 0.1930684341627739 0.26671348545922297 0.21768589983396036 0.2095175306856746 0.3951303758011962 0.2597917480908796 0.6858378574598163 0.8401011463349776 0.3132978 1.9115548 1.7651346 1.7164745 2.516949 1.6968305 2.2430277 1.3053787 0.86606926 0.40357357 1.9233832 1.9265249 1.6707965 2.6419294 1.5345721 2.3266993 1.1192712 0.64186186
1 400 0.09955615550279617 0.03456956893205643 0.06998763233423233 0.058503828942775726 0.14349034428596497 -0.07236217707395554 -0.058682799339294434 0.010319787077605724 0.00010264056618325412 -0.041662391275167465 0.04344761744141579 -0.016703983768820763 -0.04007505625486374 0.003559891367331147 0.05474092438817024 -0.0742456316947937 0.10230909287929535 -0.005707715637981892 -0.08981791138648987 -0.024663718417286873 0.015119374729692936 -0.026306690648198128 -0.09741321206092834 0.01406893227249384 -0.015328120440244675 -0.016655270010232925 0.05749623849987984 0.014727996662259102 0.051869750022888184 0.05356498807668686 0.03688044846057892 -0.09772661328315735 0.06287363171577454 -0.030730465427041054 -0.061018820852041245 -0.0694541409611702 0.007513102144002914 -0.017177144065499306 0.07545944303274155 -0.03593505546450615 0.1125575602054596 0.08183600008487701 0.049359411001205444 -0.029278680682182312 0.04673369601368904 0.030462654307484627 -0.06098679453134537 0.021318724378943443 0.04404455050826073 -0.016735276207327843 -0.017998846247792244 0.06868603080511093 -0.019829396158456802 -0.0056573981419205666 0.016807904466986656 0.005719571374356747 -0.022355468943715096 0.016236616298556328 0.05794088542461395 0.013484085910022259 0.07105781137943268 -0.08049343526363373 -0.01982484757900238 0.016833851113915443 -0.010476134717464447 0.04296046122908592 0.0702420249581337 0.028902431949973106 -0.0049507031217217445 0.13914290070533752 0.03342359885573387 -0.007955983281135559 -0.001828674110583961 0.0010777394054457545 0.051722925156354904 0.044025078415870667 0.007057884708046913 0.03283028304576874 -0.009867588058114052 0.03727157786488533 -0.05067466199398041 -0.007441910915076733 -0.03480584919452667 -0.039853379130363464 -0.02728823758661747 -0.011581838130950928 -0.0013016728917136788 0.0162664745002985 0.03609907999634743 -0.08140011131763458 0.020870357751846313 0.05934543535113335 0.08447292447090149 0.02288217470049858 0.002164146164432168 0.5311569717546979 0.5803615539860055 0.5498343701408354 0.2703088651079298 0.35744191212278986 0.3209042324843096 0.8129240418220947 0.684636305366958 0.9504225716704713 0.26341665 1.0412769 0.6236791 0.8440594 1.2024171 1.0542738 1.1463661 0.7248619 0.25832862 0.284024 1.1112025 0.73537105 0.9085557 1.3001438 1.0689186 1.1970476 0.71133107 0.11634557
2 400 0.09955615550279617 0.03456956893205643 0.06998763233423233 0.058503828942775726 0.14349034428596497 -0.07236217707395554 -0.058682799339294434 0.010319787077605724 0.00010264056618325412 -0.041662391275167465 0.04344761744141579 -0.016703983768820763 -0.04007505625486374 0.003559891367331147 0.05474092438817024 -0.0742456316947937 0.10230909287929535 -0.005707715637981892 -0.08981791138648987 -0.024663718417286873 0.015119374729692936 -0.026306690648198128 -0.09741321206092834 0.01406893227249384 -0.015328120440244675 -0.016655270010232925 0.05749623849987984 0.014727996662259102 0.051869750022888184 0.05356498807668686 0.03688044846057892 -0.09772661328315735 0.06287363171577454 -0.030730465427041054 -0.061018820852041245 -0.0694541409611702 0.007513102144002914 -0.017177144065499306 0.07545944303274155 -0.03593505546450615 0.1125575602054596 0.08183600008487701 0.049359411001205444 -0.029278680682182312 0.04673369601368904 0.030462654307484627 -0.06098679453134537 0.021318724378943443 0.04404455050826073 -0.016735276207327843 -0.017998846247792244 0.06868603080511093 -0.019829396158456802 -0.0056573981419205666 0.016807904466986656 0.005719571374356747 -0.022355468943715096 0.016236616298556328 0.05794088542461395 0.013484085910022259 0.07105781137943268 -0.08049343526363373 -0.01982484757900238 0.016833851113915443 -0.010476134717464447 0.04296046122908592 0.0702420249581337 0.028902431949973106 -0.0049507031217217445 0.13914290070533752 0.03342359885573387 -0.007955983281135559 -0.001828674110583961 0.0010777394054457545 0.051722925156354904 0.044025078415870667 0.007057884708046913 0.03283028304576874 -0.009867588058114052 0.03727157786488533 -0.05067466199398041 -0.007441910915076733 -0.03480584919452667 -0.039853379130363464 -0.02728823758661747 -0.011581838130950928 -0.0013016728917136788 0.0162664745002985 0.03609907999634743 -0.08140011131763458 0.020870357751846313 0.05934543535113335 0.08447292447090149 0.02288217470049858 0.002164146164432168 0.07285381511979849 0.0960086374958294 0.11162586106562981 0.1643239726127757 0.13817853045759212 0.18002030983224215 0.0771426803670769 0.3975422975341037 0.7076963720893662 0.9510463 1.547343 1.3477554 1.717041 2.2646368 1.7164633 2.1417825 1.4602048 0.88183945 1.0807624 1.4460802 1.2686625 1.6129075 2.3647041 1.6706029 2.213522 1.3275479 0.7890664
0 400 0.11946739256381989 0.04148348420858383 0.08398516476154327 0.07020460069179535 0.1721884161233902 -0.086834616959095 -0.07041936367750168 0.012383745051920414 0.00012316869106143713 -0.04999487102031708 0.05213714390993118 -0.020044781267642975 -0.048090070486068726 0.0042718700133264065 0.06568910926580429 -0.08909475803375244 0.12277091294527054 -0.0068492591381073 -0.10778149962425232 -0.029596462845802307 0.018143249675631523 -0.03156803175806999 -0.11689586192369461 0.016882719472050667 -0.0183937456458807 -0.01998632401227951 0.06899549067020416 0.017673596739768982 0.06224370375275612 0.06427799165248871 0.0442565381526947 -0.11727193742990494 0.07544836401939392 -0.036876559257507324 -0.0732225850224495 -0.0833449736237526 0.009015723131597042 -0.020612573251128197 0.09055133163928986 -0.0431220680475235 0.1350690722465515 0.09820320457220078 0.05923129618167877 -0.03513441979885101 0.05608043819665909 0.03655518591403961 -0.07318415492773056 0.02558246999979019 0.05285346135497093 -0.02008233219385147 -0.021598616614937782 0.08242323994636536 -0.023795276880264282 -0.006788878235965967 0.020169485360383987 0.006863486021757126 -0.026826564222574234 0.019483940675854683 0.06952906399965286 0.01618090458214283 0.08526937663555145 -0.09659212827682495 -0.023789817467331886 0.020200621336698532 -0.012571361847221851 0.051552556455135345 0.08429042994976044 0.03468291833996773 -0.005940843839198351 0.16697148978710175 0.040108319371938705 -0.009547180496156216 -0.0021944090258330107 0.001293287379667163 0.062067512422800064 0.05283009633421898 0.008469462394714355 0.039396341890096664 -0.011841106228530407 0.044725894927978516 -0.06080959737300873 -0.008930293843150139 -0.041767019778490067 -0.047824058681726456 -0.03274588659405708 -0.013898205943405628 -0.0015620075864717364 0.01951977051794529 0.04331889748573303 -0.09768013656139374 0.025044430047273636 0.07121452689170837 0.1013675108551979 0.027458610013127327 0.002596975537016988 0.18165072595690815 0.11195805245973019 0.17701984673235088 0.1418401015872157 0.10180276374713425 0.2309071035122697 0.13223855897784292 0.531811318676975 0.6929818921829968 0.8326532 2.576051 2.4632416 2.20518 3.2661684 2.303477 2.9190397 1.8273177 1.532361 0.9573677 2.507359 2.6054556 2.0276775 3.3738413 2.040664 2.9685035 1.5242653 1.2086453
1 400 0.11946739256381989 0.04148348420858383 0.08398516476154327 0.07020460069179535 0.1721884161233902 -0.086834616959095 -0.07041936367750168 0.012383745051920414 0.00012316869106143713 -0.04999487102031708 0.05213714390993118 -0.020044781267642975 -0.048090070486068726 0.0042718700133264065 0.06568910926580429 -0.08909475803375244 0.12277091294527054 -0.0068492591381073 -0.10778149962425232 -0.029596462845802307 0.018143249675631523 -0.03156803175806999 -0.11689586192369461 0.016882719472050667 -0.0183937456458807 -0.01998632401227951 0.06899549067020416 0.017673596739768982 0.06224370375275612 0.06427799165248871 0.0442565381526947 -0.11727193742990494 0.07544836401939392 -0.036876559257507324 -0.0732225850224495 -0.0833449736237526 0.009015723131597042 -0.020612573251128197 0.09055133163928986 -0.0431220680475235 0.1350690722465515 0.09820320457220078 0.05923129618167877 -0.03513441979885101 0.05608043819665909 0.03655518591403961 -0.07318415492773056 0.02558246999979019 0.05285346135497093 -0.02008233219385147 -0.021598616614937782 0.08242323994636536 -0.023795276880264282 -0.006788878235965967 0.020169485360383987 0.006863486021757126 -0.026826564222574234 0.019483940675854683 0.06952906399965286 0.01618090458214283 0.08526937663555145 -0.09659212827682495 -0.023789817467331886 0.020200621336698532 -0.012571361847221851 0.051552556455135345 0.08429042994976044 0.03468291833996773 -0.005940843839198351 0.16697148978710175 0.040108319371938705 -0.009547180496156216 -0.0021944090258330107 0.001293287379667163 0.062067512422800064 0.05283009633421898 0.008469462394714355 0.039396341890096664 -0.011841106228530407 0.044725894927978516 -0.06080959737300873 -0.008930293843150139 -0.041767019778490067 -0.047824058681726456 -0.03274588659405708 -0.013898205943405628 -0.0015620075864717364 0.01951977051794529 0.04331889748573303 -0.09768013656139374 0.025044430047273636 0.07121452689170837 0.1013675108551979 0.027458610013127327 0.002596975537016988 0.7692466688338752 0.538627008408053 0.38915362530543657 0.21983304905784465 0.2779707880106117 0.21373546797158494 0.6325336637833351 0.5343678645234853 0.901591133094072 0.84334606 1.6300678 1.3773055 1.4490716 1.9863276 1.5713615 1.8729708 1.2626987 0.8032612 0.88794833 1.6790322 1.4716222 1.3795438 2.0759826 1.4061903 1.8974795 1.0869145 0.56094426
2 400 0.11946739256381989 0.04148348420858383 0.08398516476154327 0.07020460069179535 0.1721884161233902 -0.086834616959095 -0.07041936367750168 0.012383745051920414 0.00012316869106143713 -0.04999487102031708 0.05213714390993118 -0.020044781267642975 -0.048090070486068726 0.0042718700133264065 0.06568910926580429 -0.08909475803375244 0.12277091294527054 -0.0068492591381073 -0.10778149962425232 -0.029596462845802307 0.018143249675631523 -0.03156803175806999 -0.11689586192369461 0.016882719472050667 -0.0183937456458807 -0.01998632401227951 0.06899549067020416 0.017673596739768982 0.06224370375275612 0.06427799165248871 0.0442565381526947 -0.11727193742990494 0.07544836401939392 -0.036876559257507324 -0.0732225850224495 -0.0833449736237526 0.009015723131597042 -0.020612573251128197 0.09055133163928986 -0.0431220680475235 0.1350690722465515 0.09820320457220078 0.05923129618167877 -0.03513441979885101 0.05608043819665909 0.03655518591403961 -0.07318415492773056 0.02558246999979019 0.05285346135497093 -0.02008233219385147 -0.021598616614937782 0.08242323994636536 -0.023795276880264282 -0.006788878235965967 0.020169485360383987 0.006863486021757126 -0.026826564222574234 0.019483940675854683 0.06952906399965286 0.01618090458214283 0.08526937663555145 -0.09659212827682495 -0.023789817467331886 0.020200621336698532 -0.012571361847221851 0.051552556455135345 0.08429042994976044 0.03468291833996773 -0.005940843839198351 0.16697148978710175 0.040108319371938705 -0.009547180496156216 -0.0021944090258330107 0.001293287379667163 0.062067512422800064 0.05283009633421898 0.008469462394714355 0.039396341890096664 -0.011841106228530407 0.044725894927978516 -0.06080959737300873 -0.008930293843150139 -0.041767019778490067 -0.047824058681726456 -0.03274588659405708 -0.013898205943405628 -0.0015620075864717364 0.01951977051794529 0.04331889748573303 -0.09768013656139374 0.025044430047273636 0.07121452689170837 0.1013675108551979 0.027458610013127327 0.002596975537016988 0.08750221764701269 0.049023193092125224 0.09650080406906619 0.10510238345105752 0.07519202335351623 0.09201298320097206 0.03890242924259325 0.2791163685825856 0.5003724187846997 1.3606434 2.2560468 2.0661511 2.176366 3.0163162 2.3141615 2.8334224 1.9763815 1.561125 1.4887767 2.0875719 1.9866455 1.9734092 3.1066973 2.1758995 2.8768258 1.7498447 1.3708869
0 400 0.139378622174263 0.04839739575982094 0.09798268228769302 0.08190535753965378 0.20088647305965424 -0.10130704939365387 -0.08215592056512833 0.014447702094912529 0.00014369678683578968 -0.05832734704017639 0.06082666292786598 -0.023385576903820038 -0.056105077266693115 0.004983847960829735 0.07663729041814804 -0.10394388437271118 0.14323273301124573 -0.007990801706910133 -0.12574507296085358 -0.03452920541167259 0.021167123690247536 -0.03682936728000641 -0.13637849688529968 0.01969650574028492 -0.021459368988871574 -0.023317378014326096 0.08049473166465759 0.020619194954633713 0.07261765003204346 0.07499098032712936 0.051632627844810486 -0.13681726157665253 0.08802308142185211 -0.043022651225328445 -0.08542634546756744 -0.0972357988357544 0.010518343187868595 -0.02404800057411194 0.10564322024583817 -0.05030907690525055 0.15758058428764343 0.11457040160894394 0.0691031739115715 -0.04099015146493912 0.06542717665433884 0.04264771565794945 -0.08538150787353516 0.02984621375799179 0.06166236847639084 -0.02342938631772995 -0.02519838511943817 0.09616044163703918 -0.027761153876781464 -0.007920357398688793 0.02353106625378132 0.00800739973783493 -0.03129765763878822 0.02273126319050789 0.08111723512411118 0.018877720460295677 0.09948093444108963 -0.11269080638885498 -0.027754785493016243 0.02356739155948162 -0.014666588045656681 0.06014464423060417 0.09833883494138718 0.0404634028673172 -0.00693098409101367 0.19480006396770477 0.04679303616285324 -0.011138376779854298 -0.0025601438246667385 0.0015088351210579276 0.07241209596395493 0.06163511052727699 0.009881038218736649 0.04596239700913429 -0.013814623467624187 0.0521802082657814 -0.07094452530145645 -0.010418674908578396 -0.04872818663716316 -0.05579473078250885 -0.03820353373885155 -0.01621457375586033 -0.0018223420483991504 0.02277306467294693 0.05053871124982834 -0.1139601543545723 0.02921850048005581 0.0830836072564125 0.11826208978891373 0.03203504532575607 0.003029804676771164 0.23641025603449242 0.06237418993785994 0.11279657850435908 0.08605003884075488 0.05277518995929785 0.12081498868327313 0.06214699243989366 0.3612507188531905 0.5143020541652995 1.5579982 3.2405717 3.16261 2.8773162 3.9860103 2.9247649 3.5943658 2.4023511 2.1526372 1.7004466 3.0909739 3.2855954 2.6124337 4.082532 2.572312 3.6093864 1.994648 1.7345654
1 400 0.139378622174263 0.04839739575982094 0.09798268228769302 0.08190535753965378 0.20088647305965424 -0.10130704939365387 -0.08215592056512833 0.014447702094912529 0.00014369678683578968 -0.05832734704017639 0.06082666292786598 -0.023385576903820038 -0.056105077266693115 0.004983847960829735 0.07663729041814804 -0.10394388437271118 0.14323273301124573 -0.007990801706910133 -0.12574507296085358 -0.03452920541167259 0.021167123690247536 -0.03682936728000641 -0.13637849688529968 0.01969650574028492 -0.021459368988871574 -0.023317378014326096 0.08049473166465759 0.020619194954633713 0.07261765003204346 0.07499098032712936 0.051632627844810486 -0.13681726157665253 0.08802308142185211 -0.043022651225328445 -0.08542634546756744 -0.0972357988357544 0.010518343187868595 -0.02404800057411194 0.10564322024583817 -0.05030907690525055 0.15758058428764343 0.11457040160894394 0.0691031739115715 -0.04099015146493912 0.06542717665433884 0.04264771565794945 -0.08538150787353516 0.02984621375799179 0.06166236847639084 -0.02342938631772995 -0.02519838511943817 0.09616044163703918 -0.027761153876781464 -0.007920357398688793 0.02353106625378132 0.00800739973783493 -0.03129765763878822 0.02273126319050789 0.08111723512411118 0.018877720460295677 0.09948093444108963 -0.11269080638885498 -0.027754785493016243 0.02356739155948162 -0.014666588045656681 0.06014464423060417 0.09833883494138718 0.0404634028673172 -0.00693098409101367 0.19480006396770477 0.04679303616285324 -0.011138376779854298 -0.0025601438246667385 0.0015088351210579276 0.07241209596395493 0.06163511052727699 0.009881038218736649 0.04596239700913429 -0.013814623467624187 0.0521802082657814 -0.07094452530145645 -0.010418674908578396 -0.04872818663716316 -0.05579473078250885 -0.03820353373885155 -0.01621457375586033 -0.0018223420483991504 0.02277306467294693 0.05053871124982834 -0.1139601543545723 0.02921850048005581 0.0830836072564125 0.11826208978891373 0.03203504532575607 0.003029804676771164 0.7771286169053522 0.4231134545319919 0.2661527427070138 0.16814406777486715 0.1985480627582263 0.13333976776655418 0.40379256386227996 0.3895924312340012 0.7909431690818323 1.5135667 2.246557 2.1394129 2.1052938 2.7216935 2.1562376 2.6003478 1.7500865 1.4208846 1.6081886 2.2755296 2.2209098 1.952302 2.7898352 1.8636212 2.5982158 1.3987613 1.0651128
2 400 0.139378622174263 0.04839739575982094 0.09798268228769302 0.08190535753965378 0.20088647305965424 -0.10130704939365387 -0.08215592056512833 0.014447702094912529 0.00014369678683578968 -0.05832734704017639 0.06082666292786598 -0.023385576903820038 -0.056105077266693115 0.004983847960829735 0.07663729041814804 -0.10394388437271118 0.14323273301124573 -0.007990801706910133 -0.12574507296085358 -0.03452920541167259 0.021167123690247536 -0.03682936728000641 -0.13637849688529968 0.01969650574028492 -0.021459368988871574 -0.023317378014326096 0.08049473166465759 0.020619194954633713 0.07261765003204346 0.07499098032712936 0.051632627844810486 -0.13681726157665253 0.08802308142185211 -0.043022651225328445 -0.08542634546756744 -0.0972357988357544 0.010518343187868595 -0.02404800057411194 0.10564322024583817 -0.05030907690525055 0.15758058428764343 0.11457040160894394 0.0691031739115715 -0.04099015146493912 0.06542717665433884 0.04264771565794945 -0.08538150787353516 0.02984621375799179 0.06166236847639084 -0.02342938631772995 -0.02519838511943817 0.09616044163703918 -0.027761153876781464 -0.007920357398688793 0.02353106625378132 0.00800739973783493 -0.03129765763878822 0.02273126319050789 0.08111723512411118 0.018877720460295677 0.09948093444108963 -0.11269080638885498 -0.027754785493016243 0.02356739155948162 -0.014666588045656681 0.06014464423060417 0.09833883494138718 0.0404634028673172 -0.00693098409101367 0.19480006396770477 0.04679303616285324 -0.011138376779854298 -0.0025601438246667385 0.0015088351210579276 0.07241209596395493 0.06163511052727699 0.009881038218736649 0.04596239700913429 -0.013814623467624187 0.0521802082657814 -0.07094452530145645 -0.010418674908578396 -0.04872818663716316 -0.05579473078250885 -0.03820353373885155 -0.01621457375586033 -0.0018223420483991504 0.02277306467294693 0.05053871124982834 -0.1139601543545723 0.02921850048005581 0.0830836072564125 0.11826208978891373 0.03203504532575607 0.003029804676771164 0.07974505941584 0.02351759715439084 0.08710122305841274 0.06548828768940029 0.04252992230628264 0.04786689357475185 0.019219158629541083 0.18483661653817912 0.32256676240426946 1.7484384 2.9666934 2.8186018 2.6362646 3.7509906 2.9084904 3.5088727 2.4929962 2.1730871 1.8518791 2.7300837 2.757982 2.3342962 3.8134975 2.674923 3.5141904 2.1725807 1.8906083
0 400 0.15928985178470612 0.05531131103634834 0.11198021471500397 0.0936061292886734 0.22958455979824066 -0.11577948182821274 -0.09389247745275497 0.01651166006922722 0.0001642249117139727 -0.0666598305106163 0.06951618939638138 -0.02672637440264225 -0.0641200914978981 0.00569582637399435 0.08758547902107239 -0.11879301071166992 0.16369454562664032 -0.009132345207035542 -0.14370866119861603 -0.039461951702833176 0.024190999567508698 -0.042090706527233124 -0.15586113929748535 0.022510292008519173 -0.02452499233186245 -0.02664843201637268 0.09199398010969162 0.023564795032143593 0.0829916000366211 0.08570398390293121 0.05900871753692627 -0.15636257827281952 0.1005978137254715 -0.049168746918439865 -0.09763011336326599 -0.1111266240477562 0.012020963244140148 -0.02748343162238598 0.12073510885238647 -0.0574960894882679 0.18009209632873535 0.1309376060962677 0.07897505909204483 -0.04684589058160782 0.07477391511201859 0.04874024912714958 -0.09757887572050095 0.03410996124148369 0.07047127932310104 -0.026776442304253578 -0.02879815362393856 0.10989765077829361 -0.031727034598588943 -0.009051837027072906 0.02689264714717865 0.00915131438523531 -0.03576875105500221 0.025978585705161095 0.09270542114973068 0.021574538201093674 0.1136924996972084 -0.1287894994020462 -0.03171975538134575 0.02693416178226471 -0.016761815175414085 0.0687367394566536 0.11238723993301392 0.04624389111995697 -0.007921124808490276 0.2226286381483078 0.05347776040434837 -0.01272957306355238 -0.0029258786235004663 0.001724383095279336 0.08275668323040009 0.0704401284456253 0.011292615905404091 0.05252845212817192 -0.015788141638040543 0.05963452532887459 -0.08107946068048477 -0.011907057836651802 -0.055689360946416855 -0.06376540660858154 -0.04366118088364601 -0.018530940636992455 -0.002082676626741886 0.02602635882794857 0.057758528739213943 -0.13024018704891205 0.03339257463812828 0.09495269507169724 0.13515667617321014 0.03661147877573967 0.00346263381652534 0.24361257419074098 0.03373206234172654 0.06869916278267722 0.04921683549062836 0.02912836039412357 0.05949856192440661 0.027983386572193132 0.22001615852772544 0.3316487735063939 2.227777 3.9031107 3.8496487 3.5060122 4.6843224 3.5354712 4.2694926 2.9771566 2.7697077 2.3738594 3.6747804 3.950869 3.1462533 4.763031 3.096989 4.2509265 2.464756 2.2593708
1 400 0.15928985178470612 0.05531131103634834 0.11198021471500397 0.0936061292886734 0.22958455979824066 -0.11577948182821274 -0.09389247745275497 0.01651166006922722 0.0001642249117139727 -0.0666598305106163 0.06951618939638138 -0.02672637440264225 -0.0641200914978981 0.00569582637399435 0.08758547902107239 -0.11879301071166992 0.16369454562664032 -0.009132345207035542 -0.14370866119861603 -0.039461951702833176 0.024190999567508698 -0.042090706527233124 -0.15586113929748535 0.022510292008519173 -0.02452499233186245 -0.02664843201637268 0.09199398010969162 0.023564795032143593 0.0829916000366211 0.08570398390293121 0.05900871753692627 -0.15636257827281952 0.1005978137254715 -0.049168746918439865 -0.09763011336326599 -0.1111266240477562 0.012020963244140148 -0.02748343162238598 0.12073510885238647 -0.0574960894882679 0.18009209632873535 0.1309376060962677 0.07897505909204483 -0.04684589058160782 0.07477391511201859 0.04874024912714958 -0.09757887572050095 0.03410996124148369 0.07047127932310104 -0.026776442304253578 -0.02879815362393856 0.10989765077829361 -0.031727034598588943 -0.009051837027072906 0.02689264714717865 0.00915131438523531 -0.03576875105500221 0.025978585705161095 0.09270542114973068 0.021574538201093674 0.1136924996972084 -0.1287894994020462 -0.03171975538134575 0.02693416178226471 -0.016761815175414085 0.0687367394566536 0.11238723993301392 0.04624389111995697 -0.007921124808490276 0.2226286381483078 0.05347776040434837 -0.01272957306355238 -0.0029258786235004663 0.001724383095279336 0.08275668323040009 0.0704401284456253 0.011292615905404091 0.05252845212817192 -0.015788141638040543 0.05963452532887459 -0.08107946068048477 -0.011907057836651802 -0.055689360946416855 -0.06376540660858154 -0.04366118088364601 -0.018530940636992455 -0.002082676626741886 0.02602635882794857 0.057758528739213943 -0.13024018704891205 0.03339257463812828 0.09495269507169724 0.13515667617321014 0.03661147877573967 0.00346263381652534 0.7555987312121716 0.27947505142994367 0.20885771377034448 0.12163549545587761 0.12510002952194435 0.07147680832590954 0.21045729346247805 0.25723480241334257 0.6182497518483502 2.0568938 2.870252 2.8799505 2.699075 3.3811338 2.766215 3.3210468 2.3310215 2.0467696 2.1432915 2.8285022 2.9466157 2.4485316 3.3756123 2.3625202 3.2919505 1.870884 1.5794361
2 400 0.15928985178470612 0.05531131103634834 0.11198021471500397 0.0936061292886734 0.22958455979824066 -0.11577948182821274 -0.09389247745275497 0.01651166006922722 0.0001642249117139727 -0.0666598305106163 0.06951618939638138 -0.02672637440264225 -0.0641200914978981 0.00569582637399435 0.08758547902107239 -0.11879301071166992 0.16369454562664032 -0.009132345207035542 -0.14370866119861603 -0.039461951702833176 0.024190999567508698 -0.042090706527233124 -0.15586113929748535 0.022510292008519173 -0.02452499233186245 -0.02664843201637268 0.09199398010969162 0.023564795032143593 0.0829916000366211 0.08570398390293121 0.05900871753692627 -0.15636257827281952 0.1005978137254715 -0.049168746918439865 -0.09763011336326599 -0.1111266240477562 0.012020963244140148 -0.02748343162238598 0.12073510885238647 -0.0574960894882679 0.18009209632873535 0.1309376060962677 0.07897505909204483 -0.04684589058160782 0.07477391511201859 0.04874024912714958 -0.09757887572050095 0.03410996124148369 0.07047127932310104 -0.026776442304253578 -0.02879815362393856 0.10989765077829361 -0.031727034598588943 -0.009051837027072906 0.02689264714717865 0.00915131438523531 -0.03576875105500221 0.025978585705161095 0.09270542114973068 0.021574538201093674 0.1136924996972084 -0.1287894994020462 -0.03171975538134575 0.02693416178226471 -0.016761815175414085 0.0687367394566536 0.11238723993301392 0.04624389111995697 -0.007921124808490276 0.2226286381483078 0.05347776040434837 -0.01272957306355238 -0.0029258786235004663 0.001724383095279336 0.08275668323040009 0.0704401284456253 0.011292615905404091 0.05252845212817192 -0.015788141638040543 0.05963452532887459 -0.08107946068048477 -0.011907057836651802 -0.055689360946416855 -0.06376540660858154 -0.04366118088364601 -0.018530940636992455 -0.002082676626741886 0.02602635882794857 0.057758528739213943 -0.13024018704891205 0.03339257463812828 0.09495269507169724 0.13515667617321014 0.03661147877573967 0.00346263381652534 0.07626909744156636 0.012727189044083933 0.07206532074303341 0.039469323811696225 0.025502088417370224 0.025808644237885238 0.01068652126305628 0.11127317744615316 0.18543069545971763 2.4244068 3.614658 3.5146077 3.2108145 4.447603 3.4974005 4.1862173 3.056834 2.781871 2.5434084 3.2922854 3.4737456 2.8204982 4.483669 3.1666634 4.1723995 2.6328588 2.4078438
0 400 0.17920108139514923 0.06222522258758545 0.12597773969173431 0.10530688613653183 0.2582826018333435 -0.1302519142627716 -0.10562903434038162 0.01857561618089676 0.00018475300748832524 -0.07499229907989502 0.07820571213960648 -0.030067170038819313 -0.07213509827852249 0.006407804321497679 0.09853366017341614 -0.13364213705062866 0.1841563582420349 -0.010273887775838375 -0.16167223453521729 -0.04439469054341316 0.02721487358212471 -0.04735204204916954 -0.17534378170967102 0.025324078276753426 -0.027590615674853325 -0.029979486018419266 0.10349322855472565 0.026510393247008324 0.09336555004119873 0.09641697257757187 0.06638480722904205 -0.1759078949689865 0.11317253112792969 -0.05531483516097069 -0.10983387380838394 -0.125017449259758 0.013523583300411701 -0.03091885894536972 0.1358269900083542 -0.06468309462070465 0.20260360836982727 0.14730480313301086 0.08884693682193756 -0.05270162224769592 0.08412065356969833 0.05483277514576912 -0.10977622866630554 0.03837370127439499 0.07928019016981125 -0.030123496428132057 -0.03239792212843895 0.12363485246896744 -0.035692911595106125 -0.01018331665545702 0.03025422804057598 0.010295228101313114 -0.0402398444712162 0.0292259082198143 0.104293592274189 0.02427135407924652 0.12790405750274658 -0.14488817751407623 -0.035684723407030106 0.030300932005047798 -0.018857041373848915 0.07732883095741272 0.12643563747406006 0.05202437564730644 -0.008911265060305595 0.250457227230072 0.06016247719526291 -0.014320769347250462 -0.003291613422334194 0.0019399308366701007 0.09310126304626465 0.07924514263868332 0.012704191729426384 0.05909450724720955 -0.017761658877134323 0.06708883494138718 -0.0912143886089325 -0.013395438902080059 -0.06265052407979965 -0.07173608243465424 -0.049118828028440475 -0.02084730751812458 -0.0023430110886693 0.02927965298295021 0.06497833877801895 -0.14652019739151 0.037566643208265305 0.10682178288698196 0.15205125510692596 0.04118791222572327 0.0038954629562795162 0.21448570526215882 0.01754267974364014 0.040893866949542536 0.026871984328502792 0.017497445574790393 0.02839247783029065 0.012847844419065647 0.12339971525387666 0.18723870955184801 2.9361877 4.555943 4.533973 4.102301 5.3609304 4.1402497 4.955789 3.553787 3.392552 3.074609 4.2563295 4.612613 3.6375165 5.4067707 3.621068 4.9153695 2.9366076 2.7887616
1 400 0.17920108139514923 0.06222522258758545 0.12597773969173431 0.10530688613653183 0.2582826018333435 -0.1302519142627716 -0.10562903434038162 0.01857561618089676 0.00018475300748832524 -0.07499229907989502 0.07820571213960648 -0.030067170038819313 -0.07213509827852249 0.006407804321497679 0.09853366017341614 -0.13364213705062866 0.1841563582420349 -0.010273887775838375 -0.16167223453521729 -0.04439469054341316 0.02721487358212471 -0.04735204204916954 -0.17534378170967102 0.025324078276753426 -0.027590615674853325 -0.029979486018419266 0.10349322855472565 0.026510393247008324 0.09336555004119873 0.09641697257757187 0.06638480722904205 -0.1759078949689865 0.11317253112792969 -0.05531483516097069 -0.10983387380838394 -0.125017449259758 0.013523583300411701 -0.03091885894536972 0.1358269900083542 -0.06468309462070465 0.20260360836982727 0.14730480313301086 0.08884693682193756 -0.05270162224769592 0.08412065356969833 0.05483277514576912 -0.10977622866630554 0.03837370127439499 0.07928019016981125 -0.030123496428132057 -0.03239792212843895 0.12363485246896744 -0.035692911595106125 -0.01018331665545702 0.03025422804057598 0.010295228101313114 -0.0402398444712162 0.0292259082198143 0.104293592274189 0.02427135407924652 0.12790405750274658 -0.14488817751407623 -0.035684723407030106 0.030300932005047798 -0.018857041373848915 0.07732883095741272 0.12643563747406006 0.05202437564730644 -0.008911265060305595 0.250457227230072 0.06016247719526291 -0.014320769347250462 -0.003291613422334194 0.0019399308366701007 0.09310126304626465 0.07924514263868332 0.012704191729426384 0.05909450724720955 -0.017761658877134323 0.06708883494138718 -0.0912143886089325 -0.013395438902080059 -0.06265052407979965 -0.07173608243465424 -0.049118828028440475 -0.02084730751812458 -0.0023430110886693 0.02927965298295021 0.06497833877801895 -0.14652019739151 0.037566643208265305 0.10682178288698196 0.15205125510692596 0.04118791222572327 0.0038954629562795162 0.7324911300055036 0.16598022422089329 0.16699473937012588 0.08626773193766071 0.0761249633740959 0.03493129976058553 0.09579710939355734 0.1415842405005008 0.41010305708007644 2.5917022 3.498662 3.604717 3.2983103 4.0363936 3.368127 4.0371213 2.9202125 2.683546 2.6477697 3.3772693 3.6562474 2.9493682 3.9520493 2.8875034 4.0048714 2.3671048 2.1346612
2 400 0.17920108139514923 0.06222522258758545 0.12597773969173431 0.10530688613653183 0.2582826018333435 -0.1302519142627716 -0.10562903434038162 0.01857561618089676 0.00018475300748832524 -0.07499229907989502 0.07820571213960648 -0.030067170038819313 -0.07213509827852249 0.006407804321497679 0.09853366017341614 -0.13364213705062866 0.1841563582420349 -0.010273887775838375 -0.16167223453521729 -0.04439469054341316 0.02721487358212471 -0.04735204204916954 -0.17534378170967102 0.025324078276753426 -0.027590615674853325 -0.029979486018419266 0.10349322855472565 0.026510393247008324 0.09336555004119873 0.09641697257757187 0.06638480722904205 -0.1759078949689865 0.11317253112792969 -0.05531483516097069 -0.10983387380838394 -0.125017449259758 0.013523583300411701 -0.03091885894536972 0.1358269900083542 -0.06468309462070465 0.20260360836982727 0.14730480313301086 0.08884693682193756 -0.05270162224769592 0.08412065356969833 0.05483277514576912 -0.10977622866630554 0.03837370127439499 0.07928019016981125 -0.030123496428132057 -0.03239792212843895 0.12363485246896744 -0.035692911595106125 -0.01018331665545702 0.03025422804057598 0.010295228101313114 -0.0402398444712162 0.0292259082198143 0.104293592274189 0.02427135407924652 0.12790405750274658 -0.14488817751407623 -0.035684723407030106 0.030300932005047798 -0.018857041373848915 0.07732883095741272 0.12643563747406006 0.05202437564730644 -0.008911265060305595 0.250457227230072 0.06016247719526291 -0.014320769347250462 -0.003291613422334194 0.0019399308366701007 0.09310126304626465 0.07924514263868332 0.012704191729426384 0.05909450724720955 -0.017761658877134323 0.06708883494138718 -0.0912143886089325 -0.013395438902080059 -0.06265052407979965 -0.07173608243465424 -0.049118828028440475 -0.02084730751812458 -0.0023430110886693 0.02927965298295021 0.06497833877801895 -0.14652019739151 0.037566643208265305 0.10682178288698196 0.15205125510692596 0.04118791222572327 0.0038954629562795162 0.08598087681182237 0.006870466606959639 0.0491517127696785 0.023029059622427225 0.015473980981236358 0.013721332541213356 0.0062269083660303984 0.06263701413761594 0.09995275822927625 3.2762513 4.264769 4.193126 3.8842285 5.137517 4.0890765 4.8512654 3.631903 3.3711252 3.4007876 3.8578296 4.1601806 3.413265 5.1479316 3.6607924 4.812455 3.103596 2.9087534
0 400 0.19911231100559235 0.06913913786411285 0.13997526466846466 0.11700765788555145 0.28698068857192993 -0.14472435414791107 -0.11736559867858887 0.02063957415521145 0.00020528113236650825 -0.08332478255033493 0.08689523488283157 -0.033407967537641525 -0.08015011250972748 0.007119782734662294 0.10948184877634048 -0.1484912633895874 0.2046181857585907 -0.011415431275963783 -0.17963582277297974 -0.049327436834573746 0.030238749459385872 -0.052613381296396255 -0.1948264241218567 0.02813786454498768 -0.03065624088048935 -0.03331054002046585 0.11499247699975967 0.029455993324518204 0.10373950004577637 0.10712997615337372 0.07376089692115784 -0.1954532265663147 0.12574726343154907 -0.06146093085408211 -0.12203764170408249 -0.1389082819223404 0.015026204288005829 -0.03435428813099861 0.1509188860654831 -0.0718701109290123 0.2251151204109192 0.16367200016975403 0.09871882200241089 -0.058557361364364624 0.09346739202737808 0.060925308614969254 -0.12197358906269073 0.04263744875788689 0.08808910101652145 -0.033470552414655685 -0.03599769249558449 0.13737206161022186 -0.039658792316913605 -0.011314796283841133 0.03361580893397331 0.011439142748713493 -0.04471093788743019 0.032473232597112656 0.1158817708492279 0.026968171820044518 0.14211562275886536 -0.16098687052726746 -0.03964969515800476 0.03366770222783089 -0.020952269434928894 0.08592092245817184 0.1404840499162674 0.05780486389994621 -0.009901406243443489 0.27828580141067505 0.06684719771146774 -0.015911966562271118 -0.003657348221167922 0.002155478810891509 0.10344585031270981 0.08805015683174133 0.014115769416093826 0.06566056609153748 -0.019735176116228104 0.07454315572977066 -0.10134932398796082 -0.014883821830153465 -0.06961169838905334 -0.07970675826072693 -0.05457647517323494 -0.023163676261901855 -0.0026033457834273577 0.032532949000597 0.07219815999269485 -0.16280022263526917 0.04174071550369263 0.1186908707022667 0.16894584894180298 0.04576434940099716 0.004328292328864336 0.14072679956030928 0.009069699162800727 0.02431985643209753 0.014572851415552965 0.009025822396396061 0.013552054314092682 0.006186238281748152 0.06886321669772237 0.0974719278419792 3.568835 5.2077084 5.2136817 4.6959186 5.9442115 4.7334285 5.6435633 4.134451 4.0088396 3.6051176 4.837836 5.2700815 4.126593 5.876716 4.138338 5.5991325 3.4125686 3.3129456
1 400 0.19911231100559235 0.06913913786411285 0.13997526466846466 0.11700765788555145 0.28698068857192993 -0.14472435414791107 -0.11736559867858887 0.02063957415521145 0.00020528113236650825 -0.08332478255033493 0.08689523488283157 -0.033407967537641525 -0.08015011250972748 0.007119782734662294 0.10948184877634048 -0.1484912633895874 0.2046181857585907 -0.011415431275963783 -0.17963582277297974 -0.049327436834573746 0.030238749459385872 -0.052613381296396255 -0.1948264241218567 0.02813786454498768 -0.03065624088048935 -0.03331054002046585 0.11499247699975967 0.029455993324518204 0.10373950004577637 0.10712997615337372 0.07376089692115784 -0.1954532265663147 0.12574726343154907 -0.06146093085408211 -0.12203764170408249 -0.1389082819223404 0.015026204288005829 -0.03435428813099861 0.1509188860654831 -0.0718701109290123 0.2251151204109192 0.16367200016975403 0.09871882200241089 -0.058557361364364624 0.09346739202737808 0.060925308614969254 -0.12197358906269073 0.04263744875788689 0.08808910101652145 -0.033470552414655685 -0.03599769249558449 0.13737206161022186 -0.039658792316913605 -0.011314796283841133 0.03361580893397331 0.011439142748713493 -0.04471093788743019 0.032473232597112656 0.1158817708492279 0.026968171820044518 0.14211562275886536 -0.16098687052726746 -0.03964969515800476 0.03366770222783089 -0.020952269434928894 0.08592092245817184 0.1404840499162674 0.05780486389994621 -0.009901406243443489 0.27828580141067505 0.06684719771146774 -0.015911966562271118 -0.003657348221167922 0.002155478810891509 0.10344585031270981 0.08805015683174133 0.014115769416093826 0.06566056609153748 -0.019735176116228104 0.07454315572977066 -0.10134932398796082 -0.014883821830153465 -0.06961169838905334 -0.07970675826072693 -0.05457647517323494 -0.023163676261901855 -0.0026033457834273577 0.032532949000597 0.07219815999269485 -0.16280022263526917 0.04174071550369263 0.1186908707022667 0.16894584894180298 0.04576434940099716 0.004328292328864336 0.5854077116641918 0.09293145541204292 0.125239622108321 0.06100206356448812 0.04574005756940687 0.01678833874449171 0.04370122415406855 0.06978341092029562 0.23997383708090297 3.1983192 4.12114 4.2626815 3.890755 4.682719 3.9657533 4.7464967 3.5018153 3.317582 3.1494155 3.914494 4.2584753 3.4445646 4.5197535 3.4175181 4.7242413 2.8651533 2.690948
2 400 0.19911231100559235 0.06913913786411285 0.13997526466846466 0.11700765788555145 0.28698068857192993 -0.14472435414791107 -0.11736559867858887 0.02063957415521145 0.00020528113236650825 -0.08332478255033493 0.08689523488283157 -0.033407967537641525 -0.08015011250972748 0.007119782734662294 0.10948184877634048 -0.1484912633895874 0.2046181857585907 -0.011415431275963783 -0.17963582277297974 -0.049327436834573746 0.030238749459385872 -0.052613381296396255 -0.1948264241218567 0.02813786454498768 -0.03065624088048935 -0.03331054002046585 0.11499247699975967 0.029455993324518204 0.10373950004577637 0.10712997615337372 0.07376089692115784 -0.1954532265663147 0.12574726343154907 -0.06146093085408211 -0.12203764170408249 -0.1389082819223404 0.015026204288005829 -0.03435428813099861 0.1509188860654831 -0.0718701109290123 0.2251151204109192 0.16367200016975403 0.09871882200241089 -0.058557361364364624 0.09346739202737808 0.060925308614969254 -0.12197358906269073 0.04263744875788689 0.08808910101652145 -0.033470552414655685 -0.03599769249558449 0.13737206161022186 -0.039658792316913605 -0.011314796283841133 0.03361580893397331 0.011439142748713493 -0.04471093788743019 0.032473232597112656 0.1158817708492279 0.026968171820044518 0.14211562275886536 -0.16098687052726746 -0.03964969515800476 0.03366770222783089 -0.020952269434928894 0.08592092245817184 0.1404840499162674 0.05780486389994621 -0.009901406243443489 0.27828580141067505 0.06684719771146774 -0.015911966562271118 -0.003657348221167922 0.002155478810891509 0.10344585031270981 0.08805015683174133 0.014115769416093826 0.06566056609153748 -0.019735176116228104 0.07454315572977066 -0.10134932398796082 -0.014883821830153465 -0.06961169838905334 -0.07970675826072693 -0.05457647517323494 -0.023163676261901855 -0.0026033457834273577 0.032532949000597 0.07219815999269485 -0.16280022263526917 0.04174071550369263 0.1186908707022667 0.16894584894180298 0.04576434940099716 0.004328292328864336 0.09628269230786889 0.0037478800367284925 0.029827785681971065 0.013404056968878355 0.008831429139525221 0.007240423695594628 0.003641221049164596 0.03459979077305476 0.05194314715702596 4.1005387 4.9231634 4.8521667 4.5557604 5.7689033 4.670721 5.5126395 4.2039685 3.9519217 4.2024517 4.436515 4.7967567 4.0048537 5.7174826 4.1454964 5.4490075 3.5717323 3.4031017
0 400 0.056052979081869125 0.055137939751148224 0.09295285493135452 -0.18129052221775055 -0.04054677486419678 -0.03677766025066376 -0.18626639246940613 0.13372859358787537 -0.07943859696388245 -0.127467542886734 0.0676809698343277 0.018534230068325996 0.1196875050663948 -0.0050136623904109 -0.06012701988220215 -0.01894950121641159 -0.018604988232254982 0.09339261054992676 -0.01162759866565466 0.13195602595806122 0.19000151753425598 0.07123112678527832 0.24870027601718903 -0.013769454322755337 0.07128625363111496 0.10723375529050827 -0.06346726417541504 0.06605850905179977 -0.09182917326688766 -0.012140405364334583 -0.2684159278869629 -0.01671469211578369 -0.08507900685071945 0.09233956784009933 -0.04820193350315094 0.08958946168422699 0.10857900977134705 -0.01570991612970829 0.14314842224121094 -0.004368513356894255 0.0403372123837471 -0.06200795620679855 0.05584454536437988 -0.07201997190713882 0.029508985579013824 0.07976778596639633 -0.39936181902885437 0.0793345719575882 0.061388347297906876 0.12413929402828217 0.14886975288391113 0.05182180553674698 -0.09218446910381317 0.039526354521512985 0.018872780725359917 -0.05502714961767197 0.011558116413652897 0.20762543380260468 -0.18088994920253754 0.049119044095277786 -0.00904578436166048 0.0004024286463391036 0.0383843369781971 7.141334208426997e-05 -0.18015436828136444 0.0608823262155056 0.02546447142958641 0.02913038060069084 0.09094148129224777 -0.010600831359624863 0.034237634390592575 -0.10305316746234894 0.07130686938762665 0.11461858451366425 0.07758920639753342 -0.04335835203528404 0.005544295534491539 -0.09688341617584229 0.07532096654176712 0.02325322851538658 -0.04916638880968094 0.15452755987644196 0.1883804351091385 0.11766283214092255 0.07915188372135162 -0.033631253987550735 0.05413569509983063 0.09251046180725098 0.009010403417050838 -0.014770975336432457 0.07519758492708206 0.030379649251699448 -0.013921487145125866 0.1762484908103943 0.011159909889101982 0.7665733017658031 0.936719179405592 0.9331657036595586 0.9780843046025065 0.9899517961302631 0.9963856303499705 0.9926639031999782 0.9987851259610663 0.9995837099248908 -2.132268 -2.3092294 -2.2766879 -2.342285 -2.2928896 -2.5214043 -2.5923874 -2.6430197 -2.6770353 -1.7971945 -1.5783476 -1.8227065 -1.7924294 -1.6769453 -1.8219323 -2.007944 -2.085461 -2.1431203
1 400 0.056052979081869125 0.055137939751148224 0.09295285493135452 -0.18129052221775055 -0.04054677486419678 -0.03677766025066376 -0.18626639246940613 0.13372859358787537 -0.07943859696388245 -0.127467542886734 0.0676809698343277 0.018534230068325996 0.1196875050663948 -0.0050136623904109 -0.06012701988220215 -0.01894950121641159 -0.018604988232254982 0.09339261054992676 -0.01162759866565466 0.13195602595806122 0.19000151753425598 0.07123112678527832 0.24870027601718903 -0.013769454322755337 0.07128625363111496 0.10723375529050827 -0.06346726417541504 0.06605850905179977 -0.09182917326688766 -0.012140405364334583 -0.2684159278869629 -0.01671469211578369 -0.08507900685071945 0.09233956784009933 -0.04820193350315094 0.08958946168422699 0.10857900977134705 -0.01570991612970829 0.14314842224121094 -0.004368513356894255 0.0403372123837471 -0.06200795620679855 0.05584454536437988 -0.07201997190713882 0.029508985579013824 0.07976778596639633 -0.39936181902885437 0.0793345719575882 0.061388347297906876 0.12413929402828217 0.14886975288391113 0.05182180553674698 -0.09218446910381317 0.039526354521512985 0.018872780725359917 -0.05502714961767197 0.011558116413652897 0.20762543380260468 -0.18088994920253754 0.049119044095277786 -0.00904578436166048 0.0004024286463391036 0.0383843369781971 7.141334208426997e-05 -0.18015436828136444 0.0608823262155056 0.02546447142958641 0.02913038060069084 0.09094148129224777 -0.010600831359624863 0.034237634390592575 -0.10305316746234894 0.07130686938762665 0.11461858451366425 0.07758920639753342 -0.04335835203528404 0.005544295534491539 -0.09688341617584229 0.07532096654176712 0.02325322851538658 -0.04916638880968094 0.15452755987644196 0.1883804351091385 0.11766283214092255 0.07915188372135162 -0.033631253987550735 0.05413569509983063 0.09251046180725098 0.009010403417050838 -0.014770975336432457 0.07519758492708206 0.030379649251699448 -0.013921487145125866 0.1762484908103943 0.011159909889101982 0.657255154158569 0.7334449887711398 0.8998763175429386 0.9587550208875981 0.9769759957421993 0.9902044759916284 0.9899045487999517 0.9976671458601823 0.9992894803999985 -1.9305646 -2.3671813 -1.9844618 -2.0402558 -2.0609457 -2.2673137 -2.3064847 -2.3788557 -2.450097 -1.638503 -1.4636514 -1.5646807 -1.5420902 -1.4244603 -1.6409302 -1.8074487 -1.9522139 -2.0100093
2 400 0.056052979081869125 0.055137939751148224 0.09295285493135452 -0.18129052221775055 -0.04054677486419678 -0.03677766025066376 -0.18626639246940613 0.13372859358787537 -0.07943859696388245 -0.127467542886734 0.0676809698343277 0.018534230068325996 0.1196875050663948 -0.0050136623904109 -0.06012701988220215 -0.01894950121641159 -0.018604988232254982 0.09339261054992676 -0.01162759866565466 0.13195602595806122 0.19000151753425598 0.07123112678527832 0.24870027601718903 -0.013769454322755337 0.07128625363111496 0.10723375529050827 -0.06346726417541504 0.06605850905179977 -0.09182917326688766 -0.012140405364334583 -0.2684159278869629 -0.01671469211578369 -0.08507900685071945 0.09233956784009933 -0.04820193350315094 0.08958946168422699 0.10857900977134705 -0.01570991612970829 0.14314842224121094 -0.004368513356894255 0.0403372123837471 -0.06200795620679855 0.05584454536437988 -0.07201997190713882 0.029508985579013824 0.07976778596639633 -0.39936181902885437 0.0793345719575882 0.061388347297906876 0.12413929402828217 0.14886975288391113 0.05182180553674698 -0.09218446910381317 0.039526354521512985 0.018872780725359917 -0.05502714961767197 0.011558116413652897 0.20762543380260468 -0.18088994920253754 0.049119044095277786 -0.00904578436166048 0.0004024286463391036 0.0383843369781971 7.141334208426997e-05 -0.18015436828136444 0.0608823262155056 0.02546447142958641 0.02913038060069084 0.09094148129224777 -0.010600831359624863 0.034237634390592575 -0.10305316746234894 0.07130686938762665 0.11461858451366425 0.07758920639753342 -0.04335835203528404 0.005544295534491539 -0.09688341617584229 0.07532096654176712 0.02325322851538658 -0.04916638880968094 0.15452755987644196 0.1883804351091385 0.11766283214092255 0.07915188372135162 -0.033631253987550735 0.05413569509983063 0.09251046180725098 0.009010403417050838 -0.014770975336432457 0.07519758492708206 0.030379649251699448 -0.013921487145125866 0.1762484908103943 0.011159909889101982 0.5043211381392873 0.7992960834805583 0.8148262866219833 0.9299272247226092 0.9669878053043075 0.968907347352324 0.9630436575091434 0.9927800917671327 0.9958676533851375 -1.9109073 -2.2106788 -2.0832627 -2.1298912 -2.1114836 -2.4051085 -2.4024317 -2.4091187 -2.5039294 -1.6712672 -1.5087993 -1.7235208 -1.6789458 -1.5947093 -1.7801332 -1.8712206 -1.8177712 -1.8663503
0 400 0.05044768005609512 0.04962414503097534 0.08365757018327713 -0.1631614714860916 -0.03649209812283516 -0.03309989348053932 -0.16763974726200104 0.12035573273897171 -0.07149473577737808 -0.11472078412771225 0.06091286987066269 0.016680806875228882 0.10771875083446503 -0.004512296058237553 -0.054114315658807755 -0.017054550349712372 -0.01674448885023594 0.08405334502458572 -0.010464838705956936 0.11876042187213898 0.1710013598203659 0.06410801410675049 0.2238302379846573 -0.012392508797347546 0.0641576275229454 0.0965103805065155 -0.057120535522699356 0.05945265665650368 -0.08264625072479248 -0.010926364921033382 -0.24157433211803436 -0.015043222345411777 -0.07657110691070557 0.08310560882091522 -0.043381739407777786 0.08063051104545593 0.09772110730409622 -0.014138923957943916 0.1288335770368576 -0.003931662067770958 0.03630349040031433 -0.05580715835094452 0.050260089337825775 -0.06481797248125076 0.026558086276054382 0.07179100811481476 -0.3594256341457367 0.07140111178159714 0.05524951219558716 0.11172536015510559 0.13398277759552002 0.04663962498307228 -0.08296602219343185 0.03557371720671654 0.01698550209403038 -0.04952443391084671 0.010402304120361805 0.18686288595199585 -0.16280095279216766 0.0442071370780468 -0.00814120564609766 0.0003621857613325119 0.0345459021627903 6.427200423786417e-05 -0.1621389240026474 0.05479409173130989 0.02291802316904068 0.026217341423034668 0.08184733241796494 -0.009540747851133347 0.030813870951533318 -0.09274784475564957 0.06417617946863174 0.10315672308206558 0.0698302835226059 -0.03902251645922661 0.004989865701645613 -0.08719506859779358 0.06778886914253235 0.020927906036376953 -0.044249746948480606 0.13907480239868164 0.16954238712787628 0.10589654743671417 0.07123669236898422 -0.030268127098679543 0.048722125589847565 0.08325941115617752 0.008109362795948982 -0.013293877243995667 0.0676778256893158 0.027341684326529503 -0.012529337778687477 0.15862363576889038 0.010043919086456299 0.6778518663251472 0.8980015247282942 0.9024227671173577 0.9671486671484694 0.984844431679194 0.9935990211899386 0.9914933754515108 0.9984234531868763 0.9994981888048202 -1.9617183 -2.1353207 -2.0856564 -2.1520267 -2.106482 -2.335702 -2.412083 -2.457466 -2.4964118 -1.6622053 -1.4469746 -1.6643156 -1.6351585 -1.5235656 -1.6818867 -1.9094675 -1.982495 -2.0437624
1 400 0.05044768005609512 0.04962414503097534 0.08365757018327713 -0.1631614714860916 -0.03649209812283516 -0.03309989348053932 -0.16763974726200104 0.12035573273897171 -0.07149473577737808 -0.11472078412771225 0.06091286987066269 0.016680806875228882 0.10771875083446503 -0.004512296058237553 -0.054114315658807755 -0.017054550349712372 -0.01674448885023594 0.08405334502458572 -0.010464838705956936 0.11876042187213898 0.1710013598203659 0.06410801410675049 0.2238302379846573 -0.012392508797347546 0.0641576275229454 0.0965103805065155 -0.057120535522699356 0.05945265665650368 -0.08264625072479248 -0.010926364921033382 -0.24157433211803436 -0.015043222345411777 -0.07657110691070557 0.08310560882091522 -0.043381739407777786 0.08063051104545593 0.09772110730409622 -0.014138923957943916 0.1288335770368576 -0.003931662067770958 0.03630349040031433 -0.05580715835094452 0.050260089337825775 -0.06481797248125076 0.026558086276054382 0.07179100811481476 -0.3594256341457367 0.07140111178159714 0.05524951219558716 0.11172536015510559 0.13398277759552002 0.04663962498307228 -0.08296602219343185 0.03557371720671654 0.01698550209403038 -0.04952443391084671 0.010402304120361805 0.18686288595199585 -0.16280095279216766 0.0442071370780468 -0.00814120564609766 0.0003621857613325119 0.0345459021627903 6.427200423786417e-05 -0.1621389240026474 0.05479409173130989 0.02291802316904068 0.026217341423034668 0.08184733241796494 -0.009540747851133347 0.030813870951533318 -0.09274784475564957 0.06417617946863174 0.10315672308206558 0.0698302835226059 -0.03902251645922661 0.004989865701645613 -0.08719506859779358 0.06778886914253235 0.020927906036376953 -0.044249746948480606 0.13907480239868164 0.16954238712787628 0.10589654743671417 0.07123669236898422 -0.030268127098679543 0.048722125589847565 0.08325941115617752 0.008109362795948982 -0.013293877243995667 0.0676778256893158 0.027341684326529503 -0.012529337778687477 0.15862363576889038 0.010043919086456299 0.5613296901742237 0.6195425053050206 0.8519098871001624 0.9332514692962266 0.9618870424785165 0.9794950564966469 0.9868260789550031 0.996601761669431 0.9990553080308208 -1.7572381 -2.1804535 -1.7874954 -1.846802 -1.8717103 -2.1024854 -2.1192381 -2.1865873 -2.2372599 -1.497345 -1.3313894 -1.4031496 -1.3892578 -1.2771784 -1.51317 -1.686892 -1.8273221 -1.8787558
2 400 0.05044768005609512 0.04962414503097534 0.08365757018327713 -0.1631614714860916 -0.03649209812283516 -0.03309989348053932 -0.16763974726200104 0.12035573273897171 -0.07149473577737808 -0.11472078412771225 0.06091286987066269 0.016680806875228882 0.10771875083446503 -0.004512296058237553 -0.054114315658807755 -0.017054550349712372 -0.01674448885023594 0.08405334502458572 -0.010464838705956936 0.11876042187213898 0.1710013598203659 0.06410801410675049 0.2238302379846573 -0.012392508797347546 0.0641576275229454 0.0965103805065155 -0.057120535522699356 0.05945265665650368 -0.08264625072479248 -0.010926364921033382 -0.24157433211803436 -0.015043222345411777 -0.07657110691070557 0.08310560882091522 -0.043381739407777786 0.08063051104545593 0.09772110730409622 -0.014138923957943916 0.1288335770368576 -0.003931662067770958 0.03630349040031433 -0.05580715835094452 0.050260089337825775 -0.06481797248125076 0.026558086276054382 0.07179100811481476 -0.3594256341457367 0.07140111178159714 0.05524951219558716 0.11172536015510559 0.13398277759552002 0.04663962498307228 -0.08296602219343185 0.03557371720671654 0.01698550209403038 -0.04952443391084671 0.010402304120361805 0.18686288595199585 -0.16280095279216766 0.0442071370780468 -0.00814120564609766 0.0003621857613325119 0.0345459021627903 6.427200423786417e-05 -0.1621389240026474 0.05479409173130989 0.02291802316904068 0.026217341423034668 0.08184733241796494 -0.009540747851133347 0.030813870951533318 -0.09274784475564957 0.06417617946863174 0.10315672308206558 0.0698302835226059 -0.03902251645922661 0.004989865701645613 -0.08719506859779358 0.06778886914253235 0.020927906036376953 -0.044249746948480606 0.13907480239868164 0.16954238712787628 0.10589654743671417 0.07123669236898422 -0.030268127098679543 0.048722125589847565 0.08325941115617752 0.008109362795948982 -0.013293877243995667 0.0676778256893158 0.027341684326529503 -0.012529337778687477 0.15862363576889038 0.010043919086456299 0.39329258758623575 0.7060927651780423 0.751260820812966 0.8978710516268271 0.9508454389594324 0.9488115995404499 0.9326594964028767 0.9910848682823459 0.9949753187739983 -1.7307091 -2.0525253 -1.8958583 -1.9428453 -1.9255939 -2.2140663 -2.234986 -2.2277458 -2.339211 -1.5270195 -1.3686049 -1.5658332 -1.5245605 -1.4417502 -1.6288803 -1.7300353 -1.7155658 -1.767906
0 400 0.04484238475561142 0.04411035403609276 0.07436228543519974 -0.14503242075443268 -0.03243742138147354 -0.029422128573060036 -0.14901311695575714 0.10698287934064865 -0.06355088204145432 -0.10197403281927109 0.05414477735757828 0.014827384613454342 0.09575000405311584 -0.0040109301917254925 -0.04810161516070366 -0.015159601345658302 -0.01488399039953947 0.07471408694982529 -0.009302078746259212 0.10556482523679733 0.15200121700763702 0.056984901428222656 0.19896022975444794 -0.011015563271939754 0.05702900514006615 0.08578700572252274 -0.05077381059527397 0.05284680798649788 -0.07346334308385849 -0.009712324477732182 -0.21473275125026703 -0.013371753506362438 -0.06806320697069168 0.0738716572523117 -0.03856154903769493 0.07167156785726547 0.086863212287426 -0.012567932717502117 0.11451873928308487 -0.003494810778647661 0.03226977214217186 -0.04960636422038078 0.044675637036561966 -0.057615976780653 0.02360718883574009 0.06381423026323318 -0.319489449262619 0.06346765905618668 0.04911067709326744 0.09931143373250961 0.1190958023071289 0.04145744442939758 -0.07374757528305054 0.03162108361721039 0.015098224394023418 -0.04402172192931175 0.009246493689715862 0.16610035300254822 -0.1447119563817978 0.03929523751139641 -0.007236627396196127 0.00032194293453358114 0.03070746921002865 5.7130673667415977e-05 -0.14412349462509155 0.04870586097240448 0.0203715767711401 0.023304304108023643 0.0727531835436821 -0.008480665273964405 0.02739010751247406 -0.08244253695011139 0.05704549700021744 0.09169486910104752 0.062071364372968674 -0.034686680883169174 0.004435436334460974 -0.07750673592090607 0.060256775468587875 0.018602583557367325 -0.03933311253786087 0.12362205237150192 0.15070435404777527 0.0941302701830864 0.06332150846719742 -0.026905003935098648 0.0433085560798645 0.07400836795568466 0.007208322640508413 -0.01181678008288145 0.06015807017683983 0.024303719401359558 -0.011137190274894238 0.14099879562854767 0.008927928283810616 0.574871007761224 0.8419450657865559 0.8603238585087252 0.9497821132379946 0.9764848116864235 0.9888435468578426 0.9902350926665321 0.9979834634414514 0.9993727127054439 -1.7909296 -1.962194 -1.8960857 -1.9637702 -1.9221818 -2.1525953 -2.2325184 -2.273322 -2.3220272 -1.5267279 -1.3190614 -1.5069432 -1.4821011 -1.3749361 -1.544298 -1.8120389 -1.8817782 -1.9551026
1 400 0.04484238475561142 0.04411035403609276 0.07436228543519974 -0.14503242075443268 -0.03243742138147354 -0.029422128573060036 -0.14901311695575714 0.10698287934064865 -0.06355088204145432 -0.10197403281927109 0.05414477735757828 0.014827384613454342 0.09575000405311584 -0.0040109301917254925 -0.04810161516070366 -0.015159601345658302 -0.01488399039953947 0.07471408694982529 -0.009302078746259212 0.10556482523679733 0.15200121700763702 0.056984901428222656 0.19896022975444794 -0.011015563271939754 0.05702900514006615 0.08578700572252274 -0.05077381059527397 0.05284680798649788 -0.07346334308385849 -0.009712324477732182 -0.21473275125026703 -0.013371753506362438 -0.06806320697069168 0.0738716572523117 -0.03856154903769493 0.07167156785726547 0.086863212287426 -0.012567932717502117 0.11451873928308487 -0.003494810778647661 0.03226977214217186 -0.04960636422038078 0.044675637036561966 -0.057615976780653 0.02360718883574009 0.06381423026323318 -0.319489449262619 0.06346765905618668 0.04911067709326744 0.09931143373250961 0.1190958023071289 0.04145744442939758 -0.07374757528305054 0.03162108361721039 0.015098224394023418 -0.04402172192931175 0.009246493689715862 0.16610035300254822 -0.1447119563817978 0.03929523751139641 -0.007236627396196127 0.00032194293453358114 0.03070746921002865 5.7130673667415977e-05 -0.14412349462509155 0.04870586097240448 0.0203715767711401 0.023304304108023643 0.0727531835436821 -0.008480665273964405 0.02739010751247406 -0.08244253695011139 0.05704549700021744 0.09169486910104752 0.062071364372968674 -0.034686680883169174 0.004435436334460974 -0.07750673592090607 0.060256775468587875 0.018602583557367325 -0.03933311253786087 0.12362205237150192 0.15070435404777527 0.0941302701830864 0.06332150846719742 -0.026905003935098648 0.0433085560798645 0.07400836795568466 0.007208322640508413 -0.01181678008288145 0.06015807017683983 0.024303719401359558 -0.011137190274894238 0.14099879562854767 0.008927928283810616 0.4796437216740251 0.49223622293234404 0.7884370199804672 0.8908724385407419 0.937726041948154 0.9612154426250569 0.9821185487315184 0.9951072679842207 0.9986971173742324 -1.5843527 -1.9936514 -1.5906396 -1.6642511 -1.6825817 -1.9377048 -1.932729 -1.9940126 -2.0441103 -1.3502856 -1.1990703 -1.2407296 -1.2407979 -1.1297269 -1.4012486 -1.5624516 -1.700005 -1.75268
2 400 0.04484238475561142 0.04411035403609276 0.07436228543519974 -0.14503242075443268 -0.03243742138147354 -0.029422128573060036 -0.14901311695575714 0.10698287934064865 -0.06355088204145432 -0.10197403281927109 0.05414477735757828 0.014827384613454342 0.09575000405311584 -0.0040109301917254925 -0.04810161516070366 -0.015159601345658302 -0.01488399039953947 0.07471408694982529 -0.009302078746259212 0.10556482523679733 0.15200121700763702 0.056984901428222656 0.19896022975444794 -0.011015563271939754 0.05702900514006615 0.08578700572252274 -0.05077381059527397 0.05284680798649788 -0.07346334308385849 -0.009712324477732182 -0.21473275125026703 -0.013371753506362438 -0.06806320697069168 0.0738716572523117 -0.03856154903769493 0.07167156785726547 0.086863212287426 -0.012567932717502117 0.11451873928308487 -0.003494810778647661 0.03226977214217186 -0.04960636422038078 0.044675637036561966 -0.057615976780653 0.02360718883574009 0.06381423026323318 -0.319489449262619 0.06346765905618668 0.04911067709326744 0.09931143373250961 0.1190958023071289 0.04145744442939758 -0.07374757528305054 0.03162108361721039 0.015098224394023418 -0.04402172192931175 0.009246493689715862 0.16610035300254822 -0.1447119563817978 0.03929523751139641 -0.007236627396196127 0.00032194293453358114 0.03070746921002865 5.7130673667415977e-05 -0.14412349462509155 0.04870586097240448 0.0203715767711401 0.023304304108023643 0.0727531835436821 -0.008480665273964405 0.02739010751247406 -0.08244253695011139 0.05704549700021744 0.09169486910104752 0.062071364372968674 -0.034686680883169174 0.004435436334460974 -0.07750673592090607 0.060256775468587875 0.018602583557367325 -0.03933311253786087 0.12362205237150192 0.15070435404777527 0.0941302701830864 0.06332150846719742 -0.026905003935098648 0.0433085560798645 0.07400836795568466 0.007208322640508413 -0.01181678008288145 0.06015807017683983 0.024303719401359558 -0.011137190274894238 0.14099879562854767 0.008927928283810616 0.2459264134085733 0.5926921158655952 0.6754105515950235 0.8538302045098546 0.927504676974167 0.9169819730877017 0.8872428865806228 0.9863314383980822 0.9921365435397561 -1.577107 -1.8944018 -1.7089431 -1.755902 -1.7394247 -2.023102 -2.0709145 -2.0649047 -2.19392 -1.4006333 -1.2286288 -1.408328 -1.3700334 -1.288383 -1.4773883 -1.5943471 -1.6284945 -1.6847183
0 400 0.03923708572983742 0.03859655559062958 0.06506700068712234 -0.12690337002277374 -0.028382742777466774 -0.0257443618029356 -0.13038647174835205 0.0936100110411644 -0.05560701712965965 -0.08922728151082993 0.04737667739391327 0.012973960489034653 0.08378124982118607 -0.0035095636267215014 -0.042088914662599564 -0.013264650478959084 -0.013023491948843002 0.06537482887506485 -0.008139318786561489 0.0923692137002945 0.13300105929374695 0.049861788749694824 0.1740901917219162 -0.009638617746531963 0.04990037530660629 0.07506363093852997 -0.04442708566784859 0.04624095559120178 -0.0642804205417633 -0.00849828403443098 -0.1878911405801773 -0.011700284667313099 -0.0595553033053875 0.0646376982331276 -0.03374135121703148 0.06271262466907501 0.07600530236959457 -0.010996941477060318 0.10020389407873154 -0.003057959256693721 0.02823604829609394 -0.04340557008981705 0.03909118101000786 -0.05041398108005524 0.020656289532780647 0.05583744868636131 -0.27955326437950134 0.05553419888019562 0.04297184199094772 0.08689750730991364 0.10420882701873779 0.036275263875722885 -0.06452912837266922 0.02766844816505909 0.013210946694016457 -0.0385190024971962 0.00809068139642477 0.1453378051519394 -0.12662295997142792 0.03438333049416542 -0.006332049146294594 0.00028170004952698946 0.026869036257267 4.998933945898898e-05 -0.1261080503463745 0.04261762648820877 0.017825130373239517 0.02039126679301262 0.06365903466939926 -0.007420581765472889 0.023966344073414803 -0.07213721424341202 0.049914807081222534 0.08023300766944885 0.05431244522333145 -0.03035084530711174 0.003881006734445691 -0.06781838834285736 0.052724674344062805 0.016277259215712547 -0.03441647067666054 0.10816928744316101 0.13186630606651306 0.08236397802829742 0.05540631711483002 -0.023541877046227455 0.03789498656988144 0.0647573247551918 0.006307282485067844 -0.010339682921767235 0.052638307213783264 0.021265754476189613 -0.009745040908455849 0.12337394058704376 0.007811937015503645 0.4477566976355057 0.7622928302686469 0.8038061698863216 0.9208273107266837 0.9623011704843928 0.980480802079892 0.9883590929825583 0.9973611508596292 0.9992140716678489 -1.6167886 -1.7892995 -1.7076869 -1.7769446 -1.7384424 -1.9696949 -2.0506606 -2.0887604 -2.1468363 -1.4094199 -1.1911091 -1.3508577 -1.3341129 -1.2300913 -1.4070404 -1.7096447 -1.7793283 -1.865765
1 400 0.03923708572983742 0.03859655559062958 0.06506700068712234 -0.12690337002277374 -0.028382742777466774 -0.0257443618029356 -0.13038647174835205 0.0936100110411644 -0.05560701712965965 -0.08922728151082993 0.04737667739391327 0.012973960489034653 0.08378124982118607 -0.0035095636267215014 -0.042088914662599564 -0.013264650478959084 -0.013023491948843002 0.06537482887506485 -0.008139318786561489 0.0923692137002945 0.13300105929374695 0.049861788749694824 0.1740901917219162 -0.009638617746531963 0.04990037530660629 0.07506363093852997 -0.04442708566784859 0.04624095559120178 -0.0642804205417633 -0.00849828403443098 -0.1878911405801773 -0.011700284667313099 -0.0595553033053875 0.0646376982331276 -0.03374135121703148 0.06271262466907501 0.07600530236959457 -0.010996941477060318 0.10020389407873154 -0.003057959256693721 0.02823604829609394 -0.04340557008981705 0.03909118101000786 -0.05041398108005524 0.020656289532780647 0.05583744868636131 -0.27955326437950134 0.05553419888019562 0.04297184199094772 0.08689750730991364 0.10420882701873779 0.036275263875722885 -0.06452912837266922 0.02766844816505909 0.013210946694016457 -0.0385190024971962 0.00809068139642477 0.1453378051519394 -0.12662295997142792 0.03438333049416542 -0.006332049146294594 0.00028170004952698946 0.026869036257267 4.998933945898898e-05 -0.1261080503463745 0.04261762648820877 0.017825130373239517 0.02039126679301262 0.06365903466939926 -0.007420581765472889 0.023966344073414803 -0.07213721424341202 0.049914807081222534 0.08023300766944885 0.05431244522333145 -0.03035084530711174 0.003881006734445691 -0.06781838834285736 0.052724674344062805 0.016277259215712547 -0.03441647067666054 0.10816928744316101 0.13186630606651306 0.08236397802829742 0.05540631711483002 -0.023541877046227455 0.03789498656988144 0.0647573247551918 0.006307282485067844 -0.010339682921767235 0.052638307213783264 0.021265754476189613 -0.009745040908455849 0.12337394058704376 0.007811937015503645 0.41889032470435866 0.40138566586672875 0.7080944489688974 0.8215291534856299 0.8994653411647965 0.9399679667332829 0.9757917877497558 0.9930568689927706 0.9981544485699834 -1.4252782 -1.7877157 -1.4013 -1.4877417 -1.4933896 -1.7742252 -1.7585497 -1.7986789 -1.8600781 -1.2103313 -1.0624856 -1.0854921 -1.0973362 -0.98211294 -1.3141227 -1.4456158 -1.5627657 -1.6276429
2 400 0.03923708572983742 0.03859655559062958 0.06506700068712234 -0.12690337002277374 -0.028382742777466774 -0.0257443618029356 -0.13038647174835205 0.0936100110411644 -0.05560701712965965 -0.08922728151082993 0.04737667739391327 0.012973960489034653 0.08378124982118607 -0.0035095636267215014 -0.042088914662599564 -0.013264650478959084 -0.013023491948843002 0.06537482887506485 -0.008139318786561489 0.0923692137002945 0.13300105929374695 0.049861788749694824 0.1740901917219162 -0.009638617746531963 0.04990037530660629 0.07506363093852997 -0.04442708566784859 0.04624095559120178 -0.0642804205417633 -0.00849828403443098 -0.1878911405801773 -0.011700284667313099 -0.0595553033053875 0.0646376982331276 -0.03374135121703148 0.06271262466907501 0.07600530236959457 -0.010996941477060318 0.10020389407873154 -0.003057959256693721 0.02823604829609394 -0.04340557008981705 0.03909118101000786 -0.05041398108005524 0.020656289532780647 0.05583744868636131 -0.27955326437950134 0.05553419888019562 0.04297184199094772 0.08689750730991364 0.10420882701873779 0.036275263875722885 -0.06452912837266922 0.02766844816505909 0.013210946694016457 -0.0385190024971962 0.00809068139642477 0.1453378051519394 -0.12662295997142792 0.03438333049416542 -0.006332049146294594 0.00028170004952698946 0.026869036257267 4.998933945898898e-05 -0.1261080503463745 0.04261762648820877 0.017825130373239517 0.02039126679301262 0.06365903466939926 -0.007420581765472889 0.023966344073414803 -0.07213721424341202 0.049914807081222534 0.08023300766944885 0.05431244522333145 -0.03035084530711174 0.003881006734445691 -0.06781838834285736 0.052724674344062805 0.016277259215712547 -0.03441647067666054 0.10816928744316101 0.13186630606651306 0.08236397802829742 0.05540631711483002 -0.023541877046227455 0.03789498656988144 0.0647573247551918 0.006307282485067844 -0.010339682921767235 0.052638307213783264 0.021265754476189613 -0.009745040908455849 0.12337394058704376 0.007811937015503645 0.14391223650512264 0.4890973822126286 0.5884872305667634 0.7944764589716224 0.8941830502568495 0.8738707038553234 0.8417814660190363 0.9789465526760313 0.9884897790266954 -1.4434044 -1.7257226 -1.5206919 -1.5686078 -1.5526419 -1.8348515 -1.9011605 -1.9012558 -2.0467198 -1.2833203 -1.0896876 -1.2496798 -1.2154853 -1.1345111 -1.329381 -1.4771717 -1.5402386 -1.6057756
0 400 0.033631790429353714 0.033082764595746994 0.05577171593904495 -0.10877431929111481 -0.024328066036105156 -0.022066596895456314 -0.11175984144210815 0.08023715764284134 -0.04766315966844559 -0.07648053020238876 0.04060858488082886 0.011120538227260113 0.07181250303983688 -0.0030081975273787975 -0.03607621416449547 -0.011369701474905014 -0.011162993498146534 0.056035567075014114 -0.006976559292525053 0.07917361706495285 0.11400091648101807 0.04273867607116699 0.14922016859054565 -0.008261673152446747 0.042771752923727036 0.0643402561545372 -0.0380803607404232 0.039635106921195984 -0.05509750545024872 -0.00728424359112978 -0.16104955971240997 -0.01002881582826376 -0.05104740709066391 0.05540374293923378 -0.028921160846948624 0.053753677755594254 0.06514740735292435 -0.009425950236618519 0.0858890563249588 -0.0026211082004010677 0.02420232817530632 -0.03720477595925331 0.03350672870874405 -0.043211985379457474 0.017705392092466354 0.04786067456007004 -0.23961709439754486 0.047600746154785156 0.036833010613918304 0.07448358088731766 0.08932185173034668 0.031093085184693336 -0.0553106851875782 0.02371581457555294 0.011323668994009495 -0.03301629051566124 0.006934870034456253 0.12457526475191116 -0.10853397101163864 0.02947142720222473 -0.005427470896393061 0.00024145719362422824 0.023030603304505348 4.284800525056198e-05 -0.10809262841939926 0.03652939572930336 0.015278683044016361 0.017478229478001595 0.05456488952040672 -0.0063604991883039474 0.020542580634355545 -0.06183190271258354 0.04278412461280823 0.06877115368843079 0.04655352607369423 -0.026015011593699455 0.003326577367261052 -0.05813005194067955 0.04519258067011833 0.013951937668025494 -0.029499834403395653 0.09271653741598129 0.11302826553583145 0.07059770077466965 0.04749113321304321 -0.02017875388264656 0.032481417059898376 0.055506277829408646 0.0054062423296272755 -0.008862585760653019 0.0451185517013073 0.01822778955101967 -0.008352892473340034 0.10574910044670105 0.006695946212857962 0.382710669850703 0.6578080480682622 0.7328680057807457 0.8774349460732507 0.9401759397227045 0.9660488574560453 0.9839368003806717 0.9961979048559948 0.9990132889255993 -1.4558159 -1.6113274 -1.519211 -1.5900795 -1.5552471 -1.7864676 -1.8619761 -1.901103 -1.9721918 -1.2639846 -1.0691868 -1.1941389 -1.1860071 -1.0856649 -1.2694932 -1.5886767 -1.6664134 -1.7765906
1 400 0.033631790429353714 0.033082764595746994 0.05577171593904495 -0.10877431929111481 -0.024328066036105156 -0.022066596895456314 -0.11175984144210815 0.08023715764284134 -0.04766315966844559 -0.07648053020238876 0.04060858488082886 0.011120538227260113 0.07181250303983688 -0.0030081975273787975 -0.03607621416449547 -0.011369701474905014 -0.011162993498146534 0.056035567075014114 -0.006976559292525053 0.07917361706495285 0.11400091648101807 0.04273867607116699 0.14922016859054565 -0.008261673152446747 0.042771752923727036 0.0643402561545372 -0.0380803607404232 0.039635106921195984 -0.05509750545024872 -0.00728424359112978 -0.16104955971240997 -0.01002881582826376 -0.05104740709066391 0.05540374293923378 -0.028921160846948624 0.053753677755594254 0.06514740735292435 -0.009425950236618519 0.0858890563249588 -0.0026211082004010677 0.02420232817530632 -0.03720477595925331 0.03350672870874405 -0.043211985379457474 0.017705392092466354 0.04786067456007004 -0.23961709439754486 0.047600746154785156 0.036833010613918304 0.07448358088731766 0.08932185173034668 0.031093085184693336 -0.0553106851875782 0.02371581457555294 0.011323668994009495 -0.03301629051566124 0.006934870034456253 0.12457526475191116 -0.10853397101163864 0.02947142720222473 -0.005427470896393061 0.00024145719362422824 0.023030603304505348 4.284800525056198e-05 -0.10809262841939926 0.03652939572930336 0.015278683044016361 0.017478229478001595 0.05456488952040672 -0.0063604991883039474 0.020542580634355545 -0.06183190271258354 0.04278412461280823 0.06877115368843079 0.04655352607369423 -0.026015011593699455 0.003326577367261052 -0.05813005194067955 0.04519258067011833 0.013951937668025494 -0.029499834403395653 0.09271653741598129 0.11302826553583145 0.07059770077466965 0.04749113321304321 -0.02017875388264656 0.032481417059898376 0.055506277829408646 0.0054062423296272755 -0.008862585760653019 0.0451185517013073 0.01822778955101967 -0.008352892473340034 0.10574910044670105 0.006695946212857962 0.373203443508755 0.34587612405200713 0.6337442941744438 0.7365833317162105 0.8480056933975997 0.9105057549591485 0.9607103748183856 0.9912594383791906 0.9973646714761775 -1.2777731 -1.5532761 -1.2324612 -1.2921768 -1.2917813 -1.5993426 -1.6197968 -1.6069398 -1.6777625 -1.077502 -0.91770715 -0.9433251 -0.94555646 -0.82926613 -1.2082382 -1.3522519 -1.4455591 -1.5035089
2 400 0.033631790429353714 0.033082764595746994 0.05577171593904495 -0.10877431929111481 -0.024328066036105156 -0.022066596895456314 -0.11175984144210815 0.08023715764284134 -0.04766315966844559 -0.07648053020238876 0.04060858488082886 0.011120538227260113 0.07181250303983688 -0.0030081975273787975 -0.03607621416449547 -0.011369701474905014 -0.011162993498146534 0.056035567075014114 -0.006976559292525053 0.07917361706495285 0.11400091648101807 0.04273867607116699 0.14922016859054565 -0.008261673152446747 0.042771752923727036 0.0643402561545372 -0.0380803607404232 0.039635106921195984 -0.05509750545024872 -0.00728424359112978 -0.16104955971240997 -0.01002881582826376 -0.05104740709066391 0.05540374293923378 -0.028921160846948624 0.053753677755594254 0.06514740735292435 -0.009425950236618519 0.0858890563249588 -0.0026211082004010677 0.02420232817530632 -0.03720477595925331 0.03350672870874405 -0.043211985379457474 0.017705392092466354 0.04786067456007004 -0.23961709439754486 0.047600746154785156 0.036833010613918304 0.07448358088731766 0.08932185173034668 0.031093085184693336 -0.0553106851875782 0.02371581457555294 0.011323668994009495 -0.03301629051566124 0.006934870034456253 0.12457526475191116 -0.10853397101163864 0.02947142720222473 -0.005427470896393061 0.00024145719362422824 0.023030603304505348 4.284800525056198e-05 -0.10809262841939926 0.03652939572930336 0.015278683044016361 0.017478229478001595 0.05456488952040672 -0.0063604991883039474 0.020542580634355545 -0.06183190271258354 0.04278412461280823 0.06877115368843079 0.04655352607369423 -0.026015011593699455 0.003326577367261052 -0.05813005194067955 0.04519258067011833 0.013951937668025494 -0.029499834403395653 0.09271653741598129 0.11302826553583145 0.07059770077466965 0.04749113321304321 -0.02017875388264656 0.032481417059898376 0.055506277829408646 0.0054062423296272755 -0.008862585760653019 0.0451185517013073 0.01822778955101967 -0.008352892473340034 0.10574910044670105 0.006695946212857962 0.08392179711685294 0.34657836307137235 0.46885794360105876 0.6147555856771451 0.8478400728495321 0.8157151081285083 0.7899259163837199 0.9699137973617414 0.9852156546044103 -1.306623 -1.5589845 -1.3412843 -1.4204237 -1.3662983 -1.648207 -1.7108955 -1.7248368 -1.895479 -1.1583064 -0.9652046 -1.098076 -1.0880458 -0.9812202 -1.1830884 -1.331403 -1.4329567 -1.5370386
0 400 0.028026489540934563 0.027568969875574112 0.04647642746567726 -0.09064526110887527 -0.02027338743209839 -0.01838883012533188 -0.09313319623470306 0.06686429679393768 -0.03971929848194122 -0.063733771443367 0.03384048491716385 0.009267115034162998 0.0598437525331974 -0.00250683119520545 -0.030063509941101074 -0.009474750608205795 -0.009302494116127491 0.04669630527496338 -0.00581379933282733 0.06597801297903061 0.09500075876712799 0.03561556339263916 0.12435013800859451 -0.006884727161377668 0.03564312681555748 0.053616877645254135 -0.03173363208770752 0.03302925452589989 -0.04591458663344383 -0.006070202682167292 -0.13420796394348145 -0.008357346057891846 -0.042539503425359726 0.04616978392004967 -0.02410096675157547 0.044794730842113495 0.05428950488567352 -0.007854958064854145 0.07157421112060547 -0.0021842566784471273 0.02016860619187355 -0.031003978103399277 0.02792227268218994 -0.03600998595356941 0.014754492789506912 0.039883892983198166 -0.19968090951442719 0.0396672859787941 0.030694173648953438 0.06206964701414108 0.07443487644195557 0.02591090276837349 -0.046092234551906586 0.019763177260756493 0.009436390362679958 -0.027513574808835983 0.0057790582068264484 0.10381271690130234 -0.09044497460126877 0.024559522047638893 -0.00452289218083024 0.0002012143231695518 0.01919216848909855 3.5706671042134985e-05 -0.09007718414068222 0.0304411631077528 0.012732235714793205 0.01456519030034542 0.045470740646123886 -0.005300415679812431 0.017118817195296288 -0.05152658373117447 0.035653434693813324 0.05730929225683212 0.03879460319876671 -0.02167917601764202 0.0027721477672457695 -0.04844170808792114 0.03766048327088356 0.01162661425769329 -0.02458319440484047 0.07726377993822098 0.09419021755456924 0.05883141607046127 0.03957594186067581 -0.016815626993775368 0.027067847549915314 0.04625523090362549 0.004505201708525419 -0.0073854876682162285 0.03759879246354103 0.015189824625849724 -0.006960743572562933 0.08812424540519714 0.005579954944550991 0.3112682132325117 0.5562320964166542 0.6536965465691523 0.8152722032349227 0.9063772246764707 0.9459221754903793 0.9766624283211867 0.9940246595812234 0.9989369667945457 -1.3005064 -1.4116268 -1.3317926 -1.4036914 -1.3721743 -1.6054246 -1.6750131 -1.7091265 -1.7982635 -1.1174262 -0.95991564 -1.0362349 -1.0382527 -0.94131494 -1.1479673 -1.453016 -1.5417773 -1.701265
1 400 0.028026489540934563 0.027568969875574112 0.04647642746567726 -0.09064526110887527 -0.02027338743209839 -0.01838883012533188 -0.09313319623470306 0.06686429679393768 -0.03971929848194122 -0.063733771443367 0.03384048491716385 0.009267115034162998 0.0598437525331974 -0.00250683119520545 -0.030063509941101074 -0.009474750608205795 -0.009302494116127491 0.04669630527496338 -0.00581379933282733 0.06597801297903061 0.09500075876712799 0.03561556339263916 0.12435013800859451 -0.006884727161377668 0.03564312681555748 0.053616877645254135 -0.03173363208770752 0.03302925452589989 -0.04591458663344383 -0.006070202682167292 -0.13420796394348145 -0.008357346057891846 -0.042539503425359726 0.04616978392004967 -0.02410096675157547 0.044794730842113495 0.05428950488567352 -0.007854958064854145 0.07157421112060547 -0.0021842566784471273 0.02016860619187355 -0.031003978103399277 0.02792227268218994 -0.03600998595356941 0.014754492789506912 0.039883892983198166 -0.19968090951442719 0.0396672859787941 0.030694173648953438 0.06206964701414108 0.07443487644195557 0.02591090276837349 -0.046092234551906586 0.019763177260756493 0.009436390362679958 -0.027513574808835983 0.0057790582068264484 0.10381271690130234 -0.09044497460126877 0.024559522047638893 -0.00452289218083024 0.0002012143231695518 0.01919216848909855 3.5706671042134985e-05 -0.09007718414068222 0.0304411631077528 0.012732235714793205 0.01456519030034542 0.045470740646123886 -0.005300415679812431 0.017118817195296288 -0.05152658373117447 0.035653434693813324 0.05730929225683212 0.03879460319876671 -0.02167917601764202 0.0027721477672457695 -0.04844170808792114 0.03766048327088356 0.01162661425769329 -0.02458319440484047 0.07726377993822098 0.09419021755456924 0.05883141607046127 0.03957594186067581 -0.016815626993775368 0.027067847549915314 0.04625523090362549 0.004505201708525419 -0.0073854876682162285 0.03759879246354103 0.015189824625849724 -0.006960743572562933 0.08812424540519714 0.005579954944550991 0.3193987636036383 0.28745709444981415 0.5667928784001518 0.6508249702541478 0.770419893871055 0.8649252354786248 0.9431703075235583 0.987601270888564 0.9964515332058049 -1.1588697 -1.3456907 -1.1052201 -1.1118557 -1.1114044 -1.4093587 -1.4847264 -1.4795835 -1.5801096 -0.9773921 -0.819027 -0.83825326 -0.8155839 -0.7074054 -1.0732068 -1.2751075 -1.3859645 -1.4776417
2 400 0.028026489540934563 0.027568969875574112 0.04647642746567726 -0.09064526110887527 -0.02027338743209839 -0.01838883012533188 -0.09313319623470306 0.06686429679393768 -0.03971929848194122 -0.063733771443367 0.03384048491716385 0.009267115034162998 0.0598437525331974 -0.00250683119520545 -0.030063509941101074 -0.009474750608205795 -0.009302494116127491 0.04669630527496338 -0.00581379933282733 0.06597801297903061 0.09500075876712799 0.03561556339263916 0.12435013800859451 -0.006884727161377668 0.03564312681555748 0.053616877645254135 -0.03173363208770752 0.03302925452589989 -0.04591458663344383 -0.006070202682167292 -0.13420796394348145 -0.008357346057891846 -0.042539503425359726 0.04616978392004967 -0.02410096675157547 0.044794730842113495 0.05428950488567352 -0.007854958064854145 0.07157421112060547 -0.0021842566784471273 0.02016860619187355 -0.031003978103399277 0.02792227268218994 -0.03600998595356941 0.014754492789506912 0.039883892983198166 -0.19968090951442719 0.0396672859787941 0.030694173648953438 0.06206964701414108 0.07443487644195557 0.02591090276837349 -0.046092234551906586 0.019763177260756493 0.009436390362679958 -0.027513574808835983 0.0057790582068264484 0.10381271690130234 -0.09044497460126877 0.024559522047638893 -0.00452289218083024 0.0002012143231695518 0.01919216848909855 3.5706671042134985e-05 -0.09007718414068222 0.0304411631077528 0.012732235714793205 0.01456519030034542 0.045470740646123886 -0.005300415679812431 0.017118817195296288 -0.05152658373117447 0.035653434693813324 0.05730929225683212 0.03879460319876671 -0.02167917601764202 0.0027721477672457695 -0.04844170808792114 0.03766048327088356 0.01162661425769329 -0.02458319440484047 0.07726377993822098 0.09419021755456924 0.05883141607046127 0.03957594186067581 -0.016815626993775368 0.027067847549915314 0.04625523090362549 0.004505201708525419 -0.0073854876682162285 0.03759879246354103 0.015189824625849724 -0.006960743572562933 0.08812424540519714 0.005579954944550991 0.06254942522825306 0.21151791430413558 0.24158687456991695 0.3832753466544607 0.7864479562917382 0.7390643170623953 0.7409309553717288 0.9611452014790515 0.983579124307511 -1.1683989 -1.3823512 -1.2016059 -1.3025496 -1.1802545 -1.4612458 -1.525316 -1.535361 -1.7240684 -1.0331094 -0.8486628 -0.9747576 -0.95726615 -0.82803816 -1.0364264 -1.1890824 -1.2953124 -1.4648793
0 400 0.02242119237780571 0.02205517701804638 0.03718114271759987 -0.07251621037721634 -0.01621871069073677 -0.014711064286530018 -0.07450655847787857 0.053491439670324326 -0.03177544102072716 -0.050987016409635544 0.02707238867878914 0.007413692306727171 0.04787500202655792 -0.0020054650958627462 -0.02405080758035183 -0.007579800672829151 -0.007441995199769735 0.03735704347491264 -0.004651039373129606 0.052782412618398666 0.07600060850381851 0.028492450714111328 0.09948011487722397 -0.005507781635969877 0.028514502570033073 0.04289350286126137 -0.025386905297636986 0.02642340399324894 -0.036731671541929245 -0.004856162238866091 -0.10736637562513351 -0.006685876753181219 -0.03403160348534584 0.03693582862615585 -0.019280774518847466 0.035835783928632736 0.043431606143713 -0.006283966358751059 0.057259369641542435 -0.0017474053893238306 0.01613488607108593 -0.02480318211019039 0.022337818518280983 -0.0288079883903265 0.011803594417870045 0.03190711513161659 -0.1597447246313095 0.03173382952809334 0.02455533854663372 0.049655716866254807 0.05954790115356445 0.02072872221469879 -0.03687378764152527 0.015810541808605194 0.007549112197011709 -0.022010860964655876 0.004623246844857931 0.08305017650127411 -0.0723559781908989 0.019647618755698204 -0.0036183136980980635 0.00016097146726679057 0.015353734605014324 2.8565336833707988e-05 -0.07206174731254578 0.02435293048620224 0.01018578838557005 0.011652152054011822 0.03637659177184105 -0.0042403326369822025 0.01369505375623703 -0.041221268475055695 0.02852274850010872 0.04584743455052376 0.031035682186484337 -0.017343340441584587 0.002217718167230487 -0.03875336796045303 0.030128387734293938 0.009301291778683662 -0.019666556268930435 0.06181102618575096 0.07535217702388763 0.0470651350915432 0.03166075423359871 -0.013452501967549324 0.02165427803993225 0.03700418397784233 0.0036041613202542067 -0.005908390041440725 0.030079035088419914 0.012151859700679779 -0.005568595137447119 0.07049939781427383 0.004463964141905308 0.20316859979316476 0.49132555215501333 0.5646983618236375 0.7399940764186106 0.8562376289366929 0.9204526070049756 0.9655055818310153 0.9925243210658593 0.9988948308564818 -1.1753417 -1.1865193 -1.1438358 -1.2081172 -1.1887615 -1.4254634 -1.4880776 -1.5270061 -1.6232879 -1.006646 -0.82696074 -0.87788606 -0.8775037 -0.7967319 -1.0409691 -1.3070192 -1.4355887 -1.6252717
1 400 0.02242119237780571 0.02205517701804638 0.03718114271759987 -0.07251621037721634 -0.01621871069073677 -0.014711064286530018 -0.07450655847787857 0.053491439670324326 -0.03177544102072716 -0.050987016409635544 0.02707238867878914 0.007413692306727171 0.04787500202655792 -0.0020054650958627462 -0.02405080758035183 -0.007579800672829151 -0.007441995199769735 0.03735704347491264 -0.004651039373129606 0.052782412618398666 0.07600060850381851 0.028492450714111328 0.09948011487722397 -0.005507781635969877 0.028514502570033073 0.04289350286126137 -0.025386905297636986 0.02642340399324894 -0.036731671541929245 -0.004856162238866091 -0.10736637562513351 -0.006685876753181219 -0.03403160348534584 0.03693582862615585 -0.019280774518847466 0.035835783928632736 0.043431606143713 -0.006283966358751059 0.057259369641542435 -0.0017474053893238306 0.01613488607108593 -0.02480318211019039 0.022337818518280983 -0.0288079883903265 0.011803594417870045 0.03190711513161659 -0.1597447246313095 0.03173382952809334 0.02455533854663372 0.049655716866254807 0.05954790115356445 0.02072872221469879 -0.03687378764152527 0.015810541808605194 0.007549112197011709 -0.022010860964655876 0.004623246844857931 0.08305017650127411 -0.0723559781908989 0.019647618755698204 -0.0036183136980980635 0.00016097146726679057 0.015353734605014324 2.8565336833707988e-05 -0.07206174731254578 0.02435293048620224 0.01018578838557005 0.011652152054011822 0.03637659177184105 -0.0042403326369822025 0.01369505375623703 -0.041221268475055695 0.02852274850010872 0.04584743455052376 0.031035682186484337 -0.017343340441584587 0.002217718167230487 -0.03875336796045303 0.030128387734293938 0.009301291778683662 -0.019666556268930435 0.06181102618575096 0.07535217702388763 0.0470651350915432 0.03166075423359871 -0.013452501967549324 0.02165427803993225 0.03700418397784233 0.0036041613202542067 -0.005908390041440725 0.030079035088419914 0.012151859700679779 -0.005568595137447119 0.07049939781427383 0.004463964141905308 0.1606056899919121 0.2363849009577347 0.46118703511821074 0.60802552188427 0.640886847320043 0.8938123318874999 0.9504063388686482 0.9869688674034259 0.9968180411411778 -1.1117606 -1.1428552 -0.9953098 -0.98349285 -1.021533 -1.2674117 -1.3778605 -1.4060707 -1.4925318 -0.96247303 -0.76504576 -0.745578 -0.7200091 -0.65269107 -1.0133961 -1.268268 -1.3917799 -1.4564493
2 400 0.02242119237780571 0.02205517701804638 0.03718114271759987 -0.07251621037721634 -0.01621871069073677 -0.014711064286530018 -0.07450655847787857 0.053491439670324326 -0.03177544102072716 -0.050987016409635544 0.02707238867878914 0.007413692306727171 0.04787500202655792 -0.0020054650958627462 -0.02405080758035183 -0.007579800672829151 -0.007441995199769735 0.03735704347491264 -0.004651039373129606 0.052782412618398666 0.07600060850381851 0.028492450714111328 0.09948011487722397 -0.005507781635969877 0.028514502570033073 0.04289350286126137 -0.025386905297636986 0.02642340399324894 -0.036731671541929245 -0.004856162238866091 -0.10736637562513351 -0.006685876753181219 -0.03403160348534584 0.03693582862615585 -0.019280774518847466 0.035835783928632736 0.043431606143713 -0.006283966358751059 0.057259369641542435 -0.0017474053893238306 0.01613488607108593 -0.02480318211019039 0.022337818518280983 -0.0288079883903265 0.011803594417870045 0.03190711513161659 -0.1597447246313095 0.03173382952809334 0.02455533854663372 0.049655716866254807 0.05954790115356445 0.02072872221469879 -0.03687378764152527 0.015810541808605194 0.007549112197011709 -0.022010860964655876 0.004623246844857931 0.08305017650127411 -0.0723559781908989 0.019647618755698204 -0.0036183136980980635 0.00016097146726679057 0.015353734605014324 2.8565336833707988e-05 -0.07206174731254578 0.02435293048620224 0.01018578838557005 0.011652152054011822 0.03637659177184105 -0.0042403326369822025 0.01369505375623703 -0.041221268475055695 0.02852274850010872 0.04584743455052376 0.031035682186484337 -0.017343340441584587 0.002217718167230487 -0.03875336796045303 0.030128387734293938 0.009301291778683662 -0.019666556268930435 0.06181102618575096 0.07535217702388763 0.0470651350915432 0.03166075423359871 -0.013452501967549324 0.02165427803993225 0.03700418397784233 0.0036041613202542067 -0.005908390041440725 0.030079035088419914 0.012151859700679779 -0.005568595137447119 0.07049939781427383 0.004463964141905308 0.0636843380679627 0.12000119935280726 0.10844093303531216 0.23856274373910613 0.6095618114677966 0.6433153770756594 0.734675575086319 0.955151511356084 0.9895262837903958 -1.1138811 -1.2112262 -1.0804071 -1.1825335 -1.0454146 -1.2763386 -1.3472996 -1.3513207 -1.5718191 -0.96266043 -0.7358497 -0.88487303 -0.8175071 -0.71272755 -0.8935123 -1.076684 -1.1751617 -1.3825902
0 400 0.016815895214676857 0.016541382297873497 0.027885857969522476 -0.054387159645557404 -0.012164033018052578 -0.011033298447728157 -0.05587992072105408 0.04011857882142067 -0.023831579834222794 -0.03824026510119438 0.02030429244041443 0.005560269113630056 0.03590625151991844 -0.0015040987636893988 -0.018038107082247734 -0.005684850737452507 -0.005581496749073267 0.028017783537507057 -0.0034882796462625265 0.039586808532476425 0.05700045824050903 0.021369338035583496 0.07461008429527283 -0.004130836576223373 0.021385876461863518 0.0321701280772686 -0.0190401803702116 0.019817553460597992 -0.02754875272512436 -0.00364212179556489 -0.08052477985620499 -0.00501440791413188 -0.025523703545331955 0.02770187146961689 -0.014460580423474312 0.026876838877797127 0.03257370367646217 -0.004712975118309259 0.0429445281624794 -0.0013105541002005339 0.01210116408765316 -0.018602387979626656 0.016753364354372025 -0.021605992689728737 0.008852696046233177 0.02393033728003502 -0.11980854719877243 0.023800373077392578 0.018416505306959152 0.03724179044365883 0.04466092586517334 0.015546542592346668 -0.0276553425937891 0.01185790728777647 0.005661834497004747 -0.01650814525783062 0.0034674350172281265 0.06228763237595558 -0.05426698550581932 0.014735713601112366 -0.0027137354481965303 0.00012072859681211412 0.011515301652252674 2.142400262528099e-05 -0.05404631420969963 0.01826469786465168 0.007639341522008181 0.008739114739000797 0.02728244476020336 -0.0031802495941519737 0.010271290317177773 -0.03091595135629177 0.021392062306404114 0.03438557684421539 0.023276763036847115 -0.013007505796849728 0.001663288683630526 -0.029065025970339775 0.022596290335059166 0.006975968834012747 -0.014749917201697826 0.046358268707990646 0.056514132767915726 0.035298850387334824 0.023745566606521606 -0.01008937694132328 0.016240708529949188 0.027753138914704323 0.0027031211648136377 -0.0044312928803265095 0.02255927585065365 0.009113894775509834 -0.004176446236670017 0.052874550223350525 0.003347973106428981 0.12067082361045563 0.4446029757407896 0.4906482369118775 0.6651069870101841 0.7791258266901796 0.8848056728302931 0.9520809179480902 0.9913490076817701 0.9984614485775072 -1.0489697 -1.0065536 -0.9767304 -1.0287869 -1.000701 -1.2459276 -1.3090395 -1.3425399 -1.4380198 -0.9053324 -0.7095029 -0.73413396 -0.7265833 -0.6506171 -0.93434846 -1.1583549 -1.3224062 -1.5088634
1 400 0.016815895214676857 0.016541382297873497 0.027885857969522476 -0.054387159645557404 -0.012164033018052578 -0.011033298447728157 -0.05587992072105408 0.04011857882142067 -0.023831579834222794 -0.03824026510119438 0.02030429244041443 0.005560269113630056 0.03590625151991844 -0.0015040987636893988 -0.018038107082247734 -0.005684850737452507 -0.005581496749073267 0.028017783537507057 -0.0034882796462625265 0.039586808532476425 0.05700045824050903 0.021369338035583496 0.07461008429527283 -0.004130836576223373 0.021385876461863518 0.0321701280772686 -0.0190401803702116 0.019817553460597992 -0.02754875272512436 -0.00364212179556489 -0.08052477985620499 -0.00501440791413188 -0.025523703545331955 0.02770187146961689 -0.014460580423474312 0.026876838877797127 0.03257370367646217 -0.004712975118309259 0.0429445281624794 -0.0013105541002005339 0.01210116408765316 -0.018602387979626656 0.016753364354372025 -0.021605992689728737 0.008852696046233177 0.02393033728003502 -0.11980854719877243 0.023800373077392578 0.018416505306959152 0.03724179044365883 0.04466092586517334 0.015546542592346668 -0.0276553425937891 0.01185790728777647 0.005661834497004747 -0.01650814525783062 0.0034674350172281265 0.06228763237595558 -0.05426698550581932 0.014735713601112366 -0.0027137354481965303 0.00012072859681211412 0.011515301652252674 2.142400262528099e-05 -0.05404631420969963 0.01826469786465168 0.007639341522008181 0.008739114739000797 0.02728244476020336 -0.0031802495941519737 0.010271290317177773 -0.03091595135629177 0.021392062306404114 0.03438557684421539 0.023276763036847115 -0.013007505796849728 0.001663288683630526 -0.029065025970339775 0.022596290335059166 0.006975968834012747 -0.014749917201697826 0.046358268707990646 0.056514132767915726 0.035298850387334824 0.023745566606521606 -0.01008937694132328 0.016240708529949188 0.027753138914704323 0.0027031211648136377 -0.0044312928803265095 0.02255927585065365 0.009113894775509834 -0.004176446236670017 0.052874550223350525 0.003347973106428981 0.08305145276441496 0.18508778897461559 0.2636958169206006 0.5448963724503395 0.5211459135722143 0.8109376814475078 0.9437885540889633 0.9800467819617905 0.9952706367451557 -1.0601306 -1.0045174 -0.9584063 -0.85676146 -0.9352834 -1.1074775 -1.2452786 -1.2875396 -1.367127 -0.9748228 -0.7742132 -0.6753202 -0.5958252 -0.57752 -0.8663423 -1.1779855 -1.2918721 -1.3701999
2 400 0.016815895214676857 0.016541382297873497 0.027885857969522476 -0.054387159645557404 -0.012164033018052578 -0.011033298447728157 -0.05587992072105408 0.04011857882142067 -0.023831579834222794 -0.03824026510119438 0.02030429244041443 0.005560269113630056 0.03590625151991844 -0.0015040987636893988 -0.018038107082247734 -0.005684850737452507 -0.005581496749073267 0.028017783537507057 -0.0034882796462625265 0.039586808532476425 0.05700045824050903 0.021369338035583496 0.07461008429527283 -0.004130836576223373 0.021385876461863518 0.0321701280772686 -0.0190401803702116 0.019817553460597992 -0.02754875272512436 -0.00364212179556489 -0.08052477985620499 -0.00501440791413188 -0.025523703545331955 0.02770187146961689 -0.014460580423474312 0.026876838877797127 0.03257370367646217 -0.004712975118309259 0.0429445281624794 -0.0013105541002005339 0.01210116408765316 -0.018602387979626656 0.016753364354372025 -0.021605992689728737 0.008852696046233177 0.02393033728003502 -0.11980854719877243 0.023800373077392578 0.018416505306959152 0.03724179044365883 0.04466092586517334 0.015546542592346668 -0.0276553425937891 0.01185790728777647 0.005661834497004747 -0.01650814525783062 0.0034674350172281265 0.06228763237595558 -0.05426698550581932 0.014735713601112366 -0.0027137354481965303 0.00012072859681211412 0.011515301652252674 2.142400262528099e-05 -0.05404631420969963 0.01826469786465168 0.007639341522008181 0.008739114739000797 0.02728244476020336 -0.0031802495941519737 0.010271290317177773 -0.03091595135629177 0.021392062306404114 0.03438557684421539 0.023276763036847115 -0.013007505796849728 0.001663288683630526 -0.029065025970339775 0.022596290335059166 0.006975968834012747 -0.014749917201697826 0.046358268707990646 0.056514132767915726 0.035298850387334824 0.023745566606521606 -0.01008937694132328 0.016240708529949188 0.027753138914704323 0.0027031211648136377 -0.0044312928803265095 0.02255927585065365 0.009113894775509834 -0.004176446236670017 0.052874550223350525 0.003347973106428981 0.05772457995956655 0.0784588256825872 0.08980317529919375 0.21601266028790536 0.47884271396690037 0.600301732089899 0.7325081600017883 0.9398942902843257 0.9821190517873714 -1.1063364 -1.0887113 -0.980979 -1.0571787 -0.95031357 -1.1095482 -1.1911544 -1.2212467 -1.3585222 -0.9491816 -0.76509154 -0.8882013 -0.6992726 -0.624912 -0.7794018 -0.96889615 -1.0888014 -1.2927957
0 400 0.011210596188902855 0.01102758850902319 0.018590571358799934 -0.03625810518860817 -0.008109355345368385 -0.007355532143265009 -0.037253279238939285 0.026745719835162163 -0.01588772051036358 -0.025493508204817772 0.01353619433939457 0.0037068461533635855 0.02393750101327896 -0.0010027325479313731 -0.012025403790175915 -0.0037899003364145756 -0.0037209975998848677 0.01867852173745632 -0.002325519686564803 0.026391206309199333 0.038000304251909256 0.014246225357055664 0.049740057438611984 -0.0027538908179849386 0.014257251285016537 0.021446751430630684 -0.012693452648818493 0.01321170199662447 -0.018365835770964622 -0.0024280811194330454 -0.05368318781256676 -0.0033429383765906096 -0.01701580174267292 0.018467914313077927 -0.009640387259423733 0.017917891964316368 0.0217158030718565 -0.0031419831793755293 0.028629684820771217 -0.0008737026946619153 0.008067443035542965 -0.012401591055095196 0.011168909259140491 -0.01440399419516325 0.005901797208935022 0.015953557565808296 -0.07987236231565475 0.01586691476404667 0.01227766927331686 0.024827858433127403 0.029773950576782227 0.010364361107349396 -0.018436893820762634 0.007905270904302597 0.0037745560985058546 -0.011005430482327938 0.0023116234224289656 0.041525088250637054 -0.03617798909544945 0.009823809377849102 -0.0018091568490490317 8.048573363339528e-05 0.007676867302507162 1.4282668416853994e-05 -0.03603087365627289 0.01217646524310112 0.005092894192785025 0.005826076027005911 0.018188295885920525 -0.0021201663184911013 0.006847526878118515 -0.020610634237527847 0.01426137425005436 0.02292371727526188 0.015517841093242168 -0.008671670220792294 0.0011088590836152434 -0.019376683980226517 0.015064193867146969 0.004650645889341831 -0.009833278134465218 0.03090551309287548 0.03767608851194382 0.0235325675457716 0.015830377116799355 -0.006726250983774662 0.010827139019966125 0.018502091988921165 0.0018020806601271033 -0.0029541950207203627 0.015039517544209957 0.0060759298503398895 -0.0027842975687235594 0.03524969890713692 0.002231982070952654 0.06319412448731945 0.21464105114294216 0.38541532037991255 0.6260303088502053 0.7127752733509175 0.8478596002603431 0.9347154160880339 0.9853847700923495 0.9972461829572445 -1.0158579 -0.9759585 -0.9153501 -0.89832824 -0.87474185 -1.0641031 -1.1486838 -1.1851183 -1.2935905 -0.9066487 -0.8171238 -0.7700123 -0.6242717 -0.56321675 -0.82900596 -1.0279164 -1.198832 -1.4096885
1 400 0.011210596188902855 0.01102758850902319 0.018590571358799934 -0.03625810518860817 -0.008109355345368385 -0.007355532143265009 -0.037253279238939285 0.026745719835162163 -0.01588772051036358 -0.025493508204817772 0.01353619433939457 0.0037068461533635855 0.02393750101327896 -0.0010027325479313731 -0.012025403790175915 -0.0037899003364145756 -0.0037209975998848677 0.01867852173745632 -0.002325519686564803 0.026391206309199333 0.038000304251909256 0.014246225357055664 0.049740057438611984 -0.0027538908179849386 0.014257251285016537 0.021446751430630684 -0.012693452648818493 0.01321170199662447 -0.018365835770964622 -0.0024280811194330454 -0.05368318781256676 -0.0033429383765906096 -0.01701580174267292 0.018467914313077927 -0.009640387259423733 0.017917891964316368 0.0217158030718565 -0.0031419831793755293 0.028629684820771217 -0.0008737026946619153 0.008067443035542965 -0.012401591055095196 0.011168909259140491 -0.01440399419516325 0.005901797208935022 0.015953557565808296 -0.07987236231565475 0.01586691476404667 0.01227766927331686 0.024827858433127403 0.029773950576782227 0.010364361107349396 -0.018436893820762634 0.007905270904302597 0.0037745560985058546 -0.011005430482327938 0.0023116234224289656 0.041525088250637054 -0.03617798909544945 0.009823809377849102 -0.0018091568490490317 8.048573363339528e-05 0.007676867302507162 1.4282668416853994e-05 -0.03603087365627289 0.01217646524310112 0.005092894192785025 0.005826076027005911 0.018188295885920525 -0.0021201663184911013 0.006847526878118515 -0.020610634237527847 0.01426137425005436 0.02292371727526188 0.015517841093242168 -0.008671670220792294 0.0011088590836152434 -0.019376683980226517 0.015064193867146969 0.004650645889341831 -0.009833278134465218 0.03090551309287548 0.03767608851194382 0.0235325675457716 0.015830377116799355 -0.006726250983774662 0.010827139019966125 0.018502091988921165 0.0018020806601271033 -0.0029541950207203627 0.015039517544209957 0.0060759298503398895 -0.0027842975687235594 0.03524969890713692 0.002231982070952654 0.05516632401313626 0.10927486143367815 0.1837205274543288 0.4864855773976207 0.5002579081521369 0.732155329180579 0.9116486826056192 0.9707324948327346 0.9909180659496077 -1.0642608 -0.953482 -0.9076152 -0.7926612 -0.8516575 -0.9776058 -1.1125369 -1.1708043 -1.2390412 -1.0093981 -0.8197238 -0.6775464 -0.51929355 -0.52243215 -0.7426082 -1.0329031 -1.1791683 -1.2702625
2 400 0.011210596188902855 0.01102758850902319 0.018590571358799934 -0.03625810518860817 -0.008109355345368385 -0.007355532143265009 -0.037253279238939285 0.026745719835162163 -0.01588772051036358 -0.025493508204817772 0.01353619433939457 0.0037068461533635855 0.02393750101327896 -0.0010027325479313731 -0.012025403790175915 -0.0037899003364145756 -0.0037209975998848677 0.01867852173745632 -0.002325519686564803 0.026391206309199333 0.038000304251909256 0.014246225357055664 0.049740057438611984 -0.0027538908179849386 0.014257251285016537 0.021446751430630684 -0.012693452648818493 0.01321170199662447 -0.018365835770964622 -0.0024280811194330454 -0.05368318781256676 -0.0033429383765906096 -0.01701580174267292 0.018467914313077927 -0.009640387259423733 0.017917891964316368 0.0217158030718565 -0.0031419831793755293 0.028629684820771217 -0.0008737026946619153 0.008067443035542965 -0.012401591055095196 0.011168909259140491 -0.01440399419516325 0.005901797208935022 0.015953557565808296 -0.07987236231565475 0.01586691476404667 0.01227766927331686 0.024827858433127403 0.029773950576782227 0.010364361107349396 -0.018436893820762634 0.007905270904302597 0.0037745560985058546 -0.011005430482327938 0.0023116234224289656 0.041525088250637054 -0.03617798909544945 0.009823809377849102 -0.0018091568490490317 8.048573363339528e-05 0.007676867302507162 1.4282668416853994e-05 -0.03603087365627289 0.01217646524310112 0.005092894192785025 0.005826076027005911 0.018188295885920525 -0.0021201663184911013 0.006847526878118515 -0.020610634237527847 0.01426137425005436 0.02292371727526188 0.015517841093242168 -0.008671670220792294 0.0011088590836152434 -0.019376683980226517 0.015064193867146969 0.004650645889341831 -0.009833278134465218 0.03090551309287548 0.03767608851194382 0.0235325675457716 0.015830377116799355 -0.006726250983774662 0.010827139019966125 0.018502091988921165 0.0018020806601271033 -0.0029541950207203627 0.015039517544209957 0.0060759298503398895 -0.0027842975687235594 0.03524969890713692 0.002231982070952654 0.028170267292147243 0.05897561190706949 0.09703597631475838 0.2356397689751548 0.4315527157864411 0.588198094097231 0.7457439480204002 0.9203794334271299 0.9768459198294943 -1.0721459 -1.061935 -0.93556875 -0.943485 -0.8526685 -0.9462893 -1.0508211 -1.1043742 -1.2415297 -1.0211326 -0.88537616 -0.8223771 -0.61924726 -0.55703527 -0.6450469 -0.8919851 -1.0005325 -1.2297258
0 400 0.0056052980944514275 0.005513794254511595 0.009295285679399967 -0.018129052594304085 -0.004054677672684193 -0.0036777660716325045 -0.018626639619469643 0.013372859917581081 -0.00794386025518179 -0.012746754102408886 0.006768097169697285 0.0018534230766817927 0.01196875050663948 -0.0005013662739656866 -0.006012701895087957 -0.0018949501682072878 -0.0018604987999424338 0.00933926086872816 -0.0011627598432824016 0.013195603154599667 0.019000152125954628 0.007123112678527832 0.024870028719305992 -0.0013769454089924693 0.007128625642508268 0.010723375715315342 -0.0063467263244092464 0.006605850998312235 -0.009182917885482311 -0.0012140405597165227 -0.02684159390628338 -0.0016714691882953048 -0.00850790087133646 0.009233957156538963 -0.004820193629711866 0.008958945982158184 0.01085790153592825 -0.0015709915896877646 0.014314842410385609 -0.00043685134733095765 0.0040337215177714825 -0.006200795527547598 0.005584454629570246 -0.007201997097581625 0.002950898604467511 0.007976778782904148 -0.03993618115782738 0.007933457382023335 0.00613883463665843 0.012413929216563702 0.014886975288391113 0.005182180553674698 -0.009218446910381317 0.0039526354521512985 0.0018872780492529273 -0.005502715241163969 0.0011558117112144828 0.020762544125318527 -0.018088994547724724 0.004911904688924551 -0.0009045784245245159 4.024286681669764e-05 0.003838433651253581 7.141334208426997e-06 -0.018015436828136444 0.00608823262155056 0.0025464470963925123 0.0029130380135029554 0.009094147942960262 -0.0010600831592455506 0.0034237634390592575 -0.010305317118763924 0.00713068712502718 0.01146185863763094 0.007758920546621084 -0.004335835110396147 0.0005544295418076217 -0.009688341990113258 0.007532096933573484 0.0023253229446709156 -0.004916639067232609 0.01545275654643774 0.01883804425597191 0.0117662837728858 0.007915188558399677 -0.003363125491887331 0.005413569509983063 0.009251045994460583 0.0009010403300635517 -0.0014770975103601813 0.0075197587721049786 0.0030379649251699448 -0.0013921487843617797 0.01762484945356846 0.001115991035476327 0.03329792185853782 0.12699346978722173 0.3160321892451055 0.5731793377402354 0.6451254625400036 0.8124000568193332 0.9190931200825897 0.9759202294808162 0.9944711760640754 -1.0169971 -0.9346274 -0.8541099 -0.77115476 -0.7505613 -0.8694234 -0.9841598 -1.0414648 -1.1594067 -1.0027741 -0.8726349 -0.70423084 -0.4363504 -0.42594686 -0.6404203 -0.88433677 -1.0848039 -1.2985731
1 400 0.0056052980944514275 0.005513794254511595 0.009295285679399967 -0.018129052594304085 -0.004054677672684193 -0.0036777660716325045 -0.018626639619469643 0.013372859917581081 -0.00794386025518179 -0.012746754102408886 0.006768097169697285 0.0018534230766817927 0.01196875050663948 -0.0005013662739656866 -0.006012701895087957 -0.0018949501682072878 -0.0018604987999424338 0.00933926086872816 -0.0011627598432824016 0.013195603154599667 0.019000152125954628 0.007123112678527832 0.024870028719305992 -0.0013769454089924693 0.007128625642508268 0.010723375715315342 -0.0063467263244092464 0.006605850998312235 -0.009182917885482311 -0.0012140405597165227 -0.02684159390628338 -0.0016714691882953048 -0.00850790087133646 0.009233957156538963 -0.004820193629711866 0.008958945982158184 0.01085790153592825 -0.0015709915896877646 0.014314842410385609 -0.00043685134733095765 0.0040337215177714825 -0.006200795527547598 0.005584454629570246 -0.007201997097581625 0.002950898604467511 0.007976778782904148 -0.03993618115782738 0.007933457382023335 0.00613883463665843 0.012413929216563702 0.014886975288391113 0.005182180553674698 -0.009218446910381317 0.0039526354521512985 0.0018872780492529273 -0.005502715241163969 0.0011558117112144828 0.020762544125318527 -0.018088994547724724 0.004911904688924551 -0.0009045784245245159 4.024286681669764e-05 0.003838433651253581 7.141334208426997e-06 -0.018015436828136444 0.00608823262155056 0.0025464470963925123 0.0029130380135029554 0.009094147942960262 -0.0010600831592455506 0.0034237634390592575 -0.010305317118763924 0.00713068712502718 0.01146185863763094 0.007758920546621084 -0.004335835110396147 0.0005544295418076217 -0.009688341990113258 0.007532096933573484 0.0023253229446709156 -0.004916639067232609 0.01545275654643774 0.01883804425597191 0.0117662837728858 0.007915188558399677 -0.003363125491887331 0.005413569509983063 0.009251045994460583 0.0009010403300635517 -0.0014770975103601813 0.0075197587721049786 0.0030379649251699448 -0.0013921487843617797 0.01762484945356846 0.001115991035476327 0.041770221556142476 0.07197443236125814 0.16627393869891707 0.4467801353409216 0.48491678770884 0.6565872796061106 0.8639551550377098 0.9558411469524494 0.985011898951781 -1.0739889 -0.9718673 -0.8664911 -0.74697065 -0.7599386 -0.844409 -0.9794043 -1.0385485 -1.1195433 -1.0598596 -0.88161236 -0.73369664 -0.47094643 -0.43453678 -0.60303247 -0.88681245 -1.0366141 -1.1809548
2 400 0.0056052980944514275 0.005513794254511595 0.009295285679399967 -0.018129052594304085 -0.004054677672684193 -0.0036777660716325045 -0.018626639619469643 0.013372859917581081 -0.00794386025518179 -0.012746754102408886 0.006768097169697285 0.0018534230766817927 0.01196875050663948 -0.0005013662739656866 -0.006012701895087957 -0.0018949501682072878 -0.0018604987999424338 0.00933926086872816 -0.0011627598432824016 0.013195603154599667 0.019000152125954628 0.007123112678527832 0.024870028719305992 -0.0013769454089924693 0.007128625642508268 0.010723375715315342 -0.0063467263244092464 0.006605850998312235 -0.009182917885482311 -0.0012140405597165227 -0.02684159390628338 -0.0016714691882953048 -0.00850790087133646 0.009233957156538963 -0.004820193629711866 0.008958945982158184 0.01085790153592825 -0.0015709915896877646 0.014314842410385609 -0.00043685134733095765 0.0040337215177714825 -0.006200795527547598 0.005584454629570246 -0.007201997097581625 0.002950898604467511 0.007976778782904148 -0.03993618115782738 0.007933457382023335 0.00613883463665843 0.012413929216563702 0.014886975288391113 0.005182180553674698 -0.009218446910381317 0.0039526354521512985 0.0018872780492529273 -0.005502715241163969 0.0011558117112144828 0.020762544125318527 -0.018088994547724724 0.004911904688924551 -0.0009045784245245159 4.024286681669764e-05 0.003838433651253581 7.141334208426997e-06 -0.018015436828136444 0.00608823262155056 0.0025464470963925123 0.0029130380135029554 0.009094147942960262 -0.0010600831592455506 0.0034237634390592575 -0.010305317118763924 0.00713068712502718 0.01146185863763094 0.007758920546621084 -0.004335835110396147 0.0005544295418076217 -0.009688341990113258 0.007532096933573484 0.0023253229446709156 -0.004916639067232609 0.01545275654643774 0.01883804425597191 0.0117662837728858 0.007915188558399677 -0.003363125491887331 0.005413569509983063 0.009251045994460583 0.0009010403300635517 -0.0014770975103601813 0.0075197587721049786 0.0030379649251699448 -0.0013921487843617797 0.01762484945356846 0.001115991035476327 0.01833815634736138 0.058101293162918184 0.12233651525222188 0.23810965761586284 0.41016535927377634 0.5505460170081975 0.7602732199256721 0.9043146050439833 0.9693319505975964 -1.0720711 -1.0108964 -0.8882745 -0.8009031 -0.7721063 -0.8117039 -0.92192256 -0.99501455 -1.1350464 -1.1119639 -0.9504818 -0.746733 -0.5033533 -0.5211476 -0.5424924 -0.8192559 -0.9222403 -1.1688707
0 400 -0.0 -0.0 -0.0 0.0 0.0 0.0 0.0 -0.0 0.0 0.0 -0.0 -0.0 -0.0 0.0 0.0 0.0 0.0 -0.0 0.0 -0.0 -0.0 -0.0 -0.0 0.0 -0.0 -0.0 0.0 -0.0 0.0 0.0 0.0 0.0 0.0 -0.0 0.0 -0.0 -0.0 0.0 -0.0 0.0 -0.0 0.0 -0.0 0.0 -0.0 -0.0 0.0 -0.0 -0.0 -0.0 -0.0 -0.0 0.0 -0.0 -0.0 0.0 -0.0 -0.0 0.0 -0.0 0.0 -0.0 -0.0 -0.0 0.0 -0.0 -0.0 -0.0 -0.0 0.0 -0.0 0.0 -0.0 -0.0 -0.0 0.0 -0.0 0.0 -0.0 -0.0 0.0 -0.0 -0.0 -0.0 -0.0 0.0 -0.0 -0.0 -0.0 0.0 -0.0 -0.0 0.0 -0.0 -0.0 0.023467574392749744 0.08551024796826964 0.3044732399470136 0.5415589233184129 0.6869709972743854 0.7882930799006295 0.9085791072847277 0.9562714909126238 0.9870767045253922 -1.0043454 -0.86844975 -0.7680317 -0.5234976 -0.38055664 -0.48190853 -0.67947626 -0.89279073 -1.035468 -1.0758473 -0.86466604 -0.62458247 -0.15138389 -0.060534433 -0.18520097 -0.57685727 -0.9061218 -1.1693376
1 400 -0.0 -0.0 -0.0 0.0 0.0 0.0 0.0 -0.0 0.0 0.0 -0.0 -0.0 -0.0 0.0 0.0 0.0 0.0 -0.0 0.0 -0.0 -0.0 -0.0 -0.0 0.0 -0.0 -0.0 0.0 -0.0 0.0 0.0 0.0 0.0 0.0 -0.0 0.0 -0.0 -0.0 0.0 -0.0 0.0 -0.0 0.0 -0.0 0.0 -0.0 -0.0 0.0 -0.0 -0.0 -0.0 -0.0 -0.0 0.0 -0.0 -0.0 0.0 -0.0 -0.0 0.0 -0.0 0.0 -0.0 -0.0 -0.0 0.0 -0.0 -0.0 -0.0 -0.0 0.0 -0.0 0.0 -0.0 -0.0 -0.0 0.0 -0.0 0.0 -0.0 -0.0 0.0 -0.0 -0.0 -0.0 -0.0 0.0 -0.0 -0.0 -0.0 0.0 -0.0 -0.0 0.0 -0.0 -0.0 0.030609650416713544 0.05227799367165538 0.13504795529225652 0.3276997131858713 0.4798670107333001 0.5817312524980367 0.8045297843622273 0.9292902812025156 0.9792795634876832 -1.0663993 -0.9589217 -0.8449352 -0.6943937 -0.56935656 -0.68173236 -0.81431544 -0.882054 -1.0103586 -1.117178 -0.96749675 -0.7549808 -0.4727756 -0.18971549 -0.36518076 -0.6521931 -0.8062641 -1.1049144
2 400 -0.0 -0.0 -0.0 0.0 0.0 0.0 0.0 -0.0 0.0 0.0 -0.0 -0.0 -0.0 0.0 0.0 0.0 0.0 -0.0 0.0 -0.0 -0.0 -0.0 -0.0 0.0 -0.0 -0.0 0.0 -0.0 0.0 0.0 0.0 0.0 0.0 -0.0 0.0 -0.0 -0.0 0.0 -0.0 0.0 -0.0 0.0 -0.0 0.0 -0.0 -0.0 0.0 -0.0 -0.0 -0.0 -0.0 -0.0 0.0 -0.0 -0.0 0.0 -0.0 -0.0 0.0 -0.0 0.0 -0.0 -0.0 -0.0 0.0 -0.0 -0.0 -0.0 -0.0 0.0 -0.0 0.0 -0.0 -0.0 -0.0 0.0 -0.0 0.0 -0.0 -0.0 0.0 -0.0 -0.0 -0.0 -0.0 0.0 -0.0 -0.0 -0.0 0.0 -0.0 -0.0 0.0 -0.0 -0.0 0.014264697463954626 0.042833045580942704 0.07793297922539862 0.18114615137244328 0.2948393221071006 0.42998899476085006 0.7369588795241706 0.8476617112921188 0.9513828472480002 -1.0979223 -0.92794883 -0.8236566 -0.65005106 -0.47129333 -0.56933284 -0.7368755 -0.93397313 -1.0537102 -1.2312804 -0.98393404 -0.7804044 -0.46236914 -0.27064914 -0.34940168 -0.6112125 -0.8621042 -1.1033897
0 400 -0.0056052980944514275 -0.005513794254511595 -0.009295285679399967 0.018129052594304085 0.004054677672684193 0.0036777660716325045 0.018626639619469643 -0.013372859917581081 0.00794386025518179 0.012746754102408886 -0.006768097169697285 -0.0018534230766817927 -0.01196875050663948 0.0005013662739656866 0.006012701895087957 0.0018949501682072878 0.0018604987999424338 -0.00933926086872816 0.0011627598432824016 -0.013195603154599667 -0.019000152125954628 -0.007123112678527832 -0.024870028719305992 0.0013769454089924693 -0.007128625642508268 -0.010723375715315342 0.0063467263244092464 -0.006605850998312235 0.009182917885482311 0.0012140405597165227 0.02684159390628338 0.0016714691882953048 0.00850790087133646 -0.009233957156538963 0.004820193629711866 -0.008958945982158184 -0.01085790153592825 0.0015709915896877646 -0.014314842410385609 0.00043685134733095765 -0.0040337215177714825 0.006200795527547598 -0.005584454629570246 0.007201997097581625 -0.002950898604467511 -0.007976778782904148 0.03993618115782738 -0.007933457382023335 -0.00613883463665843 -0.012413929216563702 -0.014886975288391113 -0.005182180553674698 0.009218446910381317 -0.0039526354521512985 -0.0018872780492529273 0.005502715241163969 -0.0011558117112144828 -0.020762544125318527 0.018088994547724724 -0.004911904688924551 0.0009045784245245159 -4.024286681669764e-05 -0.003838433651253581 -7.141334208426997e-06 0.018015436828136444 -0.00608823262155056 -0.0025464470963925123 -0.0029130380135029554 -0.009094147942960262 0.0010600831592455506 -0.0034237634390592575 0.010305317118763924 -0.00713068712502718 -0.01146185863763094 -0.007758920546621084 0.004335835110396147 -0.0005544295418076217 0.009688341990113258 -0.007532096933573484 -0.0023253229446709156 0.004916639067232609 -0.01545275654643774 -0.01883804425597191 -0.0117662837728858 -0.007915188558399677 0.003363125491887331 -0.005413569509983063 -0.009251045994460583 -0.0009010403300635517 0.0014770975103601813 -0.0075197587721049786 -0.0030379649251699448 0.0013921487843617797 -0.01762484945356846 -0.001115991035476327 0.024696524441639923 0.07118661074526945 0.24873341363705154 0.4802705717444919 0.5611353001969985 0.6482721819389143 0.8163931303959682 0.874884280548159 0.9496825846973842 -1.0109234 -0.8257144 -0.77070713 -0.56416994 -0.35865957 -0.3819217 -0.3663938 -0.6980928 -0.8758149 -1.1514857 -0.85590076 -0.68246466 -0.23232704 0.01568444 0.015535966 -0.013516143 -0.476634 -0.83427894
1 400 -0.0056052980944514275 -0.005513794254511595 -0.009295285679399967 0.018129052594304085 0.004054677672684193 0.0036777660716325045 0.018626639619469643 -0.013372859917581081 0.00794386025518179 0.012746754102408886 -0.006768097169697285 -0.0018534230766817927 -0.01196875050663948 0.0005013662739656866 0.006012701895087957 0.0018949501682072878 0.0018604987999424338 -0.00933926086872816 0.0011627598432824016 -0.013195603154599667 -0.019000152125954628 -0.007123112678527832 -0.024870028719305992 0.0013769454089924693 -0.007128625642508268 -0.010723375715315342 0.0063467263244092464 -0.006605850998312235 0.009182917885482311 0.0012140405597165227 0.02684159390628338 0.0016714691882953048 0.00850790087133646 -0.009233957156538963 0.004820193629711866 -0.008958945982158184 -0.01085790153592825 0.0015709915896877646 -0.014314842410385609 0.00043685134733095765 -0.0040337215177714825 0.006200795527547598 -0.005584454629570246 0.007201997097581625 -0.002950898604467511 -0.007976778782904148 0.03993618115782738 -0.007933457382023335 -0.00613883463665843 -0.012413929216563702 -0.014886975288391113 -0.005182180553674698 0.009218446910381317 -0.0039526354521512985 -0.0018872780492529273 0.005502715241163969 -0.0011558117112144828 -0.020762544125318527 0.018088994547724724 -0.004911904688924551 0.0009045784245245159 -4.024286681669764e-05 -0.003838433651253581 -7.141334208426997e-06 0.018015436828136444 -0.00608823262155056 -0.0025464470963925123 -0.0029130380135029554 -0.009094147942960262 0.0010600831592455506 -0.0034237634390592575 0.010305317118763924 -0.00713068712502718 -0.01146185863763094 -0.007758920546621084 0.004335835110396147 -0.0005544295418076217 0.009688341990113258 -0.007532096933573484 -0.0023253229446709156 0.004916639067232609 -0.01545275654643774 -0.01883804425597191 -0.0117662837728858 -0.007915188558399677 0.003363125491887331 -0.005413569509983063 -0.009251045994460583 -0.0009010403300635517 0.0014770975103601813 -0.0075197587721049786 -0.0030379649251699448 0.0013921487843617797 -0.01762484945356846 -0.001115991035476327 0.01954271606955711 0.02639703049518398 0.09527746949751842 0.1716632298309915 0.532990485430632 0.5969550808204221 0.7307573130325058 0.8271072340065122 0.9402703368514905 -1.1230223 -0.9473542 -0.8372272 -0.63051414 -1.2516975e-05 -0.355649 -0.5170765 -0.7366563 -0.88057584 -1.273658 -1.0980257 -0.80178946 -0.46602094 0.3933395 -0.026471213 -0.18592106 -0.45339742 -0.808925
2 400 -0.0056052980944514275 -0.005513794254511595 -0.009295285679399967 0.018129052594304085 0.004054677672684193 0.0036777660716325045 0.018626639619469643 -0.013372859917581081 0.00794386025518179 0.012746754102408886 -0.006768097169697285 -0.0018534230766817927 -0.01196875050663948 0.0005013662739656866 0.006012701895087957 0.0018949501682072878 0.0018604987999424338 -0.00933926086872816 0.0011627598432824016 -0.013195603154599667 -0.019000152125954628 -0.007123112678527832 -0.024870028719305992 0.0013769454089924693 -0.007128625642508268 -0.010723375715315342 0.0063467263244092464 -0.006605850998312235 0.009182917885482311 0.0012140405597165227 0.02684159390628338 0.0016714691882953048 0.00850790087133646 -0.009233957156538963 0.004820193629711866 -0.008958945982158184 -0.01085790153592825 0.0015709915896877646 -0.014314842410385609 0.00043685134733095765 -0.0040337215177714825 0.006200795527547598 -0.005584454629570246 0.007201997097581625 -0.002950898604467511 -0.007976778782904148 0.03993618115782738 -0.007933457382023335 -0.00613883463665843 -0.012413929216563702 -0.014886975288391113 -0.005182180553674698 0.009218446910381317 -0.0039526354521512985 -0.0018872780492529273 0.005502715241163969 -0.0011558117112144828 -0.020762544125318527 0.018088994547724724 -0.004911904688924551 0.0009045784245245159 -4.024286681669764e-05 -0.003838433651253581 -7.141334208426997e-06 0.018015436828136444 -0.00608823262155056 -0.0025464470963925123 -0.0029130380135029554 -0.009094147942960262 0.0010600831592455506 -0.0034237634390592575 0.010305317118763924 -0.00713068712502718 -0.01146185863763094 -0.007758920546621084 0.004335835110396147 -0.0005544295418076217 0.009688341990113258 -0.007532096933573484 -0.0023253229446709156 0.004916639067232609 -0.01545275654643774 -0.01883804425597191 -0.0117662837728858 -0.007915188558399677 0.003363125491887331 -0.005413569509983063 -0.009251045994460583 -0.0009010403300635517 0.0014770975103601813 -0.0075197587721049786 -0.0030379649251699448 0.0013921487843617797 -0.01762484945356846 -0.001115991035476327 0.00900044654772873 0.03737691730401247 0.04965779098185162 0.11760805361058034 0.271827145501428 0.3341166395989935 0.5539672086804622 0.7002429908309084 0.8740674957723383 -1.168006 -1.0519681 -0.9054851 -0.7784802 -0.52759993 -0.59123397 -0.6477428 -0.8571776 -0.9598018 -1.422505 -1.2059618 -1.0096294 -0.6967307 -0.2513237 -0.22442023 -0.38532454 -0.6133764 -0.8677479
0 400 -0.011210596188902855 -0.01102758850902319 -0.018590571358799934 0.03625810518860817 0.008109355345368385 0.007355532143265009 0.037253279238939285 -0.026745719835162163 0.01588772051036358 0.025493508204817772 -0.01353619433939457 -0.0037068461533635855 -0.02393750101327896 0.0010027325479313731 0.012025403790175915 0.0037899003364145756 0.0037209975998848677 -0.01867852173745632 0.002325519686564803 -0.026391206309199333 -0.038000304251909256 -0.014246225357055664 -0.049740057438611984 0.0027538908179849386 -0.014257251285016537 -0.021446751430630684 0.012693452648818493 -0.01321170199662447 0.018365835770964622 0.0024280811194330454 0.05368318781256676 0.0033429383765906096 0.01701580174267292 -0.018467914313077927 0.009640387259423733 -0.017917891964316368 -0.0217158030718565 0.0031419831793755293 -0.028629684820771217 0.0008737026946619153 -0.008067443035542965 0.012401591055095196 -0.011168909259140491 0.01440399419516325 -0.005901797208935022 -0.015953557565808296 0.07987236231565475 -0.01586691476404667 -0.01227766927331686 -0.024827858433127403 -0.029773950576782227 -0.010364361107349396 0.018436893820762634 -0.007905270904302597 -0.0037745560985058546 0.011005430482327938 -0.0023116234224289656 -0.041525088250637054 0.03617798909544945 -0.009823809377849102 0.0018091568490490317 -8.048573363339528e-05 -0.007676867302507162 -1.4282668416853994e-05 0.03603087365627289 -0.01217646524310112 -0.005092894192785025 -0.005826076027005911 -0.018188295885920525 0.0021201663184911013 -0.006847526878118515 0.020610634237527847 -0.01426137425005436 -0.02292371727526188 -0.015517841093242168 0.008671670220792294 -0.0011088590836152434 0.019376683980226517 -0.015064193867146969 -0.004650645889341831 0.009833278134465218 -0.03090551309287548 -0.03767608851194382 -0.0235325675457716 -0.015830377116799355 0.006726250983774662 -0.010827139019966125 -0.018502091988921165 -0.0018020806601271033 0.0029541950207203627 -0.015039517544209957 -0.0060759298503398895 0.0027842975687235594 -0.03524969890713692 -0.002231982070952654 0.03037150947018432 0.08473485206617648 0.27290329779796535 0.410036103828789 0.46932095388556494 0.5709590685438478 0.7103118471035013 0.6783312643087765 0.8535685652607586 -0.93953156 -0.81734747 -0.7921971 -0.5443558 -0.056272715 -0.28582612 -0.23468322 -0.575335 -0.7271695 -1.0998435 -0.90037197 -0.7113323 -0.33470613 0.31577826 0.06648283 0.12845437 -0.3244704 -0.4890643
1 400 -0.011210596188902855 -0.01102758850902319 -0.018590571358799934 0.03625810518860817 0.008109355345368385 0.007355532143265009 0.037253279238939285 -0.026745719835162163 0.01588772051036358 0.025493508204817772 -0.01353619433939457 -0.0037068461533635855 -0.02393750101327896 0.0010027325479313731 0.012025403790175915 0.0037899003364145756 0.0037209975998848677 -0.01867852173745632 0.002325519686564803 -0.026391206309199333 -0.038000304251909256 -0.014246225357055664 -0.049740057438611984 0.0027538908179849386 -0.014257251285016537 -0.021446751430630684 0.012693452648818493 -0.01321170199662447 0.018365835770964622 0.0024280811194330454 0.05368318781256676 0.0033429383765906096 0.01701580174267292 -0.018467914313077927 0.009640387259423733 -0.017917891964316368 -0.0217158030718565 0.0031419831793755293 -0.028629684820771217 0.0008737026946619153 -0.008067443035542965 0.012401591055095196 -0.011168909259140491 0.01440399419516325 -0.005901797208935022 -0.015953557565808296 0.07987236231565475 -0.01586691476404667 -0.01227766927331686 -0.024827858433127403 -0.029773950576782227 -0.010364361107349396 0.018436893820762634 -0.007905270904302597 -0.0037745560985058546 0.011005430482327938 -0.0023116234224289656 -0.041525088250637054 0.03617798909544945 -0.009823809377849102 0.0018091568490490317 -8.048573363339528e-05 -0.007676867302507162 -1.4282668416853994e-05 0.03603087365627289 -0.01217646524310112 -0.005092894192785025 -0.005826076027005911 -0.018188295885920525 0.0021201663184911013 -0.006847526878118515 0.020610634237527847 -0.01426137425005436 -0.02292371727526188 -0.015517841093242168 0.008671670220792294 -0.0011088590836152434 0.019376683980226517 -0.015064193867146969 -0.004650645889341831 0.009833278134465218 -0.03090551309287548 -0.03767608851194382 -0.0235325675457716 -0.015830377116799355 0.006726250983774662 -0.010827139019966125 -0.018502091988921165 -0.0018020806601271033 0.0029541950207203627 -0.015039517544209957 -0.0060759298503398895 0.0027842975687235594 -0.03524969890713692 -0.002231982070952654 0.013864339921729607 0.04309788754687506 0.11452805083999718 0.19697697480699627 0.3432479855692442 0.5135737914641136 0.5908390800031667 0.6220569884664918 0.8188171689893864 -1.159048 -1.0275571 -0.96148944 -0.70916295 -0.13679439 -0.38802212 -0.41470382 -0.7103909 -0.76694506 -1.3719044 -1.205664 -0.9608918 -0.63787365 0.1722524 -0.09474495 -0.15023854 -0.33310044 -0.4882425
2 400 -0.011210596188902855 -0.01102758850902319 -0.018590571358799934 0.03625810518860817 0.008109355345368385 0.007355532143265009 0.037253279238939285 -0.026745719835162163 0.01588772051036358 0.025493508204817772 -0.01353619433939457 -0.0037068461533635855 -0.02393750101327896 0.0010027325479313731 0.012025403790175915 0.0037899003364145756 0.0037209975998848677 -0.01867852173745632 0.002325519686564803 -0.026391206309199333 -0.038000304251909256 -0.014246225357055664 -0.049740057438611984 0.0027538908179849386 -0.014257251285016537 -0.021446751430630684 0.012693452648818493 -0.01321170199662447 0.018365835770964622 0.0024280811194330454 0.05368318781256676 0.0033429383765906096 0.01701580174267292 -0.018467914313077927 0.009640387259423733 -0.017917891964316368 -0.0217158030718565 0.0031419831793755293 -0.028629684820771217 0.0008737026946619153 -0.008067443035542965 0.012401591055095196 -0.011168909259140491 0.01440399419516325 -0.005901797208935022 -0.015953557565808296 0.07987236231565475 -0.01586691476404667 -0.01227766927331686 -0.024827858433127403 -0.029773950576782227 -0.010364361107349396 0.018436893820762634 -0.007905270904302597 -0.0037745560985058546 0.011005430482327938 -0.0023116234224289656 -0.041525088250637054 0.03617798909544945 -0.009823809377849102 0.0018091568490490317 -8.048573363339528e-05 -0.007676867302507162 -1.4282668416853994e-05 0.03603087365627289 -0.01217646524310112 -0.005092894192785025 -0.005826076027005911 -0.018188295885920525 0.0021201663184911013 -0.006847526878118515 0.020610634237527847 -0.01426137425005436 -0.02292371727526188 -0.015517841093242168 0.008671670220792294 -0.0011088590836152434 0.019376683980226517 -0.015064193867146969 -0.004650645889341831 0.009833278134465218 -0.03090551309287548 -0.03767608851194382 -0.0235325675457716 -0.015830377116799355 0.006726250983774662 -0.010827139019966125 -0.018502091988921165 -0.0018020806601271033 0.0029541950207203627 -0.015039517544209957 -0.0060759298503398895 0.0027842975687235594 -0.03524969890713692 -0.002231982070952654 0.009149746258448221 0.031961037731530036 0.06402008833460256 0.11758606850178845 0.1776672448128864 0.2712994053837839 0.3772836984867199 0.543294055959636 0.7282371999104094 -1.1652436 -1.0561945 -1.0087122 -0.8325323 -0.6010139 -0.6062161 -0.6796137 -0.8449913 -0.81609374 -1.4546769 -1.2366145 -1.1595987 -0.83001965 -0.38703272 -0.3040492 -0.54247534 -0.58241475 -0.5155224
0 400 -0.016815895214676857 -0.016541382297873497 -0.027885857969522476 0.054387159645557404 0.012164033018052578 0.011033298447728157 0.05587992072105408 -0.04011857882142067 0.023831579834222794 0.03824026510119438 -0.02030429244041443 -0.005560269113630056 -0.03590625151991844 0.0015040987636893988 0.018038107082247734 0.005684850737452507 0.005581496749073267 -0.028017783537507057 0.0034882796462625265 -0.039586808532476425 -0.05700045824050903 -0.021369338035583496 -0.07461008429527283 0.004130836576223373 -0.021385876461863518 -0.0321701280772686 0.0190401803702116 -0.019817553460597992 0.02754875272512436 0.00364212179556489 0.08052477985620499 0.00501440791413188 0.025523703545331955 -0.02770187146961689 0.014460580423474312 -0.026876838877797127 -0.03257370367646217 0.004712975118309259 -0.0429445281624794 0.0013105541002005339 -0.01210116408765316 0.018602387979626656 -0.016753364354372025 0.021605992689728737 -0.008852696046233177 -0.02393033728003502 0.11980854719877243 -0.023800373077392578 -0.018416505306959152 -0.03724179044365883 -0.04466092586517334 -0.015546542592346668 0.0276553425937891 -0.01185790728777647 -0.005661834497004747 0.01650814525783062 -0.0034674350172281265 -0.06228763237595558 0.05426698550581932 -0.014735713601112366 0.0027137354481965303 -0.00012072859681211412 -0.011515301652252674 -2.142400262528099e-05 0.05404631420969963 -0.01826469786465168 -0.007639341522008181 -0.008739114739000797 -0.02728244476020336 0.0031802495941519737 -0.010271290317177773 0.03091595135629177 -0.021392062306404114 -0.03438557684421539 -0.023276763036847115 0.013007505796849728 -0.001663288683630526 0.029065025970339775 -0.022596290335059166 -0.006975968834012747 0.014749917201697826 -0.046358268707990646 -0.056514132767915726 -0.035298850387334824 -0.023745566606521606 0.01008937694132328 -0.016240708529949188 -0.027753138914704323 -0.0027031211648136377 0.0044312928803265095 -0.02255927585065365 -0.009113894775509834 0.004176446236670017 -0.052874550223350525 -0.003347973106428981 0.02751403652066838 0.08549346660378848 0.4295768329638735 0.3316279268352465 0.3328608226764483 0.4005725078476772 0.6066922826350465 0.36998641452605696 0.7088158753108502 -0.69965017 -0.60433984 -0.8829438 -0.3455571 0.26409572 -0.13720107 -0.24720638 -0.36773342 -0.6192049 -0.7794993 -0.6491929 -0.7973046 -0.21657108 0.6982129 0.23518972 0.05825554 -0.20181467 -0.2902706
1 400 -0.016815895214676857 -0.016541382297873497 -0.027885857969522476 0.054387159645557404 0.012164033018052578 0.011033298447728157 0.05587992072105408 -0.04011857882142067 0.023831579834222794 0.03824026510119438 -0.02030429244041443 -0.005560269113630056 -0.03590625151991844 0.0015040987636893988 0.018038107082247734 0.005684850737452507 0.005581496749073267 -0.028017783537507057 0.0034882796462625265 -0.039586808532476425 -0.05700045824050903 -0.021369338035583496 -0.07461008429527283 0.004130836576223373 -0.021385876461863518 -0.0321701280772686 0.0190401803702116 -0.019817553460597992 0.02754875272512436 0.00364212179556489 0.08052477985620499 0.00501440791413188 0.025523703545331955 -0.02770187146961689 0.014460580423474312 -0.026876838877797127 -0.03257370367646217 0.004712975118309259 -0.0429445281624794 0.0013105541002005339 -0.01210116408765316 0.018602387979626656 -0.016753364354372025 0.021605992689728737 -0.008852696046233177 -0.02393033728003502 0.11980854719877243 -0.023800373077392578 -0.018416505306959152 -0.03724179044365883 -0.04466092586517334 -0.015546542592346668 0.0276553425937891 -0.01185790728777647 -0.005661834497004747 0.01650814525783062 -0.0034674350172281265 -0.06228763237595558 0.05426698550581932 -0.014735713601112366 0.0027137354481965303 -0.00012072859681211412 -0.011515301652252674 -2.142400262528099e-05 0.05404631420969963 -0.01826469786465168 -0.007639341522008181 -0.008739114739000797 -0.02728244476020336 0.0031802495941519737 -0.010271290317177773 0.03091595135629177 -0.021392062306404114 -0.03438557684421539 -0.023276763036847115 0.013007505796849728 -0.001663288683630526 0.029065025970339775 -0.022596290335059166 -0.006975968834012747 0.014749917201697826 -0.046358268707990646 -0.056514132767915726 -0.035298850387334824 -0.023745566606521606 0.01008937694132328 -0.016240708529949188 -0.027753138914704323 -0.0027031211648136377 0.0044312928803265095 -0.02255927585065365 -0.009113894775509834 0.004176446236670017 -0.052874550223350525 -0.003347973106428981 0.00811399459161948 0.02877329864579648 0.09833792351055103 0.15576357352930145 0.17781122530695226 0.25458109574347465 0.5586205018176825 0.45469223772804784 0.6561998075896899 -1.1092775 -0.9208778 -0.85832286 -0.48726487 -0.17403641 -0.51383924 -0.35013425 -0.7621648 -0.6950446 -1.3376939 -1.0883936 -0.8431545 -0.39100322 0.071307346 -0.35457098 -0.18841414 -0.5179202 -0.32723975
2 400 -0.016815895214676857 -0.016541382297873497 -0.027885857969522476 0.054387159645557404 0.012164033018052578 0.011033298447728157 0.05587992072105408 -0.04011857882142067 0.023831579834222794 0.03824026510119438 -0.02030429244041443 -0.005560269113630056 -0.03590625151991844 0.0015040987636893988 0.018038107082247734 0.005684850737452507 0.005581496749073267 -0.028017783537507057 0.0034882796462625265 -0.039586808532476425 -0.05700045824050903 -0.021369338035583496 -0.07461008429527283 0.004130836576223373 -0.021385876461863518 -0.0321701280772686 0.0190401803702116 -0.019817553460597992 0.02754875272512436 0.00364212179556489 0.08052477985620499 0.00501440791413188 0.025523703545331955 -0.02770187146961689 0.014460580423474312 -0.026876838877797127 -0.03257370367646217 0.004712975118309259 -0.0429445281624794 0.0013105541002005339 -0.01210116408765316 0.018602387979626656 -0.016753364354372025 0.021605992689728737 -0.008852696046233177 -0.02393033728003502 0.11980854719877243 -0.023800373077392578 -0.018416505306959152 -0.03724179044365883 -0.04466092586517334 -0.015546542592346668 0.0276553425937891 -0.01185790728777647 -0.005661834497004747 0.01650814525783062 -0.0034674350172281265 -0.06228763237595558 0.05426698550581932 -0.014735713601112366 0.0027137354481965303 -0.00012072859681211412 -0.011515301652252674 -2.142400262528099e-05 0.05404631420969963 -0.01826469786465168 -0.007639341522008181 -0.008739114739000797 -0.02728244476020336 0.0031802495941519737 -0.010271290317177773 0.03091595135629177 -0.021392062306404114 -0.03438557684421539 -0.023276763036847115 0.013007505796849728 -0.001663288683630526 0.029065025970339775 -0.022596290335059166 -0.006975968834012747 0.014749917201697826 -0.046358268707990646 -0.056514132767915726 -0.035298850387334824 -0.023745566606521606 0.01008937694132328 -0.016240708529949188 -0.027753138914704323 -0.0027031211648136377 0.0044312928803265095 -0.02255927585065365 -0.009113894775509834 0.004176446236670017 -0.052874550223350525 -0.003347973106428981 0.00599090650306246 0.017406473669840074 0.06832808186837727 0.07371585704026802 0.08749980077192845 0.10817133138271111 0.24022389948028572 0.45542018506374576 0.5429812494097578 -1.1173384 -0.96413124 -1.0617435 -0.71515805 -0.428703 -0.6143024 -0.5214362 -0.8421564 -0.73154163 -1.4178127 -1.1435057 -1.2499784 -0.7319062 -0.2626844 -0.5149531 -0.41684973 -0.6677969 -0.35657007
0 400 -0.02242119237780571 -0.02205517701804638 -0.03718114271759987 0.07251621037721634 0.01621871069073677 0.014711064286530018 0.07450655847787857 -0.053491439670324326 0.03177544102072716 0.050987016409635544 -0.02707238867878914 -0.007413692306727171 -0.04787500202655792 0.0020054650958627462 0.02405080758035183 0.007579800672829151 0.007441995199769735 -0.03735704347491264 0.004651039373129606 -0.052782412618398666 -0.07600060850381851 -0.028492450714111328 -0.09948011487722397 0.005507781635969877 -0.028514502570033073 -0.04289350286126137 0.025386905297636986 -0.02642340399324894 0.036731671541929245 0.004856162238866091 0.10736637562513351 0.006685876753181219 0.03403160348534584 -0.03693582862615585 0.019280774518847466 -0.035835783928632736 -0.043431606143713 0.006283966358751059 -0.057259369641542435 0.0017474053893238306 -0.01613488607108593 0.02480318211019039 -0.022337818518280983 0.0288079883903265 -0.011803594417870045 -0.03190711513161659 0.1597447246313095 -0.03173382952809334 -0.02455533854663372 -0.049655716866254807 -0.05954790115356445 -0.02072872221469879 0.03687378764152527 -0.015810541808605194 -0.007549112197011709 0.022010860964655876 -0.004623246844857931 -0.08305017650127411 0.0723559781908989 -0.019647618755698204 0.0036183136980980635 -0.00016097146726679057 -0.015353734605014324 -2.8565336833707988e-05 0.07206174731254578 -0.02435293048620224 -0.01018578838557005 -0.011652152054011822 -0.03637659177184105 0.0042403326369822025 -0.01369505375623703 0.041221268475055695 -0.02852274850010872 -0.04584743455052376 -0.031035682186484337 0.017343340441584587 -0.002217718167230487 0.03875336796045303 -0.030128387734293938 -0.009301291778683662 0.019666556268930435 -0.06181102618575096 -0.07535217702388763 -0.0470651350915432 -0.03166075423359871 0.013452501967549324 -0.02165427803993225 -0.03700418397784233 -0.0036041613202542067 0.005908390041440725 -0.030079035088419914 -0.012151859700679779 0.005568595137447119 -0.07049939781427383 -0.004463964141905308 0.023028035990793495 0.04658662315757373 0.3563892264904778 0.22259900798305102 0.2105758339621952 0.23274664417426433 0.3718295934691811 0.12144409436489284 0.5324234131141526 -0.18059379 -0.16474643 -0.7818124 0.10974717 0.6245889 0.3006965 0.254816 0.20768577 -0.5895699 -0.09474774 -0.06438328 -0.69906753 0.33869702 1.0875281 0.6864654 0.5572274 0.4088313 -0.29705274
1 400 -0.02242119237780571 -0.02205517701804638 -0.03718114271759987 0.07251621037721634 0.01621871069073677 0.014711064286530018 0.07450655847787857 -0.053491439670324326 0.03177544102072716 0.050987016409635544 -0.02707238867878914 -0.007413692306727171 -0.04787500202655792 0.0020054650958627462 0.02405080758035183 0.007579800672829151 0.007441995199769735 -0.03735704347491264 0.004651039373129606 -0.052782412618398666 -0.07600060850381851 -0.028492450714111328 -0.09948011487722397 0.005507781635969877 -0.028514502570033073 -0.04289350286126137 0.025386905297636986 -0.02642340399324894 0.036731671541929245 0.004856162238866091 0.10736637562513351 0.006685876753181219 0.03403160348534584 -0.03693582862615585 0.019280774518847466 -0.035835783928632736 -0.043431606143713 0.006283966358751059 -0.057259369641542435 0.0017474053893238306 -0.01613488607108593 0.02480318211019039 -0.022337818518280983 0.0288079883903265 -0.011803594417870045 -0.03190711513161659 0.1597447246313095 -0.03173382952809334 -0.02455533854663372 -0.049655716866254807 -0.05954790115356445 -0.02072872221469879 0.03687378764152527 -0.015810541808605194 -0.007549112197011709 0.022010860964655876 -0.004623246844857931 -0.08305017650127411 0.0723559781908989 -0.019647618755698204 0.0036183136980980635 -0.00016097146726679057 -0.015353734605014324 -2.8565336833707988e-05 0.07206174731254578 -0.02435293048620224 -0.01018578838557005 -0.011652152054011822 -0.03637659177184105 0.0042403326369822025 -0.01369505375623703 0.041221268475055695 -0.02852274850010872 -0.04584743455052376 -0.031035682186484337 0.017343340441584587 -0.002217718167230487 0.03875336796045303 -0.030128387734293938 -0.009301291778683662 0.019666556268930435 -0.06181102618575096 -0.07535217702388763 -0.0470651350915432 -0.03166075423359871 0.013452501967549324 -0.02165427803993225 -0.03700418397784233 -0.0036041613202542067 0.005908390041440725 -0.030079035088419914 -0.012151859700679779 0.005568595137447119 -0.07049939781427383 -0.004463964141905308 0.004814582448695928 0.01852950864400334 0.11831735243349645 0.10402536586546651 0.08097504651190807 0.11976773026447105 0.3401888365399593 0.3096693408227423 0.45947814777779433 -0.9339391 -0.7028268 -0.6548781 -0.21524149 -0.079086006 -0.2500741 0.011921227 -0.5469018 -0.6602106 -1.142565 -0.8373804 -0.56808436 -0.051213577 0.09451495 -0.12724702 0.2476535 -0.40171123 -0.33832437
2 400 -0.02242119237780571 -0.02205517701804638 -0.03718114271759987 0.07251621037721634 0.01621871069073677 0.014711064286530018 0.07450655847787857 -0.053491439670324326 0.03177544102072716 0.050987016409635544 -0.02707238867878914 -0.007413692306727171 -0.04787500202655792 0.0020054650958627462 0.02405080758035183 0.007579800672829151 0.007441995199769735 -0.03735704347491264 0.004651039373129606 -0.052782412618398666 -0.07600060850381851 -0.028492450714111328 -0.09948011487722397 0.005507781635969877 -0.028514502570033073 -0.04289350286126137 0.025386905297636986 -0.02642340399324894 0.036731671541929245 0.004856162238866091 0.10736637562513351 0.006685876753181219 0.03403160348534584 -0.03693582862615585 0.019280774518847466 -0.035835783928632736 -0.043431606143713 0.006283966358751059 -0.057259369641542435 0.0017474053893238306 -0.01613488607108593 0.02480318211019039 -0.022337818518280983 0.0288079883903265 -0.011803594417870045 -0.03190711513161659 0.1597447246313095 -0.03173382952809334 -0.02455533854663372 -0.049655716866254807 -0.05954790115356445 -0.02072872221469879 0.03687378764152527 -0.015810541808605194 -0.007549112197011709 0.022010860964655876 -0.004623246844857931 -0.08305017650127411 0.0723559781908989 -0.019647618755698204 0.0036183136980980635 -0.00016097146726679057 -0.015353734605014324 -2.8565336833707988e-05 0.07206174731254578 -0.02435293048620224 -0.01018578838557005 -0.011652152054011822 -0.03637659177184105 0.0042403326369822025 -0.01369505375623703 0.041221268475055695 -0.02852274850010872 -0.04584743455052376 -0.031035682186484337 0.017343340441584587 -0.002217718167230487 0.03875336796045303 -0.030128387734293938 -0.009301291778683662 0.019666556268930435 -0.06181102618575096 -0.07535217702388763 -0.0470651350915432 -0.03166075423359871 0.013452501967549324 -0.02165427803993225 -0.03700418397784233 -0.0036041613202542067 0.005908390041440725 -0.030079035088419914 -0.012151859700679779 0.005568595137447119 -0.07049939781427383 -0.004463964141905308 0.0036244259408376176 0.01112594698979267 0.053754085475770944 0.03295308097932035 0.030538107397811782 0.03358795761836903 0.09915194120418183 0.18731886899401606 0.4118413783294542 -0.97217214 -0.7308255 -0.74784756 -0.414276 -0.27424502 -0.3568378 -0.055652976 -0.5652951 -0.72943866 -1.249925 -0.8587994 -0.81463635 -0.3902262 -0.15653975 -0.30626392 0.11971049 -0.46042693 -0.4766177
0 400 -0.028026489540934563 -0.027568969875574112 -0.04647642746567726 0.09064526110887527 0.02027338743209839 0.01838883012533188 0.09313319623470306 -0.06686429679393768 0.03971929848194122 0.063733771443367 -0.03384048491716385 -0.009267115034162998 -0.0598437525331974 0.00250683119520545 0.030063509941101074 0.009474750608205795 0.009302494116127491 -0.04669630527496338 0.00581379933282733 -0.06597801297903061 -0.09500075876712799 -0.03561556339263916 -0.12435013800859451 0.006884727161377668 -0.03564312681555748 -0.053616877645254135 0.03173363208770752 -0.03302925452589989 0.04591458663344383 0.006070202682167292 0.13420796394348145 0.008357346057891846 0.042539503425359726 -0.04616978392004967 0.02410096675157547 -0.044794730842113495 -0.05428950488567352 0.007854958064854145 -0.07157421112060547 0.0021842566784471273 -0.02016860619187355 0.031003978103399277 -0.02792227268218994 0.03600998595356941 -0.014754492789506912 -0.039883892983198166 0.19968090951442719 -0.0396672859787941 -0.030694173648953438 -0.06206964701414108 -0.07443487644195557 -0.02591090276837349 0.046092234551906586 -0.019763177260756493 -0.009436390362679958 0.027513574808835983 -0.0057790582068264484 -0.10381271690130234 0.09044497460126877 -0.024559522047638893 0.00452289218083024 -0.0002012143231695518 -0.01919216848909855 -3.5706671042134985e-05 0.09007718414068222 -0.0304411631077528 -0.012732235714793205 -0.01456519030034542 -0.045470740646123886 0.005300415679812431 -0.017118817195296288 0.05152658373117447 -0.035653434693813324 -0.05730929225683212 -0.03879460319876671 0.02167917601764202 -0.0027721477672457695 0.04844170808792114 -0.03766048327088356 -0.01162661425769329 0.02458319440484047 -0.07726377993822098 -0.09419021755456924 -0.05883141607046127 -0.03957594186067581 0.016815626993775368 -0.027067847549915314 -0.04625523090362549 -0.004505201708525419 0.0073854876682162285 -0.03759879246354103 -0.015189824625849724 0.006960743572562933 -0.08812424540519714 -0.005579954944550991 0.015370983047730824 0.026381317232260233 0.23575999573256995 0.11170213729237664 0.11106827115938185 0.1152164836082506 0.18009666462308552 0.0261047522092953 0.23797107652490732 0.30517215 0.362307 -0.35627353 0.6358666 1.0095158 0.8628605 0.9469932 0.9877377 -0.38870195 0.554192 0.6077439 -0.1342753 0.9761676 1.4940116 1.3457556 1.4084432 1.264021 -0.18537065
1 400 -0.028026489540934563 -0.027568969875574112 -0.04647642746567726 0.09064526110887527 0.02027338743209839 0.01838883012533188 0.09313319623470306 -0.06686429679393768 0.03971929848194122 0.063733771443367 -0.03384048491716385 -0.009267115034162998 -0.0598437525331974 0.00250683119520545 0.030063509941101074 0.009474750608205795 0.009302494116127491 -0.04669630527496338 0.00581379933282733 -0.06597801297903061 -0.09500075876712799 -0.03561556339263916 -0.12435013800859451 0.006884727161377668 -0.03564312681555748 -0.053616877645254135 0.03173363208770752 -0.03302925452589989 0.04591458663344383 0.006070202682167292 0.13420796394348145 0.008357346057891846 0.042539503425359726 -0.04616978392004967 0.02410096675157547 -0.044794730842113495 -0.05428950488567352 0.007854958064854145 -0.07157421112060547 0.0021842566784471273 -0.02016860619187355 0.031003978103399277 -0.02792227268218994 0.03600998595356941 -0.014754492789506912 -0.039883892983198166 0.19968090951442719 -0.0396672859787941 -0.030694173648953438 -0.06206964701414108 -0.07443487644195557 -0.02591090276837349 0.046092234551906586 -0.019763177260756493 -0.009436390362679958 0.027513574808835983 -0.0057790582068264484 -0.10381271690130234 0.09044497460126877 -0.024559522047638893 0.00452289218083024 -0.0002012143231695518 -0.01919216848909855 -3.5706671042134985e-05 0.09007718414068222 -0.0304411631077528 -0.012732235714793205 -0.01456519030034542 -0.045470740646123886 0.005300415679812431 -0.017118817195296288 0.05152658373117447 -0.035653434693813324 -0.05730929225683212 -0.03879460319876671 0.02167917601764202 -0.0027721477672457695 0.04844170808792114 -0.03766048327088356 -0.01162661425769329 0.02458319440484047 -0.07726377993822098 -0.09419021755456924 -0.05883141607046127 -0.03957594186067581 0.016815626993775368 -0.027067847549915314 -0.04625523090362549 -0.004505201708525419 0.0073854876682162285 -0.03759879246354103 -0.015189824625849724 0.006960743572562933 -0.08812424540519714 -0.005579954944550991 0.003887642297045152 0.011344903163420027 0.1178226381503737 0.045892890561989384 0.04054771526608085 0.05779570322158617 0.12869381866471277 0.10175604521503226 0.2776758507774592 -0.5869479 -0.5178455 -0.316138 0.22513849 0.14142251 0.031071246 0.3221346 0.08737522 -0.6843941 -0.71400046 -0.643774 -0.06805833 0.46268123 0.29170227 0.15811975 0.58648866 0.30337495 -0.47844586
2 400 -0.028026489540934563 -0.027568969875574112 -0.04647642746567726 0.09064526110887527 0.02027338743209839 0.01838883012533188 0.09313319623470306 -0.06686429679393768 0.03971929848194122 0.063733771443367 -0.03384048491716385 -0.009267115034162998 -0.0598437525331974 0.00250683119520545 0.030063509941101074 0.009474750608205795 0.009302494116127491 -0.04669630527496338 0.00581379933282733 -0.06597801297903061 -0.09500075876712799 -0.03561556339263916 -0.12435013800859451 0.006884727161377668 -0.03564312681555748 -0.053616877645254135 0.03173363208770752 -0.03302925452589989 0.04591458663344383 0.006070202682167292 0.13420796394348145 0.008357346057891846 0.042539503425359726 -0.04616978392004967 0.02410096675157547 -0.044794730842113495 -0.05428950488567352 0.007854958064854145 -0.07157421112060547 0.0021842566784471273 -0.02016860619187355 0.031003978103399277 -0.02792227268218994 0.03600998595356941 -0.014754492789506912 -0.039883892983198166 0.19968090951442719 -0.0396672859787941 -0.030694173648953438 -0.06206964701414108 -0.07443487644195557 -0.02591090276837349 0.046092234551906586 -0.019763177260756493 -0.009436390362679958 0.027513574808835983 -0.0057790582068264484 -0.10381271690130234 0.09044497460126877 -0.024559522047638893 0.00452289218083024 -0.0002012143231695518 -0.01919216848909855 -3.5706671042134985e-05 0.09007718414068222 -0.0304411631077528 -0.012732235714793205 -0.01456519030034542 -0.045470740646123886 0.005300415679812431 -0.017118817195296288 0.05152658373117447 -0.035653434693813324 -0.05730929225683212 -0.03879460319876671 0.02167917601764202 -0.0027721477672457695 0.04844170808792114 -0.03766048327088356 -0.01162661425769329 0.02458319440484047 -0.07726377993822098 -0.09419021755456924 -0.05883141607046127 -0.03957594186067581 0.016815626993775368 -0.027067847549915314 -0.04625523090362549 -0.004505201708525419 0.0073854876682162285 -0.03759879246354103 -0.015189824625849724 0.006960743572562933 -0.08812424540519714 -0.005579954944550991 0.00205126651371894 0.006044149516705983 0.02917451645874363 0.010864559381574214 0.009418041867576318 0.010664982036935734 0.02867787537971842 0.05675602706944485 0.22086791428860753 -0.74797213 -0.53010184 -0.39014107 -0.19655988 -0.16080421 -0.07918382 0.30314404 -0.09429902 -0.7988986 -1.0010477 -0.66128373 -0.34761804 -0.21673852 -0.10312539 -0.052419975 0.46099585 0.0628535 -0.78465027
0 400 -0.033631790429353714 -0.033082764595746994 -0.05577171593904495 0.10877431929111481 0.024328066036105156 0.022066596895456314 0.11175984144210815 -0.08023715764284134 0.04766315966844559 0.07648053020238876 -0.04060858488082886 -0.011120538227260113 -0.07181250303983688 0.0030081975273787975 0.03607621416449547 0.011369701474905014 0.011162993498146534 -0.056035567075014114 0.006976559292525053 -0.07917361706495285 -0.11400091648101807 -0.04273867607116699 -0.14922016859054565 0.008261673152446747 -0.042771752923727036 -0.0643402561545372 0.0380803607404232 -0.039635106921195984 0.05509750545024872 0.00728424359112978 0.16104955971240997 0.01002881582826376 0.05104740709066391 -0.05540374293923378 0.028921160846948624 -0.053753677755594254 -0.06514740735292435 0.009425950236618519 -0.0858890563249588 0.0026211082004010677 -0.02420232817530632 0.03720477595925331 -0.03350672870874405 0.043211985379457474 -0.017705392092466354 -0.04786067456007004 0.23961709439754486 -0.047600746154785156 -0.036833010613918304 -0.07448358088731766 -0.08932185173034668 -0.031093085184693336 0.0553106851875782 -0.02371581457555294 -0.011323668994009495 0.03301629051566124 -0.006934870034456253 -0.12457526475191116 0.10853397101163864 -0.02947142720222473 0.005427470896393061 -0.00024145719362422824 -0.023030603304505348 -4.284800525056198e-05 0.10809262841939926 -0.03652939572930336 -0.015278683044016361 -0.017478229478001595 -0.05456488952040672 0.0063604991883039474 -0.020542580634355545 0.06183190271258354 -0.04278412461280823 -0.06877115368843079 -0.04655352607369423 0.026015011593699455 -0.003326577367261052 0.05813005194067955 -0.04519258067011833 -0.013951937668025494 0.029499834403395653 -0.09271653741598129 -0.11302826553583145 -0.07059770077466965 -0.04749113321304321 0.02017875388264656 -0.032481417059898376 -0.055506277829408646 -0.0054062423296272755 0.008862585760653019 -0.0451185517013073 -0.01822778955101967 0.008352892473340034 -0.10574910044670105 -0.006695946212857962 0.009420364955770887 0.014990073102224175 0.12922465282249443 0.05231871096838033 0.05530245375314795 0.052936882908467174 0.07675899503002315 0.009037106730345799 0.07177255505534778 0.87956864 0.8721548 0.17644018 1.1621623 1.3966241 1.4464681 1.5996666 1.7217681 0.20957148 1.2638102 1.247972 0.5648963 1.6139657 1.9073927 2.072322 2.2165952 2.1547065 0.33888376
1 400 -0.033631790429353714 -0.033082764595746994 -0.05577171593904495 0.10877431929111481 0.024328066036105156 0.022066596895456314 0.11175984144210815 -0.08023715764284134 0.04766315966844559 0.07648053020238876 -0.04060858488082886 -0.011120538227260113 -0.07181250303983688 0.0030081975273787975 0.03607621416449547 0.011369701474905014 0.011162993498146534 -0.056035567075014114 0.006976559292525053 -0.07917361706495285 -0.11400091648101807 -0.04273867607116699 -0.14922016859054565 0.008261673152446747 -0.042771752923727036 -0.0643402561545372 0.0380803607404232 -0.039635106921195984 0.05509750545024872 0.00728424359112978 0.16104955971240997 0.01002881582826376 0.05104740709066391 -0.05540374293923378 0.028921160846948624 -0.053753677755594254 -0.06514740735292435 0.009425950236618519 -0.0858890563249588 0.0026211082004010677 -0.02420232817530632 0.03720477595925331 -0.03350672870874405 0.043211985379457474 -0.017705392092466354 -0.04786067456007004 0.23961709439754486 -0.047600746154785156 -0.036833010613918304 -0.07448358088731766 -0.08932185173034668 -0.031093085184693336 0.0553106851875782 -0.02371581457555294 -0.011323668994009495 0.03301629051566124 -0.006934870034456253 -0.12457526475191116 0.10853397101163864 -0.02947142720222473 0.005427470896393061 -0.00024145719362422824 -0.023030603304505348 -4.284800525056198e-05 0.10809262841939926 -0.03652939572930336 -0.015278683044016361 -0.017478229478001595 -0.05456488952040672 0.0063604991883039474 -0.020542580634355545 0.06183190271258354 -0.04278412461280823 -0.06877115368843079 -0.04655352607369423 0.026015011593699455 -0.003326577367261052 0.05813005194067955 -0.04519258067011833 -0.013951937668025494 0.029499834403395653 -0.09271653741598129 -0.11302826553583145 -0.07059770077466965 -0.04749113321304321 0.02017875388264656 -0.032481417059898376 -0.055506277829408646 -0.0054062423296272755 0.008862585760653019 -0.0451185517013073 -0.01822778955101967 0.008352892473340034 -0.10574910044670105 -0.006695946212857962 0.00415572873064732 0.008184088543905713 0.0964861260062562 0.021275385264532987 0.022081193602801658 0.03245153064492998 0.05069983425232714 0.03444836316593945 0.2388889790685429 -0.06529838 -0.090517014 0.021322966 0.74395925 0.5524557 0.51575655 0.57447916 0.7408572 -0.7057839 -0.018247917 -0.09855656 0.38193613 1.0881281 0.7754453 0.7280248 0.8522468 1.0713998 -0.5503246
2 400 -0.033631790429353714 -0.033082764595746994 -0.05577171593904495 0.10877431929111481 0.024328066036105156 0.022066596895456314 0.11175984144210815 -0.08023715764284134 0.04766315966844559 0.07648053020238876 -0.04060858488082886 -0.011120538227260113 -0.07181250303983688 0.0030081975273787975 0.03607621416449547 0.011369701474905014 0.011162993498146534 -0.056035567075014114 0.006976559292525053 -0.07917361706495285 -0.11400091648101807 -0.04273867607116699 -0.14922016859054565 0.008261673152446747 -0.042771752923727036 -0.0643402561545372 0.0380803607404232 -0.039635106921195984 0.05509750545024872 0.00728424359112978 0.16104955971240997 0.01002881582826376 0.05104740709066391 -0.05540374293923378 0.028921160846948624 -0.053753677755594254 -0.06514740735292435 0.009425950236618519 -0.0858890563249588 0.0026211082004010677 -0.02420232817530632 0.03720477595925331 -0.03350672870874405 0.043211985379457474 -0.017705392092466354 -0.04786067456007004 0.23961709439754486 -0.047600746154785156 -0.036833010613918304 -0.07448358088731766 -0.08932185173034668 -0.031093085184693336 0.0553106851875782 -0.02371581457555294 -0.011323668994009495 0.03301629051566124 -0.006934870034456253 -0.12457526475191116 0.10853397101163864 -0.02947142720222473 0.005427470896393061 -0.00024145719362422824 -0.023030603304505348 -4.284800525056198e-05 0.10809262841939926 -0.03652939572930336 -0.015278683044016361 -0.017478229478001595 -0.05456488952040672 0.0063604991883039474 -0.020542580634355545 0.06183190271258354 -0.04278412461280823 -0.06877115368843079 -0.04655352607369423 0.026015011593699455 -0.003326577367261052 0.05813005194067955 -0.04519258067011833 -0.013951937668025494 0.029499834403395653 -0.09271653741598129 -0.11302826553583145 -0.07059770077466965 -0.04749113321304321 0.02017875388264656 -0.032481417059898376 -0.055506277829408646 -0.0054062423296272755 0.008862585760653019 -0.0451185517013073 -0.01822778955101967 0.008352892473340034 -0.10574910044670105 -0.006695946212857962 0.0011688659595969323 0.0036462553665094206 0.01174578484025591 0.004274470636723022 0.002799110756134907 0.0033391438185791642 0.008359801595028611 0.015869680516011613 0.14654022775745906 -0.5153712 -0.25016743 -0.12754282 0.050857723 -0.026239246 0.19819266 0.7244113 0.55226475 -0.8041541 -0.74513394 -0.37274653 -0.086335704 0.00055395067 -0.03704293 0.20128267 0.9035018 0.8012975 -0.9138772
0 400 -0.03923708572983742 -0.03859655559062958 -0.06506700068712234 0.12690337002277374 0.028382742777466774 0.0257443618029356 0.13038647174835205 -0.0936100110411644 0.05560701712965965 0.08922728151082993 -0.04737667739391327 -0.012973960489034653 -0.08378124982118607 0.0035095636267215014 0.042088914662599564 0.013264650478959084 0.013023491948843002 -0.06537482887506485 0.008139318786561489 -0.0923692137002945 -0.13300105929374695 -0.049861788749694824 -0.1740901917219162 0.009638617746531963 -0.04990037530660629 -0.07506363093852997 0.04442708566784859 -0.04624095559120178 0.0642804205417633 0.00849828403443098 0.1878911405801773 0.011700284667313099 0.0595553033053875 -0.0646376982331276 0.03374135121703148 -0.06271262466907501 -0.07600530236959457 0.010996941477060318 -0.10020389407873154 0.003057959256693721 -0.02823604829609394 0.04340557008981705 -0.03909118101000786 0.05041398108005524 -0.020656289532780647 -0.05583744868636131 0.27955326437950134 -0.05553419888019562 -0.04297184199094772 -0.08689750730991364 -0.10420882701873779 -0.036275263875722885 0.06452912837266922 -0.02766844816505909 -0.013210946694016457 0.0385190024971962 -0.00809068139642477 -0.1453378051519394 0.12662295997142792 -0.03438333049416542 0.006332049146294594 -0.00028170004952698946 -0.026869036257267 -4.998933945898898e-05 0.1261080503463745 -0.04261762648820877 -0.017825130373239517 -0.02039126679301262 -0.06365903466939926 0.007420581765472889 -0.023966344073414803 0.07213721424341202 -0.049914807081222534 -0.08023300766944885 -0.05431244522333145 0.03035084530711174 -0.003881006734445691 0.06781838834285736 -0.052724674344062805 -0.016277259215712547 0.03441647067666054 -0.10816928744316101 -0.13186630606651306 -0.08236397802829742 -0.05540631711483002 0.023541877046227455 -0.03789498656988144 -0.0647573247551918 -0.006307282485067844 0.010339682921767235 -0.052638307213783264 -0.021265754476189613 0.009745040908455849 -0.12337394058704376 -0.007811937015503645 0.005777005778680631 0.008561151502048649 0.06601648447815311 0.023775424255696096 0.026836161662322007 0.023893968327986424 0.03558923180822891 0.003723448921832685 0.026515298256140508 1.3804493 1.3559113 0.6991244 1.6857841 1.8009527 2.0064564 2.109649 2.3766887 0.67119867 1.8752367 1.8510492 1.2118294 2.248398 2.378861 2.768598 2.8535066 2.967722 0.7542408
1 400 -0.03923708572983742 -0.03859655559062958 -0.06506700068712234 0.12690337002277374 0.028382742777466774 0.0257443618029356 0.13038647174835205 -0.0936100110411644 0.05560701712965965 0.08922728151082993 -0.04737667739391327 -0.012973960489034653 -0.08378124982118607 0.0035095636267215014 0.042088914662599564 0.013264650478959084 0.013023491948843002 -0.06537482887506485 0.008139318786561489 -0.0923692137002945 -0.13300105929374695 -0.049861788749694824 -0.1740901917219162 0.009638617746531963 -0.04990037530660629 -0.07506363093852997 0.04442708566784859 -0.04624095559120178 0.0642804205417633 0.00849828403443098 0.1878911405801773 0.011700284667313099 0.0595553033053875 -0.0646376982331276 0.03374135121703148 -0.06271262466907501 -0.07600530236959457 0.010996941477060318 -0.10020389407873154 0.003057959256693721 -0.02823604829609394 0.04340557008981705 -0.03909118101000786 0.05041398108005524 -0.020656289532780647 -0.05583744868636131 0.27955326437950134 -0.05553419888019562 -0.04297184199094772 -0.08689750730991364 -0.10420882701873779 -0.036275263875722885 0.06452912837266922 -0.02766844816505909 -0.013210946694016457 0.0385190024971962 -0.00809068139642477 -0.1453378051519394 0.12662295997142792 -0.03438333049416542 0.006332049146294594 -0.00028170004952698946 -0.026869036257267 -4.998933945898898e-05 0.1261080503463745 -0.04261762648820877 -0.017825130373239517 -0.02039126679301262 -0.06365903466939926 0.007420581765472889 -0.023966344073414803 0.07213721424341202 -0.049914807081222534 -0.08023300766944885 -0.05431244522333145 0.03035084530711174 -0.003881006734445691 0.06781838834285736 -0.052724674344062805 -0.016277259215712547 0.03441647067666054 -0.10816928744316101 -0.13186630606651306 -0.08236397802829742 -0.05540631711483002 0.023541877046227455 -0.03789498656988144 -0.0647573247551918 -0.006307282485067844 0.010339682921767235 -0.052638307213783264 -0.021265754476189613 0.009745040908455849 -0.12337394058704376 -0.007811937015503645 0.0035119789692821877 0.004579990815698349 0.06236277170147449 0.009867334667075697 0.01320435500324286 0.014233461034716757 0.021400621289399187 0.011563063830808323 0.10507907516672892 0.49972826 0.4798292 0.33594894 1.2446544 1.0623991 1.0937884 1.0413911 1.3810396 -0.55188125 0.7137073 0.64936423 0.76176816 1.6905012 1.3947847 1.445679 1.4197291 1.8400338 -0.52146214
2 400 -0.03923708572983742 -0.03859655559062958 -0.06506700068712234 0.12690337002277374 0.028382742777466774 0.0257443618029356 0.13038647174835205 -0.0936100110411644 0.05560701712965965 0.08922728151082993 -0.04737667739391327 -0.012973960489034653 -0.08378124982118607 0.0035095636267215014 0.042088914662599564 0.013264650478959084 0.013023491948843002 -0.06537482887506485 0.008139318786561489 -0.0923692137002945 -0.13300105929374695 -0.049861788749694824 -0.1740901917219162 0.009638617746531963 -0.04990037530660629 -0.07506363093852997 0.04442708566784859 -0.04624095559120178 0.0642804205417633 0.00849828403443098 0.1878911405801773 0.011700284667313099 0.0595553033053875 -0.0646376982331276 0.03374135121703148 -0.06271262466907501 -0.07600530236959457 0.010996941477060318 -0.10020389407873154 0.003057959256693721 -0.02823604829609394 0.04340557008981705 -0.03909118101000786 0.05041398108005524 -0.020656289532780647 -0.05583744868636131 0.27955326437950134 -0.05553419888019562 -0.04297184199094772 -0.08689750730991364 -0.10420882701873779 -0.036275263875722885 0.06452912837266922 -0.02766844816505909 -0.013210946694016457 0.0385190024971962 -0.00809068139642477 -0.1453378051519394 0.12662295997142792 -0.03438333049416542 0.006332049146294594 -0.00028170004952698946 -0.026869036257267 -4.998933945898898e-05 0.1261080503463745 -0.04261762648820877 -0.017825130373239517 -0.02039126679301262 -0.06365903466939926 0.007420581765472889 -0.023966344073414803 0.07213721424341202 -0.049914807081222534 -0.08023300766944885 -0.05431244522333145 0.03035084530711174 -0.003881006734445691 0.06781838834285736 -0.052724674344062805 -0.016277259215712547 0.03441647067666054 -0.10816928744316101 -0.13186630606651306 -0.08236397802829742 -0.05540631711483002 0.023541877046227455 -0.03789498656988144 -0.0647573247551918 -0.006307282485067844 0.010339682921767235 -0.052638307213783264 -0.021265754476189613 0.009745040908455849 -0.12337394058704376 -0.007811937015503645 0.0007748857559028521 0.0014835027324917884 0.006235385221235057 0.0019164444714776239 0.000953341098625534 0.001472975564374669 0.0033057357663096617 0.004148059442269052 0.09492942506541825 -0.100704044 0.10048944 0.092733026 0.40284067 0.2732525 0.48701537 1.0313845 1.1887064 -0.33734503 -0.28907382 -0.013103381 0.15661354 0.3711629 0.20977591 0.48591405 1.2402492 1.5189773 -0.36760587
0 400 -0.04484238475561142 -0.04411035403609276 -0.07436228543519974 0.14503242075443268 0.03243742138147354 0.029422128573060036 0.14901311695575714 -0.10698287934064865 0.06355088204145432 0.10197403281927109 -0.05414477735757828 -0.014827384613454342 -0.09575000405311584 0.0040109301917254925 0.04810161516070366 0.015159601345658302 0.01488399039953947 -0.07471408694982529 0.009302078746259212 -0.10556482523679733 -0.15200121700763702 -0.056984901428222656 -0.19896022975444794 0.011015563271939754 -0.05702900514006615 -0.08578700572252274 0.05077381059527397 -0.05284680798649788 0.07346334308385849 0.009712324477732182 0.21473275125026703 0.013371753506362438 0.06806320697069168 -0.0738716572523117 0.03856154903769493 -0.07167156785726547 -0.086863212287426 0.012567932717502117 -0.11451873928308487 0.003494810778647661 -0.03226977214217186 0.04960636422038078 -0.044675637036561966 0.057615976780653 -0.02360718883574009 -0.06381423026323318 0.319489449262619 -0.06346765905618668 -0.04911067709326744 -0.09931143373250961 -0.1190958023071289 -0.04145744442939758 0.07374757528305054 -0.03162108361721039 -0.015098224394023418 0.04402172192931175 -0.009246493689715862 -0.16610035300254822 0.1447119563817978 -0.03929523751139641 0.007236627396196127 -0.00032194293453358114 -0.03070746921002865 -5.7130673667415977e-05 0.14412349462509155 -0.04870586097240448 -0.0203715767711401 -0.023304304108023643 -0.0727531835436821 0.008480665273964405 -0.02739010751247406 0.08244253695011139 -0.05704549700021744 -0.09169486910104752 -0.062071364372968674 0.034686680883169174 -0.004435436334460974 0.07750673592090607 -0.060256775468587875 -0.018602583557367325 0.03933311253786087 -0.12362205237150192 -0.15070435404777527 -0.0941302701830864 -0.06332150846719742 0.026905003935098648 -0.0433085560798645 -0.07400836795568466 -0.007208322640508413 0.01181678008288145 -0.06015807017683983 -0.024303719401359558 0.011137190274894238 -0.14099879562854767 -0.008927928283810616 0.003082158022302002 0.0037845600391206717 0.03232265641968357 0.01058473745656686 0.01239394811622806 0.010856786779754882 0.016110960503796932 0.0016426375119896798 0.022712486608510163 1.876467 1.862602 1.2210083 2.2109995 2.285054 2.5309556 2.6161697 2.947492 1.1056159 2.473177 2.4767401 1.8374071 2.8846405 2.9664335 3.419139 3.4858365 3.677414 1.3019944
1 400 -0.04484238475561142 -0.04411035403609276 -0.07436228543519974 0.14503242075443268 0.03243742138147354 0.029422128573060036 0.14901311695575714 -0.10698287934064865 0.06355088204145432 0.10197403281927109 -0.05414477735757828 -0.014827384613454342 -0.09575000405311584 0.0040109301917254925 0.04810161516070366 0.015159601345658302 0.01488399039953947 -0.07471408694982529 0.009302078746259212 -0.10556482523679733 -0.15200121700763702 -0.056984901428222656 -0.19896022975444794 0.011015563271939754 -0.05702900514006615 -0.08578700572252274 0.05077381059527397 -0.05284680798649788 0.07346334308385849 0.009712324477732182 0.21473275125026703 0.013371753506362438 0.06806320697069168 -0.0738716572523117 0.03856154903769493 -0.07167156785726547 -0.086863212287426 0.012567932717502117 -0.11451873928308487 0.003494810778647661 -0.03226977214217186 0.04960636422038078 -0.044675637036561966 0.057615976780653 -0.02360718883574009 -0.06381423026323318 0.319489449262619 -0.06346765905618668 -0.04911067709326744 -0.09931143373250961 -0.1190958023071289 -0.04145744442939758 0.07374757528305054 -0.03162108361721039 -0.015098224394023418 0.04402172192931175 -0.009246493689715862 -0.16610035300254822 0.1447119563817978 -0.03929523751139641 0.007236627396196127 -0.00032194293453358114 -0.03070746921002865 -5.7130673667415977e-05 0.14412349462509155 -0.04870586097240448 -0.0203715767711401 -0.023304304108023643 -0.0727531835436821 0.008480665273964405 -0.02739010751247406 0.08244253695011139 -0.05704549700021744 -0.09169486910104752 -0.062071364372968674 0.034686680883169174 -0.004435436334460974 0.07750673592090607 -0.060256775468587875 -0.018602583557367325 0.03933311253786087 -0.12362205237150192 -0.15070435404777527 -0.0941302701830864 -0.06332150846719742 0.026905003935098648 -0.0433085560798645 -0.07400836795568466 -0.007208322640508413 0.01181678008288145 -0.06015807017683983 -0.024303719401359558 0.011137190274894238 -0.14099879562854767 -0.008927928283810616 0.0019270408502315 0.002824163177473162 0.030878229213464087 0.004597079028218908 0.008088287928042674 0.006072489415812916 0.009120779207584988 0.003788202837175255 0.0473348548606822 1.0410113 1.0631742 0.8570662 1.7438433 1.5917501 1.6748514 1.6043313 2.0384076 0.02547139 1.3919326 1.410492 1.3902 2.2925808 2.0339496 2.1672497 2.1228352 2.6430693 0.14086635
2 400 -0.04484238475561142 -0.04411035403609276 -0.07436228543519974 0.14503242075443268 0.03243742138147354 0.029422128573060036 0.14901311695575714 -0.10698287934064865 0.06355088204145432 0.10197403281927109 -0.05414477735757828 -0.014827384613454342 -0.09575000405311584 0.0040109301917254925 0.04810161516070366 0.015159601345658302 0.01488399039953947 -0.07471408694982529 0.009302078746259212 -0.10556482523679733 -0.15200121700763702 -0.056984901428222656 -0.19896022975444794 0.011015563271939754 -0.05702900514006615 -0.08578700572252274 0.05077381059527397 -0.05284680798649788 0.07346334308385849 0.009712324477732182 0.21473275125026703 0.013371753506362438 0.06806320697069168 -0.0738716572523117 0.03856154903769493 -0.07167156785726547 -0.086863212287426 0.012567932717502117 -0.11451873928308487 0.003494810778647661 -0.03226977214217186 0.04960636422038078 -0.044675637036561966 0.057615976780653 -0.02360718883574009 -0.06381423026323318 0.319489449262619 -0.06346765905618668 -0.04911067709326744 -0.09931143373250961 -0.1190958023071289 -0.04145744442939758 0.07374757528305054 -0.03162108361721039 -0.015098224394023418 0.04402172192931175 -0.009246493689715862 -0.16610035300254822 0.1447119563817978 -0.03929523751139641 0.007236627396196127 -0.00032194293453358114 -0.03070746921002865 -5.7130673667415977e-05 0.14412349462509155 -0.04870586097240448 -0.0203715767711401 -0.023304304108023643 -0.0727531835436821 0.008480665273964405 -0.02739010751247406 0.08244253695011139 -0.05704549700021744 -0.09169486910104752 -0.062071364372968674 0.034686680883169174 -0.004435436334460974 0.07750673592090607 -0.060256775468587875 -0.018602583557367325 0.03933311253786087 -0.12362205237150192 -0.15070435404777527 -0.0941302701830864 -0.06332150846719742 0.026905003935098648 -0.0433085560798645 -0.07400836795568466 -0.007208322640508413 0.01181678008288145 -0.06015807017683983 -0.024303719401359558 0.011137190274894238 -0.14099879562854767 -0.008927928283810616 0.0004628601093461807 0.0005671056566573995 0.003845293587367422 0.0011104076180035137 0.0004990764466073799 0.000785312282899547 0.0012625049364759823 0.0012425879107815206 0.04419759093590604 0.5983487 0.599381 0.32377565 0.95336586 0.811487 0.9627932 1.3413799 1.7980485 0.19535464 0.5565339 0.5720834 0.4308688 1.0352843 0.83005697 1.0420843 1.5828441 2.2399755 0.2612986
0 400 -0.05044768005609512 -0.04962414503097534 -0.08365757018327713 0.1631614714860916 0.03649209812283516 0.03309989348053932 0.16763974726200104 -0.12035573273897171 0.07149473577737808 0.11472078412771225 -0.06091286987066269 -0.016680806875228882 -0.10771875083446503 0.004512296058237553 0.054114315658807755 0.017054550349712372 0.01674448885023594 -0.08405334502458572 0.010464838705956936 -0.11876042187213898 -0.1710013598203659 -0.06410801410675049 -0.2238302379846573 0.012392508797347546 -0.0641576275229454 -0.0965103805065155 0.057120535522699356 -0.05945265665650368 0.08264625072479248 0.010926364921033382 0.24157433211803436 0.015043222345411777 0.07657110691070557 -0.08310560882091522 0.043381739407777786 -0.08063051104545593 -0.09772110730409622 0.014138923957943916 -0.1288335770368576 0.003931662067770958 -0.03630349040031433 0.05580715835094452 -0.050260089337825775 0.06481797248125076 -0.026558086276054382 -0.07179100811481476 0.3594256341457367 -0.07140111178159714 -0.05524951219558716 -0.11172536015510559 -0.13398277759552002 -0.04663962498307228 0.08296602219343185 -0.03557371720671654 -0.01698550209403038 0.04952443391084671 -0.010402304120361805 -0.18686288595199585 0.16280095279216766 -0.0442071370780468 0.00814120564609766 -0.0003621857613325119 -0.0345459021627903 -6.427200423786417e-05 0.1621389240026474 -0.05479409173130989 -0.02291802316904068 -0.026217341423034668 -0.08184733241796494 0.009540747851133347 -0.030813870951533318 0.09274784475564957 -0.06417617946863174 -0.10315672308206558 -0.0698302835226059 0.03902251645922661 -0.004989865701645613 0.08719506859779358 -0.06778886914253235 -0.020927906036376953 0.044249746948480606 -0.13907480239868164 -0.16954238712787628 -0.10589654743671417 -0.07123669236898422 0.030268127098679543 -0.048722125589847565 -0.08325941115617752 -0.008109362795948982 0.013293877243995667 -0.0676778256893158 -0.027341684326529503 0.012529337778687477 -0.15862363576889038 -0.010043919086456299 0.0014642507958467614 0.0016685065318608981 0.015559862174987907 0.004680982700663313 0.005940551159797074 0.005131410975156003 0.007223469928514806 0.0007324534176346208 0.013634692152655874 2.3819768 2.3696687 1.7427454 2.737664 2.8154814 3.0457785 3.1212738 3.501862 1.5986667 3.080614 3.1028557 2.4630003 3.5230098 3.618688 4.0494466 4.1166515 4.3665237 1.918644
1 400 -0.05044768005609512 -0.04962414503097534 -0.08365757018327713 0.1631614714860916 0.03649209812283516 0.03309989348053932 0.16763974726200104 -0.12035573273897171 0.07149473577737808 0.11472078412771225 -0.06091286987066269 -0.016680806875228882 -0.10771875083446503 0.004512296058237553 0.054114315658807755 0.017054550349712372 0.01674448885023594 -0.08405334502458572 0.010464838705956936 -0.11876042187213898 -0.1710013598203659 -0.06410801410675049 -0.2238302379846573 0.012392508797347546 -0.0641576275229454 -0.0965103805065155 0.057120535522699356 -0.05945265665650368 0.08264625072479248 0.010926364921033382 0.24157433211803436 0.015043222345411777 0.07657110691070557 -0.08310560882091522 0.043381739407777786 -0.08063051104545593 -0.09772110730409622 0.014138923957943916 -0.1288335770368576 0.003931662067770958 -0.03630349040031433 0.05580715835094452 -0.050260089337825775 0.06481797248125076 -0.026558086276054382 -0.07179100811481476 0.3594256341457367 -0.07140111178159714 -0.05524951219558716 -0.11172536015510559 -0.13398277759552002 -0.04663962498307228 0.08296602219343185 -0.03557371720671654 -0.01698550209403038 0.04952443391084671 -0.010402304120361805 -0.18686288595199585 0.16280095279216766 -0.0442071370780468 0.00814120564609766 -0.0003621857613325119 -0.0345459021627903 -6.427200423786417e-05 0.1621389240026474 -0.05479409173130989 -0.02291802316904068 -0.026217341423034668 -0.08184733241796494 0.009540747851133347 -0.030813870951533318 0.09274784475564957 -0.06417617946863174 -0.10315672308206558 -0.0698302835226059 0.03902251645922661 -0.004989865701645613 0.08719506859779358 -0.06778886914253235 -0.020927906036376953 0.044249746948480606 -0.13907480239868164 -0.16954238712787628 -0.10589654743671417 -0.07123669236898422 0.030268127098679543 -0.048722125589847565 -0.08325941115617752 -0.008109362795948982 0.013293877243995667 -0.0676778256893158 -0.027341684326529503 0.012529337778687477 -0.15862363576889038 -0.010043919086456299 0.0009864723714280415 0.0013028452903820612 0.014988811452388751 0.002198211926869471 0.003543777954106302 0.0025928678409690843 0.0038658600364713126 0.0011050991516893603 0.02007615250781123 1.587822 1.6283474 1.3753936 2.2408597 2.0966823 2.2543755 2.164986 2.6609905 0.6160497 2.0720282 2.118078 2.0143363 2.8958898 2.6564963 2.8873606 2.8230052 3.386736 0.8128889
2 400 -0.05044768005609512 -0.04962414503097534 -0.08365757018327713 0.1631614714860916 0.03649209812283516 0.03309989348053932 0.16763974726200104 -0.12035573273897171 0.07149473577737808 0.11472078412771225 -0.06091286987066269 -0.016680806875228882 -0.10771875083446503 0.004512296058237553 0.054114315658807755 0.017054550349712372 0.01674448885023594 -0.08405334502458572 0.010464838705956936 -0.11876042187213898 -0.1710013598203659 -0.06410801410675049 -0.2238302379846573 0.012392508797347546 -0.0641576275229454 -0.0965103805065155 0.057120535522699356 -0.05945265665650368 0.08264625072479248 0.010926364921033382 0.24157433211803436 0.015043222345411777 0.07657110691070557 -0.08310560882091522 0.043381739407777786 -0.08063051104545593 -0.09772110730409622 0.014138923957943916 -0.1288335770368576 0.003931662067770958 -0.03630349040031433 0.05580715835094452 -0.050260089337825775 0.06481797248125076 -0.026558086276054382 -0.07179100811481476 0.3594256341457367 -0.07140111178159714 -0.05524951219558716 -0.11172536015510559 -0.13398277759552002 -0.04663962498307228 0.08296602219343185 -0.03557371720671654 -0.01698550209403038 0.04952443391084671 -0.010402304120361805 -0.18686288595199585 0.16280095279216766 -0.0442071370780468 0.00814120564609766 -0.0003621857613325119 -0.0345459021627903 -6.427200423786417e-05 0.1621389240026474 -0.05479409173130989 -0.02291802316904068 -0.026217341423034668 -0.08184733241796494 0.009540747851133347 -0.030813870951533318 0.09274784475564957 -0.06417617946863174 -0.10315672308206558 -0.0698302835226059 0.03902251645922661 -0.004989865701645613 0.08719506859779358 -0.06778886914253235 -0.020927906036376953 0.044249746948480606 -0.13907480239868164 -0.16954238712787628 -0.10589654743671417 -0.07123669236898422 0.030268127098679543 -0.048722125589847565 -0.08325941115617752 -0.008109362795948982 0.013293877243995667 -0.0676778256893158 -0.027341684326529503 0.012529337778687477 -0.15862363576889038 -0.010043919086456299 0.0002506485285903321 0.0002402458202740726 0.0022378294802346006 0.0006457901647072364 0.0002992851862673986 0.0004769814526880048 0.0005150977333813387 0.0003793317537722024 0.017063238466542466 1.2080629 1.1143167 0.5562561 1.4933629 1.3812356 1.5905571 1.8474989 2.4180875 0.7739586 1.2913649 1.2122684 0.69527465 1.6882777 1.522307 1.818963 2.2086177 2.9885774 0.93417794
0 400 -0.056052979081869125 -0.055137939751148224 -0.09295285493135452 0.18129052221775055 0.04054677486419678 0.03677766025066376 0.18626639246940613 -0.13372859358787537 0.07943859696388245 0.127467542886734 -0.0676809698343277 -0.018534230068325996 -0.1196875050663948 0.0050136623904109 0.06012701988220215 0.01894950121641159 0.018604988232254982 -0.09339261054992676 0.01162759866565466 -0.13195602595806122 -0.19000151753425598 -0.07123112678527832 -0.24870027601718903 0.013769454322755337 -0.07128625363111496 -0.10723375529050827 0.06346726417541504 -0.06605850905179977 0.09182917326688766 0.012140405364334583 0.2684159278869629 0.01671469211578369 0.08507900685071945 -0.09233956784009933 0.04820193350315094 -0.08958946168422699 -0.10857900977134705 0.01570991612970829 -0.14314842224121094 0.004368513356894255 -0.0403372123837471 0.06200795620679855 -0.05584454536437988 0.07201997190713882 -0.029508985579013824 -0.07976778596639633 0.39936181902885437 -0.0793345719575882 -0.061388347297906876 -0.12413929402828217 -0.14886975288391113 -0.05182180553674698 0.09218446910381317 -0.039526354521512985 -0.018872780725359917 0.05502714961767197 -0.011558116413652897 -0.20762543380260468 0.18088994920253754 -0.049119044095277786 0.00904578436166048 -0.0004024286463391036 -0.0383843369781971 -7.141334208426997e-05 0.18015436828136444 -0.0608823262155056 -0.02546447142958641 -0.02913038060069084 -0.09094148129224777 0.010600831359624863 -0.034237634390592575 0.10305316746234894 -0.07130686938762665 -0.11461858451366425 -0.07758920639753342 0.04335835203528404 -0.005544295534491539 0.09688341617584229 -0.07532096654176712 -0.02325322851538658 0.04916638880968094 -0.15452755987644196 -0.1883804351091385 -0.11766283214092255 -0.07915188372135162 0.033631253987550735 -0.05413569509983063 -0.09251046180725098 -0.009010403417050838 0.014770975336432457 -0.07519758492708206 -0.030379649251699448 0.013921487145125866 -0.1762484908103943 -0.011159909889101982 0.0006979106640272376 0.0007380162893312141 0.007419893320918538 0.002067953293588594 0.002960519420819477 0.002481060786746435 0.003343135497481681 0.0003436305897333482 0.006298100546461321 2.8853939 2.8750231 2.2620502 3.2610834 3.3186738 3.5540555 3.6189768 4.0192914 2.1190898 3.6853852 3.7269754 3.0846536 4.156913 4.2340174 4.667325 4.7315545 5.0142846 2.5429068
1 400 -0.056052979081869125 -0.055137939751148224 -0.09295285493135452 0.18129052221775055 0.04054677486419678 0.03677766025066376 0.18626639246940613 -0.13372859358787537 0.07943859696388245 0.127467542886734 -0.0676809698343277 -0.018534230068325996 -0.1196875050663948 0.0050136623904109 0.06012701988220215 0.01894950121641159 0.018604988232254982 -0.09339261054992676 0.01162759866565466 -0.13195602595806122 -0.19000151753425598 -0.07123112678527832 -0.24870027601718903 0.013769454322755337 -0.07128625363111496 -0.10723375529050827 0.06346726417541504 -0.06605850905179977 0.09182917326688766 0.012140405364334583 0.2684159278869629 0.01671469211578369 0.08507900685071945 -0.09233956784009933 0.04820193350315094 -0.08958946168422699 -0.10857900977134705 0.01570991612970829 -0.14314842224121094 0.004368513356894255 -0.0403372123837471 0.06200795620679855 -0.05584454536437988 0.07201997190713882 -0.029508985579013824 -0.07976778596639633 0.39936181902885437 -0.0793345719575882 -0.061388347297906876 -0.12413929402828217 -0.14886975288391113 -0.05182180553674698 0.09218446910381317 -0.039526354521512985 -0.018872780725359917 0.05502714961767197 -0.011558116413652897 -0.20762543380260468 0.18088994920253754 -0.049119044095277786 0.00904578436166048 -0.0004024286463391036 -0.0383843369781971 -7.141334208426997e-05 0.18015436828136444 -0.0608823262155056 -0.02546447142958641 -0.02913038060069084 -0.09094148129224777 0.010600831359624863 -0.034237634390592575 0.10305316746234894 -0.07130686938762665 -0.11461858451366425 -0.07758920639753342 0.04335835203528404 -0.005544295534491539 0.09688341617584229 -0.07532096654176712 -0.02325322851538658 0.04916638880968094 -0.15452755987644196 -0.1883804351091385 -0.11766283214092255 -0.07915188372135162 0.033631253987550735 -0.05413569509983063 -0.09251046180725098 -0.009010403417050838 0.014770975336432457 -0.07519758492708206 -0.030379649251699448 0.013921487145125866 -0.1762484908103943 -0.011159909889101982 0.0004432038487752977 0.000560210795724317 0.007219785490760557 0.0010544472975218557 0.0015552989759461205 0.0011031601525409783 0.001643701265320913 0.00037969914775339724 0.008084211191135789 2.1485941 2.187125 1.8920236 2.7319727 2.5986006 2.833605 2.7249699 3.2769845 1.2925096 2.7572947 2.8125992 2.6362238 3.4915252 3.2747016 3.6065774 3.522132 4.13679 1.6144273
2 400 -0.056052979081869125 -0.055137939751148224 -0.09295285493135452 0.18129052221775055 0.04054677486419678 0.03677766025066376 0.18626639246940613 -0.13372859358787537 0.07943859696388245 0.127467542886734 -0.0676809698343277 -0.018534230068325996 -0.1196875050663948 0.0050136623904109 0.06012701988220215 0.01894950121641159 0.018604988232254982 -0.09339261054992676 0.01162759866565466 -0.13195602595806122 -0.19000151753425598 -0.07123112678527832 -0.24870027601718903 0.013769454322755337 -0.07128625363111496 -0.10723375529050827 0.06346726417541504 -0.06605850905179977 0.09182917326688766 0.012140405364334583 0.2684159278869629 0.01671469211578369 0.08507900685071945 -0.09233956784009933 0.04820193350315094 -0.08958946168422699 -0.10857900977134705 0.01570991612970829 -0.14314842224121094 0.004368513356894255 -0.0403372123837471 0.06200795620679855 -0.05584454536437988 0.07201997190713882 -0.029508985579013824 -0.07976778596639633 0.39936181902885437 -0.0793345719575882 -0.061388347297906876 -0.12413929402828217 -0.14886975288391113 -0.05182180553674698 0.09218446910381317 -0.039526354521512985 -0.018872780725359917 0.05502714961767197 -0.011558116413652897 -0.20762543380260468 0.18088994920253754 -0.049119044095277786 0.00904578436166048 -0.0004024286463391036 -0.0383843369781971 -7.141334208426997e-05 0.18015436828136444 -0.0608823262155056 -0.02546447142958641 -0.02913038060069084 -0.09094148129224777 0.010600831359624863 -0.034237634390592575 0.10305316746234894 -0.07130686938762665 -0.11461858451366425 -0.07758920639753342 0.04335835203528404 -0.005544295534491539 0.09688341617584229 -0.07532096654176712 -0.02325322851538658 0.04916638880968094 -0.15452755987644196 -0.1883804351091385 -0.11766283214092255 -0.07915188372135162 0.033631253987550735 -0.05413569509983063 -0.09251046180725098 -0.009010403417050838 0.014770975336432457 -0.07519758492708206 -0.030379649251699448 0.013921487145125866 -0.1762484908103943 -0.011159909889101982 0.00014273666896662276 9.911511688469573e-05 0.0013590733283269487 0.00029711738828012627 0.00017321119688598746 0.0002286474487443984 0.00021976805027537538 0.00012069141092030973 0.006457762923556665 1.7358925 1.6177738 1.097193 2.0088787 1.9377451 2.17697 2.3921318 3.0034862 1.292392 1.9258704 1.8399739 1.3456602 2.3163514 2.1933775 2.5499625 2.8946042 3.6908784 1.5294788
-0.5318997 -0.4681454 0.40700167 -0.5615142 
0.2127104 -0.48012292 0.3530302 -0.23310277 
-0.11166043 -0.6775152 0.4879293 -0.28146082 
-0.10126373 -0.815835 -0.52588123 -0.33875057 
-0.43185374 -1.2117178 0.18758102 -0.8129447 
0.4028806 0.0916629 -0.3429676 0.58602965 
0.4218692 0.80732286 -0.5564635 -0.32929927 
0.22391397 -0.4997258 0.47119012 0.20394818 
0.08878214 -0.22461793 -0.28494015 0.005051749 
0.18719684 0.3248998 -0.49746042 0.04735121 
-0.29239455 -0.01447206 0.34598374 -0.2897299 
-0.07321581 0.20281252 -0.014777054 0.16269149 
0.54058796 -0.026989833 0.39847994 0.29006934 
0.44728354 -0.22235999 0.14570108 -0.24598876 
-0.7383983 -0.35917214 -0.3079999 0.019033369 
0.30784705 0.2395758 -0.297366 0.59791297 
-0.76729673 -0.33788082 0.10390805 -0.59565735 
-0.10387278 0.024501583 0.23700273 0.25183654 
0.26896155 0.4696465 -0.31987065 0.6840149 
0.120575786 0.08260017 0.37057808 0.34017926 
-0.08065093 0.10107634 0.71296513 -0.006447111 
0.23127249 -0.24223821 0.120239645 0.44887263 
0.68944675 0.21311232 0.6219432 0.9460529 
0.106623776 -0.36975655 -0.015290476 -0.021677798 
-0.15648554 -0.13115469 0.040464316 0.52051437 
0.058042403 -0.229039 0.2224958 0.48261338 
-0.2283584 -0.39050782 -0.08114518 -0.40695027 
-0.36827138 -0.022697527 0.13448498 0.17923962 
0.14044754 -0.38671845 -0.041284773 -0.6573211 
-0.57369465 -0.16117509 -0.02693277 -0.18921585 
0.179115 -0.74670124 -0.798258 -0.40979126 
0.92757946 0.8062022 0.005416336 0.011833346 
-0.3678708 -0.33898976 -0.17029057 -0.43470576 
-0.16412152 0.51007247 0.19072014 0.28687117 
0.45024267 0.490838 -0.18395986 0.07635523 
0.06493648 0.6315056 0.08933515 0.5548911 
-0.31000027 0.42262545 0.38097936 -0.050761264 
-0.36455065 0.22274163 -0.25766343 0.3475756 
-0.43883467 0.04841773 0.73730135 -0.58402896 
-0.14634518 0.03922124 -0.28214517 0.58800936 
-0.8172771 -0.55619293 0.27866966 -0.46883273 
-0.45229208 -0.16379608 0.028090587 -0.73906404 
0.13988495 -0.09097603 0.5157951 -0.673982 
0.1925114 -0.14008178 -0.36391756 0.28089267 
-0.48669478 0.19278967 0.20702335 -0.3800577 
-0.46096683 0.09204703 0.26244485 -0.03852018 
0.79427946 0.29921302 -1.2497431 -0.45732322 
-0.27489305 -0.41743866 0.15229183 0.32307747 
-0.34201664 0.14665431 0.35002536 -0.38651976 
0.075073846 0.09612089 0.3745175 0.24581897 
0.20002462 0.21555296 0.53830767 0.102749005 
-0.4831923 -0.6884846 0.17260888 -0.005677715 
0.9115118 0.318759 0.074230626 -0.79264444 
-0.23403147 0.112264544 0.02310377 0.22745386 
-0.01953 0.29563215 0.23376164 -0.42088562 
-0.057353538 -0.22212172 -0.23578346 0.06869021 
0.3336916 -0.12876941 0.02203069 0.1581445 
0.106636606 0.37610596 0.9376557 -0.35751018 
-0.21123482 -0.13481398 -0.39210907 -0.7530671 
-0.25458336 0.44961828 0.25064793 -0.26735866 
-0.24682248 -0.38947728 0.17207325 -0.5214653 
0.40569553 0.73910046 -0.08967308 0.25555825 
0.34513673 -0.093069434 0.14117257 0.117388144 
0.103145346 -0.16144332 0.10225996 -0.19807975 
-0.06630849 0.50659394 -0.5536633 -0.3858217 
-0.39348966 -0.027452579 0.27130362 -0.20029086 
-0.32381874 -0.028502213 0.34566638 -0.6795677 
-0.17515188 0.076560445 0.2094477 -0.29098564 
0.07384505 0.19950025 0.3611781 -0.034555167 
-0.9992581 -0.48000467 0.2046808 -0.813239 
-0.21043505 -0.30222145 0.13410284 -0.036711626 
0.19368406 0.06779578 -0.28418887 -0.21145579 
0.45373628 -0.06920845 0.41257694 -0.20263843 
0.45493233 -0.46865568 0.4657295 0.104525894 
-0.40563902 -0.0072842753 0.37867922 -0.30987337 
-0.5175279 -0.184893 -0.16830753 -0.11777521 
0.04532416 -0.5978532 -0.082163475 0.31896985 
-0.15509337 -0.1285838 -0.2336839 -0.3529063 
-0.1053732 0.2833506 0.22206397 0.09685465 
-0.29102963 -0.099539906 0.13905576 -0.191064 
0.2725867 0.11457722 -0.30871212 0.35341603 
0.0022812325 0.09562036 0.4975757 0.20831132 
0.24270345 0.045962974 0.5436891 0.47759068 
0.1578909 0.19762447 0.2814472 0.4215678 
-0.049398437 0.12392732 0.11380382 0.4212185 
0.13561818 0.12151157 -0.08606537 -0.074820526 
0.029866742 -0.18859778 0.13468195 0.19788066 
0.15989713 -0.25144 0.40777996 -0.06198702 
-0.20325309 -0.5216282 0.00942473 0.055446543 
0.34863845 0.31896406 -0.2856796 0.6113358 
-0.048958804 0.02750902 0.35899344 -0.18907365 
-0.48262772 0.10025459 0.2610456 -0.4904187 
-0.4412123 -0.4086481 0.14209738 -0.54638904 
-0.1736874 -0.3279444 0.55422586 0.26432383 
0.06965388 -0.044170577 0.06935173 -0.040123526 
