NR_0029 NR_0031 NR_0028 NR_0024 NYU-65 NR_0027 UCLA049 PL015 NR_0021 KS091 KS096 KS094 NR_0020 NR_0019 SWC_066 UCLA044 KS086 UCLA035 UCLA033 UCLA037 UCLA034 PL017 NYU-45 NYU-48 NYU-47 NYU-46 ibl_witten_29 ZFM-02372 NYU-39 KS051 ZFM-02370 NYU-40 ZFM-01937 ZFM-01935 NYU-37 ibl_witten_26 ZFM-01936 ibl_witten_27 SWC_058 KS044 ibl_witten_25 KS043 KS046 ZFM-01576 SWC_061 SWC_060 KS042 SWC_053 ZFM-01577 ZFM-01592 SWC_052 NYU-30 DY_018 SWC_054 DY_020 SWC_043 CSH_ZAD_029 DY_016 CSH_ZAD_026 ibl_witten_20 ibl_witten_18 NYU-21 CSH_ZAD_019 CSH_ZAD_025 SWC_038 ibl_witten_17 ZM_3003 ibl_witten_19 DY_014 SWC_042 CSHL058 CSH_ZAD_022 CSH_ZAD_011 CSHL060 DY_013 DY_009 CSHL059 DY_008 CSHL045 NYU-11 CSHL052 DY_011 CSHL053 ZM_2241 DY_010 ZM_2240 NYU-12 CSHL047 CSHL049 ZM_1898 KS023 KS016 KS014 ZM_1897 ibl_witten_13 
0 2.4015625 1.1420652 0.8090455 3.383367 1.3413384 0.43955708
1 2.3358052 1.1263431 0.8224562 2.2389016 0.98662996 0.83274335
2 2.3322518 1.1248713 0.8225774 2.2282045 0.9817125 0.83274335
3 2.329809 1.1239687 0.8229215 2.2237666 0.9795907 0.8348684
4 2.3283808 1.123383 0.8228643 2.2211792 0.9784387 0.8348684
5 2.327206 1.1228689 0.8231217 2.2196388 0.9778504 0.8348684
6 2.32637 1.1225061 0.8231065 2.2175405 0.9770198 0.8348684
7 2.3257778 1.1222705 0.82299316 2.2167518 0.97669524 0.8348684
8 2.325229 1.1219777 0.8230163 2.2153316 0.97606915 0.8348684
9 2.3248503 1.1218449 0.82319665 2.213947 0.97564375 0.8348684
10 2.324452 1.1216967 0.8230026 2.21331 0.97543764 0.8348684
11 2.3236928 1.1212777 0.82320154 2.2124324 0.9751254 0.8348684
12 2.3230958 1.1209372 0.82322484 2.2113287 0.97479695 0.8348684
13 2.322646 1.1209319 0.82318234 2.2107549 0.97465193 0.83274335
14 2.3222704 1.1206759 0.8231888 2.2102249 0.9745549 0.83274335
15 2.321836 1.1204871 0.82306296 2.2102115 0.9744971 0.83274335
16 2.3220606 1.1209605 0.8230138 2.2095795 0.9743464 0.83274335
17 2.3212826 1.1204767 0.82288414 2.2088315 0.974376 0.83274335
18 2.3209283 1.1202377 0.82278883 2.208752 0.97441065 0.83274335
19 2.320748 1.1201801 0.82315576 2.2091813 0.97467214 0.83274335
20 2.320376 1.120091 0.8231937 2.208608 0.97440666 0.83274335
21 2.3202462 1.1200491 0.8237635 2.2082517 0.97433436 0.8348684
22 2.3202226 1.1200024 0.823153 2.2084184 0.9743544 0.83274335
23 2.3201013 1.120006 0.8231802 2.2082305 0.9743181 0.8348684
24 2.3198876 1.1199732 0.8231029 2.208058 0.9744077 0.83274335
25 2.319962 1.1199031 0.8231847 2.208434 0.974459 0.83274335
26 2.3196323 1.1199629 0.82349247 2.208054 0.9743571 0.8348684
27 2.3193588 1.1198655 0.82351416 2.2088218 0.97457993 0.8348684
28 2.3192322 1.1198726 0.8238659 2.2085342 0.9743889 0.8348684
29 2.3191912 1.1198634 0.82347405 2.208518 0.97453797 0.8360489
30 2.3189173 1.1198217 0.8235091 2.2086234 0.97460926 0.8348684
31 2.318969 1.1198854 0.8235329 2.2089622 0.9747743 0.8348684
32 2.3184643 1.1196524 0.82365394 2.2082772 0.9744779 0.8348684
33 2.3188994 1.1197466 0.8237358 2.2083988 0.97464275 0.8348684
34 2.3184516 1.1194959 0.8237333 2.2085845 0.97460324 0.8348684
35 2.3186004 1.1194978 0.8234854 2.2087374 0.9746085 0.8348684
36 2.3180635 1.1194586 0.8233033 2.2085047 0.97441775 0.8348684
37 2.3179188 1.1192608 0.8232614 2.2083938 0.9744563 0.8348684
38 2.3181233 1.1193362 0.82366204 2.2083347 0.97426057 0.8348684
39 2.3178883 1.1191307 0.82302547 2.2079282 0.97418827 0.83274335
40 2.317817 1.1191185 0.8232661 2.2078538 0.9744655 0.8348684
41 2.3176367 1.119033 0.82332927 2.2081468 0.9741966 0.8348684
42 2.3177338 1.1193244 0.82329834 2.2080655 0.97422713 0.8348684
43 2.3175817 1.1192865 0.8230158 2.2083216 0.974293 0.8348684
44 2.3172507 1.1191291 0.8230691 2.2087061 0.97460234 0.8348684
45 2.3171716 1.1190557 0.8230671 2.2086673 0.9744847 0.8348684
46 2.3168476 1.1188661 0.8235032 2.2085152 0.97438663 0.8348684
47 2.316665 1.1186615 0.82369936 2.2081392 0.974596 0.8348684
48 2.3165886 1.1188217 0.82356304 2.2086458 0.9745299 0.8348684
49 2.3165712 1.118819 0.8235967 2.2082481 0.9745532 0.8348684
50 2.3163981 1.118794 0.8237009 2.2084222 0.9745241 0.8348684
51 2.3163633 1.118701 0.8234988 2.20854 0.97455716 0.83274335
52 2.3165154 1.1187447 0.82355005 2.208689 0.9748198 0.8348684
53 2.3165786 1.1187267 0.8233112 2.2082732 0.97461283 0.83274335
54 2.3162668 1.1186675 0.8238091 2.2085536 0.9747787 0.8348684
55 2.3161957 1.1186078 0.82355326 2.2086992 0.97471285 0.8348684
56 2.3161447 1.11869 0.8235502 2.2089949 0.97503257 0.83274335
57 2.3160899 1.1186382 0.8238237 2.2085114 0.97485185 0.8348684
58 2.316328 1.1186188 0.8232931 2.2086766 0.9750384 0.83274335
59 2.3158944 1.1185333 0.823107 2.2082438 0.97468853 0.83274335
60 2.3159664 1.1186548 0.8221064 2.2088187 0.9749644 0.83274335
61 2.3160636 1.118657 0.8224818 2.2088752 0.9749888 0.83274335
62 2.3162076 1.1188674 0.8225824 2.2083757 0.9747485 0.83274335
63 2.3158956 1.1186231 0.8225106 2.2087095 0.9749368 0.83274335
64 2.3157144 1.1185008 0.82293355 2.208715 0.9748511 0.83274335
65 2.315615 1.1185106 0.82291025 2.208302 0.97464705 0.83274335
66 2.315685 1.1185639 0.8230865 2.2091496 0.97479314 0.83274335
67 2.3158553 1.1186863 0.82310855 2.2084947 0.9748554 0.83274335
68 2.3156443 1.118646 0.82320374 2.2087173 0.97486615 0.83274335
69 2.3156765 1.1185657 0.82296914 2.2089775 0.9748941 0.83274335
70 2.3155994 1.1184727 0.8225419 2.2088532 0.97497946 0.83274335
71 2.3155515 1.1185272 0.82305384 2.2085905 0.9749146 0.8348684
72 2.3155487 1.1185087 0.8228718 2.2089188 0.9749286 0.8348684
73 2.315448 1.1185123 0.82332665 2.2088623 0.974945 0.8348684
74 2.315434 1.1184171 0.82306814 2.208986 0.9748816 0.83274335
75 2.3153384 1.11847 0.8237045 2.2090993 0.9749019 0.8353656
76 2.3153868 1.1185068 0.82323647 2.2092712 0.97478276 0.83274335
77 2.3153677 1.1186632 0.82354903 2.209341 0.9749176 0.83274335
78 2.3151882 1.1184866 0.82314616 2.2091737 0.97486955 0.83274335
79 2.3149905 1.118434 0.8228833 2.2090204 0.974964 0.8348684
80 2.3149707 1.1183742 0.8230458 2.2093856 0.9750296 0.83324045
81 2.315225 1.1184633 0.8228058 2.2094545 0.97502536 0.83324045
82 2.3149493 1.1183926 0.8230798 2.2095351 0.97499555 0.83324045
83 2.314947 1.1183918 0.8229958 2.2094712 0.9750076 0.83324045
84 2.3150768 1.1184623 0.82289755 2.2096868 0.9749389 0.83324045
85 2.3149023 1.1183649 0.82341474 2.2093306 0.97497153 0.83392394
86 2.3148458 1.118369 0.8237338 2.2093751 0.97498244 0.83392394
87 2.3147295 1.1183207 0.8236636 2.2092743 0.9750617 0.83392394
88 2.3148513 1.1183583 0.823465 2.2093308 0.9750227 0.83392394
89 2.3147643 1.1183696 0.8231497 2.2092094 0.97499377 0.83392394
90 2.314623 1.1184039 0.8228711 2.2091005 0.9750538 0.83392394
91 2.314806 1.1184815 0.8229736 2.209314 0.97507155 0.83392394
92 2.314612 1.1183889 0.8230804 2.2092772 0.97505987 0.8360489
93 2.314681 1.118443 0.82326615 2.2094 0.9750712 0.8360489
94 2.314842 1.11852 0.8239942 2.2103257 0.97578365 0.8360489
95 2.3149357 1.1182507 0.8234965 2.2099414 0.9755011 0.8360489
96 2.3147187 1.1182972 0.82347465 2.2095013 0.97525823 0.8360489
97 2.3149993 1.1185365 0.8234225 2.2095444 0.9752507 0.8360489
98 2.3144248 1.1182537 0.8232424 2.2099648 0.9753317 0.8360489
99 2.314534 1.1182795 0.8233942 2.2098498 0.97526497 0.8360489
0 0 0.0 0.0 0.0 0.0 0.0 0.0 0.0 0.0 0.0 0.0 0.0 0.0 0.0 0.0 0.0 0.0 0.0 0.0 0.0 0.0 0.0 0.0 0.0 0.0 0.0 0.0 0.0 0.0 0.0 0.0 0.0 0.0 0.0 0.0 0.0 0.0 0.0 0.0 0.0 0.0 0.0 0.0 0.0 0.0 0.0 0.0 0.0 0.0 0.0 0.0 0.0 0.0 0.0 0.0 0.0 0.0 0.0 0.0 0.0 0.0 0.0 0.0 0.0 0.0 0.0 0.0 0.0 0.0 0.0 0.0 0.0 0.0 0.0 0.0 0.0 0.0 0.0 0.0 0.0 0.0 0.0 0.0 0.0 0.0 0.0 0.0 0.0 0.0 0.0 0.0 0.0 0.0 0.0 0.0 0.0 0.04960088960091609 0.14667464354769966 0.2797497721611925 0.5160493685897217 0.6698710823207737 0.7704122876445589 0.8722651535467414 0.9319087686559184 0.9809335021819224 -0.94286716 -0.8378805 -0.6595432 -0.51777923 -0.32822737 -0.45890066 -0.5757684 -0.7289791 -1.0016649 -1.0002207 -0.73377866 -0.5055862 -0.29499415 0.006082326 -0.22524881 -0.43868557 -0.68583214 -1.0783862
1 0 0.0 0.0 0.0 0.0 0.0 0.0 0.0 0.0 0.0 0.0 0.0 0.0 0.0 0.0 0.0 0.0 0.0 0.0 0.0 0.0 0.0 0.0 0.0 0.0 0.0 0.0 0.0 0.0 0.0 0.0 0.0 0.0 0.0 0.0 0.0 0.0 0.0 0.0 0.0 0.0 0.0 0.0 0.0 0.0 0.0 0.0 0.0 0.0 0.0 0.0 0.0 0.0 0.0 0.0 0.0 0.0 0.0 0.0 0.0 0.0 0.0 0.0 0.0 0.0 0.0 0.0 0.0 0.0 0.0 0.0 0.0 0.0 0.0 0.0 0.0 0.0 0.0 0.0 0.0 0.0 0.0 0.0 0.0 0.0 0.0 0.0 0.0 0.0 0.0 0.0 0.0 0.0 0.0 0.0 0.0 0.04085066701947242 0.07675189327743868 0.1609456687724949 0.31917656284541185 0.5034272037791993 0.5764241602617881 0.8304742248970932 0.8895710064985647 0.9707661749844185 -1.0297754 -0.9873306 -0.862512 -0.67135847 -0.5695859 -0.63213253 -0.8529607 -0.8960682 -1.0885197 -1.1085349 -0.9377935 -0.76585835 -0.531525 -0.16963702 -0.47080547 -0.75199276 -0.9148315 -1.1784487
2 0 0.0 0.0 0.0 0.0 0.0 0.0 0.0 0.0 0.0 0.0 0.0 0.0 0.0 0.0 0.0 0.0 0.0 0.0 0.0 0.0 0.0 0.0 0.0 0.0 0.0 0.0 0.0 0.0 0.0 0.0 0.0 0.0 0.0 0.0 0.0 0.0 0.0 0.0 0.0 0.0 0.0 0.0 0.0 0.0 0.0 0.0 0.0 0.0 0.0 0.0 0.0 0.0 0.0 0.0 0.0 0.0 0.0 0.0 0.0 0.0 0.0 0.0 0.0 0.0 0.0 0.0 0.0 0.0 0.0 0.0 0.0 0.0 0.0 0.0 0.0 0.0 0.0 0.0 0.0 0.0 0.0 0.0 0.0 0.0 0.0 0.0 0.0 0.0 0.0 0.0 0.0 0.0 0.0 0.0 0.0 0.023203376697452375 0.05361998951507316 0.1122796437465039 0.23627002523579801 0.3537255143058908 0.5160493685897217 0.704859398283349 0.8226403478100381 0.9301042669245131 -1.0023055 -0.85518146 -0.6962835 -0.5286759 -0.36759472 -0.51777923 -0.635785 -0.7128284 -0.98904395 -1.0745711 -0.8503294 -0.61178887 -0.31784457 -0.05033137 -0.29499415 -0.5064192 -0.6290312 -1.0131952
0 400 0.0 0.0 0.0 0.0 0.0 0.0 0.0 0.0 0.0 0.0 0.0 0.0 0.0 0.0 0.0 0.0 0.0 0.0 0.0 0.0 0.0 0.0 0.0 0.0 0.0 0.0 0.0 0.0 0.0 0.0 0.0 0.0 0.0 0.0 0.0 0.0 0.0 0.0 0.0 0.0 0.0 0.0 0.0 0.0 0.0 0.0 0.0 0.0 0.0 0.0 0.0 0.0 0.0 0.0 0.0 0.0 0.0 0.0 0.0 0.0 0.0 0.0 0.0 0.0 0.0 0.0 0.0 0.0 0.0 0.0 0.0 0.0 0.0 0.0 0.0 0.0 0.0 0.0 0.0 0.0 0.0 0.0 0.0 0.0 0.0 0.0 0.0 0.0 0.0 0.0 0.0 0.0 0.0 0.0 0.0 0.04975423615819799 0.14664681775345387 0.2793575216056791 0.5160493685897217 0.6700695580120019 0.7704834559556716 0.8723446139588108 0.9318634515745648 0.9809573331024125 -0.9425502 -0.8380972 -0.6596447 -0.51777923 -0.32829833 -0.45884433 -0.5757907 -0.7286986 -1.001751 -0.99960816 -0.734069 -0.50568426 -0.29499415 0.0059410334 -0.22516467 -0.4387408 -0.68539727 -1.0785465
1 400 0.0 0.0 0.0 0.0 0.0 0.0 0.0 0.0 0.0 0.0 0.0 0.0 0.0 0.0 0.0 0.0 0.0 0.0 0.0 0.0 0.0 0.0 0.0 0.0 0.0 0.0 0.0 0.0 0.0 0.0 0.0 0.0 0.0 0.0 0.0 0.0 0.0 0.0 0.0 0.0 0.0 0.0 0.0 0.0 0.0 0.0 0.0 0.0 0.0 0.0 0.0 0.0 0.0 0.0 0.0 0.0 0.0 0.0 0.0 0.0 0.0 0.0 0.0 0.0 0.0 0.0 0.0 0.0 0.0 0.0 0.0 0.0 0.0 0.0 0.0 0.0 0.0 0.0 0.0 0.0 0.0 0.0 0.0 0.0 0.0 0.0 0.0 0.0 0.0 0.0 0.0 0.0 0.0 0.0 0.0 0.04111682535395354 0.07678536841307461 0.16093442946011602 0.3195832582816658 0.5033670281169635 0.5761392941754362 0.8305355531420814 0.8895108722111238 0.9707735298833663 -1.0291208 -0.9873994 -0.8625759 -0.6712823 -0.569279 -0.6320331 -0.8530967 -0.8960825 -1.0881495 -1.1072646 -0.93788195 -0.76594406 -0.53148144 -0.16997595 -0.47062266 -0.75216305 -0.9148333 -1.1779648
2 400 0.0 0.0 0.0 0.0 0.0 0.0 0.0 0.0 0.0 0.0 0.0 0.0 0.0 0.0 0.0 0.0 0.0 0.0 0.0 0.0 0.0 0.0 0.0 0.0 0.0 0.0 0.0 0.0 0.0 0.0 0.0 0.0 0.0 0.0 0.0 0.0 0.0 0.0 0.0 0.0 0.0 0.0 0.0 0.0 0.0 0.0 0.0 0.0 0.0 0.0 0.0 0.0 0.0 0.0 0.0 0.0 0.0 0.0 0.0 0.0 0.0 0.0 0.0 0.0 0.0 0.0 0.0 0.0 0.0 0.0 0.0 0.0 0.0 0.0 0.0 0.0 0.0 0.0 0.0 0.0 0.0 0.0 0.0 0.0 0.0 0.0 0.0 0.0 0.0 0.0 0.0 0.0 0.0 0.0 0.0 0.02330884107727989 0.053597444029360584 0.11223536356511173 0.23629056337187096 0.35381276268050343 0.5160493685897217 0.7051679397802655 0.822617033871508 0.9301700474159124 -1.0017378 -0.8552911 -0.69639325 -0.5286749 -0.36768067 -0.51777923 -0.6358617 -0.71283877 -0.9888463 -1.0735338 -0.8504828 -0.6119423 -0.31784248 -0.05047141 -0.29499415 -0.50654376 -0.6290246 -1.0129681
0 800 0.0 0.0 0.0 0.0 0.0 0.0 0.0 0.0 0.0 0.0 0.0 0.0 0.0 0.0 0.0 0.0 0.0 0.0 0.0 0.0 0.0 0.0 0.0 0.0 0.0 0.0 0.0 0.0 0.0 0.0 0.0 0.0 0.0 0.0 0.0 0.0 0.0 0.0 0.0 0.0 0.0 0.0 0.0 0.0 0.0 0.0 0.0 0.0 0.0 0.0 0.0 0.0 0.0 0.0 0.0 0.0 0.0 0.0 0.0 0.0 0.0 0.0 0.0 0.0 0.0 0.0 0.0 0.0 0.0 0.0 0.0 0.0 0.0 0.0 0.0 0.0 0.0 0.0 0.0 0.0 0.0 0.0 0.0 0.0 0.0 0.0 0.0 0.0 0.0 0.0 0.0 0.0 0.0 0.0 0.0 0.049657362983078795 0.14664681775345387 0.2792462628386381 0.5160493685897217 0.6700956252928785 0.7704834559556716 0.8721118861947368 0.9315045710116686 0.9808956217179747 -0.9427898 -0.8380972 -0.6596942 -0.51777923 -0.32840368 -0.45884433 -0.5757255 -0.7293184 -1.0013628 -1.0000361 -0.734069 -0.50575626 -0.29499415 0.005761713 -0.22516467 -0.43857917 -0.6861311 -1.0779111
1 800 0.0 0.0 0.0 0.0 0.0 0.0 0.0 0.0 0.0 0.0 0.0 0.0 0.0 0.0 0.0 0.0 0.0 0.0 0.0 0.0 0.0 0.0 0.0 0.0 0.0 0.0 0.0 0.0 0.0 0.0 0.0 0.0 0.0 0.0 0.0 0.0 0.0 0.0 0.0 0.0 0.0 0.0 0.0 0.0 0.0 0.0 0.0 0.0 0.0 0.0 0.0 0.0 0.0 0.0 0.0 0.0 0.0 0.0 0.0 0.0 0.0 0.0 0.0 0.0 0.0 0.0 0.0 0.0 0.0 0.0 0.0 0.0 0.0 0.0 0.0 0.0 0.0 0.0 0.0 0.0 0.0 0.0 0.0 0.0 0.0 0.0 0.0 0.0 0.0 0.0 0.0 0.0 0.0 0.0 0.0 0.04099613424895287 0.07677127449821876 0.1609064861943878 0.31917253099245796 0.5032728965671572 0.5761898491746239 0.8303268151636848 0.8894575540482678 0.9706733302857831 -1.0294667 -0.98739314 -0.8624928 -0.671324 -0.56909597 -0.63205403 -0.8524521 -0.89592004 -1.0877641 -1.1078914 -0.93787503 -0.7658348 -0.5314723 -0.17000389 -0.47065988 -0.7513799 -0.91457725 -1.177325
2 800 0.0 0.0 0.0 0.0 0.0 0.0 0.0 0.0 0.0 0.0 0.0 0.0 0.0 0.0 0.0 0.0 0.0 0.0 0.0 0.0 0.0 0.0 0.0 0.0 0.0 0.0 0.0 0.0 0.0 0.0 0.0 0.0 0.0 0.0 0.0 0.0 0.0 0.0 0.0 0.0 0.0 0.0 0.0 0.0 0.0 0.0 0.0 0.0 0.0 0.0 0.0 0.0 0.0 0.0 0.0 0.0 0.0 0.0 0.0 0.0 0.0 0.0 0.0 0.0 0.0 0.0 0.0 0.0 0.0 0.0 0.0 0.0 0.0 0.0 0.0 0.0 0.0 0.0 0.0 0.0 0.0 0.0 0.0 0.0 0.0 0.0 0.0 0.0 0.0 0.0 0.0 0.0 0.0 0.0 0.0 0.023259608638700136 0.053597444029360584 0.11223536356511173 0.23636623787393554 0.35386410536219237 0.5160493685897217 0.7040872669196682 0.822255524413763 0.9299554781301664 -1.0020847 -0.8552911 -0.69639325 -0.5286712 -0.36773124 -0.51777923 -0.63559335 -0.71276647 -0.98845804 -1.0741268 -0.8504828 -0.6119423 -0.31783473 -0.050553784 -0.29499415 -0.5061077 -0.6288966 -1.0123327
0 400 -0.0315697006881237 0.0014465946005657315 0.04922652617096901 0.04133608937263489 -0.025855906307697296 0.1547992080450058 -0.1534150093793869 0.10389922559261322 -0.0341901071369648 0.06697029620409012 -0.11218686401844025 -0.012186630629003048 0.19757668673992157 0.011743031442165375 0.01579427719116211 0.13949614763259888 -0.06309803575277328 0.1974818855524063 -0.053102992475032806 0.11060668528079987 -0.051129262894392014 -0.010944110341370106 -0.15684983134269714 -0.08810151368379593 0.09948382526636124 -0.16657733917236328 -0.010063556022942066 -0.10106544941663742 0.09505369514226913 -0.1606590300798416 0.08902642130851746 -0.03025750257074833 0.064004085958004 0.1415628045797348 0.07075270265340805 -0.12394019216299057 0.14510279893875122 0.056255925446748734 0.1494743376970291 -0.18161436915397644 -0.08030474931001663 -0.09331537783145905 0.15927718579769135 0.16974611580371857 -0.12019370496273041 0.19013530015945435 0.14439423382282257 -0.13266117870807648 0.12417532503604889 -0.0035918119829148054 -0.017483044415712357 -0.08957529813051224 -0.09713486582040787 0.11756927520036697 -0.058009229600429535 0.13730743527412415 0.0045826733112335205 -0.06957901269197464 0.08244401961565018 -0.053532738238573074 0.11076188832521439 0.10280823707580566 0.03888801112771034 0.09858492016792297 0.020090429112315178 0.02111208625137806 0.11922059208154678 0.11386219412088394 0.15397152304649353 -0.02956804819405079 -0.07912740111351013 0.06656387448310852 0.09537842869758606 0.1367792785167694 0.10838666558265686 -0.05719784274697304 -0.023866591975092888 -0.07627134770154953 -0.08984985947608948 -0.11820609867572784 0.05733383819460869 0.10626398772001266 -0.14678320288658142 0.11390649527311325 -0.06321348249912262 0.028058234602212906 -0.11925693601369858 -0.0072083501145243645 0.026668895035982132 0.10114159435033798 0.11168865114450455 0.12320782989263535 -0.13223586976528168 0.11140035092830658 0.04879302158951759 0.12347930390746871 0.1611162170656648 0.24644235652794586 0.5160493685897217 0.5887281607192799 0.7961050998945531 0.8844196787513527 0.9383169549906724 0.9813222577984777 -0.84944177 -0.87988985 -0.68251693 -0.51777923 -0.3446114 -0.4839977 -0.70174485 -0.7566848 -1.0201087 -0.81661737 -0.78900373 -0.53130484 -0.29499415 -0.01257506 -0.27105635 -0.6036763 -0.7298943 -1.1037117
1 400 -0.0315697006881237 0.0014465946005657315 0.04922652617096901 0.04133608937263489 -0.025855906307697296 0.1547992080450058 -0.1534150093793869 0.10389922559261322 -0.0341901071369648 0.06697029620409012 -0.11218686401844025 -0.012186630629003048 0.19757668673992157 0.011743031442165375 0.01579427719116211 0.13949614763259888 -0.06309803575277328 0.1974818855524063 -0.053102992475032806 0.11060668528079987 -0.051129262894392014 -0.010944110341370106 -0.15684983134269714 -0.08810151368379593 0.09948382526636124 -0.16657733917236328 -0.010063556022942066 -0.10106544941663742 0.09505369514226913 -0.1606590300798416 0.08902642130851746 -0.03025750257074833 0.064004085958004 0.1415628045797348 0.07075270265340805 -0.12394019216299057 0.14510279893875122 0.056255925446748734 0.1494743376970291 -0.18161436915397644 -0.08030474931001663 -0.09331537783145905 0.15927718579769135 0.16974611580371857 -0.12019370496273041 0.19013530015945435 0.14439423382282257 -0.13266117870807648 0.12417532503604889 -0.0035918119829148054 -0.017483044415712357 -0.08957529813051224 -0.09713486582040787 0.11756927520036697 -0.058009229600429535 0.13730743527412415 0.0045826733112335205 -0.06957901269197464 0.08244401961565018 -0.053532738238573074 0.11076188832521439 0.10280823707580566 0.03888801112771034 0.09858492016792297 0.020090429112315178 0.02111208625137806 0.11922059208154678 0.11386219412088394 0.15397152304649353 -0.02956804819405079 -0.07912740111351013 0.06656387448310852 0.09537842869758606 0.1367792785167694 0.10838666558265686 -0.05719784274697304 -0.023866591975092888 -0.07627134770154953 -0.08984985947608948 -0.11820609867572784 0.05733383819460869 0.10626398772001266 -0.14678320288658142 0.11390649527311325 -0.06321348249912262 0.028058234602212906 -0.11925693601369858 -0.0072083501145243645 0.026668895035982132 0.10114159435033798 0.11168865114450455 0.12320782989263535 -0.13223586976528168 0.11140035092830658 0.04879302158951759 0.13302434004062752 0.08822333686032831 0.1670894725167699 0.4809055687557407 0.4377395573703048 0.6229357327739992 0.8474834247633696 0.9043302155085973 0.9722334601243471 -0.9291942 -1.058184 -0.91473716 -0.623137 -0.45680916 -0.6327473 -0.84077764 -0.9765631 -1.1150913 -0.89243126 -1.0311749 -0.8351402 -0.48662543 -0.16291517 -0.47781098 -0.7448063 -0.96902215 -1.2157485
2 400 -0.0315697006881237 0.0014465946005657315 0.04922652617096901 0.04133608937263489 -0.025855906307697296 0.1547992080450058 -0.1534150093793869 0.10389922559261322 -0.0341901071369648 0.06697029620409012 -0.11218686401844025 -0.012186630629003048 0.19757668673992157 0.011743031442165375 0.01579427719116211 0.13949614763259888 -0.06309803575277328 0.1974818855524063 -0.053102992475032806 0.11060668528079987 -0.051129262894392014 -0.010944110341370106 -0.15684983134269714 -0.08810151368379593 0.09948382526636124 -0.16657733917236328 -0.010063556022942066 -0.10106544941663742 0.09505369514226913 -0.1606590300798416 0.08902642130851746 -0.03025750257074833 0.064004085958004 0.1415628045797348 0.07075270265340805 -0.12394019216299057 0.14510279893875122 0.056255925446748734 0.1494743376970291 -0.18161436915397644 -0.08030474931001663 -0.09331537783145905 0.15927718579769135 0.16974611580371857 -0.12019370496273041 0.19013530015945435 0.14439423382282257 -0.13266117870807648 0.12417532503604889 -0.0035918119829148054 -0.017483044415712357 -0.08957529813051224 -0.09713486582040787 0.11756927520036697 -0.058009229600429535 0.13730743527412415 0.0045826733112335205 -0.06957901269197464 0.08244401961565018 -0.053532738238573074 0.11076188832521439 0.10280823707580566 0.03888801112771034 0.09858492016792297 0.020090429112315178 0.02111208625137806 0.11922059208154678 0.11386219412088394 0.15397152304649353 -0.02956804819405079 -0.07912740111351013 0.06656387448310852 0.09537842869758606 0.1367792785167694 0.10838666558265686 -0.05719784274697304 -0.023866591975092888 -0.07627134770154953 -0.08984985947608948 -0.11820609867572784 0.05733383819460869 0.10626398772001266 -0.14678320288658142 0.11390649527311325 -0.06321348249912262 0.028058234602212906 -0.11925693601369858 -0.0072083501145243645 0.026668895035982132 0.10114159435033798 0.11168865114450455 0.12320782989263535 -0.13223586976528168 0.11140035092830658 0.04879302158951759 0.05335197591524952 0.09282998957121585 0.17912273801333373 0.22382398997272895 0.3237566011571491 0.517589055130006 0.7581539476007902 0.8756687477080343 0.9362692393174751 -0.8945972 -0.8803091 -0.7144754 -0.5380477 -0.33745122 -0.5200577 -0.63249236 -0.7649241 -1.0232207 -0.8900709 -0.81420946 -0.56774986 -0.34634858 -0.0012251437 -0.2915255 -0.5055132 -0.6309024 -1.0622714
0 400 -0.028412729501724243 0.001301935059018433 0.04430387169122696 0.03720248118042946 -0.023270314559340477 0.1393192857503891 -0.13807350397109985 0.09350930154323578 -0.03077109530568123 0.06027326360344887 -0.10096817463636398 -0.010967967100441456 0.17781901359558105 0.010568727739155293 0.014214849099516869 0.12554652988910675 -0.056788232177495956 0.17773368954658508 -0.047792691737413406 0.09954601526260376 -0.04601633548736572 -0.009849699214100838 -0.1411648392677307 -0.07929135859012604 0.0895354375243187 -0.14991959929466248 -0.009057200513780117 -0.09095890074968338 0.08554832637310028 -0.14459311962127686 0.08012377470731735 -0.027231751009821892 0.05760367587208748 0.1274065226316452 0.06367743015289307 -0.11154617369174957 0.13059251010417938 0.05063033103942871 0.13452689349651337 -0.16345292329788208 -0.07227427512407303 -0.08398383855819702 0.14334946870803833 0.1527715027332306 -0.10817433148622513 0.1711217612028122 0.12995480000972748 -0.11939505487680435 0.111757792532444 -0.003232630668208003 -0.01573473960161209 -0.0806177631020546 -0.08742137998342514 0.10581234842538834 -0.0522083044052124 0.12357668578624725 0.0041244057938456535 -0.062621109187603 0.0741996169090271 -0.04817946255207062 0.09968569874763489 0.09252741187810898 0.03499921038746834 0.08872642368078232 0.018081385642290115 0.01900087669491768 0.10729853063821793 0.10247597098350525 0.13857436180114746 -0.026611242443323135 -0.07121466100215912 0.05990748479962349 0.08584058284759521 0.12310134619474411 0.0975479930639267 -0.051478058099746704 -0.021479932591319084 -0.0686442106962204 -0.08086486905813217 -0.1063854843378067 0.05160045251250267 0.09563758969306946 -0.13210487365722656 0.10251584649085999 -0.05689213424921036 0.025252411141991615 -0.10733123868703842 -0.006487514823675156 0.02400200441479683 0.09102743119001389 0.10051978379487991 0.11088704317808151 -0.11901228129863739 0.10026030987501144 0.043913718312978745 0.11189674445158829 0.15961570793949534 0.24931765087989258 0.5160493685897217 0.604508028968162 0.7932398696317579 0.8847536695848827 0.9412774752067422 0.9821384018625777 -0.85935426 -0.8756781 -0.67589045 -0.51777923 -0.3404614 -0.47858945 -0.7049962 -0.7497009 -1.0199313 -0.8366413 -0.7834672 -0.5228297 -0.29499415 -0.0072766244 -0.261564 -0.60647935 -0.72127247 -1.1051033
1 400 -0.028412729501724243 0.001301935059018433 0.04430387169122696 0.03720248118042946 -0.023270314559340477 0.1393192857503891 -0.13807350397109985 0.09350930154323578 -0.03077109530568123 0.06027326360344887 -0.10096817463636398 -0.010967967100441456 0.17781901359558105 0.010568727739155293 0.014214849099516869 0.12554652988910675 -0.056788232177495956 0.17773368954658508 -0.047792691737413406 0.09954601526260376 -0.04601633548736572 -0.009849699214100838 -0.1411648392677307 -0.07929135859012604 0.0895354375243187 -0.14991959929466248 -0.009057200513780117 -0.09095890074968338 0.08554832637310028 -0.14459311962127686 0.08012377470731735 -0.027231751009821892 0.05760367587208748 0.1274065226316452 0.06367743015289307 -0.11154617369174957 0.13059251010417938 0.05063033103942871 0.13452689349651337 -0.16345292329788208 -0.07227427512407303 -0.08398383855819702 0.14334946870803833 0.1527715027332306 -0.10817433148622513 0.1711217612028122 0.12995480000972748 -0.11939505487680435 0.111757792532444 -0.003232630668208003 -0.01573473960161209 -0.0806177631020546 -0.08742137998342514 0.10581234842538834 -0.0522083044052124 0.12357668578624725 0.0041244057938456535 -0.062621109187603 0.0741996169090271 -0.04817946255207062 0.09968569874763489 0.09252741187810898 0.03499921038746834 0.08872642368078232 0.018081385642290115 0.01900087669491768 0.10729853063821793 0.10247597098350525 0.13857436180114746 -0.026611242443323135 -0.07121466100215912 0.05990748479962349 0.08584058284759521 0.12310134619474411 0.0975479930639267 -0.051478058099746704 -0.021479932591319084 -0.0686442106962204 -0.08086486905813217 -0.1063854843378067 0.05160045251250267 0.09563758969306946 -0.13210487365722656 0.10251584649085999 -0.05689213424921036 0.025252411141991615 -0.10733123868703842 -0.006487514823675156 0.02400200441479683 0.09102743119001389 0.10051978379487991 0.11088704317808151 -0.11901228129863739 0.10026030987501144 0.043913718312978745 0.11596526315184122 0.08739748001776662 0.1648058006179809 0.45400344320524416 0.4498475627086454 0.6168338583418858 0.8426135373787546 0.9003403252809848 0.971661849820542 -0.94286 -1.0488935 -0.90791905 -0.63066834 -0.48651898 -0.6310246 -0.85634154 -0.9703555 -1.1166759 -0.9202833 -1.0188658 -0.826167 -0.49502462 -0.149355 -0.47446328 -0.7590692 -0.9584527 -1.2171097
2 400 -0.028412729501724243 0.001301935059018433 0.04430387169122696 0.03720248118042946 -0.023270314559340477 0.1393192857503891 -0.13807350397109985 0.09350930154323578 -0.03077109530568123 0.06027326360344887 -0.10096817463636398 -0.010967967100441456 0.17781901359558105 0.010568727739155293 0.014214849099516869 0.12554652988910675 -0.056788232177495956 0.17773368954658508 -0.047792691737413406 0.09954601526260376 -0.04601633548736572 -0.009849699214100838 -0.1411648392677307 -0.07929135859012604 0.0895354375243187 -0.14991959929466248 -0.009057200513780117 -0.09095890074968338 0.08554832637310028 -0.14459311962127686 0.08012377470731735 -0.027231751009821892 0.05760367587208748 0.1274065226316452 0.06367743015289307 -0.11154617369174957 0.13059251010417938 0.05063033103942871 0.13452689349651337 -0.16345292329788208 -0.07227427512407303 -0.08398383855819702 0.14334946870803833 0.1527715027332306 -0.10817433148622513 0.1711217612028122 0.12995480000972748 -0.11939505487680435 0.111757792532444 -0.003232630668208003 -0.01573473960161209 -0.0806177631020546 -0.08742137998342514 0.10581234842538834 -0.0522083044052124 0.12357668578624725 0.0041244057938456535 -0.062621109187603 0.0741996169090271 -0.04817946255207062 0.09968569874763489 0.09252741187810898 0.03499921038746834 0.08872642368078232 0.018081385642290115 0.01900087669491768 0.10729853063821793 0.10247597098350525 0.13857436180114746 -0.026611242443323135 -0.07121466100215912 0.05990748479962349 0.08584058284759521 0.12310134619474411 0.0975479930639267 -0.051478058099746704 -0.021479932591319084 -0.0686442106962204 -0.08086486905813217 -0.1063854843378067 0.05160045251250267 0.09563758969306946 -0.13210487365722656 0.10251584649085999 -0.05689213424921036 0.025252411141991615 -0.10733123868703842 -0.006487514823675156 0.02400200441479683 0.09102743119001389 0.10051978379487991 0.11088704317808151 -0.11901228129863739 0.10026030987501144 0.043913718312978745 0.047217622383844735 0.08172625132059971 0.17429842281749228 0.2160248539336954 0.3282422687487958 0.5173452270529494 0.7516387256023527 0.8687494516015255 0.9340902826554794 -0.9102906 -0.8742427 -0.7180779 -0.5372193 -0.34204853 -0.51969683 -0.6334902 -0.7628645 -1.0211425 -0.9164604 -0.8248538 -0.5727731 -0.33799562 -0.008714557 -0.29207486 -0.50572026 -0.6269269 -1.0582163
0 400 -0.025255760177969933 0.0011572757503017783 0.03938122093677521 0.03306887298822403 -0.020684724673628807 0.123839370906353 -0.1227320060133934 0.08311938494443893 -0.02735208533704281 0.053576238453388214 -0.08974949270486832 -0.009749304503202438 0.15806135535240173 0.009394424967467785 0.012635421939194202 0.11159691959619522 -0.05047842860221863 0.15798550844192505 -0.042482394725084305 0.08848535269498825 -0.04090341180562973 -0.00875528808683157 -0.12547986209392548 -0.07048121094703674 0.07958706468343735 -0.13326187431812286 -0.008050845004618168 -0.08085235953330994 0.07604295760393143 -0.1285272240638733 0.07122113555669785 -0.024206003174185753 0.05120326951146126 0.1132502481341362 0.05660216137766838 -0.09915215522050858 0.11608224362134933 0.04500474035739899 0.11957947164773941 -0.1452914923429489 -0.06424380093812943 -0.0746523067355156 0.12742175161838531 0.13579688966274261 -0.09615496546030045 0.15210823714733124 0.11551538854837418 -0.10612894594669342 0.09934026002883911 -0.0028734495863318443 -0.0139864357188344 -0.07166024297475815 -0.07770789414644241 0.0940554216504097 -0.04640738293528557 0.10984595119953156 0.003666138742119074 -0.05566320940852165 0.06595521420240402 -0.04282619059085846 0.08860950917005539 0.08224659413099289 0.031110409647226334 0.07886793464422226 0.016072344034910202 0.016889669001102448 0.09537647664546967 0.09108975529670715 0.12317722290754318 -0.02365443855524063 -0.0633019208908081 0.05325109884142876 0.07630274444818497 0.10942342132329941 0.08670933544635773 -0.04575827345252037 -0.01909327320754528 -0.061017077416181564 -0.07187988609075546 -0.09456487745046616 0.04586707055568695 0.08501119166612625 -0.1174265667796135 0.09112519770860672 -0.050570785999298096 0.022446587681770325 -0.09540554881095886 -0.005766679998487234 0.021335115656256676 0.08091327548027039 0.08935092389583588 0.09856626391410828 -0.1057887002825737 0.0891202837228775 0.039034418761730194 0.10192886765284406 0.1581394913932957 0.25218690445153985 0.5160493685897217 0.6241030888817821 0.7852478830009291 0.8849066521738718 0.9424963331149364 0.9820658169635289 -0.8684825 -0.8715192 -0.66923064 -0.51777923 -0.33791777 -0.47238046 -0.69145525 -0.7443477 -1.0181228 -0.8552259 -0.7780003 -0.51430786 -0.29499415 -0.005097151 -0.24996564 -0.58860934 -0.71410215 -1.1025459
1 400 -0.025255760177969933 0.0011572757503017783 0.03938122093677521 0.03306887298822403 -0.020684724673628807 0.123839370906353 -0.1227320060133934 0.08311938494443893 -0.02735208533704281 0.053576238453388214 -0.08974949270486832 -0.009749304503202438 0.15806135535240173 0.009394424967467785 0.012635421939194202 0.11159691959619522 -0.05047842860221863 0.15798550844192505 -0.042482394725084305 0.08848535269498825 -0.04090341180562973 -0.00875528808683157 -0.12547986209392548 -0.07048121094703674 0.07958706468343735 -0.13326187431812286 -0.008050845004618168 -0.08085235953330994 0.07604295760393143 -0.1285272240638733 0.07122113555669785 -0.024206003174185753 0.05120326951146126 0.1132502481341362 0.05660216137766838 -0.09915215522050858 0.11608224362134933 0.04500474035739899 0.11957947164773941 -0.1452914923429489 -0.06424380093812943 -0.0746523067355156 0.12742175161838531 0.13579688966274261 -0.09615496546030045 0.15210823714733124 0.11551538854837418 -0.10612894594669342 0.09934026002883911 -0.0028734495863318443 -0.0139864357188344 -0.07166024297475815 -0.07770789414644241 0.0940554216504097 -0.04640738293528557 0.10984595119953156 0.003666138742119074 -0.05566320940852165 0.06595521420240402 -0.04282619059085846 0.08860950917005539 0.08224659413099289 0.031110409647226334 0.07886793464422226 0.016072344034910202 0.016889669001102448 0.09537647664546967 0.09108975529670715 0.12317722290754318 -0.02365443855524063 -0.0633019208908081 0.05325109884142876 0.07630274444818497 0.10942342132329941 0.08670933544635773 -0.04575827345252037 -0.01909327320754528 -0.061017077416181564 -0.07187988609075546 -0.09456487745046616 0.04586707055568695 0.08501119166612625 -0.1174265667796135 0.09112519770860672 -0.050570785999298096 0.022446587681770325 -0.09540554881095886 -0.005766679998487234 0.021335115656256676 0.08091327548027039 0.08935092389583588 0.09856626391410828 -0.1057887002825737 0.0891202837228775 0.039034418761730194 0.10084181667142068 0.0855119634268558 0.16364625817216086 0.4304794294190119 0.4624208324338794 0.6106365719682004 0.8347435734043086 0.8962291624778329 0.9710287278669509 -0.9564961 -1.0382624 -0.90555596 -0.6378387 -0.51653665 -0.6292897 -0.8658519 -0.96317697 -1.1179078 -0.948102 -1.004862 -0.8230754 -0.5026751 -0.13649407 -0.47108978 -0.7667599 -0.947258 -1.2179372
2 400 -0.025255760177969933 0.0011572757503017783 0.03938122093677521 0.03306887298822403 -0.020684724673628807 0.123839370906353 -0.1227320060133934 0.08311938494443893 -0.02735208533704281 0.053576238453388214 -0.08974949270486832 -0.009749304503202438 0.15806135535240173 0.009394424967467785 0.012635421939194202 0.11159691959619522 -0.05047842860221863 0.15798550844192505 -0.042482394725084305 0.08848535269498825 -0.04090341180562973 -0.00875528808683157 -0.12547986209392548 -0.07048121094703674 0.07958706468343735 -0.13326187431812286 -0.008050845004618168 -0.08085235953330994 0.07604295760393143 -0.1285272240638733 0.07122113555669785 -0.024206003174185753 0.05120326951146126 0.1132502481341362 0.05660216137766838 -0.09915215522050858 0.11608224362134933 0.04500474035739899 0.11957947164773941 -0.1452914923429489 -0.06424380093812943 -0.0746523067355156 0.12742175161838531 0.13579688966274261 -0.09615496546030045 0.15210823714733124 0.11551538854837418 -0.10612894594669342 0.09934026002883911 -0.0028734495863318443 -0.0139864357188344 -0.07166024297475815 -0.07770789414644241 0.0940554216504097 -0.04640738293528557 0.10984595119953156 0.003666138742119074 -0.05566320940852165 0.06595521420240402 -0.04282619059085846 0.08860950917005539 0.08224659413099289 0.031110409647226334 0.07886793464422226 0.016072344034910202 0.016889669001102448 0.09537647664546967 0.09108975529670715 0.12317722290754318 -0.02365443855524063 -0.0633019208908081 0.05325109884142876 0.07630274444818497 0.10942342132329941 0.08670933544635773 -0.04575827345252037 -0.01909327320754528 -0.061017077416181564 -0.07187988609075546 -0.09456487745046616 0.04586707055568695 0.08501119166612625 -0.1174265667796135 0.09112519770860672 -0.050570785999298096 0.022446587681770325 -0.09540554881095886 -0.005766679998487234 0.021335115656256676 0.08091327548027039 0.08935092389583588 0.09856626391410828 -0.1057887002825737 0.0891202837228775 0.039034418761730194 0.041733534319035696 0.07302489972078445 0.1686591316268604 0.20925038166468915 0.3329024857695296 0.5171011504574222 0.7448339160953642 0.86100595937574 0.9319538636560913 -0.9260402 -0.86873007 -0.7213919 -0.53515023 -0.34679085 -0.5193356 -0.63447744 -0.7584808 -1.0191439 -0.94293857 -0.8312391 -0.57843494 -0.33293623 -0.016440183 -0.2926247 -0.5058973 -0.6200594 -1.0543306
0 400 -0.022098790854215622 0.0010126162087544799 0.03445856645703316 0.02893526293337345 -0.018099134787917137 0.1083594411611557 -0.10739050805568695 0.0727294534444809 -0.02393307536840439 0.046879205852746964 -0.07853080332279205 -0.008530640974640846 0.13830368220806122 0.008220122195780277 0.011055993847548962 0.0976473018527031 -0.0441686250269413 0.13823731243610382 -0.037172093987464905 0.07742467522621155 -0.03579048439860344 -0.007660876959562302 -0.10979487746953964 -0.06167105957865715 0.0696386769413948 -0.11660413444042206 -0.007044489029794931 -0.0707458108663559 0.06653758883476257 -0.11246132105588913 0.06231849268078804 -0.021180251613259315 0.04480285942554474 0.099093958735466 0.049526892602443695 -0.08675813674926758 0.1015719547867775 0.039379145950078964 0.10463203489780426 -0.12713006138801575 -0.05621332302689552 -0.06532076001167297 0.1114940270781517 0.11882227659225464 -0.08413559198379517 0.13309471309185028 0.10107596218585968 -0.0928628221154213 0.08692272752523422 -0.002514268271625042 -0.012238130904734135 -0.0627027079463005 -0.06799440830945969 0.08229849487543106 -0.040606461465358734 0.09611520171165466 0.003207871224731207 -0.04870530962944031 0.057710811495780945 -0.037472914904356 0.07753331959247589 0.0719657614827156 0.02722160704433918 0.0690094456076622 0.01406330056488514 0.014778460375964642 0.08345441520214081 0.07970353215932846 0.10778006166219711 -0.020697632804512978 -0.05538918077945709 0.046594712883234024 0.06676489859819412 0.0957454964518547 0.07587066292762756 -0.04003848880529404 -0.016706613823771477 -0.05338994413614273 -0.06289490312337875 -0.08274427056312561 0.04013368487358093 0.07438479363918304 -0.10274823755025864 0.07973454892635345 -0.044249437749385834 0.019640764221549034 -0.0834798514842987 -0.005045845173299313 0.018668226897716522 0.07079911231994629 0.07818205654621124 0.08624547719955444 -0.09256510436534882 0.07798024266958237 0.034155115485191345 0.09193741449168827 0.1566743633501499 0.2570339246094596 0.5160493685897217 0.6419347865097862 0.7735886039881836 0.8850610183475293 0.9415356313257252 0.9819728872345165 -0.8806383 -0.8673603 -0.6662369 -0.51777923 -0.33554012 -0.4658532 -0.67794466 -0.7407136 -1.0158798 -0.8778169 -0.7725334 -0.5106214 -0.29499415 -0.0030461252 -0.23733792 -0.57077914 -0.70820534 -1.099369
1 400 -0.022098790854215622 0.0010126162087544799 0.03445856645703316 0.02893526293337345 -0.018099134787917137 0.1083594411611557 -0.10739050805568695 0.0727294534444809 -0.02393307536840439 0.046879205852746964 -0.07853080332279205 -0.008530640974640846 0.13830368220806122 0.008220122195780277 0.011055993847548962 0.0976473018527031 -0.0441686250269413 0.13823731243610382 -0.037172093987464905 0.07742467522621155 -0.03579048439860344 -0.007660876959562302 -0.10979487746953964 -0.06167105957865715 0.0696386769413948 -0.11660413444042206 -0.007044489029794931 -0.0707458108663559 0.06653758883476257 -0.11246132105588913 0.06231849268078804 -0.021180251613259315 0.04480285942554474 0.099093958735466 0.049526892602443695 -0.08675813674926758 0.1015719547867775 0.039379145950078964 0.10463203489780426 -0.12713006138801575 -0.05621332302689552 -0.06532076001167297 0.1114940270781517 0.11882227659225464 -0.08413559198379517 0.13309471309185028 0.10107596218585968 -0.0928628221154213 0.08692272752523422 -0.002514268271625042 -0.012238130904734135 -0.0627027079463005 -0.06799440830945969 0.08229849487543106 -0.040606461465358734 0.09611520171165466 0.003207871224731207 -0.04870530962944031 0.057710811495780945 -0.037472914904356 0.07753331959247589 0.0719657614827156 0.02722160704433918 0.0690094456076622 0.01406330056488514 0.014778460375964642 0.08345441520214081 0.07970353215932846 0.10778006166219711 -0.020697632804512978 -0.05538918077945709 0.046594712883234024 0.06676489859819412 0.0957454964518547 0.07587066292762756 -0.04003848880529404 -0.016706613823771477 -0.05338994413614273 -0.06289490312337875 -0.08274427056312561 0.04013368487358093 0.07438479363918304 -0.10274823755025864 0.07973454892635345 -0.044249437749385834 0.019640764221549034 -0.0834798514842987 -0.005045845173299313 0.018668226897716522 0.07079911231994629 0.07818205654621124 0.08624547719955444 -0.09256510436534882 0.07798024266958237 0.034155115485191345 0.0875203594242788 0.08375205660893212 0.16255696832841537 0.4082295804742585 0.4755626800379969 0.604430301422632 0.8263693899715724 0.892881165211151 0.9709759825546042 -0.9700892 -1.0280116 -0.903388 -0.64450413 -0.54475796 -0.62757516 -0.87461364 -0.9551353 -1.1185126 -0.9758488 -0.99135685 -0.8202406 -0.5096607 -0.12823097 -0.46774983 -0.7736314 -0.94367313 -1.2186763
2 400 -0.022098790854215622 0.0010126162087544799 0.03445856645703316 0.02893526293337345 -0.018099134787917137 0.1083594411611557 -0.10739050805568695 0.0727294534444809 -0.02393307536840439 0.046879205852746964 -0.07853080332279205 -0.008530640974640846 0.13830368220806122 0.008220122195780277 0.011055993847548962 0.0976473018527031 -0.0441686250269413 0.13823731243610382 -0.037172093987464905 0.07742467522621155 -0.03579048439860344 -0.007660876959562302 -0.10979487746953964 -0.06167105957865715 0.0696386769413948 -0.11660413444042206 -0.007044489029794931 -0.0707458108663559 0.06653758883476257 -0.11246132105588913 0.06231849268078804 -0.021180251613259315 0.04480285942554474 0.099093958735466 0.049526892602443695 -0.08675813674926758 0.1015719547867775 0.039379145950078964 0.10463203489780426 -0.12713006138801575 -0.05621332302689552 -0.06532076001167297 0.1114940270781517 0.11882227659225464 -0.08413559198379517 0.13309471309185028 0.10107596218585968 -0.0928628221154213 0.08692272752523422 -0.002514268271625042 -0.012238130904734135 -0.0627027079463005 -0.06799440830945969 0.08229849487543106 -0.040606461465358734 0.09611520171165466 0.003207871224731207 -0.04870530962944031 0.057710811495780945 -0.037472914904356 0.07753331959247589 0.0719657614827156 0.02722160704433918 0.0690094456076622 0.01406330056488514 0.014778460375964642 0.08345441520214081 0.07970353215932846 0.10778006166219711 -0.020697632804512978 -0.05538918077945709 0.046594712883234024 0.06676489859819412 0.0957454964518547 0.07587066292762756 -0.04003848880529404 -0.016706613823771477 -0.05338994413614273 -0.06289490312337875 -0.08274427056312561 0.04013368487358093 0.07438479363918304 -0.10274823755025864 0.07973454892635345 -0.044249437749385834 0.019640764221549034 -0.0834798514842987 -0.005045845173299313 0.018668226897716522 0.07079911231994629 0.07818205654621124 0.08624547719955444 -0.09256510436534882 0.07798024266958237 0.034155115485191345 0.03684736744377995 0.06524406542923689 0.1539816157661047 0.20425376081641042 0.33747794714508034 0.5168578772815221 0.738064413272741 0.8540799169399266 0.9310470439425365 -0.9418551 -0.86313 -0.71850896 -0.5326667 -0.35141465 -0.5189756 -0.6354832 -0.75311095 -1.0160828 -0.9695387 -0.83744216 -0.58896 -0.32691067 -0.02397272 -0.2931728 -0.50611615 -0.62067413 -1.0497435
0 400 -0.01894182153046131 0.0008679567836225033 0.029535917565226555 0.024801654741168022 -0.015513543970882893 0.0928795263171196 -0.0920490100979805 0.06233953684568405 -0.02051406539976597 0.04018218070268631 -0.06731212139129639 -0.007311978843063116 0.1185460165143013 0.007045818958431482 0.009476566687226295 0.08369769155979156 -0.03785882145166397 0.11848913878202438 -0.0318617969751358 0.06636401265859604 -0.030677558854222298 -0.006566466297954321 -0.0941099002957344 -0.052860911935567856 0.05969029664993286 -0.09994640946388245 -0.0060381339862942696 -0.06063927337527275 0.05703222006559372 -0.09639542549848557 0.05341585353016853 -0.018154501914978027 0.03840245306491852 0.084937684237957 0.04245162382721901 -0.07436411827802658 0.08706168085336685 0.03375355526804924 0.08968460559844971 -0.10896862298250198 -0.04818285256624222 -0.05598922818899155 0.09556631743907928 0.10184767097234726 -0.07211622595787048 0.11408118158578873 0.08663654327392578 -0.07959671318531036 0.07450519502162933 -0.0021550871897488832 -0.010489827021956444 -0.05374518036842346 -0.05828092247247696 0.07054156810045242 -0.0348055399954319 0.08238446712493896 0.0027496041730046272 -0.04174740985035896 0.049466412514448166 -0.032119642943143845 0.06645713746547699 0.06168494373559952 0.023332808166742325 0.059150952845811844 0.012054258026182652 0.01266725268214941 0.07153236120939255 0.06831731647253036 0.09238291531801224 -0.017740828916430473 -0.04747644439339638 0.03993832692503929 0.057227060198783875 0.08206757158041 0.0650320053100586 -0.034318707883358 -0.014319955371320248 -0.0457628108561039 -0.053909916430711746 -0.07092366367578506 0.03440030291676521 0.06375839561223984 -0.08806992322206497 0.06834390014410019 -0.03792808949947357 0.016834940761327744 -0.07155416160821915 -0.004325010348111391 0.01600133813917637 0.06068496033549309 0.0670131966471672 0.07392469793558121 -0.07934152334928513 0.06684021651744843 0.029275814071297646 0.0828319997307859 0.15520756156101884 0.2664605273121939 0.5160493685897217 0.6492740449569564 0.7689571366801078 0.8852210198583591 0.940633414144937 0.9818062523397798 -0.8928008 -0.86314857 -0.66282797 -0.51777923 -0.33189392 -0.4634359 -0.66447234 -0.7371727 -1.0124695 -0.90041816 -0.76699686 -0.5079935 -0.29499415 0.0022504628 -0.23263286 -0.5529982 -0.7024871 -1.09449
1 400 -0.01894182153046131 0.0008679567836225033 0.029535917565226555 0.024801654741168022 -0.015513543970882893 0.0928795263171196 -0.0920490100979805 0.06233953684568405 -0.02051406539976597 0.04018218070268631 -0.06731212139129639 -0.007311978843063116 0.1185460165143013 0.007045818958431482 0.009476566687226295 0.08369769155979156 -0.03785882145166397 0.11848913878202438 -0.0318617969751358 0.06636401265859604 -0.030677558854222298 -0.006566466297954321 -0.0941099002957344 -0.052860911935567856 0.05969029664993286 -0.09994640946388245 -0.0060381339862942696 -0.06063927337527275 0.05703222006559372 -0.09639542549848557 0.05341585353016853 -0.018154501914978027 0.03840245306491852 0.084937684237957 0.04245162382721901 -0.07436411827802658 0.08706168085336685 0.03375355526804924 0.08968460559844971 -0.10896862298250198 -0.04818285256624222 -0.05598922818899155 0.09556631743907928 0.10184767097234726 -0.07211622595787048 0.11408118158578873 0.08663654327392578 -0.07959671318531036 0.07450519502162933 -0.0021550871897488832 -0.010489827021956444 -0.05374518036842346 -0.05828092247247696 0.07054156810045242 -0.0348055399954319 0.08238446712493896 0.0027496041730046272 -0.04174740985035896 0.049466412514448166 -0.032119642943143845 0.06645713746547699 0.06168494373559952 0.023332808166742325 0.059150952845811844 0.012054258026182652 0.01266725268214941 0.07153236120939255 0.06831731647253036 0.09238291531801224 -0.017740828916430473 -0.04747644439339638 0.03993832692503929 0.057227060198783875 0.08206757158041 0.0650320053100586 -0.034318707883358 -0.014319955371320248 -0.0457628108561039 -0.053909916430711746 -0.07092366367578506 0.03440030291676521 0.06375839561223984 -0.08806992322206497 0.06834390014410019 -0.03792808949947357 0.016834940761327744 -0.07155416160821915 -0.004325010348111391 0.01600133813917637 0.06068496033549309 0.0670131966471672 0.07392469793558121 -0.07934152334928513 0.06684021651744843 0.029275814071297646 0.07576266192417867 0.08270320582030626 0.16267183827883486 0.39158385402244356 0.4863037840364787 0.5956748040186957 0.821184716851304 0.8904820736362588 0.9711098485335842 -0.983767 -1.0211225 -0.89999545 -0.6505302 -0.5604069 -0.6262937 -0.8785821 -0.9460976 -1.1157902 -1.0037428 -0.9822706 -0.81571484 -0.51572025 -0.13394013 -0.4647177 -0.77638394 -0.94746125 -1.2152193
2 400 -0.01894182153046131 0.0008679567836225033 0.029535917565226555 0.024801654741168022 -0.015513543970882893 0.0928795263171196 -0.0920490100979805 0.06233953684568405 -0.02051406539976597 0.04018218070268631 -0.06731212139129639 -0.007311978843063116 0.1185460165143013 0.007045818958431482 0.009476566687226295 0.08369769155979156 -0.03785882145166397 0.11848913878202438 -0.0318617969751358 0.06636401265859604 -0.030677558854222298 -0.006566466297954321 -0.0941099002957344 -0.052860911935567856 0.05969029664993286 -0.09994640946388245 -0.0060381339862942696 -0.06063927337527275 0.05703222006559372 -0.09639542549848557 0.05341585353016853 -0.018154501914978027 0.03840245306491852 0.084937684237957 0.04245162382721901 -0.07436411827802658 0.08706168085336685 0.03375355526804924 0.08968460559844971 -0.10896862298250198 -0.04818285256624222 -0.05598922818899155 0.09556631743907928 0.10184767097234726 -0.07211622595787048 0.11408118158578873 0.08663654327392578 -0.07959671318531036 0.07450519502162933 -0.0021550871897488832 -0.010489827021956444 -0.05374518036842346 -0.05828092247247696 0.07054156810045242 -0.0348055399954319 0.08238446712493896 0.0027496041730046272 -0.04174740985035896 0.049466412514448166 -0.032119642943143845 0.06645713746547699 0.06168494373559952 0.023332808166742325 0.059150952845811844 0.012054258026182652 0.01266725268214941 0.07153236120939255 0.06831731647253036 0.09238291531801224 -0.017740828916430473 -0.04747644439339638 0.03993832692503929 0.057227060198783875 0.08206757158041 0.0650320053100586 -0.034318707883358 -0.014319955371320248 -0.0457628108561039 -0.053909916430711746 -0.07092366367578506 0.03440030291676521 0.06375839561223984 -0.08806992322206497 0.06834390014410019 -0.03792808949947357 0.016834940761327744 -0.07155416160821915 -0.004325010348111391 0.01600133813917637 0.06068496033549309 0.0670131966471672 0.07392469793558121 -0.07934152334928513 0.06684021651744843 0.029275814071297646 0.03362217988553704 0.05822110735016384 0.14100530368774422 0.2018113396087588 0.34258415021969457 0.5166139261456983 0.7313986778799652 0.8480768404239263 0.9309795507872023 -0.9532719 -0.8576429 -0.7145098 -0.53045267 -0.3565387 -0.51861465 -0.63591355 -0.7467839 -1.0122136 -0.9890852 -0.8437929 -0.59823453 -0.32157046 -0.03232023 -0.29372236 -0.50607246 -0.6285838 -1.0445507
0 400 -0.01578485034406185 0.0007232973002828658 0.024613263085484505 0.020668044686317444 -0.012927953153848648 0.0773996040225029 -0.07670750468969345 0.05194961279630661 -0.0170950535684824 0.03348514810204506 -0.05609343200922012 -0.006093315314501524 0.09878834336996078 0.005871515721082687 0.007897138595581055 0.06974807381629944 -0.03154901787638664 0.09874094277620316 -0.026551496237516403 0.05530334264039993 -0.025564631447196007 -0.005472055170685053 -0.07842491567134857 -0.044050756841897964 0.04974191263318062 -0.08328866958618164 -0.005031778011471033 -0.05053272470831871 0.04752684757113457 -0.0803295150399208 0.04451321065425873 -0.015128751285374165 0.032002042979002 0.0707814022898674 0.035376351326704025 -0.061970096081495285 0.07255139946937561 0.028127962723374367 0.07473716884851456 -0.09080718457698822 -0.040152374655008316 -0.04665768891572952 0.07963859289884567 0.08487305790185928 -0.060096852481365204 0.09506765007972717 0.07219711691141129 -0.06633058935403824 0.062087662518024445 -0.0017959059914574027 -0.008741522207856178 -0.04478764906525612 -0.048567432910203934 0.05878463760018349 -0.029004614800214767 0.06865371763706207 0.0022913366556167603 -0.03478950634598732 0.04122200980782509 -0.026766369119286537 0.05538094416260719 0.05140411853790283 0.01944400556385517 0.04929246008396149 0.010045214556157589 0.01055604312568903 0.05961029604077339 0.05693109706044197 0.07698576152324677 -0.014784024097025394 -0.039563700556755066 0.03328193724155426 0.04768921434879303 0.0683896392583847 0.05419333279132843 -0.02859892137348652 -0.011933295987546444 -0.038135673850774765 -0.04492492973804474 -0.05910304933786392 0.028666919097304344 0.05313199386000633 -0.07339160144329071 0.056953247636556625 -0.03160674124956131 0.014029117301106453 -0.05962846800684929 -0.0036041750572621822 0.013334447517991066 0.05057079717516899 0.055844325572252274 0.06160391494631767 -0.06611793488264084 0.05570017546415329 0.024396510794758797 0.07604337951301245 0.15376465506679407 0.27069463443900055 0.5160493685897217 0.6529237527427445 0.7665815153929341 0.8838228340752119 0.939724726289338 0.9816655819061298 -0.9014809 -0.8589896 -0.66153157 -0.51777923 -0.33119124 -0.46191376 -0.64631027 -0.7336389 -1.0092252 -0.91753113 -0.76153004 -0.5070645 -0.29499415 0.0030229688 -0.22975075 -0.53013885 -0.69678277 -1.0898868
1 400 -0.01578485034406185 0.0007232973002828658 0.024613263085484505 0.020668044686317444 -0.012927953153848648 0.0773996040225029 -0.07670750468969345 0.05194961279630661 -0.0170950535684824 0.03348514810204506 -0.05609343200922012 -0.006093315314501524 0.09878834336996078 0.005871515721082687 0.007897138595581055 0.06974807381629944 -0.03154901787638664 0.09874094277620316 -0.026551496237516403 0.05530334264039993 -0.025564631447196007 -0.005472055170685053 -0.07842491567134857 -0.044050756841897964 0.04974191263318062 -0.08328866958618164 -0.005031778011471033 -0.05053272470831871 0.04752684757113457 -0.0803295150399208 0.04451321065425873 -0.015128751285374165 0.032002042979002 0.0707814022898674 0.035376351326704025 -0.061970096081495285 0.07255139946937561 0.028127962723374367 0.07473716884851456 -0.09080718457698822 -0.040152374655008316 -0.04665768891572952 0.07963859289884567 0.08487305790185928 -0.060096852481365204 0.09506765007972717 0.07219711691141129 -0.06633058935403824 0.062087662518024445 -0.0017959059914574027 -0.008741522207856178 -0.04478764906525612 -0.048567432910203934 0.05878463760018349 -0.029004614800214767 0.06865371763706207 0.0022913366556167603 -0.03478950634598732 0.04122200980782509 -0.026766369119286537 0.05538094416260719 0.05140411853790283 0.01944400556385517 0.04929246008396149 0.010045214556157589 0.01055604312568903 0.05961029604077339 0.05693109706044197 0.07698576152324677 -0.014784024097025394 -0.039563700556755066 0.03328193724155426 0.04768921434879303 0.0683896392583847 0.05419333279132843 -0.02859892137348652 -0.011933295987546444 -0.038135673850774765 -0.04492492973804474 -0.05910304933786392 0.028666919097304344 0.05313199386000633 -0.07339160144329071 0.056953247636556625 -0.03160674124956131 0.014029117301106453 -0.05962846800684929 -0.0036041750572621822 0.013334447517991066 0.05057079717516899 0.055844325572252274 0.06160391494631767 -0.06611793488264084 0.05570017546415329 0.024396510794758797 0.06676126958061299 0.08164607105301783 0.16418175458352527 0.37655021688223217 0.4949988266168037 0.5829930094210694 0.8224284432555762 0.8878399443690262 0.971088262456015 -0.99413216 -1.0143907 -0.895059 -0.6586329 -0.5703348 -0.6282152 -0.8745602 -0.9370076 -1.1119244 -1.0263683 -0.9733957 -0.8090632 -0.52451473 -0.14316565 -0.46589404 -0.77240205 -0.95121884 -1.210041
2 400 -0.01578485034406185 0.0007232973002828658 0.024613263085484505 0.020668044686317444 -0.012927953153848648 0.0773996040225029 -0.07670750468969345 0.05194961279630661 -0.0170950535684824 0.03348514810204506 -0.05609343200922012 -0.006093315314501524 0.09878834336996078 0.005871515721082687 0.007897138595581055 0.06974807381629944 -0.03154901787638664 0.09874094277620316 -0.026551496237516403 0.05530334264039993 -0.025564631447196007 -0.005472055170685053 -0.07842491567134857 -0.044050756841897964 0.04974191263318062 -0.08328866958618164 -0.005031778011471033 -0.05053272470831871 0.04752684757113457 -0.0803295150399208 0.04451321065425873 -0.015128751285374165 0.032002042979002 0.0707814022898674 0.035376351326704025 -0.061970096081495285 0.07255139946937561 0.028127962723374367 0.07473716884851456 -0.09080718457698822 -0.040152374655008316 -0.04665768891572952 0.07963859289884567 0.08487305790185928 -0.060096852481365204 0.09506765007972717 0.07219711691141129 -0.06633058935403824 0.062087662518024445 -0.0017959059914574027 -0.008741522207856178 -0.04478764906525612 -0.048567432910203934 0.05878463760018349 -0.029004614800214767 0.06865371763706207 0.0022913366556167603 -0.03478950634598732 0.04122200980782509 -0.026766369119286537 0.05538094416260719 0.05140411853790283 0.01944400556385517 0.04929246008396149 0.010045214556157589 0.01055604312568903 0.05961029604077339 0.05693109706044197 0.07698576152324677 -0.014784024097025394 -0.039563700556755066 0.03328193724155426 0.04768921434879303 0.0683896392583847 0.05419333279132843 -0.02859892137348652 -0.011933295987546444 -0.038135673850774765 -0.04492492973804474 -0.05910304933786392 0.028666919097304344 0.05313199386000633 -0.07339160144329071 0.056953247636556625 -0.03160674124956131 0.014029117301106453 -0.05962846800684929 -0.0036041750572621822 0.013334447517991066 0.05057079717516899 0.055844325572252274 0.06160391494631767 -0.06611793488264084 0.05570017546415329 0.024396510794758797 0.030862971509934948 0.05449451825400265 0.12896185361018744 0.20890851023316018 0.3481606451511955 0.5163739718243864 0.7254434792888488 0.8418851461046089 0.931031459781736 -0.96390015 -0.8527545 -0.71050084 -0.53006965 -0.3620931 -0.5182595 -0.63538086 -0.7404752 -1.0083766 -1.0073997 -0.8461931 -0.60748136 -0.32076728 -0.041368812 -0.29426298 -0.5056904 -0.6364573 -1.0394671
0 400 -0.012627880088984966 0.0005786378751508892 0.019690610468387604 0.016534436494112015 -0.010342362336814404 0.0619196854531765 -0.0613660030066967 0.04155969247221947 -0.013676042668521404 0.026788119226694107 -0.04487474635243416 -0.004874652251601219 0.07903067767620087 0.0046972124837338924 0.006317710969597101 0.05579845979809761 -0.025239214301109314 0.07899275422096252 -0.021241197362542152 0.044242676347494125 -0.020451705902814865 -0.004377644043415785 -0.06273993104696274 -0.03524060547351837 0.039793532341718674 -0.06663093715906143 -0.004025422502309084 -0.04042617976665497 0.038021478801965714 -0.06426361203193665 0.03561056777834892 -0.012103001587092876 0.02560163475573063 0.0566251240670681 0.02830108068883419 -0.04957607761025429 0.05804112181067467 0.022502370178699493 0.059789735823869705 -0.07264574617147446 -0.03212190046906471 -0.0373261533677578 0.06371087580919266 0.06789844483137131 -0.04807748273015022 0.07605411857366562 0.05775769427418709 -0.05306447297334671 0.049670130014419556 -0.0014367247931659222 -0.0069932178594172 -0.035830121487379074 -0.03885394707322121 0.04702771082520485 -0.023203691467642784 0.05492297559976578 0.001833069371059537 -0.027831604704260826 0.03297760710120201 -0.02141309529542923 0.044304754585027695 0.041123297065496445 0.015555204823613167 0.03943396732211113 0.008036172017455101 0.008444834500551224 0.04768823832273483 0.04554487764835358 0.06158861145377159 -0.011827219277620316 -0.03165096044540405 0.02662554942071438 0.038151372224092484 0.054711710661649704 0.043354667723178864 -0.022879136726260185 -0.00954663660377264 -0.030508538708090782 -0.03593994304537773 -0.04728243872523308 0.022933535277843475 0.042505595833063126 -0.05871328338980675 0.04556259885430336 -0.025285392999649048 0.011223293840885162 -0.04770277440547943 -0.002883339999243617 0.010667557828128338 0.04045663774013519 0.04467546194791794 0.04928313195705414 -0.05289435014128685 0.04456014186143875 0.019517209380865097 0.06990419519436658 0.15232019058617596 0.27240739112255274 0.5160493685897217 0.6563673957557281 0.7673727743926103 0.8812158910430524 0.9387199903337201 0.9815010825031586 -0.909729 -0.85477793 -0.661157 -0.51777923 -0.3306199 -0.46129426 -0.62525046 -0.7300082 -1.00595 -0.9340124 -0.7559934 -0.5067926 -0.29499415 0.0035966337 -0.22882512 -0.5036363 -0.69089067 -1.0851973
1 400 -0.012627880088984966 0.0005786378751508892 0.019690610468387604 0.016534436494112015 -0.010342362336814404 0.0619196854531765 -0.0613660030066967 0.04155969247221947 -0.013676042668521404 0.026788119226694107 -0.04487474635243416 -0.004874652251601219 0.07903067767620087 0.0046972124837338924 0.006317710969597101 0.05579845979809761 -0.025239214301109314 0.07899275422096252 -0.021241197362542152 0.044242676347494125 -0.020451705902814865 -0.004377644043415785 -0.06273993104696274 -0.03524060547351837 0.039793532341718674 -0.06663093715906143 -0.004025422502309084 -0.04042617976665497 0.038021478801965714 -0.06426361203193665 0.03561056777834892 -0.012103001587092876 0.02560163475573063 0.0566251240670681 0.02830108068883419 -0.04957607761025429 0.05804112181067467 0.022502370178699493 0.059789735823869705 -0.07264574617147446 -0.03212190046906471 -0.0373261533677578 0.06371087580919266 0.06789844483137131 -0.04807748273015022 0.07605411857366562 0.05775769427418709 -0.05306447297334671 0.049670130014419556 -0.0014367247931659222 -0.0069932178594172 -0.035830121487379074 -0.03885394707322121 0.04702771082520485 -0.023203691467642784 0.05492297559976578 0.001833069371059537 -0.027831604704260826 0.03297760710120201 -0.02141309529542923 0.044304754585027695 0.041123297065496445 0.015555204823613167 0.03943396732211113 0.008036172017455101 0.008444834500551224 0.04768823832273483 0.04554487764835358 0.06158861145377159 -0.011827219277620316 -0.03165096044540405 0.02662554942071438 0.038151372224092484 0.054711710661649704 0.043354667723178864 -0.022879136726260185 -0.00954663660377264 -0.030508538708090782 -0.03593994304537773 -0.04728243872523308 0.022933535277843475 0.042505595833063126 -0.05871328338980675 0.04556259885430336 -0.025285392999649048 0.011223293840885162 -0.04770277440547943 -0.002883339999243617 0.010667557828128338 0.04045663774013519 0.04467546194791794 0.04928313195705414 -0.05289435014128685 0.04456014186143875 0.019517209380865097 0.05952981384443322 0.08065795505942949 0.16570468256025758 0.36190056851114294 0.5037218249525393 0.5674135198456217 0.8236930485045956 0.8852812294934739 0.9711025500168696 -1.0027449 -1.0073829 -0.89006114 -0.6661836 -0.58032656 -0.6315101 -0.8707795 -0.9280194 -1.1080303 -1.0459673 -0.9641478 -0.8023298 -0.5325339 -0.15235765 -0.46873224 -0.7686995 -0.9552517 -1.2048708
2 400 -0.012627880088984966 0.0005786378751508892 0.019690610468387604 0.016534436494112015 -0.010342362336814404 0.0619196854531765 -0.0613660030066967 0.04155969247221947 -0.013676042668521404 0.026788119226694107 -0.04487474635243416 -0.004874652251601219 0.07903067767620087 0.0046972124837338924 0.006317710969597101 0.05579845979809761 -0.025239214301109314 0.07899275422096252 -0.021241197362542152 0.044242676347494125 -0.020451705902814865 -0.004377644043415785 -0.06273993104696274 -0.03524060547351837 0.039793532341718674 -0.06663093715906143 -0.004025422502309084 -0.04042617976665497 0.038021478801965714 -0.06426361203193665 0.03561056777834892 -0.012103001587092876 0.02560163475573063 0.0566251240670681 0.02830108068883419 -0.04957607761025429 0.05804112181067467 0.022502370178699493 0.059789735823869705 -0.07264574617147446 -0.03212190046906471 -0.0373261533677578 0.06371087580919266 0.06789844483137131 -0.04807748273015022 0.07605411857366562 0.05775769427418709 -0.05306447297334671 0.049670130014419556 -0.0014367247931659222 -0.0069932178594172 -0.035830121487379074 -0.03885394707322121 0.04702771082520485 -0.023203691467642784 0.05492297559976578 0.001833069371059537 -0.027831604704260826 0.03297760710120201 -0.02141309529542923 0.044304754585027695 0.041123297065496445 0.015555204823613167 0.03943396732211113 0.008036172017455101 0.008444834500551224 0.04768823832273483 0.04554487764835358 0.06158861145377159 -0.011827219277620316 -0.03165096044540405 0.02662554942071438 0.038151372224092484 0.054711710661649704 0.043354667723178864 -0.022879136726260185 -0.00954663660377264 -0.030508538708090782 -0.03593994304537773 -0.04728243872523308 0.022933535277843475 0.042505595833063126 -0.05871328338980675 0.04556259885430336 -0.025285392999649048 0.011223293840885162 -0.04770277440547943 -0.002883339999243617 0.010667557828128338 0.04045663774013519 0.04467546194791794 0.04928313195705414 -0.05289435014128685 0.04456014186143875 0.019517209380865097 0.0283125312738317 0.05429221186645943 0.11781182943903669 0.21615757105562025 0.3502537443703756 0.5161493886983414 0.719255852222327 0.8354749854044619 0.9309794926689049 -0.97461015 -0.8533515 -0.7065033 -0.52968824 -0.36416712 -0.51792717 -0.6348142 -0.73414594 -1.0041784 -1.0258338 -0.84718275 -0.61673164 -0.31996742 -0.04474756 -0.2947689 -0.5052523 -0.644358 -1.0338446
0 400 -0.009470910765230656 0.00043397839181125164 0.014767958782613277 0.012400827370584011 -0.007756771985441446 0.0464397631585598 -0.04602450504899025 0.031169768422842026 -0.010257032699882984 0.020091090351343155 -0.03365606069564819 -0.003655989421531558 0.05927300825715065 0.003522909479215741 0.004738283343613148 0.04184884577989578 -0.018929410725831985 0.05924456939101219 -0.0159308984875679 0.03318200632929802 -0.015338779427111149 -0.0032832331489771605 -0.0470549501478672 -0.026430455967783928 0.02984514832496643 -0.04997320473194122 -0.0030190669931471348 -0.030319636687636375 0.02851611003279686 -0.04819771274924278 0.026707926765084267 -0.009077250957489014 0.01920122653245926 0.0424688421189785 0.021225811913609505 -0.03718205913901329 0.043530840426683426 0.01687677763402462 0.044842302799224854 -0.05448431149125099 -0.02409142628312111 -0.027994614094495773 0.04778315871953964 0.05092383548617363 -0.03605811297893524 0.05704059079289436 0.04331827163696289 -0.03979835659265518 0.03725259751081467 -0.0010775435948744416 -0.005244913510978222 -0.02687259018421173 -0.02914046123623848 0.03527078405022621 -0.01740276999771595 0.04119223356246948 0.0013748020865023136 -0.02087370492517948 0.024733206257224083 -0.016059821471571922 0.033228568732738495 0.03084247186779976 0.011666404083371162 0.029575476422905922 0.006027129013091326 0.006333626341074705 0.035766180604696274 0.03415865823626518 0.04619145765900612 -0.008870414458215237 -0.02373822219669819 0.019969163462519646 0.028613530099391937 0.041033785790205 0.0325160026550293 -0.017159353941679 -0.007159977685660124 -0.02288140542805195 -0.026954958215355873 -0.03546183183789253 0.017200151458382607 0.03187919780611992 -0.044034961611032486 0.034171950072050095 -0.018964044749736786 0.008417470380663872 -0.03577708080410957 -0.0021625051740556955 0.008000669069588184 0.030342480167746544 0.0335065983235836 0.036962348967790604 -0.03967076167464256 0.03342010825872421 0.014637907035648823 0.06422018854317706 0.15089932211756055 0.27414262291813934 0.5160493685897217 0.6598230586331979 0.7681621514160567 0.8783633929531106 0.9375448553688243 0.9813733364898379 -0.9179969 -0.850619 -0.6607754 -0.51777923 -0.33003548 -0.46067473 -0.6038596 -0.72763526 -1.0049366 -0.95052314 -0.75052655 -0.5065104 -0.29499415 0.004188955 -0.22789949 -0.47657353 -0.6867646 -1.0835962
1 400 -0.009470910765230656 0.00043397839181125164 0.014767958782613277 0.012400827370584011 -0.007756771985441446 0.0464397631585598 -0.04602450504899025 0.031169768422842026 -0.010257032699882984 0.020091090351343155 -0.03365606069564819 -0.003655989421531558 0.05927300825715065 0.003522909479215741 0.004738283343613148 0.04184884577989578 -0.018929410725831985 0.05924456939101219 -0.0159308984875679 0.03318200632929802 -0.015338779427111149 -0.0032832331489771605 -0.0470549501478672 -0.026430455967783928 0.02984514832496643 -0.04997320473194122 -0.0030190669931471348 -0.030319636687636375 0.02851611003279686 -0.04819771274924278 0.026707926765084267 -0.009077250957489014 0.01920122653245926 0.0424688421189785 0.021225811913609505 -0.03718205913901329 0.043530840426683426 0.01687677763402462 0.044842302799224854 -0.05448431149125099 -0.02409142628312111 -0.027994614094495773 0.04778315871953964 0.05092383548617363 -0.03605811297893524 0.05704059079289436 0.04331827163696289 -0.03979835659265518 0.03725259751081467 -0.0010775435948744416 -0.005244913510978222 -0.02687259018421173 -0.02914046123623848 0.03527078405022621 -0.01740276999771595 0.04119223356246948 0.0013748020865023136 -0.02087370492517948 0.024733206257224083 -0.016059821471571922 0.033228568732738495 0.03084247186779976 0.011666404083371162 0.029575476422905922 0.006027129013091326 0.006333626341074705 0.035766180604696274 0.03415865823626518 0.04619145765900612 -0.008870414458215237 -0.02373822219669819 0.019969163462519646 0.028613530099391937 0.041033785790205 0.0325160026550293 -0.017159353941679 -0.007159977685660124 -0.02288140542805195 -0.026954958215355873 -0.03546183183789253 0.017200151458382607 0.03187919780611992 -0.044034961611032486 0.034171950072050095 -0.018964044749736786 0.008417470380663872 -0.03577708080410957 -0.0021625051740556955 0.008000669069588184 0.030342480167746544 0.0335065983235836 0.036962348967790604 -0.03967076167464256 0.03342010825872421 0.014637907035648823 0.05347659909196839 0.07962471192712996 0.1651603277891683 0.3494065787723731 0.5069376165047118 0.5643060833208715 0.825538974378089 0.8854425373162095 0.9710651071016504 -1.0120237 -1.0006522 -0.8836839 -0.66602004 -0.5823401 -0.6320797 -0.8664409 -0.91969097 -1.1038753 -1.0655057 -0.95527446 -0.79385936 -0.52965826 -0.15857083 -0.46917173 -0.76474124 -0.9482634 -1.1992869
2 400 -0.009470910765230656 0.00043397839181125164 0.014767958782613277 0.012400827370584011 -0.007756771985441446 0.0464397631585598 -0.04602450504899025 0.031169768422842026 -0.010257032699882984 0.020091090351343155 -0.03365606069564819 -0.003655989421531558 0.05927300825715065 0.003522909479215741 0.004738283343613148 0.04184884577989578 -0.018929410725831985 0.05924456939101219 -0.0159308984875679 0.03318200632929802 -0.015338779427111149 -0.0032832331489771605 -0.0470549501478672 -0.026430455967783928 0.02984514832496643 -0.04997320473194122 -0.0030190669931471348 -0.030319636687636375 0.02851611003279686 -0.04819771274924278 0.026707926765084267 -0.009077250957489014 0.01920122653245926 0.0424688421189785 0.021225811913609505 -0.03718205913901329 0.043530840426683426 0.01687677763402462 0.044842302799224854 -0.05448431149125099 -0.02409142628312111 -0.027994614094495773 0.04778315871953964 0.05092383548617363 -0.03605811297893524 0.05704059079289436 0.04331827163696289 -0.03979835659265518 0.03725259751081467 -0.0010775435948744416 -0.005244913510978222 -0.02687259018421173 -0.02914046123623848 0.03527078405022621 -0.01740276999771595 0.04119223356246948 0.0013748020865023136 -0.02087370492517948 0.024733206257224083 -0.016059821471571922 0.033228568732738495 0.03084247186779976 0.011666404083371162 0.029575476422905922 0.006027129013091326 0.006333626341074705 0.035766180604696274 0.03415865823626518 0.04619145765900612 -0.008870414458215237 -0.02373822219669819 0.019969163462519646 0.028613530099391937 0.041033785790205 0.0325160026550293 -0.017159353941679 -0.007159977685660124 -0.02288140542805195 -0.026954958215355873 -0.03546183183789253 0.017200151458382607 0.03187919780611992 -0.044034961611032486 0.034171950072050095 -0.018964044749736786 0.008417470380663872 -0.03577708080410957 -0.0021625051740556955 0.008000669069588184 0.030342480167746544 0.0335065983235836 0.036962348967790604 -0.03967076167464256 0.03342010825872421 0.014637907035648823 0.02664665402764017 0.05412910898432657 0.11325777025925023 0.22362399769034585 0.35118728325291737 0.5160493685897217 0.7144102184597187 0.8292114938788921 0.9306983625374184 -0.98235184 -0.8537816 -0.7007093 -0.5293049 -0.3650903 -0.51777923 -0.63517463 -0.72791594 -0.99876136 -1.0397985 -0.847931 -0.6157243 -0.31916362 -0.04625146 -0.29499415 -0.5059159 -0.65166056 -1.0264708
0 400 -0.006313940044492483 0.0002893189375754446 0.009845305234193802 0.008267218247056007 -0.005171181168407202 0.03095984272658825 -0.03068300150334835 0.020779846236109734 -0.006838021334260702 0.013394059613347054 -0.02243737317621708 -0.0024373261258006096 0.03951533883810043 0.0023486062418669462 0.0031588554847985506 0.027899229899048805 -0.012619607150554657 0.03949637711048126 -0.010620598681271076 0.022121338173747063 -0.010225852951407433 -0.0021888220217078924 -0.03136996552348137 -0.017620302736759186 0.019896766170859337 -0.033315468579530716 -0.002012711251154542 -0.020213089883327484 0.019010739400982857 -0.03213180601596832 0.01780528388917446 -0.006051500793546438 0.012800817377865314 0.02831256203353405 0.014150540344417095 -0.024788038805127144 0.029020560905337334 0.011251185089349747 0.029894867911934853 -0.03632287308573723 -0.016060950234532356 -0.0186630766838789 0.03185543790459633 0.033949222415685654 -0.02403874136507511 0.03802705928683281 0.028878847137093544 -0.026532236486673355 0.024835065007209778 -0.0007183623965829611 -0.0034966089297086 -0.017915060743689537 -0.019426973536610603 0.023513855412602425 -0.011601845733821392 0.02746148779988289 0.0009165346855297685 -0.013915802352130413 0.016488803550601006 -0.010706547647714615 0.022152377292513847 0.020561648532748222 0.007777602411806583 0.019716983661055565 0.0040180860087275505 0.004222417250275612 0.023844119161367416 0.02277243882417679 0.030794305726885796 -0.005913609638810158 -0.015825480222702026 0.01331277471035719 0.019075686112046242 0.027355855330824852 0.021677333861589432 -0.011439568363130093 -0.00477331830188632 -0.015254269354045391 -0.017969971522688866 -0.02364121936261654 0.011466767638921738 0.021252797916531563 -0.029356641694903374 0.02278129942715168 -0.012642696499824524 0.005611646920442581 -0.023851387202739716 -0.0014416699996218085 0.005333778914064169 0.020228318870067596 0.02233773097395897 0.02464156597852707 -0.026447175070643425 0.022280070930719376 0.009758604690432549 0.05906880400059194 0.1494455877909595 0.2758689274264742 0.5160493685897217 0.6632720321627249 0.7689496650388934 0.8743198582480863 0.9356730155755735 0.9812447180416909 -0.9260607 -0.84646785 -0.66040087 -0.51777923 -0.32945406 -0.46005523 -0.5843003 -0.7279575 -1.0039232 -0.9666649 -0.74507236 -0.50623846 -0.29499415 0.004775107 -0.22697386 -0.45071757 -0.6862463 -1.0819951
1 400 -0.006313940044492483 0.0002893189375754446 0.009845305234193802 0.008267218247056007 -0.005171181168407202 0.03095984272658825 -0.03068300150334835 0.020779846236109734 -0.006838021334260702 0.013394059613347054 -0.02243737317621708 -0.0024373261258006096 0.03951533883810043 0.0023486062418669462 0.0031588554847985506 0.027899229899048805 -0.012619607150554657 0.03949637711048126 -0.010620598681271076 0.022121338173747063 -0.010225852951407433 -0.0021888220217078924 -0.03136996552348137 -0.017620302736759186 0.019896766170859337 -0.033315468579530716 -0.002012711251154542 -0.020213089883327484 0.019010739400982857 -0.03213180601596832 0.01780528388917446 -0.006051500793546438 0.012800817377865314 0.02831256203353405 0.014150540344417095 -0.024788038805127144 0.029020560905337334 0.011251185089349747 0.029894867911934853 -0.03632287308573723 -0.016060950234532356 -0.0186630766838789 0.03185543790459633 0.033949222415685654 -0.02403874136507511 0.03802705928683281 0.028878847137093544 -0.026532236486673355 0.024835065007209778 -0.0007183623965829611 -0.0034966089297086 -0.017915060743689537 -0.019426973536610603 0.023513855412602425 -0.011601845733821392 0.02746148779988289 0.0009165346855297685 -0.013915802352130413 0.016488803550601006 -0.010706547647714615 0.022152377292513847 0.020561648532748222 0.007777602411806583 0.019716983661055565 0.0040180860087275505 0.004222417250275612 0.023844119161367416 0.02277243882417679 0.030794305726885796 -0.005913609638810158 -0.015825480222702026 0.01331277471035719 0.019075686112046242 0.027355855330824852 0.021677333861589432 -0.011439568363130093 -0.00477331830188632 -0.015254269354045391 -0.017969971522688866 -0.02364121936261654 0.011466767638921738 0.021252797916531563 -0.029356641694903374 0.02278129942715168 -0.012642696499824524 0.005611646920442581 -0.023851387202739716 -0.0014416699996218085 0.005333778914064169 0.020228318870067596 0.02233773097395897 0.02464156597852707 -0.026447175070643425 0.022280070930719376 0.009758604690432549 0.04875584655775659 0.07867428027442241 0.16374616577141146 0.3354679406592707 0.5057456725569689 0.5646527867597038 0.8273673030052077 0.8868377465677966 0.9709847771396856 -1.018645 -0.99517924 -0.8766278 -0.6681351 -0.5779443 -0.6324671 -0.86218625 -0.911857 -1.0987425 -1.0808613 -0.9480703 -0.7845273 -0.52953684 -0.16243847 -0.4697857 -0.7608881 -0.93718004 -1.1923461
2 400 -0.006313940044492483 0.0002893189375754446 0.009845305234193802 0.008267218247056007 -0.005171181168407202 0.03095984272658825 -0.03068300150334835 0.020779846236109734 -0.006838021334260702 0.013394059613347054 -0.02243737317621708 -0.0024373261258006096 0.03951533883810043 0.0023486062418669462 0.0031588554847985506 0.027899229899048805 -0.012619607150554657 0.03949637711048126 -0.010620598681271076 0.022121338173747063 -0.010225852951407433 -0.0021888220217078924 -0.03136996552348137 -0.017620302736759186 0.019896766170859337 -0.033315468579530716 -0.002012711251154542 -0.020213089883327484 0.019010739400982857 -0.03213180601596832 0.01780528388917446 -0.006051500793546438 0.012800817377865314 0.02831256203353405 0.014150540344417095 -0.024788038805127144 0.029020560905337334 0.011251185089349747 0.029894867911934853 -0.03632287308573723 -0.016060950234532356 -0.0186630766838789 0.03185543790459633 0.033949222415685654 -0.02403874136507511 0.03802705928683281 0.028878847137093544 -0.026532236486673355 0.024835065007209778 -0.0007183623965829611 -0.0034966089297086 -0.017915060743689537 -0.019426973536610603 0.023513855412602425 -0.011601845733821392 0.02746148779988289 0.0009165346855297685 -0.013915802352130413 0.016488803550601006 -0.010706547647714615 0.022152377292513847 0.020561648532748222 0.007777602411806583 0.019716983661055565 0.0040180860087275505 0.004222417250275612 0.023844119161367416 0.02277243882417679 0.030794305726885796 -0.005913609638810158 -0.015825480222702026 0.01331277471035719 0.019075686112046242 0.027355855330824852 0.021677333861589432 -0.011439568363130093 -0.00477331830188632 -0.015254269354045391 -0.017969971522688866 -0.02364121936261654 0.011466767638921738 0.021252797916531563 -0.029356641694903374 0.02278129942715168 -0.012642696499824524 0.005611646920442581 -0.023851387202739716 -0.0014416699996218085 0.005333778914064169 0.020228318870067596 0.02233773097395897 0.02464156597852707 -0.026447175070643425 0.022280070930719376 0.009758604690432549 0.025445416609195172 0.05394376755681922 0.11174924285650646 0.23125309583218837 0.3520340009646241 0.5160493685897217 0.710669611422449 0.8282875438453059 0.9305345838352813 -0.9889904 -0.8543213 -0.6975998 -0.52892256 -0.36592665 -0.51777923 -0.6364076 -0.72282064 -0.99484074 -1.0514923 -0.84883285 -0.6136304 -0.31836182 -0.047613963 -0.29499415 -0.50758356 -0.64396393 -1.0211562
0 400 -0.0031569700222462416 0.0001446594687877223 0.004922652617096901 0.004133609123528004 -0.002585590584203601 0.015479921363294125 -0.015341500751674175 0.010389923118054867 -0.003419010667130351 0.006697029806673527 -0.01121868658810854 -0.0012186630629003048 0.019757669419050217 0.0011743031209334731 0.0015794277423992753 0.013949614949524403 -0.0063098035752773285 0.01974818855524063 -0.005310299340635538 0.011060669086873531 -0.005112926475703716 -0.0010944110108539462 -0.015684982761740685 -0.008810151368379593 0.009948383085429668 -0.016657734289765358 -0.001006355625577271 -0.010106544941663742 0.009505369700491428 -0.01606590300798416 0.00890264194458723 -0.003025750396773219 0.006400408688932657 0.014156281016767025 0.007075270172208548 -0.012394019402563572 0.014510280452668667 0.005625592544674873 0.014947433955967426 -0.018161436542868614 -0.008030475117266178 -0.00933153834193945 0.015927718952298164 0.016974611207842827 -0.012019370682537556 0.019013529643416405 0.014439423568546772 -0.013266118243336678 0.012417532503604889 -0.00035918119829148054 -0.0017483044648543 -0.008957530371844769 -0.009713486768305302 0.011756927706301212 -0.005800922866910696 0.013730743899941444 0.00045826734276488423 -0.0069579011760652065 0.008244401775300503 -0.0053532738238573074 0.011076188646256924 0.010280824266374111 0.0038888012059032917 0.009858491830527782 0.0020090430043637753 0.002111208625137806 0.011922059580683708 0.011386219412088394 0.015397152863442898 -0.002956804819405079 -0.007912740111351013 0.006656387355178595 0.009537843056023121 0.013677927665412426 0.010838666930794716 -0.005719784181565046 -0.00238665915094316 -0.0076271346770226955 -0.008984985761344433 -0.01182060968130827 0.005733383819460869 0.010626398958265781 -0.014678320847451687 0.01139064971357584 -0.006321348249912262 0.0028058234602212906 -0.011925693601369858 -0.0007208349998109043 0.0026668894570320845 0.010114159435033798 0.011168865486979485 0.012320782989263535 -0.013223587535321712 0.011140035465359688 0.004879302345216274 0.05422696619916429 0.1480468480307949 0.277601915671789 0.5160493685897217 0.6666935163290818 0.7696996319922449 0.8714275055224455 0.9338383140336003 0.9810878824219 -0.9343021 -0.84230894 -0.6600263 -0.51777923 -0.32886964 -0.45946386 -0.57553434 -0.72837645 -1.0027645 -0.9831269 -0.7396055 -0.5059665 -0.29499415 0.005367428 -0.2260903 -0.43810543 -0.68591565 -1.0801476
1 400 -0.0031569700222462416 0.0001446594687877223 0.004922652617096901 0.004133609123528004 -0.002585590584203601 0.015479921363294125 -0.015341500751674175 0.010389923118054867 -0.003419010667130351 0.006697029806673527 -0.01121868658810854 -0.0012186630629003048 0.019757669419050217 0.0011743031209334731 0.0015794277423992753 0.013949614949524403 -0.0063098035752773285 0.01974818855524063 -0.005310299340635538 0.011060669086873531 -0.005112926475703716 -0.0010944110108539462 -0.015684982761740685 -0.008810151368379593 0.009948383085429668 -0.016657734289765358 -0.001006355625577271 -0.010106544941663742 0.009505369700491428 -0.01606590300798416 0.00890264194458723 -0.003025750396773219 0.006400408688932657 0.014156281016767025 0.007075270172208548 -0.012394019402563572 0.014510280452668667 0.005625592544674873 0.014947433955967426 -0.018161436542868614 -0.008030475117266178 -0.00933153834193945 0.015927718952298164 0.016974611207842827 -0.012019370682537556 0.019013529643416405 0.014439423568546772 -0.013266118243336678 0.012417532503604889 -0.00035918119829148054 -0.0017483044648543 -0.008957530371844769 -0.009713486768305302 0.011756927706301212 -0.005800922866910696 0.013730743899941444 0.00045826734276488423 -0.0069579011760652065 0.008244401775300503 -0.0053532738238573074 0.011076188646256924 0.010280824266374111 0.0038888012059032917 0.009858491830527782 0.0020090430043637753 0.002111208625137806 0.011922059580683708 0.011386219412088394 0.015397152863442898 -0.002956804819405079 -0.007912740111351013 0.006656387355178595 0.009537843056023121 0.013677927665412426 0.010838666930794716 -0.005719784181565046 -0.00238665915094316 -0.0076271346770226955 -0.008984985761344433 -0.01182060968130827 0.005733383819460869 0.010626398958265781 -0.014678320847451687 0.01139064971357584 -0.006321348249912262 0.0028058234602212906 -0.011925693601369858 -0.0007208349998109043 0.0026668894570320845 0.010114159435033798 0.011168865486979485 0.012320782989263535 -0.013223587535321712 0.011140035465359688 0.004879302345216274 0.04474156779646191 0.07769365341835818 0.1623348641142024 0.3273524429617614 0.5045390335776524 0.5705524973295548 0.8292164734233783 0.8881239356575541 0.9708973160365384 -1.024017 -0.9914186 -0.8696352 -0.669727 -0.57357264 -0.6334235 -0.8578299 -0.9038956 -1.0935438 -1.0942836 -0.94315124 -0.7752801 -0.53049374 -0.16622129 -0.47194833 -0.75693107 -0.9258795 -1.1853082
2 400 -0.0031569700222462416 0.0001446594687877223 0.004922652617096901 0.004133609123528004 -0.002585590584203601 0.015479921363294125 -0.015341500751674175 0.010389923118054867 -0.003419010667130351 0.006697029806673527 -0.01121868658810854 -0.0012186630629003048 0.019757669419050217 0.0011743031209334731 0.0015794277423992753 0.013949614949524403 -0.0063098035752773285 0.01974818855524063 -0.005310299340635538 0.011060669086873531 -0.005112926475703716 -0.0010944110108539462 -0.015684982761740685 -0.008810151368379593 0.009948383085429668 -0.016657734289765358 -0.001006355625577271 -0.010106544941663742 0.009505369700491428 -0.01606590300798416 0.00890264194458723 -0.003025750396773219 0.006400408688932657 0.014156281016767025 0.007075270172208548 -0.012394019402563572 0.014510280452668667 0.005625592544674873 0.014947433955967426 -0.018161436542868614 -0.008030475117266178 -0.00933153834193945 0.015927718952298164 0.016974611207842827 -0.012019370682537556 0.019013529643416405 0.014439423568546772 -0.013266118243336678 0.012417532503604889 -0.00035918119829148054 -0.0017483044648543 -0.008957530371844769 -0.009713486768305302 0.011756927706301212 -0.005800922866910696 0.013730743899941444 0.00045826734276488423 -0.0069579011760652065 0.008244401775300503 -0.0053532738238573074 0.011076188646256924 0.010280824266374111 0.0038888012059032917 0.009858491830527782 0.0020090430043637753 0.002111208625137806 0.011922059580683708 0.011386219412088394 0.015397152863442898 -0.002956804819405079 -0.007912740111351013 0.006656387355178595 0.009537843056023121 0.013677927665412426 0.010838666930794716 -0.005719784181565046 -0.00238665915094316 -0.0076271346770226955 -0.008984985761344433 -0.01182060968130827 0.005733383819460869 0.010626398958265781 -0.014678320847451687 0.01139064971357584 -0.006321348249912262 0.0028058234602212906 -0.011925693601369858 -0.0007208349998109043 0.0026668894570320845 0.010114159435033798 0.011168865486979485 0.012320782989263535 -0.013223587535321712 0.011140035465359688 0.004879302345216274 0.02434077154444361 0.053797312166074245 0.1119920956506587 0.23383132338825016 0.35297275944604967 0.5160493685897217 0.7079250230256221 0.8273629678617367 0.9303112184220986 -0.99545276 -0.85469407 -0.6969965 -0.52879536 -0.36685285 -0.51777923 -0.6364939 -0.7177087 -0.9918004 -1.0626658 -0.84949327 -0.61278635 -0.31809503 -0.04912281 -0.29499415 -0.5075832 -0.6362436 -1.016982
0 400 0.0 -0.0 -0.0 -0.0 0.0 -0.0 0.0 -0.0 0.0 -0.0 0.0 0.0 -0.0 -0.0 -0.0 -0.0 0.0 -0.0 0.0 -0.0 0.0 0.0 0.0 0.0 -0.0 0.0 0.0 0.0 -0.0 0.0 -0.0 0.0 -0.0 -0.0 -0.0 0.0 -0.0 -0.0 -0.0 0.0 0.0 0.0 -0.0 -0.0 0.0 -0.0 -0.0 0.0 -0.0 0.0 0.0 0.0 0.0 -0.0 0.0 -0.0 -0.0 0.0 -0.0 0.0 -0.0 -0.0 -0.0 -0.0 -0.0 -0.0 -0.0 -0.0 -0.0 0.0 0.0 -0.0 -0.0 -0.0 -0.0 0.0 0.0 0.0 0.0 0.0 -0.0 -0.0 0.0 -0.0 0.0 -0.0 0.0 0.0 -0.0 -0.0 -0.0 -0.0 0.0 -0.0 -0.0 0.04975423615819799 0.14664681775345387 0.2793575216056791 0.5160493685897217 0.6700695580120019 0.7704834559556716 0.8723446139588108 0.9318634515745648 0.9809573331024125 -0.9425502 -0.8380972 -0.6596447 -0.51777923 -0.32829833 -0.45884433 -0.5757907 -0.7286986 -1.001751 -0.99960816 -0.734069 -0.50568426 -0.29499415 0.0059410334 -0.22516467 -0.4387408 -0.68539727 -1.0785465
1 400 0.0 -0.0 -0.0 -0.0 0.0 -0.0 0.0 -0.0 0.0 -0.0 0.0 0.0 -0.0 -0.0 -0.0 -0.0 0.0 -0.0 0.0 -0.0 0.0 0.0 0.0 0.0 -0.0 0.0 0.0 0.0 -0.0 0.0 -0.0 0.0 -0.0 -0.0 -0.0 0.0 -0.0 -0.0 -0.0 0.0 0.0 0.0 -0.0 -0.0 0.0 -0.0 -0.0 0.0 -0.0 0.0 0.0 0.0 0.0 -0.0 0.0 -0.0 -0.0 0.0 -0.0 0.0 -0.0 -0.0 -0.0 -0.0 -0.0 -0.0 -0.0 -0.0 -0.0 0.0 0.0 -0.0 -0.0 -0.0 -0.0 0.0 0.0 0.0 0.0 0.0 -0.0 -0.0 0.0 -0.0 0.0 -0.0 0.0 0.0 -0.0 -0.0 -0.0 -0.0 0.0 -0.0 -0.0 0.04111682535395354 0.07678536841307461 0.16093442946011602 0.3195832582816658 0.5033670281169635 0.5761392941754362 0.8305355531420814 0.8895108722111238 0.9707735298833663 -1.0291208 -0.9873994 -0.8625759 -0.6712823 -0.569279 -0.6320331 -0.8530967 -0.8960825 -1.0881495 -1.1072646 -0.93788195 -0.76594406 -0.53148144 -0.16997595 -0.47062266 -0.75216305 -0.9148333 -1.1779648
2 400 0.0 -0.0 -0.0 -0.0 0.0 -0.0 0.0 -0.0 0.0 -0.0 0.0 0.0 -0.0 -0.0 -0.0 -0.0 0.0 -0.0 0.0 -0.0 0.0 0.0 0.0 0.0 -0.0 0.0 0.0 0.0 -0.0 0.0 -0.0 0.0 -0.0 -0.0 -0.0 0.0 -0.0 -0.0 -0.0 0.0 0.0 0.0 -0.0 -0.0 0.0 -0.0 -0.0 0.0 -0.0 0.0 0.0 0.0 0.0 -0.0 0.0 -0.0 -0.0 0.0 -0.0 0.0 -0.0 -0.0 -0.0 -0.0 -0.0 -0.0 -0.0 -0.0 -0.0 0.0 0.0 -0.0 -0.0 -0.0 -0.0 0.0 0.0 0.0 0.0 0.0 -0.0 -0.0 0.0 -0.0 0.0 -0.0 0.0 0.0 -0.0 -0.0 -0.0 -0.0 0.0 -0.0 -0.0 0.02330884107727989 0.053597444029360584 0.11223536356511173 0.23629056337187096 0.35381276268050343 0.5160493685897217 0.7051679397802655 0.822617033871508 0.9301700474159124 -1.0017378 -0.8552911 -0.69639325 -0.5286749 -0.36768067 -0.51777923 -0.6358617 -0.71283877 -0.9888463 -1.0735338 -0.8504828 -0.6119423 -0.31784248 -0.05047141 -0.29499415 -0.50654376 -0.6290246 -1.0129681
0 400 0.0031569700222462416 -0.0001446594687877223 -0.004922652617096901 -0.004133609123528004 0.002585590584203601 -0.015479921363294125 0.015341500751674175 -0.010389923118054867 0.003419010667130351 -0.006697029806673527 0.01121868658810854 0.0012186630629003048 -0.019757669419050217 -0.0011743031209334731 -0.0015794277423992753 -0.013949614949524403 0.0063098035752773285 -0.01974818855524063 0.005310299340635538 -0.011060669086873531 0.005112926475703716 0.0010944110108539462 0.015684982761740685 0.008810151368379593 -0.009948383085429668 0.016657734289765358 0.001006355625577271 0.010106544941663742 -0.009505369700491428 0.01606590300798416 -0.00890264194458723 0.003025750396773219 -0.006400408688932657 -0.014156281016767025 -0.007075270172208548 0.012394019402563572 -0.014510280452668667 -0.005625592544674873 -0.014947433955967426 0.018161436542868614 0.008030475117266178 0.00933153834193945 -0.015927718952298164 -0.016974611207842827 0.012019370682537556 -0.019013529643416405 -0.014439423568546772 0.013266118243336678 -0.012417532503604889 0.00035918119829148054 0.0017483044648543 0.008957530371844769 0.009713486768305302 -0.011756927706301212 0.005800922866910696 -0.013730743899941444 -0.00045826734276488423 0.0069579011760652065 -0.008244401775300503 0.0053532738238573074 -0.011076188646256924 -0.010280824266374111 -0.0038888012059032917 -0.009858491830527782 -0.0020090430043637753 -0.002111208625137806 -0.011922059580683708 -0.011386219412088394 -0.015397152863442898 0.002956804819405079 0.007912740111351013 -0.006656387355178595 -0.009537843056023121 -0.013677927665412426 -0.010838666930794716 0.005719784181565046 0.00238665915094316 0.0076271346770226955 0.008984985761344433 0.01182060968130827 -0.005733383819460869 -0.010626398958265781 0.014678320847451687 -0.01139064971357584 0.006321348249912262 -0.0028058234602212906 0.011925693601369858 0.0007208349998109043 -0.0026668894570320845 -0.010114159435033798 -0.011168865486979485 -0.012320782989263535 0.013223587535321712 -0.011140035465359688 -0.004879302345216274 0.045685740093687977 0.14526977835946128 0.28110395206593414 0.5160493685897217 0.6734660154424729 0.771265421001167 0.8732598821418831 0.9299282040594388 0.9808258974837223 -0.9506581 -0.8339383 -0.65927017 -0.51777923 -0.32771695 -0.45822483 -0.5760482 -0.7291176 -1.0007377 -1.0158376 -0.72860205 -0.50541234 -0.29499415 0.0065271556 -0.22423905 -0.43937874 -0.6850667 -1.0769453
1 400 0.0031569700222462416 -0.0001446594687877223 -0.004922652617096901 -0.004133609123528004 0.002585590584203601 -0.015479921363294125 0.015341500751674175 -0.010389923118054867 0.003419010667130351 -0.006697029806673527 0.01121868658810854 0.0012186630629003048 -0.019757669419050217 -0.0011743031209334731 -0.0015794277423992753 -0.013949614949524403 0.0063098035752773285 -0.01974818855524063 0.005310299340635538 -0.011060669086873531 0.005112926475703716 0.0010944110108539462 0.015684982761740685 0.008810151368379593 -0.009948383085429668 0.016657734289765358 0.001006355625577271 0.010106544941663742 -0.009505369700491428 0.01606590300798416 -0.00890264194458723 0.003025750396773219 -0.006400408688932657 -0.014156281016767025 -0.007075270172208548 0.012394019402563572 -0.014510280452668667 -0.005625592544674873 -0.014947433955967426 0.018161436542868614 0.008030475117266178 0.00933153834193945 -0.015927718952298164 -0.016974611207842827 0.012019370682537556 -0.019013529643416405 -0.014439423568546772 0.013266118243336678 -0.012417532503604889 0.00035918119829148054 0.0017483044648543 0.008957530371844769 0.009713486768305302 -0.011756927706301212 0.005800922866910696 -0.013730743899941444 -0.00045826734276488423 0.0069579011760652065 -0.008244401775300503 0.0053532738238573074 -0.011076188646256924 -0.010280824266374111 -0.0038888012059032917 -0.009858491830527782 -0.0020090430043637753 -0.002111208625137806 -0.011922059580683708 -0.011386219412088394 -0.015397152863442898 0.002956804819405079 0.007912740111351013 -0.006656387355178595 -0.009537843056023121 -0.013677927665412426 -0.010838666930794716 0.005719784181565046 0.00238665915094316 0.0076271346770226955 0.008984985761344433 0.01182060968130827 -0.005733383819460869 -0.010626398958265781 0.014678320847451687 -0.01139064971357584 0.006321348249912262 -0.0028058234602212906 0.011925693601369858 0.0007208349998109043 -0.0026668894570320845 -0.010114159435033798 -0.011168865486979485 -0.012320782989263535 0.013223587535321712 -0.011140035465359688 -0.004879302345216274 0.03939674337848295 0.07582295751300792 0.1595427169197661 0.3118888483130631 0.502160276050804 0.5816289637718498 0.8314875323390131 0.8909104678302363 0.9706866456288965 -1.0324395 -0.9836124 -0.8555833 -0.6728476 -0.5649074 -0.630665 -0.84774435 -0.88817954 -1.0829339 -1.1145891 -0.9329282 -0.75669694 -0.5324802 -0.17375877 -0.46931958 -0.7464476 -0.9036639 -1.1709062
2 400 0.0031569700222462416 -0.0001446594687877223 -0.004922652617096901 -0.004133609123528004 0.002585590584203601 -0.015479921363294125 0.015341500751674175 -0.010389923118054867 0.003419010667130351 -0.006697029806673527 0.01121868658810854 0.0012186630629003048 -0.019757669419050217 -0.0011743031209334731 -0.0015794277423992753 -0.013949614949524403 0.0063098035752773285 -0.01974818855524063 0.005310299340635538 -0.011060669086873531 0.005112926475703716 0.0010944110108539462 0.015684982761740685 0.008810151368379593 -0.009948383085429668 0.016657734289765358 0.001006355625577271 0.010106544941663742 -0.009505369700491428 0.01606590300798416 -0.00890264194458723 0.003025750396773219 -0.006400408688932657 -0.014156281016767025 -0.007075270172208548 0.012394019402563572 -0.014510280452668667 -0.005625592544674873 -0.014947433955967426 0.018161436542868614 0.008030475117266178 0.00933153834193945 -0.015927718952298164 -0.016974611207842827 0.012019370682537556 -0.019013529643416405 -0.014439423568546772 0.013266118243336678 -0.012417532503604889 0.00035918119829148054 0.0017483044648543 0.008957530371844769 0.009713486768305302 -0.011756927706301212 0.005800922866910696 -0.013730743899941444 -0.00045826734276488423 0.0069579011760652065 -0.008244401775300503 0.0053532738238573074 -0.011076188646256924 -0.010280824266374111 -0.0038888012059032917 -0.009858491830527782 -0.0020090430043637753 -0.002111208625137806 -0.011922059580683708 -0.011386219412088394 -0.015397152863442898 0.002956804819405079 0.007912740111351013 -0.006656387355178595 -0.009537843056023121 -0.013677927665412426 -0.010838666930794716 0.005719784181565046 0.00238665915094316 0.0076271346770226955 0.008984985761344433 0.01182060968130827 -0.005733383819460869 -0.010626398958265781 0.014678320847451687 -0.01139064971357584 0.006321348249912262 -0.0028058234602212906 0.011925693601369858 0.0007208349998109043 -0.0026668894570320845 -0.010114159435033798 -0.011168865486979485 -0.012320782989263535 0.013223587535321712 -0.011140035465359688 -0.004879302345216274 0.02229482107900899 0.053420726738220625 0.11247911751537103 0.23878034330071282 0.35476236492792984 0.5160493685897217 0.7025395512594242 0.8143763411695397 0.929989809780467 -1.0082002 -0.85577846 -0.6957899 -0.52855384 -0.36861542 -0.51777923 -0.63521 -0.70816445 -0.9857422 -1.0847073 -0.85131896 -0.6110983 -0.31758863 -0.05199416 -0.29499415 -0.50548476 -0.6222186 -1.008733
0 400 0.006313940044492483 -0.0002893189375754446 -0.009845305234193802 -0.008267218247056007 0.005171181168407202 -0.03095984272658825 0.03068300150334835 -0.020779846236109734 0.006838021334260702 -0.013394059613347054 0.02243737317621708 0.0024373261258006096 -0.03951533883810043 -0.0023486062418669462 -0.0031588554847985506 -0.027899229899048805 0.012619607150554657 -0.03949637711048126 0.010620598681271076 -0.022121338173747063 0.010225852951407433 0.0021888220217078924 0.03136996552348137 0.017620302736759186 -0.019896766170859337 0.033315468579530716 0.002012711251154542 0.020213089883327484 -0.019010739400982857 0.03213180601596832 -0.01780528388917446 0.006051500793546438 -0.012800817377865314 -0.02831256203353405 -0.014150540344417095 0.024788038805127144 -0.029020560905337334 -0.011251185089349747 -0.029894867911934853 0.03632287308573723 0.016060950234532356 0.0186630766838789 -0.03185543790459633 -0.033949222415685654 0.02403874136507511 -0.03802705928683281 -0.028878847137093544 0.026532236486673355 -0.024835065007209778 0.0007183623965829611 0.0034966089297086 0.017915060743689537 0.019426973536610603 -0.023513855412602425 0.011601845733821392 -0.02746148779988289 -0.0009165346855297685 0.013915802352130413 -0.016488803550601006 0.010706547647714615 -0.022152377292513847 -0.020561648532748222 -0.007777602411806583 -0.019716983661055565 -0.0040180860087275505 -0.004222417250275612 -0.023844119161367416 -0.02277243882417679 -0.030794305726885796 0.005913609638810158 0.015825480222702026 -0.01331277471035719 -0.019075686112046242 -0.027355855330824852 -0.021677333861589432 0.011439568363130093 0.00477331830188632 0.015254269354045391 0.017969971522688866 0.02364121936261654 -0.011466767638921738 -0.021252797916531563 0.029356641694903374 -0.02278129942715168 0.012642696499824524 -0.005611646920442581 0.023851387202739716 0.0014416699996218085 -0.005333778914064169 -0.020228318870067596 -0.02233773097395897 -0.02464156597852707 0.026447175070643425 -0.022280070930719376 -0.009758604690432549 0.04189165402151105 0.14390352671206882 0.28285701838518285 0.5160493685897217 0.676846287088824 0.7720101093047234 0.874159878537265 0.9279353498945518 0.9806646744157986 -0.95890844 -0.8297794 -0.6588957 -0.51777923 -0.32701707 -0.45763347 -0.5763029 -0.7295261 -0.99955815 -1.0323097 -0.72313523 -0.5051404 -0.29499415 0.007311344 -0.22335549 -0.4400099 -0.6847174 -1.0750685
1 400 0.006313940044492483 -0.0002893189375754446 -0.009845305234193802 -0.008267218247056007 0.005171181168407202 -0.03095984272658825 0.03068300150334835 -0.020779846236109734 0.006838021334260702 -0.013394059613347054 0.02243737317621708 0.0024373261258006096 -0.03951533883810043 -0.0023486062418669462 -0.0031588554847985506 -0.027899229899048805 0.012619607150554657 -0.03949637711048126 0.010620598681271076 -0.022121338173747063 0.010225852951407433 0.0021888220217078924 0.03136996552348137 0.017620302736759186 -0.019896766170859337 0.033315468579530716 0.002012711251154542 0.020213089883327484 -0.019010739400982857 0.03213180601596832 -0.01780528388917446 0.006051500793546438 -0.012800817377865314 -0.02831256203353405 -0.014150540344417095 0.024788038805127144 -0.029020560905337334 -0.011251185089349747 -0.029894867911934853 0.03632287308573723 0.016060950234532356 0.0186630766838789 -0.03185543790459633 -0.033949222415685654 0.02403874136507511 -0.03802705928683281 -0.028878847137093544 0.026532236486673355 -0.024835065007209778 0.0007183623965829611 0.0034966089297086 0.017915060743689537 0.019426973536610603 -0.023513855412602425 0.011601845733821392 -0.02746148779988289 -0.0009165346855297685 0.013915802352130413 -0.016488803550601006 0.010706547647714615 -0.022152377292513847 -0.020561648532748222 -0.007777602411806583 -0.019716983661055565 -0.0040180860087275505 -0.004222417250275612 -0.023844119161367416 -0.02277243882417679 -0.030794305726885796 0.005913609638810158 0.015825480222702026 -0.01331277471035719 -0.019075686112046242 -0.027355855330824852 -0.021677333861589432 0.011439568363130093 0.00477331830188632 0.015254269354045391 0.017969971522688866 0.02364121936261654 -0.011466767638921738 -0.021252797916531563 0.029356641694903374 -0.02278129942715168 0.012642696499824524 -0.005611646920442581 0.023851387202739716 0.0014416699996218085 -0.005333778914064169 -0.020228318870067596 -0.02233773097395897 -0.02464156597852707 0.026447175070643425 -0.022280070930719376 -0.009758604690432549 0.03797653383291884 0.07492781262444637 0.1581618416094927 0.3043606701341724 0.5009782043096411 0.58715076449531 0.8327309942870907 0.8921418592847526 0.9706090718234 -1.0353489 -0.9796066 -0.8485239 -0.6744034 -0.5605626 -0.6292642 -0.842615 -0.88022465 -1.0778601 -1.1209372 -0.9276775 -0.7473608 -0.53347594 -0.17756993 -0.46797532 -0.7412075 -0.8923682 -1.1640483
2 400 0.006313940044492483 -0.0002893189375754446 -0.009845305234193802 -0.008267218247056007 0.005171181168407202 -0.03095984272658825 0.03068300150334835 -0.020779846236109734 0.006838021334260702 -0.013394059613347054 0.02243737317621708 0.0024373261258006096 -0.03951533883810043 -0.0023486062418669462 -0.0031588554847985506 -0.027899229899048805 0.012619607150554657 -0.03949637711048126 0.010620598681271076 -0.022121338173747063 0.010225852951407433 0.0021888220217078924 0.03136996552348137 0.017620302736759186 -0.019896766170859337 0.033315468579530716 0.002012711251154542 0.020213089883327484 -0.019010739400982857 0.03213180601596832 -0.01780528388917446 0.006051500793546438 -0.012800817377865314 -0.02831256203353405 -0.014150540344417095 0.024788038805127144 -0.029020560905337334 -0.011251185089349747 -0.029894867911934853 0.03632287308573723 0.016060950234532356 0.0186630766838789 -0.03185543790459633 -0.033949222415685654 0.02403874136507511 -0.03802705928683281 -0.028878847137093544 0.026532236486673355 -0.024835065007209778 0.0007183623965829611 0.0034966089297086 0.017915060743689537 0.019426973536610603 -0.023513855412602425 0.011601845733821392 -0.02746148779988289 -0.0009165346855297685 0.013915802352130413 -0.016488803550601006 0.010706547647714615 -0.022152377292513847 -0.020561648532748222 -0.007777602411806583 -0.019716983661055565 -0.0040180860087275505 -0.004222417250275612 -0.023844119161367416 -0.02277243882417679 -0.030794305726885796 0.005913609638810158 0.015825480222702026 -0.01331277471035719 -0.019075686112046242 -0.027355855330824852 -0.021677333861589432 0.011439568363130093 0.00477331830188632 0.015254269354045391 0.017969971522688866 0.02364121936261654 -0.011466767638921738 -0.021252797916531563 0.029356641694903374 -0.02278129942715168 0.012642696499824524 -0.005611646920442581 0.023851387202739716 0.0014416699996218085 -0.005333778914064169 -0.020228318870067596 -0.02233773097395897 -0.02464156597852707 0.026447175070643425 -0.022280070930719376 -0.009758604690432549 0.021323948574715815 0.053253196763131005 0.11272332664621239 0.24128805577227463 0.3556905472293384 0.5160493685897217 0.6997419096276837 0.805843314293807 0.9298480276853046 -1.0146625 -0.8562609 -0.6951866 -0.5284328 -0.369528 -0.51777923 -0.63451993 -0.70349056 -0.9827881 -1.0958807 -0.8521329 -0.61025417 -0.31733477 -0.053480834 -0.29499415 -0.5043635 -0.61541307 -1.0047191
0 400 0.009470910765230656 -0.00043397839181125164 -0.014767958782613277 -0.012400827370584011 0.007756771985441446 -0.0464397631585598 0.04602450504899025 -0.031169768422842026 0.010257032699882984 -0.020091090351343155 0.03365606069564819 0.003655989421531558 -0.05927300825715065 -0.003522909479215741 -0.004738283343613148 -0.04184884577989578 0.018929410725831985 -0.05924456939101219 0.0159308984875679 -0.03318200632929802 0.015338779427111149 0.0032832331489771605 0.0470549501478672 0.026430455967783928 -0.02984514832496643 0.04997320473194122 0.0030190669931471348 0.030319636687636375 -0.02851611003279686 0.04819771274924278 -0.026707926765084267 0.009077250957489014 -0.01920122653245926 -0.0424688421189785 -0.021225811913609505 0.03718205913901329 -0.043530840426683426 -0.01687677763402462 -0.044842302799224854 0.05448431149125099 0.02409142628312111 0.027994614094495773 -0.04778315871953964 -0.05092383548617363 0.03605811297893524 -0.05704059079289436 -0.04331827163696289 0.03979835659265518 -0.03725259751081467 0.0010775435948744416 0.005244913510978222 0.02687259018421173 0.02914046123623848 -0.03527078405022621 0.01740276999771595 -0.04119223356246948 -0.0013748020865023136 0.02087370492517948 -0.024733206257224083 0.016059821471571922 -0.033228568732738495 -0.03084247186779976 -0.011666404083371162 -0.029575476422905922 -0.006027129013091326 -0.006333626341074705 -0.035766180604696274 -0.03415865823626518 -0.04619145765900612 0.008870414458215237 0.02373822219669819 -0.019969163462519646 -0.028613530099391937 -0.041033785790205 -0.0325160026550293 0.017159353941679 0.007159977685660124 0.02288140542805195 0.026954958215355873 0.03546183183789253 -0.017200151458382607 -0.03187919780611992 0.044034961611032486 -0.034171950072050095 0.018964044749736786 -0.008417470380663872 0.03577708080410957 0.0021625051740556955 -0.008000669069588184 -0.030342480167746544 -0.0335065983235836 -0.036962348967790604 0.03967076167464256 -0.03342010825872421 -0.014637907035648823 0.03839804916161364 0.14253606913878025 0.28461667443752753 0.5160493685897217 0.6801688120202124 0.7727884145045133 0.8751190496977319 0.9258084794579922 0.9805322247988537 -0.9671528 -0.8255677 -0.6585211 -0.51777923 -0.32644576 -0.45701396 -0.5765761 -0.7298265 -0.99856544 -1.04878 -0.7175987 -0.50486845 -0.29499415 0.007884949 -0.22242986 -0.44068682 -0.6841718 -1.0734968
1 400 0.009470910765230656 -0.00043397839181125164 -0.014767958782613277 -0.012400827370584011 0.007756771985441446 -0.0464397631585598 0.04602450504899025 -0.031169768422842026 0.010257032699882984 -0.020091090351343155 0.03365606069564819 0.003655989421531558 -0.05927300825715065 -0.003522909479215741 -0.004738283343613148 -0.04184884577989578 0.018929410725831985 -0.05924456939101219 0.0159308984875679 -0.03318200632929802 0.015338779427111149 0.0032832331489771605 0.0470549501478672 0.026430455967783928 -0.02984514832496643 0.04997320473194122 0.0030190669931471348 0.030319636687636375 -0.02851611003279686 0.04819771274924278 -0.026707926765084267 0.009077250957489014 -0.01920122653245926 -0.0424688421189785 -0.021225811913609505 0.03718205913901329 -0.043530840426683426 -0.01687677763402462 -0.044842302799224854 0.05448431149125099 0.02409142628312111 0.027994614094495773 -0.04778315871953964 -0.05092383548617363 0.03605811297893524 -0.05704059079289436 -0.04331827163696289 0.03979835659265518 -0.03725259751081467 0.0010775435948744416 0.005244913510978222 0.02687259018421173 0.02914046123623848 -0.03527078405022621 0.01740276999771595 -0.04119223356246948 -0.0013748020865023136 0.02087370492517948 -0.024733206257224083 0.016059821471571922 -0.033228568732738495 -0.03084247186779976 -0.011666404083371162 -0.029575476422905922 -0.006027129013091326 -0.006333626341074705 -0.035766180604696274 -0.03415865823626518 -0.04619145765900612 0.008870414458215237 0.02373822219669819 -0.019969163462519646 -0.028613530099391937 -0.041033785790205 -0.0325160026550293 0.017159353941679 0.007159977685660124 0.02288140542805195 0.026954958215355873 0.03546183183789253 -0.017200151458382607 -0.03187919780611992 0.044034961611032486 -0.034171950072050095 0.018964044749736786 -0.008417470380663872 0.03577708080410957 0.0021625051740556955 -0.008000669069588184 -0.030342480167746544 -0.0335065983235836 -0.036962348967790604 0.03967076167464256 -0.03342010825872421 -0.014637907035648823 0.036591010479380424 0.07399012562732693 0.156792425463577 0.2968608567360908 0.4997887610134872 0.5925144251583959 0.8354236166141643 0.8934839466635508 0.9706044076820054 -1.0386233 -0.97584605 -0.8415392 -0.67595017 -0.55623 -0.6279336 -0.83791316 -0.8723702 -1.0744766 -1.127702 -0.9227586 -0.738124 -0.5344444 -0.18133867 -0.4667166 -0.7374778 -0.88126075 -1.1595345
2 400 0.009470910765230656 -0.00043397839181125164 -0.014767958782613277 -0.012400827370584011 0.007756771985441446 -0.0464397631585598 0.04602450504899025 -0.031169768422842026 0.010257032699882984 -0.020091090351343155 0.03365606069564819 0.003655989421531558 -0.05927300825715065 -0.003522909479215741 -0.004738283343613148 -0.04184884577989578 0.018929410725831985 -0.05924456939101219 0.0159308984875679 -0.03318200632929802 0.015338779427111149 0.0032832331489771605 0.0470549501478672 0.026430455967783928 -0.02984514832496643 0.04997320473194122 0.0030190669931471348 0.030319636687636375 -0.02851611003279686 0.04819771274924278 -0.026707926765084267 0.009077250957489014 -0.01920122653245926 -0.0424688421189785 -0.021225811913609505 0.03718205913901329 -0.043530840426683426 -0.01687677763402462 -0.044842302799224854 0.05448431149125099 0.02409142628312111 0.027994614094495773 -0.04778315871953964 -0.05092383548617363 0.03605811297893524 -0.05704059079289436 -0.04331827163696289 0.03979835659265518 -0.03725259751081467 0.0010775435948744416 0.005244913510978222 0.02687259018421173 0.02914046123623848 -0.03527078405022621 0.01740276999771595 -0.04119223356246948 -0.0013748020865023136 0.02087370492517948 -0.024733206257224083 0.016059821471571922 -0.033228568732738495 -0.03084247186779976 -0.011666404083371162 -0.029575476422905922 -0.006027129013091326 -0.006333626341074705 -0.035766180604696274 -0.03415865823626518 -0.04619145765900612 0.008870414458215237 0.02373822219669819 -0.019969163462519646 -0.028613530099391937 -0.041033785790205 -0.0325160026550293 0.017159353941679 0.007159977685660124 0.02288140542805195 0.026954958215355873 0.03546183183789253 -0.017200151458382607 -0.03187919780611992 0.044034961611032486 -0.034171950072050095 0.018964044749736786 -0.008417470380663872 0.03577708080410957 0.0021625051740556955 -0.008000669069588184 -0.030342480167746544 -0.0335065983235836 -0.036962348967790604 0.03967076167464256 -0.03342010825872421 -0.014637907035648823 0.020418393877223565 0.05307757784957087 0.11296797172654854 0.2437680201049289 0.35653345899220973 0.5160493685897217 0.6970859444548445 0.7984023972416949 0.9296594406297809 -1.0209435 -0.8567483 -0.6945833 -0.52831393 -0.37035584 -0.51777923 -0.6338683 -0.70190424 -0.9797716 -1.1067395 -0.85296905 -0.60941017 -0.3170855 -0.054829434 -0.29499415 -0.5033045 -0.61267453 -1.0005968
0 400 0.012627880088984966 -0.0005786378751508892 -0.019690610468387604 -0.016534436494112015 0.010342362336814404 -0.0619196854531765 0.0613660030066967 -0.04155969247221947 0.013676042668521404 -0.026788119226694107 0.04487474635243416 0.004874652251601219 -0.07903067767620087 -0.0046972124837338924 -0.006317710969597101 -0.05579845979809761 0.025239214301109314 -0.07899275422096252 0.021241197362542152 -0.044242676347494125 0.020451705902814865 0.004377644043415785 0.06273993104696274 0.03524060547351837 -0.039793532341718674 0.06663093715906143 0.004025422502309084 0.04042617976665497 -0.038021478801965714 0.06426361203193665 -0.03561056777834892 0.012103001587092876 -0.02560163475573063 -0.0566251240670681 -0.02830108068883419 0.04957607761025429 -0.05804112181067467 -0.022502370178699493 -0.059789735823869705 0.07264574617147446 0.03212190046906471 0.0373261533677578 -0.06371087580919266 -0.06789844483137131 0.04807748273015022 -0.07605411857366562 -0.05775769427418709 0.05306447297334671 -0.049670130014419556 0.0014367247931659222 0.0069932178594172 0.035830121487379074 0.03885394707322121 -0.04702771082520485 0.023203691467642784 -0.05492297559976578 -0.001833069371059537 0.027831604704260826 -0.03297760710120201 0.02141309529542923 -0.044304754585027695 -0.041123297065496445 -0.015555204823613167 -0.03943396732211113 -0.008036172017455101 -0.008444834500551224 -0.04768823832273483 -0.04554487764835358 -0.06158861145377159 0.011827219277620316 0.03165096044540405 -0.02662554942071438 -0.038151372224092484 -0.054711710661649704 -0.043354667723178864 0.022879136726260185 0.00954663660377264 0.030508538708090782 0.03593994304537773 0.04728243872523308 -0.022933535277843475 -0.042505595833063126 0.05871328338980675 -0.04556259885430336 0.025285392999649048 -0.011223293840885162 0.04770277440547943 0.002883339999243617 -0.010667557828128338 -0.04045663774013519 -0.04467546194791794 -0.04928313195705414 0.05289435014128685 -0.04456014186143875 -0.019517209380865097 0.03639130733853096 0.14118539199972424 0.28639906523498454 0.5160493685897217 0.6835005729646717 0.7735648486551409 0.8758972388474245 0.9247284609685297 0.9803792098954266 -0.9736688 -0.8213824 -0.6581395 -0.51777923 -0.32586133 -0.45639443 -0.57679904 -0.72892827 -0.99763143 -1.0604153 -0.7120969 -0.5045862 -0.29499415 0.008477271 -0.22150421 -0.44123933 -0.6823596 -1.0719666
1 400 0.012627880088984966 -0.0005786378751508892 -0.019690610468387604 -0.016534436494112015 0.010342362336814404 -0.0619196854531765 0.0613660030066967 -0.04155969247221947 0.013676042668521404 -0.026788119226694107 0.04487474635243416 0.004874652251601219 -0.07903067767620087 -0.0046972124837338924 -0.006317710969597101 -0.05579845979809761 0.025239214301109314 -0.07899275422096252 0.021241197362542152 -0.044242676347494125 0.020451705902814865 0.004377644043415785 0.06273993104696274 0.03524060547351837 -0.039793532341718674 0.06663093715906143 0.004025422502309084 0.04042617976665497 -0.038021478801965714 0.06426361203193665 -0.03561056777834892 0.012103001587092876 -0.02560163475573063 -0.0566251240670681 -0.02830108068883419 0.04957607761025429 -0.05804112181067467 -0.022502370178699493 -0.059789735823869705 0.07264574617147446 0.03212190046906471 0.0373261533677578 -0.06371087580919266 -0.06789844483137131 0.04807748273015022 -0.07605411857366562 -0.05775769427418709 0.05306447297334671 -0.049670130014419556 0.0014367247931659222 0.0069932178594172 0.035830121487379074 0.03885394707322121 -0.04702771082520485 0.023203691467642784 -0.05492297559976578 -0.001833069371059537 0.027831604704260826 -0.03297760710120201 0.02141309529542923 -0.044304754585027695 -0.041123297065496445 -0.015555204823613167 -0.03943396732211113 -0.008036172017455101 -0.008444834500551224 -0.04768823832273483 -0.04554487764835358 -0.06158861145377159 0.011827219277620316 0.03165096044540405 -0.02662554942071438 -0.038151372224092484 -0.054711710661649704 -0.043354667723178864 0.022879136726260185 0.00954663660377264 0.030508538708090782 0.03593994304537773 0.04728243872523308 -0.022933535277843475 -0.042505595833063126 0.05871328338980675 -0.04556259885430336 0.025285392999649048 -0.011223293840885162 0.04770277440547943 0.002883339999243617 -0.010667557828128338 -0.04045663774013519 -0.04467546194791794 -0.04928313195705414 0.05289435014128685 -0.04456014186143875 -0.019517209380865097 0.03487838189342791 0.07308818884981609 0.15661907743486553 0.2898769839912283 0.498599351202121 0.5967066923651158 0.8381087336042594 0.8946897478131408 0.970651324880218 -1.0452609 -0.97194785 -0.83781374 -0.6777852 -0.55189735 -0.6268734 -0.8334495 -0.86441535 -1.0712894 -1.1389394 -0.9176539 -0.7331691 -0.53606856 -0.18510741 -0.46570486 -0.73402476 -0.8699652 -1.1553468
2 400 0.012627880088984966 -0.0005786378751508892 -0.019690610468387604 -0.016534436494112015 0.010342362336814404 -0.0619196854531765 0.0613660030066967 -0.04155969247221947 0.013676042668521404 -0.026788119226694107 0.04487474635243416 0.004874652251601219 -0.07903067767620087 -0.0046972124837338924 -0.006317710969597101 -0.05579845979809761 0.025239214301109314 -0.07899275422096252 0.021241197362542152 -0.044242676347494125 0.020451705902814865 0.004377644043415785 0.06273993104696274 0.03524060547351837 -0.039793532341718674 0.06663093715906143 0.004025422502309084 0.04042617976665497 -0.038021478801965714 0.06426361203193665 -0.03561056777834892 0.012103001587092876 -0.02560163475573063 -0.0566251240670681 -0.02830108068883419 0.04957607761025429 -0.05804112181067467 -0.022502370178699493 -0.059789735823869705 0.07264574617147446 0.03212190046906471 0.0373261533677578 -0.06371087580919266 -0.06789844483137131 0.04807748273015022 -0.07605411857366562 -0.05775769427418709 0.05306447297334671 -0.049670130014419556 0.0014367247931659222 0.0069932178594172 0.035830121487379074 0.03885394707322121 -0.04702771082520485 0.023203691467642784 -0.05492297559976578 -0.001833069371059537 0.027831604704260826 -0.03297760710120201 0.02141309529542923 -0.044304754585027695 -0.041123297065496445 -0.015555204823613167 -0.03943396732211113 -0.008036172017455101 -0.008444834500551224 -0.04768823832273483 -0.04554487764835358 -0.06158861145377159 0.011827219277620316 0.03165096044540405 -0.02662554942071438 -0.038151372224092484 -0.054711710661649704 -0.043354667723178864 0.022879136726260185 0.00954663660377264 0.030508538708090782 0.03593994304537773 0.04728243872523308 -0.022933535277843475 -0.042505595833063126 0.05871328338980675 -0.04556259885430336 0.025285392999649048 -0.011223293840885162 0.04770277440547943 0.002883339999243617 -0.010667557828128338 -0.04045663774013519 -0.04467546194791794 -0.04928313195705414 0.05289435014128685 -0.04456014186143875 -0.019517209380865097 0.019527594951984407 0.05291105783665217 0.1132131370841001 0.24631113559819406 0.35748195822843964 0.5160493685897217 0.7001208013114713 0.791049771581838 0.9296791323911816 -1.027406 -0.8572308 -0.69398 -0.5281929 -0.37128627 -0.51777923 -0.63472074 -0.7009685 -0.9781731 -1.117913 -0.8537829 -0.60856605 -0.31683165 -0.05634524 -0.29499415 -0.5042192 -0.6107929 -0.9984777
0 400 0.01578485034406185 -0.0007232973002828658 -0.024613263085484505 -0.020668044686317444 0.012927953153848648 -0.0773996040225029 0.07670750468969345 -0.05194961279630661 0.0170950535684824 -0.03348514810204506 0.05609343200922012 0.006093315314501524 -0.09878834336996078 -0.005871515721082687 -0.007897138595581055 -0.06974807381629944 0.03154901787638664 -0.09874094277620316 0.026551496237516403 -0.05530334264039993 0.025564631447196007 0.005472055170685053 0.07842491567134857 0.044050756841897964 -0.04974191263318062 0.08328866958618164 0.005031778011471033 0.05053272470831871 -0.04752684757113457 0.0803295150399208 -0.04451321065425873 0.015128751285374165 -0.032002042979002 -0.0707814022898674 -0.035376351326704025 0.061970096081495285 -0.07255139946937561 -0.028127962723374367 -0.07473716884851456 0.09080718457698822 0.040152374655008316 0.04665768891572952 -0.07963859289884567 -0.08487305790185928 0.060096852481365204 -0.09506765007972717 -0.07219711691141129 0.06633058935403824 -0.062087662518024445 0.0017959059914574027 0.008741522207856178 0.04478764906525612 0.048567432910203934 -0.05878463760018349 0.029004614800214767 -0.06865371763706207 -0.0022913366556167603 0.03478950634598732 -0.04122200980782509 0.026766369119286537 -0.05538094416260719 -0.05140411853790283 -0.01944400556385517 -0.04929246008396149 -0.010045214556157589 -0.01055604312568903 -0.05961029604077339 -0.05693109706044197 -0.07698576152324677 0.014784024097025394 0.039563700556755066 -0.03328193724155426 -0.04768921434879303 -0.0683896392583847 -0.05419333279132843 0.02859892137348652 0.011933295987546444 0.038135673850774765 0.04492492973804474 0.05910304933786392 -0.028666919097304344 -0.05313199386000633 0.07339160144329071 -0.056953247636556625 0.03160674124956131 -0.014029117301106453 0.05962846800684929 0.0036041750572621822 -0.013334447517991066 -0.05057079717516899 -0.055844325572252274 -0.06160391494631767 0.06611793488264084 -0.05570017546415329 -0.024396510794758797 0.035037801326641846 0.13984541166918374 0.2840399087102035 0.5160493685897217 0.6868048643923772 0.7742355520308712 0.8763963403754297 0.9235541817991652 0.9803302807029575 -0.9795785 -0.8171971 -0.65770507 -0.51777923 -0.32528496 -0.455658 -0.5769427 -0.7279047 -0.9986038 -1.0699906 -0.7065952 -0.50345147 -0.29499415 0.009057164 -0.22036795 -0.44159526 -0.68032753 -1.0731714
1 400 0.01578485034406185 -0.0007232973002828658 -0.024613263085484505 -0.020668044686317444 0.012927953153848648 -0.0773996040225029 0.07670750468969345 -0.05194961279630661 0.0170950535684824 -0.03348514810204506 0.05609343200922012 0.006093315314501524 -0.09878834336996078 -0.005871515721082687 -0.007897138595581055 -0.06974807381629944 0.03154901787638664 -0.09874094277620316 0.026551496237516403 -0.05530334264039993 0.025564631447196007 0.005472055170685053 0.07842491567134857 0.044050756841897964 -0.04974191263318062 0.08328866958618164 0.005031778011471033 0.05053272470831871 -0.04752684757113457 0.0803295150399208 -0.04451321065425873 0.015128751285374165 -0.032002042979002 -0.0707814022898674 -0.035376351326704025 0.061970096081495285 -0.07255139946937561 -0.028127962723374367 -0.07473716884851456 0.09080718457698822 0.040152374655008316 0.04665768891572952 -0.07963859289884567 -0.08487305790185928 0.060096852481365204 -0.09506765007972717 -0.07219711691141129 0.06633058935403824 -0.062087662518024445 0.0017959059914574027 0.008741522207856178 0.04478764906525612 0.048567432910203934 -0.05878463760018349 0.029004614800214767 -0.06865371763706207 -0.0022913366556167603 0.03478950634598732 -0.04122200980782509 0.026766369119286537 -0.05538094416260719 -0.05140411853790283 -0.01944400556385517 -0.04929246008396149 -0.010045214556157589 -0.01055604312568903 -0.05961029604077339 -0.05693109706044197 -0.07698576152324677 0.014784024097025394 0.039563700556755066 -0.03328193724155426 -0.04768921434879303 -0.0683896392583847 -0.05419333279132843 0.02859892137348652 0.011933295987546444 0.038135673850774765 0.04492492973804474 0.05910304933786392 -0.028666919097304344 -0.05313199386000633 0.07339160144329071 -0.056953247636556625 0.03160674124956131 -0.014029117301106453 0.05962846800684929 0.0036041750572621822 -0.013334447517991066 -0.05057079717516899 -0.055844325572252274 -0.06160391494631767 0.06611793488264084 -0.05570017546415329 -0.024396510794758797 0.03331450361015992 0.07226160429670746 0.15659044940665706 0.28326295270162216 0.49739989826217346 0.5993915345011713 0.8405744265475007 0.8959832667919984 0.9706532219494125 -1.0515596 -0.9683042 -0.8345499 -0.6798847 -0.5475136 -0.6263884 -0.82565683 -0.85658836 -1.0679196 -1.1496307 -0.91288173 -0.7288219 -0.53830516 -0.18893263 -0.46534315 -0.7265295 -0.85889137 -1.1508592
2 400 0.01578485034406185 -0.0007232973002828658 -0.024613263085484505 -0.020668044686317444 0.012927953153848648 -0.0773996040225029 0.07670750468969345 -0.05194961279630661 0.0170950535684824 -0.03348514810204506 0.05609343200922012 0.006093315314501524 -0.09878834336996078 -0.005871515721082687 -0.007897138595581055 -0.06974807381629944 0.03154901787638664 -0.09874094277620316 0.026551496237516403 -0.05530334264039993 0.025564631447196007 0.005472055170685053 0.07842491567134857 0.044050756841897964 -0.04974191263318062 0.08328866958618164 0.005031778011471033 0.05053272470831871 -0.04752684757113457 0.0803295150399208 -0.04451321065425873 0.015128751285374165 -0.032002042979002 -0.0707814022898674 -0.035376351326704025 0.061970096081495285 -0.07255139946937561 -0.028127962723374367 -0.07473716884851456 0.09080718457698822 0.040152374655008316 0.04665768891572952 -0.07963859289884567 -0.08487305790185928 0.060096852481365204 -0.09506765007972717 -0.07219711691141129 0.06633058935403824 -0.062087662518024445 0.0017959059914574027 0.008741522207856178 0.04478764906525612 0.048567432910203934 -0.05878463760018349 0.029004614800214767 -0.06865371763706207 -0.0022913366556167603 0.03478950634598732 -0.04122200980782509 0.026766369119286537 -0.05538094416260719 -0.05140411853790283 -0.01944400556385517 -0.04929246008396149 -0.010045214556157589 -0.01055604312568903 -0.05961029604077339 -0.05693109706044197 -0.07698576152324677 0.014784024097025394 0.039563700556755066 -0.03328193724155426 -0.04768921434879303 -0.0683896392583847 -0.05419333279132843 0.02859892137348652 0.011933295987546444 0.038135673850774765 0.04492492973804474 0.05910304933786392 -0.028666919097304344 -0.05313199386000633 0.07339160144329071 -0.056953247636556625 0.03160674124956131 -0.014029117301106453 0.05962846800684929 0.0036041750572621822 -0.013334447517991066 -0.05057079717516899 -0.055844325572252274 -0.06160391494631767 0.06611793488264084 -0.05570017546415329 -0.024396510794758797 0.0186670648685204 0.052893511816114014 0.11345874277456257 0.24885900423978966 0.35833112667535316 0.5160493685897217 0.7040701883935291 0.7837166727631225 0.9297793041201088 -1.0339481 -0.85810065 -0.69337666 -0.5280724 -0.37211838 -0.51777923 -0.6358186 -0.700065 -0.9771217 -1.1292046 -0.8547553 -0.60772204 -0.3165791 -0.057700798 -0.29499415 -0.50546944 -0.6089746 -0.9971316
0 400 0.01894182153046131 -0.0008679567836225033 -0.029535917565226555 -0.024801654741168022 0.015513543970882893 -0.0928795263171196 0.0920490100979805 -0.06233953684568405 0.02051406539976597 -0.04018218070268631 0.06731212139129639 0.007311978843063116 -0.1185460165143013 -0.007045818958431482 -0.009476566687226295 -0.08369769155979156 0.03785882145166397 -0.11848913878202438 0.0318617969751358 -0.06636401265859604 0.030677558854222298 0.006566466297954321 0.0941099002957344 0.052860911935567856 -0.05969029664993286 0.09994640946388245 0.0060381339862942696 0.06063927337527275 -0.05703222006559372 0.09639542549848557 -0.05341585353016853 0.018154501914978027 -0.03840245306491852 -0.084937684237957 -0.04245162382721901 0.07436411827802658 -0.08706168085336685 -0.03375355526804924 -0.08968460559844971 0.10896862298250198 0.04818285256624222 0.05598922818899155 -0.09556631743907928 -0.10184767097234726 0.07211622595787048 -0.11408118158578873 -0.08663654327392578 0.07959671318531036 -0.07450519502162933 0.0021550871897488832 0.010489827021956444 0.05374518036842346 0.05828092247247696 -0.07054156810045242 0.0348055399954319 -0.08238446712493896 -0.0027496041730046272 0.04174740985035896 -0.049466412514448166 0.032119642943143845 -0.06645713746547699 -0.06168494373559952 -0.023332808166742325 -0.059150952845811844 -0.012054258026182652 -0.01266725268214941 -0.07153236120939255 -0.06831731647253036 -0.09238291531801224 0.017740828916430473 0.04747644439339638 -0.03993832692503929 -0.057227060198783875 -0.08206757158041 -0.0650320053100586 0.034318707883358 0.014319955371320248 0.0457628108561039 0.053909916430711746 0.07092366367578506 -0.03440030291676521 -0.06375839561223984 0.08806992322206497 -0.06834390014410019 0.03792808949947357 -0.016834940761327744 0.07155416160821915 0.004325010348111391 -0.01600133813917637 -0.06068496033549309 -0.0670131966471672 -0.07392469793558121 0.07934152334928513 -0.06684021651744843 -0.029275814071297646 0.03373501418151307 0.13851609748184493 0.27854053214784874 0.5160493685897217 0.6901087266142144 0.7680190317216112 0.876902565159171 0.9224688697912805 0.9802823551659611 -0.9854462 -0.81301177 -0.65722436 -0.51777923 -0.32470354 -0.46337536 -0.5770889 -0.72697484 -0.9996003 -1.0795165 -0.70109355 -0.5016501 -0.29499415 0.009643346 -0.2323991 -0.44195747 -0.6784798 -1.0744102
1 400 0.01894182153046131 -0.0008679567836225033 -0.029535917565226555 -0.024801654741168022 0.015513543970882893 -0.0928795263171196 0.0920490100979805 -0.06233953684568405 0.02051406539976597 -0.04018218070268631 0.06731212139129639 0.007311978843063116 -0.1185460165143013 -0.007045818958431482 -0.009476566687226295 -0.08369769155979156 0.03785882145166397 -0.11848913878202438 0.0318617969751358 -0.06636401265859604 0.030677558854222298 0.006566466297954321 0.0941099002957344 0.052860911935567856 -0.05969029664993286 0.09994640946388245 0.0060381339862942696 0.06063927337527275 -0.05703222006559372 0.09639542549848557 -0.05341585353016853 0.018154501914978027 -0.03840245306491852 -0.084937684237957 -0.04245162382721901 0.07436411827802658 -0.08706168085336685 -0.03375355526804924 -0.08968460559844971 0.10896862298250198 0.04818285256624222 0.05598922818899155 -0.09556631743907928 -0.10184767097234726 0.07211622595787048 -0.11408118158578873 -0.08663654327392578 0.07959671318531036 -0.07450519502162933 0.0021550871897488832 0.010489827021956444 0.05374518036842346 0.05828092247247696 -0.07054156810045242 0.0348055399954319 -0.08238446712493896 -0.0027496041730046272 0.04174740985035896 -0.049466412514448166 0.032119642943143845 -0.06645713746547699 -0.06168494373559952 -0.023332808166742325 -0.059150952845811844 -0.012054258026182652 -0.01266725268214941 -0.07153236120939255 -0.06831731647253036 -0.09238291531801224 0.017740828916430473 0.04747644439339638 -0.03993832692503929 -0.057227060198783875 -0.08206757158041 -0.0650320053100586 0.034318707883358 0.014319955371320248 0.0457628108561039 0.053909916430711746 0.07092366367578506 -0.03440030291676521 -0.06375839561223984 0.08806992322206497 -0.06834390014410019 0.03792808949947357 -0.016834940761327744 0.07155416160821915 0.004325010348111391 -0.01600133813917637 -0.06068496033549309 -0.0670131966471672 -0.07392469793558121 0.07934152334928513 -0.06684021651744843 -0.029275814071297646 0.031236062457349556 0.07153981340412248 0.15655388437500933 0.2768377702380045 0.49621051713774955 0.6018173235856229 0.8449994676325099 0.8966722288186996 0.9706935623101905 -1.0583498 -0.9651582 -0.83121943 -0.6819857 -0.54318094 -0.6259925 -0.81249183 -0.84914243 -1.0646915 -1.1611856 -0.90876293 -0.72438633 -0.5405537 -0.19270137 -0.46507925 -0.71393 -0.8481766 -1.1466088
2 400 0.01894182153046131 -0.0008679567836225033 -0.029535917565226555 -0.024801654741168022 0.015513543970882893 -0.0928795263171196 0.0920490100979805 -0.06233953684568405 0.02051406539976597 -0.04018218070268631 0.06731212139129639 0.007311978843063116 -0.1185460165143013 -0.007045818958431482 -0.009476566687226295 -0.08369769155979156 0.03785882145166397 -0.11848913878202438 0.0318617969751358 -0.06636401265859604 0.030677558854222298 0.006566466297954321 0.0941099002957344 0.052860911935567856 -0.05969029664993286 0.09994640946388245 0.0060381339862942696 0.06063927337527275 -0.05703222006559372 0.09639542549848557 -0.05341585353016853 0.018154501914978027 -0.03840245306491852 -0.084937684237957 -0.04245162382721901 0.07436411827802658 -0.08706168085336685 -0.03375355526804924 -0.08968460559844971 0.10896862298250198 0.04818285256624222 0.05598922818899155 -0.09556631743907928 -0.10184767097234726 0.07211622595787048 -0.11408118158578873 -0.08663654327392578 0.07959671318531036 -0.07450519502162933 0.0021550871897488832 0.010489827021956444 0.05374518036842346 0.05828092247247696 -0.07054156810045242 0.0348055399954319 -0.08238446712493896 -0.0027496041730046272 0.04174740985035896 -0.049466412514448166 0.032119642943143845 -0.06645713746547699 -0.06168494373559952 -0.023332808166742325 -0.059150952845811844 -0.012054258026182652 -0.01266725268214941 -0.07153236120939255 -0.06831731647253036 -0.09238291531801224 0.017740828916430473 0.04747644439339638 -0.03993832692503929 -0.057227060198783875 -0.08206757158041 -0.0650320053100586 0.034318707883358 0.014319955371320248 0.0457628108561039 0.053909916430711746 0.07092366367578506 -0.03440030291676521 -0.06375839561223984 0.08806992322206497 -0.06834390014410019 0.03792808949947357 -0.016834940761327744 0.07155416160821915 0.004325010348111391 -0.01600133813917637 -0.06068496033549309 -0.0670131966471672 -0.07392469793558121 0.07934152334928513 -0.06684021651744843 -0.029275814071297646 0.01787128034173479 0.053180436332999716 0.11370479992496135 0.25143758340555494 0.35927736347903644 0.5160493685897217 0.7078358832521655 0.7757264059241672 0.9299437062053155 -1.040233 -0.85968393 -0.69277334 -0.52795136 -0.37304458 -0.51777923 -0.63687813 -0.6996181 -0.97611046 -1.1400725 -0.85596097 -0.606878 -0.31632525 -0.059209645 -0.29499415 -0.5066575 -0.6076063 -0.9958745
0 400 0.022098790854215622 -0.0010126162087544799 -0.03445856645703316 -0.02893526293337345 0.018099134787917137 -0.1083594411611557 0.10739050805568695 -0.0727294534444809 0.02393307536840439 -0.046879205852746964 0.07853080332279205 0.008530640974640846 -0.13830368220806122 -0.008220122195780277 -0.011055993847548962 -0.0976473018527031 0.0441686250269413 -0.13823731243610382 0.037172093987464905 -0.07742467522621155 0.03579048439860344 0.007660876959562302 0.10979487746953964 0.06167105957865715 -0.0696386769413948 0.11660413444042206 0.007044489029794931 0.0707458108663559 -0.06653758883476257 0.11246132105588913 -0.06231849268078804 0.021180251613259315 -0.04480285942554474 -0.099093958735466 -0.049526892602443695 0.08675813674926758 -0.1015719547867775 -0.039379145950078964 -0.10463203489780426 0.12713006138801575 0.05621332302689552 0.06532076001167297 -0.1114940270781517 -0.11882227659225464 0.08413559198379517 -0.13309471309185028 -0.10107596218585968 0.0928628221154213 -0.08692272752523422 0.002514268271625042 0.012238130904734135 0.0627027079463005 0.06799440830945969 -0.08229849487543106 0.040606461465358734 -0.09611520171165466 -0.003207871224731207 0.04870530962944031 -0.057710811495780945 0.037472914904356 -0.07753331959247589 -0.0719657614827156 -0.02722160704433918 -0.0690094456076622 -0.01406330056488514 -0.014778460375964642 -0.08345441520214081 -0.07970353215932846 -0.10778006166219711 0.020697632804512978 0.05538918077945709 -0.046594712883234024 -0.06676489859819412 -0.0957454964518547 -0.07587066292762756 0.04003848880529404 0.016706613823771477 0.05338994413614273 0.06289490312337875 0.08274427056312561 -0.04013368487358093 -0.07438479363918304 0.10274823755025864 -0.07973454892635345 0.044249437749385834 -0.019640764221549034 0.0834798514842987 0.005045845173299313 -0.018668226897716522 -0.07079911231994629 -0.07818205654621124 -0.08624547719955444 0.09256510436534882 -0.07798024266958237 -0.034155115485191345 0.032493680228094374 0.1374521148132884 0.27313441680521017 0.5160493685897217 0.6933653023094962 0.7595584367929952 0.8742840692779781 0.9212577790784116 0.9802036750120746 -0.99123216 -0.8099445 -0.65673673 -0.51777923 -0.3241242 -0.47400045 -0.5763382 -0.72596115 -1.0004083 -1.0889169 -0.697067 -0.49984095 -0.29499415 0.010229349 -0.24900343 -0.4400973 -0.67646027 -1.0753415
1 400 0.022098790854215622 -0.0010126162087544799 -0.03445856645703316 -0.02893526293337345 0.018099134787917137 -0.1083594411611557 0.10739050805568695 -0.0727294534444809 0.02393307536840439 -0.046879205852746964 0.07853080332279205 0.008530640974640846 -0.13830368220806122 -0.008220122195780277 -0.011055993847548962 -0.0976473018527031 0.0441686250269413 -0.13823731243610382 0.037172093987464905 -0.07742467522621155 0.03579048439860344 0.007660876959562302 0.10979487746953964 0.06167105957865715 -0.0696386769413948 0.11660413444042206 0.007044489029794931 0.0707458108663559 -0.06653758883476257 0.11246132105588913 -0.06231849268078804 0.021180251613259315 -0.04480285942554474 -0.099093958735466 -0.049526892602443695 0.08675813674926758 -0.1015719547867775 -0.039379145950078964 -0.10463203489780426 0.12713006138801575 0.05621332302689552 0.06532076001167297 -0.1114940270781517 -0.11882227659225464 0.08413559198379517 -0.13309471309185028 -0.10107596218585968 0.0928628221154213 -0.08692272752523422 0.002514268271625042 0.012238130904734135 0.0627027079463005 0.06799440830945969 -0.08229849487543106 0.040606461465358734 -0.09611520171165466 -0.003207871224731207 0.04870530962944031 -0.057710811495780945 0.037472914904356 -0.07753331959247589 -0.0719657614827156 -0.02722160704433918 -0.0690094456076622 -0.01406330056488514 -0.014778460375964642 -0.08345441520214081 -0.07970353215932846 -0.10778006166219711 0.020697632804512978 0.05538918077945709 -0.046594712883234024 -0.06676489859819412 -0.0957454964518547 -0.07587066292762756 0.04003848880529404 0.016706613823771477 0.05338994413614273 0.06289490312337875 0.08274427056312561 -0.04013368487358093 -0.07438479363918304 0.10274823755025864 -0.07973454892635345 0.044249437749385834 -0.019640764221549034 0.0834798514842987 0.005045845173299313 -0.018668226897716522 -0.07079911231994629 -0.07818205654621124 -0.08624547719955444 0.09256510436534882 -0.07798024266958237 -0.034155115485191345 0.029003912160225194 0.07099196789350988 0.15652528017263256 0.2722355860114802 0.49462152815653626 0.6064943695836632 0.8499333814966181 0.8973206155894774 0.9707400826679599 -1.0650707 -0.962235 -0.8279556 -0.68358177 -0.5374558 -0.6246273 -0.79830563 -0.84196174 -1.0615177 -1.1726961 -0.9049237 -0.7200391 -0.5422058 -0.19762933 -0.46368736 -0.70052063 -0.83783937 -1.1424387
2 400 0.022098790854215622 -0.0010126162087544799 -0.03445856645703316 -0.02893526293337345 0.018099134787917137 -0.1083594411611557 0.10739050805568695 -0.0727294534444809 0.02393307536840439 -0.046879205852746964 0.07853080332279205 0.008530640974640846 -0.13830368220806122 -0.008220122195780277 -0.011055993847548962 -0.0976473018527031 0.0441686250269413 -0.13823731243610382 0.037172093987464905 -0.07742467522621155 0.03579048439860344 0.007660876959562302 0.10979487746953964 0.06167105957865715 -0.0696386769413948 0.11660413444042206 0.007044489029794931 0.0707458108663559 -0.06653758883476257 0.11246132105588913 -0.06231849268078804 0.021180251613259315 -0.04480285942554474 -0.099093958735466 -0.049526892602443695 0.08675813674926758 -0.1015719547867775 -0.039379145950078964 -0.10463203489780426 0.12713006138801575 0.05621332302689552 0.06532076001167297 -0.1114940270781517 -0.11882227659225464 0.08413559198379517 -0.13309471309185028 -0.10107596218585968 0.0928628221154213 -0.08692272752523422 0.002514268271625042 0.012238130904734135 0.0627027079463005 0.06799440830945969 -0.08229849487543106 0.040606461465358734 -0.09611520171165466 -0.003207871224731207 0.04870530962944031 -0.057710811495780945 0.037472914904356 -0.07753331959247589 -0.0719657614827156 -0.02722160704433918 -0.0690094456076622 -0.01406330056488514 -0.014778460375964642 -0.08345441520214081 -0.07970353215932846 -0.10778006166219711 0.020697632804512978 0.05538918077945709 -0.046594712883234024 -0.06676489859819412 -0.0957454964518547 -0.07587066292762756 0.04003848880529404 0.016706613823771477 0.05338994413614273 0.06289490312337875 0.08274427056312561 -0.04013368487358093 -0.07438479363918304 0.10274823755025864 -0.07973454892635345 0.044249437749385834 -0.019640764221549034 0.0834798514842987 0.005045845173299313 -0.018668226897716522 -0.07079911231994629 -0.07818205654621124 -0.08624547719955444 0.09256510436534882 -0.07798024266958237 -0.034155115485191345 0.01708966762361869 0.05345909576911994 0.11395131365963683 0.2529905947278868 0.36022905953191137 0.5160493685897217 0.7117144238204616 0.7674622342378303 0.9300433033884624 -1.0466954 -0.86126953 -0.69217 -0.5278789 -0.37397504 -0.51777923 -0.637973 -0.6992963 -0.97505736 -1.1512461 -0.8571881 -0.6060339 -0.3161732 -0.060725436 -0.29499415 -0.5079038 -0.6063696 -0.994526
0 400 0.025255760177969933 -0.0011572757503017783 -0.03938122093677521 -0.03306887298822403 0.020684724673628807 -0.123839370906353 0.1227320060133934 -0.08311938494443893 0.02735208533704281 -0.053576238453388214 0.08974949270486832 0.009749304503202438 -0.15806135535240173 -0.009394424967467785 -0.012635421939194202 -0.11159691959619522 0.05047842860221863 -0.15798550844192505 0.042482394725084305 -0.08848535269498825 0.04090341180562973 0.00875528808683157 0.12547986209392548 0.07048121094703674 -0.07958706468343735 0.13326187431812286 0.008050845004618168 0.08085235953330994 -0.07604295760393143 0.1285272240638733 -0.07122113555669785 0.024206003174185753 -0.05120326951146126 -0.1132502481341362 -0.05660216137766838 0.09915215522050858 -0.11608224362134933 -0.04500474035739899 -0.11957947164773941 0.1452914923429489 0.06424380093812943 0.0746523067355156 -0.12742175161838531 -0.13579688966274261 0.09615496546030045 -0.15210823714733124 -0.11551538854837418 0.10612894594669342 -0.09934026002883911 0.0028734495863318443 0.0139864357188344 0.07166024297475815 0.07770789414644241 -0.0940554216504097 0.04640738293528557 -0.10984595119953156 -0.003666138742119074 0.05566320940852165 -0.06595521420240402 0.04282619059085846 -0.08860950917005539 -0.08224659413099289 -0.031110409647226334 -0.07886793464422226 -0.016072344034910202 -0.016889669001102448 -0.09537647664546967 -0.09108975529670715 -0.12317722290754318 0.02365443855524063 0.0633019208908081 -0.05325109884142876 -0.07630274444818497 -0.10942342132329941 -0.08670933544635773 0.04575827345252037 0.01909327320754528 0.061017077416181564 0.07187988609075546 0.09456487745046616 -0.04586707055568695 -0.08501119166612625 0.1174265667796135 -0.09112519770860672 0.050570785999298096 -0.022446587681770325 0.09540554881095886 0.005766679998487234 -0.021335115656256676 -0.08091327548027039 -0.08935092389583588 -0.09856626391410828 0.1057887002825737 -0.0891202837228775 -0.039034418761730194 0.030883975209078342 0.13299762270503773 0.267778802394078 0.5160493685897217 0.6985626915198613 0.7508898323812315 0.870766568729396 0.9189632921697635 0.9800963556106226 -0.998478 -0.8053281 -0.65625626 -0.51777923 -0.32592088 -0.48462608 -0.5753505 -0.7250175 -1.0004792 -1.1010282 -0.69572663 -0.49804205 -0.29499415 0.007319331 -0.26560873 -0.43764997 -0.6740905 -1.0752386
1 400 0.025255760177969933 -0.0011572757503017783 -0.03938122093677521 -0.03306887298822403 0.020684724673628807 -0.123839370906353 0.1227320060133934 -0.08311938494443893 0.02735208533704281 -0.053576238453388214 0.08974949270486832 0.009749304503202438 -0.15806135535240173 -0.009394424967467785 -0.012635421939194202 -0.11159691959619522 0.05047842860221863 -0.15798550844192505 0.042482394725084305 -0.08848535269498825 0.04090341180562973 0.00875528808683157 0.12547986209392548 0.07048121094703674 -0.07958706468343735 0.13326187431812286 0.008050845004618168 0.08085235953330994 -0.07604295760393143 0.1285272240638733 -0.07122113555669785 0.024206003174185753 -0.05120326951146126 -0.1132502481341362 -0.05660216137766838 0.09915215522050858 -0.11608224362134933 -0.04500474035739899 -0.11957947164773941 0.1452914923429489 0.06424380093812943 0.0746523067355156 -0.12742175161838531 -0.13579688966274261 0.09615496546030045 -0.15210823714733124 -0.11551538854837418 0.10612894594669342 -0.09934026002883911 0.0028734495863318443 0.0139864357188344 0.07166024297475815 0.07770789414644241 -0.0940554216504097 0.04640738293528557 -0.10984595119953156 -0.003666138742119074 0.05566320940852165 -0.06595521420240402 0.04282619059085846 -0.08860950917005539 -0.08224659413099289 -0.031110409647226334 -0.07886793464422226 -0.016072344034910202 -0.016889669001102448 -0.09537647664546967 -0.09108975529670715 -0.12317722290754318 0.02365443855524063 0.0633019208908081 -0.05325109884142876 -0.07630274444818497 -0.10942342132329941 -0.08670933544635773 0.04575827345252037 0.01909327320754528 0.061017077416181564 0.07187988609075546 0.09456487745046616 -0.04586707055568695 -0.08501119166612625 0.1174265667796135 -0.09112519770860672 0.050570785999298096 -0.022446587681770325 0.09540554881095886 0.005766679998487234 -0.021335115656256676 -0.08091327548027039 -0.08935092389583588 -0.09856626391410828 0.1057887002825737 -0.0891202837228775 -0.039034418761730194 0.026934203111041017 0.07099804368355164 0.15669502514036898 0.26731417355207826 0.49258784771447994 0.61120036756797 0.853009422043222 0.8975303207986954 0.970736774055318 -1.0717739 -0.9600563 -0.82463634 -0.68572104 -0.53061116 -0.62322986 -0.7754402 -0.8354989 -1.0581201 -1.1841373 -0.90202034 -0.715608 -0.54442704 -0.20311972 -0.46225446 -0.6758057 -0.8284086 -1.1379076
2 400 0.025255760177969933 -0.0011572757503017783 -0.03938122093677521 -0.03306887298822403 0.020684724673628807 -0.123839370906353 0.1227320060133934 -0.08311938494443893 0.02735208533704281 -0.053576238453388214 0.08974949270486832 0.009749304503202438 -0.15806135535240173 -0.009394424967467785 -0.012635421939194202 -0.11159691959619522 0.05047842860221863 -0.15798550844192505 0.042482394725084305 -0.08848535269498825 0.04090341180562973 0.00875528808683157 0.12547986209392548 0.07048121094703674 -0.07958706468343735 0.13326187431812286 0.008050845004618168 0.08085235953330994 -0.07604295760393143 0.1285272240638733 -0.07122113555669785 0.024206003174185753 -0.05120326951146126 -0.1132502481341362 -0.05660216137766838 0.09915215522050858 -0.11608224362134933 -0.04500474035739899 -0.11957947164773941 0.1452914923429489 0.06424380093812943 0.0746523067355156 -0.12742175161838531 -0.13579688966274261 0.09615496546030045 -0.15210823714733124 -0.11551538854837418 0.10612894594669342 -0.09934026002883911 0.0028734495863318443 0.0139864357188344 0.07166024297475815 0.07770789414644241 -0.0940554216504097 0.04640738293528557 -0.10984595119953156 -0.003666138742119074 0.05566320940852165 -0.06595521420240402 0.04282619059085846 -0.08860950917005539 -0.08224659413099289 -0.031110409647226334 -0.07886793464422226 -0.016072344034910202 -0.016889669001102448 -0.09537647664546967 -0.09108975529670715 -0.12317722290754318 0.02365443855524063 0.0633019208908081 -0.05325109884142876 -0.07630274444818497 -0.10942342132329941 -0.08670933544635773 0.04575827345252037 0.01909327320754528 0.061017077416181564 0.07187988609075546 0.09456487745046616 -0.04586707055568695 -0.08501119166612625 0.1174265667796135 -0.09112519770860672 0.050570785999298096 -0.022446587681770325 0.09540554881095886 0.005766679998487234 -0.021335115656256676 -0.08091327548027039 -0.08935092389583588 -0.09856626391410828 0.1057887002825737 -0.0891202837228775 -0.039034418761730194 0.01634167608030676 0.053748315777506196 0.11419833271627866 0.25464710951855213 0.3612868303999713 0.5160493685897217 0.7155086780272021 0.7589877901441386 0.9301437212108472 -1.0531578 -0.8628514 -0.6915667 -0.5278019 -0.37500793 -0.51777923 -0.6390547 -0.6989752 -0.97401106 -1.1624196 -0.8583933 -0.6051899 -0.3160117 -0.062408105 -0.29499415 -0.50912696 -0.60513353 -0.9931873
0 400 0.028412729501724243 -0.001301935059018433 -0.04430387169122696 -0.03720248118042946 0.023270314559340477 -0.1393192857503891 0.13807350397109985 -0.09350930154323578 0.03077109530568123 -0.06027326360344887 0.10096817463636398 0.010967967100441456 -0.17781901359558105 -0.010568727739155293 -0.014214849099516869 -0.12554652988910675 0.056788232177495956 -0.17773368954658508 0.047792691737413406 -0.09954601526260376 0.04601633548736572 0.009849699214100838 0.1411648392677307 0.07929135859012604 -0.0895354375243187 0.14991959929466248 0.009057200513780117 0.09095890074968338 -0.08554832637310028 0.14459311962127686 -0.08012377470731735 0.027231751009821892 -0.05760367587208748 -0.1274065226316452 -0.06367743015289307 0.11154617369174957 -0.13059251010417938 -0.05063033103942871 -0.13452689349651337 0.16345292329788208 0.07227427512407303 0.08398383855819702 -0.14334946870803833 -0.1527715027332306 0.10817433148622513 -0.1711217612028122 -0.12995480000972748 0.11939505487680435 -0.111757792532444 0.003232630668208003 0.01573473960161209 0.0806177631020546 0.08742137998342514 -0.10581234842538834 0.0522083044052124 -0.12357668578624725 -0.0041244057938456535 0.062621109187603 -0.0741996169090271 0.04817946255207062 -0.09968569874763489 -0.09252741187810898 -0.03499921038746834 -0.08872642368078232 -0.018081385642290115 -0.01900087669491768 -0.10729853063821793 -0.10247597098350525 -0.13857436180114746 0.026611242443323135 0.07121466100215912 -0.05990748479962349 -0.08584058284759521 -0.12310134619474411 -0.0975479930639267 0.051478058099746704 0.021479932591319084 0.0686442106962204 0.08086486905813217 0.1063854843378067 -0.05160045251250267 -0.09563758969306946 0.13210487365722656 -0.10251584649085999 0.05689213424921036 -0.025252411141991615 0.10733123868703842 0.006487514823675156 -0.02400200441479683 -0.09102743119001389 -0.10051978379487991 -0.11088704317808151 0.11901228129863739 -0.10026030987501144 -0.043913718312978745 0.029341292767885753 0.12836443308134637 0.2624994406488536 0.5160493685897217 0.7043679846054522 0.7416235347797157 0.8671512406881744 0.9144539033030726 0.9791150520166139 -1.0057642 -0.8010086 -0.65577585 -0.51777923 -0.3441793 -0.49479306 -0.57435894 -0.7239322 -0.9873225 -1.1132132 -0.69518113 -0.4962452 -0.29499415 -0.020418733 -0.28139508 -0.43519297 -0.67063606 -1.0559514
1 400 0.028412729501724243 -0.001301935059018433 -0.04430387169122696 -0.03720248118042946 0.023270314559340477 -0.1393192857503891 0.13807350397109985 -0.09350930154323578 0.03077109530568123 -0.06027326360344887 0.10096817463636398 0.010967967100441456 -0.17781901359558105 -0.010568727739155293 -0.014214849099516869 -0.12554652988910675 0.056788232177495956 -0.17773368954658508 0.047792691737413406 -0.09954601526260376 0.04601633548736572 0.009849699214100838 0.1411648392677307 0.07929135859012604 -0.0895354375243187 0.14991959929466248 0.009057200513780117 0.09095890074968338 -0.08554832637310028 0.14459311962127686 -0.08012377470731735 0.027231751009821892 -0.05760367587208748 -0.1274065226316452 -0.06367743015289307 0.11154617369174957 -0.13059251010417938 -0.05063033103942871 -0.13452689349651337 0.16345292329788208 0.07227427512407303 0.08398383855819702 -0.14334946870803833 -0.1527715027332306 0.10817433148622513 -0.1711217612028122 -0.12995480000972748 0.11939505487680435 -0.111757792532444 0.003232630668208003 0.01573473960161209 0.0806177631020546 0.08742137998342514 -0.10581234842538834 0.0522083044052124 -0.12357668578624725 -0.0041244057938456535 0.062621109187603 -0.0741996169090271 0.04817946255207062 -0.09968569874763489 -0.09252741187810898 -0.03499921038746834 -0.08872642368078232 -0.018081385642290115 -0.01900087669491768 -0.10729853063821793 -0.10247597098350525 -0.13857436180114746 0.026611242443323135 0.07121466100215912 -0.05990748479962349 -0.08584058284759521 -0.12310134619474411 -0.0975479930639267 0.051478058099746704 0.021479932591319084 0.0686442106962204 0.08086486905813217 0.1063854843378067 -0.05160045251250267 -0.09563758969306946 0.13210487365722656 -0.10251584649085999 0.05689213424921036 -0.025252411141991615 0.10733123868703842 0.006487514823675156 -0.02400200441479683 -0.09102743119001389 -0.10051978379487991 -0.11088704317808151 0.11901228129863739 -0.10026030987501144 -0.043913718312978745 0.025399581427796296 0.07262141753381274 0.16005733254824173 0.26238421274676965 0.4898989606987364 0.6159675517009382 0.8532953575928806 0.8968702141012181 0.9707819697233423 -1.0767894 -0.95803523 -0.82155544 -0.68793094 -0.52312416 -0.6218077 -0.7414766 -0.8323046 -1.0549164 -1.1925844 -0.8991636 -0.71133316 -0.54670894 -0.2077354 -0.46079606 -0.6362929 -0.8234867 -1.1336958
2 400 0.028412729501724243 -0.001301935059018433 -0.04430387169122696 -0.03720248118042946 0.023270314559340477 -0.1393192857503891 0.13807350397109985 -0.09350930154323578 0.03077109530568123 -0.06027326360344887 0.10096817463636398 0.010967967100441456 -0.17781901359558105 -0.010568727739155293 -0.014214849099516869 -0.12554652988910675 0.056788232177495956 -0.17773368954658508 0.047792691737413406 -0.09954601526260376 0.04601633548736572 0.009849699214100838 0.1411648392677307 0.07929135859012604 -0.0895354375243187 0.14991959929466248 0.009057200513780117 0.09095890074968338 -0.08554832637310028 0.14459311962127686 -0.08012377470731735 0.027231751009821892 -0.05760367587208748 -0.1274065226316452 -0.06367743015289307 0.11154617369174957 -0.13059251010417938 -0.05063033103942871 -0.13452689349651337 0.16345292329788208 0.07227427512407303 0.08398383855819702 -0.14334946870803833 -0.1527715027332306 0.10817433148622513 -0.1711217612028122 -0.12995480000972748 0.11939505487680435 -0.111757792532444 0.003232630668208003 0.01573473960161209 0.0806177631020546 0.08742137998342514 -0.10581234842538834 0.0522083044052124 -0.12357668578624725 -0.0041244057938456535 0.062621109187603 -0.0741996169090271 0.04817946255207062 -0.09968569874763489 -0.09252741187810898 -0.03499921038746834 -0.08872642368078232 -0.018081385642290115 -0.01900087669491768 -0.10729853063821793 -0.10247597098350525 -0.13857436180114746 0.026611242443323135 0.07121466100215912 -0.05990748479962349 -0.08584058284759521 -0.12310134619474411 -0.0975479930639267 0.051478058099746704 0.021479932591319084 0.0686442106962204 0.08086486905813217 0.1063854843378067 -0.05160045251250267 -0.09563758969306946 0.13210487365722656 -0.10251584649085999 0.05689213424921036 -0.025252411141991615 0.10733123868703842 0.006487514823675156 -0.02400200441479683 -0.09102743119001389 -0.10051978379487991 -0.11088704317808151 0.11901228129863739 -0.10026030987501144 -0.043913718312978745 0.0156438839398354 0.054029343664994324 0.11536826627816546 0.25337846695269656 0.36942501191582355 0.5160493685897217 0.719229011173585 0.750305068852137 0.9302420588752417 -1.0594409 -0.86443585 -0.69205654 -0.52945375 -0.38386202 -0.51777923 -0.64012444 -0.69865406 -0.9729512 -1.1732829 -0.8596201 -0.6045435 -0.31907153 -0.075694114 -0.29499415 -0.5103342 -0.60389745 -0.9918293
0 400 0.0315697006881237 -0.0014465946005657315 -0.04922652617096901 -0.04133608937263489 0.025855906307697296 -0.1547992080450058 0.1534150093793869 -0.10389922559261322 0.0341901071369648 -0.06697029620409012 0.11218686401844025 0.012186630629003048 -0.19757668673992157 -0.011743031442165375 -0.01579427719116211 -0.13949614763259888 0.06309803575277328 -0.1974818855524063 0.053102992475032806 -0.11060668528079987 0.051129262894392014 0.010944110341370106 0.15684983134269714 0.08810151368379593 -0.09948382526636124 0.16657733917236328 0.010063556022942066 0.10106544941663742 -0.09505369514226913 0.1606590300798416 -0.08902642130851746 0.03025750257074833 -0.064004085958004 -0.1415628045797348 -0.07075270265340805 0.12394019216299057 -0.14510279893875122 -0.056255925446748734 -0.1494743376970291 0.18161436915397644 0.08030474931001663 0.09331537783145905 -0.15927718579769135 -0.16974611580371857 0.12019370496273041 -0.19013530015945435 -0.14439423382282257 0.13266117870807648 -0.12417532503604889 0.0035918119829148054 0.017483044415712357 0.08957529813051224 0.09713486582040787 -0.11756927520036697 0.058009229600429535 -0.13730743527412415 -0.0045826733112335205 0.06957901269197464 -0.08244401961565018 0.053532738238573074 -0.11076188832521439 -0.10280823707580566 -0.03888801112771034 -0.09858492016792297 -0.020090429112315178 -0.02111208625137806 -0.11922059208154678 -0.11386219412088394 -0.15397152304649353 0.02956804819405079 0.07912740111351013 -0.06656387448310852 -0.09537842869758606 -0.1367792785167694 -0.10838666558265686 0.05719784274697304 0.023866591975092888 0.07627134770154953 0.08984985947608948 0.11820609867572784 -0.05733383819460869 -0.10626398772001266 0.14678320288658142 -0.11390649527311325 0.06321348249912262 -0.028058234602212906 0.11925693601369858 0.0072083501145243645 -0.026668895035982132 -0.10114159435033798 -0.11168865114450455 -0.12320782989263535 0.13223586976528168 -0.11140035092830658 -0.04879302158951759 0.027957001861532087 0.1366802735258289 0.2579554484064995 0.5160493685897217 0.7067262288330016 0.7320607819488362 0.8634605981630301 0.9095636250254722 0.97728956888555 -1.0126823 -0.8007194 -0.65529937 -0.51777923 -0.36714256 -0.505305 -0.57337004 -0.72320247 -0.9725574 -1.1247468 -0.6870966 -0.49440575 -0.29499415 -0.055444837 -0.2977492 -0.43274254 -0.66764516 -1.0332141
1 400 0.0315697006881237 -0.0014465946005657315 -0.04922652617096901 -0.04133608937263489 0.025855906307697296 -0.1547992080450058 0.1534150093793869 -0.10389922559261322 0.0341901071369648 -0.06697029620409012 0.11218686401844025 0.012186630629003048 -0.19757668673992157 -0.011743031442165375 -0.01579427719116211 -0.13949614763259888 0.06309803575277328 -0.1974818855524063 0.053102992475032806 -0.11060668528079987 0.051129262894392014 0.010944110341370106 0.15684983134269714 0.08810151368379593 -0.09948382526636124 0.16657733917236328 0.010063556022942066 0.10106544941663742 -0.09505369514226913 0.1606590300798416 -0.08902642130851746 0.03025750257074833 -0.064004085958004 -0.1415628045797348 -0.07075270265340805 0.12394019216299057 -0.14510279893875122 -0.056255925446748734 -0.1494743376970291 0.18161436915397644 0.08030474931001663 0.09331537783145905 -0.15927718579769135 -0.16974611580371857 0.12019370496273041 -0.19013530015945435 -0.14439423382282257 0.13266117870807648 -0.12417532503604889 0.0035918119829148054 0.017483044415712357 0.08957529813051224 0.09713486582040787 -0.11756927520036697 0.058009229600429535 -0.13730743527412415 -0.0045826733112335205 0.06957901269197464 -0.08244401961565018 0.053532738238573074 -0.11076188832521439 -0.10280823707580566 -0.03888801112771034 -0.09858492016792297 -0.020090429112315178 -0.02111208625137806 -0.11922059208154678 -0.11386219412088394 -0.15397152304649353 0.02956804819405079 0.07912740111351013 -0.06656387448310852 -0.09537842869758606 -0.1367792785167694 -0.10838666558265686 0.05719784274697304 0.023866591975092888 0.07627134770154953 0.08984985947608948 0.11820609867572784 -0.05733383819460869 -0.10626398772001266 0.14678320288658142 -0.11390649527311325 0.06321348249912262 -0.028058234602212906 0.11925693601369858 0.0072083501145243645 -0.026668895035982132 -0.10114159435033798 -0.11168865114450455 -0.12320782989263535 0.13223586976528168 -0.11140035092830658 -0.04879302158951759 0.02455776509198904 0.07407577476690781 0.1642992163095853 0.257588451637128 0.4872203093183307 0.6213637798282811 0.8536710863221603 0.8961906598245649 0.9708227491374372 -1.0795069 -0.9560728 -0.81900334 -0.6901409 -0.51568794 -0.6201238 -0.7032996 -0.829034 -1.051708 -1.1967494 -0.89640474 -0.70772266 -0.54900575 -0.21229406 -0.45903987 -0.59189975 -0.81844723 -1.1294725
2 400 0.0315697006881237 -0.0014465946005657315 -0.04922652617096901 -0.04133608937263489 0.025855906307697296 -0.1547992080450058 0.1534150093793869 -0.10389922559261322 0.0341901071369648 -0.06697029620409012 0.11218686401844025 0.012186630629003048 -0.19757668673992157 -0.011743031442165375 -0.01579427719116211 -0.13949614763259888 0.06309803575277328 -0.1974818855524063 0.053102992475032806 -0.11060668528079987 0.051129262894392014 0.010944110341370106 0.15684983134269714 0.08810151368379593 -0.09948382526636124 0.16657733917236328 0.010063556022942066 0.10106544941663742 -0.09505369514226913 0.1606590300798416 -0.08902642130851746 0.03025750257074833 -0.064004085958004 -0.1415628045797348 -0.07075270265340805 0.12394019216299057 -0.14510279893875122 -0.056255925446748734 -0.1494743376970291 0.18161436915397644 0.08030474931001663 0.09331537783145905 -0.15927718579769135 -0.16974611580371857 0.12019370496273041 -0.19013530015945435 -0.14439423382282257 0.13266117870807648 -0.12417532503604889 0.0035918119829148054 0.017483044415712357 0.08957529813051224 0.09713486582040787 -0.11756927520036697 0.058009229600429535 -0.13730743527412415 -0.0045826733112335205 0.06957901269197464 -0.08244401961565018 0.053532738238573074 -0.11076188832521439 -0.10280823707580566 -0.03888801112771034 -0.09858492016792297 -0.020090429112315178 -0.02111208625137806 -0.11922059208154678 -0.11386219412088394 -0.15397152304649353 0.02956804819405079 0.07912740111351013 -0.06656387448310852 -0.09537842869758606 -0.1367792785167694 -0.10838666558265686 0.05719784274697304 0.023866591975092888 0.07627134770154953 0.08984985947608948 0.11820609867572784 -0.05733383819460869 -0.10626398772001266 0.14678320288658142 -0.11390649527311325 0.06321348249912262 -0.028058234602212906 0.11925693601369858 0.0072083501145243645 -0.026668895035982132 -0.10114159435033798 -0.11168865114450455 -0.12320782989263535 0.13223586976528168 -0.11140035092830658 -0.04879302158951759 0.01495862446208491 0.05540761300907108 0.12015772121842443 0.24432633411062776 0.3825993929206181 0.5160493685897217 0.7219468811087089 0.7414160280485602 0.9304047349210758 -1.0659013 -0.8664088 -0.694082 -0.5354812 -0.39818126 -0.51777923 -0.6425732 -0.6983329 -0.97193485 -1.1844518 -0.86082137 -0.6035474 -0.33029002 -0.09701654 -0.29499415 -0.51341224 -0.6026614 -0.99056494
0 400 -0.08793938159942627 -0.004466483369469643 -0.07041781395673752 0.06283022463321686 0.05164108797907829 0.10964448004961014 0.0003017981653101742 -0.09988381713628769 -0.000322859879815951 0.0034330866765230894 0.0956662967801094 -0.08439841866493225 0.0716174766421318 -0.047016095370054245 -0.010956759564578533 0.04225886985659599 0.12362855672836304 0.03996491804718971 -0.13916350901126862 -0.07832653820514679 0.07384579628705978 0.0024891705252230167 0.05654832720756531 -0.2138415277004242 -0.07734853029251099 0.1688094139099121 0.09012611210346222 -0.09738311916589737 -0.07062722742557526 -0.16181150078773499 0.19800713658332825 0.04493977874517441 0.02463480271399021 -0.11645588278770447 0.08380842208862305 -0.09043815732002258 -0.1390887200832367 0.0325794517993927 0.007507089525461197 -0.20194944739341736 0.1510707587003708 0.011853007599711418 -0.03658246248960495 0.05847587436437607 -0.1047307550907135 0.14178572595119476 -0.040755562484264374 -0.08972559124231339 0.006387367378920317 -0.1005120724439621 0.034749746322631836 0.11000677198171616 0.056651148945093155 -0.15307141840457916 -0.01459265686571598 0.025399724021553993 0.03596304729580879 0.15881505608558655 0.03496292233467102 0.038930486887693405 -0.009371811524033546 0.08658985793590546 -0.05193828418850899 0.14126718044281006 -0.14927135407924652 -0.05572950839996338 0.11571622639894485 0.002728434279561043 -0.1635303944349289 0.02592412568628788 -0.14238905906677246 -0.04277082160115242 0.07827960699796677 -0.041331637650728226 0.10537342727184296 -0.17301402986049652 -0.13546699285507202 -0.24767307937145233 0.08219746500253677 0.17552535235881805 -0.13882018625736237 -0.11952103674411774 0.06815676391124725 -0.11497858911752701 -0.09990853071212769 -0.03904471918940544 -0.06369412690401077 0.0970047190785408 -0.07445375621318817 -0.16871660947799683 -0.06338637322187424 -0.07592266798019409 -0.00020882980606984347 -0.18925093114376068 0.17856964468955994 0.04112588188718386 0.13919125190967574 0.30732806336390367 0.5160493685897217 0.6752180575703217 0.7775332714215896 0.8789968855529956 0.9309245547506757 0.9795912355746805 -0.96273685 -0.82914925 -0.652803 -0.51777923 -0.3199551 -0.44473648 -0.57769924 -0.7449578 -0.9899318 -1.0379738 -0.7225567 -0.4993027 -0.29499415 0.01931703 -0.20256591 -0.44346994 -0.7088413 -1.0602704
1 400 -0.08793938159942627 -0.004466483369469643 -0.07041781395673752 0.06283022463321686 0.05164108797907829 0.10964448004961014 0.0003017981653101742 -0.09988381713628769 -0.000322859879815951 0.0034330866765230894 0.0956662967801094 -0.08439841866493225 0.0716174766421318 -0.047016095370054245 -0.010956759564578533 0.04225886985659599 0.12362855672836304 0.03996491804718971 -0.13916350901126862 -0.07832653820514679 0.07384579628705978 0.0024891705252230167 0.05654832720756531 -0.2138415277004242 -0.07734853029251099 0.1688094139099121 0.09012611210346222 -0.09738311916589737 -0.07062722742557526 -0.16181150078773499 0.19800713658332825 0.04493977874517441 0.02463480271399021 -0.11645588278770447 0.08380842208862305 -0.09043815732002258 -0.1390887200832367 0.0325794517993927 0.007507089525461197 -0.20194944739341736 0.1510707587003708 0.011853007599711418 -0.03658246248960495 0.05847587436437607 -0.1047307550907135 0.14178572595119476 -0.040755562484264374 -0.08972559124231339 0.006387367378920317 -0.1005120724439621 0.034749746322631836 0.11000677198171616 0.056651148945093155 -0.15307141840457916 -0.01459265686571598 0.025399724021553993 0.03596304729580879 0.15881505608558655 0.03496292233467102 0.038930486887693405 -0.009371811524033546 0.08658985793590546 -0.05193828418850899 0.14126718044281006 -0.14927135407924652 -0.05572950839996338 0.11571622639894485 0.002728434279561043 -0.1635303944349289 0.02592412568628788 -0.14238905906677246 -0.04277082160115242 0.07827960699796677 -0.041331637650728226 0.10537342727184296 -0.17301402986049652 -0.13546699285507202 -0.24767307937145233 0.08219746500253677 0.17552535235881805 -0.13882018625736237 -0.11952103674411774 0.06815676391124725 -0.11497858911752701 -0.09990853071212769 -0.03904471918940544 -0.06369412690401077 0.0970047190785408 -0.07445375621318817 -0.16871660947799683 -0.06338637322187424 -0.07592266798019409 -0.00020882980606984347 -0.18925093114376068 0.17856964468955994 0.03917090853559087 0.07384859648889285 0.16391028934204677 0.33412628803358546 0.4737152013553101 0.6321728863006278 0.8254235444004082 0.9043269191087708 0.9686583488861731 -1.0255826 -0.9847705 -0.834502 -0.68939227 -0.45968607 -0.6089487 -0.79199433 -0.8871858 -1.0523169 -1.1033342 -0.9346632 -0.72839177 -0.5626838 -0.1998639 -0.44406277 -0.6760181 -0.9068022 -1.1276442
2 400 -0.08793938159942627 -0.004466483369469643 -0.07041781395673752 0.06283022463321686 0.05164108797907829 0.10964448004961014 0.0003017981653101742 -0.09988381713628769 -0.000322859879815951 0.0034330866765230894 0.0956662967801094 -0.08439841866493225 0.0716174766421318 -0.047016095370054245 -0.010956759564578533 0.04225886985659599 0.12362855672836304 0.03996491804718971 -0.13916350901126862 -0.07832653820514679 0.07384579628705978 0.0024891705252230167 0.05654832720756531 -0.2138415277004242 -0.07734853029251099 0.1688094139099121 0.09012611210346222 -0.09738311916589737 -0.07062722742557526 -0.16181150078773499 0.19800713658332825 0.04493977874517441 0.02463480271399021 -0.11645588278770447 0.08380842208862305 -0.09043815732002258 -0.1390887200832367 0.0325794517993927 0.007507089525461197 -0.20194944739341736 0.1510707587003708 0.011853007599711418 -0.03658246248960495 0.05847587436437607 -0.1047307550907135 0.14178572595119476 -0.040755562484264374 -0.08972559124231339 0.006387367378920317 -0.1005120724439621 0.034749746322631836 0.11000677198171616 0.056651148945093155 -0.15307141840457916 -0.01459265686571598 0.025399724021553993 0.03596304729580879 0.15881505608558655 0.03496292233467102 0.038930486887693405 -0.009371811524033546 0.08658985793590546 -0.05193828418850899 0.14126718044281006 -0.14927135407924652 -0.05572950839996338 0.11571622639894485 0.002728434279561043 -0.1635303944349289 0.02592412568628788 -0.14238905906677246 -0.04277082160115242 0.07827960699796677 -0.041331637650728226 0.10537342727184296 -0.17301402986049652 -0.13546699285507202 -0.24767307937145233 0.08219746500253677 0.17552535235881805 -0.13882018625736237 -0.11952103674411774 0.06815676391124725 -0.11497858911752701 -0.09990853071212769 -0.03904471918940544 -0.06369412690401077 0.0970047190785408 -0.07445375621318817 -0.16871660947799683 -0.06338637322187424 -0.07592266798019409 -0.00020882980606984347 -0.18925093114376068 0.17856964468955994 0.019191201377669158 0.05484959223840105 0.11558461514380505 0.22635377567052445 0.3779722492594074 0.5160493685897217 0.6848011390973537 0.8261582146969054 0.9259410026103259 -1.0230936 -0.8647301 -0.6903292 -0.52916706 -0.39523846 -0.51777923 -0.62030905 -0.71370155 -0.96641994 -1.1118957 -0.857528 -0.60365754 -0.31887454 -0.090451404 -0.29499415 -0.48319772 -0.6306844 -0.980821
0 400 -0.07914543896913528 -0.004019835032522678 -0.0633760318160057 0.05654720216989517 0.046476978808641434 0.0986800268292427 0.0002716183371376246 -0.08989543467760086 -0.00029057389474473894 0.0030897778924554586 0.08609966188669205 -0.07595857232809067 0.06445572525262833 -0.04231448471546173 -0.009861083701252937 0.038032982498407364 0.11126569658517838 0.03596842661499977 -0.12524715065956116 -0.07049388438463211 0.06646121293306351 0.0022402533795684576 0.05089349299669266 -0.19245736300945282 -0.06961367279291153 0.15192846953868866 0.08111350238323212 -0.08764480799436569 -0.06356450170278549 -0.145630344748497 0.1782064139842987 0.04044580087065697 0.022171322256326675 -0.10481029003858566 0.0754275768995285 -0.08139433711767197 -0.12517984211444855 0.02932150661945343 0.006756380200386047 -0.18175449967384338 0.13596367835998535 0.010667706839740276 -0.032924216240644455 0.0526282861828804 -0.09425767511129379 0.12760715186595917 -0.03668000549077988 -0.08075302839279175 0.005748630501329899 -0.09046085923910141 0.03127476945519447 0.09900609403848648 0.05098603293299675 -0.13776427507400513 -0.013133390806615353 0.02285975031554699 0.03236674144864082 0.14293354749679565 0.03146662935614586 0.035037435591220856 -0.008434629999101162 0.07793086767196655 -0.046744454652071 0.12714046239852905 -0.134344220161438 -0.05015655606985092 0.10414460301399231 0.002455590758472681 -0.14717735350131989 0.023331712931394577 -0.12815015017986298 -0.03849373757839203 0.07045164704322815 -0.037198472768068314 0.09483607858419418 -0.15571261942386627 -0.12192028760910034 -0.22290576994419098 0.07397771626710892 0.1579728126525879 -0.12493816763162613 -0.10756892710924149 0.06134108453989029 -0.10348072648048401 -0.08991767466068268 -0.03514024615287781 -0.05732471123337746 0.0873042419552803 -0.067008376121521 -0.15184494853019714 -0.05704773589968681 -0.06833039969205856 -0.0001879468181869015 -0.17032583057880402 0.16071267426013947 0.04188228053797795 0.139821141917907 0.3044475812870202 0.5160493685897217 0.6717120021722559 0.7753378362765629 0.8766392392769243 0.9302746643280072 0.9797303716594564 -0.9608138 -0.8283651 -0.6534894 -0.51777923 -0.31817818 -0.44369012 -0.5770128 -0.7425847 -0.9910903 -1.0343181 -0.72147655 -0.4999416 -0.29499415 0.022691399 -0.20049702 -0.44176888 -0.70503545 -1.0620638
1 400 -0.07914543896913528 -0.004019835032522678 -0.0633760318160057 0.05654720216989517 0.046476978808641434 0.0986800268292427 0.0002716183371376246 -0.08989543467760086 -0.00029057389474473894 0.0030897778924554586 0.08609966188669205 -0.07595857232809067 0.06445572525262833 -0.04231448471546173 -0.009861083701252937 0.038032982498407364 0.11126569658517838 0.03596842661499977 -0.12524715065956116 -0.07049388438463211 0.06646121293306351 0.0022402533795684576 0.05089349299669266 -0.19245736300945282 -0.06961367279291153 0.15192846953868866 0.08111350238323212 -0.08764480799436569 -0.06356450170278549 -0.145630344748497 0.1782064139842987 0.04044580087065697 0.022171322256326675 -0.10481029003858566 0.0754275768995285 -0.08139433711767197 -0.12517984211444855 0.02932150661945343 0.006756380200386047 -0.18175449967384338 0.13596367835998535 0.010667706839740276 -0.032924216240644455 0.0526282861828804 -0.09425767511129379 0.12760715186595917 -0.03668000549077988 -0.08075302839279175 0.005748630501329899 -0.09046085923910141 0.03127476945519447 0.09900609403848648 0.05098603293299675 -0.13776427507400513 -0.013133390806615353 0.02285975031554699 0.03236674144864082 0.14293354749679565 0.03146662935614586 0.035037435591220856 -0.008434629999101162 0.07793086767196655 -0.046744454652071 0.12714046239852905 -0.134344220161438 -0.05015655606985092 0.10414460301399231 0.002455590758472681 -0.14717735350131989 0.023331712931394577 -0.12815015017986298 -0.03849373757839203 0.07045164704322815 -0.037198472768068314 0.09483607858419418 -0.15571261942386627 -0.12192028760910034 -0.22290576994419098 0.07397771626710892 0.1579728126525879 -0.12493816763162613 -0.10756892710924149 0.06134108453989029 -0.10348072648048401 -0.08991767466068268 -0.03514024615287781 -0.05732471123337746 0.0873042419552803 -0.067008376121521 -0.15184494853019714 -0.05704773589968681 -0.06833039969205856 -0.0001879468181869015 -0.17032583057880402 0.16071267426013947 0.03807006839190544 0.07426463333954934 0.1616896913215166 0.33152729657504326 0.47179539557019157 0.6213496732206479 0.8266975880532527 0.9020586938167945 0.9689290621612806 -1.0329835 -0.9838802 -0.8376592 -0.6872406 -0.48180574 -0.61289287 -0.80417866 -0.8869673 -1.056452 -1.1158367 -0.93343616 -0.73270804 -0.55900574 -0.1895894 -0.44840616 -0.69169724 -0.9056648 -1.133474
2 400 -0.07914543896913528 -0.004019835032522678 -0.0633760318160057 0.05654720216989517 0.046476978808641434 0.0986800268292427 0.0002716183371376246 -0.08989543467760086 -0.00029057389474473894 0.0030897778924554586 0.08609966188669205 -0.07595857232809067 0.06445572525262833 -0.04231448471546173 -0.009861083701252937 0.038032982498407364 0.11126569658517838 0.03596842661499977 -0.12524715065956116 -0.07049388438463211 0.06646121293306351 0.0022402533795684576 0.05089349299669266 -0.19245736300945282 -0.06961367279291153 0.15192846953868866 0.08111350238323212 -0.08764480799436569 -0.06356450170278549 -0.145630344748497 0.1782064139842987 0.04044580087065697 0.022171322256326675 -0.10481029003858566 0.0754275768995285 -0.08139433711767197 -0.12517984211444855 0.02932150661945343 0.006756380200386047 -0.18175449967384338 0.13596367835998535 0.010667706839740276 -0.032924216240644455 0.0526282861828804 -0.09425767511129379 0.12760715186595917 -0.03668000549077988 -0.08075302839279175 0.005748630501329899 -0.09046085923910141 0.03127476945519447 0.09900609403848648 0.05098603293299675 -0.13776427507400513 -0.013133390806615353 0.02285975031554699 0.03236674144864082 0.14293354749679565 0.03146662935614586 0.035037435591220856 -0.008434629999101162 0.07793086767196655 -0.046744454652071 0.12714046239852905 -0.134344220161438 -0.05015655606985092 0.10414460301399231 0.002455590758472681 -0.14717735350131989 0.023331712931394577 -0.12815015017986298 -0.03849373757839203 0.07045164704322815 -0.037198472768068314 0.09483607858419418 -0.15571261942386627 -0.12192028760910034 -0.22290576994419098 0.07397771626710892 0.1579728126525879 -0.12493816763162613 -0.10756892710924149 0.06134108453989029 -0.10348072648048401 -0.08991767466068268 -0.03514024615287781 -0.05732471123337746 0.0873042419552803 -0.067008376121521 -0.15184494853019714 -0.05704773589968681 -0.06833039969205856 -0.0001879468181869015 -0.17032583057880402 0.16071267426013947 0.019472264665443013 0.05472915390528539 0.11521989554482946 0.22770854723572956 0.3706569002029142 0.5160493685897217 0.6876553860036613 0.823800794697044 0.926524314999632 -1.0222172 -0.86287856 -0.69078207 -0.52909905 -0.38669708 -0.51777923 -0.6237224 -0.71280843 -0.96937084 -1.1104567 -0.85680974 -0.604251 -0.31873196 -0.0783423 -0.29499415 -0.4879116 -0.62930864 -0.9850582
0 400 -0.0703515037894249 -0.003573186695575714 -0.056334253400564194 0.050264179706573486 0.041312869638204575 0.08771558851003647 0.00024143853806890547 -0.07990705221891403 -0.0002582879096735269 0.0027464693412184715 0.07653304189443588 -0.06751873344182968 0.057293981313705444 -0.037612877786159515 -0.008765407837927341 0.033807095140218735 0.09890284389257431 0.03197193518280983 -0.11133080720901489 -0.06266123056411743 0.05907663702964783 0.001991336466744542 0.045238662511110306 -0.17107322812080383 -0.06187882646918297 0.1350475400686264 0.07210089266300201 -0.07790649682283401 -0.056501783430576324 -0.12944920361042023 0.15840570628643036 0.035951822996139526 0.01970784179866314 -0.09316470474004745 0.06704673916101456 -0.07235052436590195 -0.1112709790468216 0.02606356143951416 0.0060056718066334724 -0.1615595668554306 0.12085660547018051 0.009482406079769135 -0.02926596999168396 0.046780701726675034 -0.08378460258245468 0.11342858523130417 -0.03260445222258568 -0.07178047299385071 0.005109894089400768 -0.08040966093540192 0.02779979817569256 0.0880054160952568 0.04532092064619064 -0.12245713919401169 -0.0116741256788373 0.020319780334830284 0.028770437464118004 0.12705205380916595 0.027970338240265846 0.031144389882683754 -0.007497449405491352 0.06927188485860825 -0.04155062884092331 0.11301374435424805 -0.11941708624362946 -0.04458360746502876 0.09257297962903976 0.002182747470214963 -0.13082431256771088 0.020739300176501274 -0.11391124874353409 -0.034216657280921936 0.06262368708848953 -0.0330653116106987 0.0842987447977066 -0.13841122388839722 -0.10837359726428986 -0.19813846051692963 0.06575797498226166 0.14042028784751892 -0.11105614900588989 -0.09561683237552643 0.05452541261911392 -0.0919828712940216 -0.07992682605981827 -0.031235774978995323 -0.05095530301332474 0.077603779733181 -0.059563007205724716 -0.13497328758239746 -0.05070909857749939 -0.06073813512921333 -0.00016706384485587478 -0.15140074491500854 0.1428557187318802 0.042695974979569715 0.141584890496717 0.30166827583111716 0.5160493685897217 0.6711716236595493 0.7731156091100942 0.8742688524496194 0.9292188094434128 0.9798764684627266 -0.95875764 -0.8288533 -0.6541575 -0.51777923 -0.321136 -0.44274884 -0.5763338 -0.7410186 -0.99236727 -1.0304301 -0.72202885 -0.50056636 -0.29499415 0.017802626 -0.19860241 -0.4400866 -0.70222414 -1.0640293
1 400 -0.0703515037894249 -0.003573186695575714 -0.056334253400564194 0.050264179706573486 0.041312869638204575 0.08771558851003647 0.00024143853806890547 -0.07990705221891403 -0.0002582879096735269 0.0027464693412184715 0.07653304189443588 -0.06751873344182968 0.057293981313705444 -0.037612877786159515 -0.008765407837927341 0.033807095140218735 0.09890284389257431 0.03197193518280983 -0.11133080720901489 -0.06266123056411743 0.05907663702964783 0.001991336466744542 0.045238662511110306 -0.17107322812080383 -0.06187882646918297 0.1350475400686264 0.07210089266300201 -0.07790649682283401 -0.056501783430576324 -0.12944920361042023 0.15840570628643036 0.035951822996139526 0.01970784179866314 -0.09316470474004745 0.06704673916101456 -0.07235052436590195 -0.1112709790468216 0.02606356143951416 0.0060056718066334724 -0.1615595668554306 0.12085660547018051 0.009482406079769135 -0.02926596999168396 0.046780701726675034 -0.08378460258245468 0.11342858523130417 -0.03260445222258568 -0.07178047299385071 0.005109894089400768 -0.08040966093540192 0.02779979817569256 0.0880054160952568 0.04532092064619064 -0.12245713919401169 -0.0116741256788373 0.020319780334830284 0.028770437464118004 0.12705205380916595 0.027970338240265846 0.031144389882683754 -0.007497449405491352 0.06927188485860825 -0.04155062884092331 0.11301374435424805 -0.11941708624362946 -0.04458360746502876 0.09257297962903976 0.002182747470214963 -0.13082431256771088 0.020739300176501274 -0.11391124874353409 -0.034216657280921936 0.06262368708848953 -0.0330653116106987 0.0842987447977066 -0.13841122388839722 -0.10837359726428986 -0.19813846051692963 0.06575797498226166 0.14042028784751892 -0.11105614900588989 -0.09561683237552643 0.05452541261911392 -0.0919828712940216 -0.07992682605981827 -0.031235774978995323 -0.05095530301332474 0.077603779733181 -0.059563007205724716 -0.13497328758239746 -0.05070909857749939 -0.06073813512921333 -0.00016706384485587478 -0.15140074491500854 0.1428557187318802 0.03709552709542521 0.07468590035251184 0.1615800380752674 0.3289171137976218 0.47109712972809537 0.6107804251343995 0.8279633839795343 0.8997521691185161 0.9691773530381886 -1.0400561 -0.9830079 -0.84031546 -0.6851018 -0.49995413 -0.616701 -0.8163266 -0.8867443 -1.0604408 -1.1278361 -0.93223286 -0.73625267 -0.55534136 -0.18173984 -0.45259923 -0.7073288 -0.90452385 -1.1390848
2 400 -0.0703515037894249 -0.003573186695575714 -0.056334253400564194 0.050264179706573486 0.041312869638204575 0.08771558851003647 0.00024143853806890547 -0.07990705221891403 -0.0002582879096735269 0.0027464693412184715 0.07653304189443588 -0.06751873344182968 0.057293981313705444 -0.037612877786159515 -0.008765407837927341 0.033807095140218735 0.09890284389257431 0.03197193518280983 -0.11133080720901489 -0.06266123056411743 0.05907663702964783 0.001991336466744542 0.045238662511110306 -0.17107322812080383 -0.06187882646918297 0.1350475400686264 0.07210089266300201 -0.07790649682283401 -0.056501783430576324 -0.12944920361042023 0.15840570628643036 0.035951822996139526 0.01970784179866314 -0.09316470474004745 0.06704673916101456 -0.07235052436590195 -0.1112709790468216 0.02606356143951416 0.0060056718066334724 -0.1615595668554306 0.12085660547018051 0.009482406079769135 -0.02926596999168396 0.046780701726675034 -0.08378460258245468 0.11342858523130417 -0.03260445222258568 -0.07178047299385071 0.005109894089400768 -0.08040966093540192 0.02779979817569256 0.0880054160952568 0.04532092064619064 -0.12245713919401169 -0.0116741256788373 0.020319780334830284 0.028770437464118004 0.12705205380916595 0.027970338240265846 0.031144389882683754 -0.007497449405491352 0.06927188485860825 -0.04155062884092331 0.11301374435424805 -0.11941708624362946 -0.04458360746502876 0.09257297962903976 0.002182747470214963 -0.13082431256771088 0.020739300176501274 -0.11391124874353409 -0.034216657280921936 0.06262368708848953 -0.0330653116106987 0.0842987447977066 -0.13841122388839722 -0.10837359726428986 -0.19813846051692963 0.06575797498226166 0.14042028784751892 -0.11105614900588989 -0.09561683237552643 0.05452541261911392 -0.0919828712940216 -0.07992682605981827 -0.031235774978995323 -0.05095530301332474 0.077603779733181 -0.059563007205724716 -0.13497328758239746 -0.05070909857749939 -0.06073813512921333 -0.00016706384485587478 -0.15140074491500854 0.1428557187318802 0.019850979830897435 0.05436658266942816 0.11487896923400454 0.22909008126045688 0.36297078448406306 0.5160493685897217 0.689494658540047 0.8237395874380619 0.9270542713816148 -1.0200608 -0.86146235 -0.6911832 -0.52903 -0.37771448 -0.51777923 -0.6253853 -0.71244264 -0.9721656 -1.1065567 -0.8558923 -0.6047723 -0.3185872 -0.065541804 -0.29499415 -0.490444 -0.6288765 -0.98906124
0 400 -0.06155756488442421 -0.00312653835862875 -0.049292467534542084 0.0439811572432518 0.036148760467767715 0.07675113528966904 0.00021125870989635587 -0.0699186697602272 -0.0002260019100503996 0.0024031605571508408 0.06696640700101852 -0.0590788908302784 0.050132233649492264 -0.032911267131567 -0.007669731508940458 0.029581207782030106 0.08653999119997025 0.02797544188797474 -0.09741445630788803 -0.05482857674360275 0.05169205740094185 0.001742419321089983 0.039583828300237656 -0.14968906342983246 -0.05414396896958351 0.11816658824682236 0.06308827549219131 -0.06816818565130234 -0.04943905770778656 -0.11326804757118225 0.138604998588562 0.031457845121622086 0.017244361340999603 -0.08151911944150925 0.05866589397192001 -0.06330671161413193 -0.09736210107803345 0.02280561625957489 0.005254962481558323 -0.14136460423469543 0.10574953258037567 0.008297105319797993 -0.025607723742723465 0.04093310981988907 -0.07331153005361557 0.09925000369548798 -0.028528893366456032 -0.06280791014432907 0.00447115721181035 -0.07035844773054123 0.024324821308255196 0.07700473815202713 0.03965580463409424 -0.10714998841285706 -0.010214859619736671 0.01777980662882328 0.025174133479595184 0.11117053776979446 0.024474045261740685 0.027251340448856354 -0.006560267880558968 0.06061289831995964 -0.03635679930448532 0.09888702630996704 -0.10448994487524033 -0.039010655134916306 0.08100135624408722 0.0019099039491266012 -0.11447127163410187 0.01814688742160797 -0.0996723398566246 -0.029939575120806694 0.05479572340846062 -0.028932146728038788 0.07376139611005783 -0.12110982090234756 -0.09482689201831818 -0.17337115108966827 0.0575382262468338 0.12286774814128876 -0.09717413038015366 -0.08366472274065018 0.04770973324775696 -0.08048500865697861 -0.06993597000837326 -0.02733130380511284 -0.04458588734269142 0.0679033026099205 -0.05211762711405754 -0.11810162663459778 -0.044370461255311966 -0.053145866841077805 -0.00014618085697293282 -0.13247564435005188 0.12499874830245972 0.04318154900694989 0.143007563167495 0.2988013406473802 0.5160493685897217 0.670801738096616 0.7726905022904887 0.8731424347888109 0.9289621447747157 0.9800127052233194 -0.95758444 -0.8298249 -0.654851 -0.51777923 -0.3245945 -0.44565576 -0.57601506 -0.7398511 -0.9935051 -1.0281812 -0.72324497 -0.5012156 -0.29499415 0.012056589 -0.20340663 -0.43929666 -0.700385 -1.0657934
1 400 -0.06155756488442421 -0.00312653835862875 -0.049292467534542084 0.0439811572432518 0.036148760467767715 0.07675113528966904 0.00021125870989635587 -0.0699186697602272 -0.0002260019100503996 0.0024031605571508408 0.06696640700101852 -0.0590788908302784 0.050132233649492264 -0.032911267131567 -0.007669731508940458 0.029581207782030106 0.08653999119997025 0.02797544188797474 -0.09741445630788803 -0.05482857674360275 0.05169205740094185 0.001742419321089983 0.039583828300237656 -0.14968906342983246 -0.05414396896958351 0.11816658824682236 0.06308827549219131 -0.06816818565130234 -0.04943905770778656 -0.11326804757118225 0.138604998588562 0.031457845121622086 0.017244361340999603 -0.08151911944150925 0.05866589397192001 -0.06330671161413193 -0.09736210107803345 0.02280561625957489 0.005254962481558323 -0.14136460423469543 0.10574953258037567 0.008297105319797993 -0.025607723742723465 0.04093310981988907 -0.07331153005361557 0.09925000369548798 -0.028528893366456032 -0.06280791014432907 0.00447115721181035 -0.07035844773054123 0.024324821308255196 0.07700473815202713 0.03965580463409424 -0.10714998841285706 -0.010214859619736671 0.01777980662882328 0.025174133479595184 0.11117053776979446 0.024474045261740685 0.027251340448856354 -0.006560267880558968 0.06061289831995964 -0.03635679930448532 0.09888702630996704 -0.10448994487524033 -0.039010655134916306 0.08100135624408722 0.0019099039491266012 -0.11447127163410187 0.01814688742160797 -0.0996723398566246 -0.029939575120806694 0.05479572340846062 -0.028932146728038788 0.07376139611005783 -0.12110982090234756 -0.09482689201831818 -0.17337115108966827 0.0575382262468338 0.12286774814128876 -0.09717413038015366 -0.08366472274065018 0.04770973324775696 -0.08048500865697861 -0.06993597000837326 -0.02733130380511284 -0.04458588734269142 0.0679033026099205 -0.05211762711405754 -0.11810162663459778 -0.044370461255311966 -0.053145866841077805 -0.00014618085697293282 -0.13247564435005188 0.12499874830245972 0.0365668551638317 0.07496119957821744 0.1615105261110938 0.3263339489451207 0.4765540526683587 0.603800985697727 0.8288889140857598 0.8981501200427867 0.9694242272698791 -1.0419072 -0.9822531 -0.8430529 -0.6829461 -0.5151963 -0.62051225 -0.82615244 -0.88682747 -1.064476 -1.1311882 -0.9312004 -0.73990345 -0.5516542 -0.18118556 -0.45728225 -0.71986455 -0.90409124 -1.144758
2 400 -0.06155756488442421 -0.00312653835862875 -0.049292467534542084 0.0439811572432518 0.036148760467767715 0.07675113528966904 0.00021125870989635587 -0.0699186697602272 -0.0002260019100503996 0.0024031605571508408 0.06696640700101852 -0.0590788908302784 0.050132233649492264 -0.032911267131567 -0.007669731508940458 0.029581207782030106 0.08653999119997025 0.02797544188797474 -0.09741445630788803 -0.05482857674360275 0.05169205740094185 0.001742419321089983 0.039583828300237656 -0.14968906342983246 -0.05414396896958351 0.11816658824682236 0.06308827549219131 -0.06816818565130234 -0.04943905770778656 -0.11326804757118225 0.138604998588562 0.031457845121622086 0.017244361340999603 -0.08151911944150925 0.05866589397192001 -0.06330671161413193 -0.09736210107803345 0.02280561625957489 0.005254962481558323 -0.14136460423469543 0.10574953258037567 0.008297105319797993 -0.025607723742723465 0.04093310981988907 -0.07331153005361557 0.09925000369548798 -0.028528893366456032 -0.06280791014432907 0.00447115721181035 -0.07035844773054123 0.024324821308255196 0.07700473815202713 0.03965580463409424 -0.10714998841285706 -0.010214859619736671 0.01777980662882328 0.025174133479595184 0.11117053776979446 0.024474045261740685 0.027251340448856354 -0.006560267880558968 0.06061289831995964 -0.03635679930448532 0.09888702630996704 -0.10448994487524033 -0.039010655134916306 0.08100135624408722 0.0019099039491266012 -0.11447127163410187 0.01814688742160797 -0.0996723398566246 -0.029939575120806694 0.05479572340846062 -0.028932146728038788 0.07376139611005783 -0.12110982090234756 -0.09482689201831818 -0.17337115108966827 0.0575382262468338 0.12286774814128876 -0.09717413038015366 -0.08366472274065018 0.04770973324775696 -0.08048500865697861 -0.06993597000837326 -0.02733130380511284 -0.04458588734269142 0.0679033026099205 -0.05211762711405754 -0.11810162663459778 -0.044370461255311966 -0.053145866841077805 -0.00014618085697293282 -0.13247564435005188 0.12499874830245972 0.020261207451843073 0.05400155200078115 0.11453869076308862 0.23047210552769315 0.35841547066777685 0.5160493685897217 0.6912443007688547 0.8238691415847813 0.9275967133217285 -1.017721 -0.86003494 -0.6915812 -0.5289613 -0.372201 -0.51777923 -0.6270349 -0.71211267 -0.97503483 -1.1023375 -0.85497093 -0.605289 -0.31844303 -0.057835355 -0.29499415 -0.49295387 -0.6285142 -0.99317205
0 400 -0.05276362970471382 -0.0026798900216817856 -0.04225068911910057 0.037698134779930115 0.030984653159976006 0.0657866895198822 0.00018107891082763672 -0.05993029102683067 -0.00019371593953110278 0.0020598520059138536 0.05739977955818176 -0.05063905194401741 0.04297048598527908 -0.028209658339619637 -0.00657405611127615 0.025355322286486626 0.07417713850736618 0.023978952318429947 -0.08349810540676117 -0.04699592664837837 0.04430747777223587 0.0014935024082660675 0.033928997814655304 -0.12830492854118347 -0.04640911892056465 0.1012856513261795 0.05407566949725151 -0.05842987447977066 -0.04237633943557739 -0.09708690643310547 0.11880428344011307 0.026963869109749794 0.014780881814658642 -0.06987353414297104 0.05028505623340607 -0.05426289513707161 -0.0834532380104065 0.01954767107963562 0.004504254087805748 -0.12116967141628265 0.09064245969057083 0.007111805025488138 -0.02194947749376297 0.0350855253636837 -0.06283845752477646 0.08507143706083298 -0.024453338235616684 -0.05383535847067833 0.003832420567050576 -0.06030724570155144 0.02084984816610813 0.06600406765937805 0.03399069234728813 -0.09184285253286362 -0.008755594491958618 0.015239834785461426 0.021577829495072365 0.09528903663158417 0.020977754145860672 0.023358292877674103 -0.005623087286949158 0.051953915506601334 -0.031162971630692482 0.08476030826568604 -0.08956281840801239 -0.03343770653009415 0.06942974030971527 0.0016370606608688831 -0.09811823815107346 0.015554475598037243 -0.08543343842029572 -0.0256624948233366 0.0469677671790123 -0.024798983708024025 0.06322406232357025 -0.10380842536687851 -0.08128020167350769 -0.14860385656356812 0.04931848123669624 0.10531521588563919 -0.08329211175441742 -0.07171262800693512 0.04089406132698059 -0.0689871534705162 -0.05994512140750885 -0.023426832631230354 -0.0382164791226387 0.0582028329372406 -0.04467225447297096 -0.10122997313737869 -0.03803182393312454 -0.045553602278232574 -0.00012529788364190608 -0.113550566136837 0.10714179277420044 0.04409930553148996 0.14351575804463174 0.2959666424467681 0.5160493685897217 0.6706726083675775 0.7722822506372788 0.873002838861801 0.9292496318594317 0.9801490210292881 -0.95533925 -0.83109987 -0.6555375 -0.51777923 -0.32513562 -0.44870973 -0.5759757 -0.7384163 -0.99466366 -1.0239313 -0.72491586 -0.50185454 -0.29499415 0.0111656785 -0.20845947 -0.43919918 -0.69841266 -1.0675867
1 400 -0.05276362970471382 -0.0026798900216817856 -0.04225068911910057 0.037698134779930115 0.030984653159976006 0.0657866895198822 0.00018107891082763672 -0.05993029102683067 -0.00019371593953110278 0.0020598520059138536 0.05739977955818176 -0.05063905194401741 0.04297048598527908 -0.028209658339619637 -0.00657405611127615 0.025355322286486626 0.07417713850736618 0.023978952318429947 -0.08349810540676117 -0.04699592664837837 0.04430747777223587 0.0014935024082660675 0.033928997814655304 -0.12830492854118347 -0.04640911892056465 0.1012856513261795 0.05407566949725151 -0.05842987447977066 -0.04237633943557739 -0.09708690643310547 0.11880428344011307 0.026963869109749794 0.014780881814658642 -0.06987353414297104 0.05028505623340607 -0.05426289513707161 -0.0834532380104065 0.01954767107963562 0.004504254087805748 -0.12116967141628265 0.09064245969057083 0.007111805025488138 -0.02194947749376297 0.0350855253636837 -0.06283845752477646 0.08507143706083298 -0.024453338235616684 -0.05383535847067833 0.003832420567050576 -0.06030724570155144 0.02084984816610813 0.06600406765937805 0.03399069234728813 -0.09184285253286362 -0.008755594491958618 0.015239834785461426 0.021577829495072365 0.09528903663158417 0.020977754145860672 0.023358292877674103 -0.005623087286949158 0.051953915506601334 -0.031162971630692482 0.08476030826568604 -0.08956281840801239 -0.03343770653009415 0.06942974030971527 0.0016370606608688831 -0.09811823815107346 0.015554475598037243 -0.08543343842029572 -0.0256624948233366 0.0469677671790123 -0.024798983708024025 0.06322406232357025 -0.10380842536687851 -0.08128020167350769 -0.14860385656356812 0.04931848123669624 0.10531521588563919 -0.08329211175441742 -0.07171262800693512 0.04089406132698059 -0.0689871534705162 -0.05994512140750885 -0.023426832631230354 -0.0382164791226387 0.0582028329372406 -0.04467225447297096 -0.10122997313737869 -0.03803182393312454 -0.045553602278232574 -0.00012529788364190608 -0.113550566136837 0.10714179277420044 0.0370866709802218 0.07496437752226838 0.1614175637443482 0.32345045570896874 0.48539985676302844 0.5984940205056387 0.8292204489051189 0.8974970475277667 0.9696695494896231 -1.0403546 -0.98233116 -0.84591603 -0.6813111 -0.5301572 -0.6243508 -0.8300485 -0.8873364 -1.0685234 -1.1282971 -0.931304 -0.7437228 -0.5485244 -0.18238132 -0.46222967 -0.7245939 -0.9046155 -1.150448
2 400 -0.05276362970471382 -0.0026798900216817856 -0.04225068911910057 0.037698134779930115 0.030984653159976006 0.0657866895198822 0.00018107891082763672 -0.05993029102683067 -0.00019371593953110278 0.0020598520059138536 0.05739977955818176 -0.05063905194401741 0.04297048598527908 -0.028209658339619637 -0.00657405611127615 0.025355322286486626 0.07417713850736618 0.023978952318429947 -0.08349810540676117 -0.04699592664837837 0.04430747777223587 0.0014935024082660675 0.033928997814655304 -0.12830492854118347 -0.04640911892056465 0.1012856513261795 0.05407566949725151 -0.05842987447977066 -0.04237633943557739 -0.09708690643310547 0.11880428344011307 0.026963869109749794 0.014780881814658642 -0.06987353414297104 0.05028505623340607 -0.05426289513707161 -0.0834532380104065 0.01954767107963562 0.004504254087805748 -0.12116967141628265 0.09064245969057083 0.007111805025488138 -0.02194947749376297 0.0350855253636837 -0.06283845752477646 0.08507143706083298 -0.024453338235616684 -0.05383535847067833 0.003832420567050576 -0.06030724570155144 0.02084984816610813 0.06600406765937805 0.03399069234728813 -0.09184285253286362 -0.008755594491958618 0.015239834785461426 0.021577829495072365 0.09528903663158417 0.020977754145860672 0.023358292877674103 -0.005623087286949158 0.051953915506601334 -0.031162971630692482 0.08476030826568604 -0.08956281840801239 -0.03343770653009415 0.06942974030971527 0.0016370606608688831 -0.09811823815107346 0.015554475598037243 -0.08543343842029572 -0.0256624948233366 0.0469677671790123 -0.024798983708024025 0.06322406232357025 -0.10380842536687851 -0.08128020167350769 -0.14860385656356812 0.04931848123669624 0.10531521588563919 -0.08329211175441742 -0.07171262800693512 0.04089406132698059 -0.0689871534705162 -0.05994512140750885 -0.023426832631230354 -0.0382164791226387 0.0582028329372406 -0.04467225447297096 -0.10122997313737869 -0.03803182393312454 -0.045553602278232574 -0.00012529788364190608 -0.113550566136837 0.10714179277420044 0.020664780267619563 0.0536397605052136 0.11417687650822875 0.23264638659343959 0.3581857575203523 0.5160493685897217 0.6929884613557649 0.8238029790329693 0.9280590686475727 -1.015481 -0.85860986 -0.69203424 -0.52885365 -0.37197602 -0.51777923 -0.6286846 -0.7117411 -0.97760975 -1.0983104 -0.8540503 -0.60588276 -0.3182174 -0.05746883 -0.29499415 -0.49546373 -0.6280707 -0.99685
0 400 -0.043969690799713135 -0.0022332416847348213 -0.03520890697836876 0.03141511231660843 0.025820543989539146 0.05482224002480507 0.0001508990826550871 -0.049941908568143845 -0.0001614299399079755 0.0017165433382615447 0.0478331483900547 -0.042199209332466125 0.0358087383210659 -0.023508047685027122 -0.005478379782289267 0.021129434928297997 0.06181427836418152 0.019982459023594856 -0.06958175450563431 -0.039163269102573395 0.03692289814352989 0.0012445852626115084 0.028274163603782654 -0.1069207638502121 -0.03867426514625549 0.08440470695495605 0.04506305605173111 -0.048691559582948685 -0.03531361371278763 -0.08090575039386749 0.09900356829166412 0.022469889372587204 0.012317401356995106 -0.058227941393852234 0.04190421104431152 -0.04521907866001129 -0.06954436004161835 0.01628972589969635 0.0037535447627305984 -0.10097472369670868 0.0755353793501854 0.005926503799855709 -0.018291231244802475 0.029237937182188034 -0.05236537754535675 0.07089286297559738 -0.020377781242132187 -0.04486279562115669 0.0031936836894601583 -0.05025603622198105 0.017374873161315918 0.05500338599085808 0.028325574472546577 -0.07653570920228958 -0.00729632843285799 0.012699862010776997 0.017981523647904396 0.07940752804279327 0.01748146116733551 0.019465243443846703 -0.004685905762016773 0.04329492896795273 -0.025969142094254494 0.07063359022140503 -0.07463567703962326 -0.02786475419998169 0.05785811319947243 0.0013642171397805214 -0.08176519721746445 0.01296206284314394 -0.07119452953338623 -0.02138541080057621 0.03913980349898338 -0.020665818825364113 0.05268671363592148 -0.08650701493024826 -0.06773349642753601 -0.12383653968572617 0.04109873250126839 0.08776267617940903 -0.06941009312868118 -0.05976051837205887 0.03407838195562363 -0.057489294558763504 -0.04995426535606384 -0.01952235959470272 -0.031847063452005386 0.0485023595392704 -0.037226878106594086 -0.08435830473899841 -0.03169318661093712 -0.037961333990097046 -0.00010441490303492174 -0.09462546557188034 0.08928482234477997 0.04502090304054765 0.14403918131233603 0.2931475813512942 0.5160493685897217 0.6705871481071596 0.7719088959549034 0.872893328769567 0.9296671292038643 0.9802844368419542 -0.95314044 -0.83226645 -0.6562239 -0.51777923 -0.32569617 -0.45173556 -0.5759449 -0.7367916 -0.9958222 -1.0197595 -0.7264415 -0.50249344 -0.29499415 0.010237187 -0.21347019 -0.4391228 -0.69622415 -1.0693802
1 400 -0.043969690799713135 -0.0022332416847348213 -0.03520890697836876 0.03141511231660843 0.025820543989539146 0.05482224002480507 0.0001508990826550871 -0.049941908568143845 -0.0001614299399079755 0.0017165433382615447 0.0478331483900547 -0.042199209332466125 0.0358087383210659 -0.023508047685027122 -0.005478379782289267 0.021129434928297997 0.06181427836418152 0.019982459023594856 -0.06958175450563431 -0.039163269102573395 0.03692289814352989 0.0012445852626115084 0.028274163603782654 -0.1069207638502121 -0.03867426514625549 0.08440470695495605 0.04506305605173111 -0.048691559582948685 -0.03531361371278763 -0.08090575039386749 0.09900356829166412 0.022469889372587204 0.012317401356995106 -0.058227941393852234 0.04190421104431152 -0.04521907866001129 -0.06954436004161835 0.01628972589969635 0.0037535447627305984 -0.10097472369670868 0.0755353793501854 0.005926503799855709 -0.018291231244802475 0.029237937182188034 -0.05236537754535675 0.07089286297559738 -0.020377781242132187 -0.04486279562115669 0.0031936836894601583 -0.05025603622198105 0.017374873161315918 0.05500338599085808 0.028325574472546577 -0.07653570920228958 -0.00729632843285799 0.012699862010776997 0.017981523647904396 0.07940752804279327 0.01748146116733551 0.019465243443846703 -0.004685905762016773 0.04329492896795273 -0.025969142094254494 0.07063359022140503 -0.07463567703962326 -0.02786475419998169 0.05785811319947243 0.0013642171397805214 -0.08176519721746445 0.01296206284314394 -0.07119452953338623 -0.02138541080057621 0.03913980349898338 -0.020665818825364113 0.05268671363592148 -0.08650701493024826 -0.06773349642753601 -0.12383653968572617 0.04109873250126839 0.08776267617940903 -0.06941009312868118 -0.05976051837205887 0.03407838195562363 -0.057489294558763504 -0.04995426535606384 -0.01952235959470272 -0.031847063452005386 0.0485023595392704 -0.037226878106594086 -0.08435830473899841 -0.03169318661093712 -0.037961333990097046 -0.00010441490303492174 -0.09462546557188034 0.08928482234477997 0.03770907962350474 0.07512575038808575 0.16134470332267525 0.32085979909696066 0.4933921533983127 0.5949890206664259 0.8295128332418106 0.8967414894588431 0.9699128143497366 -1.0384966 -0.9825723 -0.8486569 -0.6796957 -0.5439092 -0.62652034 -0.8340433 -0.8877131 -1.0725687 -1.1248589 -0.93160963 -0.7473783 -0.5453851 -0.18304099 -0.46496135 -0.72942173 -0.90491176 -1.156135
2 400 -0.043969690799713135 -0.0022332416847348213 -0.03520890697836876 0.03141511231660843 0.025820543989539146 0.05482224002480507 0.0001508990826550871 -0.049941908568143845 -0.0001614299399079755 0.0017165433382615447 0.0478331483900547 -0.042199209332466125 0.0358087383210659 -0.023508047685027122 -0.005478379782289267 0.021129434928297997 0.06181427836418152 0.019982459023594856 -0.06958175450563431 -0.039163269102573395 0.03692289814352989 0.0012445852626115084 0.028274163603782654 -0.1069207638502121 -0.03867426514625549 0.08440470695495605 0.04506305605173111 -0.048691559582948685 -0.03531361371278763 -0.08090575039386749 0.09900356829166412 0.022469889372587204 0.012317401356995106 -0.058227941393852234 0.04190421104431152 -0.04521907866001129 -0.06954436004161835 0.01628972589969635 0.0037535447627305984 -0.10097472369670868 0.0755353793501854 0.005926503799855709 -0.018291231244802475 0.029237937182188034 -0.05236537754535675 0.07089286297559738 -0.020377781242132187 -0.04486279562115669 0.0031936836894601583 -0.05025603622198105 0.017374873161315918 0.05500338599085808 0.028325574472546577 -0.07653570920228958 -0.00729632843285799 0.012699862010776997 0.017981523647904396 0.07940752804279327 0.01748146116733551 0.019465243443846703 -0.004685905762016773 0.04329492896795273 -0.025969142094254494 0.07063359022140503 -0.07463567703962326 -0.02786475419998169 0.05785811319947243 0.0013642171397805214 -0.08176519721746445 0.01296206284314394 -0.07119452953338623 -0.02138541080057621 0.03913980349898338 -0.020665818825364113 0.05268671363592148 -0.08650701493024826 -0.06773349642753601 -0.12383653968572617 0.04109873250126839 0.08776267617940903 -0.06941009312868118 -0.05976051837205887 0.03407838195562363 -0.057489294558763504 -0.04995426535606384 -0.01952235959470272 -0.031847063452005386 0.0485023595392704 -0.037226878106594086 -0.08435830473899841 -0.03169318661093712 -0.037961333990097046 -0.00010441490303492174 -0.09462546557188034 0.08928482234477997 0.0210902853018144 0.05325927182557621 0.11383921834549159 0.23507989783228775 0.3574740214101533 0.5160493685897217 0.6947271624326102 0.823933999694534 0.9284114326499703 -1.0131453 -0.8572977 -0.69244426 -0.5287341 -0.3712785 -0.51777923 -0.63033426 -0.711413 -0.97942716 -1.0941002 -0.85328424 -0.6064176 -0.31796658 -0.056332543 -0.29499415 -0.49797362 -0.6277125 -0.9994607
0 400 -0.03517575189471245 -0.001786593347787857 -0.028167126700282097 0.025132089853286743 0.020656434819102287 0.043857794255018234 0.00012071926903445274 -0.039953526109457016 -0.00012914395483676344 0.0013732346706092358 0.03826652094721794 -0.03375936672091484 0.028646990656852722 -0.018806438893079758 -0.004382703918963671 0.016903547570109367 0.049451421946287155 0.015985967591404915 -0.055665403604507446 -0.031330615282058716 0.029538318514823914 0.000995668233372271 0.022619331255555153 -0.08553661406040192 -0.030939413234591484 0.0675237700343132 0.03605044633150101 -0.03895324841141701 -0.028250891715288162 -0.06472460180521011 0.07920285314321518 0.017975911498069763 0.00985392089933157 -0.04658235237002373 0.03352336958050728 -0.036175262182950974 -0.0556354895234108 0.01303178071975708 0.0030028359033167362 -0.0807797834277153 0.060428302735090256 0.004741203039884567 -0.01463298499584198 0.023390350863337517 -0.04189230129122734 0.056714292615652084 -0.01630222611129284 -0.035890236496925354 0.002554947044700384 -0.04020483046770096 0.01389989908784628 0.0440027080476284 0.02266046032309532 -0.061228569597005844 -0.00583706283941865 0.010159890167415142 0.014385218732059002 0.06352602690458298 0.013985169120132923 0.015572194941341877 -0.003748724702745676 0.03463594242930412 -0.020775314420461655 0.05650687217712402 -0.05970854312181473 -0.02229180373251438 0.04628648981451988 0.0010913737351074815 -0.06541215628385544 0.010369650088250637 -0.056955624371767044 -0.017108328640460968 0.031311843544244766 -0.01653265580534935 0.0421493723988533 -0.06920561194419861 -0.05418679863214493 -0.09906923025846481 0.03287898749113083 0.07021014392375946 -0.055528074502944946 -0.047808416187763214 0.02726270630955696 -0.0459914356470108 -0.039963413029909134 -0.015617887489497662 -0.02547765150666237 0.0388018898665905 -0.029781503602862358 -0.06748664379119873 -0.025354549288749695 -0.030369067564606667 -8.353192242793739e-05 -0.07570037245750427 0.0714278593659401 0.04591053274600132 0.14455219706860845 0.29034432798362725 0.5160493685897217 0.6704756375341153 0.7714995360692772 0.8727837439890895 0.9301858799551447 0.9804256427231409 -0.9510784 -0.8333803 -0.6569103 -0.51777923 -0.32615137 -0.4547916 -0.575914 -0.7352419 -0.9970784 -1.01583 -0.7278975 -0.5031324 -0.29499415 0.009488046 -0.21852648 -0.43904638 -0.6941961 -1.0713162
1 400 -0.03517575189471245 -0.001786593347787857 -0.028167126700282097 0.025132089853286743 0.020656434819102287 0.043857794255018234 0.00012071926903445274 -0.039953526109457016 -0.00012914395483676344 0.0013732346706092358 0.03826652094721794 -0.03375936672091484 0.028646990656852722 -0.018806438893079758 -0.004382703918963671 0.016903547570109367 0.049451421946287155 0.015985967591404915 -0.055665403604507446 -0.031330615282058716 0.029538318514823914 0.000995668233372271 0.022619331255555153 -0.08553661406040192 -0.030939413234591484 0.0675237700343132 0.03605044633150101 -0.03895324841141701 -0.028250891715288162 -0.06472460180521011 0.07920285314321518 0.017975911498069763 0.00985392089933157 -0.04658235237002373 0.03352336958050728 -0.036175262182950974 -0.0556354895234108 0.01303178071975708 0.0030028359033167362 -0.0807797834277153 0.060428302735090256 0.004741203039884567 -0.01463298499584198 0.023390350863337517 -0.04189230129122734 0.056714292615652084 -0.01630222611129284 -0.035890236496925354 0.002554947044700384 -0.04020483046770096 0.01389989908784628 0.0440027080476284 0.02266046032309532 -0.061228569597005844 -0.00583706283941865 0.010159890167415142 0.014385218732059002 0.06352602690458298 0.013985169120132923 0.015572194941341877 -0.003748724702745676 0.03463594242930412 -0.020775314420461655 0.05650687217712402 -0.05970854312181473 -0.02229180373251438 0.04628648981451988 0.0010913737351074815 -0.06541215628385544 0.010369650088250637 -0.056955624371767044 -0.017108328640460968 0.031311843544244766 -0.01653265580534935 0.0421493723988533 -0.06920561194419861 -0.05418679863214493 -0.09906923025846481 0.03287898749113083 0.07021014392375946 -0.055528074502944946 -0.047808416187763214 0.02726270630955696 -0.0459914356470108 -0.039963413029909134 -0.015617887489497662 -0.02547765150666237 0.0388018898665905 -0.029781503602862358 -0.06748664379119873 -0.025354549288749695 -0.030369067564606667 -8.353192242793739e-05 -0.07570037245750427 0.0714278593659401 0.038292751314987696 0.07536620758065127 0.16124222400957203 0.32011100040411655 0.4953909773565803 0.5914435086358912 0.8298399521887365 0.8952983427448312 0.9701089235119066 -1.0368018 -0.98315954 -0.85143673 -0.6776407 -0.54900366 -0.62868524 -0.83793545 -0.88882625 -1.0759143 -1.1217057 -0.9323689 -0.7510872 -0.5417394 -0.18040538 -0.46768218 -0.7341442 -0.9060612 -1.1608337
2 400 -0.03517575189471245 -0.001786593347787857 -0.028167126700282097 0.025132089853286743 0.020656434819102287 0.043857794255018234 0.00012071926903445274 -0.039953526109457016 -0.00012914395483676344 0.0013732346706092358 0.03826652094721794 -0.03375936672091484 0.028646990656852722 -0.018806438893079758 -0.004382703918963671 0.016903547570109367 0.049451421946287155 0.015985967591404915 -0.055665403604507446 -0.031330615282058716 0.029538318514823914 0.000995668233372271 0.022619331255555153 -0.08553661406040192 -0.030939413234591484 0.0675237700343132 0.03605044633150101 -0.03895324841141701 -0.028250891715288162 -0.06472460180521011 0.07920285314321518 0.017975911498069763 0.00985392089933157 -0.04658235237002373 0.03352336958050728 -0.036175262182950974 -0.0556354895234108 0.01303178071975708 0.0030028359033167362 -0.0807797834277153 0.060428302735090256 0.004741203039884567 -0.01463298499584198 0.023390350863337517 -0.04189230129122734 0.056714292615652084 -0.01630222611129284 -0.035890236496925354 0.002554947044700384 -0.04020483046770096 0.01389989908784628 0.0440027080476284 0.02266046032309532 -0.061228569597005844 -0.00583706283941865 0.010159890167415142 0.014385218732059002 0.06352602690458298 0.013985169120132923 0.015572194941341877 -0.003748724702745676 0.03463594242930412 -0.020775314420461655 0.05650687217712402 -0.05970854312181473 -0.02229180373251438 0.04628648981451988 0.0010913737351074815 -0.06541215628385544 0.010369650088250637 -0.056955624371767044 -0.017108328640460968 0.031311843544244766 -0.01653265580534935 0.0421493723988533 -0.06920561194419861 -0.05418679863214493 -0.09906923025846481 0.03287898749113083 0.07021014392375946 -0.055528074502944946 -0.047808416187763214 0.02726270630955696 -0.0459914356470108 -0.039963413029909134 -0.015617887489497662 -0.02547765150666237 0.0388018898665905 -0.029781503602862358 -0.06748664379119873 -0.025354549288749695 -0.030369067564606667 -8.353192242793739e-05 -0.07570037245750427 0.0714278593659401 0.0215003812170864 0.053129046141043565 0.11350342856177928 0.23586242490724627 0.3567542142471046 0.5160493685897217 0.6964625104105316 0.8236094069052797 0.9287770853874132 -1.010987 -0.85623384 -0.693267 -0.5286958 -0.37057248 -0.51777923 -0.63198096 -0.71164656 -0.9813141 -1.0901957 -0.85235727 -0.60756856 -0.31788632 -0.055182382 -0.29499415 -0.50047916 -0.6279069 -1.0021721
0 400 -0.02638181485235691 -0.0013399450108408928 -0.021125344559550285 0.018849067389965057 0.015492326579988003 0.0328933447599411 9.053945541381836e-05 -0.029965145513415337 -9.685796976555139e-05 0.0010299260029569268 0.02869988977909088 -0.025319525972008705 0.02148524299263954 -0.014104829169809818 -0.003287028055638075 0.012677661143243313 0.03708856925368309 0.011989476159214973 -0.041749052703380585 -0.023497963324189186 0.022153738886117935 0.0007467512041330338 0.016964498907327652 -0.06415246427059174 -0.023204559460282326 0.05064282566308975 0.027037834748625755 -0.02921493723988533 -0.021188169717788696 -0.048543453216552734 0.059402141720056534 0.013481934554874897 0.007390440907329321 -0.03493676707148552 0.025142528116703033 -0.027131447568535805 -0.04172661900520325 0.00977383553981781 0.002252127043902874 -0.06058483570814133 0.045321229845285416 0.003555902512744069 -0.010974738746881485 0.01754276268184185 -0.03141922876238823 0.04253571853041649 -0.012226669117808342 -0.026917679235339165 0.001916210283525288 -0.03015362285077572 0.010424924083054066 0.033002033829689026 0.016995346173644066 -0.04592142626643181 -0.004377797245979309 0.007619917392730713 0.010788914747536182 0.047644518315792084 0.010488877072930336 0.011679146438837051 -0.002811543643474579 0.025976957753300667 -0.015581485815346241 0.04238015413284302 -0.044781409204006195 -0.016718853265047073 0.034714870154857635 0.0008185303304344416 -0.04905911907553673 0.0077772377990186214 -0.04271671921014786 -0.0128312474116683 0.02348388358950615 -0.012399491854012012 0.031612031161785126 -0.051904212683439255 -0.040640100836753845 -0.07430192828178406 0.02465924061834812 0.052657607942819595 -0.04164605587720871 -0.03585631400346756 0.020447030663490295 -0.0344935767352581 -0.029972560703754425 -0.011713416315615177 -0.01910823956131935 0.0291014164686203 -0.02233612723648548 -0.050614986568689346 -0.01901591196656227 -0.022776801139116287 -6.264894182095304e-05 -0.0567752830684185 0.05357089638710022 0.04687132342686476 0.14508357301173466 0.28762431443877756 0.5160493685897217 0.6703901470979358 0.7711252009084608 0.8726740959350995 0.9306078712592667 0.9805592007826517 -0.9488763 -0.8345419 -0.6575855 -0.51777923 -0.32671195 -0.45781845 -0.5758832 -0.73359543 -0.9982369 -1.0116487 -0.7294164 -0.50376743 -0.29499415 0.008559614 -0.22353894 -0.43896997 -0.69198024 -1.0731096
1 400 -0.02638181485235691 -0.0013399450108408928 -0.021125344559550285 0.018849067389965057 0.015492326579988003 0.0328933447599411 9.053945541381836e-05 -0.029965145513415337 -9.685796976555139e-05 0.0010299260029569268 0.02869988977909088 -0.025319525972008705 0.02148524299263954 -0.014104829169809818 -0.003287028055638075 0.012677661143243313 0.03708856925368309 0.011989476159214973 -0.041749052703380585 -0.023497963324189186 0.022153738886117935 0.0007467512041330338 0.016964498907327652 -0.06415246427059174 -0.023204559460282326 0.05064282566308975 0.027037834748625755 -0.02921493723988533 -0.021188169717788696 -0.048543453216552734 0.059402141720056534 0.013481934554874897 0.007390440907329321 -0.03493676707148552 0.025142528116703033 -0.027131447568535805 -0.04172661900520325 0.00977383553981781 0.002252127043902874 -0.06058483570814133 0.045321229845285416 0.003555902512744069 -0.010974738746881485 0.01754276268184185 -0.03141922876238823 0.04253571853041649 -0.012226669117808342 -0.026917679235339165 0.001916210283525288 -0.03015362285077572 0.010424924083054066 0.033002033829689026 0.016995346173644066 -0.04592142626643181 -0.004377797245979309 0.007619917392730713 0.010788914747536182 0.047644518315792084 0.010488877072930336 0.011679146438837051 -0.002811543643474579 0.025976957753300667 -0.015581485815346241 0.04238015413284302 -0.044781409204006195 -0.016718853265047073 0.034714870154857635 0.0008185303304344416 -0.04905911907553673 0.0077772377990186214 -0.04271671921014786 -0.0128312474116683 0.02348388358950615 -0.012399491854012012 0.031612031161785126 -0.051904212683439255 -0.040640100836753845 -0.07430192828178406 0.02465924061834812 0.052657607942819595 -0.04164605587720871 -0.03585631400346756 0.020447030663490295 -0.0344935767352581 -0.029972560703754425 -0.011713416315615177 -0.01910823956131935 0.0291014164686203 -0.02233612723648548 -0.050614986568689346 -0.01901591196656227 -0.022776801139116287 -6.264894182095304e-05 -0.0567752830684185 0.05357089638710022 0.038933317055670866 0.07571911882187424 0.16117415430434454 0.3193131473635279 0.4973799321862011 0.587582167459287 0.8301315311311026 0.8938562439586096 0.9702744851920682 -1.0349431 -0.9842186 -0.8542477 -0.6755581 -0.5540469 -0.6298457 -0.84193027 -0.8906257 -1.0789646 -1.1182697 -0.93374586 -0.7548358 -0.538043 -0.17782627 -0.4688863 -0.73897207 -0.9082258 -1.1651027
2 400 -0.02638181485235691 -0.0013399450108408928 -0.021125344559550285 0.018849067389965057 0.015492326579988003 0.0328933447599411 9.053945541381836e-05 -0.029965145513415337 -9.685796976555139e-05 0.0010299260029569268 0.02869988977909088 -0.025319525972008705 0.02148524299263954 -0.014104829169809818 -0.003287028055638075 0.012677661143243313 0.03708856925368309 0.011989476159214973 -0.041749052703380585 -0.023497963324189186 0.022153738886117935 0.0007467512041330338 0.016964498907327652 -0.06415246427059174 -0.023204559460282326 0.05064282566308975 0.027037834748625755 -0.02921493723988533 -0.021188169717788696 -0.048543453216552734 0.059402141720056534 0.013481934554874897 0.007390440907329321 -0.03493676707148552 0.025142528116703033 -0.027131447568535805 -0.04172661900520325 0.00977383553981781 0.002252127043902874 -0.06058483570814133 0.045321229845285416 0.003555902512744069 -0.010974738746881485 0.01754276268184185 -0.03141922876238823 0.04253571853041649 -0.012226669117808342 -0.026917679235339165 0.001916210283525288 -0.03015362285077572 0.010424924083054066 0.033002033829689026 0.016995346173644066 -0.04592142626643181 -0.004377797245979309 0.007619917392730713 0.010788914747536182 0.047644518315792084 0.010488877072930336 0.011679146438837051 -0.002811543643474579 0.025976957753300667 -0.015581485815346241 0.04238015413284302 -0.044781409204006195 -0.016718853265047073 0.034714870154857635 0.0008185303304344416 -0.04905911907553673 0.0077772377990186214 -0.04271671921014786 -0.0128312474116683 0.02348388358950615 -0.012399491854012012 0.031612031161785126 -0.051904212683439255 -0.040640100836753845 -0.07430192828178406 0.02465924061834812 0.052657607942819595 -0.04164605587720871 -0.03585631400346756 0.020447030663490295 -0.0344935767352581 -0.029972560703754425 -0.011713416315615177 -0.01910823956131935 0.0291014164686203 -0.02233612723648548 -0.050614986568689346 -0.01901591196656227 -0.022776801139116287 -6.264894182095304e-05 -0.0567752830684185 0.05357089638710022 0.021943931072966015 0.05325138479114579 0.11319082757655492 0.2359711294439626 0.3560437375753965 0.5160493685897217 0.698034038259445 0.8234570578771516 0.9291152273986057 -1.0086473 -0.85597074 -0.6940348 -0.5286905 -0.36987498 -0.51777923 -0.6335919 -0.71196425 -0.9831984 -1.0859766 -0.8518503 -0.6086428 -0.31787518 -0.054046094 -0.29499415 -0.50292623 -0.62822384 -1.004866
0 400 -0.017587875947356224 -0.0008932966738939285 -0.014083563350141048 0.012566044926643372 0.010328217409551144 0.021928897127509117 6.035963451722637e-05 -0.019976763054728508 -6.457197741838172e-05 0.0006866173353046179 0.01913326047360897 -0.01687968336045742 0.014323495328426361 -0.009403219446539879 -0.0021913519594818354 0.008451773785054684 0.024725710973143578 0.007992983795702457 -0.027832701802253723 -0.015665307641029358 0.014769159257411957 0.0004978341166861355 0.011309665627777576 -0.04276830703020096 -0.015469706617295742 0.0337618850171566 0.018025223165750504 -0.019476624205708504 -0.014125445857644081 -0.03236230090260506 0.03960142657160759 0.008987955749034882 0.004926960449665785 -0.023291176185011864 0.01676168479025364 -0.018087631091475487 -0.0278177447617054 0.00651589035987854 0.0015014179516583681 -0.04038989171385765 0.030214151367545128 0.0023706015199422836 -0.00731649249792099 0.011695175431668758 -0.02094615064561367 0.028357146307826042 -0.00815111305564642 -0.017945118248462677 0.001277473522350192 -0.02010241523385048 0.00694994954392314 0.0220013540238142 0.01133023016154766 -0.030614284798502922 -0.002918531419709325 0.005079945083707571 0.007192609366029501 0.03176301345229149 0.0069925845600664616 0.0077860974706709385 -0.001874362351372838 0.01731797121465206 -0.010387657210230827 0.02825343608856201 -0.029854271560907364 -0.01114590186625719 0.02314324490725994 0.0005456868675537407 -0.03270607814192772 0.0051848250441253185 -0.028477812185883522 -0.008554164320230484 0.015655921772122383 -0.008266327902674675 0.02107468619942665 -0.034602805972099304 -0.027093399316072464 -0.04953461512923241 0.016439493745565414 0.03510507196187973 -0.027764037251472473 -0.023904208093881607 0.01363135315477848 -0.0229957178235054 -0.019981706514954567 -0.007808943744748831 -0.012738825753331184 0.01940094493329525 -0.014890751801431179 -0.033743321895599365 -0.012677274644374847 -0.015184533782303333 -4.1765961213968694e-05 -0.037850186228752136 0.03571392968297005 0.04779569121508216 0.14561176218913674 0.2848525522881157 0.5160493685897217 0.6702786484700428 0.7708746829234572 0.8725643279392793 0.9310341464460898 0.9806918690744548 -0.9468143 -0.8357085 -0.6582719 -0.51777923 -0.32716712 -0.4585346 -0.5758524 -0.73195934 -0.9993955 -1.0077192 -0.7309421 -0.50440633 -0.29499415 0.0078104734 -0.22470185 -0.43889356 -0.689783 -1.074903
1 400 -0.017587875947356224 -0.0008932966738939285 -0.014083563350141048 0.012566044926643372 0.010328217409551144 0.021928897127509117 6.035963451722637e-05 -0.019976763054728508 -6.457197741838172e-05 0.0006866173353046179 0.01913326047360897 -0.01687968336045742 0.014323495328426361 -0.009403219446539879 -0.0021913519594818354 0.008451773785054684 0.024725710973143578 0.007992983795702457 -0.027832701802253723 -0.015665307641029358 0.014769159257411957 0.0004978341166861355 0.011309665627777576 -0.04276830703020096 -0.015469706617295742 0.0337618850171566 0.018025223165750504 -0.019476624205708504 -0.014125445857644081 -0.03236230090260506 0.03960142657160759 0.008987955749034882 0.004926960449665785 -0.023291176185011864 0.01676168479025364 -0.018087631091475487 -0.0278177447617054 0.00651589035987854 0.0015014179516583681 -0.04038989171385765 0.030214151367545128 0.0023706015199422836 -0.00731649249792099 0.011695175431668758 -0.02094615064561367 0.028357146307826042 -0.00815111305564642 -0.017945118248462677 0.001277473522350192 -0.02010241523385048 0.00694994954392314 0.0220013540238142 0.01133023016154766 -0.030614284798502922 -0.002918531419709325 0.005079945083707571 0.007192609366029501 0.03176301345229149 0.0069925845600664616 0.0077860974706709385 -0.001874362351372838 0.01731797121465206 -0.010387657210230827 0.02825343608856201 -0.029854271560907364 -0.01114590186625719 0.02314324490725994 0.0005456868675537407 -0.03270607814192772 0.0051848250441253185 -0.028477812185883522 -0.008554164320230484 0.015655921772122383 -0.008266327902674675 0.02107468619942665 -0.034602805972099304 -0.027093399316072464 -0.04953461512923241 0.016439493745565414 0.03510507196187973 -0.027764037251472473 -0.023904208093881607 0.01363135315477848 -0.0229957178235054 -0.019981706514954567 -0.007808943744748831 -0.012738825753331184 0.01940094493329525 -0.014890751801431179 -0.033743321895599365 -0.012677274644374847 -0.015184533782303333 -4.1765961213968694e-05 -0.037850186228752136 0.03571392968297005 0.039586180173114036 0.0760372145638601 0.16110234258246237 0.31915417034794796 0.49937894691661505 0.5837609651232627 0.8304594157971177 0.8925007772442203 0.9704394069939317 -1.0330787 -0.98540235 -0.85697854 -0.6739312 -0.55914134 -0.63056785 -0.84582436 -0.8925046 -1.0820465 -1.1148231 -0.9352925 -0.75847787 -0.53539366 -0.17519067 -0.46945265 -0.7436979 -0.9105413 -1.1694142
2 400 -0.017587875947356224 -0.0008932966738939285 -0.014083563350141048 0.012566044926643372 0.010328217409551144 0.021928897127509117 6.035963451722637e-05 -0.019976763054728508 -6.457197741838172e-05 0.0006866173353046179 0.01913326047360897 -0.01687968336045742 0.014323495328426361 -0.009403219446539879 -0.0021913519594818354 0.008451773785054684 0.024725710973143578 0.007992983795702457 -0.027832701802253723 -0.015665307641029358 0.014769159257411957 0.0004978341166861355 0.011309665627777576 -0.04276830703020096 -0.015469706617295742 0.0337618850171566 0.018025223165750504 -0.019476624205708504 -0.014125445857644081 -0.03236230090260506 0.03960142657160759 0.008987955749034882 0.004926960449665785 -0.023291176185011864 0.01676168479025364 -0.018087631091475487 -0.0278177447617054 0.00651589035987854 0.0015014179516583681 -0.04038989171385765 0.030214151367545128 0.0023706015199422836 -0.00731649249792099 0.011695175431668758 -0.02094615064561367 0.028357146307826042 -0.00815111305564642 -0.017945118248462677 0.001277473522350192 -0.02010241523385048 0.00694994954392314 0.0220013540238142 0.01133023016154766 -0.030614284798502922 -0.002918531419709325 0.005079945083707571 0.007192609366029501 0.03176301345229149 0.0069925845600664616 0.0077860974706709385 -0.001874362351372838 0.01731797121465206 -0.010387657210230827 0.02825343608856201 -0.029854271560907364 -0.01114590186625719 0.02314324490725994 0.0005456868675537407 -0.03270607814192772 0.0051848250441253185 -0.028477812185883522 -0.008554164320230484 0.015655921772122383 -0.008266327902674675 0.02107468619942665 -0.034602805972099304 -0.027093399316072464 -0.04953461512923241 0.016439493745565414 0.03510507196187973 -0.027764037251472473 -0.023904208093881607 0.01363135315477848 -0.0229957178235054 -0.019981706514954567 -0.007808943744748831 -0.012738825753331184 0.01940094493329525 -0.014890751801431179 -0.033743321895599365 -0.012677274644374847 -0.015184533782303333 -4.1765961213968694e-05 -0.037850186228752136 0.03571392968297005 0.02240456432829681 0.05337397300088619 0.11287895946598828 0.2360604158301875 0.35532523308692093 0.5160493685897217 0.7002092357857362 0.8231131130982572 0.9294775727537825 -1.0062318 -0.85570765 -0.69480264 -0.5286861 -0.36916894 -0.51777923 -0.634635 -0.71224105 -0.98508537 -1.0816483 -0.8513433 -0.6097171 -0.31786603 -0.052895933 -0.29499415 -0.50455034 -0.6284636 -1.0075774
0 400 -0.008793937973678112 -0.00044664833694696426 -0.007041781675070524 0.006283022463321686 0.005164108704775572 0.010964448563754559 3.0179817258613184e-05 -0.009988381527364254 -3.228598870919086e-05 0.00034330866765230894 0.009566630236804485 -0.00843984168022871 0.0071617476642131805 -0.004701609723269939 -0.0010956759797409177 0.004225886892527342 0.012362855486571789 0.003996491897851229 -0.013916350901126862 -0.007832653820514679 0.007384579628705978 0.00024891705834306777 0.005654832813888788 -0.02138415351510048 -0.007734853308647871 0.0168809425085783 0.009012611582875252 -0.009738312102854252 -0.0070627229288220406 -0.01618115045130253 0.019800713285803795 0.004493977874517441 0.0024634802248328924 -0.011645588092505932 0.00838084239512682 -0.009043815545737743 -0.0139088723808527 0.00325794517993927 0.0007507089758291841 -0.020194945856928825 0.015107075683772564 0.0011853007599711418 -0.003658246248960495 0.005847587715834379 -0.010473075322806835 0.014178573153913021 -0.00407555652782321 -0.008972559124231339 0.000638736761175096 -0.01005120761692524 0.00347497477196157 0.0110006770119071 0.00566511508077383 -0.015307142399251461 -0.0014592657098546624 0.0025399725418537855 0.0035963046830147505 0.015881506726145744 0.0034962922800332308 0.0038930487353354692 -0.000937181175686419 0.00865898560732603 -0.005193828605115414 0.014126718044281006 -0.014927135780453682 -0.005572950933128595 0.01157162245362997 0.00027284343377687037 -0.01635303907096386 0.0025924125220626593 -0.014238906092941761 -0.004277082160115242 0.007827960886061192 -0.0041331639513373375 0.010537343099713326 -0.017301402986049652 -0.013546699658036232 -0.024767307564616203 0.008219746872782707 0.017552535980939865 -0.013882018625736237 -0.011952104046940804 0.00681567657738924 -0.0114978589117527 -0.009990853257477283 -0.0039044718723744154 -0.006369412876665592 0.009700472466647625 -0.0074453759007155895 -0.016871660947799683 -0.006338637322187424 -0.007592266891151667 -2.0882980606984347e-05 -0.018925093114376068 0.017856964841485023 0.04879392577569506 0.146115504399869 0.28209692723610513 0.5160493685897217 0.6701931145564674 0.7706968981881942 0.8724545194994676 0.9314580003842624 0.9808226917835869 -0.9446122 -0.83693063 -0.6589583 -0.51777923 -0.32772768 -0.45867538 -0.5758215 -0.7303233 -1.0005333 -1.0035377 -0.73254323 -0.5050453 -0.29499415 0.0068820417 -0.22491223 -0.43881717 -0.68758583 -1.0766671
1 400 -0.008793937973678112 -0.00044664833694696426 -0.007041781675070524 0.006283022463321686 0.005164108704775572 0.010964448563754559 3.0179817258613184e-05 -0.009988381527364254 -3.228598870919086e-05 0.00034330866765230894 0.009566630236804485 -0.00843984168022871 0.0071617476642131805 -0.004701609723269939 -0.0010956759797409177 0.004225886892527342 0.012362855486571789 0.003996491897851229 -0.013916350901126862 -0.007832653820514679 0.007384579628705978 0.00024891705834306777 0.005654832813888788 -0.02138415351510048 -0.007734853308647871 0.0168809425085783 0.009012611582875252 -0.009738312102854252 -0.0070627229288220406 -0.01618115045130253 0.019800713285803795 0.004493977874517441 0.0024634802248328924 -0.011645588092505932 0.00838084239512682 -0.009043815545737743 -0.0139088723808527 0.00325794517993927 0.0007507089758291841 -0.020194945856928825 0.015107075683772564 0.0011853007599711418 -0.003658246248960495 0.005847587715834379 -0.010473075322806835 0.014178573153913021 -0.00407555652782321 -0.008972559124231339 0.000638736761175096 -0.01005120761692524 0.00347497477196157 0.0110006770119071 0.00566511508077383 -0.015307142399251461 -0.0014592657098546624 0.0025399725418537855 0.0035963046830147505 0.015881506726145744 0.0034962922800332308 0.0038930487353354692 -0.000937181175686419 0.00865898560732603 -0.005193828605115414 0.014126718044281006 -0.014927135780453682 -0.005572950933128595 0.01157162245362997 0.00027284343377687037 -0.01635303907096386 0.0025924125220626593 -0.014238906092941761 -0.004277082160115242 0.007827960886061192 -0.0041331639513373375 0.010537343099713326 -0.017301402986049652 -0.013546699658036232 -0.024767307564616203 0.008219746872782707 0.017552535980939865 -0.013882018625736237 -0.011952104046940804 0.00681567657738924 -0.0114978589117527 -0.009990853257477283 -0.0039044718723744154 -0.006369412876665592 0.009700472466647625 -0.0074453759007155895 -0.016871660947799683 -0.006338637322187424 -0.007592266891151667 -2.0882980606984347e-05 -0.018925093114376068 0.017856964841485023 0.040224834581843186 0.07642791398477704 0.1610061904197435 0.3193564725377908 0.501368023477719 0.5799548783837107 0.8307857597270708 0.8910334953937064 0.9706104177295704 -1.0312417 -0.98634034 -0.859845 -0.6726118 -0.5641846 -0.6313005 -0.8497172 -0.89423454 -1.0851946 -1.1114604 -0.93650496 -0.7623019 -0.5334431 -0.17261156 -0.47003764 -0.74842155 -0.9126066 -1.1738224
2 400 -0.008793937973678112 -0.00044664833694696426 -0.007041781675070524 0.006283022463321686 0.005164108704775572 0.010964448563754559 3.0179817258613184e-05 -0.009988381527364254 -3.228598870919086e-05 0.00034330866765230894 0.009566630236804485 -0.00843984168022871 0.0071617476642131805 -0.004701609723269939 -0.0010956759797409177 0.004225886892527342 0.012362855486571789 0.003996491897851229 -0.013916350901126862 -0.007832653820514679 0.007384579628705978 0.00024891705834306777 0.005654832813888788 -0.02138415351510048 -0.007734853308647871 0.0168809425085783 0.009012611582875252 -0.009738312102854252 -0.0070627229288220406 -0.01618115045130253 0.019800713285803795 0.004493977874517441 0.0024634802248328924 -0.011645588092505932 0.00838084239512682 -0.009043815545737743 -0.0139088723808527 0.00325794517993927 0.0007507089758291841 -0.020194945856928825 0.015107075683772564 0.0011853007599711418 -0.003658246248960495 0.005847587715834379 -0.010473075322806835 0.014178573153913021 -0.00407555652782321 -0.008972559124231339 0.000638736761175096 -0.01005120761692524 0.00347497477196157 0.0110006770119071 0.00566511508077383 -0.015307142399251461 -0.0014592657098546624 0.0025399725418537855 0.0035963046830147505 0.015881506726145744 0.0034962922800332308 0.0038930487353354692 -0.000937181175686419 0.00865898560732603 -0.005193828605115414 0.014126718044281006 -0.014927135780453682 -0.005572950933128595 0.01157162245362997 0.00027284343377687037 -0.01635303907096386 0.0025924125220626593 -0.014238906092941761 -0.004277082160115242 0.007827960886061192 -0.0041331639513373375 0.010537343099713326 -0.017301402986049652 -0.013546699658036232 -0.024767307564616203 0.008219746872782707 0.017552535980939865 -0.013882018625736237 -0.011952104046940804 0.00681567657738924 -0.0114978589117527 -0.009990853257477283 -0.0039044718723744154 -0.006369412876665592 0.009700472466647625 -0.0074453759007155895 -0.016871660947799683 -0.006338637322187424 -0.007592266891151667 -2.0882980606984347e-05 -0.018925093114376068 0.017856964841485023 0.022839620028544297 0.053496859449217685 0.11254566771639066 0.23618177718804811 0.354629890757137 0.5160493685897217 0.7026945330863945 0.8227713317683617 0.9298218678601693 -1.0040735 -0.85544455 -0.69562536 -0.5286802 -0.3684851 -0.51777923 -0.6352483 -0.7125244 -0.98689246 -1.0777439 -0.8508364 -0.61086804 -0.31785363 -0.051781848 -0.29499415 -0.50554705 -0.62871206 -1.0101734
0 400 0.0 0.0 0.0 -0.0 -0.0 -0.0 -0.0 0.0 0.0 -0.0 -0.0 0.0 -0.0 0.0 0.0 -0.0 -0.0 -0.0 0.0 0.0 -0.0 -0.0 -0.0 0.0 0.0 -0.0 -0.0 0.0 0.0 0.0 -0.0 -0.0 -0.0 0.0 -0.0 0.0 0.0 -0.0 -0.0 0.0 -0.0 -0.0 0.0 -0.0 0.0 -0.0 0.0 0.0 -0.0 0.0 -0.0 -0.0 -0.0 0.0 0.0 -0.0 -0.0 -0.0 -0.0 -0.0 0.0 -0.0 0.0 -0.0 0.0 0.0 -0.0 -0.0 0.0 -0.0 0.0 0.0 -0.0 0.0 -0.0 0.0 0.0 0.0 -0.0 -0.0 0.0 0.0 -0.0 0.0 0.0 0.0 0.0 -0.0 0.0 0.0 0.0 0.0 0.0 0.0 -0.0 0.04975423615819799 0.14664681775345387 0.2793575216056791 0.5160493685897217 0.6700695580120019 0.7704834559556716 0.8723446139588108 0.9318634515745648 0.9809573331024125 -0.9425502 -0.8380972 -0.6596447 -0.51777923 -0.32829833 -0.45884433 -0.5757907 -0.7286986 -1.001751 -0.99960816 -0.734069 -0.50568426 -0.29499415 0.0059410334 -0.22516467 -0.4387408 -0.68539727 -1.0785465
1 400 0.0 0.0 0.0 -0.0 -0.0 -0.0 -0.0 0.0 0.0 -0.0 -0.0 0.0 -0.0 0.0 0.0 -0.0 -0.0 -0.0 0.0 0.0 -0.0 -0.0 -0.0 0.0 0.0 -0.0 -0.0 0.0 0.0 0.0 -0.0 -0.0 -0.0 0.0 -0.0 0.0 0.0 -0.0 -0.0 0.0 -0.0 -0.0 0.0 -0.0 0.0 -0.0 0.0 0.0 -0.0 0.0 -0.0 -0.0 -0.0 0.0 0.0 -0.0 -0.0 -0.0 -0.0 -0.0 0.0 -0.0 0.0 -0.0 0.0 0.0 -0.0 -0.0 0.0 -0.0 0.0 0.0 -0.0 0.0 -0.0 0.0 0.0 0.0 -0.0 -0.0 0.0 0.0 -0.0 0.0 0.0 0.0 0.0 -0.0 0.0 0.0 0.0 0.0 0.0 0.0 -0.0 0.04111682535395354 0.07678536841307461 0.16093442946011602 0.3195832582816658 0.5033670281169635 0.5761392941754362 0.8305355531420814 0.8895108722111238 0.9707735298833663 -1.0291208 -0.9873994 -0.8625759 -0.6712823 -0.569279 -0.6320331 -0.8530967 -0.8960825 -1.0881495 -1.1072646 -0.93788195 -0.76594406 -0.53148144 -0.16997595 -0.47062266 -0.75216305 -0.9148333 -1.1779648
2 400 0.0 0.0 0.0 -0.0 -0.0 -0.0 -0.0 0.0 0.0 -0.0 -0.0 0.0 -0.0 0.0 0.0 -0.0 -0.0 -0.0 0.0 0.0 -0.0 -0.0 -0.0 0.0 0.0 -0.0 -0.0 0.0 0.0 0.0 -0.0 -0.0 -0.0 0.0 -0.0 0.0 0.0 -0.0 -0.0 0.0 -0.0 -0.0 0.0 -0.0 0.0 -0.0 0.0 0.0 -0.0 0.0 -0.0 -0.0 -0.0 0.0 0.0 -0.0 -0.0 -0.0 -0.0 -0.0 0.0 -0.0 0.0 -0.0 0.0 0.0 -0.0 -0.0 0.0 -0.0 0.0 0.0 -0.0 0.0 -0.0 0.0 0.0 0.0 -0.0 -0.0 0.0 0.0 -0.0 0.0 0.0 0.0 0.0 -0.0 0.0 0.0 0.0 0.0 0.0 0.0 -0.0 0.02330884107727989 0.053597444029360584 0.11223536356511173 0.23629056337187096 0.35381276268050343 0.5160493685897217 0.7051679397802655 0.822617033871508 0.9301700474159124 -1.0017378 -0.8552911 -0.69639325 -0.5286749 -0.36768067 -0.51777923 -0.6358617 -0.71283877 -0.9888463 -1.0735338 -0.8504828 -0.6119423 -0.31784248 -0.05047141 -0.29499415 -0.50654376 -0.6290246 -1.0129681
0 400 0.008793937973678112 0.00044664833694696426 0.007041781675070524 -0.006283022463321686 -0.005164108704775572 -0.010964448563754559 -3.0179817258613184e-05 0.009988381527364254 3.228598870919086e-05 -0.00034330866765230894 -0.009566630236804485 0.00843984168022871 -0.0071617476642131805 0.004701609723269939 0.0010956759797409177 -0.004225886892527342 -0.012362855486571789 -0.003996491897851229 0.013916350901126862 0.007832653820514679 -0.007384579628705978 -0.00024891705834306777 -0.005654832813888788 0.02138415351510048 0.007734853308647871 -0.0168809425085783 -0.009012611582875252 0.009738312102854252 0.0070627229288220406 0.01618115045130253 -0.019800713285803795 -0.004493977874517441 -0.0024634802248328924 0.011645588092505932 -0.00838084239512682 0.009043815545737743 0.0139088723808527 -0.00325794517993927 -0.0007507089758291841 0.020194945856928825 -0.015107075683772564 -0.0011853007599711418 0.003658246248960495 -0.005847587715834379 0.010473075322806835 -0.014178573153913021 0.00407555652782321 0.008972559124231339 -0.000638736761175096 0.01005120761692524 -0.00347497477196157 -0.0110006770119071 -0.00566511508077383 0.015307142399251461 0.0014592657098546624 -0.0025399725418537855 -0.0035963046830147505 -0.015881506726145744 -0.0034962922800332308 -0.0038930487353354692 0.000937181175686419 -0.00865898560732603 0.005193828605115414 -0.014126718044281006 0.014927135780453682 0.005572950933128595 -0.01157162245362997 -0.00027284343377687037 0.01635303907096386 -0.0025924125220626593 0.014238906092941761 0.004277082160115242 -0.007827960886061192 0.0041331639513373375 -0.010537343099713326 0.017301402986049652 0.013546699658036232 0.024767307564616203 -0.008219746872782707 -0.017552535980939865 0.013882018625736237 0.011952104046940804 -0.00681567657738924 0.0114978589117527 0.009990853257477283 0.0039044718723744154 0.006369412876665592 -0.009700472466647625 0.0074453759007155895 0.016871660947799683 0.006338637322187424 0.007592266891151667 2.0882980606984347e-05 0.018925093114376068 -0.017856964841485023 0.05079119535837481 0.14717966443082547 0.27661869564150704 0.5160493685897217 0.6699960238841701 0.770305480248659 0.8722346114011402 0.9323671497248953 0.9810873427718696 -0.940348 -0.8392638 -0.6603382 -0.51777923 -0.32874346 -0.45898515 -0.5757599 -0.7271489 -1.0029095 -0.9954268 -0.73559463 -0.5063335 -0.29499415 0.0052044094 -0.22537503 -0.43866438 -0.68336916 -1.0803399
1 400 0.008793937973678112 0.00044664833694696426 0.007041781675070524 -0.006283022463321686 -0.005164108704775572 -0.010964448563754559 -3.0179817258613184e-05 0.009988381527364254 3.228598870919086e-05 -0.00034330866765230894 -0.009566630236804485 0.00843984168022871 -0.0071617476642131805 0.004701609723269939 0.0010956759797409177 -0.004225886892527342 -0.012362855486571789 -0.003996491897851229 0.013916350901126862 0.007832653820514679 -0.007384579628705978 -0.00024891705834306777 -0.005654832813888788 0.02138415351510048 0.007734853308647871 -0.0168809425085783 -0.009012611582875252 0.009738312102854252 0.0070627229288220406 0.01618115045130253 -0.019800713285803795 -0.004493977874517441 -0.0024634802248328924 0.011645588092505932 -0.00838084239512682 0.009043815545737743 0.0139088723808527 -0.00325794517993927 -0.0007507089758291841 0.020194945856928825 -0.015107075683772564 -0.0011853007599711418 0.003658246248960495 -0.005847587715834379 0.010473075322806835 -0.014178573153913021 0.00407555652782321 0.008972559124231339 -0.000638736761175096 0.01005120761692524 -0.00347497477196157 -0.0110006770119071 -0.00566511508077383 0.015307142399251461 0.0014592657098546624 -0.0025399725418537855 -0.0035963046830147505 -0.015881506726145744 -0.0034962922800332308 -0.0038930487353354692 0.000937181175686419 -0.00865898560732603 0.005193828605115414 -0.014126718044281006 0.014927135780453682 0.005572950933128595 -0.01157162245362997 -0.00027284343377687037 0.01635303907096386 -0.0025924125220626593 0.014238906092941761 0.004277082160115242 -0.007827960886061192 0.0041331639513373375 -0.010537343099713326 0.017301402986049652 0.013546699658036232 0.024767307564616203 -0.008219746872782707 -0.017552535980939865 0.013882018625736237 0.011952104046940804 -0.00681567657738924 0.0114978589117527 0.009990853257477283 0.0039044718723744154 0.006369412876665592 -0.009700472466647625 0.0074453759007155895 0.016871660947799683 0.006338637322187424 0.007592266891151667 2.0882980606984347e-05 0.018925093114376068 -0.017856964841485023 0.04239689708744522 0.07714079053537493 0.16083593653415318 0.3198268271642773 0.5053485775932464 0.5722892236157666 0.8302546501295187 0.8880078732473341 0.9709355256520027 -1.0266929 -0.9884652 -0.8654357 -0.6699635 -0.5743344 -0.63275534 -0.85629916 -0.89781255 -1.0911999 -1.1019565 -0.93926835 -0.76975936 -0.5295389 -0.16735443 -0.47118902 -0.7556678 -0.9168986 -1.1822338
2 400 0.008793937973678112 0.00044664833694696426 0.007041781675070524 -0.006283022463321686 -0.005164108704775572 -0.010964448563754559 -3.0179817258613184e-05 0.009988381527364254 3.228598870919086e-05 -0.00034330866765230894 -0.009566630236804485 0.00843984168022871 -0.0071617476642131805 0.004701609723269939 0.0010956759797409177 -0.004225886892527342 -0.012362855486571789 -0.003996491897851229 0.013916350901126862 0.007832653820514679 -0.007384579628705978 -0.00024891705834306777 -0.005654832813888788 0.02138415351510048 0.007734853308647871 -0.0168809425085783 -0.009012611582875252 0.009738312102854252 0.0070627229288220406 0.01618115045130253 -0.019800713285803795 -0.004493977874517441 -0.0024634802248328924 0.011645588092505932 -0.00838084239512682 0.009043815545737743 0.0139088723808527 -0.00325794517993927 -0.0007507089758291841 0.020194945856928825 -0.015107075683772564 -0.0011853007599711418 0.003658246248960495 -0.005847587715834379 0.010473075322806835 -0.014178573153913021 0.00407555652782321 0.008972559124231339 -0.000638736761175096 0.01005120761692524 -0.00347497477196157 -0.0110006770119071 -0.00566511508077383 0.015307142399251461 0.0014592657098546624 -0.0025399725418537855 -0.0035963046830147505 -0.015881506726145744 -0.0034962922800332308 -0.0038930487353354692 0.000937181175686419 -0.00865898560732603 0.005193828605115414 -0.014126718044281006 0.014927135780453682 0.005572950933128595 -0.01157162245362997 -0.00027284343377687037 0.01635303907096386 -0.0025924125220626593 0.014238906092941761 0.004277082160115242 -0.007827960886061192 0.0041331639513373375 -0.010537343099713326 0.017301402986049652 0.013546699658036232 0.024767307564616203 -0.008219746872782707 -0.017552535980939865 0.013882018625736237 0.011952104046940804 -0.00681567657738924 0.0114978589117527 0.009990853257477283 0.0039044718723744154 0.006369412876665592 -0.009700472466647625 0.0074453759007155895 0.016871660947799683 0.006338637322187424 0.007592266891151667 2.0882980606984347e-05 0.018925093114376068 -0.017856964841485023 0.023761028646313683 0.0537207848762744 0.11190373625203227 0.23641200164450563 0.35310496433468996 0.5160493685897217 0.707629285985219 0.8222746164834507 0.9305144945546129 -0.9995794 -0.85502803 -0.6972159 -0.528669 -0.36698318 -0.51777923 -0.636475 -0.7131182 -0.9906741 -1.0696292 -0.8499758 -0.61309326 -0.31783006 -0.049335152 -0.29499415 -0.5075404 -0.6292691 -1.0155935
0 400 0.017587875947356224 0.0008932966738939285 0.014083563350141048 -0.012566044926643372 -0.010328217409551144 -0.021928897127509117 -6.035963451722637e-05 0.019976763054728508 6.457197741838172e-05 -0.0006866173353046179 -0.01913326047360897 0.01687968336045742 -0.014323495328426361 0.009403219446539879 0.0021913519594818354 -0.008451773785054684 -0.024725710973143578 -0.007992983795702457 0.027832701802253723 0.015665307641029358 -0.014769159257411957 -0.0004978341166861355 -0.011309665627777576 0.04276830703020096 0.015469706617295742 -0.0337618850171566 -0.018025223165750504 0.019476624205708504 0.014125445857644081 0.03236230090260506 -0.03960142657160759 -0.008987955749034882 -0.004926960449665785 0.023291176185011864 -0.01676168479025364 0.018087631091475487 0.0278177447617054 -0.00651589035987854 -0.0015014179516583681 0.04038989171385765 -0.030214151367545128 -0.0023706015199422836 0.00731649249792099 -0.011695175431668758 0.02094615064561367 -0.028357146307826042 0.00815111305564642 0.017945118248462677 -0.001277473522350192 0.02010241523385048 -0.00694994954392314 -0.0220013540238142 -0.01133023016154766 0.030614284798502922 0.002918531419709325 -0.005079945083707571 -0.007192609366029501 -0.03176301345229149 -0.0069925845600664616 -0.0077860974706709385 0.001874362351372838 -0.01731797121465206 0.010387657210230827 -0.02825343608856201 0.029854271560907364 0.01114590186625719 -0.02314324490725994 -0.0005456868675537407 0.03270607814192772 -0.0051848250441253185 0.028477812185883522 0.008554164320230484 -0.015655921772122383 0.008266327902674675 -0.02107468619942665 0.034602805972099304 0.027093399316072464 0.04953461512923241 -0.016439493745565414 -0.03510507196187973 0.027764037251472473 0.023904208093881607 -0.01363135315477848 0.0229957178235054 0.019981706514954567 0.007808943744748831 0.012738825753331184 -0.01940094493329525 0.014890751801431179 0.033743321895599365 0.012677274644374847 0.015184533782303333 4.1765961213968694e-05 0.037850186228752136 -0.03571392968297005 0.0518485576069647 0.14771906110455843 0.2739933564366461 0.5160493685897217 0.6698724196349108 0.77009175986262 0.8721245685795347 0.9327769129650131 0.9812192161087779 -0.9381459 -0.84042543 -0.66100633 -0.51777923 -0.3293141 -0.4591541 -0.5757291 -0.72550243 -1.0041065 -0.99124527 -0.7371135 -0.50695825 -0.29499415 0.004263431 -0.22562748 -0.43858796 -0.68115336 -1.0821899
1 400 0.017587875947356224 0.0008932966738939285 0.014083563350141048 -0.012566044926643372 -0.010328217409551144 -0.021928897127509117 -6.035963451722637e-05 0.019976763054728508 6.457197741838172e-05 -0.0006866173353046179 -0.01913326047360897 0.01687968336045742 -0.014323495328426361 0.009403219446539879 0.0021913519594818354 -0.008451773785054684 -0.024725710973143578 -0.007992983795702457 0.027832701802253723 0.015665307641029358 -0.014769159257411957 -0.0004978341166861355 -0.011309665627777576 0.04276830703020096 0.015469706617295742 -0.0337618850171566 -0.018025223165750504 0.019476624205708504 0.014125445857644081 0.03236230090260506 -0.03960142657160759 -0.008987955749034882 -0.004926960449665785 0.023291176185011864 -0.01676168479025364 0.018087631091475487 0.0278177447617054 -0.00651589035987854 -0.0015014179516583681 0.04038989171385765 -0.030214151367545128 -0.0023706015199422836 0.00731649249792099 -0.011695175431668758 0.02094615064561367 -0.028357146307826042 0.00815111305564642 0.017945118248462677 -0.001277473522350192 0.02010241523385048 -0.00694994954392314 -0.0220013540238142 -0.01133023016154766 0.030614284798502922 0.002918531419709325 -0.005079945083707571 -0.007192609366029501 -0.03176301345229149 -0.0069925845600664616 -0.0077860974706709385 0.001874362351372838 -0.01731797121465206 0.010387657210230827 -0.02825343608856201 0.029854271560907364 0.01114590186625719 -0.02314324490725994 -0.0005456868675537407 0.03270607814192772 -0.0051848250441253185 0.028477812185883522 0.008554164320230484 -0.015655921772122383 0.008266327902674675 -0.02107468619942665 0.034602805972099304 0.027093399316072464 0.04953461512923241 -0.016439493745565414 -0.03510507196187973 0.027764037251472473 0.023904208093881607 -0.01363135315477848 0.0229957178235054 0.019981706514954567 0.007808943744748831 0.012738825753331184 -0.01940094493329525 0.014890751801431179 0.033743321895599365 0.012677274644374847 0.015184533782303333 4.1765961213968694e-05 0.037850186228752136 -0.03571392968297005 0.04377544145700161 0.07749774840459332 0.16076665648372768 0.32000834982724313 0.5073546577805799 0.5685549415182503 0.8311977180975998 0.8864770738696902 0.9710980602979116 -1.0240892 -0.989531 -0.86817324 -0.6686413 -0.5794167 -0.6334697 -0.85893774 -0.8995706 -1.0942651 -1.0963398 -0.94065464 -0.7734102 -0.5275804 -0.16476125 -0.47175986 -0.75932384 -0.91900206 -1.1865244
2 400 0.017587875947356224 0.0008932966738939285 0.014083563350141048 -0.012566044926643372 -0.010328217409551144 -0.021928897127509117 -6.035963451722637e-05 0.019976763054728508 6.457197741838172e-05 -0.0006866173353046179 -0.01913326047360897 0.01687968336045742 -0.014323495328426361 0.009403219446539879 0.0021913519594818354 -0.008451773785054684 -0.024725710973143578 -0.007992983795702457 0.027832701802253723 0.015665307641029358 -0.014769159257411957 -0.0004978341166861355 -0.011309665627777576 0.04276830703020096 0.015469706617295742 -0.0337618850171566 -0.018025223165750504 0.019476624205708504 0.014125445857644081 0.03236230090260506 -0.03960142657160759 -0.008987955749034882 -0.004926960449665785 0.023291176185011864 -0.01676168479025364 0.018087631091475487 0.0278177447617054 -0.00651589035987854 -0.0015014179516583681 0.04038989171385765 -0.030214151367545128 -0.0023706015199422836 0.00731649249792099 -0.011695175431668758 0.02094615064561367 -0.028357146307826042 0.00815111305564642 0.017945118248462677 -0.001277473522350192 0.02010241523385048 -0.00694994954392314 -0.0220013540238142 -0.01133023016154766 0.030614284798502922 0.002918531419709325 -0.005079945083707571 -0.007192609366029501 -0.03176301345229149 -0.0069925845600664616 -0.0077860974706709385 0.001874362351372838 -0.01731797121465206 0.010387657210230827 -0.02825343608856201 0.029854271560907364 0.01114590186625719 -0.02314324490725994 -0.0005456868675537407 0.03270607814192772 -0.0051848250441253185 0.028477812185883522 0.008554164320230484 -0.015655921772122383 0.008266327902674675 -0.02107468619942665 0.034602805972099304 0.027093399316072464 0.04953461512923241 -0.016439493745565414 -0.03510507196187973 0.027764037251472473 0.023904208093881607 -0.01363135315477848 0.0229957178235054 0.019981706514954567 0.007808943744748831 0.012738825753331184 -0.01940094493329525 0.014890751801431179 0.033743321895599365 0.012677274644374847 0.015184533782303333 4.1765961213968694e-05 0.037850186228752136 -0.03571392968297005 0.024248712101674685 0.05384440715519509 0.11159496761798783 0.23650143534238038 0.35239219063422217 0.5160493685897217 0.7100785564814044 0.8221226903210719 0.9308540902849014 -0.9972437 -0.85476494 -0.69798374 -0.5286646 -0.3662802 -0.51777923 -0.6370884 -0.71343917 -0.9924811 -1.0654191 -0.84946895 -0.6141675 -0.3178209 -0.04818991 -0.29499415 -0.5085371 -0.6295905 -1.0181894
0 400 0.02638181485235691 0.0013399450108408928 0.021125344559550285 -0.018849067389965057 -0.015492326579988003 -0.0328933447599411 -9.053945541381836e-05 0.029965145513415337 9.685796976555139e-05 -0.0010299260029569268 -0.02869988977909088 0.025319525972008705 -0.02148524299263954 0.014104829169809818 0.003287028055638075 -0.012677661143243313 -0.03708856925368309 -0.011989476159214973 0.041749052703380585 0.023497963324189186 -0.022153738886117935 -0.0007467512041330338 -0.016964498907327652 0.06415246427059174 0.023204559460282326 -0.05064282566308975 -0.027037834748625755 0.02921493723988533 0.021188169717788696 0.048543453216552734 -0.059402141720056534 -0.013481934554874897 -0.007390440907329321 0.03493676707148552 -0.025142528116703033 0.027131447568535805 0.04172661900520325 -0.00977383553981781 -0.002252127043902874 0.06058483570814133 -0.045321229845285416 -0.003555902512744069 0.010974738746881485 -0.01754276268184185 0.03141922876238823 -0.04253571853041649 0.012226669117808342 0.026917679235339165 -0.001916210283525288 0.03015362285077572 -0.010424924083054066 -0.033002033829689026 -0.016995346173644066 0.04592142626643181 0.004377797245979309 -0.007619917392730713 -0.010788914747536182 -0.047644518315792084 -0.010488877072930336 -0.011679146438837051 0.002811543643474579 -0.025976957753300667 0.015581485815346241 -0.04238015413284302 0.044781409204006195 0.016718853265047073 -0.034714870154857635 -0.0008185303304344416 0.04905911907553673 -0.0077772377990186214 0.04271671921014786 0.0128312474116683 -0.02348388358950615 0.012399491854012012 -0.031612031161785126 0.051904212683439255 0.040640100836753845 0.07430192828178406 -0.02465924061834812 -0.052657607942819595 0.04164605587720871 0.03585631400346756 -0.020447030663490295 0.0344935767352581 0.029972560703754425 0.011713416315615177 0.01910823956131935 -0.0291014164686203 0.02233612723648548 0.050614986568689346 0.01901591196656227 0.022776801139116287 6.264894182095304e-05 0.0567752830684185 -0.05357089638710022 0.05286566600415857 0.1482551415426466 0.2713029151112404 0.5160493685897217 0.6697988752857498 0.7699135763977834 0.8720144062181098 0.933190838664154 0.9813474637281756 -0.9360839 -0.841592 -0.66169274 -0.51777923 -0.3297592 -0.45929492 -0.5756982 -0.7238664 -1.0052651 -0.9873158 -0.73863924 -0.5075972 -0.29499415 0.0035268366 -0.22583786 -0.43851158 -0.67895615 -1.0839833
1 400 0.02638181485235691 0.0013399450108408928 0.021125344559550285 -0.018849067389965057 -0.015492326579988003 -0.0328933447599411 -9.053945541381836e-05 0.029965145513415337 9.685796976555139e-05 -0.0010299260029569268 -0.02869988977909088 0.025319525972008705 -0.02148524299263954 0.014104829169809818 0.003287028055638075 -0.012677661143243313 -0.03708856925368309 -0.011989476159214973 0.041749052703380585 0.023497963324189186 -0.022153738886117935 -0.0007467512041330338 -0.016964498907327652 0.06415246427059174 0.023204559460282326 -0.05064282566308975 -0.027037834748625755 0.02921493723988533 0.021188169717788696 0.048543453216552734 -0.059402141720056534 -0.013481934554874897 -0.007390440907329321 0.03493676707148552 -0.025142528116703033 0.027131447568535805 0.04172661900520325 -0.00977383553981781 -0.002252127043902874 0.06058483570814133 -0.045321229845285416 -0.003555902512744069 0.010974738746881485 -0.01754276268184185 0.03141922876238823 -0.04253571853041649 0.012226669117808342 0.026917679235339165 -0.001916210283525288 0.03015362285077572 -0.010424924083054066 -0.033002033829689026 -0.016995346173644066 0.04592142626643181 0.004377797245979309 -0.007619917392730713 -0.010788914747536182 -0.047644518315792084 -0.010488877072930336 -0.011679146438837051 0.002811543643474579 -0.025976957753300667 0.015581485815346241 -0.04238015413284302 0.044781409204006195 0.016718853265047073 -0.034714870154857635 -0.0008185303304344416 0.04905911907553673 -0.0077772377990186214 0.04271671921014786 0.0128312474116683 -0.02348388358950615 0.012399491854012012 -0.031612031161785126 0.051904212683439255 0.040640100836753845 0.07430192828178406 -0.02465924061834812 -0.052657607942819595 0.04164605587720871 0.03585631400346756 -0.020447030663490295 0.0344935767352581 0.029972560703754425 0.011713416315615177 0.01910823956131935 -0.0291014164686203 0.02233612723648548 0.050614986568689346 0.01901591196656227 0.022776801139116287 6.264894182095304e-05 0.0567752830684185 -0.05357089638710022 0.04513896541843909 0.07783338834843286 0.16069499802000106 0.3202521027523956 0.5093358260726008 0.5614402562573496 0.8327889358685822 0.8850245197219929 0.9712573899206981 -1.0216539 -0.9907276 -0.8709041 -0.6673225 -0.58447206 -0.6319643 -0.8611482 -0.9014559 -1.0972369 -1.0910147 -0.94221747 -0.7770523 -0.52563787 -0.16213971 -0.46863556 -0.76290214 -0.92132246 -1.1906875
2 400 0.02638181485235691 0.0013399450108408928 0.021125344559550285 -0.018849067389965057 -0.015492326579988003 -0.0328933447599411 -9.053945541381836e-05 0.029965145513415337 9.685796976555139e-05 -0.0010299260029569268 -0.02869988977909088 0.025319525972008705 -0.02148524299263954 0.014104829169809818 0.003287028055638075 -0.012677661143243313 -0.03708856925368309 -0.011989476159214973 0.041749052703380585 0.023497963324189186 -0.022153738886117935 -0.0007467512041330338 -0.016964498907327652 0.06415246427059174 0.023204559460282326 -0.05064282566308975 -0.027037834748625755 0.02921493723988533 0.021188169717788696 0.048543453216552734 -0.059402141720056534 -0.013481934554874897 -0.007390440907329321 0.03493676707148552 -0.025142528116703033 0.027131447568535805 0.04172661900520325 -0.00977383553981781 -0.002252127043902874 0.06058483570814133 -0.045321229845285416 -0.003555902512744069 0.010974738746881485 -0.01754276268184185 0.03141922876238823 -0.04253571853041649 0.012226669117808342 0.026917679235339165 -0.001916210283525288 0.03015362285077572 -0.010424924083054066 -0.033002033829689026 -0.016995346173644066 0.04592142626643181 0.004377797245979309 -0.007619917392730713 -0.010788914747536182 -0.047644518315792084 -0.010488877072930336 -0.011679146438837051 0.002811543643474579 -0.025976957753300667 0.015581485815346241 -0.04238015413284302 0.044781409204006195 0.016718853265047073 -0.034714870154857635 -0.0008185303304344416 0.04905911907553673 -0.0077772377990186214 0.04271671921014786 0.0128312474116683 -0.02348388358950615 0.012399491854012012 -0.031612031161785126 0.051904212683439255 0.040640100836753845 0.07430192828178406 -0.02465924061834812 -0.052657607942819595 0.04164605587720871 0.03585631400346756 -0.020447030663490295 0.0344935767352581 0.029972560703754425 0.011713416315615177 0.01910823956131935 -0.0291014164686203 0.02233612723648548 0.050614986568689346 0.01901591196656227 0.022776801139116287 6.264894182095304e-05 0.0567752830684185 -0.05357089638710022 0.024731767628332887 0.053968288607149834 0.1112869356166038 0.2366229436761996 0.351682598351949 0.5160493685897217 0.7124998887861321 0.8217766791725128 0.9312082055831699 -0.99499774 -0.85450184 -0.6987516 -0.5286587 -0.36557966 -0.51777923 -0.6376188 -0.7137159 -0.9943681 -1.0613784 -0.84896195 -0.61524177 -0.31780848 -0.047048673 -0.29499415 -0.50941634 -0.62983024 -1.020901
0 400 0.03517575189471245 0.001786593347787857 0.028167126700282097 -0.025132089853286743 -0.020656434819102287 -0.043857794255018234 -0.00012071926903445274 0.039953526109457016 0.00012914395483676344 -0.0013732346706092358 -0.03826652094721794 0.03375936672091484 -0.028646990656852722 0.018806438893079758 0.004382703918963671 -0.016903547570109367 -0.049451421946287155 -0.015985967591404915 0.055665403604507446 0.031330615282058716 -0.029538318514823914 -0.000995668233372271 -0.022619331255555153 0.08553661406040192 0.030939413234591484 -0.0675237700343132 -0.03605044633150101 0.03895324841141701 0.028250891715288162 0.06472460180521011 -0.07920285314321518 -0.017975911498069763 -0.00985392089933157 0.04658235237002373 -0.03352336958050728 0.036175262182950974 0.0556354895234108 -0.01303178071975708 -0.0030028359033167362 0.0807797834277153 -0.060428302735090256 -0.004741203039884567 0.01463298499584198 -0.023390350863337517 0.04189230129122734 -0.056714292615652084 0.01630222611129284 0.035890236496925354 -0.002554947044700384 0.04020483046770096 -0.01389989908784628 -0.0440027080476284 -0.02266046032309532 0.061228569597005844 0.00583706283941865 -0.010159890167415142 -0.014385218732059002 -0.06352602690458298 -0.013985169120132923 -0.015572194941341877 0.003748724702745676 -0.03463594242930412 0.020775314420461655 -0.05650687217712402 0.05970854312181473 0.02229180373251438 -0.04628648981451988 -0.0010913737351074815 0.06541215628385544 -0.010369650088250637 0.056955624371767044 0.017108328640460968 -0.031311843544244766 0.01653265580534935 -0.0421493723988533 0.06920561194419861 0.05418679863214493 0.09906923025846481 -0.03287898749113083 -0.07021014392375946 0.055528074502944946 0.047808416187763214 -0.02726270630955696 0.0459914356470108 0.039963413029909134 0.015617887489497662 0.02547765150666237 -0.0388018898665905 0.029781503602862358 0.06748664379119873 0.025354549288749695 0.030369067564606667 8.353192242793739e-05 0.07570037245750427 -0.0714278593659401 0.053963772527663115 0.1487928678821484 0.2686136263438994 0.5160493685897217 0.6696752368386332 0.7696996319922449 0.8742946393627293 0.9335959688560691 0.9814775660700811 -0.9338818 -0.84275866 -0.66238624 -0.51777923 -0.33032984 -0.45946386 -0.58126926 -0.72221994 -1.0064621 -0.9831344 -0.7401649 -0.5082464 -0.29499415 0.0025858283 -0.2260903 -0.4466709 -0.6767403 -1.0858333
1 400 0.03517575189471245 0.001786593347787857 0.028167126700282097 -0.025132089853286743 -0.020656434819102287 -0.043857794255018234 -0.00012071926903445274 0.039953526109457016 0.00012914395483676344 -0.0013732346706092358 -0.03826652094721794 0.03375936672091484 -0.028646990656852722 0.018806438893079758 0.004382703918963671 -0.016903547570109367 -0.049451421946287155 -0.015985967591404915 0.055665403604507446 0.031330615282058716 -0.029538318514823914 -0.000995668233372271 -0.022619331255555153 0.08553661406040192 0.030939413234591484 -0.0675237700343132 -0.03605044633150101 0.03895324841141701 0.028250891715288162 0.06472460180521011 -0.07920285314321518 -0.017975911498069763 -0.00985392089933157 0.04658235237002373 -0.03352336958050728 0.036175262182950974 0.0556354895234108 -0.01303178071975708 -0.0030028359033167362 0.0807797834277153 -0.060428302735090256 -0.004741203039884567 0.01463298499584198 -0.023390350863337517 0.04189230129122734 -0.056714292615652084 0.01630222611129284 0.035890236496925354 -0.002554947044700384 0.04020483046770096 -0.01389989908784628 -0.0440027080476284 -0.02266046032309532 0.061228569597005844 0.00583706283941865 -0.010159890167415142 -0.014385218732059002 -0.06352602690458298 -0.013985169120132923 -0.015572194941341877 0.003748724702745676 -0.03463594242930412 0.020775314420461655 -0.05650687217712402 0.05970854312181473 0.02229180373251438 -0.04628648981451988 -0.0010913737351074815 0.06541215628385544 -0.010369650088250637 0.056955624371767044 0.017108328640460968 -0.031311843544244766 0.01653265580534935 -0.0421493723988533 0.06920561194419861 0.05418679863214493 0.09906923025846481 -0.03287898749113083 -0.07021014392375946 0.055528074502944946 0.047808416187763214 -0.02726270630955696 0.0459914356470108 0.039963413029909134 0.015617887489497662 0.02547765150666237 -0.0388018898665905 0.029781503602862358 0.06748664379119873 0.025354549288749695 0.030369067564606667 8.353192242793739e-05 0.07570037245750427 -0.0714278593659401 0.046604732422000174 0.0781932428485214 0.16059662567831268 0.32043800103962905 0.5113413639846893 0.5526325766665304 0.8347647242781169 0.8834162287795841 0.9714249978756504 -1.0190477 -0.9917934 -0.8737639 -0.6659924 -0.58955437 -0.6289712 -0.86350286 -0.90316606 -1.1004187 -1.0853907 -0.9436039 -0.7808676 -0.52366817 -0.15954652 -0.46311155 -0.7669265 -0.9233426 -1.1951424
2 400 0.03517575189471245 0.001786593347787857 0.028167126700282097 -0.025132089853286743 -0.020656434819102287 -0.043857794255018234 -0.00012071926903445274 0.039953526109457016 0.00012914395483676344 -0.0013732346706092358 -0.03826652094721794 0.03375936672091484 -0.028646990656852722 0.018806438893079758 0.004382703918963671 -0.016903547570109367 -0.049451421946287155 -0.015985967591404915 0.055665403604507446 0.031330615282058716 -0.029538318514823914 -0.000995668233372271 -0.022619331255555153 0.08553661406040192 0.030939413234591484 -0.0675237700343132 -0.03605044633150101 0.03895324841141701 0.028250891715288162 0.06472460180521011 -0.07920285314321518 -0.017975911498069763 -0.00985392089933157 0.04658235237002373 -0.03352336958050728 0.036175262182950974 0.0556354895234108 -0.01303178071975708 -0.0030028359033167362 0.0807797834277153 -0.060428302735090256 -0.004741203039884567 0.01463298499584198 -0.023390350863337517 0.04189230129122734 -0.056714292615652084 0.01630222611129284 0.035890236496925354 -0.002554947044700384 0.04020483046770096 -0.01389989908784628 -0.0440027080476284 -0.02266046032309532 0.061228569597005844 0.00583706283941865 -0.010159890167415142 -0.014385218732059002 -0.06352602690458298 -0.013985169120132923 -0.015572194941341877 0.003748724702745676 -0.03463594242930412 0.020775314420461655 -0.05650687217712402 0.05970854312181473 0.02229180373251438 -0.04628648981451988 -0.0010913737351074815 0.06541215628385544 -0.010369650088250637 0.056955624371767044 0.017108328640460968 -0.031311843544244766 0.01653265580534935 -0.0421493723988533 0.06920561194419861 0.05418679863214493 0.09906923025846481 -0.03287898749113083 -0.07021014392375946 0.055528074502944946 0.047808416187763214 -0.02726270630955696 0.0459914356470108 0.039963413029909134 0.015617887489497662 0.02547765150666237 -0.0388018898665905 0.029781503602862358 0.06748664379119873 0.025354549288749695 0.030369067564606667 8.353192242793739e-05 0.07570037245750427 -0.0714278593659401 0.02523885758122737 0.05410820505776232 0.11095776968720113 0.23673186951002764 0.3509711590229283 0.5160493685897217 0.714896115665353 0.8216244742114267 0.9315340259112012 -0.992662 -0.8541815 -0.6995743 -0.5286534 -0.3648767 -0.51777923 -0.63808036 -0.7140369 -0.99624205 -1.0571682 -0.8483671 -0.61639273 -0.31779736 -0.04590346 -0.29499415 -0.5101982 -0.6301515 -1.0235801
0 400 0.043969690799713135 0.0022332416847348213 0.03520890697836876 -0.03141511231660843 -0.025820543989539146 -0.05482224002480507 -0.0001508990826550871 0.049941908568143845 0.0001614299399079755 -0.0017165433382615447 -0.0478331483900547 0.042199209332466125 -0.0358087383210659 0.023508047685027122 0.005478379782289267 -0.021129434928297997 -0.06181427836418152 -0.019982459023594856 0.06958175450563431 0.039163269102573395 -0.03692289814352989 -0.0012445852626115084 -0.028274163603782654 0.1069207638502121 0.03867426514625549 -0.08440470695495605 -0.04506305605173111 0.048691559582948685 0.03531361371278763 0.08090575039386749 -0.09900356829166412 -0.022469889372587204 -0.012317401356995106 0.058227941393852234 -0.04190421104431152 0.04521907866001129 0.06954436004161835 -0.01628972589969635 -0.0037535447627305984 0.10097472369670868 -0.0755353793501854 -0.005926503799855709 0.018291231244802475 -0.029237937182188034 0.05236537754535675 -0.07089286297559738 0.020377781242132187 0.04486279562115669 -0.0031936836894601583 0.05025603622198105 -0.017374873161315918 -0.05500338599085808 -0.028325574472546577 0.07653570920228958 0.00729632843285799 -0.012699862010776997 -0.017981523647904396 -0.07940752804279327 -0.01748146116733551 -0.019465243443846703 0.004685905762016773 -0.04329492896795273 0.025969142094254494 -0.07063359022140503 0.07463567703962326 0.02786475419998169 -0.05785811319947243 -0.0013642171397805214 0.08176519721746445 -0.01296206284314394 0.07119452953338623 0.02138541080057621 -0.03913980349898338 0.020665818825364113 -0.05268671363592148 0.08650701493024826 0.06773349642753601 0.12383653968572617 -0.04109873250126839 -0.08776267617940903 0.06941009312868118 0.05976051837205887 -0.03407838195562363 0.057489294558763504 0.04995426535606384 0.01952235959470272 0.031847063452005386 -0.0485023595392704 0.037226878106594086 0.08435830473899841 0.03169318661093712 0.037961333990097046 0.00010441490303492174 0.09462546557188034 -0.08928482234477997 0.05501474613623528 0.14930571821524466 0.26595667173452625 0.5160493685897217 0.6635539057734735 0.7694855241166877 0.8773475474321841 0.9340877798483053 0.9816040846932643 -0.9318397 -0.8439808 -0.66307265 -0.51777923 -0.33058706 -0.4596328 -0.58878326 -0.7206702 -1.0076207 -0.97923434 -0.74176604 -0.5088854 -0.29499415 0.0028471947 -0.22634275 -0.45768663 -0.6747122 -1.0876268
1 400 0.043969690799713135 0.0022332416847348213 0.03520890697836876 -0.03141511231660843 -0.025820543989539146 -0.05482224002480507 -0.0001508990826550871 0.049941908568143845 0.0001614299399079755 -0.0017165433382615447 -0.0478331483900547 0.042199209332466125 -0.0358087383210659 0.023508047685027122 0.005478379782289267 -0.021129434928297997 -0.06181427836418152 -0.019982459023594856 0.06958175450563431 0.039163269102573395 -0.03692289814352989 -0.0012445852626115084 -0.028274163603782654 0.1069207638502121 0.03867426514625549 -0.08440470695495605 -0.04506305605173111 0.048691559582948685 0.03531361371278763 0.08090575039386749 -0.09900356829166412 -0.022469889372587204 -0.012317401356995106 0.058227941393852234 -0.04190421104431152 0.04521907866001129 0.06954436004161835 -0.01628972589969635 -0.0037535447627305984 0.10097472369670868 -0.0755353793501854 -0.005926503799855709 0.018291231244802475 -0.029237937182188034 0.05236537754535675 -0.07089286297559738 0.020377781242132187 0.04486279562115669 -0.0031936836894601583 0.05025603622198105 -0.017374873161315918 -0.05500338599085808 -0.028325574472546577 0.07653570920228958 0.00729632843285799 -0.012699862010776997 -0.017981523647904396 -0.07940752804279327 -0.01748146116733551 -0.019465243443846703 0.004685905762016773 -0.04329492896795273 0.025969142094254494 -0.07063359022140503 0.07463567703962326 0.02786475419998169 -0.05785811319947243 -0.0013642171397805214 0.08176519721746445 -0.01296206284314394 0.07119452953338623 0.02138541080057621 -0.03913980349898338 0.020665818825364113 -0.05268671363592148 0.08650701493024826 0.06773349642753601 0.12383653968572617 -0.04109873250126839 -0.08776267617940903 0.06941009312868118 0.05976051837205887 -0.03407838195562363 0.057489294558763504 0.04995426535606384 0.01952235959470272 0.031847063452005386 -0.0485023595392704 0.037226878106594086 0.08435830473899841 0.03169318661093712 0.037961333990097046 0.00010441490303492174 0.09462546557188034 -0.08928482234477997 0.04810331172687043 0.07856209641976106 0.1605250080907313 0.32068194334463845 0.5133118369495137 0.5436039998396782 0.8371744376714765 0.8814978945294282 0.9716530042783156 -1.0164471 -0.99323416 -0.8764948 -0.66467357 -0.59455866 -0.62522894 -0.8661443 -0.9045981 -1.104574 -1.0797957 -0.94548905 -0.7845098 -0.52172565 -0.15698148 -0.4564622 -0.7716166 -0.9248662 -1.2009737
2 400 0.043969690799713135 0.0022332416847348213 0.03520890697836876 -0.03141511231660843 -0.025820543989539146 -0.05482224002480507 -0.0001508990826550871 0.049941908568143845 0.0001614299399079755 -0.0017165433382615447 -0.0478331483900547 0.042199209332466125 -0.0358087383210659 0.023508047685027122 0.005478379782289267 -0.021129434928297997 -0.06181427836418152 -0.019982459023594856 0.06958175450563431 0.039163269102573395 -0.03692289814352989 -0.0012445852626115084 -0.028274163603782654 0.1069207638502121 0.03867426514625549 -0.08440470695495605 -0.04506305605173111 0.048691559582948685 0.03531361371278763 0.08090575039386749 -0.09900356829166412 -0.022469889372587204 -0.012317401356995106 0.058227941393852234 -0.04190421104431152 0.04521907866001129 0.06954436004161835 -0.01628972589969635 -0.0037535447627305984 0.10097472369670868 -0.0755353793501854 -0.005926503799855709 0.018291231244802475 -0.029237937182188034 0.05236537754535675 -0.07089286297559738 0.020377781242132187 0.04486279562115669 -0.0031936836894601583 0.05025603622198105 -0.017374873161315918 -0.05500338599085808 -0.028325574472546577 0.07653570920228958 0.00729632843285799 -0.012699862010776997 -0.017981523647904396 -0.07940752804279327 -0.01748146116733551 -0.019465243443846703 0.004685905762016773 -0.04329492896795273 0.025969142094254494 -0.07063359022140503 0.07463567703962326 0.02786475419998169 -0.05785811319947243 -0.0013642171397805214 0.08176519721746445 -0.01296206284314394 0.07119452953338623 0.02138541080057621 -0.03913980349898338 0.020665818825364113 -0.05268671363592148 0.08650701493024826 0.06773349642753601 0.12383653968572617 -0.04109873250126839 -0.08776267617940903 0.06941009312868118 0.05976051837205887 -0.03407838195562363 0.057489294558763504 0.04995426535606384 0.01952235959470272 0.031847063452005386 -0.0485023595392704 0.037226878106594086 0.08435830473899841 0.03169318661093712 0.037961333990097046 0.00010441490303492174 0.09462546557188034 -0.08928482234477997 0.025727496831465777 0.05420987632875656 0.11065127882924342 0.23685348105052548 0.35026288480873247 0.5160493685897217 0.7172803006783891 0.821277696226523 0.9318890987931366 -0.99050367 -0.8540281 -0.7003422 -0.5286475 -0.36417615 -0.51777923 -0.63854206 -0.7143136 -0.9983053 -1.0532637 -0.8480135 -0.61746705 -0.31778494 -0.044762224 -0.29499415 -0.51098007 -0.6303913 -1.0265288
0 400 0.05276362970471382 0.0026798900216817856 0.04225068911910057 -0.037698134779930115 -0.030984653159976006 -0.0657866895198822 -0.00018107891082763672 0.05993029102683067 0.00019371593953110278 -0.0020598520059138536 -0.05739977955818176 0.05063905194401741 -0.04297048598527908 0.028209658339619637 0.00657405611127615 -0.025355322286486626 -0.07417713850736618 -0.023978952318429947 0.08349810540676117 0.04699592664837837 -0.04430747777223587 -0.0014935024082660675 -0.033928997814655304 0.12830492854118347 0.04640911892056465 -0.1012856513261795 -0.05407566949725151 0.05842987447977066 0.04237633943557739 0.09708690643310547 -0.11880428344011307 -0.026963869109749794 -0.014780881814658642 0.06987353414297104 -0.05028505623340607 0.05426289513707161 0.0834532380104065 -0.01954767107963562 -0.004504254087805748 0.12116967141628265 -0.09064245969057083 -0.007111805025488138 0.02194947749376297 -0.0350855253636837 0.06283845752477646 -0.08507143706083298 0.024453338235616684 0.05383535847067833 -0.003832420567050576 0.06030724570155144 -0.02084984816610813 -0.06600406765937805 -0.03399069234728813 0.09184285253286362 0.008755594491958618 -0.015239834785461426 -0.021577829495072365 -0.09528903663158417 -0.020977754145860672 -0.023358292877674103 0.005623087286949158 -0.051953915506601334 0.031162971630692482 -0.08476030826568604 0.08956281840801239 0.03343770653009415 -0.06942974030971527 -0.0016370606608688831 0.09811823815107346 -0.015554475598037243 0.08543343842029572 0.0256624948233366 -0.0469677671790123 0.024798983708024025 -0.06322406232357025 0.10380842536687851 0.08128020167350769 0.14860385656356812 -0.04931848123669624 -0.10531521588563919 0.08329211175441742 0.07171262800693512 -0.04089406132698059 0.0689871534705162 0.05994512140750885 0.023426832631230354 0.0382164791226387 -0.0582028329372406 0.04467225447297096 0.10122997313737869 0.03803182393312454 0.045553602278232574 0.00012529788364190608 0.113550566136837 -0.10714179277420044 0.056160141582925295 0.14989042424706783 0.26331653205997985 0.5160493685897217 0.6569750551228142 0.7693070037194004 0.8793509658918608 0.9344878466308347 0.9817297526971236 -0.9296177 -0.8451396 -0.66375905 -0.51777923 -0.33096188 -0.45977363 -0.59793895 -0.7190237 -1.0087793 -0.9750235 -0.7432791 -0.5095243 -0.29499415 0.0029565692 -0.22655311 -0.46977836 -0.6724964 -1.0894202
1 400 0.05276362970471382 0.0026798900216817856 0.04225068911910057 -0.037698134779930115 -0.030984653159976006 -0.0657866895198822 -0.00018107891082763672 0.05993029102683067 0.00019371593953110278 -0.0020598520059138536 -0.05739977955818176 0.05063905194401741 -0.04297048598527908 0.028209658339619637 0.00657405611127615 -0.025355322286486626 -0.07417713850736618 -0.023978952318429947 0.08349810540676117 0.04699592664837837 -0.04430747777223587 -0.0014935024082660675 -0.033928997814655304 0.12830492854118347 0.04640911892056465 -0.1012856513261795 -0.05407566949725151 0.05842987447977066 0.04237633943557739 0.09708690643310547 -0.11880428344011307 -0.026963869109749794 -0.014780881814658642 0.06987353414297104 -0.05028505623340607 0.05426289513707161 0.0834532380104065 -0.01954767107963562 -0.004504254087805748 0.12116967141628265 -0.09064245969057083 -0.007111805025488138 0.02194947749376297 -0.0350855253636837 0.06283845752477646 -0.08507143706083298 0.024453338235616684 0.05383535847067833 -0.003832420567050576 0.06030724570155144 -0.02084984816610813 -0.06600406765937805 -0.03399069234728813 0.09184285253286362 0.008755594491958618 -0.015239834785461426 -0.021577829495072365 -0.09528903663158417 -0.020977754145860672 -0.023358292877674103 0.005623087286949158 -0.051953915506601334 0.031162971630692482 -0.08476030826568604 0.08956281840801239 0.03343770653009415 -0.06942974030971527 -0.0016370606608688831 0.09811823815107346 -0.015554475598037243 0.08543343842029572 0.0256624948233366 -0.0469677671790123 0.024798983708024025 -0.06322406232357025 0.10380842536687851 0.08128020167350769 0.14860385656356812 -0.04931848123669624 -0.10531521588563919 0.08329211175441742 0.07171262800693512 -0.04089406132698059 0.0689871534705162 0.05994512140750885 0.023426832631230354 0.0382164791226387 -0.0582028329372406 0.04467225447297096 0.10122997313737869 0.03803182393312454 0.045553602278232574 0.00012529788364190608 0.113550566136837 -0.10714179277420044 0.04961855865529587 0.07894082863267306 0.16043154410939522 0.32085653458749513 0.515336634861004 0.5342279283071976 0.8395982506284614 0.8777067857783721 0.9718742404218872 -1.0139272 -0.995875 -0.8793679 -0.6634216 -0.59974325 -0.6214716 -0.868688 -0.9029131 -1.108655 -1.0743386 -0.9489726 -0.7883425 -0.5198581 -0.15427533 -0.4497503 -0.77621305 -0.92126226 -1.2066997
2 400 0.05276362970471382 0.0026798900216817856 0.04225068911910057 -0.037698134779930115 -0.030984653159976006 -0.0657866895198822 -0.00018107891082763672 0.05993029102683067 0.00019371593953110278 -0.0020598520059138536 -0.05739977955818176 0.05063905194401741 -0.04297048598527908 0.028209658339619637 0.00657405611127615 -0.025355322286486626 -0.07417713850736618 -0.023978952318429947 0.08349810540676117 0.04699592664837837 -0.04430747777223587 -0.0014935024082660675 -0.033928997814655304 0.12830492854118347 0.04640911892056465 -0.1012856513261795 -0.05407566949725151 0.05842987447977066 0.04237633943557739 0.09708690643310547 -0.11880428344011307 -0.026963869109749794 -0.014780881814658642 0.06987353414297104 -0.05028505623340607 0.05426289513707161 0.0834532380104065 -0.01954767107963562 -0.004504254087805748 0.12116967141628265 -0.09064245969057083 -0.007111805025488138 0.02194947749376297 -0.0350855253636837 0.06283845752477646 -0.08507143706083298 0.024453338235616684 0.05383535847067833 -0.003832420567050576 0.06030724570155144 -0.02084984816610813 -0.06600406765937805 -0.03399069234728813 0.09184285253286362 0.008755594491958618 -0.015239834785461426 -0.021577829495072365 -0.09528903663158417 -0.020977754145860672 -0.023358292877674103 0.005623087286949158 -0.051953915506601334 0.031162971630692482 -0.08476030826568604 0.08956281840801239 0.03343770653009415 -0.06942974030971527 -0.0016370606608688831 0.09811823815107346 -0.015554475598037243 0.08543343842029572 0.0256624948233366 -0.0469677671790123 0.024798983708024025 -0.06322406232357025 0.10380842536687851 0.08128020167350769 0.14860385656356812 -0.04931848123669624 -0.10531521588563919 0.08329211175441742 0.07171262800693512 -0.04089406132698059 0.0689871534705162 0.05994512140750885 0.023426832631230354 0.0382164791226387 -0.0582028329372406 0.04467225447297096 0.10122997313737869 0.03803182393312454 0.045553602278232574 0.00012529788364190608 0.113550566136837 -0.10714179277420044 0.026254461683082216 0.05433455180378674 0.11032375597543699 0.23694299482260023 0.3495751332241872 0.5160493685897217 0.7196523185089453 0.821125093300404 0.9322535725131876 -0.98816794 -0.853765 -0.70116484 -0.5286431 -0.3634953 -0.51777923 -0.63900346 -0.71463466 -1.0013157 -1.0490537 -0.8475065 -0.618618 -0.3177758 -0.0436531 -0.29499415 -0.5117616 -0.6307126 -1.0307457
0 400 0.06155756488442421 0.00312653835862875 0.049292467534542084 -0.0439811572432518 -0.036148760467767715 -0.07675113528966904 -0.00021125870989635587 0.0699186697602272 0.0002260019100503996 -0.0024031605571508408 -0.06696640700101852 0.0590788908302784 -0.050132233649492264 0.032911267131567 0.007669731508940458 -0.029581207782030106 -0.08653999119997025 -0.02797544188797474 0.09741445630788803 0.05482857674360275 -0.05169205740094185 -0.001742419321089983 -0.039583828300237656 0.14968906342983246 0.05414396896958351 -0.11816658824682236 -0.06308827549219131 0.06816818565130234 0.04943905770778656 0.11326804757118225 -0.138604998588562 -0.031457845121622086 -0.017244361340999603 0.08151911944150925 -0.05866589397192001 0.06330671161413193 0.09736210107803345 -0.02280561625957489 -0.005254962481558323 0.14136460423469543 -0.10574953258037567 -0.008297105319797993 0.025607723742723465 -0.04093310981988907 0.07331153005361557 -0.09925000369548798 0.028528893366456032 0.06280791014432907 -0.00447115721181035 0.07035844773054123 -0.024324821308255196 -0.07700473815202713 -0.03965580463409424 0.10714998841285706 0.010214859619736671 -0.01777980662882328 -0.025174133479595184 -0.11117053776979446 -0.024474045261740685 -0.027251340448856354 0.006560267880558968 -0.06061289831995964 0.03635679930448532 -0.09888702630996704 0.10448994487524033 0.039010655134916306 -0.08100135624408722 -0.0019099039491266012 0.11447127163410187 -0.01814688742160797 0.0996723398566246 0.029939575120806694 -0.05479572340846062 0.028932146728038788 -0.07376139611005783 0.12110982090234756 0.09482689201831818 0.17337115108966827 -0.0575382262468338 -0.12286774814128876 0.09717413038015366 0.08366472274065018 -0.04770973324775696 0.08048500865697861 0.06993597000837326 0.02733130380511284 0.04458588734269142 -0.0679033026099205 0.05211762711405754 0.11810162663459778 0.044370461255311966 0.053145866841077805 0.00014618085697293282 0.13247564435005188 -0.12499874830245972 0.05725132531170364 0.15039397928399584 0.26077196460647084 0.5160493685897217 0.6503591446520909 0.7691283898380454 0.8809152884471458 0.9348829295288614 0.9818572377758483 -0.9275756 -0.846309 -0.66442716 -0.51777923 -0.3313374 -0.45991442 -0.60753244 -0.7174095 -1.0099761 -0.97112334 -0.7448106 -0.510149 -0.29499415 0.0030621588 -0.22676349 -0.4820298 -0.6703265 -1.0912702
1 400 0.06155756488442421 0.00312653835862875 0.049292467534542084 -0.0439811572432518 -0.036148760467767715 -0.07675113528966904 -0.00021125870989635587 0.0699186697602272 0.0002260019100503996 -0.0024031605571508408 -0.06696640700101852 0.0590788908302784 -0.050132233649492264 0.032911267131567 0.007669731508940458 -0.029581207782030106 -0.08653999119997025 -0.02797544188797474 0.09741445630788803 0.05482857674360275 -0.05169205740094185 -0.001742419321089983 -0.039583828300237656 0.14968906342983246 0.05414396896958351 -0.11816658824682236 -0.06308827549219131 0.06816818565130234 0.04943905770778656 0.11326804757118225 -0.138604998588562 -0.031457845121622086 -0.017244361340999603 0.08151911944150925 -0.05866589397192001 0.06330671161413193 0.09736210107803345 -0.02280561625957489 -0.005254962481558323 0.14136460423469543 -0.10574953258037567 -0.008297105319797993 0.025607723742723465 -0.04093310981988907 0.07331153005361557 -0.09925000369548798 0.028528893366456032 0.06280791014432907 -0.00447115721181035 0.07035844773054123 -0.024324821308255196 -0.07700473815202713 -0.03965580463409424 0.10714998841285706 0.010214859619736671 -0.01777980662882328 -0.025174133479595184 -0.11117053776979446 -0.024474045261740685 -0.027251340448856354 0.006560267880558968 -0.06061289831995964 0.03635679930448532 -0.09888702630996704 0.10448994487524033 0.039010655134916306 -0.08100135624408722 -0.0019099039491266012 0.11447127163410187 -0.01814688742160797 0.0996723398566246 0.029939575120806694 -0.05479572340846062 0.028932146728038788 -0.07376139611005783 0.12110982090234756 0.09482689201831818 0.17337115108966827 -0.0575382262468338 -0.12286774814128876 0.09717413038015366 0.08366472274065018 -0.04770973324775696 0.08048500865697861 0.06993597000837326 0.02733130380511284 0.04458588734269142 -0.0679033026099205 0.05211762711405754 0.11810162663459778 0.044370461255311966 0.053145866841077805 0.00014618085697293282 0.13247564435005188 -0.12499874830245972 0.0512214940195119 0.07932477832657653 0.16035661582907115 0.32009153007924934 0.5173062250313233 0.5243683430620636 0.8419450129715172 0.8739564664639998 0.9720917296768121 -1.0113136 -0.99849653 -0.88210213 -0.6635282 -0.6047475 -0.6177662 -0.8713273 -0.9013543 -1.1126106 -1.0687076 -0.9524299 -0.7919892 -0.51964074 -0.15171027 -0.44305694 -0.7808962 -0.9178852 -1.2122558
2 400 0.06155756488442421 0.00312653835862875 0.049292467534542084 -0.0439811572432518 -0.036148760467767715 -0.07675113528966904 -0.00021125870989635587 0.0699186697602272 0.0002260019100503996 -0.0024031605571508408 -0.06696640700101852 0.0590788908302784 -0.050132233649492264 0.032911267131567 0.007669731508940458 -0.029581207782030106 -0.08653999119997025 -0.02797544188797474 0.09741445630788803 0.05482857674360275 -0.05169205740094185 -0.001742419321089983 -0.039583828300237656 0.14968906342983246 0.05414396896958351 -0.11816658824682236 -0.06308827549219131 0.06816818565130234 0.04943905770778656 0.11326804757118225 -0.138604998588562 -0.031457845121622086 -0.017244361340999603 0.08151911944150925 -0.05866589397192001 0.06330671161413193 0.09736210107803345 -0.02280561625957489 -0.005254962481558323 0.14136460423469543 -0.10574953258037567 -0.008297105319797993 0.025607723742723465 -0.04093310981988907 0.07331153005361557 -0.09925000369548798 0.028528893366456032 0.06280791014432907 -0.00447115721181035 0.07035844773054123 -0.024324821308255196 -0.07700473815202713 -0.03965580463409424 0.10714998841285706 0.010214859619736671 -0.01777980662882328 -0.025174133479595184 -0.11117053776979446 -0.024474045261740685 -0.027251340448856354 0.006560267880558968 -0.06061289831995964 0.03635679930448532 -0.09888702630996704 0.10448994487524033 0.039010655134916306 -0.08100135624408722 -0.0019099039491266012 0.11447127163410187 -0.01814688742160797 0.0996723398566246 0.029939575120806694 -0.05479572340846062 0.028932146728038788 -0.07376139611005783 0.12110982090234756 0.09482689201831818 0.17337115108966827 -0.0575382262468338 -0.12286774814128876 0.09717413038015366 0.08366472274065018 -0.04770973324775696 0.08048500865697861 0.06993597000837326 0.02733130380511284 0.04458588734269142 -0.0679033026099205 0.05211762711405754 0.11810162663459778 0.044370461255311966 0.053145866841077805 0.00014618085697293282 0.13247564435005188 -0.12499874830245972 0.026806079878731286 0.05447535746699895 0.1100188020413645 0.23706464924237786 0.3487603130549676 0.5160493685897217 0.7248143748233565 0.8209592901037145 0.9326954798332494 -0.9857446 -0.8534446 -0.70193267 -0.5286372 -0.3626879 -0.51777923 -0.6402441 -0.7139031 -1.0049917 -1.0447073 -0.8469118 -0.6196922 -0.31776336 -0.042337716 -0.29499415 -0.51357186 -0.62925756 -1.0358946
0 400 0.0703515037894249 0.003573186695575714 0.056334253400564194 -0.050264179706573486 -0.041312869638204575 -0.08771558851003647 -0.00024143853806890547 0.07990705221891403 0.0002582879096735269 -0.0027464693412184715 -0.07653304189443588 0.06751873344182968 -0.057293981313705444 0.037612877786159515 0.008765407837927341 -0.033807095140218735 -0.09890284389257431 -0.03197193518280983 0.11133080720901489 0.06266123056411743 -0.05907663702964783 -0.001991336466744542 -0.045238662511110306 0.17107322812080383 0.06187882646918297 -0.1350475400686264 -0.07210089266300201 0.07790649682283401 0.056501783430576324 0.12944920361042023 -0.15840570628643036 -0.035951822996139526 -0.01970784179866314 0.09316470474004745 -0.06704673916101456 0.07235052436590195 0.1112709790468216 -0.02606356143951416 -0.0060056718066334724 0.1615595668554306 -0.12085660547018051 -0.009482406079769135 0.02926596999168396 -0.046780701726675034 0.08378460258245468 -0.11342858523130417 0.03260445222258568 0.07178047299385071 -0.005109894089400768 0.08040966093540192 -0.02779979817569256 -0.0880054160952568 -0.04532092064619064 0.12245713919401169 0.0116741256788373 -0.020319780334830284 -0.028770437464118004 -0.12705205380916595 -0.027970338240265846 -0.031144389882683754 0.007497449405491352 -0.06927188485860825 0.04155062884092331 -0.11301374435424805 0.11941708624362946 0.04458360746502876 -0.09257297962903976 -0.002182747470214963 0.13082431256771088 -0.020739300176501274 0.11391124874353409 0.034216657280921936 -0.06262368708848953 0.0330653116106987 -0.0842987447977066 0.13841122388839722 0.10837359726428986 0.19813846051692963 -0.06575797498226166 -0.14042028784751892 0.11105614900588989 0.09561683237552643 -0.05452541261911392 0.0919828712940216 0.07992682605981827 0.031235774978995323 0.05095530301332474 -0.077603779733181 0.059563007205724716 0.13497328758239746 0.05070909857749939 0.06073813512921333 0.00016706384485587478 0.15140074491500854 -0.1428557187318802 0.058440406865115944 0.15093807294912193 0.25815004767182337 0.5160493685897217 0.6437207493462254 0.7689139124260173 0.8829377128276404 0.9352785095686771 0.9819998455529977 -0.9253536 -0.8474755 -0.66512066 -0.51777923 -0.3315869 -0.46008337 -0.6174095 -0.715763 -1.0119905 -0.9669125 -0.7463363 -0.5107983 -0.29499415 0.003374666 -0.22701593 -0.4950555 -0.66811067 -1.0942415
1 400 0.0703515037894249 0.003573186695575714 0.056334253400564194 -0.050264179706573486 -0.041312869638204575 -0.08771558851003647 -0.00024143853806890547 0.07990705221891403 0.0002582879096735269 -0.0027464693412184715 -0.07653304189443588 0.06751873344182968 -0.057293981313705444 0.037612877786159515 0.008765407837927341 -0.033807095140218735 -0.09890284389257431 -0.03197193518280983 0.11133080720901489 0.06266123056411743 -0.05907663702964783 -0.001991336466744542 -0.045238662511110306 0.17107322812080383 0.06187882646918297 -0.1350475400686264 -0.07210089266300201 0.07790649682283401 0.056501783430576324 0.12944920361042023 -0.15840570628643036 -0.035951822996139526 -0.01970784179866314 0.09316470474004745 -0.06704673916101456 0.07235052436590195 0.1112709790468216 -0.02606356143951416 -0.0060056718066334724 0.1615595668554306 -0.12085660547018051 -0.009482406079769135 0.02926596999168396 -0.046780701726675034 0.08378460258245468 -0.11342858523130417 0.03260445222258568 0.07178047299385071 -0.005109894089400768 0.08040966093540192 -0.02779979817569256 -0.0880054160952568 -0.04532092064619064 0.12245713919401169 0.0116741256788373 -0.020319780334830284 -0.028770437464118004 -0.12705205380916595 -0.027970338240265846 -0.031144389882683754 0.007497449405491352 -0.06927188485860825 0.04155062884092331 -0.11301374435424805 0.11941708624362946 0.04458360746502876 -0.09257297962903976 -0.002182747470214963 0.13082431256771088 -0.020739300176501274 0.11391124874353409 0.034216657280921936 -0.06262368708848953 0.0330653116106987 -0.0842987447977066 0.13841122388839722 0.10837359726428986 0.19813846051692963 -0.06575797498226166 -0.14042028784751892 0.11105614900588989 0.09561683237552643 -0.05452541261911392 0.0919828712940216 0.07992682605981827 0.031235774978995323 0.05095530301332474 -0.077603779733181 0.059563007205724716 0.13497328758239746 0.05070909857749939 0.06073813512921333 0.00016706384485587478 0.15140074491500854 -0.1428557187318802 0.05283418081917125 0.07971258417297251 0.16028508959149526 0.32052471151236883 0.5193099274919328 0.5143434585471856 0.8443095623142647 0.869918894472126 0.9708479347262032 -1.0089548 -1.0011275 -0.884833 -0.6635106 -0.6098298 -0.6140576 -0.87387025 -0.899791 -1.1071979 -1.0634104 -0.9558996 -0.7956314 -0.51963896 -0.1491171 -0.43634042 -0.785491 -0.91444874 -1.2034384
2 400 0.0703515037894249 0.003573186695575714 0.056334253400564194 -0.050264179706573486 -0.041312869638204575 -0.08771558851003647 -0.00024143853806890547 0.07990705221891403 0.0002582879096735269 -0.0027464693412184715 -0.07653304189443588 0.06751873344182968 -0.057293981313705444 0.037612877786159515 0.008765407837927341 -0.033807095140218735 -0.09890284389257431 -0.03197193518280983 0.11133080720901489 0.06266123056411743 -0.05907663702964783 -0.001991336466744542 -0.045238662511110306 0.17107322812080383 0.06187882646918297 -0.1350475400686264 -0.07210089266300201 0.07790649682283401 0.056501783430576324 0.12944920361042023 -0.15840570628643036 -0.035951822996139526 -0.01970784179866314 0.09316470474004745 -0.06704673916101456 0.07235052436590195 0.1112709790468216 -0.02606356143951416 -0.0060056718066334724 0.1615595668554306 -0.12085660547018051 -0.009482406079769135 0.02926596999168396 -0.046780701726675034 0.08378460258245468 -0.11342858523130417 0.03260445222258568 0.07178047299385071 -0.005109894089400768 0.08040966093540192 -0.02779979817569256 -0.0880054160952568 -0.04532092064619064 0.12245713919401169 0.0116741256788373 -0.020319780334830284 -0.028770437464118004 -0.12705205380916595 -0.027970338240265846 -0.031144389882683754 0.007497449405491352 -0.06927188485860825 0.04155062884092331 -0.11301374435424805 0.11941708624362946 0.04458360746502876 -0.09257297962903976 -0.002182747470214963 0.13082431256771088 -0.020739300176501274 0.11391124874353409 0.034216657280921936 -0.06262368708848953 0.0330653116106987 -0.0842987447977066 0.13841122388839722 0.10837359726428986 0.19813846051692963 -0.06575797498226166 -0.14042028784751892 0.11105614900588989 0.09561683237552643 -0.05452541261911392 0.0919828712940216 0.07992682605981827 0.031235774978995323 0.05095530301332474 -0.077603779733181 0.059563007205724716 0.13497328758239746 0.05070909857749939 0.06073813512921333 0.00016706384485587478 0.15140074491500854 -0.1428557187318802 0.027321183891565716 0.05460060456739356 0.1097146339296766 0.23618625917935784 0.3480602173559008 0.5160493685897217 0.7303212420951536 0.817438436135722 0.933198527365269 -0.9835941 -0.8531815 -0.70270056 -0.52867997 -0.36199343 -0.51777923 -0.64159733 -0.71095425 -1.0090165 -1.040821 -0.8464048 -0.62076646 -0.31785315 -0.04120642 -0.29499415 -0.51553047 -0.62417376 -1.041545
0 400 0.07914543896913528 0.004019835032522678 0.0633760318160057 -0.05654720216989517 -0.046476978808641434 -0.0986800268292427 -0.0002716183371376246 0.08989543467760086 0.00029057389474473894 -0.0030897778924554586 -0.08609966188669205 0.07595857232809067 -0.06445572525262833 0.04231448471546173 0.009861083701252937 -0.038032982498407364 -0.11126569658517838 -0.03596842661499977 0.12524715065956116 0.07049388438463211 -0.06646121293306351 -0.0022402533795684576 -0.05089349299669266 0.19245736300945282 0.06961367279291153 -0.15192846953868866 -0.08111350238323212 0.08764480799436569 0.06356450170278549 0.145630344748497 -0.1782064139842987 -0.04044580087065697 -0.022171322256326675 0.10481029003858566 -0.0754275768995285 0.08139433711767197 0.12517984211444855 -0.02932150661945343 -0.006756380200386047 0.18175449967384338 -0.13596367835998535 -0.010667706839740276 0.032924216240644455 -0.0526282861828804 0.09425767511129379 -0.12760715186595917 0.03668000549077988 0.08075302839279175 -0.005748630501329899 0.09046085923910141 -0.03127476945519447 -0.09900609403848648 -0.05098603293299675 0.13776427507400513 0.013133390806615353 -0.02285975031554699 -0.03236674144864082 -0.14293354749679565 -0.03146662935614586 -0.035037435591220856 0.008434629999101162 -0.07793086767196655 0.046744454652071 -0.12714046239852905 0.134344220161438 0.05015655606985092 -0.10414460301399231 -0.002455590758472681 0.14717735350131989 -0.023331712931394577 0.12815015017986298 0.03849373757839203 -0.07045164704322815 0.037198472768068314 -0.09483607858419418 0.15571261942386627 0.12192028760910034 0.22290576994419098 -0.07397771626710892 -0.1579728126525879 0.12493816763162613 0.10756892710924149 -0.06134108453989029 0.10348072648048401 0.08991767466068268 0.03514024615287781 0.05732471123337746 -0.0873042419552803 0.067008376121521 0.15184494853019714 0.05704773589968681 0.06833039969205856 0.0001879468181869015 0.17032583057880402 -0.16071267426013947 0.05965262558342695 0.1514962730428129 0.25556044352426066 0.5160493685897217 0.6369581786928482 0.7686992904456701 0.8851322501106105 0.9356780773454546 0.9821733075894 -0.9231316 -0.8486949 -0.6658071 -0.51777923 -0.33196145 -0.46025234 -0.6273884 -0.71412694 -1.0153853 -0.9627017 -0.7479316 -0.5114372 -0.29499415 0.0034853518 -0.22726838 -0.5083921 -0.66591346 -1.0991174
1 400 0.07914543896913528 0.004019835032522678 0.0633760318160057 -0.05654720216989517 -0.046476978808641434 -0.0986800268292427 -0.0002716183371376246 0.08989543467760086 0.00029057389474473894 -0.0030897778924554586 -0.08609966188669205 0.07595857232809067 -0.06445572525262833 0.04231448471546173 0.009861083701252937 -0.038032982498407364 -0.11126569658517838 -0.03596842661499977 0.12524715065956116 0.07049388438463211 -0.06646121293306351 -0.0022402533795684576 -0.05089349299669266 0.19245736300945282 0.06961367279291153 -0.15192846953868866 -0.08111350238323212 0.08764480799436569 0.06356450170278549 0.145630344748497 -0.1782064139842987 -0.04044580087065697 -0.022171322256326675 0.10481029003858566 -0.0754275768995285 0.08139433711767197 0.12517984211444855 -0.02932150661945343 -0.006756380200386047 0.18175449967384338 -0.13596367835998535 -0.010667706839740276 0.032924216240644455 -0.0526282861828804 0.09425767511129379 -0.12760715186595917 0.03668000549077988 0.08075302839279175 -0.005748630501329899 0.09046085923910141 -0.03127476945519447 -0.09900609403848648 -0.05098603293299675 0.13776427507400513 0.013133390806615353 -0.02285975031554699 -0.03236674144864082 -0.14293354749679565 -0.03146662935614586 -0.035037435591220856 0.008434629999101162 -0.07793086767196655 0.046744454652071 -0.12714046239852905 0.134344220161438 0.05015655606985092 -0.10414460301399231 -0.002455590758472681 0.14717735350131989 -0.023331712931394577 0.12815015017986298 0.03849373757839203 -0.07045164704322815 0.037198472768068314 -0.09483607858419418 0.15571261942386627 0.12192028760910034 0.22290576994419098 -0.07397771626710892 -0.1579728126525879 0.12493816763162613 0.10756892710924149 -0.06134108453989029 0.10348072648048401 0.08991767466068268 0.03514024615287781 0.05732471123337746 -0.0873042419552803 0.067008376121521 0.15184494853019714 0.05704773589968681 0.06833039969205856 0.0001879468181869015 0.17032583057880402 -0.16071267426013947 0.05487884404065754 0.08010011291884128 0.16019512292003008 0.3215750484436022 0.5212984025331974 0.5042697363815636 0.8466181184163398 0.8658103930872817 0.9687210296075122 -1.0066328 -1.0037638 -0.88770276 -0.6633329 -0.6149363 -0.61033183 -0.8765116 -0.89810133 -1.0967622 -1.057507 -0.9593768 -0.79945946 -0.51948017 -0.14643908 -0.42959386 -0.7901898 -0.91083705 -1.1869364
2 400 0.07914543896913528 0.004019835032522678 0.0633760318160057 -0.05654720216989517 -0.046476978808641434 -0.0986800268292427 -0.0002716183371376246 0.08989543467760086 0.00029057389474473894 -0.0030897778924554586 -0.08609966188669205 0.07595857232809067 -0.06445572525262833 0.04231448471546173 0.009861083701252937 -0.038032982498407364 -0.11126569658517838 -0.03596842661499977 0.12524715065956116 0.07049388438463211 -0.06646121293306351 -0.0022402533795684576 -0.05089349299669266 0.19245736300945282 0.06961367279291153 -0.15192846953868866 -0.08111350238323212 0.08764480799436569 0.06356450170278549 0.145630344748497 -0.1782064139842987 -0.04044580087065697 -0.022171322256326675 0.10481029003858566 -0.0754275768995285 0.08139433711767197 0.12517984211444855 -0.02932150661945343 -0.006756380200386047 0.18175449967384338 -0.13596367835998535 -0.010667706839740276 0.032924216240644455 -0.0526282861828804 0.09425767511129379 -0.12760715186595917 0.03668000549077988 0.08075302839279175 -0.005748630501329899 0.09046085923910141 -0.03127476945519447 -0.09900609403848648 -0.05098603293299675 0.13776427507400513 0.013133390806615353 -0.02285975031554699 -0.03236674144864082 -0.14293354749679565 -0.03146662935614586 -0.035037435591220856 0.008434629999101162 -0.07793086767196655 0.046744454652071 -0.12714046239852905 0.134344220161438 0.05015655606985092 -0.10414460301399231 -0.002455590758472681 0.14717735350131989 -0.023331712931394577 0.12815015017986298 0.03849373757839203 -0.07045164704322815 0.037198472768068314 -0.09483607858419418 0.15571261942386627 0.12192028760910034 0.22290576994419098 -0.07397771626710892 -0.1579728126525879 0.12493816763162613 0.10756892710924149 -0.06134108453989029 0.10348072648048401 0.08991767466068268 0.03514024615287781 0.05732471123337746 -0.0873042419552803 0.067008376121521 0.15184494853019714 0.05704773589968681 0.06833039969205856 0.0001879468181869015 0.17032583057880402 -0.16071267426013947 0.027882937272751252 0.05472614900925971 0.10938950890330595 0.23481894162893638 0.3473460408547555 0.5160493685897217 0.7357660679074788 0.8137638548036392 0.9337002081779053 -0.9812505 -0.8529184 -0.7035232 -0.52874684 -0.36128438 -0.51777923 -0.6429533 -0.7079637 -1.0131698 -1.0365927 -0.8458978 -0.6219175 -0.3179934 -0.04005128 -0.29499415 -0.5174928 -0.61900795 -1.0473676
0 400 0.08793938159942627 0.004466483369469643 0.07041781395673752 -0.06283022463321686 -0.05164108797907829 -0.10964448004961014 -0.0003017981653101742 0.09988381713628769 0.000322859879815951 -0.0034330866765230894 -0.0956662967801094 0.08439841866493225 -0.0716174766421318 0.047016095370054245 0.010956759564578533 -0.04225886985659599 -0.12362855672836304 -0.03996491804718971 0.13916350901126862 0.07832653820514679 -0.07384579628705978 -0.0024891705252230167 -0.05654832720756531 0.2138415277004242 0.07734853029251099 -0.1688094139099121 -0.09012611210346222 0.09738311916589737 0.07062722742557526 0.16181150078773499 -0.19800713658332825 -0.04493977874517441 -0.02463480271399021 0.11645588278770447 -0.08380842208862305 0.09043815732002258 0.1390887200832367 -0.0325794517993927 -0.007507089525461197 0.20194944739341736 -0.1510707587003708 -0.011853007599711418 0.03658246248960495 -0.05847587436437607 0.1047307550907135 -0.14178572595119476 0.040755562484264374 0.08972559124231339 -0.006387367378920317 0.1005120724439621 -0.034749746322631836 -0.11000677198171616 -0.056651148945093155 0.15307141840457916 0.01459265686571598 -0.025399724021553993 -0.03596304729580879 -0.15881505608558655 -0.03496292233467102 -0.038930486887693405 0.009371811524033546 -0.08658985793590546 0.05193828418850899 -0.14126718044281006 0.14927135407924652 0.05572950839996338 -0.11571622639894485 -0.002728434279561043 0.1635303944349289 -0.02592412568628788 0.14238905906677246 0.04277082160115242 -0.07827960699796677 0.041331637650728226 -0.10537342727184296 0.17301402986049652 0.13546699285507202 0.24767307937145233 -0.08219746500253677 -0.17552535235881805 0.13882018625736237 0.11952103674411774 -0.06815676391124725 0.11497858911752701 0.09990853071212769 0.03904471918940544 0.06369412690401077 -0.0970047190785408 0.07445375621318817 0.16871660947799683 0.06338637322187424 0.07592266798019409 0.00020882980606984347 0.18925093114376068 -0.17856964468955994 0.06080728006104759 0.1520042265274321 0.2529879242910398 0.5160493685897217 0.6302425450276524 0.7683637522826606 0.8872815861758898 0.9361493226270968 0.9823427704670019 -0.9210894 -0.84986436 -0.66649354 -0.51777923 -0.3322119 -0.46021992 -0.63736254 -0.7125668 -1.018739 -0.9588016 -0.74946314 -0.51207614 -0.29499415 0.0037927926 -0.22716674 -0.52171415 -0.66386676 -1.1039338
1 400 0.08793938159942627 0.004466483369469643 0.07041781395673752 -0.06283022463321686 -0.05164108797907829 -0.10964448004961014 -0.0003017981653101742 0.09988381713628769 0.000322859879815951 -0.0034330866765230894 -0.0956662967801094 0.08439841866493225 -0.0716174766421318 0.047016095370054245 0.010956759564578533 -0.04225886985659599 -0.12362855672836304 -0.03996491804718971 0.13916350901126862 0.07832653820514679 -0.07384579628705978 -0.0024891705252230167 -0.05654832720756531 0.2138415277004242 0.07734853029251099 -0.1688094139099121 -0.09012611210346222 0.09738311916589737 0.07062722742557526 0.16181150078773499 -0.19800713658332825 -0.04493977874517441 -0.02463480271399021 0.11645588278770447 -0.08380842208862305 0.09043815732002258 0.1390887200832367 -0.0325794517993927 -0.007507089525461197 0.20194944739341736 -0.1510707587003708 -0.011853007599711418 0.03658246248960495 -0.05847587436437607 0.1047307550907135 -0.14178572595119476 0.040755562484264374 0.08972559124231339 -0.006387367378920317 0.1005120724439621 -0.034749746322631836 -0.11000677198171616 -0.056651148945093155 0.15307141840457916 0.01459265686571598 -0.025399724021553993 -0.03596304729580879 -0.15881505608558655 -0.03496292233467102 -0.038930486887693405 0.009371811524033546 -0.08658985793590546 0.05193828418850899 -0.14126718044281006 0.14927135407924652 0.05572950839996338 -0.11571622639894485 -0.002728434279561043 0.1635303944349289 -0.02592412568628788 0.14238905906677246 0.04277082160115242 -0.07827960699796677 0.041331637650728226 -0.10537342727184296 0.17301402986049652 0.13546699285507202 0.24767307937145233 -0.08219746500253677 -0.17552535235881805 0.13882018625736237 0.11952103674411774 -0.06815676391124725 0.11497858911752701 0.09990853071212769 0.03904471918940544 0.06369412690401077 -0.0970047190785408 0.07445375621318817 0.16871660947799683 0.06338637322187424 0.07592266798019409 0.00020882980606984347 0.18925093114376068 -0.17856964468955994 0.056950925601357644 0.08048544750503218 0.16011548857337743 0.3242540031334551 0.5233007767315466 0.49427576113716193 0.8500085451940449 0.8615344814055541 0.9664503767106891 -1.0043457 -1.0063887 -0.8904238 -0.6624351 -0.6200186 -0.6066469 -0.8769604 -0.8965255 -1.0862976 -1.051716 -0.9628389 -0.8030889 -0.5180848 -0.1438459 -0.4229179 -0.7930387 -0.90737724 -1.1704026
2 400 0.08793938159942627 0.004466483369469643 0.07041781395673752 -0.06283022463321686 -0.05164108797907829 -0.10964448004961014 -0.0003017981653101742 0.09988381713628769 0.000322859879815951 -0.0034330866765230894 -0.0956662967801094 0.08439841866493225 -0.0716174766421318 0.047016095370054245 0.010956759564578533 -0.04225886985659599 -0.12362855672836304 -0.03996491804718971 0.13916350901126862 0.07832653820514679 -0.07384579628705978 -0.0024891705252230167 -0.05654832720756531 0.2138415277004242 0.07734853029251099 -0.1688094139099121 -0.09012611210346222 0.09738311916589737 0.07062722742557526 0.16181150078773499 -0.19800713658332825 -0.04493977874517441 -0.02463480271399021 0.11645588278770447 -0.08380842208862305 0.09043815732002258 0.1390887200832367 -0.0325794517993927 -0.007507089525461197 0.20194944739341736 -0.1510707587003708 -0.011853007599711418 0.03658246248960495 -0.05847587436437607 0.1047307550907135 -0.14178572595119476 0.040755562484264374 0.08972559124231339 -0.006387367378920317 0.1005120724439621 -0.034749746322631836 -0.11000677198171616 -0.056651148945093155 0.15307141840457916 0.01459265686571598 -0.025399724021553993 -0.03596304729580879 -0.15881505608558655 -0.03496292233467102 -0.038930486887693405 0.009371811524033546 -0.08658985793590546 0.05193828418850899 -0.14126718044281006 0.14927135407924652 0.05572950839996338 -0.11571622639894485 -0.002728434279561043 0.1635303944349289 -0.02592412568628788 0.14238905906677246 0.04277082160115242 -0.07827960699796677 0.041331637650728226 -0.10537342727184296 0.17301402986049652 0.13546699285507202 0.24767307937145233 -0.08219746500253677 -0.17552535235881805 0.13882018625736237 0.11952103674411774 -0.06815676391124725 0.11497858911752701 0.09990853071212769 0.03904471918940544 0.06369412690401077 -0.0970047190785408 0.07445375621318817 0.16871660947799683 0.06338637322187424 0.07592266798019409 0.00020882980606984347 0.18925093114376068 -0.17856964468955994 0.028417990674696372 0.05482890803476795 0.1090868196365347 0.2335174465086717 0.34664727984875243 0.5160493685897217 0.7411714068349552 0.8100512170824213 0.9298111879114686 -0.97909695 -0.852765 -0.7042911 -0.5288108 -0.3605899 -0.51777923 -0.64435446 -0.7049808 -1.0047293 -1.0327016 -0.8455442 -0.6229917 -0.3181274 -0.038919926 -0.29499415 -0.5195061 -0.61385703 -1.0339332
-0.050776742 0.10723068 0.22181056 0.013068744 
0.03320921 -0.06399196 -0.053267267 0.12332706 
0.0820598 0.0029375756 0.025467925 0.15328602 
0.050914593 -0.066454865 -0.021896387 -0.017458424 
-0.04099148 -0.023555882 0.14073493 -0.06121369 
0.15335706 -0.056769338 0.024420291 -0.13227779 
-0.16465376 -0.01542382 0.033215184 0.026076283 
0.10731113 0.10763687 0.038499333 0.02876804 
-0.0153067205 -0.04786661 -0.07478123 0.08210761 
0.065656476 0.014378574 0.0891136 -0.025675032 
-0.112448476 -0.11425025 0.0119845 -0.0038386886 
-0.023620661 0.092203274 0.20996995 0.032434847 
0.2078509 -0.039635964 0.10374718 -0.07277709 
0.022759588 0.024066664 -0.111275904 0.051857408 
0.03226693 -0.024941178 0.09504771 0.07731134 
0.14019556 -0.0052185953 0.04062229 -0.07717415 
-0.09992149 -0.044915844 -0.04798116 -0.19585234 
0.20083503 0.0068740947 -0.0012418043 -0.09584886 
-0.10177603 0.2166845 0.071735226 -0.08604842 
0.13597941 0.04170592 0.03754015 0.10214574 
-0.0426059 -0.10113132 0.110736266 0.029126273 
-0.012690448 -0.0014484427 0.009934846 -0.0023966972 
-0.13382877 -0.14213607 0.03149675 0.13396378 
-0.09601024 0.19138049 -0.1505368 0.10807556 
0.07723029 0.14619811 -0.09074581 -0.10130296 
-0.17554294 -0.17521381 0.03126123 -0.053602707 
-0.015920928 -0.07165861 0.034809977 -0.06537637 
-0.083644934 0.021537803 0.075590424 0.17852269 
0.07828068 0.12667449 -0.07946238 -0.07963778 
-0.14657107 0.074038245 -0.0117275175 0.21661302 
0.10795914 -0.19521455 -0.06709781 -0.082012564 
-0.06639898 0.03661202 -0.19259228 -0.18129684 
0.079932526 -0.0444944 0.13141344 0.03846944 
0.18316786 0.052268706 -0.11315152 0.15674171 
0.09799844 -0.11945945 0.07989691 0.041622464 
-0.09588963 -0.013163332 0.04915678 0.22427815 
0.1721751 0.10038878 0.0731701 0.13225839 
0.051455714 -0.0031626476 -0.047431402 -0.06818012 
0.15148483 0.027790857 -0.036933996 -0.06637378 
-0.17306623 0.11848165 -0.06670975 0.21919963 
-0.08447214 -0.14849687 0.052897494 -0.059589025 
-0.13825549 0.05850922 0.21783862 -0.119896695 
0.17930028 0.028172385 0.041963756 0.03634666 
0.17490177 -0.020223174 -0.021462433 -0.089250945 
-0.14043884 0.107673414 0.01749144 0.03206097 
0.22333111 -0.15084867 -0.04875268 -0.035220664 
0.14842072 0.058877632 0.20472303 0.0008173231 
-0.1552409 0.09438196 0.082348555 0.027724445 
0.16235423 -0.061351832 0.117724754 0.11023507 
-0.025432741 0.13672993 0.027246024 -0.026797287 
0.013705778 -0.10373188 -0.018919753 0.11160558 
-0.09996166 -0.098567314 -0.009189404 -0.06523468 
-0.12677236 -0.011790982 0.04943034 -0.102394134 
0.103677474 0.19619416 0.066924915 -0.013692819 
-0.052116144 -0.010819492 -0.13746026 0.040482864 
0.12098481 0.048883814 -0.035696395 -0.14479169 
0.0076072947 -0.039957196 0.07845341 -0.0002937268 
-0.09591785 -0.10850108 0.21829036 -0.13761795 
0.074583665 0.004050205 0.10016066 -0.07516516 
-0.04312068 -0.072258405 0.028402107 0.047201194 
0.090685256 0.076071315 0.16939475 -0.10348653 
0.14767808 -0.14973062 -0.024147656 0.08418116 
0.039756056 0.054238807 0.01558061 0.017415116 
0.08762131 -0.07533804 -0.09321417 -0.17815977 
0.0066441945 0.17466664 -0.21276434 -0.00565461 
0.013769012 0.0677163 0.14289707 0.00995545 
0.13126324 -0.10145639 0.04458132 -0.06319544 
0.102374166 0.049126595 0.09494746 -0.08618809 
0.14516418 0.20810562 -0.09612481 -0.023449605 
-0.005054162 -0.08177264 -0.107697055 0.08401031 
-0.09553466 0.14210121 0.06963808 0.05699928 
0.07501647 0.03504094 0.06362963 0.036608648 
0.060742475 0.029816797 0.0060126595 -0.2246519 
0.10447988 0.1446382 -0.06387817 -0.1750551 
0.14831027 -0.15559676 0.022398243 0.057009123 
-0.061459284 0.15154877 -0.042153586 0.09968498 
-0.06853029 0.21180975 0.07763638 -0.084084615 
-0.06939024 0.19143517 -0.119222224 0.18530108 
-0.10363207 -0.06690024 0.017667579 -0.05991336 
-0.111988 -0.19838832 -0.114124104 -0.035355784 
0.08379706 0.07935723 0.067411356 0.16753173 
0.1110698 0.12534781 -0.053963162 0.032945324 
-0.1648372 -0.05940176 0.019873597 -0.043963835 
0.12266782 0.110359825 0.098310344 0.061760988 
-0.111246645 0.17777193 0.05869905 -0.10261966 
0.014806772 0.069716394 0.06036344 -0.036436826 
-0.11929618 0.027368274 -0.010880767 0.08661082 
-0.016723683 -0.07094858 0.10352102 -0.07675681 
0.009840817 0.10477613 0.2176853 -0.011010026 
0.10110542 0.176756 0.025573354 0.053044047 
0.12119117 0.066666745 -0.081011064 0.0147135295 
0.15022558 0.039371256 0.0286063 0.100788206 
-0.13717714 -0.022474073 -0.0019183619 0.038102515 
0.15063117 0.11467549 -0.091006264 0.20393904 
0.08706373 -0.23074242 -0.056976613 0.025760313 
