NR_0029 NR_0031 NR_0028 NR_0024 NYU-65 NR_0027 UCLA049 PL015 NR_0021 KS091 KS096 KS094 NR_0020 NR_0019 SWC_066 UCLA044 KS086 UCLA035 UCLA033 UCLA037 UCLA034 PL017 NYU-45 NYU-48 NYU-47 NYU-46 ibl_witten_29 ZFM-02372 NYU-39 KS051 ZFM-02370 NYU-40 ZFM-01937 ZFM-01935 NYU-37 ibl_witten_26 ZFM-01936 ibl_witten_27 SWC_058 KS044 ibl_witten_25 KS043 KS046 ZFM-01576 SWC_061 SWC_060 KS042 SWC_053 ZFM-01577 ZFM-01592 SWC_052 NYU-30 DY_018 SWC_054 DY_020 SWC_043 CSH_ZAD_029 DY_016 CSH_ZAD_026 ibl_witten_20 ibl_witten_18 NYU-21 CSH_ZAD_019 CSH_ZAD_025 SWC_038 ibl_witten_17 ZM_3003 ibl_witten_19 DY_014 SWC_042 CSHL058 CSH_ZAD_022 CSH_ZAD_011 CSHL060 DY_013 DY_009 CSHL059 DY_008 CSHL045 NYU-11 CSHL052 DY_011 CSHL053 ZM_2241 DY_010 ZM_2240 NYU-12 CSHL047 CSHL049 ZM_1898 KS023 KS016 KS014 ZM_1897 ibl_witten_13 
0 2.3790886 1.1220667 0.8109067 3.476366 1.475292 0.4311671
1 2.312345 1.1061194 0.82451445 2.4557211 1.1711191 0.8206648
2 2.3086255 1.1044061 0.82435024 2.4466805 1.1676241 0.8206648
3 2.3062844 1.1033999 0.8245729 2.4406078 1.1652558 0.82263446
4 2.3046038 1.102643 0.8246372 2.4375668 1.1644006 0.82263446
5 2.3033917 1.1021521 0.82481205 2.4360068 1.1638877 0.82263446
6 2.3022482 1.101456 0.82499605 2.4348743 1.1636307 0.82263446
7 2.3016052 1.1010958 0.82501864 2.4345322 1.1637281 0.8238841
8 2.300755 1.1007721 0.8252383 2.4334047 1.163572 0.82263446
9 2.2998009 1.1003433 0.8255128 2.4321873 1.1634333 0.82191443
10 2.2991884 1.099954 0.82497466 2.4321554 1.1633451 0.8206648
11 2.2983751 1.0996486 0.8252561 2.431621 1.163604 0.8206648
12 2.2975616 1.0992309 0.82530653 2.4318783 1.163788 0.8206648
13 2.2972515 1.0990851 0.82533085 2.4309974 1.1636957 0.82191443
14 2.2967339 1.0988307 0.8250464 2.4309661 1.1638657 0.8206648
15 2.296362 1.0984513 0.82506824 2.4317133 1.1642646 0.82263446
16 2.2959304 1.0984039 0.8252794 2.4313366 1.164436 0.82263446
17 2.2957897 1.0984901 0.82529944 2.4312441 1.1648039 0.8206648
18 2.295343 1.0981822 0.8252049 2.4317381 1.1651367 0.8206648
19 2.2951167 1.0980844 0.825074 2.4322617 1.1654509 0.8206648
20 2.2948983 1.0980952 0.8254356 2.4321864 1.1655169 0.8206648
21 2.2947128 1.0981435 0.8258141 2.4324913 1.1656109 0.82191443
22 2.2945328 1.0981027 0.82556295 2.4333544 1.1660584 0.8206648
23 2.294076 1.0979792 0.8253907 2.4341872 1.1662129 0.8206648
24 2.2941701 1.0978534 0.82537645 2.4351394 1.1666999 0.8206648
25 2.2937436 1.0979275 0.8251832 2.4352593 1.1671292 0.8206648
26 2.293476 1.0977466 0.82556057 2.4351428 1.1668458 0.8206648
27 2.2933576 1.0978643 0.82534957 2.4349875 1.1671054 0.8206648
28 2.2933075 1.0977429 0.8252376 2.4347816 1.166873 0.8206648
29 2.2932267 1.0976517 0.8252997 2.4353774 1.1671035 0.8206648
30 2.2930646 1.0976359 0.8254025 2.435253 1.1670791 0.8206648
31 2.2929652 1.0974491 0.8252484 2.4347534 1.1671212 0.8206648
32 2.2928965 1.0975116 0.8251438 2.435838 1.1674066 0.8206648
33 2.2931066 1.0975801 0.8252256 2.4361773 1.1674984 0.8206648
34 2.2929764 1.0976293 0.8250044 2.4359965 1.1674364 0.8206648
35 2.2927122 1.0975486 0.82527906 2.4358976 1.1674392 0.8206648
36 2.2925646 1.0974623 0.8250807 2.436349 1.1677215 0.8206648
37 2.2923064 1.0972669 0.82535315 2.4363413 1.1676863 0.8206648
38 2.2926588 1.097427 0.82488644 2.4366813 1.167923 0.8206648
39 2.2923126 1.0972784 0.8252063 2.4359465 1.1677983 0.8206648
40 2.2920964 1.097457 0.82556593 2.4353714 1.1677283 0.82191443
41 2.2924268 1.0973471 0.8253405 2.4359632 1.1673491 0.8206648
42 2.292155 1.0973866 0.8253247 2.4368522 1.1679316 0.8206648
43 2.2918634 1.0970842 0.82519746 2.436438 1.1677995 0.8206648
44 2.291688 1.0971282 0.82540524 2.4366539 1.1679431 0.8206648
45 2.2917507 1.0972372 0.8246874 2.436943 1.1676371 0.8206648
46 2.2913377 1.0970182 0.82480127 2.4370239 1.1678826 0.8206648
47 2.2912176 1.0970145 0.82402223 2.4369774 1.1677965 0.8206648
48 2.2913566 1.0971667 0.82419276 2.4364586 1.1676233 0.8206648
49 2.2912376 1.097228 0.8247984 2.4353194 1.1674968 0.8206648
50 2.2911284 1.0971293 0.82419574 2.4352233 1.1671597 0.8206648
51 2.291114 1.097046 0.8241606 2.436287 1.1677856 0.82263446
52 2.2909813 1.0970314 0.8243704 2.436213 1.1678132 0.8206648
53 2.291166 1.0969979 0.8243735 2.436046 1.1672133 0.82263446
54 2.2910182 1.0970632 0.82432187 2.4366987 1.1679316 0.82263446
55 2.2907887 1.0967435 0.82406163 2.4363985 1.1680602 0.8206648
56 2.2906268 1.0967185 0.82482934 2.436326 1.168318 0.82263446
57 2.2906039 1.0968087 0.82436705 2.4360213 1.168168 0.82263446
58 2.2906134 1.0967263 0.8246018 2.4360764 1.1681627 0.8206648
59 2.2901642 1.0964993 0.82426226 2.4367864 1.1688218 0.82263446
60 2.290361 1.0966312 0.8241309 2.4372568 1.1686916 0.82263446
61 2.290438 1.0967263 0.8242693 2.4374964 1.1688914 0.8206648
62 2.2902567 1.0966297 0.82447106 2.4371994 1.1688185 0.82263446
63 2.2900906 1.0964872 0.8243469 2.4370525 1.1688449 0.82263446
64 2.290179 1.0965805 0.82389814 2.4366467 1.1685638 0.8206648
65 2.2901447 1.0964394 0.82404345 2.4358644 1.1684037 0.82263446
66 2.2899654 1.0964575 0.8241321 2.4366105 1.1686704 0.82263446
67 2.2902555 1.0965478 0.8241299 2.4367666 1.168789 0.82263446
68 2.290204 1.0965306 0.8239919 2.4384208 1.169291 0.8206648
69 2.2901962 1.0965652 0.8239582 2.4374273 1.1688004 0.82263446
70 2.2902606 1.09664 0.82401085 2.4375763 1.1690124 0.8206648
71 2.2897668 1.0963776 0.8243159 2.4371614 1.1688926 0.8206648
72 2.2899222 1.0964758 0.8243567 2.437024 1.1688166 0.82263446
73 2.2898684 1.0964377 0.82404464 2.4370246 1.1686574 0.8206648
74 2.2899013 1.0964427 0.8243593 2.4370325 1.1683992 0.8206648
75 2.2898946 1.096369 0.8240949 2.4374268 1.168581 0.8206648
76 2.289542 1.0962989 0.82425606 2.4372923 1.1687298 0.8206648
77 2.2896485 1.096498 0.8243682 2.4374516 1.1685668 0.8206648
78 2.2902021 1.0968494 0.8242422 2.4376051 1.1684588 0.8206648
79 2.289872 1.0964737 0.82416743 2.4381893 1.1687729 0.8206648
80 2.2897081 1.0965164 0.8242801 2.4378607 1.1691087 0.8206648
81 2.28958 1.0964743 0.82432264 2.4381256 1.1690407 0.8206648
82 2.289643 1.0965254 0.8243896 2.4377482 1.1688892 0.8206648
83 2.289699 1.0965298 0.82416415 2.4377127 1.1688949 0.82263446
84 2.2895854 1.0964047 0.82431024 2.4365723 1.1686978 0.8206648
85 2.289698 1.0966393 0.82448035 2.4378026 1.1688752 0.82263446
86 2.2893896 1.0962831 0.82427865 2.438927 1.1681792 0.82263446
87 2.2895231 1.0964237 0.8242206 2.4382641 1.1691883 0.8206648
88 2.2907338 1.0972052 0.8242016 2.438317 1.1691475 0.8206648
89 2.2902653 1.0968928 0.824092 2.4418073 1.1713567 0.8206648
90 2.2904754 1.0971321 0.8240298 2.4395058 1.1697983 0.82263446
91 2.290113 1.0969851 0.8244113 2.441207 1.1713569 0.8206648
92 2.2897437 1.0967447 0.82479835 2.4388542 1.1699127 0.82263446
93 2.289742 1.0966924 0.82489425 2.4385834 1.1696342 0.82263446
94 2.2895489 1.0966434 0.8249209 2.4382024 1.1695427 0.8206648
95 2.289509 1.0966125 0.8246368 2.4380496 1.1692979 0.8206648
96 2.289276 1.0965582 0.82484055 2.438159 1.1691881 0.8206648
97 2.2894082 1.0965792 0.82462573 2.4391174 1.1692737 0.8168301
98 2.2895906 1.0967567 0.824588 2.4390147 1.1694695 0.8206648
99 2.289274 1.0965471 0.8246483 2.4390488 1.1695923 0.8206648
0 0 0.0 0.0 0.0 0.0 0.0 0.0 0.0 0.0 0.0 0.0 0.0 0.0 0.0 0.0 0.0 0.0 0.0 0.0 0.0 0.0 0.0 0.0 0.0 0.0 0.0 0.0 0.0 0.0 0.0 0.0 0.0 0.0 0.0 0.0 0.0 0.0 0.0 0.0 0.0 0.0 0.0 0.0 0.0 0.0 0.0 0.0 0.0 0.0 0.0 0.0 0.0 0.0 0.0 0.0 0.0 0.0 0.0 0.0 0.0 0.0 0.0 0.0 0.0 0.0 0.0 0.0 0.0 0.0 0.0 0.0 0.0 0.0 0.0 0.0 0.0 0.0 0.0 0.0 0.0 0.0 0.0 0.0 0.0 0.0 0.0 0.0 0.0 0.0 0.0 0.0 0.0 0.0 0.0 0.0 0.0 0.05070798399668529 0.15048637949411825 0.28749748697838395 0.5015283908586395 0.66982345067343 0.7715684925046331 0.8701273469978789 0.9294572072617805 0.9821005522473716 -0.96315235 -0.7781596 -0.5992241 -0.4550142 -0.2819208 -0.41424224 -0.5611051 -0.69773406 -0.9848056 -0.9869716 -0.71162134 -0.45874968 -0.23038387 0.066746175 -0.16800088 -0.4284466 -0.65979856 -1.0717174
1 0 0.0 0.0 0.0 0.0 0.0 0.0 0.0 0.0 0.0 0.0 0.0 0.0 0.0 0.0 0.0 0.0 0.0 0.0 0.0 0.0 0.0 0.0 0.0 0.0 0.0 0.0 0.0 0.0 0.0 0.0 0.0 0.0 0.0 0.0 0.0 0.0 0.0 0.0 0.0 0.0 0.0 0.0 0.0 0.0 0.0 0.0 0.0 0.0 0.0 0.0 0.0 0.0 0.0 0.0 0.0 0.0 0.0 0.0 0.0 0.0 0.0 0.0 0.0 0.0 0.0 0.0 0.0 0.0 0.0 0.0 0.0 0.0 0.0 0.0 0.0 0.0 0.0 0.0 0.0 0.0 0.0 0.0 0.0 0.0 0.0 0.0 0.0 0.0 0.0 0.0 0.0 0.0 0.0 0.0 0.0 0.02967134959909088 0.06880754052362123 0.14531753217299306 0.3206426454388182 0.4993808495371805 0.6378095733539616 0.8306515743224183 0.8962591159281844 0.9717305480601842 -1.0492293 -0.9130819 -0.78448904 -0.7080048 -0.6211268 -0.5808609 -0.80578333 -0.8398823 -1.0554929 -1.1150918 -0.91244483 -0.7210423 -0.47968113 -0.09742665 -0.42630482 -0.67623115 -0.8729651 -1.1606984
2 0 0.0 0.0 0.0 0.0 0.0 0.0 0.0 0.0 0.0 0.0 0.0 0.0 0.0 0.0 0.0 0.0 0.0 0.0 0.0 0.0 0.0 0.0 0.0 0.0 0.0 0.0 0.0 0.0 0.0 0.0 0.0 0.0 0.0 0.0 0.0 0.0 0.0 0.0 0.0 0.0 0.0 0.0 0.0 0.0 0.0 0.0 0.0 0.0 0.0 0.0 0.0 0.0 0.0 0.0 0.0 0.0 0.0 0.0 0.0 0.0 0.0 0.0 0.0 0.0 0.0 0.0 0.0 0.0 0.0 0.0 0.0 0.0 0.0 0.0 0.0 0.0 0.0 0.0 0.0 0.0 0.0 0.0 0.0 0.0 0.0 0.0 0.0 0.0 0.0 0.0 0.0 0.0 0.0 0.0 0.0 0.022338226296567086 0.05822811661660578 0.10570997121086456 0.22266603555985354 0.3422166410485136 0.4952932835352072 0.7046486746616122 0.8249561030120246 0.9392236637090184 -0.9950465 -0.8326543 -0.67000985 -0.49830848 -0.33809823 -0.55462915 -0.59502256 -0.682626 -0.9598664 -1.0658368 -0.82690644 -0.5833407 -0.29023856 -0.0041632056 -0.2502283 -0.464365 -0.61713177 -1.008238
0 400 0.0 0.0 0.0 0.0 0.0 0.0 0.0 0.0 0.0 0.0 0.0 0.0 0.0 0.0 0.0 0.0 0.0 0.0 0.0 0.0 0.0 0.0 0.0 0.0 0.0 0.0 0.0 0.0 0.0 0.0 0.0 0.0 0.0 0.0 0.0 0.0 0.0 0.0 0.0 0.0 0.0 0.0 0.0 0.0 0.0 0.0 0.0 0.0 0.0 0.0 0.0 0.0 0.0 0.0 0.0 0.0 0.0 0.0 0.0 0.0 0.0 0.0 0.0 0.0 0.0 0.0 0.0 0.0 0.0 0.0 0.0 0.0 0.0 0.0 0.0 0.0 0.0 0.0 0.0 0.0 0.0 0.0 0.0 0.0 0.0 0.0 0.0 0.0 0.0 0.0 0.0 0.0 0.0 0.0 0.0 0.05070158951138718 0.15046331737738988 0.28748798878754733 0.5020083366362266 0.6699404558503363 0.771625181902994 0.8702053238250133 0.9294156294139031 0.9820987844342508 -0.96317285 -0.7781875 -0.59930444 -0.45496833 -0.28194934 -0.4141763 -0.56112075 -0.6975748 -0.98476887 -0.98700213 -0.7116628 -0.4590178 -0.23031613 0.06668842 -0.16789386 -0.42848408 -0.6595316 -1.0716634
1 400 0.0 0.0 0.0 0.0 0.0 0.0 0.0 0.0 0.0 0.0 0.0 0.0 0.0 0.0 0.0 0.0 0.0 0.0 0.0 0.0 0.0 0.0 0.0 0.0 0.0 0.0 0.0 0.0 0.0 0.0 0.0 0.0 0.0 0.0 0.0 0.0 0.0 0.0 0.0 0.0 0.0 0.0 0.0 0.0 0.0 0.0 0.0 0.0 0.0 0.0 0.0 0.0 0.0 0.0 0.0 0.0 0.0 0.0 0.0 0.0 0.0 0.0 0.0 0.0 0.0 0.0 0.0 0.0 0.0 0.0 0.0 0.0 0.0 0.0 0.0 0.0 0.0 0.0 0.0 0.0 0.0 0.0 0.0 0.0 0.0 0.0 0.0 0.0 0.0 0.0 0.0 0.0 0.0 0.0 0.0 0.029706675140128286 0.06877330112907934 0.14524216111043123 0.3206768681514188 0.4993982413502254 0.637456002347808 0.8307313564035128 0.8962668903877155 0.9717775988211129 -1.0490401 -0.9131644 -0.78458273 -0.7079166 -0.6209737 -0.58031046 -0.8059183 -0.839885 -1.0553856 -1.1148102 -0.9125676 -0.7211817 -0.47965044 -0.09791553 -0.425496 -0.67639756 -0.87299347 -1.1605858
2 400 0.0 0.0 0.0 0.0 0.0 0.0 0.0 0.0 0.0 0.0 0.0 0.0 0.0 0.0 0.0 0.0 0.0 0.0 0.0 0.0 0.0 0.0 0.0 0.0 0.0 0.0 0.0 0.0 0.0 0.0 0.0 0.0 0.0 0.0 0.0 0.0 0.0 0.0 0.0 0.0 0.0 0.0 0.0 0.0 0.0 0.0 0.0 0.0 0.0 0.0 0.0 0.0 0.0 0.0 0.0 0.0 0.0 0.0 0.0 0.0 0.0 0.0 0.0 0.0 0.0 0.0 0.0 0.0 0.0 0.0 0.0 0.0 0.0 0.0 0.0 0.0 0.0 0.0 0.0 0.0 0.0 0.0 0.0 0.0 0.0 0.0 0.0 0.0 0.0 0.0 0.0 0.0 0.0 0.0 0.0 0.022247788409735986 0.05821030578041678 0.10568402796185612 0.2227554605918705 0.3422721863862577 0.495271351597217 0.7048345240872742 0.8249649663618559 0.9392706065879647 -0.9953591 -0.83274573 -0.670225 -0.49831647 -0.33817005 -0.5544634 -0.5950007 -0.6826573 -0.9596423 -1.0664059 -0.82702947 -0.58365345 -0.2902525 -0.0042912066 -0.2505493 -0.46434593 -0.6171831 -1.0079411
0 800 0.0 0.0 0.0 0.0 0.0 0.0 0.0 0.0 0.0 0.0 0.0 0.0 0.0 0.0 0.0 0.0 0.0 0.0 0.0 0.0 0.0 0.0 0.0 0.0 0.0 0.0 0.0 0.0 0.0 0.0 0.0 0.0 0.0 0.0 0.0 0.0 0.0 0.0 0.0 0.0 0.0 0.0 0.0 0.0 0.0 0.0 0.0 0.0 0.0 0.0 0.0 0.0 0.0 0.0 0.0 0.0 0.0 0.0 0.0 0.0 0.0 0.0 0.0 0.0 0.0 0.0 0.0 0.0 0.0 0.0 0.0 0.0 0.0 0.0 0.0 0.0 0.0 0.0 0.0 0.0 0.0 0.0 0.0 0.0 0.0 0.0 0.0 0.0 0.0 0.0 0.0 0.0 0.0 0.0 0.0 0.050687144109952335 0.15046555202039352 0.28748798878754733 0.5021169777729679 0.6700035692196488 0.771625181902994 0.8699947699607902 0.9294150952335599 0.9820441506486204 -0.96321917 -0.77818483 -0.59930444 -0.4549683 -0.28206655 -0.4141763 -0.5610785 -0.6975065 -0.98447496 -0.98707116 -0.71165884 -0.4590178 -0.2303187 0.06648323 -0.16789386 -0.42838287 -0.65942186 -1.0711803
1 800 0.0 0.0 0.0 0.0 0.0 0.0 0.0 0.0 0.0 0.0 0.0 0.0 0.0 0.0 0.0 0.0 0.0 0.0 0.0 0.0 0.0 0.0 0.0 0.0 0.0 0.0 0.0 0.0 0.0 0.0 0.0 0.0 0.0 0.0 0.0 0.0 0.0 0.0 0.0 0.0 0.0 0.0 0.0 0.0 0.0 0.0 0.0 0.0 0.0 0.0 0.0 0.0 0.0 0.0 0.0 0.0 0.0 0.0 0.0 0.0 0.0 0.0 0.0 0.0 0.0 0.0 0.0 0.0 0.0 0.0 0.0 0.0 0.0 0.0 0.0 0.0 0.0 0.0 0.0 0.0 0.0 0.0 0.0 0.0 0.0 0.0 0.0 0.0 0.0 0.0 0.0 0.0 0.0 0.0 0.0 0.02962280263326357 0.06878402012113113 0.14521829498795683 0.3206426454388182 0.49949405181904954 0.6374325336862818 0.8304120733837338 0.8961584910427937 0.9716995269518017 -1.0494897 -0.9131386 -0.78461236 -0.7080048 -0.621004 -0.5803462 -0.80537856 -0.8397758 -1.0551587 -1.1154795 -0.91252923 -0.7212258 -0.47968113 -0.09832646 -0.42554402 -0.675732 -0.87281966 -1.160203
2 800 0.0 0.0 0.0 0.0 0.0 0.0 0.0 0.0 0.0 0.0 0.0 0.0 0.0 0.0 0.0 0.0 0.0 0.0 0.0 0.0 0.0 0.0 0.0 0.0 0.0 0.0 0.0 0.0 0.0 0.0 0.0 0.0 0.0 0.0 0.0 0.0 0.0 0.0 0.0 0.0 0.0 0.0 0.0 0.0 0.0 0.0 0.0 0.0 0.0 0.0 0.0 0.0 0.0 0.0 0.0 0.0 0.0 0.0 0.0 0.0 0.0 0.0 0.0 0.0 0.0 0.0 0.0 0.0 0.0 0.0 0.0 0.0 0.0 0.0 0.0 0.0 0.0 0.0 0.0 0.0 0.0 0.0 0.0 0.0 0.0 0.0 0.0 0.0 0.0 0.0 0.0 0.0 0.0 0.0 0.0 0.022243240814663445 0.05821030578041678 0.10571779397423012 0.22276352916832903 0.3424119672554123 0.4952612927980601 0.7041307647629583 0.824739496931852 0.9390970754124509 -0.9953866 -0.83274573 -0.67018116 -0.4983172 -0.33835083 -0.5543872 -0.59518594 -0.6825431 -0.95947933 -1.0664483 -0.82702947 -0.5835854 -0.2902538 -0.0046132207 -0.25069666 -0.46458262 -0.61697185 -1.0076437
0 400 -0.0315697006881237 0.0014465946005657315 0.04922652617096901 0.04133608937263489 -0.025855906307697296 0.1547992080450058 -0.1534150093793869 0.10389922559261322 -0.0341901071369648 0.06697029620409012 -0.11218686401844025 -0.012186630629003048 0.19757668673992157 0.011743031442165375 0.01579427719116211 0.13949614763259888 -0.06309803575277328 0.1974818855524063 -0.053102992475032806 0.11060668528079987 -0.051129262894392014 -0.010944110341370106 -0.15684983134269714 -0.08810151368379593 0.09948382526636124 -0.16657733917236328 -0.010063556022942066 -0.10106544941663742 0.09505369514226913 -0.1606590300798416 0.08902642130851746 -0.03025750257074833 0.064004085958004 0.1415628045797348 0.07075270265340805 -0.12394019216299057 0.14510279893875122 0.056255925446748734 0.1494743376970291 -0.18161436915397644 -0.08030474931001663 -0.09331537783145905 0.15927718579769135 0.16974611580371857 -0.12019370496273041 0.19013530015945435 0.14439423382282257 -0.13266117870807648 0.12417532503604889 -0.0035918119829148054 -0.017483044415712357 -0.08957529813051224 -0.09713486582040787 0.11756927520036697 -0.058009229600429535 0.13730743527412415 0.0045826733112335205 -0.06957901269197464 0.08244401961565018 -0.053532738238573074 0.11076188832521439 0.10280823707580566 0.03888801112771034 0.09858492016792297 0.020090429112315178 0.02111208625137806 0.11922059208154678 0.11386219412088394 0.15397152304649353 -0.02956804819405079 -0.07912740111351013 0.06656387448310852 0.09537842869758606 0.1367792785167694 0.10838666558265686 -0.05719784274697304 -0.023866591975092888 -0.07627134770154953 -0.08984985947608948 -0.11820609867572784 0.05733383819460869 0.10626398772001266 -0.14678320288658142 0.11390649527311325 -0.06321348249912262 0.028058234602212906 -0.11925693601369858 -0.0072083501145243645 0.026668895035982132 0.10114159435033798 0.11168865114450455 0.12320782989263535 -0.13223586976528168 0.11140035092830658 0.04879302158951759 0.10745231553460338 0.1621327547590091 0.48351488227946104 0.3598385150813657 0.6441945235838318 0.7245819611732808 0.8501220695121025 0.9438249434575332 0.984391015986157 -0.8377604 -0.76452684 -0.618934 -0.4479515 -0.28738046 -0.39317268 -0.5918983 -0.7155112 -1.0031327 -0.8003334 -0.6913297 -0.48700827 -0.21406719 0.058431387 -0.13286304 -0.44720623 -0.6926798 -1.1006241
1 400 -0.0315697006881237 0.0014465946005657315 0.04922652617096901 0.04133608937263489 -0.025855906307697296 0.1547992080450058 -0.1534150093793869 0.10389922559261322 -0.0341901071369648 0.06697029620409012 -0.11218686401844025 -0.012186630629003048 0.19757668673992157 0.011743031442165375 0.01579427719116211 0.13949614763259888 -0.06309803575277328 0.1974818855524063 -0.053102992475032806 0.11060668528079987 -0.051129262894392014 -0.010944110341370106 -0.15684983134269714 -0.08810151368379593 0.09948382526636124 -0.16657733917236328 -0.010063556022942066 -0.10106544941663742 0.09505369514226913 -0.1606590300798416 0.08902642130851746 -0.03025750257074833 0.064004085958004 0.1415628045797348 0.07075270265340805 -0.12394019216299057 0.14510279893875122 0.056255925446748734 0.1494743376970291 -0.18161436915397644 -0.08030474931001663 -0.09331537783145905 0.15927718579769135 0.16974611580371857 -0.12019370496273041 0.19013530015945435 0.14439423382282257 -0.13266117870807648 0.12417532503604889 -0.0035918119829148054 -0.017483044415712357 -0.08957529813051224 -0.09713486582040787 0.11756927520036697 -0.058009229600429535 0.13730743527412415 0.0045826733112335205 -0.06957901269197464 0.08244401961565018 -0.053532738238573074 0.11076188832521439 0.10280823707580566 0.03888801112771034 0.09858492016792297 0.020090429112315178 0.02111208625137806 0.11922059208154678 0.11386219412088394 0.15397152304649353 -0.02956804819405079 -0.07912740111351013 0.06656387448310852 0.09537842869758606 0.1367792785167694 0.10838666558265686 -0.05719784274697304 -0.023866591975092888 -0.07627134770154953 -0.08984985947608948 -0.11820609867572784 0.05733383819460869 0.10626398772001266 -0.14678320288658142 0.11390649527311325 -0.06321348249912262 0.028058234602212906 -0.11925693601369858 -0.0072083501145243645 0.026668895035982132 0.10114159435033798 0.11168865114450455 0.12320782989263535 -0.13223586976528168 0.11140035092830658 0.04879302158951759 0.032710784748626556 0.061548069755292985 0.15329075760274724 0.3669517175009022 0.4969679627597259 0.5650826402091355 0.8238289998142763 0.9057079691922356 0.9708995301139629 -1.0336964 -0.93148494 -0.7748003 -0.62367904 -0.5673001 -0.5747238 -0.7722148 -0.9009106 -1.08521 -1.0919721 -0.9398366 -0.7066211 -0.3473405 -0.22569595 -0.4108572 -0.63889116 -0.8623729 -1.2018427
2 400 -0.0315697006881237 0.0014465946005657315 0.04922652617096901 0.04133608937263489 -0.025855906307697296 0.1547992080450058 -0.1534150093793869 0.10389922559261322 -0.0341901071369648 0.06697029620409012 -0.11218686401844025 -0.012186630629003048 0.19757668673992157 0.011743031442165375 0.01579427719116211 0.13949614763259888 -0.06309803575277328 0.1974818855524063 -0.053102992475032806 0.11060668528079987 -0.051129262894392014 -0.010944110341370106 -0.15684983134269714 -0.08810151368379593 0.09948382526636124 -0.16657733917236328 -0.010063556022942066 -0.10106544941663742 0.09505369514226913 -0.1606590300798416 0.08902642130851746 -0.03025750257074833 0.064004085958004 0.1415628045797348 0.07075270265340805 -0.12394019216299057 0.14510279893875122 0.056255925446748734 0.1494743376970291 -0.18161436915397644 -0.08030474931001663 -0.09331537783145905 0.15927718579769135 0.16974611580371857 -0.12019370496273041 0.19013530015945435 0.14439423382282257 -0.13266117870807648 0.12417532503604889 -0.0035918119829148054 -0.017483044415712357 -0.08957529813051224 -0.09713486582040787 0.11756927520036697 -0.058009229600429535 0.13730743527412415 0.0045826733112335205 -0.06957901269197464 0.08244401961565018 -0.053532738238573074 0.11076188832521439 0.10280823707580566 0.03888801112771034 0.09858492016792297 0.020090429112315178 0.02111208625137806 0.11922059208154678 0.11386219412088394 0.15397152304649353 -0.02956804819405079 -0.07912740111351013 0.06656387448310852 0.09537842869758606 0.1367792785167694 0.10838666558265686 -0.05719784274697304 -0.023866591975092888 -0.07627134770154953 -0.08984985947608948 -0.11820609867572784 0.05733383819460869 0.10626398772001266 -0.14678320288658142 0.11390649527311325 -0.06321348249912262 0.028058234602212906 -0.11925693601369858 -0.0072083501145243645 0.026668895035982132 0.10114159435033798 0.11168865114450455 0.12320782989263535 -0.13223586976528168 0.11140035092830658 0.04879302158951759 0.05893209519521577 0.12103443292581294 0.2616848085821405 0.17262247878942877 0.3539162393969414 0.4903277183539136 0.7702683990634038 0.8930007271804994 0.9081479169435887 -0.93861663 -0.80062497 -0.6620014 -0.49170336 -0.35310853 -0.5170529 -0.5453921 -0.65543795 -0.8989808 -0.9504516 -0.7502527 -0.5385118 -0.28871188 -0.03090486 -0.32297996 -0.39082763 -0.583748 -0.9125637
0 400 -0.028412729501724243 0.001301935059018433 0.04430387169122696 0.03720248118042946 -0.023270314559340477 0.1393192857503891 -0.13807350397109985 0.09350930154323578 -0.03077109530568123 0.06027326360344887 -0.10096817463636398 -0.010967967100441456 0.17781901359558105 0.010568727739155293 0.014214849099516869 0.12554652988910675 -0.056788232177495956 0.17773368954658508 -0.047792691737413406 0.09954601526260376 -0.04601633548736572 -0.009849699214100838 -0.1411648392677307 -0.07929135859012604 0.0895354375243187 -0.14991959929466248 -0.009057200513780117 -0.09095890074968338 0.08554832637310028 -0.14459311962127686 0.08012377470731735 -0.027231751009821892 0.05760367587208748 0.1274065226316452 0.06367743015289307 -0.11154617369174957 0.13059251010417938 0.05063033103942871 0.13452689349651337 -0.16345292329788208 -0.07227427512407303 -0.08398383855819702 0.14334946870803833 0.1527715027332306 -0.10817433148622513 0.1711217612028122 0.12995480000972748 -0.11939505487680435 0.111757792532444 -0.003232630668208003 -0.01573473960161209 -0.0806177631020546 -0.08742137998342514 0.10581234842538834 -0.0522083044052124 0.12357668578624725 0.0041244057938456535 -0.062621109187603 0.0741996169090271 -0.04817946255207062 0.09968569874763489 0.09252741187810898 0.03499921038746834 0.08872642368078232 0.018081385642290115 0.01900087669491768 0.10729853063821793 0.10247597098350525 0.13857436180114746 -0.026611242443323135 -0.07121466100215912 0.05990748479962349 0.08584058284759521 0.12310134619474411 0.0975479930639267 -0.051478058099746704 -0.021479932591319084 -0.0686442106962204 -0.08086486905813217 -0.1063854843378067 0.05160045251250267 0.09563758969306946 -0.13210487365722656 0.10251584649085999 -0.05689213424921036 0.025252411141991615 -0.10733123868703842 -0.006487514823675156 0.02400200441479683 0.09102743119001389 0.10051978379487991 0.11088704317808151 -0.11901228129863739 0.10026030987501144 0.043913718312978745 0.09469139885135963 0.1580713824854226 0.47643193114342364 0.3721806519486424 0.6445664824673027 0.7402477519130229 0.8568907890482523 0.9392443016972345 0.9841621635157167 -0.8594594 -0.7691877 -0.61976147 -0.4480787 -0.28216267 -0.39744836 -0.5822721 -0.7141324 -1.0015359 -0.832631 -0.6982671 -0.48886812 -0.21480305 0.06751299 -0.14018363 -0.4414171 -0.6889754 -1.098046
1 400 -0.028412729501724243 0.001301935059018433 0.04430387169122696 0.03720248118042946 -0.023270314559340477 0.1393192857503891 -0.13807350397109985 0.09350930154323578 -0.03077109530568123 0.06027326360344887 -0.10096817463636398 -0.010967967100441456 0.17781901359558105 0.010568727739155293 0.014214849099516869 0.12554652988910675 -0.056788232177495956 0.17773368954658508 -0.047792691737413406 0.09954601526260376 -0.04601633548736572 -0.009849699214100838 -0.1411648392677307 -0.07929135859012604 0.0895354375243187 -0.14991959929466248 -0.009057200513780117 -0.09095890074968338 0.08554832637310028 -0.14459311962127686 0.08012377470731735 -0.027231751009821892 0.05760367587208748 0.1274065226316452 0.06367743015289307 -0.11154617369174957 0.13059251010417938 0.05063033103942871 0.13452689349651337 -0.16345292329788208 -0.07227427512407303 -0.08398383855819702 0.14334946870803833 0.1527715027332306 -0.10817433148622513 0.1711217612028122 0.12995480000972748 -0.11939505487680435 0.111757792532444 -0.003232630668208003 -0.01573473960161209 -0.0806177631020546 -0.08742137998342514 0.10581234842538834 -0.0522083044052124 0.12357668578624725 0.0041244057938456535 -0.062621109187603 0.0741996169090271 -0.04817946255207062 0.09968569874763489 0.09252741187810898 0.03499921038746834 0.08872642368078232 0.018081385642290115 0.01900087669491768 0.10729853063821793 0.10247597098350525 0.13857436180114746 -0.026611242443323135 -0.07121466100215912 0.05990748479962349 0.08584058284759521 0.12310134619474411 0.0975479930639267 -0.051478058099746704 -0.021479932591319084 -0.0686442106962204 -0.08086486905813217 -0.1063854843378067 0.05160045251250267 0.09563758969306946 -0.13210487365722656 0.10251584649085999 -0.05689213424921036 0.025252411141991615 -0.10733123868703842 -0.006487514823675156 0.02400200441479683 0.09102743119001389 0.10051978379487991 0.11088704317808151 -0.11901228129863739 0.10026030987501144 0.043913718312978745 0.03279424154215401 0.06215430102077409 0.1527971249701732 0.35631996913136865 0.4996042108793975 0.5705965263814936 0.8273687106615641 0.9043500370663793 0.971898599122254 -1.0332899 -0.92987275 -0.7753879 -0.6319752 -0.5872455 -0.5790359 -0.77909863 -0.89757264 -1.0897225 -1.0913671 -0.93743706 -0.7074958 -0.36417413 -0.18707947 -0.4174279 -0.65089643 -0.8685652 -1.2089977
2 400 -0.028412729501724243 0.001301935059018433 0.04430387169122696 0.03720248118042946 -0.023270314559340477 0.1393192857503891 -0.13807350397109985 0.09350930154323578 -0.03077109530568123 0.06027326360344887 -0.10096817463636398 -0.010967967100441456 0.17781901359558105 0.010568727739155293 0.014214849099516869 0.12554652988910675 -0.056788232177495956 0.17773368954658508 -0.047792691737413406 0.09954601526260376 -0.04601633548736572 -0.009849699214100838 -0.1411648392677307 -0.07929135859012604 0.0895354375243187 -0.14991959929466248 -0.009057200513780117 -0.09095890074968338 0.08554832637310028 -0.14459311962127686 0.08012377470731735 -0.027231751009821892 0.05760367587208748 0.1274065226316452 0.06367743015289307 -0.11154617369174957 0.13059251010417938 0.05063033103942871 0.13452689349651337 -0.16345292329788208 -0.07227427512407303 -0.08398383855819702 0.14334946870803833 0.1527715027332306 -0.10817433148622513 0.1711217612028122 0.12995480000972748 -0.11939505487680435 0.111757792532444 -0.003232630668208003 -0.01573473960161209 -0.0806177631020546 -0.08742137998342514 0.10581234842538834 -0.0522083044052124 0.12357668578624725 0.0041244057938456535 -0.062621109187603 0.0741996169090271 -0.04817946255207062 0.09968569874763489 0.09252741187810898 0.03499921038746834 0.08872642368078232 0.018081385642290115 0.01900087669491768 0.10729853063821793 0.10247597098350525 0.13857436180114746 -0.026611242443323135 -0.07121466100215912 0.05990748479962349 0.08584058284759521 0.12310134619474411 0.0975479930639267 -0.051478058099746704 -0.021479932591319084 -0.0686442106962204 -0.08086486905813217 -0.1063854843378067 0.05160045251250267 0.09563758969306946 -0.13210487365722656 0.10251584649085999 -0.05689213424921036 0.025252411141991615 -0.10733123868703842 -0.006487514823675156 0.02400200441479683 0.09102743119001389 0.10051978379487991 0.11088704317808151 -0.11901228129863739 0.10026030987501144 0.043913718312978745 0.054984467030693214 0.1021404296483653 0.244483091553156 0.17837718298454347 0.35106003616392845 0.4903277183539136 0.7722653294961304 0.8819833819742282 0.9097771066651527 -0.94996154 -0.8073995 -0.67060816 -0.49300277 -0.34946558 -0.5170529 -0.545649 -0.65911174 -0.90591836 -0.96733797 -0.7675227 -0.55119455 -0.2869563 -0.024414748 -0.32297996 -0.39144275 -0.587664 -0.9227662
0 400 -0.025255760177969933 0.0011572757503017783 0.03938122093677521 0.03306887298822403 -0.020684724673628807 0.123839370906353 -0.1227320060133934 0.08311938494443893 -0.02735208533704281 0.053576238453388214 -0.08974949270486832 -0.009749304503202438 0.15806135535240173 0.009394424967467785 0.012635421939194202 0.11159691959619522 -0.05047842860221863 0.15798550844192505 -0.042482394725084305 0.08848535269498825 -0.04090341180562973 -0.00875528808683157 -0.12547986209392548 -0.07048121094703674 0.07958706468343735 -0.13326187431812286 -0.008050845004618168 -0.08085235953330994 0.07604295760393143 -0.1285272240638733 0.07122113555669785 -0.024206003174185753 0.05120326951146126 0.1132502481341362 0.05660216137766838 -0.09915215522050858 0.11608224362134933 0.04500474035739899 0.11957947164773941 -0.1452914923429489 -0.06424380093812943 -0.0746523067355156 0.12742175161838531 0.13579688966274261 -0.09615496546030045 0.15210823714733124 0.11551538854837418 -0.10612894594669342 0.09934026002883911 -0.0028734495863318443 -0.0139864357188344 -0.07166024297475815 -0.07770789414644241 0.0940554216504097 -0.04640738293528557 0.10984595119953156 0.003666138742119074 -0.05566320940852165 0.06595521420240402 -0.04282619059085846 0.08860950917005539 0.08224659413099289 0.031110409647226334 0.07886793464422226 0.016072344034910202 0.016889669001102448 0.09537647664546967 0.09108975529670715 0.12317722290754318 -0.02365443855524063 -0.0633019208908081 0.05325109884142876 0.07630274444818497 0.10942342132329941 0.08670933544635773 -0.04575827345252037 -0.01909327320754528 -0.061017077416181564 -0.07187988609075546 -0.09456487745046616 0.04586707055568695 0.08501119166612625 -0.1174265667796135 0.09112519770860672 -0.050570785999298096 0.022446587681770325 -0.09540554881095886 -0.005766679998487234 0.021335115656256676 0.08091327548027039 0.08935092389583588 0.09856626391410828 -0.1057887002825737 0.0891202837228775 0.039034418761730194 0.08433349279264295 0.1540683587832582 0.4689790705584561 0.38683281133749325 0.6454142173338708 0.7553132079492935 0.8635794335314589 0.9344557779314514 0.983896635635065 -0.87909067 -0.77387774 -0.62070704 -0.44906145 -0.27769554 -0.40171337 -0.5727543 -0.7117467 -0.9968661 -0.861851 -0.7052479 -0.49097282 -0.21703336 0.07528117 -0.14749123 -0.4357692 -0.68369615 -1.0910969
1 400 -0.025255760177969933 0.0011572757503017783 0.03938122093677521 0.03306887298822403 -0.020684724673628807 0.123839370906353 -0.1227320060133934 0.08311938494443893 -0.02735208533704281 0.053576238453388214 -0.08974949270486832 -0.009749304503202438 0.15806135535240173 0.009394424967467785 0.012635421939194202 0.11159691959619522 -0.05047842860221863 0.15798550844192505 -0.042482394725084305 0.08848535269498825 -0.04090341180562973 -0.00875528808683157 -0.12547986209392548 -0.07048121094703674 0.07958706468343735 -0.13326187431812286 -0.008050845004618168 -0.08085235953330994 0.07604295760393143 -0.1285272240638733 0.07122113555669785 -0.024206003174185753 0.05120326951146126 0.1132502481341362 0.05660216137766838 -0.09915215522050858 0.11608224362134933 0.04500474035739899 0.11957947164773941 -0.1452914923429489 -0.06424380093812943 -0.0746523067355156 0.12742175161838531 0.13579688966274261 -0.09615496546030045 0.15210823714733124 0.11551538854837418 -0.10612894594669342 0.09934026002883911 -0.0028734495863318443 -0.0139864357188344 -0.07166024297475815 -0.07770789414644241 0.0940554216504097 -0.04640738293528557 0.10984595119953156 0.003666138742119074 -0.05566320940852165 0.06595521420240402 -0.04282619059085846 0.08860950917005539 0.08224659413099289 0.031110409647226334 0.07886793464422226 0.016072344034910202 0.016889669001102448 0.09537647664546967 0.09108975529670715 0.12317722290754318 -0.02365443855524063 -0.0633019208908081 0.05325109884142876 0.07630274444818497 0.10942342132329941 0.08670933544635773 -0.04575827345252037 -0.01909327320754528 -0.061017077416181564 -0.07187988609075546 -0.09456487745046616 0.04586707055568695 0.08501119166612625 -0.1174265667796135 0.09112519770860672 -0.050570785999298096 0.022446587681770325 -0.09540554881095886 -0.005766679998487234 0.021335115656256676 0.08091327548027039 0.08935092389583588 0.09856626391410828 -0.1057887002825737 0.0891202837228775 0.039034418761730194 0.03279016410154739 0.06269468097655986 0.15231188249434355 0.34583288997675526 0.5017701998635904 0.5760373009993914 0.8306207514285656 0.9028898730105134 0.9729536453861809 -1.0333097 -0.928448 -0.7759671 -0.64017445 -0.6036332 -0.5833043 -0.7873684 -0.89426166 -1.0944524 -1.0913966 -0.9353163 -0.7083579 -0.38096392 -0.15535116 -0.42393193 -0.6614274 -0.87469614 -1.2165344
2 400 -0.025255760177969933 0.0011572757503017783 0.03938122093677521 0.03306887298822403 -0.020684724673628807 0.123839370906353 -0.1227320060133934 0.08311938494443893 -0.02735208533704281 0.053576238453388214 -0.08974949270486832 -0.009749304503202438 0.15806135535240173 0.009394424967467785 0.012635421939194202 0.11159691959619522 -0.05047842860221863 0.15798550844192505 -0.042482394725084305 0.08848535269498825 -0.04090341180562973 -0.00875528808683157 -0.12547986209392548 -0.07048121094703674 0.07958706468343735 -0.13326187431812286 -0.008050845004618168 -0.08085235953330994 0.07604295760393143 -0.1285272240638733 0.07122113555669785 -0.024206003174185753 0.05120326951146126 0.1132502481341362 0.05660216137766838 -0.09915215522050858 0.11608224362134933 0.04500474035739899 0.11957947164773941 -0.1452914923429489 -0.06424380093812943 -0.0746523067355156 0.12742175161838531 0.13579688966274261 -0.09615496546030045 0.15210823714733124 0.11551538854837418 -0.10612894594669342 0.09934026002883911 -0.0028734495863318443 -0.0139864357188344 -0.07166024297475815 -0.07770789414644241 0.0940554216504097 -0.04640738293528557 0.10984595119953156 0.003666138742119074 -0.05566320940852165 0.06595521420240402 -0.04282619059085846 0.08860950917005539 0.08224659413099289 0.031110409647226334 0.07886793464422226 0.016072344034910202 0.016889669001102448 0.09537647664546967 0.09108975529670715 0.12317722290754318 -0.02365443855524063 -0.0633019208908081 0.05325109884142876 0.07630274444818497 0.10942342132329941 0.08670933544635773 -0.04575827345252037 -0.01909327320754528 -0.061017077416181564 -0.07187988609075546 -0.09456487745046616 0.04586707055568695 0.08501119166612625 -0.1174265667796135 0.09112519770860672 -0.050570785999298096 0.022446587681770325 -0.09540554881095886 -0.005766679998487234 0.021335115656256676 0.08091327548027039 0.08935092389583588 0.09856626391410828 -0.1057887002825737 0.0891202837228775 0.039034418761730194 0.05209482528458307 0.09020360105215283 0.2280011176354834 0.1842891567620255 0.3498573917302593 0.4903277183539136 0.7615672804731253 0.8704924838492114 0.9161962122215571 -0.9587631 -0.8128127 -0.6792775 -0.49430448 -0.34792757 -0.5170529 -0.5575603 -0.6591836 -0.9149336 -0.9804386 -0.78058326 -0.56397045 -0.28519616 -0.021674722 -0.32297996 -0.40948266 -0.5858792 -0.93726194
0 400 -0.022098790854215622 0.0010126162087544799 0.03445856645703316 0.02893526293337345 -0.018099134787917137 0.1083594411611557 -0.10739050805568695 0.0727294534444809 -0.02393307536840439 0.046879205852746964 -0.07853080332279205 -0.008530640974640846 0.13830368220806122 0.008220122195780277 0.011055993847548962 0.0976473018527031 -0.0441686250269413 0.13823731243610382 -0.037172093987464905 0.07742467522621155 -0.03579048439860344 -0.007660876959562302 -0.10979487746953964 -0.06167105957865715 0.0696386769413948 -0.11660413444042206 -0.007044489029794931 -0.0707458108663559 0.06653758883476257 -0.11246132105588913 0.06231849268078804 -0.021180251613259315 0.04480285942554474 0.099093958735466 0.049526892602443695 -0.08675813674926758 0.1015719547867775 0.039379145950078964 0.10463203489780426 -0.12713006138801575 -0.05621332302689552 -0.06532076001167297 0.1114940270781517 0.11882227659225464 -0.08413559198379517 0.13309471309185028 0.10107596218585968 -0.0928628221154213 0.08692272752523422 -0.002514268271625042 -0.012238130904734135 -0.0627027079463005 -0.06799440830945969 0.08229849487543106 -0.040606461465358734 0.09611520171165466 0.003207871224731207 -0.04870530962944031 0.057710811495780945 -0.037472914904356 0.07753331959247589 0.0719657614827156 0.02722160704433918 0.0690094456076622 0.01406330056488514 0.014778460375964642 0.08345441520214081 0.07970353215932846 0.10778006166219711 -0.020697632804512978 -0.05538918077945709 0.046594712883234024 0.06676489859819412 0.0957454964518547 0.07587066292762756 -0.04003848880529404 -0.016706613823771477 -0.05338994413614273 -0.06289490312337875 -0.08274427056312561 0.04013368487358093 0.07438479363918304 -0.10274823755025864 0.07973454892635345 -0.044249437749385834 0.019640764221549034 -0.0834798514842987 -0.005045845173299313 0.018668226897716522 0.07079911231994629 0.07818205654621124 0.08624547719955444 -0.09256510436534882 0.07798024266958237 0.034155115485191345 0.07864317837312594 0.15247312828625936 0.4605591116179749 0.4055700633630702 0.6477878159078454 0.762999498556109 0.8699847096075797 0.9329426687363673 0.9836302453875814 -0.89082646 -0.7757745 -0.62257665 -0.45156932 -0.27433634 -0.40540147 -0.5631654 -0.7075334 -0.9952191 -0.87931895 -0.7080712 -0.49376795 -0.2219275 0.081021726 -0.15378731 -0.4300583 -0.6764976 -1.0884058
1 400 -0.022098790854215622 0.0010126162087544799 0.03445856645703316 0.02893526293337345 -0.018099134787917137 0.1083594411611557 -0.10739050805568695 0.0727294534444809 -0.02393307536840439 0.046879205852746964 -0.07853080332279205 -0.008530640974640846 0.13830368220806122 0.008220122195780277 0.011055993847548962 0.0976473018527031 -0.0441686250269413 0.13823731243610382 -0.037172093987464905 0.07742467522621155 -0.03579048439860344 -0.007660876959562302 -0.10979487746953964 -0.06167105957865715 0.0696386769413948 -0.11660413444042206 -0.007044489029794931 -0.0707458108663559 0.06653758883476257 -0.11246132105588913 0.06231849268078804 -0.021180251613259315 0.04480285942554474 0.099093958735466 0.049526892602443695 -0.08675813674926758 0.1015719547867775 0.039379145950078964 0.10463203489780426 -0.12713006138801575 -0.05621332302689552 -0.06532076001167297 0.1114940270781517 0.11882227659225464 -0.08413559198379517 0.13309471309185028 0.10107596218585968 -0.0928628221154213 0.08692272752523422 -0.002514268271625042 -0.012238130904734135 -0.0627027079463005 -0.06799440830945969 0.08229849487543106 -0.040606461465358734 0.09611520171165466 0.003207871224731207 -0.04870530962944031 0.057710811495780945 -0.037472914904356 0.07753331959247589 0.0719657614827156 0.02722160704433918 0.0690094456076622 0.01406330056488514 0.014778460375964642 0.08345441520214081 0.07970353215932846 0.10778006166219711 -0.020697632804512978 -0.05538918077945709 0.046594712883234024 0.06676489859819412 0.0957454964518547 0.07587066292762756 -0.04003848880529404 -0.016706613823771477 -0.05338994413614273 -0.06289490312337875 -0.08274427056312561 0.04013368487358093 0.07438479363918304 -0.10274823755025864 0.07973454892635345 -0.044249437749385834 0.019640764221549034 -0.0834798514842987 -0.005045845173299313 0.018668226897716522 0.07079911231994629 0.07818205654621124 0.08624547719955444 -0.09256510436534882 0.07798024266958237 0.034155115485191345 0.03283560029210136 0.06331270702313152 0.15172837712614146 0.3355209543207411 0.50368778352338 0.5871102251748868 0.8338908625772187 0.9015081750920252 0.9738338983315001 -1.0330889 -0.92683256 -0.77666557 -0.6484401 -0.6181416 -0.58810943 -0.79579294 -0.8910551 -1.0966294 -1.0910678 -0.9329119 -0.70939744 -0.3977669 -0.12726139 -0.43171242 -0.67213917 -0.8810258 -1.2203591
2 400 -0.022098790854215622 0.0010126162087544799 0.03445856645703316 0.02893526293337345 -0.018099134787917137 0.1083594411611557 -0.10739050805568695 0.0727294534444809 -0.02393307536840439 0.046879205852746964 -0.07853080332279205 -0.008530640974640846 0.13830368220806122 0.008220122195780277 0.011055993847548962 0.0976473018527031 -0.0441686250269413 0.13823731243610382 -0.037172093987464905 0.07742467522621155 -0.03579048439860344 -0.007660876959562302 -0.10979487746953964 -0.06167105957865715 0.0696386769413948 -0.11660413444042206 -0.007044489029794931 -0.0707458108663559 0.06653758883476257 -0.11246132105588913 0.06231849268078804 -0.021180251613259315 0.04480285942554474 0.099093958735466 0.049526892602443695 -0.08675813674926758 0.1015719547867775 0.039379145950078964 0.10463203489780426 -0.12713006138801575 -0.05621332302689552 -0.06532076001167297 0.1114940270781517 0.11882227659225464 -0.08413559198379517 0.13309471309185028 0.10107596218585968 -0.0928628221154213 0.08692272752523422 -0.002514268271625042 -0.012238130904734135 -0.0627027079463005 -0.06799440830945969 0.08229849487543106 -0.040606461465358734 0.09611520171165466 0.003207871224731207 -0.04870530962944031 0.057710811495780945 -0.037472914904356 0.07753331959247589 0.0719657614827156 0.02722160704433918 0.0690094456076622 0.01406330056488514 0.014778460375964642 0.08345441520214081 0.07970353215932846 0.10778006166219711 -0.020697632804512978 -0.05538918077945709 0.046594712883234024 0.06676489859819412 0.0957454964518547 0.07587066292762756 -0.04003848880529404 -0.016706613823771477 -0.05338994413614273 -0.06289490312337875 -0.08274427056312561 0.04013368487358093 0.07438479363918304 -0.10274823755025864 0.07973454892635345 -0.044249437749385834 0.019640764221549034 -0.0834798514842987 -0.005045845173299313 0.018668226897716522 0.07079911231994629 0.07818205654621124 0.08624547719955444 -0.09256510436534882 0.07798024266958237 0.034155115485191345 0.04984571054200536 0.08153211098200312 0.21234752360688808 0.19006533350831006 0.3486982501421836 0.4903277183539136 0.7489695161233512 0.8620840512136181 0.9223539134210718 -0.96593904 -0.817431 -0.6878972 -0.49522355 -0.34644297 -0.5170529 -0.56742084 -0.66043466 -0.92418385 -0.9911194 -0.7913966 -0.5766721 -0.28485 -0.019029796 -0.32297996 -0.42408296 -0.5865853 -0.95213723
0 400 -0.01894182153046131 0.0008679567836225033 0.029535917565226555 0.024801654741168022 -0.015513543970882893 0.0928795263171196 -0.0920490100979805 0.06233953684568405 -0.02051406539976597 0.04018218070268631 -0.06731212139129639 -0.007311978843063116 0.1185460165143013 0.007045818958431482 0.009476566687226295 0.08369769155979156 -0.03785882145166397 0.11848913878202438 -0.0318617969751358 0.06636401265859604 -0.030677558854222298 -0.006566466297954321 -0.0941099002957344 -0.052860911935567856 0.05969029664993286 -0.09994640946388245 -0.0060381339862942696 -0.06063927337527275 0.05703222006559372 -0.09639542549848557 0.05341585353016853 -0.018154501914978027 0.03840245306491852 0.084937684237957 0.04245162382721901 -0.07436411827802658 0.08706168085336685 0.03375355526804924 0.08968460559844971 -0.10896862298250198 -0.04818285256624222 -0.05598922818899155 0.09556631743907928 0.10184767097234726 -0.07211622595787048 0.11408118158578873 0.08663654327392578 -0.07959671318531036 0.07450519502162933 -0.0021550871897488832 -0.010489827021956444 -0.05374518036842346 -0.05828092247247696 0.07054156810045242 -0.0348055399954319 0.08238446712493896 0.0027496041730046272 -0.04174740985035896 0.049466412514448166 -0.032119642943143845 0.06645713746547699 0.06168494373559952 0.023332808166742325 0.059150952845811844 0.012054258026182652 0.01266725268214941 0.07153236120939255 0.06831731647253036 0.09238291531801224 -0.017740828916430473 -0.04747644439339638 0.03993832692503929 0.057227060198783875 0.08206757158041 0.0650320053100586 -0.034318707883358 -0.014319955371320248 -0.0457628108561039 -0.053909916430711746 -0.07092366367578506 0.03440030291676521 0.06375839561223984 -0.08806992322206497 0.06834390014410019 -0.03792808949947357 0.016834940761327744 -0.07155416160821915 -0.004325010348111391 0.01600133813917637 0.06068496033549309 0.0670131966471672 0.07392469793558121 -0.07934152334928513 0.06684021651744843 0.029275814071297646 0.07402169437319887 0.15218954548842228 0.43031374461909555 0.4245680770722474 0.6530683169485765 0.7687777692878449 0.8706011325608467 0.9319172321286953 0.9833696515079016 -0.90094393 -0.7761134 -0.6291846 -0.45408046 -0.27508843 -0.40898007 -0.5612004 -0.7039739 -0.9937345 -0.8943782 -0.7085756 -0.50126827 -0.22682688 0.07943335 -0.15987518 -0.42867476 -0.6704943 -1.0859572
1 400 -0.01894182153046131 0.0008679567836225033 0.029535917565226555 0.024801654741168022 -0.015513543970882893 0.0928795263171196 -0.0920490100979805 0.06233953684568405 -0.02051406539976597 0.04018218070268631 -0.06731212139129639 -0.007311978843063116 0.1185460165143013 0.007045818958431482 0.009476566687226295 0.08369769155979156 -0.03785882145166397 0.11848913878202438 -0.0318617969751358 0.06636401265859604 -0.030677558854222298 -0.006566466297954321 -0.0941099002957344 -0.052860911935567856 0.05969029664993286 -0.09994640946388245 -0.0060381339862942696 -0.06063927337527275 0.05703222006559372 -0.09639542549848557 0.05341585353016853 -0.018154501914978027 0.03840245306491852 0.084937684237957 0.04245162382721901 -0.07436411827802658 0.08706168085336685 0.03375355526804924 0.08968460559844971 -0.10896862298250198 -0.04818285256624222 -0.05598922818899155 0.09556631743907928 0.10184767097234726 -0.07211622595787048 0.11408118158578873 0.08663654327392578 -0.07959671318531036 0.07450519502162933 -0.0021550871897488832 -0.010489827021956444 -0.05374518036842346 -0.05828092247247696 0.07054156810045242 -0.0348055399954319 0.08238446712493896 0.0027496041730046272 -0.04174740985035896 0.049466412514448166 -0.032119642943143845 0.06645713746547699 0.06168494373559952 0.023332808166742325 0.059150952845811844 0.012054258026182652 0.01266725268214941 0.07153236120939255 0.06831731647253036 0.09238291531801224 -0.017740828916430473 -0.04747644439339638 0.03993832692503929 0.057227060198783875 0.08206757158041 0.0650320053100586 -0.034318707883358 -0.014319955371320248 -0.0457628108561039 -0.053909916430711746 -0.07092366367578506 0.03440030291676521 0.06375839561223984 -0.08806992322206497 0.06834390014410019 -0.03792808949947357 0.016834940761327744 -0.07155416160821915 -0.004325010348111391 0.01600133813917637 0.06068496033549309 0.0670131966471672 0.07392469793558121 -0.07934152334928513 0.06684021651744843 0.029275814071297646 0.032802294799212574 0.06343769898467715 0.1511270834767087 0.325331614077011 0.5050052123801471 0.5997599132312976 0.8377357418420996 0.9000042057233887 0.9734747467023447 -1.0332508 -0.92650765 -0.7773877 -0.656728 -0.62810963 -0.5910705 -0.801582 -0.8876772 -1.090883 -1.0913088 -0.93242824 -0.7104723 -0.4146049 -0.107962176 -0.43705347 -0.6795163 -0.8870827 -1.2119602
2 400 -0.01894182153046131 0.0008679567836225033 0.029535917565226555 0.024801654741168022 -0.015513543970882893 0.0928795263171196 -0.0920490100979805 0.06233953684568405 -0.02051406539976597 0.04018218070268631 -0.06731212139129639 -0.007311978843063116 0.1185460165143013 0.007045818958431482 0.009476566687226295 0.08369769155979156 -0.03785882145166397 0.11848913878202438 -0.0318617969751358 0.06636401265859604 -0.030677558854222298 -0.006566466297954321 -0.0941099002957344 -0.052860911935567856 0.05969029664993286 -0.09994640946388245 -0.0060381339862942696 -0.06063927337527275 0.05703222006559372 -0.09639542549848557 0.05341585353016853 -0.018154501914978027 0.03840245306491852 0.084937684237957 0.04245162382721901 -0.07436411827802658 0.08706168085336685 0.03375355526804924 0.08968460559844971 -0.10896862298250198 -0.04818285256624222 -0.05598922818899155 0.09556631743907928 0.10184767097234726 -0.07211622595787048 0.11408118158578873 0.08663654327392578 -0.07959671318531036 0.07450519502162933 -0.0021550871897488832 -0.010489827021956444 -0.05374518036842346 -0.05828092247247696 0.07054156810045242 -0.0348055399954319 0.08238446712493896 0.0027496041730046272 -0.04174740985035896 0.049466412514448166 -0.032119642943143845 0.06645713746547699 0.06168494373559952 0.023332808166742325 0.059150952845811844 0.012054258026182652 0.01266725268214941 0.07153236120939255 0.06831731647253036 0.09238291531801224 -0.017740828916430473 -0.04747644439339638 0.03993832692503929 0.057227060198783875 0.08206757158041 0.0650320053100586 -0.034318707883358 -0.014319955371320248 -0.0457628108561039 -0.053909916430711746 -0.07092366367578506 0.03440030291676521 0.06375839561223984 -0.08806992322206497 0.06834390014410019 -0.03792808949947357 0.016834940761327744 -0.07155416160821915 -0.004325010348111391 0.01600133813917637 0.06068496033549309 0.0670131966471672 0.07392469793558121 -0.07934152334928513 0.06684021651744843 0.029275814071297646 0.04765309281377094 0.0735371859397273 0.17648621634833986 0.19551535024544395 0.34746800423591945 0.4910850061094321 0.7401045595425465 0.8565150964521755 0.9280019660533596 -0.9732363 -0.82226557 -0.6869992 -0.49576542 -0.34486473 -0.5227841 -0.57484484 -0.6626538 -0.93660223 -1.0019809 -0.8025276 -0.58463645 -0.2857965 -0.016218096 -0.31188372 -0.43516004 -0.5893205 -0.9714391
0 400 -0.01578485034406185 0.0007232973002828658 0.024613263085484505 0.020668044686317444 -0.012927953153848648 0.0773996040225029 -0.07670750468969345 0.05194961279630661 -0.0170950535684824 0.03348514810204506 -0.05609343200922012 -0.006093315314501524 0.09878834336996078 0.005871515721082687 0.007897138595581055 0.06974807381629944 -0.03154901787638664 0.09874094277620316 -0.026551496237516403 0.05530334264039993 -0.025564631447196007 -0.005472055170685053 -0.07842491567134857 -0.044050756841897964 0.04974191263318062 -0.08328866958618164 -0.005031778011471033 -0.05053272470831871 0.04752684757113457 -0.0803295150399208 0.04451321065425873 -0.015128751285374165 0.032002042979002 0.0707814022898674 0.035376351326704025 -0.061970096081495285 0.07255139946937561 0.028127962723374367 0.07473716884851456 -0.09080718457698822 -0.040152374655008316 -0.04665768891572952 0.07963859289884567 0.08487305790185928 -0.060096852481365204 0.09506765007972717 0.07219711691141129 -0.06633058935403824 0.062087662518024445 -0.0017959059914574027 -0.008741522207856178 -0.04478764906525612 -0.048567432910203934 0.05878463760018349 -0.029004614800214767 0.06865371763706207 0.0022913366556167603 -0.03478950634598732 0.04122200980782509 -0.026766369119286537 0.05538094416260719 0.05140411853790283 0.01944400556385517 0.04929246008396149 0.010045214556157589 0.01055604312568903 0.05961029604077339 0.05693109706044197 0.07698576152324677 -0.014784024097025394 -0.039563700556755066 0.03328193724155426 0.04768921434879303 0.0683896392583847 0.05419333279132843 -0.02859892137348652 -0.011933295987546444 -0.038135673850774765 -0.04492492973804474 -0.05910304933786392 0.028666919097304344 0.05313199386000633 -0.07339160144329071 0.056953247636556625 -0.03160674124956131 0.014029117301106453 -0.05962846800684929 -0.0036041750572621822 0.013334447517991066 0.05057079717516899 0.055844325572252274 0.06160391494631767 -0.06611793488264084 0.05570017546415329 0.024396510794758797 0.06963359314044931 0.15192544847901918 0.3583192491355235 0.4429045866922098 0.6574504870956871 0.7722998124376416 0.8705525585708167 0.9314734372167497 0.9831736327633385 -0.9111035 -0.7764294 -0.61959285 -0.45625845 -0.27651212 -0.41307312 -0.5611906 -0.7028827 -0.9923101 -0.9095 -0.709046 -0.49121404 -0.23111826 0.076749265 -0.16607895 -0.42865133 -0.66861844 -1.083686
1 400 -0.01578485034406185 0.0007232973002828658 0.024613263085484505 0.020668044686317444 -0.012927953153848648 0.0773996040225029 -0.07670750468969345 0.05194961279630661 -0.0170950535684824 0.03348514810204506 -0.05609343200922012 -0.006093315314501524 0.09878834336996078 0.005871515721082687 0.007897138595581055 0.06974807381629944 -0.03154901787638664 0.09874094277620316 -0.026551496237516403 0.05530334264039993 -0.025564631447196007 -0.005472055170685053 -0.07842491567134857 -0.044050756841897964 0.04974191263318062 -0.08328866958618164 -0.005031778011471033 -0.05053272470831871 0.04752684757113457 -0.0803295150399208 0.04451321065425873 -0.015128751285374165 0.032002042979002 0.0707814022898674 0.035376351326704025 -0.061970096081495285 0.07255139946937561 0.028127962723374367 0.07473716884851456 -0.09080718457698822 -0.040152374655008316 -0.04665768891572952 0.07963859289884567 0.08487305790185928 -0.060096852481365204 0.09506765007972717 0.07219711691141129 -0.06633058935403824 0.062087662518024445 -0.0017959059914574027 -0.008741522207856178 -0.04478764906525612 -0.048567432910203934 0.05878463760018349 -0.029004614800214767 0.06865371763706207 0.0022913366556167603 -0.03478950634598732 0.04122200980782509 -0.026766369119286537 0.05538094416260719 0.05140411853790283 0.01944400556385517 0.04929246008396149 0.010045214556157589 0.01055604312568903 0.05961029604077339 0.05693109706044197 0.07698576152324677 -0.014784024097025394 -0.039563700556755066 0.03328193724155426 0.04768921434879303 0.0683896392583847 0.05419333279132843 -0.02859892137348652 -0.011933295987546444 -0.038135673850774765 -0.04492492973804474 -0.05910304933786392 0.028666919097304344 0.05313199386000633 -0.07339160144329071 0.056953247636556625 -0.03160674124956131 0.014029117301106453 -0.05962846800684929 -0.0036041750572621822 0.013334447517991066 0.05057079717516899 0.055844325572252274 0.06160391494631767 -0.06611793488264084 0.05570017546415329 0.024396510794758797 0.03241390643437261 0.06351967510329756 0.15050876816892048 0.3153268726833349 0.5030520205222913 0.6119542522211917 0.8418632315522985 0.899352032761305 0.9731124486320953 -1.0351508 -0.9262949 -0.7781327 -0.6650283 -0.62604904 -0.5924965 -0.80599576 -0.87972564 -1.0852025 -1.0941367 -0.9321115 -0.7115811 -0.43144348 -0.10335128 -0.44020414 -0.68513465 -0.8846595 -1.2036551
2 400 -0.01578485034406185 0.0007232973002828658 0.024613263085484505 0.020668044686317444 -0.012927953153848648 0.0773996040225029 -0.07670750468969345 0.05194961279630661 -0.0170950535684824 0.03348514810204506 -0.05609343200922012 -0.006093315314501524 0.09878834336996078 0.005871515721082687 0.007897138595581055 0.06974807381629944 -0.03154901787638664 0.09874094277620316 -0.026551496237516403 0.05530334264039993 -0.025564631447196007 -0.005472055170685053 -0.07842491567134857 -0.044050756841897964 0.04974191263318062 -0.08328866958618164 -0.005031778011471033 -0.05053272470831871 0.04752684757113457 -0.0803295150399208 0.04451321065425873 -0.015128751285374165 0.032002042979002 0.0707814022898674 0.035376351326704025 -0.061970096081495285 0.07255139946937561 0.028127962723374367 0.07473716884851456 -0.09080718457698822 -0.040152374655008316 -0.04665768891572952 0.07963859289884567 0.08487305790185928 -0.060096852481365204 0.09506765007972717 0.07219711691141129 -0.06633058935403824 0.062087662518024445 -0.0017959059914574027 -0.008741522207856178 -0.04478764906525612 -0.048567432910203934 0.05878463760018349 -0.029004614800214767 0.06865371763706207 0.0022913366556167603 -0.03478950634598732 0.04122200980782509 -0.026766369119286537 0.05538094416260719 0.05140411853790283 0.01944400556385517 0.04929246008396149 0.010045214556157589 0.01055604312568903 0.05961029604077339 0.05693109706044197 0.07698576152324677 -0.014784024097025394 -0.039563700556755066 0.03328193724155426 0.04768921434879303 0.0683896392583847 0.05419333279132843 -0.02859892137348652 -0.011933295987546444 -0.038135673850774765 -0.04492492973804474 -0.05910304933786392 0.028666919097304344 0.05313199386000633 -0.07339160144329071 0.056953247636556625 -0.03160674124956131 0.014029117301106453 -0.05962846800684929 -0.0036041750572621822 0.013334447517991066 0.05057079717516899 0.055844325572252274 0.06160391494631767 -0.06611793488264084 0.05570017546415329 0.024396510794758797 0.04204784340873941 0.06634660205054037 0.1450188528132137 0.19987764219424772 0.3456587513335721 0.49178535277648056 0.7309488639298284 0.8505030923110063 0.9333911236144893 -0.9766909 -0.8268868 -0.6843543 -0.49619097 -0.34253895 -0.5280842 -0.58230543 -0.6665773 -0.94919515 -1.0124297 -0.81334794 -0.5906141 -0.2865398 -0.012074649 -0.3016221 -0.4462875 -0.59475416 -0.9910306
0 400 -0.012627880088984966 0.0005786378751508892 0.019690610468387604 0.016534436494112015 -0.010342362336814404 0.0619196854531765 -0.0613660030066967 0.04155969247221947 -0.013676042668521404 0.026788119226694107 -0.04487474635243416 -0.004874652251601219 0.07903067767620087 0.0046972124837338924 0.006317710969597101 0.05579845979809761 -0.025239214301109314 0.07899275422096252 -0.021241197362542152 0.044242676347494125 -0.020451705902814865 -0.004377644043415785 -0.06273993104696274 -0.03524060547351837 0.039793532341718674 -0.06663093715906143 -0.004025422502309084 -0.04042617976665497 0.038021478801965714 -0.06426361203193665 0.03561056777834892 -0.012103001587092876 0.02560163475573063 0.0566251240670681 0.02830108068883419 -0.04957607761025429 0.05804112181067467 0.022502370178699493 0.059789735823869705 -0.07264574617147446 -0.03212190046906471 -0.0373261533677578 0.06371087580919266 0.06789844483137131 -0.04807748273015022 0.07605411857366562 0.05775769427418709 -0.05306447297334671 0.049670130014419556 -0.0014367247931659222 -0.0069932178594172 -0.035830121487379074 -0.03885394707322121 0.04702771082520485 -0.023203691467642784 0.05492297559976578 0.001833069371059537 -0.027831604704260826 0.03297760710120201 -0.02141309529542923 0.044304754585027695 0.041123297065496445 0.015555204823613167 0.03943396732211113 0.008036172017455101 0.008444834500551224 0.04768823832273483 0.04554487764835358 0.06158861145377159 -0.011827219277620316 -0.03165096044540405 0.02662554942071438 0.038151372224092484 0.054711710661649704 0.043354667723178864 -0.022879136726260185 -0.00954663660377264 -0.030508538708090782 -0.03593994304537773 -0.04728243872523308 0.022933535277843475 0.042505595833063126 -0.05871328338980675 0.04556259885430336 -0.025285392999649048 0.011223293840885162 -0.04770277440547943 -0.002883339999243617 0.010667557828128338 0.04045663774013519 0.04467546194791794 0.04928313195705414 -0.05289435014128685 0.04456014186143875 0.019517209380865097 0.06543604235554926 0.15164048725925383 0.2988883853935552 0.45467178252784174 0.6617844535394204 0.7714683527196922 0.8704772180607766 0.9311243266126968 0.9829488336554781 -0.92139214 -0.77677095 -0.6047847 -0.45600042 -0.27795643 -0.41421282 -0.56117547 -0.70186996 -0.9907258 -0.9248141 -0.70955443 -0.46929502 -0.23095834 0.07403147 -0.16794193 -0.42861503 -0.6668956 -1.0811543
1 400 -0.012627880088984966 0.0005786378751508892 0.019690610468387604 0.016534436494112015 -0.010342362336814404 0.0619196854531765 -0.0613660030066967 0.04155969247221947 -0.013676042668521404 0.026788119226694107 -0.04487474635243416 -0.004874652251601219 0.07903067767620087 0.0046972124837338924 0.006317710969597101 0.05579845979809761 -0.025239214301109314 0.07899275422096252 -0.021241197362542152 0.044242676347494125 -0.020451705902814865 -0.004377644043415785 -0.06273993104696274 -0.03524060547351837 0.039793532341718674 -0.06663093715906143 -0.004025422502309084 -0.04042617976665497 0.038021478801965714 -0.06426361203193665 0.03561056777834892 -0.012103001587092876 0.02560163475573063 0.0566251240670681 0.02830108068883419 -0.04957607761025429 0.05804112181067467 0.022502370178699493 0.059789735823869705 -0.07264574617147446 -0.03212190046906471 -0.0373261533677578 0.06371087580919266 0.06789844483137131 -0.04807748273015022 0.07605411857366562 0.05775769427418709 -0.05306447297334671 0.049670130014419556 -0.0014367247931659222 -0.0069932178594172 -0.035830121487379074 -0.03885394707322121 0.04702771082520485 -0.023203691467642784 0.05492297559976578 0.001833069371059537 -0.027831604704260826 0.03297760710120201 -0.02141309529542923 0.044304754585027695 0.041123297065496445 0.015555204823613167 0.03943396732211113 0.008036172017455101 0.008444834500551224 0.04768823832273483 0.04554487764835358 0.06158861145377159 -0.011827219277620316 -0.03165096044540405 0.02662554942071438 0.038151372224092484 0.054711710661649704 0.043354667723178864 -0.022879136726260185 -0.00954663660377264 -0.030508538708090782 -0.03593994304537773 -0.04728243872523308 0.022933535277843475 0.042505595833063126 -0.05871328338980675 0.04556259885430336 -0.025285392999649048 0.011223293840885162 -0.04770277440547943 -0.002883339999243617 0.010667557828128338 0.04045663774013519 0.04467546194791794 0.04928313195705414 -0.05289435014128685 0.04456014186143875 0.019517209380865097 0.032096381217010236 0.06454470626500548 0.14722959194383245 0.30295072409292734 0.5021845810635119 0.6240218424546086 0.8399903980875882 0.8988056243416005 0.9728231557806614 -1.0367203 -0.9236556 -0.7821263 -0.67642874 -0.6248976 -0.5940344 -0.80913794 -0.8717483 -1.0791215 -1.0964731 -0.9281832 -0.7175255 -0.45064962 -0.10192099 -0.44351333 -0.68583894 -0.8824431 -1.1948527
2 400 -0.012627880088984966 0.0005786378751508892 0.019690610468387604 0.016534436494112015 -0.010342362336814404 0.0619196854531765 -0.0613660030066967 0.04155969247221947 -0.013676042668521404 0.026788119226694107 -0.04487474635243416 -0.004874652251601219 0.07903067767620087 0.0046972124837338924 0.006317710969597101 0.05579845979809761 -0.025239214301109314 0.07899275422096252 -0.021241197362542152 0.044242676347494125 -0.020451705902814865 -0.004377644043415785 -0.06273993104696274 -0.03524060547351837 0.039793532341718674 -0.06663093715906143 -0.004025422502309084 -0.04042617976665497 0.038021478801965714 -0.06426361203193665 0.03561056777834892 -0.012103001587092876 0.02560163475573063 0.0566251240670681 0.02830108068883419 -0.04957607761025429 0.05804112181067467 0.022502370178699493 0.059789735823869705 -0.07264574617147446 -0.03212190046906471 -0.0373261533677578 0.06371087580919266 0.06789844483137131 -0.04807748273015022 0.07605411857366562 0.05775769427418709 -0.05306447297334671 0.049670130014419556 -0.0014367247931659222 -0.0069932178594172 -0.035830121487379074 -0.03885394707322121 0.04702771082520485 -0.023203691467642784 0.05492297559976578 0.001833069371059537 -0.027831604704260826 0.03297760710120201 -0.02141309529542923 0.044304754585027695 0.041123297065496445 0.015555204823613167 0.03943396732211113 0.008036172017455101 0.008444834500551224 0.04768823832273483 0.04554487764835358 0.06158861145377159 -0.011827219277620316 -0.03165096044540405 0.02662554942071438 0.038151372224092484 0.054711710661649704 0.043354667723178864 -0.022879136726260185 -0.00954663660377264 -0.030508538708090782 -0.03593994304537773 -0.04728243872523308 0.022933535277843475 0.042505595833063126 -0.05871328338980675 0.04556259885430336 -0.025285392999649048 0.011223293840885162 -0.04770277440547943 -0.002883339999243617 0.010667557828128338 0.04045663774013519 0.04467546194791794 0.04928313195705414 -0.05289435014128685 0.04456014186143875 0.019517209380865097 0.036916033148723125 0.05982073450315992 0.12410453851193051 0.20430498936146946 0.3438602641367032 0.49248078962173725 0.721695626067627 0.8441922539703369 0.9383857130782791 -0.97995365 -0.8315028 -0.6783564 -0.49661577 -0.34022135 -0.53334713 -0.58972734 -0.67244303 -0.96182114 -1.0228735 -0.82415605 -0.58900446 -0.28728184 -0.007945687 -0.29143262 -0.45736226 -0.60329175 -1.0106615
0 400 -0.009470910765230656 0.00043397839181125164 0.014767958782613277 0.012400827370584011 -0.007756771985441446 0.0464397631585598 -0.04602450504899025 0.031169768422842026 -0.010257032699882984 0.020091090351343155 -0.03365606069564819 -0.003655989421531558 0.05927300825715065 0.003522909479215741 0.004738283343613148 0.04184884577989578 -0.018929410725831985 0.05924456939101219 -0.0159308984875679 0.03318200632929802 -0.015338779427111149 -0.0032832331489771605 -0.0470549501478672 -0.026430455967783928 0.02984514832496643 -0.04997320473194122 -0.0030190669931471348 -0.030319636687636375 0.02851611003279686 -0.04819771274924278 0.026707926765084267 -0.009077250957489014 0.01920122653245926 0.0424688421189785 0.021225811913609505 -0.03718205913901329 0.043530840426683426 0.01687677763402462 0.044842302799224854 -0.05448431149125099 -0.02409142628312111 -0.027994614094495773 0.04778315871953964 0.05092383548617363 -0.03605811297893524 0.05704059079289436 0.04331827163696289 -0.03979835659265518 0.03725259751081467 -0.0010775435948744416 -0.005244913510978222 -0.02687259018421173 -0.02914046123623848 0.03527078405022621 -0.01740276999771595 0.04119223356246948 0.0013748020865023136 -0.02087370492517948 0.024733206257224083 -0.016059821471571922 0.033228568732738495 0.03084247186779976 0.011666404083371162 0.029575476422905922 0.006027129013091326 0.006333626341074705 0.035766180604696274 0.03415865823626518 0.04619145765900612 -0.008870414458215237 -0.02373822219669819 0.019969163462519646 0.028613530099391937 0.041033785790205 0.0325160026550293 -0.017159353941679 -0.007159977685660124 -0.02288140542805195 -0.026954958215355873 -0.03546183183789253 0.017200151458382607 0.03187919780611992 -0.044034961611032486 0.034171950072050095 -0.018964044749736786 0.008417470380663872 -0.03577708080410957 -0.0021625051740556955 0.008000669069588184 0.030342480167746544 0.0335065983235836 0.036962348967790604 -0.03967076167464256 0.03342010825872421 0.014637907035648823 0.06151602034451637 0.15132382878830725 0.28741117897744406 0.46648979747090547 0.6661089427656723 0.7708022913901592 0.87040182285538 0.9306768722500943 0.9827451788456265 -0.93157065 -0.7771511 -0.59995764 -0.4557424 -0.2793793 -0.41513246 -0.56116027 -0.7007743 -0.98923874 -0.9399642 -0.7101202 -0.46119648 -0.23079842 0.071348965 -0.16944575 -0.42857867 -0.66501296 -1.0787914
1 400 -0.009470910765230656 0.00043397839181125164 0.014767958782613277 0.012400827370584011 -0.007756771985441446 0.0464397631585598 -0.04602450504899025 0.031169768422842026 -0.010257032699882984 0.020091090351343155 -0.03365606069564819 -0.003655989421531558 0.05927300825715065 0.003522909479215741 0.004738283343613148 0.04184884577989578 -0.018929410725831985 0.05924456939101219 -0.0159308984875679 0.03318200632929802 -0.015338779427111149 -0.0032832331489771605 -0.0470549501478672 -0.026430455967783928 0.02984514832496643 -0.04997320473194122 -0.0030190669931471348 -0.030319636687636375 0.02851611003279686 -0.04819771274924278 0.026707926765084267 -0.009077250957489014 0.01920122653245926 0.0424688421189785 0.021225811913609505 -0.03718205913901329 0.043530840426683426 0.01687677763402462 0.044842302799224854 -0.05448431149125099 -0.02409142628312111 -0.027994614094495773 0.04778315871953964 0.05092383548617363 -0.03605811297893524 0.05704059079289436 0.04331827163696289 -0.03979835659265518 0.03725259751081467 -0.0010775435948744416 -0.005244913510978222 -0.02687259018421173 -0.02914046123623848 0.03527078405022621 -0.01740276999771595 0.04119223356246948 0.0013748020865023136 -0.02087370492517948 0.024733206257224083 -0.016059821471571922 0.033228568732738495 0.03084247186779976 0.011666404083371162 0.029575476422905922 0.006027129013091326 0.006333626341074705 0.035766180604696274 0.03415865823626518 0.04619145765900612 -0.008870414458215237 -0.02373822219669819 0.019969163462519646 0.028613530099391937 0.041033785790205 0.0325160026550293 -0.017159353941679 -0.007159977685660124 -0.02288140542805195 -0.026954958215355873 -0.03546183183789253 0.017200151458382607 0.03187919780611992 -0.044034961611032486 0.034171950072050095 -0.018964044749736786 0.008417470380663872 -0.03577708080410957 -0.0021625051740556955 0.008000669069588184 0.030342480167746544 0.0335065983235836 0.036962348967790604 -0.03967076167464256 0.03342010825872421 0.014637907035648823 0.03178225932237799 0.065560806570186 0.1452391635855503 0.30569445481006047 0.5012901249537022 0.635925712764351 0.834624101999035 0.898146537985647 0.9725757262873118 -1.0382881 -0.9210776 -0.7845864 -0.6928673 -0.62377554 -0.59546036 -0.81145626 -0.86379683 -1.0732934 -1.0988065 -0.92434597 -0.72118723 -0.46926925 -0.100275785 -0.446664 -0.6836997 -0.8800199 -1.1864438
2 400 -0.009470910765230656 0.00043397839181125164 0.014767958782613277 0.012400827370584011 -0.007756771985441446 0.0464397631585598 -0.04602450504899025 0.031169768422842026 -0.010257032699882984 0.020091090351343155 -0.03365606069564819 -0.003655989421531558 0.05927300825715065 0.003522909479215741 0.004738283343613148 0.04184884577989578 -0.018929410725831985 0.05924456939101219 -0.0159308984875679 0.03318200632929802 -0.015338779427111149 -0.0032832331489771605 -0.0470549501478672 -0.026430455967783928 0.02984514832496643 -0.04997320473194122 -0.0030190669931471348 -0.030319636687636375 0.02851611003279686 -0.04819771274924278 0.026707926765084267 -0.009077250957489014 0.01920122653245926 0.0424688421189785 0.021225811913609505 -0.03718205913901329 0.043530840426683426 0.01687677763402462 0.044842302799224854 -0.05448431149125099 -0.02409142628312111 -0.027994614094495773 0.04778315871953964 0.05092383548617363 -0.03605811297893524 0.05704059079289436 0.04331827163696289 -0.03979835659265518 0.03725259751081467 -0.0010775435948744416 -0.005244913510978222 -0.02687259018421173 -0.02914046123623848 0.03527078405022621 -0.01740276999771595 0.04119223356246948 0.0013748020865023136 -0.02087370492517948 0.024733206257224083 -0.016059821471571922 0.033228568732738495 0.03084247186779976 0.011666404083371162 0.029575476422905922 0.006027129013091326 0.006333626341074705 0.035766180604696274 0.03415865823626518 0.04619145765900612 -0.008870414458215237 -0.02373822219669819 0.019969163462519646 0.028613530099391937 0.041033785790205 0.0325160026550293 -0.017159353941679 -0.007159977685660124 -0.02288140542805195 -0.026954958215355873 -0.03546183183789253 0.017200151458382607 0.03187919780611992 -0.044034961611032486 0.034171950072050095 -0.018964044749736786 0.008417470380663872 -0.03577708080410957 -0.0021625051740556955 0.008000669069588184 0.030342480167746544 0.0335065983235836 0.036962348967790604 -0.03967076167464256 0.03342010825872421 0.014637907035648823 0.03234822916076666 0.05843895424982305 0.10860686088743966 0.20881249315148148 0.3431248258015094 0.4931822553798122 0.7136115536123498 0.8376658487251474 0.9409995824042102 -0.9834327 -0.832649 -0.6705836 -0.4970413 -0.33927196 -0.5386553 -0.5955815 -0.6783087 -0.9683226 -1.0336349 -0.8267126 -0.58335185 -0.28802514 -0.0062542856 -0.2811554 -0.46604064 -0.6118293 -1.0208427
0 400 -0.006313940044492483 0.0002893189375754446 0.009845305234193802 0.008267218247056007 -0.005171181168407202 0.03095984272658825 -0.03068300150334835 0.020779846236109734 -0.006838021334260702 0.013394059613347054 -0.02243737317621708 -0.0024373261258006096 0.03951533883810043 0.0023486062418669462 0.0031588554847985506 0.027899229899048805 -0.012619607150554657 0.03949637711048126 -0.010620598681271076 0.022121338173747063 -0.010225852951407433 -0.0021888220217078924 -0.03136996552348137 -0.017620302736759186 0.019896766170859337 -0.033315468579530716 -0.002012711251154542 -0.020213089883327484 0.019010739400982857 -0.03213180601596832 0.01780528388917446 -0.006051500793546438 0.012800817377865314 0.02831256203353405 0.014150540344417095 -0.024788038805127144 0.029020560905337334 0.011251185089349747 0.029894867911934853 -0.03632287308573723 -0.016060950234532356 -0.0186630766838789 0.03185543790459633 0.033949222415685654 -0.02403874136507511 0.03802705928683281 0.028878847137093544 -0.026532236486673355 0.024835065007209778 -0.0007183623965829611 -0.0034966089297086 -0.017915060743689537 -0.019426973536610603 0.023513855412602425 -0.011601845733821392 0.02746148779988289 0.0009165346855297685 -0.013915802352130413 0.016488803550601006 -0.010706547647714615 0.022152377292513847 0.020561648532748222 0.007777602411806583 0.019716983661055565 0.0040180860087275505 0.004222417250275612 0.023844119161367416 0.02277243882417679 0.030794305726885796 -0.005913609638810158 -0.015825480222702026 0.01331277471035719 0.019075686112046242 0.027355855330824852 0.021677333861589432 -0.011439568363130093 -0.00477331830188632 -0.015254269354045391 -0.017969971522688866 -0.02364121936261654 0.011466767638921738 0.021252797916531563 -0.029356641694903374 0.02278129942715168 -0.012642696499824524 0.005611646920442581 -0.023851387202739716 -0.0014416699996218085 0.005333778914064169 0.020228318870067596 0.02233773097395897 0.02464156597852707 -0.026447175070643425 0.022280070930719376 0.009758604690432549 0.05782057433918658 0.15100775066531844 0.28743717821567766 0.47834551435038025 0.6680871781815579 0.7710579006151931 0.8703743008759932 0.9303233801140545 0.982541932079457 -0.94173694 -0.77753127 -0.5997366 -0.45548436 -0.2803523 -0.41483572 -0.5611547 -0.6997607 -0.9878143 -0.9550961 -0.71068597 -0.46045908 -0.23063852 0.0695599 -0.16896412 -0.42856544 -0.66328853 -1.0765202
1 400 -0.006313940044492483 0.0002893189375754446 0.009845305234193802 0.008267218247056007 -0.005171181168407202 0.03095984272658825 -0.03068300150334835 0.020779846236109734 -0.006838021334260702 0.013394059613347054 -0.02243737317621708 -0.0024373261258006096 0.03951533883810043 0.0023486062418669462 0.0031588554847985506 0.027899229899048805 -0.012619607150554657 0.03949637711048126 -0.010620598681271076 0.022121338173747063 -0.010225852951407433 -0.0021888220217078924 -0.03136996552348137 -0.017620302736759186 0.019896766170859337 -0.033315468579530716 -0.002012711251154542 -0.020213089883327484 0.019010739400982857 -0.03213180601596832 0.01780528388917446 -0.006051500793546438 0.012800817377865314 0.02831256203353405 0.014150540344417095 -0.024788038805127144 0.029020560905337334 0.011251185089349747 0.029894867911934853 -0.03632287308573723 -0.016060950234532356 -0.0186630766838789 0.03185543790459633 0.033949222415685654 -0.02403874136507511 0.03802705928683281 0.028878847137093544 -0.026532236486673355 0.024835065007209778 -0.0007183623965829611 -0.0034966089297086 -0.017915060743689537 -0.019426973536610603 0.023513855412602425 -0.011601845733821392 0.02746148779988289 0.0009165346855297685 -0.013915802352130413 0.016488803550601006 -0.010706547647714615 0.022152377292513847 0.020561648532748222 0.007777602411806583 0.019716983661055565 0.0040180860087275505 0.004222417250275612 0.023844119161367416 0.02277243882417679 0.030794305726885796 -0.005913609638810158 -0.015825480222702026 0.01331277471035719 0.019075686112046242 0.027355855330824852 0.021677333861589432 -0.011439568363130093 -0.00477331830188632 -0.015254269354045391 -0.017969971522688866 -0.02364121936261654 0.011466767638921738 0.021252797916531563 -0.029356641694903374 0.02278129942715168 -0.012642696499824524 0.005611646920442581 -0.023851387202739716 -0.0014416699996218085 0.005333778914064169 0.020228318870067596 0.02233773097395897 0.02464156597852707 -0.026447175070643425 0.022280070930719376 0.009758604690432549 0.03127995394110786 0.0666444852269387 0.14524452501764692 0.3138653161907744 0.5004214767024842 0.6376907840443511 0.8330316919740997 0.8975948818222638 0.9723286462706016 -1.0408264 -0.91836876 -0.78457975 -0.70070666 -0.6226231 -0.59147847 -0.80983144 -0.85582256 -1.0673648 -1.1025847 -0.92031395 -0.72117734 -0.47610667 -0.09884189 -0.44123238 -0.6812222 -0.8778051 -1.1778954
2 400 -0.006313940044492483 0.0002893189375754446 0.009845305234193802 0.008267218247056007 -0.005171181168407202 0.03095984272658825 -0.03068300150334835 0.020779846236109734 -0.006838021334260702 0.013394059613347054 -0.02243737317621708 -0.0024373261258006096 0.03951533883810043 0.0023486062418669462 0.0031588554847985506 0.027899229899048805 -0.012619607150554657 0.03949637711048126 -0.010620598681271076 0.022121338173747063 -0.010225852951407433 -0.0021888220217078924 -0.03136996552348137 -0.017620302736759186 0.019896766170859337 -0.033315468579530716 -0.002012711251154542 -0.020213089883327484 0.019010739400982857 -0.03213180601596832 0.01780528388917446 -0.006051500793546438 0.012800817377865314 0.02831256203353405 0.014150540344417095 -0.024788038805127144 0.029020560905337334 0.011251185089349747 0.029894867911934853 -0.03632287308573723 -0.016060950234532356 -0.0186630766838789 0.03185543790459633 0.033949222415685654 -0.02403874136507511 0.03802705928683281 0.028878847137093544 -0.026532236486673355 0.024835065007209778 -0.0007183623965829611 -0.0034966089297086 -0.017915060743689537 -0.019426973536610603 0.023513855412602425 -0.011601845733821392 0.02746148779988289 0.0009165346855297685 -0.013915802352130413 0.016488803550601006 -0.010706547647714615 0.022152377292513847 0.020561648532748222 0.007777602411806583 0.019716983661055565 0.0040180860087275505 0.004222417250275612 0.023844119161367416 0.02277243882417679 0.030794305726885796 -0.005913609638810158 -0.015825480222702026 0.01331277471035719 0.019075686112046242 0.027355855330824852 0.021677333861589432 -0.011439568363130093 -0.00477331830188632 -0.015254269354045391 -0.017969971522688866 -0.02364121936261654 0.011466767638921738 0.021252797916531563 -0.029356641694903374 0.02278129942715168 -0.012642696499824524 0.005611646920442581 -0.023851387202739716 -0.0014416699996218085 0.005333778914064169 0.020228318870067596 0.02233773097395897 0.02464156597852707 -0.026447175070643425 0.022280070930719376 0.009758604690432549 0.02836488979260425 0.058383730310212566 0.1065369201651797 0.21338494086679188 0.3428727168715075 0.4938777259627092 0.7106605052596863 0.8309185893019457 0.9404499624048378 -0.9866946 -0.8326243 -0.6698829 -0.49746612 -0.33894628 -0.5439182 -0.59540117 -0.6841782 -0.96546626 -1.0440781 -0.8267329 -0.5830348 -0.2887672 -0.005674094 -0.2709659 -0.46549332 -0.62037253 -1.016603
0 400 -0.0031569700222462416 0.0001446594687877223 0.004922652617096901 0.004133609123528004 -0.002585590584203601 0.015479921363294125 -0.015341500751674175 0.010389923118054867 -0.003419010667130351 0.006697029806673527 -0.01121868658810854 -0.0012186630629003048 0.019757669419050217 0.0011743031209334731 0.0015794277423992753 0.013949614949524403 -0.0063098035752773285 0.01974818855524063 -0.005310299340635538 0.011060669086873531 -0.005112926475703716 -0.0010944110108539462 -0.015684982761740685 -0.008810151368379593 0.009948383085429668 -0.016657734289765358 -0.001006355625577271 -0.010106544941663742 0.009505369700491428 -0.01606590300798416 0.00890264194458723 -0.003025750396773219 0.006400408688932657 0.014156281016767025 0.007075270172208548 -0.012394019402563572 0.014510280452668667 0.005625592544674873 0.014947433955967426 -0.018161436542868614 -0.008030475117266178 -0.00933153834193945 0.015927718952298164 0.016974611207842827 -0.012019370682537556 0.019013529643416405 0.014439423568546772 -0.013266118243336678 0.012417532503604889 -0.00035918119829148054 -0.0017483044648543 -0.008957530371844769 -0.009713486768305302 0.011756927706301212 -0.005800922866910696 0.013730743899941444 0.00045826734276488423 -0.0069579011760652065 0.008244401775300503 -0.0053532738238573074 0.011076188646256924 0.010280824266374111 0.0038888012059032917 0.009858491830527782 0.0020090430043637753 0.002111208625137806 0.011922059580683708 0.011386219412088394 0.015397152863442898 -0.002956804819405079 -0.007912740111351013 0.006656387355178595 0.009537843056023121 0.013677927665412426 0.010838666930794716 -0.005719784181565046 -0.00238665915094316 -0.0076271346770226955 -0.008984985761344433 -0.01182060968130827 0.005733383819460869 0.010626398958265781 -0.014678320847451687 0.01139064971357584 -0.006321348249912262 0.0028058234602212906 -0.011925693601369858 -0.0007208349998109043 0.0026668894570320845 0.010114159435033798 0.011168865486979485 0.012320782989263535 -0.013223587535321712 0.011140035465359688 0.004879302345216274 0.05421079558825902 0.15077846231494668 0.2874619803570918 0.4902257083826611 0.6690528193192625 0.7713416231375968 0.8702808091364977 0.9298705748865225 0.9823071032123966 -0.95227456 -0.77780735 -0.5995256 -0.45522633 -0.28119835 -0.41450602 -0.56113595 -0.6986704 -0.98619324 -0.9707806 -0.711097 -0.45975518 -0.23047861 0.06804001 -0.16842899 -0.4285204 -0.6614143 -1.0739346
1 400 -0.0031569700222462416 0.0001446594687877223 0.004922652617096901 0.004133609123528004 -0.002585590584203601 0.015479921363294125 -0.015341500751674175 0.010389923118054867 -0.003419010667130351 0.006697029806673527 -0.01121868658810854 -0.0012186630629003048 0.019757669419050217 0.0011743031209334731 0.0015794277423992753 0.013949614949524403 -0.0063098035752773285 0.01974818855524063 -0.005310299340635538 0.011060669086873531 -0.005112926475703716 -0.0010944110108539462 -0.015684982761740685 -0.008810151368379593 0.009948383085429668 -0.016657734289765358 -0.001006355625577271 -0.010106544941663742 0.009505369700491428 -0.01606590300798416 0.00890264194458723 -0.003025750396773219 0.006400408688932657 0.014156281016767025 0.007075270172208548 -0.012394019402563572 0.014510280452668667 0.005625592544674873 0.014947433955967426 -0.018161436542868614 -0.008030475117266178 -0.00933153834193945 0.015927718952298164 0.016974611207842827 -0.012019370682537556 0.019013529643416405 0.014439423568546772 -0.013266118243336678 0.012417532503604889 -0.00035918119829148054 -0.0017483044648543 -0.008957530371844769 -0.009713486768305302 0.011756927706301212 -0.005800922866910696 0.013730743899941444 0.00045826734276488423 -0.0069579011760652065 0.008244401775300503 -0.0053532738238573074 0.011076188646256924 0.010280824266374111 0.0038888012059032917 0.009858491830527782 0.0020090430043637753 0.002111208625137806 0.011922059580683708 0.011386219412088394 0.015397152863442898 -0.002956804819405079 -0.007912740111351013 0.006656387355178595 0.009537843056023121 0.013677927665412426 0.010838666930794716 -0.005719784181565046 -0.00238665915094316 -0.0076271346770226955 -0.008984985761344433 -0.01182060968130827 0.005733383819460869 0.010626398958265781 -0.014678320847451687 0.01139064971357584 -0.006321348249912262 0.0028058234602212906 -0.011925693601369858 -0.0007208349998109043 0.0026668894570320845 0.010114159435033798 0.011168865486979485 0.012320782989263535 -0.013223587535321712 0.011140035465359688 0.004879302345216274 0.030478295213373877 0.06765748937996358 0.14521653525995926 0.3219836563300055 0.49957734341547255 0.6373676103045481 0.8318449881755404 0.8969327741248411 0.9720364401135182 -1.0449603 -0.9158733 -0.78461456 -0.70466274 -0.62150806 -0.58595294 -0.8078074 -0.8478538 -1.0612763 -1.1087378 -0.91659963 -0.7212291 -0.47847125 -0.09743588 -0.4334265 -0.6787267 -0.87539923 -1.1690866
2 400 -0.0031569700222462416 0.0001446594687877223 0.004922652617096901 0.004133609123528004 -0.002585590584203601 0.015479921363294125 -0.015341500751674175 0.010389923118054867 -0.003419010667130351 0.006697029806673527 -0.01121868658810854 -0.0012186630629003048 0.019757669419050217 0.0011743031209334731 0.0015794277423992753 0.013949614949524403 -0.0063098035752773285 0.01974818855524063 -0.005310299340635538 0.011060669086873531 -0.005112926475703716 -0.0010944110108539462 -0.015684982761740685 -0.008810151368379593 0.009948383085429668 -0.016657734289765358 -0.001006355625577271 -0.010106544941663742 0.009505369700491428 -0.01606590300798416 0.00890264194458723 -0.003025750396773219 0.006400408688932657 0.014156281016767025 0.007075270172208548 -0.012394019402563572 0.014510280452668667 0.005625592544674873 0.014947433955967426 -0.018161436542868614 -0.008030475117266178 -0.00933153834193945 0.015927718952298164 0.016974611207842827 -0.012019370682537556 0.019013529643416405 0.014439423568546772 -0.013266118243336678 0.012417532503604889 -0.00035918119829148054 -0.0017483044648543 -0.008957530371844769 -0.009713486768305302 0.011756927706301212 -0.005800922866910696 0.013730743899941444 0.00045826734276488423 -0.0069579011760652065 0.008244401775300503 -0.0053532738238573074 0.011076188646256924 0.010280824266374111 0.0038888012059032917 0.009858491830527782 0.0020090430043637753 0.002111208625137806 0.011922059580683708 0.011386219412088394 0.015397152863442898 -0.002956804819405079 -0.007912740111351013 0.006656387355178595 0.009537843056023121 0.013677927665412426 0.010838666930794716 -0.005719784181565046 -0.00238665915094316 -0.0076271346770226955 -0.008984985761344433 -0.01182060968130827 0.005733383819460869 0.010626398958265781 -0.014678320847451687 0.01139064971357584 -0.006321348249912262 0.0028058234602212906 -0.011925693601369858 -0.0007208349998109043 0.0026668894570320845 0.010114159435033798 0.011168865486979485 0.012320782989263535 -0.013223587535321712 0.011140035465359688 0.004879302345216274 0.024867175980347888 0.05827428152490713 0.10611389299050387 0.21803786898766075 0.3426176616242323 0.49457093273927805 0.7077775789606173 0.8272844127325849 0.9398395982734612 -0.99030006 -0.83272463 -0.6700667 -0.49789166 -0.3386167 -0.5491632 -0.5951943 -0.6844147 -0.96256137 -1.0549084 -0.8269477 -0.58336174 -0.2895105 -0.0050869286 -0.2608109 -0.46491084 -0.6202923 -1.0122727
0 400 0.0 -0.0 -0.0 -0.0 0.0 -0.0 0.0 -0.0 0.0 -0.0 0.0 0.0 -0.0 -0.0 -0.0 -0.0 0.0 -0.0 0.0 -0.0 0.0 0.0 0.0 0.0 -0.0 0.0 0.0 0.0 -0.0 0.0 -0.0 0.0 -0.0 -0.0 -0.0 0.0 -0.0 -0.0 -0.0 0.0 0.0 0.0 -0.0 -0.0 0.0 -0.0 -0.0 0.0 -0.0 0.0 0.0 0.0 0.0 -0.0 0.0 -0.0 -0.0 0.0 -0.0 0.0 -0.0 -0.0 -0.0 -0.0 -0.0 -0.0 -0.0 -0.0 -0.0 0.0 0.0 -0.0 -0.0 -0.0 -0.0 0.0 0.0 0.0 0.0 0.0 -0.0 -0.0 0.0 -0.0 0.0 -0.0 0.0 0.0 -0.0 -0.0 -0.0 -0.0 0.0 -0.0 -0.0 0.05070158951138718 0.15046331737738988 0.28748798878754733 0.5020083366362266 0.6699404558503363 0.771625181902994 0.8702053238250133 0.9294156294139031 0.9820987844342508 -0.96317285 -0.7781875 -0.59930444 -0.45496833 -0.28194934 -0.4141763 -0.56112075 -0.6975748 -0.98476887 -0.98700213 -0.7116628 -0.4590178 -0.23031613 0.06668842 -0.16789386 -0.42848408 -0.6595316 -1.0716634
1 400 0.0 -0.0 -0.0 -0.0 0.0 -0.0 0.0 -0.0 0.0 -0.0 0.0 0.0 -0.0 -0.0 -0.0 -0.0 0.0 -0.0 0.0 -0.0 0.0 0.0 0.0 0.0 -0.0 0.0 0.0 0.0 -0.0 0.0 -0.0 0.0 -0.0 -0.0 -0.0 0.0 -0.0 -0.0 -0.0 0.0 0.0 0.0 -0.0 -0.0 0.0 -0.0 -0.0 0.0 -0.0 0.0 0.0 0.0 0.0 -0.0 0.0 -0.0 -0.0 0.0 -0.0 0.0 -0.0 -0.0 -0.0 -0.0 -0.0 -0.0 -0.0 -0.0 -0.0 0.0 0.0 -0.0 -0.0 -0.0 -0.0 0.0 0.0 0.0 0.0 0.0 -0.0 -0.0 0.0 -0.0 0.0 -0.0 0.0 0.0 -0.0 -0.0 -0.0 -0.0 0.0 -0.0 -0.0 0.029706675140128286 0.06877330112907934 0.14524216111043123 0.3206768681514188 0.4993982413502254 0.637456002347808 0.8307313564035128 0.8962668903877155 0.9717775988211129 -1.0490401 -0.9131644 -0.78458273 -0.7079166 -0.6209737 -0.58031046 -0.8059183 -0.839885 -1.0553856 -1.1148102 -0.9125676 -0.7211817 -0.47965044 -0.09791553 -0.425496 -0.67639756 -0.87299347 -1.1605858
2 400 0.0 -0.0 -0.0 -0.0 0.0 -0.0 0.0 -0.0 0.0 -0.0 0.0 0.0 -0.0 -0.0 -0.0 -0.0 0.0 -0.0 0.0 -0.0 0.0 0.0 0.0 0.0 -0.0 0.0 0.0 0.0 -0.0 0.0 -0.0 0.0 -0.0 -0.0 -0.0 0.0 -0.0 -0.0 -0.0 0.0 0.0 0.0 -0.0 -0.0 0.0 -0.0 -0.0 0.0 -0.0 0.0 0.0 0.0 0.0 -0.0 0.0 -0.0 -0.0 0.0 -0.0 0.0 -0.0 -0.0 -0.0 -0.0 -0.0 -0.0 -0.0 -0.0 -0.0 0.0 0.0 -0.0 -0.0 -0.0 -0.0 0.0 0.0 0.0 0.0 0.0 -0.0 -0.0 0.0 -0.0 0.0 -0.0 0.0 0.0 -0.0 -0.0 -0.0 -0.0 0.0 -0.0 -0.0 0.022247788409735986 0.05821030578041678 0.10568402796185612 0.2227554605918705 0.3422721863862577 0.495271351597217 0.7048345240872742 0.8249649663618559 0.9392706065879647 -0.9953591 -0.83274573 -0.670225 -0.49831647 -0.33817005 -0.5544634 -0.5950007 -0.6826573 -0.9596423 -1.0664059 -0.82702947 -0.58365345 -0.2902525 -0.0042912066 -0.2505493 -0.46434593 -0.6171831 -1.0079411
0 400 0.0031569700222462416 -0.0001446594687877223 -0.004922652617096901 -0.004133609123528004 0.002585590584203601 -0.015479921363294125 0.015341500751674175 -0.010389923118054867 0.003419010667130351 -0.006697029806673527 0.01121868658810854 0.0012186630629003048 -0.019757669419050217 -0.0011743031209334731 -0.0015794277423992753 -0.013949614949524403 0.0063098035752773285 -0.01974818855524063 0.005310299340635538 -0.011060669086873531 0.005112926475703716 0.0010944110108539462 0.015684982761740685 0.008810151368379593 -0.009948383085429668 0.016657734289765358 0.001006355625577271 0.010106544941663742 -0.009505369700491428 0.01606590300798416 -0.00890264194458723 0.003025750396773219 -0.006400408688932657 -0.014156281016767025 -0.007075270172208548 0.012394019402563572 -0.014510280452668667 -0.005625592544674873 -0.014947433955967426 0.018161436542868614 0.008030475117266178 0.00933153834193945 -0.015927718952298164 -0.016974611207842827 0.012019370682537556 -0.019013529643416405 -0.014439423568546772 0.013266118243336678 -0.012417532503604889 0.00035918119829148054 0.0017483044648543 0.008957530371844769 0.009713486768305302 -0.011756927706301212 0.005800922866910696 -0.013730743899941444 -0.00045826734276488423 0.0069579011760652065 -0.008244401775300503 0.0053532738238573074 -0.011076188646256924 -0.010280824266374111 -0.0038888012059032917 -0.009858491830527782 -0.0020090430043637753 -0.002111208625137806 -0.011922059580683708 -0.011386219412088394 -0.015397152863442898 0.002956804819405079 0.007912740111351013 -0.006656387355178595 -0.009537843056023121 -0.013677927665412426 -0.010838666930794716 0.005719784181565046 0.00238665915094316 0.0076271346770226955 0.008984985761344433 0.01182060968130827 -0.005733383819460869 -0.010626398958265781 0.014678320847451687 -0.01139064971357584 0.006321348249912262 -0.0028058234602212906 0.011925693601369858 0.0007208349998109043 -0.0026668894570320845 -0.010114159435033798 -0.011168865486979485 -0.012320782989263535 0.013223587535321712 -0.011140035465359688 -0.004879302345216274 0.04743672078901477 0.1501486808099766 0.28751281940725787 0.5139515194673672 0.6708403351583445 0.7718801298519659 0.8701777804206711 0.9290555317146386 0.9818880596438546 -0.97397363 -0.7785677 -0.59909344 -0.4547103 -0.2826782 -0.41387957 -0.5611152 -0.6965602 -0.98334444 -1.0030783 -0.71222866 -0.45831397 -0.2301575 0.06537372 -0.16741222 -0.42847085 -0.65780556 -1.0693922
1 400 0.0031569700222462416 -0.0001446594687877223 -0.004922652617096901 -0.004133609123528004 0.002585590584203601 -0.015479921363294125 0.015341500751674175 -0.010389923118054867 0.003419010667130351 -0.006697029806673527 0.01121868658810854 0.0012186630629003048 -0.019757669419050217 -0.0011743031209334731 -0.0015794277423992753 -0.013949614949524403 0.0063098035752773285 -0.01974818855524063 0.005310299340635538 -0.011060669086873531 0.005112926475703716 0.0010944110108539462 0.015684982761740685 0.008810151368379593 -0.009948383085429668 0.016657734289765358 0.001006355625577271 0.010106544941663742 -0.009505369700491428 0.01606590300798416 -0.00890264194458723 0.003025750396773219 -0.006400408688932657 -0.014156281016767025 -0.007075270172208548 0.012394019402563572 -0.014510280452668667 -0.005625592544674873 -0.014947433955967426 0.018161436542868614 0.008030475117266178 0.00933153834193945 -0.015927718952298164 -0.016974611207842827 0.012019370682537556 -0.019013529643416405 -0.014439423568546772 0.013266118243336678 -0.012417532503604889 0.00035918119829148054 0.0017483044648543 0.008957530371844769 0.009713486768305302 -0.011756927706301212 0.005800922866910696 -0.013730743899941444 -0.00045826734276488423 0.0069579011760652065 -0.008244401775300503 0.0053532738238573074 -0.011076188646256924 -0.010280824266374111 -0.0038888012059032917 -0.009858491830527782 -0.0020090430043637753 -0.002111208625137806 -0.011922059580683708 -0.011386219412088394 -0.015397152863442898 0.002956804819405079 0.007912740111351013 -0.006656387355178595 -0.009537843056023121 -0.013677927665412426 -0.010838666930794716 0.005719784181565046 0.00238665915094316 0.0076271346770226955 0.008984985761344433 0.01182060968130827 -0.005733383819460869 -0.010626398958265781 0.014678320847451687 -0.01139064971357584 0.006321348249912262 -0.0028058234602212906 0.011925693601369858 0.0007208349998109043 -0.0026668894570320845 -0.010114159435033798 -0.011168865486979485 -0.012320782989263535 0.013223587535321712 -0.011140035465359688 -0.004879302345216274 0.028911725183323172 0.06871944999588762 0.14522673221916885 0.3194101955442233 0.5001086530709531 0.6375330566152998 0.8295316588434405 0.8966526824916007 0.971523548940198 -1.0533521 -0.9096546 -0.7846019 -0.7110956 -0.6211184 -0.57470214 -0.8038942 -0.8323084 -1.0494568 -1.1212283 -0.9084958 -0.72121024 -0.48079434 -0.101172104 -0.4176124 -0.673902 -0.86824596 -1.1520375
2 400 0.0031569700222462416 -0.0001446594687877223 -0.004922652617096901 -0.004133609123528004 0.002585590584203601 -0.015479921363294125 0.015341500751674175 -0.010389923118054867 0.003419010667130351 -0.006697029806673527 0.01121868658810854 0.0012186630629003048 -0.019757669419050217 -0.0011743031209334731 -0.0015794277423992753 -0.013949614949524403 0.0063098035752773285 -0.01974818855524063 0.005310299340635538 -0.011060669086873531 0.005112926475703716 0.0010944110108539462 0.015684982761740685 0.008810151368379593 -0.009948383085429668 0.016657734289765358 0.001006355625577271 0.010106544941663742 -0.009505369700491428 0.01606590300798416 -0.00890264194458723 0.003025750396773219 -0.006400408688932657 -0.014156281016767025 -0.007075270172208548 0.012394019402563572 -0.014510280452668667 -0.005625592544674873 -0.014947433955967426 0.018161436542868614 0.008030475117266178 0.00933153834193945 -0.015927718952298164 -0.016974611207842827 0.012019370682537556 -0.019013529643416405 -0.014439423568546772 0.013266118243336678 -0.012417532503604889 0.00035918119829148054 0.0017483044648543 0.008957530371844769 0.009713486768305302 -0.011756927706301212 0.005800922866910696 -0.013730743899941444 -0.00045826734276488423 0.0069579011760652065 -0.008244401775300503 0.0053532738238573074 -0.011076188646256924 -0.010280824266374111 -0.0038888012059032917 -0.009858491830527782 -0.0020090430043637753 -0.002111208625137806 -0.011922059580683708 -0.011386219412088394 -0.015397152863442898 0.002956804819405079 0.007912740111351013 -0.006656387355178595 -0.009537843056023121 -0.013677927665412426 -0.010838666930794716 0.005719784181565046 0.00238665915094316 0.0076271346770226955 0.008984985761344433 0.01182060968130827 -0.005733383819460869 -0.010626398958265781 0.014678320847451687 -0.01139064971357584 0.006321348249912262 -0.0028058234602212906 0.011925693601369858 0.0007208349998109043 -0.0026668894570320845 -0.010114159435033798 -0.011168865486979485 -0.012320782989263535 0.013223587535321712 -0.011140035465359688 -0.004879302345216274 0.019892359497272943 0.05814639941557261 0.10522204708227416 0.22755362964592965 0.3420203522423827 0.49596692469109555 0.7018759806924465 0.8226188388394506 0.9386547280706818 -1.0005096 -0.83276683 -0.6704272 -0.498742 -0.33784437 -0.55972624 -0.59481096 -0.6808921 -0.95677423 -1.0780264 -0.82711124 -0.5840131 -0.29099584 -0.003711015 -0.24035978 -0.46378744 -0.614061 -1.0036649
0 400 0.006313940044492483 -0.0002893189375754446 -0.009845305234193802 -0.008267218247056007 0.005171181168407202 -0.03095984272658825 0.03068300150334835 -0.020779846236109734 0.006838021334260702 -0.013394059613347054 0.02243737317621708 0.0024373261258006096 -0.03951533883810043 -0.0023486062418669462 -0.0031588554847985506 -0.027899229899048805 0.012619607150554657 -0.03949637711048126 0.010620598681271076 -0.022121338173747063 0.010225852951407433 0.0021888220217078924 0.03136996552348137 0.017620302736759186 -0.019896766170859337 0.033315468579530716 0.002012711251154542 0.020213089883327484 -0.019010739400982857 0.03213180601596832 -0.01780528388917446 0.006051500793546438 -0.012800817377865314 -0.02831256203353405 -0.014150540344417095 0.024788038805127144 -0.029020560905337334 -0.011251185089349747 -0.029894867911934853 0.03632287308573723 0.016060950234532356 0.0186630766838789 -0.03185543790459633 -0.033949222415685654 0.02403874136507511 -0.03802705928683281 -0.028878847137093544 0.026532236486673355 -0.024835065007209778 0.0007183623965829611 0.0034966089297086 0.017915060743689537 0.019426973536610603 -0.023513855412602425 0.011601845733821392 -0.02746148779988289 -0.0009165346855297685 0.013915802352130413 -0.016488803550601006 0.010706547647714615 -0.022152377292513847 -0.020561648532748222 -0.007777602411806583 -0.019716983661055565 -0.0040180860087275505 -0.004222417250275612 -0.023844119161367416 -0.02277243882417679 -0.030794305726885796 0.005913609638810158 0.015825480222702026 -0.01331277471035719 -0.019075686112046242 -0.027355855330824852 -0.021677333861589432 0.011439568363130093 0.00477331830188632 0.015254269354045391 0.017969971522688866 0.02364121936261654 -0.011466767638921738 -0.021252797916531563 0.029356641694903374 -0.02278129942715168 0.012642696499824524 -0.005611646920442581 0.023851387202739716 0.0014416699996218085 -0.005333778914064169 -0.020228318870067596 -0.02233773097395897 -0.02464156597852707 0.026447175070643425 -0.022280070930719376 -0.009758604690432549 0.04430004329555928 0.14986644130445673 0.2875388370383782 0.525824656831508 0.6717255029493463 0.7721631962956527 0.8701022565733961 0.9285951577944903 0.9816464119982246 -0.9850374 -0.7789092 -0.59887236 -0.45445228 -0.28342924 -0.41354984 -0.56110007 -0.69547 -0.98176014 -1.0195462 -0.7127371 -0.45757657 -0.22999759 0.064022094 -0.1668771 -0.4284345 -0.65593135 -1.0668606
1 400 0.006313940044492483 -0.0002893189375754446 -0.009845305234193802 -0.008267218247056007 0.005171181168407202 -0.03095984272658825 0.03068300150334835 -0.020779846236109734 0.006838021334260702 -0.013394059613347054 0.02243737317621708 0.0024373261258006096 -0.03951533883810043 -0.0023486062418669462 -0.0031588554847985506 -0.027899229899048805 0.012619607150554657 -0.03949637711048126 0.010620598681271076 -0.022121338173747063 0.010225852951407433 0.0021888220217078924 0.03136996552348137 0.017620302736759186 -0.019896766170859337 0.033315468579530716 0.002012711251154542 0.020213089883327484 -0.019010739400982857 0.03213180601596832 -0.01780528388917446 0.006051500793546438 -0.012800817377865314 -0.02831256203353405 -0.014150540344417095 0.024788038805127144 -0.029020560905337334 -0.011251185089349747 -0.029894867911934853 0.03632287308573723 0.016060950234532356 0.0186630766838789 -0.03185543790459633 -0.033949222415685654 0.02403874136507511 -0.03802705928683281 -0.028878847137093544 0.026532236486673355 -0.024835065007209778 0.0007183623965829611 0.0034966089297086 0.017915060743689537 0.019426973536610603 -0.023513855412602425 0.011601845733821392 -0.02746148779988289 -0.0009165346855297685 0.013915802352130413 -0.016488803550601006 0.010706547647714615 -0.022152377292513847 -0.020561648532748222 -0.007777602411806583 -0.019716983661055565 -0.0040180860087275505 -0.004222417250275612 -0.023844119161367416 -0.02277243882417679 -0.030794305726885796 0.005913609638810158 0.015825480222702026 -0.01331277471035719 -0.019075686112046242 -0.027355855330824852 -0.021677333861589432 0.011439568363130093 0.00477331830188632 0.015254269354045391 0.017969971522688866 0.02364121936261654 -0.011466767638921738 -0.021252797916531563 0.029356641694903374 -0.02278129942715168 0.012642696499824524 -0.005611646920442581 0.023851387202739716 0.0014416699996218085 -0.005333778914064169 -0.020228318870067596 -0.02233773097395897 -0.02464156597852707 0.026447175070643425 -0.022280070930719376 -0.009758604690432549 0.028168992895964473 0.0636157004424262 0.14521536883519057 0.31809760778207236 0.5007896506675233 0.637580664677551 0.827697662320722 0.8989690147154248 0.9712204428301094 -1.0574859 -0.90295327 -0.784616 -0.71437883 -0.6212906 -0.56907374 -0.8019265 -0.82555795 -1.043469 -1.1273813 -0.9046805 -0.7212312 -0.48198372 -0.10420659 -0.40969777 -0.67156625 -0.85786664 -1.1433681
2 400 0.006313940044492483 -0.0002893189375754446 -0.009845305234193802 -0.008267218247056007 0.005171181168407202 -0.03095984272658825 0.03068300150334835 -0.020779846236109734 0.006838021334260702 -0.013394059613347054 0.02243737317621708 0.0024373261258006096 -0.03951533883810043 -0.0023486062418669462 -0.0031588554847985506 -0.027899229899048805 0.012619607150554657 -0.03949637711048126 0.010620598681271076 -0.022121338173747063 0.010225852951407433 0.0021888220217078924 0.03136996552348137 0.017620302736759186 -0.019896766170859337 0.033315468579530716 0.002012711251154542 0.020213089883327484 -0.019010739400982857 0.03213180601596832 -0.01780528388917446 0.006051500793546438 -0.012800817377865314 -0.02831256203353405 -0.014150540344417095 0.024788038805127144 -0.029020560905337334 -0.011251185089349747 -0.029894867911934853 0.03632287308573723 0.016060950234532356 0.0186630766838789 -0.03185543790459633 -0.033949222415685654 0.02403874136507511 -0.03802705928683281 -0.028878847137093544 0.026532236486673355 -0.024835065007209778 0.0007183623965829611 0.0034966089297086 0.017915060743689537 0.019426973536610603 -0.023513855412602425 0.011601845733821392 -0.02746148779988289 -0.0009165346855297685 0.013915802352130413 -0.016488803550601006 0.010706547647714615 -0.022152377292513847 -0.020561648532748222 -0.007777602411806583 -0.019716983661055565 -0.0040180860087275505 -0.004222417250275612 -0.023844119161367416 -0.02277243882417679 -0.030794305726885796 0.005913609638810158 0.015825480222702026 -0.01331277471035719 -0.019075686112046242 -0.027355855330824852 -0.021677333861589432 0.011439568363130093 0.00477331830188632 0.015254269354045391 0.017969971522688866 0.02364121936261654 -0.011466767638921738 -0.021252797916531563 0.029356641694903374 -0.02278129942715168 0.012642696499824524 -0.005611646920442581 0.023851387202739716 0.0014416699996218085 -0.005333778914064169 -0.020228318870067596 -0.02233773097395897 -0.02464156597852707 0.026447175070643425 -0.022280070930719376 -0.009758604690432549 0.017770175898602403 0.05803736239334159 0.10479537250780487 0.23241588722850345 0.3417244058803461 0.49666742432365496 0.6999641344447032 0.8202480892180041 0.9380387388601384 -1.0056936 -0.83286715 -0.6705855 -0.49916685 -0.3374614 -0.5650264 -0.5955899 -0.6791269 -0.95383793 -1.0897185 -0.82732606 -0.58430475 -0.29173785 -0.0030287504 -0.23009814 -0.46470442 -0.61093897 -0.9992949
0 400 0.009470910765230656 -0.00043397839181125164 -0.014767958782613277 -0.012400827370584011 0.007756771985441446 -0.0464397631585598 0.04602450504899025 -0.031169768422842026 0.010257032699882984 -0.020091090351343155 0.03365606069564819 0.003655989421531558 -0.05927300825715065 -0.003522909479215741 -0.004738283343613148 -0.04184884577989578 0.018929410725831985 -0.05924456939101219 0.0159308984875679 -0.03318200632929802 0.015338779427111149 0.0032832331489771605 0.0470549501478672 0.026430455967783928 -0.02984514832496643 0.04997320473194122 0.0030190669931471348 0.030319636687636375 -0.02851611003279686 0.04819771274924278 -0.026707926765084267 0.009077250957489014 -0.01920122653245926 -0.0424688421189785 -0.021225811913609505 0.03718205913901329 -0.043530840426683426 -0.01687677763402462 -0.044842302799224854 0.05448431149125099 0.02409142628312111 0.027994614094495773 -0.04778315871953964 -0.05092383548617363 0.03605811297893524 -0.05704059079289436 -0.04331827163696289 0.03979835659265518 -0.03725259751081467 0.0010775435948744416 0.005244913510978222 0.02687259018421173 0.02914046123623848 -0.03527078405022621 0.01740276999771595 -0.04119223356246948 -0.0013748020865023136 0.02087370492517948 -0.024733206257224083 0.016059821471571922 -0.033228568732738495 -0.03084247186779976 -0.011666404083371162 -0.029575476422905922 -0.006027129013091326 -0.006333626341074705 -0.035766180604696274 -0.03415865823626518 -0.04619145765900612 0.008870414458215237 0.02373822219669819 -0.019969163462519646 -0.028613530099391937 -0.041033785790205 -0.0325160026550293 0.017159353941679 0.007159977685660124 0.02288140542805195 0.026954958215355873 0.03546183183789253 -0.017200151458382607 -0.03187919780611992 0.044034961611032486 -0.034171950072050095 0.018964044749736786 -0.008417470380663872 0.03577708080410957 0.0021625051740556955 -0.008000669069588184 -0.030342480167746544 -0.0335065983235836 -0.036962348967790604 0.03967076167464256 -0.03342010825872421 -0.014637907035648823 0.04142132024611922 0.14960677386352927 0.28756483966302643 0.5359673311080928 0.6726229197849463 0.7724459725267475 0.8699131772805475 0.9282324856882275 0.981427500958365 -0.9958695 -0.7792239 -0.5986513 -0.45618063 -0.28415808 -0.41322014 -0.5610621 -0.69445723 -0.980273 -1.0356691 -0.71320546 -0.4568392 -0.23318638 0.062707394 -0.16634196 -0.42834365 -0.65420854 -1.0644976
1 400 0.009470910765230656 -0.00043397839181125164 -0.014767958782613277 -0.012400827370584011 0.007756771985441446 -0.0464397631585598 0.04602450504899025 -0.031169768422842026 0.010257032699882984 -0.020091090351343155 0.03365606069564819 0.003655989421531558 -0.05927300825715065 -0.003522909479215741 -0.004738283343613148 -0.04184884577989578 0.018929410725831985 -0.05924456939101219 0.0159308984875679 -0.03318200632929802 0.015338779427111149 0.0032832331489771605 0.0470549501478672 0.026430455967783928 -0.02984514832496643 0.04997320473194122 0.0030190669931471348 0.030319636687636375 -0.02851611003279686 0.04819771274924278 -0.026707926765084267 0.009077250957489014 -0.01920122653245926 -0.0424688421189785 -0.021225811913609505 0.03718205913901329 -0.043530840426683426 -0.01687677763402462 -0.044842302799224854 0.05448431149125099 0.02409142628312111 0.027994614094495773 -0.04778315871953964 -0.05092383548617363 0.03605811297893524 -0.05704059079289436 -0.04331827163696289 0.03979835659265518 -0.03725259751081467 0.0010775435948744416 0.005244913510978222 0.02687259018421173 0.02914046123623848 -0.03527078405022621 0.01740276999771595 -0.04119223356246948 -0.0013748020865023136 0.02087370492517948 -0.024733206257224083 0.016059821471571922 -0.033228568732738495 -0.03084247186779976 -0.011666404083371162 -0.029575476422905922 -0.006027129013091326 -0.006333626341074705 -0.035766180604696274 -0.03415865823626518 -0.04619145765900612 0.008870414458215237 0.02373822219669819 -0.019969163462519646 -0.028613530099391937 -0.041033785790205 -0.0325160026550293 0.017159353941679 0.007159977685660124 0.02288140542805195 0.026954958215355873 0.03546183183789253 -0.017200151458382607 -0.03187919780611992 0.044034961611032486 -0.034171950072050095 0.018964044749736786 -0.008417470380663872 0.03577708080410957 0.0021625051740556955 -0.008000669069588184 -0.030342480167746544 -0.0335065983235836 -0.036962348967790604 0.03967076167464256 -0.03342010825872421 -0.014637907035648823 0.026845167477638328 0.05891871733612527 0.14519994563532004 0.31679925726004216 0.501500056824184 0.6343510370335697 0.8245484123408494 0.9013923658484065 0.9707465683162673 -1.0651238 -0.896003 -0.7846352 -0.7176328 -0.62143534 -0.5643165 -0.80136484 -0.8188199 -1.037993 -1.13875 -0.90052795 -0.72125983 -0.48316294 -0.10746318 -0.40269166 -0.6692908 -0.84753835 -1.1352863
2 400 0.009470910765230656 -0.00043397839181125164 -0.014767958782613277 -0.012400827370584011 0.007756771985441446 -0.0464397631585598 0.04602450504899025 -0.031169768422842026 0.010257032699882984 -0.020091090351343155 0.03365606069564819 0.003655989421531558 -0.05927300825715065 -0.003522909479215741 -0.004738283343613148 -0.04184884577989578 0.018929410725831985 -0.05924456939101219 0.0159308984875679 -0.03318200632929802 0.015338779427111149 0.0032832331489771605 0.0470549501478672 0.026430455967783928 -0.02984514832496643 0.04997320473194122 0.0030190669931471348 0.030319636687636375 -0.02851611003279686 0.04819771274924278 -0.026707926765084267 0.009077250957489014 -0.01920122653245926 -0.0424688421189785 -0.021225811913609505 0.03718205913901329 -0.043530840426683426 -0.01687677763402462 -0.044842302799224854 0.05448431149125099 0.02409142628312111 0.027994614094495773 -0.04778315871953964 -0.05092383548617363 0.03605811297893524 -0.05704059079289436 -0.04331827163696289 0.03979835659265518 -0.03725259751081467 0.0010775435948744416 0.005244913510978222 0.02687259018421173 0.02914046123623848 -0.03527078405022621 0.01740276999771595 -0.04119223356246948 -0.0013748020865023136 0.02087370492517948 -0.024733206257224083 0.016059821471571922 -0.033228568732738495 -0.03084247186779976 -0.011666404083371162 -0.029575476422905922 -0.006027129013091326 -0.006333626341074705 -0.035766180604696274 -0.03415865823626518 -0.04619145765900612 0.008870414458215237 0.02373822219669819 -0.019969163462519646 -0.028613530099391937 -0.041033785790205 -0.0325160026550293 0.017159353941679 0.007159977685660124 0.02288140542805195 0.026954958215355873 0.03546183183789253 -0.017200151458382607 -0.03187919780611992 0.044034961611032486 -0.034171950072050095 0.018964044749736786 -0.008417470380663872 0.03577708080410957 0.0021625051740556955 -0.008000669069588184 -0.030342480167746544 -0.0335065983235836 -0.036962348967790604 0.03967076167464256 -0.03342010825872421 -0.014637907035648823 0.015886170122444785 0.057973636264218545 0.10437021198407676 0.23560507609565412 0.3414506653185472 0.4967310678677434 0.700940548414473 0.817852679559116 0.9374633668394037 -1.0107527 -0.83288825 -0.6707438 -0.4994421 -0.33710712 -0.56956017 -0.6057824 -0.6773617 -0.9509816 -1.101216 -0.82740784 -0.5845964 -0.2922187 -0.0023975074 -0.2185798 -0.4767344 -0.60781693 -0.9950551
0 400 0.012627880088984966 -0.0005786378751508892 -0.019690610468387604 -0.016534436494112015 0.010342362336814404 -0.0619196854531765 0.0613660030066967 -0.04155969247221947 0.013676042668521404 -0.026788119226694107 0.04487474635243416 0.004874652251601219 -0.07903067767620087 -0.0046972124837338924 -0.006317710969597101 -0.05579845979809761 0.025239214301109314 -0.07899275422096252 0.021241197362542152 -0.044242676347494125 0.020451705902814865 0.004377644043415785 0.06273993104696274 0.03524060547351837 -0.039793532341718674 0.06663093715906143 0.004025422502309084 0.04042617976665497 -0.038021478801965714 0.06426361203193665 -0.03561056777834892 0.012103001587092876 -0.02560163475573063 -0.0566251240670681 -0.02830108068883419 0.04957607761025429 -0.05804112181067467 -0.022502370178699493 -0.059789735823869705 0.07264574617147446 0.03212190046906471 0.0373261533677578 -0.06371087580919266 -0.06789844483137131 0.04807748273015022 -0.07605411857366562 -0.05775769427418709 0.05306447297334671 -0.049670130014419556 0.0014367247931659222 0.0069932178594172 0.035830121487379074 0.03885394707322121 -0.04702771082520485 0.023203691467642784 -0.05492297559976578 -0.001833069371059537 0.027831604704260826 -0.03297760710120201 0.02141309529542923 -0.044304754585027695 -0.041123297065496445 -0.015555204823613167 -0.03943396732211113 -0.008036172017455101 -0.008444834500551224 -0.04768823832273483 -0.04554487764835358 -0.06158861145377159 0.011827219277620316 0.03165096044540405 -0.02662554942071438 -0.038151372224092484 -0.054711710661649704 -0.043354667723178864 0.022879136726260185 0.00954663660377264 0.030508538708090782 0.03593994304537773 0.04728243872523308 -0.022933535277843475 -0.042505595833063126 0.05871328338980675 -0.04556259885430336 0.025285392999649048 -0.011223293840885162 0.04770277440547943 0.002883339999243617 -0.010667557828128338 -0.04045663774013519 -0.04467546194791794 -0.04928313195705414 0.05289435014128685 -0.04456014186143875 -0.019517209380865097 0.03870687292692377 0.14932538583965338 0.28758962440322106 0.5413175105587337 0.6761151640982755 0.7758657390804096 0.8687478996165586 0.927740759489975 0.9811602044823796 -1.0067648 -0.7795656 -0.59844023 -0.47371176 -0.28601146 -0.41390213 -0.5608293 -0.69350374 -0.9790062 -1.051886 -0.7137139 -0.45613533 -0.26123664 0.059277296 -0.1678095 -0.4277862 -0.65254676 -1.0623888
1 400 0.012627880088984966 -0.0005786378751508892 -0.019690610468387604 -0.016534436494112015 0.010342362336814404 -0.0619196854531765 0.0613660030066967 -0.04155969247221947 0.013676042668521404 -0.026788119226694107 0.04487474635243416 0.004874652251601219 -0.07903067767620087 -0.0046972124837338924 -0.006317710969597101 -0.05579845979809761 0.025239214301109314 -0.07899275422096252 0.021241197362542152 -0.044242676347494125 0.020451705902814865 0.004377644043415785 0.06273993104696274 0.03524060547351837 -0.039793532341718674 0.06663093715906143 0.004025422502309084 0.04042617976665497 -0.038021478801965714 0.06426361203193665 -0.03561056777834892 0.012103001587092876 -0.02560163475573063 -0.0566251240670681 -0.02830108068883419 0.04957607761025429 -0.05804112181067467 -0.022502370178699493 -0.059789735823869705 0.07264574617147446 0.03212190046906471 0.0373261533677578 -0.06371087580919266 -0.06789844483137131 0.04807748273015022 -0.07605411857366562 -0.05775769427418709 0.05306447297334671 -0.049670130014419556 0.0014367247931659222 0.0069932178594172 0.035830121487379074 0.03885394707322121 -0.04702771082520485 0.023203691467642784 -0.05492297559976578 -0.001833069371059537 0.027831604704260826 -0.03297760710120201 0.02141309529542923 -0.044304754585027695 -0.041123297065496445 -0.015555204823613167 -0.03943396732211113 -0.008036172017455101 -0.008444834500551224 -0.04768823832273483 -0.04554487764835358 -0.06158861145377159 0.011827219277620316 0.03165096044540405 -0.02662554942071438 -0.038151372224092484 -0.054711710661649704 -0.043354667723178864 0.022879136726260185 0.00954663660377264 0.030508538708090782 0.03593994304537773 0.04728243872523308 -0.022933535277843475 -0.042505595833063126 0.05871328338980675 -0.04556259885430336 0.025285392999649048 -0.011223293840885162 0.04770277440547943 0.002883339999243617 -0.010667557828128338 -0.04045663774013519 -0.04467546194791794 -0.04928313195705414 0.05289435014128685 -0.04456014186143875 -0.019517209380865097 0.0246711597470393 0.0556656164314476 0.14520896388831034 0.3154846215402913 0.5021983805036628 0.6301691838052549 0.8220058374548848 0.9036062977672017 0.9699405479684514 -1.0784998 -0.8902499 -0.784624 -0.72100663 -0.62158114 -0.5590832 -0.79761004 -0.81207335 -1.0329623 -1.1586591 -0.8967298 -0.7212431 -0.4843534 -0.11065532 -0.3949253 -0.66485685 -0.8371639 -1.1275806
2 400 0.012627880088984966 -0.0005786378751508892 -0.019690610468387604 -0.016534436494112015 0.010342362336814404 -0.0619196854531765 0.0613660030066967 -0.04155969247221947 0.013676042668521404 -0.026788119226694107 0.04487474635243416 0.004874652251601219 -0.07903067767620087 -0.0046972124837338924 -0.006317710969597101 -0.05579845979809761 0.025239214301109314 -0.07899275422096252 0.021241197362542152 -0.044242676347494125 0.020451705902814865 0.004377644043415785 0.06273993104696274 0.03524060547351837 -0.039793532341718674 0.06663093715906143 0.004025422502309084 0.04042617976665497 -0.038021478801965714 0.06426361203193665 -0.03561056777834892 0.012103001587092876 -0.02560163475573063 -0.0566251240670681 -0.02830108068883419 0.04957607761025429 -0.05804112181067467 -0.022502370178699493 -0.059789735823869705 0.07264574617147446 0.03212190046906471 0.0373261533677578 -0.06371087580919266 -0.06789844483137131 0.04807748273015022 -0.07605411857366562 -0.05775769427418709 0.05306447297334671 -0.049670130014419556 0.0014367247931659222 0.0069932178594172 0.035830121487379074 0.03885394707322121 -0.04702771082520485 0.023203691467642784 -0.05492297559976578 -0.001833069371059537 0.027831604704260826 -0.03297760710120201 0.02141309529542923 -0.044304754585027695 -0.041123297065496445 -0.015555204823613167 -0.03943396732211113 -0.008036172017455101 -0.008444834500551224 -0.04768823832273483 -0.04554487764835358 -0.06158861145377159 0.011827219277620316 0.03165096044540405 -0.02662554942071438 -0.038151372224092484 -0.054711710661649704 -0.043354667723178864 0.022879136726260185 0.00954663660377264 0.030508538708090782 0.03593994304537773 0.04728243872523308 -0.022933535277843475 -0.042505595833063126 0.05871328338980675 -0.04556259885430336 0.025285392999649048 -0.011223293840885162 0.04770277440547943 0.002883339999243617 -0.010667557828128338 -0.04045663774013519 -0.04467546194791794 -0.04928313195705414 0.05289435014128685 -0.04456014186143875 -0.019517209380865097 0.015067595071717416 0.05786489435414214 0.10392149594879246 0.2375330520218578 0.34115492663097896 0.49617650016265935 0.6887321956993976 0.815319707200142 0.9367646757886468 -1.0182934 -0.8329885 -0.6709715 -0.49960726 -0.33672416 -0.5710712 -0.6275842 -0.6755551 -0.9481796 -1.1126777 -0.82762265 -0.58499134 -0.2925072 -0.0017152727 -0.21179485 -0.49749058 -0.6046149 -0.990847
0 400 0.01578485034406185 -0.0007232973002828658 -0.024613263085484505 -0.020668044686317444 0.012927953153848648 -0.0773996040225029 0.07670750468969345 -0.05194961279630661 0.0170950535684824 -0.03348514810204506 0.05609343200922012 0.006093315314501524 -0.09878834336996078 -0.005871515721082687 -0.007897138595581055 -0.06974807381629944 0.03154901787638664 -0.09874094277620316 0.026551496237516403 -0.05530334264039993 0.025564631447196007 0.005472055170685053 0.07842491567134857 0.044050756841897964 -0.04974191263318062 0.08328866958618164 0.005031778011471033 0.05053272470831871 -0.04752684757113457 0.0803295150399208 -0.04451321065425873 0.015128751285374165 -0.032002042979002 -0.0707814022898674 -0.035376351326704025 0.061970096081495285 -0.07255139946937561 -0.028127962723374367 -0.07473716884851456 0.09080718457698822 0.040152374655008316 0.04665768891572952 -0.07963859289884567 -0.08487305790185928 0.060096852481365204 -0.09506765007972717 -0.07219711691141129 0.06633058935403824 -0.062087662518024445 0.0017959059914574027 0.008741522207856178 0.04478764906525612 0.048567432910203934 -0.05878463760018349 0.029004614800214767 -0.06865371763706207 -0.0022913366556167603 0.03478950634598732 -0.04122200980782509 0.026766369119286537 -0.05538094416260719 -0.05140411853790283 -0.01944400556385517 -0.04929246008396149 -0.010045214556157589 -0.01055604312568903 -0.05961029604077339 -0.05693109706044197 -0.07698576152324677 0.014784024097025394 0.039563700556755066 -0.03328193724155426 -0.04768921434879303 -0.0683896392583847 -0.05419333279132843 0.02859892137348652 0.011933295987546444 0.038135673850774765 0.04492492973804474 0.05910304933786392 -0.028666919097304344 -0.05313199386000633 0.07339160144329071 -0.056953247636556625 0.03160674124956131 -0.014029117301106453 0.05962846800684929 0.0036041750572621822 -0.013334447517991066 -0.05057079717516899 -0.055844325572252274 -0.06160391494631767 0.06611793488264084 -0.05570017546415329 -0.024396510794758797 0.03613977804719137 0.14901051965019954 0.2983497701898766 0.5391468362623751 0.6858659090746961 0.7773272269197783 0.8695957711973032 0.9254602003213267 0.9805210197163124 -1.0177655 -0.77994835 -0.5950642 -0.49591237 -0.2906425 -0.41394192 -0.5609985 -0.70240647 -0.97721124 -1.0682598 -0.7142837 -0.44979084 -0.29623747 0.05062592 -0.1687428 -0.4281914 -0.66623086 -1.0591011
1 400 0.01578485034406185 -0.0007232973002828658 -0.024613263085484505 -0.020668044686317444 0.012927953153848648 -0.0773996040225029 0.07670750468969345 -0.05194961279630661 0.0170950535684824 -0.03348514810204506 0.05609343200922012 0.006093315314501524 -0.09878834336996078 -0.005871515721082687 -0.007897138595581055 -0.06974807381629944 0.03154901787638664 -0.09874094277620316 0.026551496237516403 -0.05530334264039993 0.025564631447196007 0.005472055170685053 0.07842491567134857 0.044050756841897964 -0.04974191263318062 0.08328866958618164 0.005031778011471033 0.05053272470831871 -0.04752684757113457 0.0803295150399208 -0.04451321065425873 0.015128751285374165 -0.032002042979002 -0.0707814022898674 -0.035376351326704025 0.061970096081495285 -0.07255139946937561 -0.028127962723374367 -0.07473716884851456 0.09080718457698822 0.040152374655008316 0.04665768891572952 -0.07963859289884567 -0.08487305790185928 0.060096852481365204 -0.09506765007972717 -0.07219711691141129 0.06633058935403824 -0.062087662518024445 0.0017959059914574027 0.008741522207856178 0.04478764906525612 0.048567432910203934 -0.05878463760018349 0.029004614800214767 -0.06865371763706207 -0.0022913366556167603 0.03478950634598732 -0.04122200980782509 0.026766369119286537 -0.05538094416260719 -0.05140411853790283 -0.01944400556385517 -0.04929246008396149 -0.010045214556157589 -0.01055604312568903 -0.05961029604077339 -0.05693109706044197 -0.07698576152324677 0.014784024097025394 0.039563700556755066 -0.03328193724155426 -0.04768921434879303 -0.0683896392583847 -0.05419333279132843 0.02859892137348652 0.011933295987546444 0.038135673850774765 0.04492492973804474 0.05910304933786392 -0.028666919097304344 -0.05313199386000633 0.07339160144329071 -0.056953247636556625 0.03160674124956131 -0.014029117301106453 0.05962846800684929 0.0036041750572621822 -0.013334447517991066 -0.05057079717516899 -0.055844325572252274 -0.06160391494631767 0.06611793488264084 -0.05570017546415329 -0.024396510794758797 0.022668212100804642 0.05502092952552781 0.14482034773838018 0.3141652961943064 0.5037510610028165 0.6114699972989535 0.8200994865584385 0.9057946789607396 0.9691566978020928 -1.091882 -0.88716733 -0.7851076 -0.7245721 -0.61862016 -0.5509362 -0.79050857 -0.80525786 -1.0281286 -1.1785777 -0.89372003 -0.721963 -0.4855363 -0.12633485 -0.3866552 -0.6589426 -0.8266828 -1.1201844
2 400 0.01578485034406185 -0.0007232973002828658 -0.024613263085484505 -0.020668044686317444 0.012927953153848648 -0.0773996040225029 0.07670750468969345 -0.05194961279630661 0.0170950535684824 -0.03348514810204506 0.05609343200922012 0.006093315314501524 -0.09878834336996078 -0.005871515721082687 -0.007897138595581055 -0.06974807381629944 0.03154901787638664 -0.09874094277620316 0.026551496237516403 -0.05530334264039993 0.025564631447196007 0.005472055170685053 0.07842491567134857 0.044050756841897964 -0.04974191263318062 0.08328866958618164 0.005031778011471033 0.05053272470831871 -0.04752684757113457 0.0803295150399208 -0.04451321065425873 0.015128751285374165 -0.032002042979002 -0.0707814022898674 -0.035376351326704025 0.061970096081495285 -0.07255139946937561 -0.028127962723374367 -0.07473716884851456 0.09080718457698822 0.040152374655008316 0.04665768891572952 -0.07963859289884567 -0.08487305790185928 0.060096852481365204 -0.09506765007972717 -0.07219711691141129 0.06633058935403824 -0.062087662518024445 0.0017959059914574027 0.008741522207856178 0.04478764906525612 0.048567432910203934 -0.05878463760018349 0.029004614800214767 -0.06865371763706207 -0.0022913366556167603 0.03478950634598732 -0.04122200980782509 0.026766369119286537 -0.05538094416260719 -0.05140411853790283 -0.01944400556385517 -0.04929246008396149 -0.010045214556157589 -0.01055604312568903 -0.05961029604077339 -0.05693109706044197 -0.07698576152324677 0.014784024097025394 0.039563700556755066 -0.03328193724155426 -0.04768921434879303 -0.0683896392583847 -0.05419333279132843 0.02859892137348652 0.011933295987546444 0.038135673850774765 0.04492492973804474 0.05910304933786392 -0.028666919097304344 -0.05313199386000633 0.07339160144329071 -0.056953247636556625 0.03160674124956131 -0.014029117301106453 0.05962846800684929 0.0036041750572621822 -0.013334447517991066 -0.05057079717516899 -0.055844325572252274 -0.06160391494631767 0.06611793488264084 -0.05570017546415329 -0.024396510794758797 0.015522612401474454 0.05780134865550633 0.10806644950508948 0.23946139364536992 0.34092274449090815 0.4962355852620668 0.6759706623564976 0.8128735969002187 0.9350876027913597 -1.0320961 -0.8330096 -0.6738619 -0.49977157 -0.33642343 -0.5706031 -0.6493874 -0.67378986 -0.9462327 -1.127376 -0.8277043 -0.58717716 -0.29279414 -0.0011795163 -0.21332009 -0.5182954 -0.6014929 -0.9874809
0 400 0.01894182153046131 -0.0008679567836225033 -0.029535917565226555 -0.024801654741168022 0.015513543970882893 -0.0928795263171196 0.0920490100979805 -0.06233953684568405 0.02051406539976597 -0.04018218070268631 0.06731212139129639 0.007311978843063116 -0.1185460165143013 -0.007045818958431482 -0.009476566687226295 -0.08369769155979156 0.03785882145166397 -0.11848913878202438 0.0318617969751358 -0.06636401265859604 0.030677558854222298 0.006566466297954321 0.0941099002957344 0.052860911935567856 -0.05969029664993286 0.09994640946388245 0.0060381339862942696 0.06063927337527275 -0.05703222006559372 0.09639542549848557 -0.05341585353016853 0.018154501914978027 -0.03840245306491852 -0.084937684237957 -0.04245162382721901 0.07436411827802658 -0.08706168085336685 -0.03375355526804924 -0.08968460559844971 0.10896862298250198 0.04818285256624222 0.05598922818899155 -0.09556631743907928 -0.10184767097234726 0.07211622595787048 -0.11408118158578873 -0.08663654327392578 0.07959671318531036 -0.07450519502162933 0.0021550871897488832 0.010489827021956444 0.05374518036842346 0.05828092247247696 -0.07054156810045242 0.0348055399954319 -0.08238446712493896 -0.0027496041730046272 0.04174740985035896 -0.049466412514448166 0.032119642943143845 -0.06645713746547699 -0.06168494373559952 -0.023332808166742325 -0.059150952845811844 -0.012054258026182652 -0.01266725268214941 -0.07153236120939255 -0.06831731647253036 -0.09238291531801224 0.017740828916430473 0.04747644439339638 -0.03993832692503929 -0.057227060198783875 -0.08206757158041 -0.0650320053100586 0.034318707883358 0.014319955371320248 0.0457628108561039 0.053909916430711746 0.07092366367578506 -0.03440030291676521 -0.06375839561223984 0.08806992322206497 -0.06834390014410019 0.03792808949947357 -0.016834940761327744 0.07155416160821915 0.004325010348111391 -0.01600133813917637 -0.06068496033549309 -0.0670131966471672 -0.07392469793558121 0.07934152334928513 -0.06684021651744843 -0.029275814071297646 0.03373823357803926 0.14467380628788057 0.32646496371823647 0.5317288641765435 0.6933948184810216 0.7775754700691871 0.8703895178996734 0.9232215099092846 0.9798826690007085 -1.0287602 -0.7852903 -0.59850866 -0.5233046 -0.29580867 -0.41507885 -0.5611578 -0.7113815 -0.97539407 -1.0846248 -0.72223485 -0.44904405 -0.33465472 0.041185975 -0.17211616 -0.42857277 -0.68005824 -1.0558072
1 400 0.01894182153046131 -0.0008679567836225033 -0.029535917565226555 -0.024801654741168022 0.015513543970882893 -0.0928795263171196 0.0920490100979805 -0.06233953684568405 0.02051406539976597 -0.04018218070268631 0.06731212139129639 0.007311978843063116 -0.1185460165143013 -0.007045818958431482 -0.009476566687226295 -0.08369769155979156 0.03785882145166397 -0.11848913878202438 0.0318617969751358 -0.06636401265859604 0.030677558854222298 0.006566466297954321 0.0941099002957344 0.052860911935567856 -0.05969029664993286 0.09994640946388245 0.0060381339862942696 0.06063927337527275 -0.05703222006559372 0.09639542549848557 -0.05341585353016853 0.018154501914978027 -0.03840245306491852 -0.084937684237957 -0.04245162382721901 0.07436411827802658 -0.08706168085336685 -0.03375355526804924 -0.08968460559844971 0.10896862298250198 0.04818285256624222 0.05598922818899155 -0.09556631743907928 -0.10184767097234726 0.07211622595787048 -0.11408118158578873 -0.08663654327392578 0.07959671318531036 -0.07450519502162933 0.0021550871897488832 0.010489827021956444 0.05374518036842346 0.05828092247247696 -0.07054156810045242 0.0348055399954319 -0.08238446712493896 -0.0027496041730046272 0.04174740985035896 -0.049466412514448166 0.032119642943143845 -0.06645713746547699 -0.06168494373559952 -0.023332808166742325 -0.059150952845811844 -0.012054258026182652 -0.01266725268214941 -0.07153236120939255 -0.06831731647253036 -0.09238291531801224 0.017740828916430473 0.04747644439339638 -0.03993832692503929 -0.057227060198783875 -0.08206757158041 -0.0650320053100586 0.034318707883358 0.014319955371320248 0.0457628108561039 0.053909916430711746 0.07092366367578506 -0.03440030291676521 -0.06375839561223984 0.08806992322206497 -0.06834390014410019 0.03792808949947357 -0.016834940761327744 0.07155416160821915 0.004325010348111391 -0.01600133813917637 -0.06068496033549309 -0.0670131966471672 -0.07392469793558121 0.07934152334928513 -0.06684021651744843 -0.029275814071297646 0.02073229748297109 0.0568245543186024 0.14387247826358984 0.31287453268033777 0.5028623550643885 0.5828933750019543 0.8182641603095269 0.9080523763355597 0.9683515747418495 -1.1059626 -0.88850737 -0.7862919 -0.72809213 -0.6118962 -0.5410235 -0.78354776 -0.7985902 -1.0231793 -1.199536 -0.8936211 -0.7237257 -0.48669422 -0.13935307 -0.3781967 -0.65319407 -0.81646335 -1.1126248
2 400 0.01894182153046131 -0.0008679567836225033 -0.029535917565226555 -0.024801654741168022 0.015513543970882893 -0.0928795263171196 0.0920490100979805 -0.06233953684568405 0.02051406539976597 -0.04018218070268631 0.06731212139129639 0.007311978843063116 -0.1185460165143013 -0.007045818958431482 -0.009476566687226295 -0.08369769155979156 0.03785882145166397 -0.11848913878202438 0.0318617969751358 -0.06636401265859604 0.030677558854222298 0.006566466297954321 0.0941099002957344 0.052860911935567856 -0.05969029664993286 0.09994640946388245 0.0060381339862942696 0.06063927337527275 -0.05703222006559372 0.09639542549848557 -0.05341585353016853 0.018154501914978027 -0.03840245306491852 -0.084937684237957 -0.04245162382721901 0.07436411827802658 -0.08706168085336685 -0.03375355526804924 -0.08968460559844971 0.10896862298250198 0.04818285256624222 0.05598922818899155 -0.09556631743907928 -0.10184767097234726 0.07211622595787048 -0.11408118158578873 -0.08663654327392578 0.07959671318531036 -0.07450519502162933 0.0021550871897488832 0.010489827021956444 0.05374518036842346 0.05828092247247696 -0.07054156810045242 0.0348055399954319 -0.08238446712493896 -0.0027496041730046272 0.04174740985035896 -0.049466412514448166 0.032119642943143845 -0.06645713746547699 -0.06168494373559952 -0.023332808166742325 -0.059150952845811844 -0.012054258026182652 -0.01266725268214941 -0.07153236120939255 -0.06831731647253036 -0.09238291531801224 0.017740828916430473 0.04747644439339638 -0.03993832692503929 -0.057227060198783875 -0.08206757158041 -0.0650320053100586 0.034318707883358 0.014319955371320248 0.0457628108561039 0.053909916430711746 0.07092366367578506 -0.03440030291676521 -0.06375839561223984 0.08806992322206497 -0.06834390014410019 0.03792808949947357 -0.016834940761327744 0.07155416160821915 0.004325010348111391 -0.01600133813917637 -0.06068496033549309 -0.0670131966471672 -0.07392469793558121 0.07934152334928513 -0.06684021651744843 -0.029275814071297646 0.016001599769312876 0.05773786607063409 0.12097163931167569 0.24141289404819907 0.3422315239785407 0.49633858488315974 0.6629597196202927 0.8104037949034821 0.9334187180423684 -1.0458026 -0.83303076 -0.6816815 -0.49993688 -0.33811748 -0.569922 -0.66484964 -0.6720286 -0.94447035 -1.1419287 -0.8277861 -0.59291923 -0.29308292 -0.004197538 -0.2156266 -0.5282893 -0.5983772 -0.9843925
0 400 0.022098790854215622 -0.0010126162087544799 -0.03445856645703316 -0.02893526293337345 0.018099134787917137 -0.1083594411611557 0.10739050805568695 -0.0727294534444809 0.02393307536840439 -0.046879205852746964 0.07853080332279205 0.008530640974640846 -0.13830368220806122 -0.008220122195780277 -0.011055993847548962 -0.0976473018527031 0.0441686250269413 -0.13823731243610382 0.037172093987464905 -0.07742467522621155 0.03579048439860344 0.007660876959562302 0.10979487746953964 0.06167105957865715 -0.0696386769413948 0.11660413444042206 0.007044489029794931 0.0707458108663559 -0.06653758883476257 0.11246132105588913 -0.06231849268078804 0.021180251613259315 -0.04480285942554474 -0.099093958735466 -0.049526892602443695 0.08675813674926758 -0.1015719547867775 -0.039379145950078964 -0.10463203489780426 0.12713006138801575 0.05621332302689552 0.06532076001167297 -0.1114940270781517 -0.11882227659225464 0.08413559198379517 -0.13309471309185028 -0.10107596218585968 0.0928628221154213 -0.08692272752523422 0.002514268271625042 0.012238130904734135 0.0627027079463005 0.06799440830945969 -0.08229849487543106 0.040606461465358734 -0.09611520171165466 -0.003207871224731207 0.04870530962944031 -0.057710811495780945 0.037472914904356 -0.07753331959247589 -0.0719657614827156 -0.02722160704433918 -0.0690094456076622 -0.01406330056488514 -0.014778460375964642 -0.08345441520214081 -0.07970353215932846 -0.10778006166219711 0.020697632804512978 0.05538918077945709 -0.046594712883234024 -0.06676489859819412 -0.0957454964518547 -0.07587066292762756 0.04003848880529404 0.016706613823771477 0.05338994413614273 0.06289490312337875 0.08274427056312561 -0.04013368487358093 -0.07438479363918304 0.10274823755025864 -0.07973454892635345 0.044249437749385834 -0.019640764221549034 0.0834798514842987 0.005045845173299313 -0.018668226897716522 -0.07079911231994629 -0.07818205654621124 -0.08624547719955444 0.09256510436534882 -0.07798024266958237 -0.034155115485191345 0.03141162257834992 0.13642363487536813 0.37553447557734465 0.5221323439845881 0.6990804212770972 0.7688733709771065 0.8711626282015525 0.9208104748485678 0.979523662504328 -1.0401573 -0.7958321 -0.61489713 -0.5553703 -0.30159152 -0.4245363 -0.56131375 -0.72028196 -0.9710553 -1.1015887 -0.73792565 -0.46388757 -0.37112215 0.030798972 -0.18763909 -0.42894614 -0.6937387 -1.049298
1 400 0.022098790854215622 -0.0010126162087544799 -0.03445856645703316 -0.02893526293337345 0.018099134787917137 -0.1083594411611557 0.10739050805568695 -0.0727294534444809 0.02393307536840439 -0.046879205852746964 0.07853080332279205 0.008530640974640846 -0.13830368220806122 -0.008220122195780277 -0.011055993847548962 -0.0976473018527031 0.0441686250269413 -0.13823731243610382 0.037172093987464905 -0.07742467522621155 0.03579048439860344 0.007660876959562302 0.10979487746953964 0.06167105957865715 -0.0696386769413948 0.11660413444042206 0.007044489029794931 0.0707458108663559 -0.06653758883476257 0.11246132105588913 -0.06231849268078804 0.021180251613259315 -0.04480285942554474 -0.099093958735466 -0.049526892602443695 0.08675813674926758 -0.1015719547867775 -0.039379145950078964 -0.10463203489780426 0.12713006138801575 0.05621332302689552 0.06532076001167297 -0.1114940270781517 -0.11882227659225464 0.08413559198379517 -0.13309471309185028 -0.10107596218585968 0.0928628221154213 -0.08692272752523422 0.002514268271625042 0.012238130904734135 0.0627027079463005 0.06799440830945969 -0.08229849487543106 0.040606461465358734 -0.09611520171165466 -0.003207871224731207 0.04870530962944031 -0.057710811495780945 0.037472914904356 -0.07753331959247589 -0.0719657614827156 -0.02722160704433918 -0.0690094456076622 -0.01406330056488514 -0.014778460375964642 -0.08345441520214081 -0.07970353215932846 -0.10778006166219711 0.020697632804512978 0.05538918077945709 -0.046594712883234024 -0.06676489859819412 -0.0957454964518547 -0.07587066292762756 0.04003848880529404 0.016706613823771477 0.05338994413614273 0.06289490312337875 0.08274427056312561 -0.04013368487358093 -0.07438479363918304 0.10274823755025864 -0.07973454892635345 0.044249437749385834 -0.019640764221549034 0.0834798514842987 0.005045845173299313 -0.018668226897716522 -0.07079911231994629 -0.07818205654621124 -0.08624547719955444 0.09256510436534882 -0.07798024266958237 -0.034155115485191345 0.018937118946322242 0.06217868520913947 0.14290912728580107 0.3115611409650327 0.502015471763841 0.5656277146122781 0.8167647210671444 0.9101423958902585 0.9674784178902603 -1.1202209 -0.8951876 -0.78750217 -0.7316577 -0.6054888 -0.5349188 -0.7746638 -0.7917814 -1.0182011 -1.2207584 -0.89677167 -0.72552705 -0.4878771 -0.15175855 -0.37229547 -0.6450858 -0.8059914 -1.1049904
2 400 0.022098790854215622 -0.0010126162087544799 -0.03445856645703316 -0.02893526293337345 0.018099134787917137 -0.1083594411611557 0.10739050805568695 -0.0727294534444809 0.02393307536840439 -0.046879205852746964 0.07853080332279205 0.008530640974640846 -0.13830368220806122 -0.008220122195780277 -0.011055993847548962 -0.0976473018527031 0.0441686250269413 -0.13823731243610382 0.037172093987464905 -0.07742467522621155 0.03579048439860344 0.007660876959562302 0.10979487746953964 0.06167105957865715 -0.0696386769413948 0.11660413444042206 0.007044489029794931 0.0707458108663559 -0.06653758883476257 0.11246132105588913 -0.06231849268078804 0.021180251613259315 -0.04480285942554474 -0.099093958735466 -0.049526892602443695 0.08675813674926758 -0.1015719547867775 -0.039379145950078964 -0.10463203489780426 0.12713006138801575 0.05621332302689552 0.06532076001167297 -0.1114940270781517 -0.11882227659225464 0.08413559198379517 -0.13309471309185028 -0.10107596218585968 0.0928628221154213 -0.08692272752523422 0.002514268271625042 0.012238130904734135 0.0627027079463005 0.06799440830945969 -0.08229849487543106 0.040606461465358734 -0.09611520171165466 -0.003207871224731207 0.04870530962944031 -0.057710811495780945 0.037472914904356 -0.07753331959247589 -0.0719657614827156 -0.02722160704433918 -0.0690094456076622 -0.01406330056488514 -0.014778460375964642 -0.08345441520214081 -0.07970353215932846 -0.10778006166219711 0.020697632804512978 0.05538918077945709 -0.046594712883234024 -0.06676489859819412 -0.0957454964518547 -0.07587066292762756 0.04003848880529404 0.016706613823771477 0.05338994413614273 0.06289490312337875 0.08274427056312561 -0.04013368487358093 -0.07438479363918304 0.10274823755025864 -0.07973454892635345 0.044249437749385834 -0.019640764221549034 0.0834798514842987 0.005045845173299313 -0.018668226897716522 -0.07079911231994629 -0.07818205654621124 -0.08624547719955444 0.09256510436534882 -0.07798024266958237 -0.034155115485191345 0.016476232922133547 0.05766848343596315 0.1399910390867772 0.24544888873959894 0.34477540566639314 0.49662331868219173 0.6438433279221819 0.8079079284786527 0.931655621434606 -1.0599461 -0.8343939 -0.6914744 -0.50027597 -0.34140134 -0.5646925 -0.67883515 -0.6702634 -0.94249725 -1.1570508 -0.82944584 -0.6013223 -0.29367518 -0.010047942 -0.23074462 -0.5376397 -0.5952552 -0.9809884
0 400 0.025255760177969933 -0.0011572757503017783 -0.03938122093677521 -0.03306887298822403 0.020684724673628807 -0.123839370906353 0.1227320060133934 -0.08311938494443893 0.02735208533704281 -0.053576238453388214 0.08974949270486832 0.009749304503202438 -0.15806135535240173 -0.009394424967467785 -0.012635421939194202 -0.11159691959619522 0.05047842860221863 -0.15798550844192505 0.042482394725084305 -0.08848535269498825 0.04090341180562973 0.00875528808683157 0.12547986209392548 0.07048121094703674 -0.07958706468343735 0.13326187431812286 0.008050845004618168 0.08085235953330994 -0.07604295760393143 0.1285272240638733 -0.07122113555669785 0.024206003174185753 -0.05120326951146126 -0.1132502481341362 -0.05660216137766838 0.09915215522050858 -0.11608224362134933 -0.04500474035739899 -0.11957947164773941 0.1452914923429489 0.06424380093812943 0.0746523067355156 -0.12742175161838531 -0.13579688966274261 0.09615496546030045 -0.15210823714733124 -0.11551538854837418 0.10612894594669342 -0.09934026002883911 0.0028734495863318443 0.0139864357188344 0.07166024297475815 0.07770789414644241 -0.0940554216504097 0.04640738293528557 -0.10984595119953156 -0.003666138742119074 0.05566320940852165 -0.06595521420240402 0.04282619059085846 -0.08860950917005539 -0.08224659413099289 -0.031110409647226334 -0.07886793464422226 -0.016072344034910202 -0.016889669001102448 -0.09537647664546967 -0.09108975529670715 -0.12317722290754318 0.02365443855524063 0.0633019208908081 -0.05325109884142876 -0.07630274444818497 -0.10942342132329941 -0.08670933544635773 0.04575827345252037 0.01909327320754528 0.061017077416181564 0.07187988609075546 0.09456487745046616 -0.04586707055568695 -0.08501119166612625 0.1174265667796135 -0.09112519770860672 0.050570785999298096 -0.022446587681770325 0.09540554881095886 0.005766679998487234 -0.021335115656256676 -0.08091327548027039 -0.08935092389583588 -0.09856626391410828 0.1057887002825737 -0.0891202837228775 -0.039034418761730194 0.02906946635932058 0.12858826147229815 0.4111805354145233 0.5213410383213514 0.7047167360404183 0.759835134610509 0.8717801105489413 0.9182624426308017 0.9791402929022074 -1.0524874 -0.8063532 -0.6284773 -0.58548814 -0.30735266 -0.43426514 -0.56143886 -0.72929114 -0.96643543 -1.1199412 -0.7535857 -0.4786901 -0.39711356 0.020448059 -0.20358464 -0.4292457 -0.70757747 -1.0423734
1 400 0.025255760177969933 -0.0011572757503017783 -0.03938122093677521 -0.03306887298822403 0.020684724673628807 -0.123839370906353 0.1227320060133934 -0.08311938494443893 0.02735208533704281 -0.053576238453388214 0.08974949270486832 0.009749304503202438 -0.15806135535240173 -0.009394424967467785 -0.012635421939194202 -0.11159691959619522 0.05047842860221863 -0.15798550844192505 0.042482394725084305 -0.08848535269498825 0.04090341180562973 0.00875528808683157 0.12547986209392548 0.07048121094703674 -0.07958706468343735 0.13326187431812286 0.008050845004618168 0.08085235953330994 -0.07604295760393143 0.1285272240638733 -0.07122113555669785 0.024206003174185753 -0.05120326951146126 -0.1132502481341362 -0.05660216137766838 0.09915215522050858 -0.11608224362134933 -0.04500474035739899 -0.11957947164773941 0.1452914923429489 0.06424380093812943 0.0746523067355156 -0.12742175161838531 -0.13579688966274261 0.09615496546030045 -0.15210823714733124 -0.11551538854837418 0.10612894594669342 -0.09934026002883911 0.0028734495863318443 0.0139864357188344 0.07166024297475815 0.07770789414644241 -0.0940554216504097 0.04640738293528557 -0.10984595119953156 -0.003666138742119074 0.05566320940852165 -0.06595521420240402 0.04282619059085846 -0.08860950917005539 -0.08224659413099289 -0.031110409647226334 -0.07886793464422226 -0.016072344034910202 -0.016889669001102448 -0.09537647664546967 -0.09108975529670715 -0.12317722290754318 0.02365443855524063 0.0633019208908081 -0.05325109884142876 -0.07630274444818497 -0.10942342132329941 -0.08670933544635773 0.04575827345252037 0.01909327320754528 0.061017077416181564 0.07187988609075546 0.09456487745046616 -0.04586707055568695 -0.08501119166612625 0.1174265667796135 -0.09112519770860672 0.050570785999298096 -0.022446587681770325 0.09540554881095886 0.005766679998487234 -0.021335115656256676 -0.08091327548027039 -0.08935092389583588 -0.09856626391410828 0.1057887002825737 -0.0891202837228775 -0.039034418761730194 0.017292987514922677 0.07155265235021314 0.1418957357772183 0.3102136850529777 0.5011612111533743 0.5618518521867416 0.8152498794719326 0.9102577791667209 0.9666362292093756 -1.1344941 -0.906358 -0.7887826 -0.73535967 -0.5990256 -0.5325921 -0.76614 -0.78531563 -1.0133145 -1.2420032 -0.90251005 -0.72743297 -0.4890906 -0.164272 -0.36713755 -0.63678813 -0.7956419 -1.0975224
2 400 0.025255760177969933 -0.0011572757503017783 -0.03938122093677521 -0.03306887298822403 0.020684724673628807 -0.123839370906353 0.1227320060133934 -0.08311938494443893 0.02735208533704281 -0.053576238453388214 0.08974949270486832 0.009749304503202438 -0.15806135535240173 -0.009394424967467785 -0.012635421939194202 -0.11159691959619522 0.05047842860221863 -0.15798550844192505 0.042482394725084305 -0.08848535269498825 0.04090341180562973 0.00875528808683157 0.12547986209392548 0.07048121094703674 -0.07958706468343735 0.13326187431812286 0.008050845004618168 0.08085235953330994 -0.07604295760393143 0.1285272240638733 -0.07122113555669785 0.024206003174185753 -0.05120326951146126 -0.1132502481341362 -0.05660216137766838 0.09915215522050858 -0.11608224362134933 -0.04500474035739899 -0.11957947164773941 0.1452914923429489 0.06424380093812943 0.0746523067355156 -0.12742175161838531 -0.13579688966274261 0.09615496546030045 -0.15210823714733124 -0.11551538854837418 0.10612894594669342 -0.09934026002883911 0.0028734495863318443 0.0139864357188344 0.07166024297475815 0.07770789414644241 -0.0940554216504097 0.04640738293528557 -0.10984595119953156 -0.003666138742119074 0.05566320940852165 -0.06595521420240402 0.04282619059085846 -0.08860950917005539 -0.08224659413099289 -0.031110409647226334 -0.07886793464422226 -0.016072344034910202 -0.016889669001102448 -0.09537647664546967 -0.09108975529670715 -0.12317722290754318 0.02365443855524063 0.0633019208908081 -0.05325109884142876 -0.07630274444818497 -0.10942342132329941 -0.08670933544635773 0.04575827345252037 0.01909327320754528 0.061017077416181564 0.07187988609075546 0.09456487745046616 -0.04586707055568695 -0.08501119166612625 0.1174265667796135 -0.09112519770860672 0.050570785999298096 -0.022446587681770325 0.09540554881095886 0.005766679998487234 -0.021335115656256676 -0.08091327548027039 -0.08935092389583588 -0.09856626391410828 0.1057887002825737 -0.0891202837228775 -0.039034418761730194 0.01700455575546195 0.057644028159691794 0.16166923684391485 0.24652931108633197 0.34733033585957673 0.49566305580124526 0.6138866792294041 0.8047307794815911 0.9298617298112496 -1.0751089 -0.835678 -0.70128345 -0.5081262 -0.34468794 -0.55742687 -0.69528323 -0.6684862 -0.9405852 -1.1732506 -0.83097255 -0.60972595 -0.30556569 -0.015903175 -0.24481162 -0.5483436 -0.59203887 -0.9776745
0 400 0.028412729501724243 -0.001301935059018433 -0.04430387169122696 -0.03720248118042946 0.023270314559340477 -0.1393192857503891 0.13807350397109985 -0.09350930154323578 0.03077109530568123 -0.06027326360344887 0.10096817463636398 0.010967967100441456 -0.17781901359558105 -0.010568727739155293 -0.014214849099516869 -0.12554652988910675 0.056788232177495956 -0.17773368954658508 0.047792691737413406 -0.09954601526260376 0.04601633548736572 0.009849699214100838 0.1411648392677307 0.07929135859012604 -0.0895354375243187 0.14991959929466248 0.009057200513780117 0.09095890074968338 -0.08554832637310028 0.14459311962127686 -0.08012377470731735 0.027231751009821892 -0.05760367587208748 -0.1274065226316452 -0.06367743015289307 0.11154617369174957 -0.13059251010417938 -0.05063033103942871 -0.13452689349651337 0.16345292329788208 0.07227427512407303 0.08398383855819702 -0.14334946870803833 -0.1527715027332306 0.10817433148622513 -0.1711217612028122 -0.12995480000972748 0.11939505487680435 -0.111757792532444 0.003232630668208003 0.01573473960161209 0.0806177631020546 0.08742137998342514 -0.10581234842538834 0.0522083044052124 -0.12357668578624725 -0.0041244057938456535 0.062621109187603 -0.0741996169090271 0.04817946255207062 -0.09968569874763489 -0.09252741187810898 -0.03499921038746834 -0.08872642368078232 -0.018081385642290115 -0.01900087669491768 -0.10729853063821793 -0.10247597098350525 -0.13857436180114746 0.026611242443323135 0.07121466100215912 -0.05990748479962349 -0.08584058284759521 -0.12310134619474411 -0.0975479930639267 0.051478058099746704 0.021479932591319084 0.0686442106962204 0.08086486905813217 0.1063854843378067 -0.05160045251250267 -0.09563758969306946 0.13210487365722656 -0.10251584649085999 0.05689213424921036 -0.025252411141991615 0.10733123868703842 0.006487514823675156 -0.02400200441479683 -0.09102743119001389 -0.10051978379487991 -0.11088704317808151 0.11901228129863739 -0.10026030987501144 -0.043913718312978745 0.026890099805943715 0.12107586322363492 0.41741694761150117 0.5204223677054797 0.7098078039353062 0.7488782983536562 0.8721222678156731 0.9138287583237902 0.9787798511395183 -1.0648587 -0.81696695 -0.63672304 -0.6156283 -0.31414685 -0.44846374 -0.5615084 -0.7384459 -0.9619087 -1.1383553 -0.7693836 -0.49101868 -0.4231285 0.008475035 -0.22651036 -0.42941225 -0.7212335 -1.0356121
1 400 0.028412729501724243 -0.001301935059018433 -0.04430387169122696 -0.03720248118042946 0.023270314559340477 -0.1393192857503891 0.13807350397109985 -0.09350930154323578 0.03077109530568123 -0.06027326360344887 0.10096817463636398 0.010967967100441456 -0.17781901359558105 -0.010568727739155293 -0.014214849099516869 -0.12554652988910675 0.056788232177495956 -0.17773368954658508 0.047792691737413406 -0.09954601526260376 0.04601633548736572 0.009849699214100838 0.1411648392677307 0.07929135859012604 -0.0895354375243187 0.14991959929466248 0.009057200513780117 0.09095890074968338 -0.08554832637310028 0.14459311962127686 -0.08012377470731735 0.027231751009821892 -0.05760367587208748 -0.1274065226316452 -0.06367743015289307 0.11154617369174957 -0.13059251010417938 -0.05063033103942871 -0.13452689349651337 0.16345292329788208 0.07227427512407303 0.08398383855819702 -0.14334946870803833 -0.1527715027332306 0.10817433148622513 -0.1711217612028122 -0.12995480000972748 0.11939505487680435 -0.111757792532444 0.003232630668208003 0.01573473960161209 0.0806177631020546 0.08742137998342514 -0.10581234842538834 0.0522083044052124 -0.12357668578624725 -0.0041244057938456535 0.062621109187603 -0.0741996169090271 0.04817946255207062 -0.09968569874763489 -0.09252741187810898 -0.03499921038746834 -0.08872642368078232 -0.018081385642290115 -0.01900087669491768 -0.10729853063821793 -0.10247597098350525 -0.13857436180114746 0.026611242443323135 0.07121466100215912 -0.05990748479962349 -0.08584058284759521 -0.12310134619474411 -0.0975479930639267 0.051478058099746704 0.021479932591319084 0.0686442106962204 0.08086486905813217 0.1063854843378067 -0.05160045251250267 -0.09563758969306946 0.13210487365722656 -0.10251584649085999 0.05689213424921036 -0.025252411141991615 0.10733123868703842 0.006487514823675156 -0.02400200441479683 -0.09102743119001389 -0.10051978379487991 -0.11088704317808151 0.11901228129863739 -0.10026030987501144 -0.043913718312978745 0.015776132785660608 0.07000867016402006 0.1409370661139807 0.3076894184812718 0.5003108674668019 0.5623420559640623 0.8128262790905832 0.9079262075252609 0.9657730101356399 -1.1488981 -0.9102123 -0.790001 -0.73983604 -0.592592 -0.530021 -0.7580794 -0.7803406 -1.008428 -1.2634428 -0.9081737 -0.7292464 -0.49158174 -0.17672811 -0.3558013 -0.6289317 -0.78715336 -1.0900546
2 400 0.028412729501724243 -0.001301935059018433 -0.04430387169122696 -0.03720248118042946 0.023270314559340477 -0.1393192857503891 0.13807350397109985 -0.09350930154323578 0.03077109530568123 -0.06027326360344887 0.10096817463636398 0.010967967100441456 -0.17781901359558105 -0.010568727739155293 -0.014214849099516869 -0.12554652988910675 0.056788232177495956 -0.17773368954658508 0.047792691737413406 -0.09954601526260376 0.04601633548736572 0.009849699214100838 0.1411648392677307 0.07929135859012604 -0.0895354375243187 0.14991959929466248 0.009057200513780117 0.09095890074968338 -0.08554832637310028 0.14459311962127686 -0.08012377470731735 0.027231751009821892 -0.05760367587208748 -0.1274065226316452 -0.06367743015289307 0.11154617369174957 -0.13059251010417938 -0.05063033103942871 -0.13452689349651337 0.16345292329788208 0.07227427512407303 0.08398383855819702 -0.14334946870803833 -0.1527715027332306 0.10817433148622513 -0.1711217612028122 -0.12995480000972748 0.11939505487680435 -0.111757792532444 0.003232630668208003 0.01573473960161209 0.0806177631020546 0.08742137998342514 -0.10581234842538834 0.0522083044052124 -0.12357668578624725 -0.0041244057938456535 0.062621109187603 -0.0741996169090271 0.04817946255207062 -0.09968569874763489 -0.09252741187810898 -0.03499921038746834 -0.08872642368078232 -0.018081385642290115 -0.01900087669491768 -0.10729853063821793 -0.10247597098350525 -0.13857436180114746 0.026611242443323135 0.07121466100215912 -0.05990748479962349 -0.08584058284759521 -0.12310134619474411 -0.0975479930639267 0.051478058099746704 0.021479932591319084 0.0686442106962204 0.08086486905813217 0.1063854843378067 -0.05160045251250267 -0.09563758969306946 0.13210487365722656 -0.10251584649085999 0.05689213424921036 -0.025252411141991615 0.10733123868703842 0.006487514823675156 -0.02400200441479683 -0.09102743119001389 -0.10051978379487991 -0.11088704317808151 0.11901228129863739 -0.10026030987501144 -0.043913718312978745 0.017556837334104517 0.05765141264588434 0.18592145551852368 0.24659891312674811 0.34970417787830327 0.4942429989820675 0.5908753287773677 0.7987918434866165 0.9280159924020602 -1.0904324 -0.83707815 -0.7110919 -0.5192723 -0.34773153 -0.54668206 -0.7015543 -0.66694653 -0.938743 -1.189618 -0.8326067 -0.6181481 -0.31845954 -0.02132541 -0.26561475 -0.5524097 -0.5888987 -0.97445583
0 400 0.0315697006881237 -0.0014465946005657315 -0.04922652617096901 -0.04133608937263489 0.025855906307697296 -0.1547992080450058 0.1534150093793869 -0.10389922559261322 0.0341901071369648 -0.06697029620409012 0.11218686401844025 0.012186630629003048 -0.19757668673992157 -0.011743031442165375 -0.01579427719116211 -0.13949614763259888 0.06309803575277328 -0.1974818855524063 0.053102992475032806 -0.11060668528079987 0.051129262894392014 0.010944110341370106 0.15684983134269714 0.08810151368379593 -0.09948382526636124 0.16657733917236328 0.010063556022942066 0.10106544941663742 -0.09505369514226913 0.1606590300798416 -0.08902642130851746 0.03025750257074833 -0.064004085958004 -0.1415628045797348 -0.07075270265340805 0.12394019216299057 -0.14510279893875122 -0.056255925446748734 -0.1494743376970291 0.18161436915397644 0.08030474931001663 0.09331537783145905 -0.15927718579769135 -0.16974611580371857 0.12019370496273041 -0.19013530015945435 -0.14439423382282257 0.13266117870807648 -0.12417532503604889 0.0035918119829148054 0.017483044415712357 0.08957529813051224 0.09713486582040787 -0.11756927520036697 0.058009229600429535 -0.13730743527412415 -0.0045826733112335205 0.06957901269197464 -0.08244401961565018 0.053532738238573074 -0.11076188832521439 -0.10280823707580566 -0.03888801112771034 -0.09858492016792297 -0.020090429112315178 -0.02111208625137806 -0.11922059208154678 -0.11386219412088394 -0.15397152304649353 0.02956804819405079 0.07912740111351013 -0.06656387448310852 -0.09537842869758606 -0.1367792785167694 -0.10838666558265686 0.05719784274697304 0.023866591975092888 0.07627134770154953 0.08984985947608948 0.11820609867572784 -0.05733383819460869 -0.10626398772001266 0.14678320288658142 -0.11390649527311325 0.06321348249912262 -0.028058234602212906 0.11925693601369858 0.0072083501145243645 -0.026668895035982132 -0.10114159435033798 -0.11168865114450455 -0.12320782989263535 0.13223586976528168 -0.11140035092830658 -0.04879302158951759 0.024883982834547486 0.11378294467907424 0.41616172019300207 0.5231563800526723 0.7000085992677396 0.7376908844574265 0.8724915313844196 0.9077582313902862 0.9784167414282984 -1.0771406 -0.82782847 -0.6453736 -0.6456015 -0.33349767 -0.46256405 -0.5615837 -0.747828 -0.9574448 -1.1566362 -0.78555036 -0.49205533 -0.44794732 -0.022654414 -0.24929568 -0.4295924 -0.7349484 -1.0289427
1 400 0.0315697006881237 -0.0014465946005657315 -0.04922652617096901 -0.04133608937263489 0.025855906307697296 -0.1547992080450058 0.1534150093793869 -0.10389922559261322 0.0341901071369648 -0.06697029620409012 0.11218686401844025 0.012186630629003048 -0.19757668673992157 -0.011743031442165375 -0.01579427719116211 -0.13949614763259888 0.06309803575277328 -0.1974818855524063 0.053102992475032806 -0.11060668528079987 0.051129262894392014 0.010944110341370106 0.15684983134269714 0.08810151368379593 -0.09948382526636124 0.16657733917236328 0.010063556022942066 0.10106544941663742 -0.09505369514226913 0.1606590300798416 -0.08902642130851746 0.03025750257074833 -0.064004085958004 -0.1415628045797348 -0.07075270265340805 0.12394019216299057 -0.14510279893875122 -0.056255925446748734 -0.1494743376970291 0.18161436915397644 0.08030474931001663 0.09331537783145905 -0.15927718579769135 -0.16974611580371857 0.12019370496273041 -0.19013530015945435 -0.14439423382282257 0.13266117870807648 -0.12417532503604889 0.0035918119829148054 0.017483044415712357 0.08957529813051224 0.09713486582040787 -0.11756927520036697 0.058009229600429535 -0.13730743527412415 -0.0045826733112335205 0.06957901269197464 -0.08244401961565018 0.053532738238573074 -0.11076188832521439 -0.10280823707580566 -0.03888801112771034 -0.09858492016792297 -0.020090429112315178 -0.02111208625137806 -0.11922059208154678 -0.11386219412088394 -0.15397152304649353 0.02956804819405079 0.07912740111351013 -0.06656387448310852 -0.09537842869758606 -0.1367792785167694 -0.10838666558265686 0.05719784274697304 0.023866591975092888 0.07627134770154953 0.08984985947608948 0.11820609867572784 -0.05733383819460869 -0.10626398772001266 0.14678320288658142 -0.11390649527311325 0.06321348249912262 -0.028058234602212906 0.11925693601369858 0.0072083501145243645 -0.026668895035982132 -0.10114159435033798 -0.11168865114450455 -0.12320782989263535 0.13223586976528168 -0.11140035092830658 -0.04879302158951759 0.014370302135733967 0.06842391247959748 0.14000053405965446 0.30504301965755765 0.49946389521211504 0.5586724379535929 0.8036716644729088 0.9033641994947832 0.9648331000260025 -1.1635208 -0.91400826 -0.7911979 -0.7441561 -0.58618414 -0.5249311 -0.752182 -0.7763275 -1.0034384 -1.2852077 -0.9138236 -0.73102796 -0.49423903 -0.18913437 -0.340345 -0.62154984 -0.779757 -1.0824053
2 400 0.0315697006881237 -0.0014465946005657315 -0.04922652617096901 -0.04133608937263489 0.025855906307697296 -0.1547992080450058 0.1534150093793869 -0.10389922559261322 0.0341901071369648 -0.06697029620409012 0.11218686401844025 0.012186630629003048 -0.19757668673992157 -0.011743031442165375 -0.01579427719116211 -0.13949614763259888 0.06309803575277328 -0.1974818855524063 0.053102992475032806 -0.11060668528079987 0.051129262894392014 0.010944110341370106 0.15684983134269714 0.08810151368379593 -0.09948382526636124 0.16657733917236328 0.010063556022942066 0.10106544941663742 -0.09505369514226913 0.1606590300798416 -0.08902642130851746 0.03025750257074833 -0.064004085958004 -0.1415628045797348 -0.07075270265340805 0.12394019216299057 -0.14510279893875122 -0.056255925446748734 -0.1494743376970291 0.18161436915397644 0.08030474931001663 0.09331537783145905 -0.15927718579769135 -0.16974611580371857 0.12019370496273041 -0.19013530015945435 -0.14439423382282257 0.13266117870807648 -0.12417532503604889 0.0035918119829148054 0.017483044415712357 0.08957529813051224 0.09713486582040787 -0.11756927520036697 0.058009229600429535 -0.13730743527412415 -0.0045826733112335205 0.06957901269197464 -0.08244401961565018 0.053532738238573074 -0.11076188832521439 -0.10280823707580566 -0.03888801112771034 -0.09858492016792297 -0.020090429112315178 -0.02111208625137806 -0.11922059208154678 -0.11386219412088394 -0.15397152304649353 0.02956804819405079 0.07912740111351013 -0.06656387448310852 -0.09537842869758606 -0.1367792785167694 -0.10838666558265686 0.05719784274697304 0.023866591975092888 0.07627134770154953 0.08984985947608948 0.11820609867572784 -0.05733383819460869 -0.10626398772001266 0.14678320288658142 -0.11390649527311325 0.06321348249912262 -0.028058234602212906 0.11925693601369858 0.0072083501145243645 -0.026668895035982132 -0.10114159435033798 -0.11168865114450455 -0.12320782989263535 0.13223586976528168 -0.11140035092830658 -0.04879302158951759 0.018105485393515138 0.05762547071129132 0.20502906592076822 0.2528837144803719 0.35151296338479265 0.4928444038248722 0.5709812982124061 0.7894215393695927 0.9261863813752704 -1.1060178 -0.83885545 -0.72019523 -0.5319156 -0.3500442 -0.5360989 -0.70436347 -0.66564715 -0.93691254 -1.2063504 -0.8347126 -0.6253449 -0.33117878 -0.02544555 -0.2861048 -0.553838 -0.5857865 -0.9712738
0 400 -0.08793938159942627 -0.004466483369469643 -0.07041781395673752 0.06283022463321686 0.05164108797907829 0.10964448004961014 0.0003017981653101742 -0.09988381713628769 -0.000322859879815951 0.0034330866765230894 0.0956662967801094 -0.08439841866493225 0.0716174766421318 -0.047016095370054245 -0.010956759564578533 0.04225886985659599 0.12362855672836304 0.03996491804718971 -0.13916350901126862 -0.07832653820514679 0.07384579628705978 0.0024891705252230167 0.05654832720756531 -0.2138415277004242 -0.07734853029251099 0.1688094139099121 0.09012611210346222 -0.09738311916589737 -0.07062722742557526 -0.16181150078773499 0.19800713658332825 0.04493977874517441 0.02463480271399021 -0.11645588278770447 0.08380842208862305 -0.09043815732002258 -0.1390887200832367 0.0325794517993927 0.007507089525461197 -0.20194944739341736 0.1510707587003708 0.011853007599711418 -0.03658246248960495 0.05847587436437607 -0.1047307550907135 0.14178572595119476 -0.040755562484264374 -0.08972559124231339 0.006387367378920317 -0.1005120724439621 0.034749746322631836 0.11000677198171616 0.056651148945093155 -0.15307141840457916 -0.01459265686571598 0.025399724021553993 0.03596304729580879 0.15881505608558655 0.03496292233467102 0.038930486887693405 -0.009371811524033546 0.08658985793590546 -0.05193828418850899 0.14126718044281006 -0.14927135407924652 -0.05572950839996338 0.11571622639894485 0.002728434279561043 -0.1635303944349289 0.02592412568628788 -0.14238905906677246 -0.04277082160115242 0.07827960699796677 -0.041331637650728226 0.10537342727184296 -0.17301402986049652 -0.13546699285507202 -0.24767307937145233 0.08219746500253677 0.17552535235881805 -0.13882018625736237 -0.11952103674411774 0.06815676391124725 -0.11497858911752701 -0.09990853071212769 -0.03904471918940544 -0.06369412690401077 0.0970047190785408 -0.07445375621318817 -0.16871660947799683 -0.06338637322187424 -0.07592266798019409 -0.00020882980606984347 -0.18925093114376068 0.17856964468955994 0.029830986495693212 0.13913364699051253 0.3525635497230719 0.6013599657418847 0.6754693695776208 0.7903760692075412 0.8935156441446807 0.9362255020508792 0.9847979424667884 -1.0483758 -0.7923118 -0.6406667 -0.5076644 -0.2338979 -0.40743542 -0.566214 -0.67452997 -1.0202088 -1.1138216 -0.732686 -0.51112896 -0.31326634 0.14846346 -0.15816331 -0.440678 -0.6245035 -1.1252517
1 400 -0.08793938159942627 -0.004466483369469643 -0.07041781395673752 0.06283022463321686 0.05164108797907829 0.10964448004961014 0.0003017981653101742 -0.09988381713628769 -0.000322859879815951 0.0034330866765230894 0.0956662967801094 -0.08439841866493225 0.0716174766421318 -0.047016095370054245 -0.010956759564578533 0.04225886985659599 0.12362855672836304 0.03996491804718971 -0.13916350901126862 -0.07832653820514679 0.07384579628705978 0.0024891705252230167 0.05654832720756531 -0.2138415277004242 -0.07734853029251099 0.1688094139099121 0.09012611210346222 -0.09738311916589737 -0.07062722742557526 -0.16181150078773499 0.19800713658332825 0.04493977874517441 0.02463480271399021 -0.11645588278770447 0.08380842208862305 -0.09043815732002258 -0.1390887200832367 0.0325794517993927 0.007507089525461197 -0.20194944739341736 0.1510707587003708 0.011853007599711418 -0.03658246248960495 0.05847587436437607 -0.1047307550907135 0.14178572595119476 -0.040755562484264374 -0.08972559124231339 0.006387367378920317 -0.1005120724439621 0.034749746322631836 0.11000677198171616 0.056651148945093155 -0.15307141840457916 -0.01459265686571598 0.025399724021553993 0.03596304729580879 0.15881505608558655 0.03496292233467102 0.038930486887693405 -0.009371811524033546 0.08658985793590546 -0.05193828418850899 0.14126718044281006 -0.14927135407924652 -0.05572950839996338 0.11571622639894485 0.002728434279561043 -0.1635303944349289 0.02592412568628788 -0.14238905906677246 -0.04277082160115242 0.07827960699796677 -0.041331637650728226 0.10537342727184296 -0.17301402986049652 -0.13546699285507202 -0.24767307937145233 0.08219746500253677 0.17552535235881805 -0.13882018625736237 -0.11952103674411774 0.06815676391124725 -0.11497858911752701 -0.09990853071212769 -0.03904471918940544 -0.06369412690401077 0.0970047190785408 -0.07445375621318817 -0.16871660947799683 -0.06338637322187424 -0.07592266798019409 -0.00020882980606984347 -0.18925093114376068 0.17856964468955994 0.015662524412199758 0.06386741197001124 0.11787330600317218 0.3047729994472484 0.48323857443661966 0.5723270976625052 0.8467203760506431 0.8963764294422366 0.9751628300013153 -1.1500313 -0.92539513 -0.82166475 -0.74057114 -0.50879216 -0.52454436 -0.7316942 -0.74305964 -1.055739 -1.2651293 -0.9307723 -0.776376 -0.4948517 -0.308263 -0.34091544 -0.60583496 -0.72498584 -1.1640239
2 400 -0.08793938159942627 -0.004466483369469643 -0.07041781395673752 0.06283022463321686 0.05164108797907829 0.10964448004961014 0.0003017981653101742 -0.09988381713628769 -0.000322859879815951 0.0034330866765230894 0.0956662967801094 -0.08439841866493225 0.0716174766421318 -0.047016095370054245 -0.010956759564578533 0.04225886985659599 0.12362855672836304 0.03996491804718971 -0.13916350901126862 -0.07832653820514679 0.07384579628705978 0.0024891705252230167 0.05654832720756531 -0.2138415277004242 -0.07734853029251099 0.1688094139099121 0.09012611210346222 -0.09738311916589737 -0.07062722742557526 -0.16181150078773499 0.19800713658332825 0.04493977874517441 0.02463480271399021 -0.11645588278770447 0.08380842208862305 -0.09043815732002258 -0.1390887200832367 0.0325794517993927 0.007507089525461197 -0.20194944739341736 0.1510707587003708 0.011853007599711418 -0.03658246248960495 0.05847587436437607 -0.1047307550907135 0.14178572595119476 -0.040755562484264374 -0.08972559124231339 0.006387367378920317 -0.1005120724439621 0.034749746322631836 0.11000677198171616 0.056651148945093155 -0.15307141840457916 -0.01459265686571598 0.025399724021553993 0.03596304729580879 0.15881505608558655 0.03496292233467102 0.038930486887693405 -0.009371811524033546 0.08658985793590546 -0.05193828418850899 0.14126718044281006 -0.14927135407924652 -0.05572950839996338 0.11571622639894485 0.002728434279561043 -0.1635303944349289 0.02592412568628788 -0.14238905906677246 -0.04277082160115242 0.07827960699796677 -0.041331637650728226 0.10537342727184296 -0.17301402986049652 -0.13546699285507202 -0.24767307937145233 0.08219746500253677 0.17552535235881805 -0.13882018625736237 -0.11952103674411774 0.06815676391124725 -0.11497858911752701 -0.09990853071212769 -0.03904471918940544 -0.06369412690401077 0.0970047190785408 -0.07445375621318817 -0.16871660947799683 -0.06338637322187424 -0.07592266798019409 -0.00020882980606984347 -0.18925093114376068 0.17856964468955994 0.01854010794882799 0.08453493635750567 0.19136704276036212 0.2810287264378278 0.32086068273500673 0.4903277183539136 0.711316746006696 0.769491241525592 0.9440694083250093 -1.1142772 -0.8786886 -0.73346555 -0.5031177 -0.31003904 -0.5170529 -0.5826795 -0.6652311 -0.9823141 -1.2148485 -0.86125255 -0.6450969 -0.29863894 0.04582557 -0.32297996 -0.44303983 -0.5830401 -1.0417993
0 400 -0.07914543896913528 -0.004019835032522678 -0.0633760318160057 0.05654720216989517 0.046476978808641434 0.0986800268292427 0.0002716183371376246 -0.08989543467760086 -0.00029057389474473894 0.0030897778924554586 0.08609966188669205 -0.07595857232809067 0.06445572525262833 -0.04231448471546173 -0.009861083701252937 0.038032982498407364 0.11126569658517838 0.03596842661499977 -0.12524715065956116 -0.07049388438463211 0.06646121293306351 0.0022402533795684576 0.05089349299669266 -0.19245736300945282 -0.06961367279291153 0.15192846953868866 0.08111350238323212 -0.08764480799436569 -0.06356450170278549 -0.145630344748497 0.1782064139842987 0.04044580087065697 0.022171322256326675 -0.10481029003858566 0.0754275768995285 -0.08139433711767197 -0.12517984211444855 0.02932150661945343 0.006756380200386047 -0.18175449967384338 0.13596367835998535 0.010667706839740276 -0.032924216240644455 0.0526282861828804 -0.09425767511129379 0.12760715186595917 -0.03668000549077988 -0.08075302839279175 0.005748630501329899 -0.09046085923910141 0.03127476945519447 0.09900609403848648 0.05098603293299675 -0.13776427507400513 -0.013133390806615353 0.02285975031554699 0.03236674144864082 0.14293354749679565 0.03146662935614586 0.035037435591220856 -0.008434629999101162 0.07793086767196655 -0.046744454652071 0.12714046239852905 -0.134344220161438 -0.05015655606985092 0.10414460301399231 0.002455590758472681 -0.14717735350131989 0.023331712931394577 -0.12815015017986298 -0.03849373757839203 0.07045164704322815 -0.037198472768068314 0.09483607858419418 -0.15571261942386627 -0.12192028760910034 -0.22290576994419098 0.07397771626710892 0.1579728126525879 -0.12493816763162613 -0.10756892710924149 0.06134108453989029 -0.10348072648048401 -0.08991767466068268 -0.03514024615287781 -0.05732471123337746 0.0873042419552803 -0.067008376121521 -0.15184494853019714 -0.05704773589968681 -0.06833039969205856 -0.0001879468181869015 -0.17032583057880402 0.16071267426013947 0.030665997298546313 0.1411371708779408 0.38731851878118567 0.5973455228181841 0.6752018617092348 0.7882645426287431 0.8913671555581492 0.935797736312834 0.9845503936871749 -1.043983 -0.7897461 -0.63491374 -0.49520773 -0.23069301 -0.4076239 -0.56570596 -0.6740939 -1.0208342 -1.1072831 -0.72886705 -0.50457156 -0.29446575 0.15396631 -0.15828364 -0.43946165 -0.6236758 -1.1257641
1 400 -0.07914543896913528 -0.004019835032522678 -0.0633760318160057 0.05654720216989517 0.046476978808641434 0.0986800268292427 0.0002716183371376246 -0.08989543467760086 -0.00029057389474473894 0.0030897778924554586 0.08609966188669205 -0.07595857232809067 0.06445572525262833 -0.04231448471546173 -0.009861083701252937 0.038032982498407364 0.11126569658517838 0.03596842661499977 -0.12524715065956116 -0.07049388438463211 0.06646121293306351 0.0022402533795684576 0.05089349299669266 -0.19245736300945282 -0.06961367279291153 0.15192846953868866 0.08111350238323212 -0.08764480799436569 -0.06356450170278549 -0.145630344748497 0.1782064139842987 0.04044580087065697 0.022171322256326675 -0.10481029003858566 0.0754275768995285 -0.08139433711767197 -0.12517984211444855 0.02932150661945343 0.006756380200386047 -0.18175449967384338 0.13596367835998535 0.010667706839740276 -0.032924216240644455 0.0526282861828804 -0.09425767511129379 0.12760715186595917 -0.03668000549077988 -0.08075302839279175 0.005748630501329899 -0.09046085923910141 0.03127476945519447 0.09900609403848648 0.05098603293299675 -0.13776427507400513 -0.013133390806615353 0.02285975031554699 0.03236674144864082 0.14293354749679565 0.03146662935614586 0.035037435591220856 -0.008434629999101162 0.07793086767196655 -0.046744454652071 0.12714046239852905 -0.134344220161438 -0.05015655606985092 0.10414460301399231 0.002455590758472681 -0.14717735350131989 0.023331712931394577 -0.12815015017986298 -0.03849373757839203 0.07045164704322815 -0.037198472768068314 0.09483607858419418 -0.15571261942386627 -0.12192028760910034 -0.22290576994419098 0.07397771626710892 0.1579728126525879 -0.12493816763162613 -0.10756892710924149 0.06134108453989029 -0.10348072648048401 -0.08991767466068268 -0.03514024615287781 -0.05732471123337746 0.0873042419552803 -0.067008376121521 -0.15184494853019714 -0.05704773589968681 -0.06833039969205856 -0.0001879468181869015 -0.17032583057880402 0.16071267426013947 0.01681404872061499 0.06516491837232877 0.11920191773287905 0.30840604382033715 0.4800153996639678 0.5913169968828406 0.8485079106905967 0.9043659351564173 0.9769587436793745 -1.1389033 -0.9220776 -0.8197026 -0.7382659 -0.51790017 -0.52631617 -0.74700093 -0.7504569 -1.0599926 -1.248566 -0.9258343 -0.77345544 -0.49089855 -0.2679562 -0.34515744 -0.6219852 -0.73845243 -1.1717316
2 400 -0.07914543896913528 -0.004019835032522678 -0.0633760318160057 0.05654720216989517 0.046476978808641434 0.0986800268292427 0.0002716183371376246 -0.08989543467760086 -0.00029057389474473894 0.0030897778924554586 0.08609966188669205 -0.07595857232809067 0.06445572525262833 -0.04231448471546173 -0.009861083701252937 0.038032982498407364 0.11126569658517838 0.03596842661499977 -0.12524715065956116 -0.07049388438463211 0.06646121293306351 0.0022402533795684576 0.05089349299669266 -0.19245736300945282 -0.06961367279291153 0.15192846953868866 0.08111350238323212 -0.08764480799436569 -0.06356450170278549 -0.145630344748497 0.1782064139842987 0.04044580087065697 0.022171322256326675 -0.10481029003858566 0.0754275768995285 -0.08139433711767197 -0.12517984211444855 0.02932150661945343 0.006756380200386047 -0.18175449967384338 0.13596367835998535 0.010667706839740276 -0.032924216240644455 0.0526282861828804 -0.09425767511129379 0.12760715186595917 -0.03668000549077988 -0.08075302839279175 0.005748630501329899 -0.09046085923910141 0.03127476945519447 0.09900609403848648 0.05098603293299675 -0.13776427507400513 -0.013133390806615353 0.02285975031554699 0.03236674144864082 0.14293354749679565 0.03146662935614586 0.035037435591220856 -0.008434629999101162 0.07793086767196655 -0.046744454652071 0.12714046239852905 -0.134344220161438 -0.05015655606985092 0.10414460301399231 0.002455590758472681 -0.14717735350131989 0.023331712931394577 -0.12815015017986298 -0.03849373757839203 0.07045164704322815 -0.037198472768068314 0.09483607858419418 -0.15571261942386627 -0.12192028760910034 -0.22290576994419098 0.07397771626710892 0.1579728126525879 -0.12493816763162613 -0.10756892710924149 0.06134108453989029 -0.10348072648048401 -0.08991767466068268 -0.03514024615287781 -0.05732471123337746 0.0873042419552803 -0.067008376121521 -0.15184494853019714 -0.05704773589968681 -0.06833039969205856 -0.0001879468181869015 -0.17032583057880402 0.16071267426013947 0.01635831846240892 0.0731600346454113 0.1952727493490449 0.2644433848140932 0.3221524429467055 0.4903277183539136 0.723256650377184 0.7802890283203552 0.9471744085430114 -1.0945057 -0.86941993 -0.7296007 -0.50182366 -0.31176293 -0.5170529 -0.5876081 -0.66749036 -0.9873544 -1.1979052 -0.85805523 -0.63934433 -0.29637864 0.04275441 -0.32297996 -0.45152897 -0.58777475 -1.0502445
0 400 -0.0703515037894249 -0.003573186695575714 -0.056334253400564194 0.050264179706573486 0.041312869638204575 0.08771558851003647 0.00024143853806890547 -0.07990705221891403 -0.0002582879096735269 0.0027464693412184715 0.07653304189443588 -0.06751873344182968 0.057293981313705444 -0.037612877786159515 -0.008765407837927341 0.033807095140218735 0.09890284389257431 0.03197193518280983 -0.11133080720901489 -0.06266123056411743 0.05907663702964783 0.001991336466744542 0.045238662511110306 -0.17107322812080383 -0.06187882646918297 0.1350475400686264 0.07210089266300201 -0.07790649682283401 -0.056501783430576324 -0.12944920361042023 0.15840570628643036 0.035951822996139526 0.01970784179866314 -0.09316470474004745 0.06704673916101456 -0.07235052436590195 -0.1112709790468216 0.02606356143951416 0.0060056718066334724 -0.1615595668554306 0.12085660547018051 0.009482406079769135 -0.02926596999168396 0.046780701726675034 -0.08378460258245468 0.11342858523130417 -0.03260445222258568 -0.07178047299385071 0.005109894089400768 -0.08040966093540192 0.02779979817569256 0.0880054160952568 0.04532092064619064 -0.12245713919401169 -0.0116741256788373 0.020319780334830284 0.028770437464118004 0.12705205380916595 0.027970338240265846 0.031144389882683754 -0.007497449405491352 0.06927188485860825 -0.04155062884092331 0.11301374435424805 -0.11941708624362946 -0.04458360746502876 0.09257297962903976 0.002182747470214963 -0.13082431256771088 0.020739300176501274 -0.11391124874353409 -0.034216657280921936 0.06262368708848953 -0.0330653116106987 0.0842987447977066 -0.13841122388839722 -0.10837359726428986 -0.19813846051692963 0.06575797498226166 0.14042028784751892 -0.11105614900588989 -0.09561683237552643 0.05452541261911392 -0.0919828712940216 -0.07992682605981827 -0.031235774978995323 -0.05095530301332474 0.077603779733181 -0.059563007205724716 -0.13497328758239746 -0.05070909857749939 -0.06073813512921333 -0.00016706384485587478 -0.15140074491500854 0.1428557187318802 0.03179809644947902 0.14362233938697225 0.40676971302071585 0.5945113457470041 0.67076921969758 0.7861483908262251 0.8885228052353905 0.935537620512975 0.9842680961265093 -1.0382087 -0.7866055 -0.6281287 -0.4819272 -0.22942236 -0.40778098 -0.5650467 -0.67367053 -1.0211234 -1.0986884 -0.7241924 -0.49620908 -0.2743307 0.15649322 -0.15835157 -0.43788344 -0.62291896 -1.1257588
1 400 -0.0703515037894249 -0.003573186695575714 -0.056334253400564194 0.050264179706573486 0.041312869638204575 0.08771558851003647 0.00024143853806890547 -0.07990705221891403 -0.0002582879096735269 0.0027464693412184715 0.07653304189443588 -0.06751873344182968 0.057293981313705444 -0.037612877786159515 -0.008765407837927341 0.033807095140218735 0.09890284389257431 0.03197193518280983 -0.11133080720901489 -0.06266123056411743 0.05907663702964783 0.001991336466744542 0.045238662511110306 -0.17107322812080383 -0.06187882646918297 0.1350475400686264 0.07210089266300201 -0.07790649682283401 -0.056501783430576324 -0.12944920361042023 0.15840570628643036 0.035951822996139526 0.01970784179866314 -0.09316470474004745 0.06704673916101456 -0.07235052436590195 -0.1112709790468216 0.02606356143951416 0.0060056718066334724 -0.1615595668554306 0.12085660547018051 0.009482406079769135 -0.02926596999168396 0.046780701726675034 -0.08378460258245468 0.11342858523130417 -0.03260445222258568 -0.07178047299385071 0.005109894089400768 -0.08040966093540192 0.02779979817569256 0.0880054160952568 0.04532092064619064 -0.12245713919401169 -0.0116741256788373 0.020319780334830284 0.028770437464118004 0.12705205380916595 0.027970338240265846 0.031144389882683754 -0.007497449405491352 0.06927188485860825 -0.04155062884092331 0.11301374435424805 -0.11941708624362946 -0.04458360746502876 0.09257297962903976 0.002182747470214963 -0.13082431256771088 0.020739300176501274 -0.11391124874353409 -0.034216657280921936 0.06262368708848953 -0.0330653116106987 0.0842987447977066 -0.13841122388839722 -0.10837359726428986 -0.19813846051692963 0.06575797498226166 0.14042028784751892 -0.11105614900588989 -0.09561683237552643 0.05452541261911392 -0.0919828712940216 -0.07992682605981827 -0.031235774978995323 -0.05095530301332474 0.077603779733181 -0.059563007205724716 -0.13497328758239746 -0.05070909857749939 -0.06073813512921333 -0.00016706384485587478 -0.15140074491500854 0.1428557187318802 0.018036163283475598 0.06572368218995368 0.12053446291477417 0.3089236749412782 0.48285833256489136 0.6041765683918566 0.8465036486552044 0.9063466094763215 0.9763608112761646 -1.1278844 -0.9206678 -0.81775355 -0.7368077 -0.5323931 -0.5275302 -0.75904566 -0.7592062 -1.057977 -1.2321651 -0.923736 -0.77055436 -0.4904331 -0.24466112 -0.34806398 -0.63375044 -0.7529055 -1.1683079
2 400 -0.0703515037894249 -0.003573186695575714 -0.056334253400564194 0.050264179706573486 0.041312869638204575 0.08771558851003647 0.00024143853806890547 -0.07990705221891403 -0.0002582879096735269 0.0027464693412184715 0.07653304189443588 -0.06751873344182968 0.057293981313705444 -0.037612877786159515 -0.008765407837927341 0.033807095140218735 0.09890284389257431 0.03197193518280983 -0.11133080720901489 -0.06266123056411743 0.05907663702964783 0.001991336466744542 0.045238662511110306 -0.17107322812080383 -0.06187882646918297 0.1350475400686264 0.07210089266300201 -0.07790649682283401 -0.056501783430576324 -0.12944920361042023 0.15840570628643036 0.035951822996139526 0.01970784179866314 -0.09316470474004745 0.06704673916101456 -0.07235052436590195 -0.1112709790468216 0.02606356143951416 0.0060056718066334724 -0.1615595668554306 0.12085660547018051 0.009482406079769135 -0.02926596999168396 0.046780701726675034 -0.08378460258245468 0.11342858523130417 -0.03260445222258568 -0.07178047299385071 0.005109894089400768 -0.08040966093540192 0.02779979817569256 0.0880054160952568 0.04532092064619064 -0.12245713919401169 -0.0116741256788373 0.020319780334830284 0.028770437464118004 0.12705205380916595 0.027970338240265846 0.031144389882683754 -0.007497449405491352 0.06927188485860825 -0.04155062884092331 0.11301374435424805 -0.11941708624362946 -0.04458360746502876 0.09257297962903976 0.002182747470214963 -0.13082431256771088 0.020739300176501274 -0.11391124874353409 -0.034216657280921936 0.06262368708848953 -0.0330653116106987 0.0842987447977066 -0.13841122388839722 -0.10837359726428986 -0.19813846051692963 0.06575797498226166 0.14042028784751892 -0.11105614900588989 -0.09561683237552643 0.05452541261911392 -0.0919828712940216 -0.07992682605981827 -0.031235774978995323 -0.05095530301332474 0.077603779733181 -0.059563007205724716 -0.13497328758239746 -0.05070909857749939 -0.06073813512921333 -0.00016706384485587478 -0.15140074491500854 0.1428557187318802 0.014541454160948044 0.0630359394836321 0.19896790862219066 0.2510866913644471 0.32348572952120874 0.4903277183539136 0.734779535911039 0.7906116674062013 0.9487770580155641 -1.0750856 -0.86001736 -0.7259978 -0.5007433 -0.31353837 -0.5170529 -0.59251004 -0.6697061 -0.9885225 -1.1809907 -0.8548448 -0.63398165 -0.29449162 0.039591372 -0.32297996 -0.45997238 -0.59242797 -1.0526161
0 400 -0.06155756488442421 -0.00312653835862875 -0.049292467534542084 0.0439811572432518 0.036148760467767715 0.07675113528966904 0.00021125870989635587 -0.0699186697602272 -0.0002260019100503996 0.0024031605571508408 0.06696640700101852 -0.0590788908302784 0.050132233649492264 -0.032911267131567 -0.007669731508940458 0.029581207782030106 0.08653999119997025 0.02797544188797474 -0.09741445630788803 -0.05482857674360275 0.05169205740094185 0.001742419321089983 0.039583828300237656 -0.14968906342983246 -0.05414396896958351 0.11816658824682236 0.06308827549219131 -0.06816818565130234 -0.04943905770778656 -0.11326804757118225 0.138604998588562 0.031457845121622086 0.017244361340999603 -0.08151911944150925 0.05866589397192001 -0.06330671161413193 -0.09736210107803345 0.02280561625957489 0.005254962481558323 -0.14136460423469543 0.10574953258037567 0.008297105319797993 -0.025607723742723465 0.04093310981988907 -0.07331153005361557 0.09925000369548798 -0.028528893366456032 -0.06280791014432907 0.00447115721181035 -0.07035844773054123 0.024324821308255196 0.07700473815202713 0.03965580463409424 -0.10714998841285706 -0.010214859619736671 0.01777980662882328 0.025174133479595184 0.11117053776979446 0.024474045261740685 0.027251340448856354 -0.006560267880558968 0.06061289831995964 -0.03635679930448532 0.09888702630996704 -0.10448994487524033 -0.039010655134916306 0.08100135624408722 0.0019099039491266012 -0.11447127163410187 0.01814688742160797 -0.0996723398566246 -0.029939575120806694 0.05479572340846062 -0.028932146728038788 0.07376139611005783 -0.12110982090234756 -0.09482689201831818 -0.17337115108966827 0.0575382262468338 0.12286774814128876 -0.09717413038015366 -0.08366472274065018 0.04770973324775696 -0.08048500865697861 -0.06993597000837326 -0.02733130380511284 -0.04458588734269142 0.0679033026099205 -0.05211762711405754 -0.11810162663459778 -0.044370461255311966 -0.053145866841077805 -0.00014618085697293282 -0.13247564435005188 0.12499874830245972 0.033436788005082915 0.1464902959133986 0.41056794198940794 0.5916928966836811 0.6665124190517839 0.7840270277185292 0.8850553688590365 0.9351867931719479 0.9841661452066368 -1.0301932 -0.7830368 -0.6191126 -0.46858868 -0.23424453 -0.40793434 -0.56426275 -0.673154 -1.0200307 -1.0867578 -0.7188807 -0.48390746 -0.254105 0.14855412 -0.15841419 -0.4360064 -0.62198615 -1.1240743
1 400 -0.06155756488442421 -0.00312653835862875 -0.049292467534542084 0.0439811572432518 0.036148760467767715 0.07675113528966904 0.00021125870989635587 -0.0699186697602272 -0.0002260019100503996 0.0024031605571508408 0.06696640700101852 -0.0590788908302784 0.050132233649492264 -0.032911267131567 -0.007669731508940458 0.029581207782030106 0.08653999119997025 0.02797544188797474 -0.09741445630788803 -0.05482857674360275 0.05169205740094185 0.001742419321089983 0.039583828300237656 -0.14968906342983246 -0.05414396896958351 0.11816658824682236 0.06308827549219131 -0.06816818565130234 -0.04943905770778656 -0.11326804757118225 0.138604998588562 0.031457845121622086 0.017244361340999603 -0.08151911944150925 0.05866589397192001 -0.06330671161413193 -0.09736210107803345 0.02280561625957489 0.005254962481558323 -0.14136460423469543 0.10574953258037567 0.008297105319797993 -0.025607723742723465 0.04093310981988907 -0.07331153005361557 0.09925000369548798 -0.028528893366456032 -0.06280791014432907 0.00447115721181035 -0.07035844773054123 0.024324821308255196 0.07700473815202713 0.03965580463409424 -0.10714998841285706 -0.010214859619736671 0.01777980662882328 0.025174133479595184 0.11117053776979446 0.024474045261740685 0.027251340448856354 -0.006560267880558968 0.06061289831995964 -0.03635679930448532 0.09888702630996704 -0.10448994487524033 -0.039010655134916306 0.08100135624408722 0.0019099039491266012 -0.11447127163410187 0.01814688742160797 -0.0996723398566246 -0.029939575120806694 0.05479572340846062 -0.028932146728038788 0.07376139611005783 -0.12110982090234756 -0.09482689201831818 -0.17337115108966827 0.0575382262468338 0.12286774814128876 -0.09717413038015366 -0.08366472274065018 0.04770973324775696 -0.08048500865697861 -0.06993597000837326 -0.02733130380511284 -0.04458588734269142 0.0679033026099205 -0.05211762711405754 -0.11810162663459778 -0.044370461255311966 -0.053145866841077805 -0.00014618085697293282 -0.13247564435005188 0.12499874830245972 0.01938915263950358 0.06627917178341448 0.12188959939181673 0.30947798006837685 0.48570246082990504 0.6156819667983728 0.8440562086302793 0.9064348495373045 0.9757472771191186 -1.1165097 -0.9192773 -0.8157904 -0.73527485 -0.54688644 -0.52862793 -0.77076757 -0.76873887 -1.0561517 -1.2152345 -0.9216664 -0.76763237 -0.4899329 -0.22136521 -0.3506921 -0.64507115 -0.76822007 -1.1651516
2 400 -0.06155756488442421 -0.00312653835862875 -0.049292467534542084 0.0439811572432518 0.036148760467767715 0.07675113528966904 0.00021125870989635587 -0.0699186697602272 -0.0002260019100503996 0.0024031605571508408 0.06696640700101852 -0.0590788908302784 0.050132233649492264 -0.032911267131567 -0.007669731508940458 0.029581207782030106 0.08653999119997025 0.02797544188797474 -0.09741445630788803 -0.05482857674360275 0.05169205740094185 0.001742419321089983 0.039583828300237656 -0.14968906342983246 -0.05414396896958351 0.11816658824682236 0.06308827549219131 -0.06816818565130234 -0.04943905770778656 -0.11326804757118225 0.138604998588562 0.031457845121622086 0.017244361340999603 -0.08151911944150925 0.05866589397192001 -0.06330671161413193 -0.09736210107803345 0.02280561625957489 0.005254962481558323 -0.14136460423469543 0.10574953258037567 0.008297105319797993 -0.025607723742723465 0.04093310981988907 -0.07331153005361557 0.09925000369548798 -0.028528893366456032 -0.06280791014432907 0.00447115721181035 -0.07035844773054123 0.024324821308255196 0.07700473815202713 0.03965580463409424 -0.10714998841285706 -0.010214859619736671 0.01777980662882328 0.025174133479595184 0.11117053776979446 0.024474045261740685 0.027251340448856354 -0.006560267880558968 0.06061289831995964 -0.03635679930448532 0.09888702630996704 -0.10448994487524033 -0.039010655134916306 0.08100135624408722 0.0019099039491266012 -0.11447127163410187 0.01814688742160797 -0.0996723398566246 -0.029939575120806694 0.05479572340846062 -0.028932146728038788 0.07376139611005783 -0.12110982090234756 -0.09482689201831818 -0.17337115108966827 0.0575382262468338 0.12286774814128876 -0.09717413038015366 -0.08366472274065018 0.04770973324775696 -0.08048500865697861 -0.06993597000837326 -0.02733130380511284 -0.04458588734269142 0.0679033026099205 -0.05211762711405754 -0.11810162663459778 -0.044370461255311966 -0.053145866841077805 -0.00014618085697293282 -0.13247564435005188 0.12499874830245972 0.015102729718842554 0.055728270260341904 0.19039318563451807 0.24070951016008604 0.32516711866840303 0.4903277183539136 0.7427424609866009 0.8006866621789593 0.949270841634083 -1.0589552 -0.8512236 -0.7214561 -0.4998774 -0.315772 -0.5170529 -0.59534544 -0.67196345 -0.9867134 -1.1602104 -0.85093975 -0.62691605 -0.29297903 0.035612077 -0.32297996 -0.4651584 -0.5971608 -1.0502994
0 400 -0.05276362970471382 -0.0026798900216817856 -0.04225068911910057 0.037698134779930115 0.030984653159976006 0.0657866895198822 0.00018107891082763672 -0.05993029102683067 -0.00019371593953110278 0.0020598520059138536 0.05739977955818176 -0.05063905194401741 0.04297048598527908 -0.028209658339619637 -0.00657405611127615 0.025355322286486626 0.07417713850736618 0.023978952318429947 -0.08349810540676117 -0.04699592664837837 0.04430747777223587 0.0014935024082660675 0.033928997814655304 -0.12830492854118347 -0.04640911892056465 0.1012856513261795 0.05407566949725151 -0.05842987447977066 -0.04237633943557739 -0.09708690643310547 0.11880428344011307 0.026963869109749794 0.014780881814658642 -0.06987353414297104 0.05028505623340607 -0.05426289513707161 -0.0834532380104065 0.01954767107963562 0.004504254087805748 -0.12116967141628265 0.09064245969057083 0.007111805025488138 -0.02194947749376297 0.0350855253636837 -0.06283845752477646 0.08507143706083298 -0.024453338235616684 -0.05383535847067833 0.003832420567050576 -0.06030724570155144 0.02084984816610813 0.06600406765937805 0.03399069234728813 -0.09184285253286362 -0.008755594491958618 0.015239834785461426 0.021577829495072365 0.09528903663158417 0.020977754145860672 0.023358292877674103 -0.005623087286949158 0.051953915506601334 -0.031162971630692482 0.08476030826568604 -0.08956281840801239 -0.03343770653009415 0.06942974030971527 0.0016370606608688831 -0.09811823815107346 0.015554475598037243 -0.08543343842029572 -0.0256624948233366 0.0469677671790123 -0.024798983708024025 0.06322406232357025 -0.10380842536687851 -0.08128020167350769 -0.14860385656356812 0.04931848123669624 0.10531521588563919 -0.08329211175441742 -0.07171262800693512 0.04089406132698059 -0.0689871534705162 -0.05994512140750885 -0.023426832631230354 -0.0382164791226387 0.0582028329372406 -0.04467225447297096 -0.10122997313737869 -0.03803182393312454 -0.045553602278232574 -0.00012529788364190608 -0.113550566136837 0.10714179277420044 0.035215054521782314 0.14626484991503375 0.41250593106408245 0.5763718414528904 0.6621859995228944 0.7818524944767262 0.8815000366082877 0.9349440668010802 0.9840671176515412 -1.0219132 -0.78331524 -0.6116327 -0.4631948 -0.2391048 -0.40811396 -0.56347996 -0.6726788 -1.0182953 -1.0744334 -0.71929514 -0.47449788 -0.24570245 0.14055309 -0.15851793 -0.43413228 -0.6211521 -1.1214905
1 400 -0.05276362970471382 -0.0026798900216817856 -0.04225068911910057 0.037698134779930115 0.030984653159976006 0.0657866895198822 0.00018107891082763672 -0.05993029102683067 -0.00019371593953110278 0.0020598520059138536 0.05739977955818176 -0.05063905194401741 0.04297048598527908 -0.028209658339619637 -0.00657405611127615 0.025355322286486626 0.07417713850736618 0.023978952318429947 -0.08349810540676117 -0.04699592664837837 0.04430747777223587 0.0014935024082660675 0.033928997814655304 -0.12830492854118347 -0.04640911892056465 0.1012856513261795 0.05407566949725151 -0.05842987447977066 -0.04237633943557739 -0.09708690643310547 0.11880428344011307 0.026963869109749794 0.014780881814658642 -0.06987353414297104 0.05028505623340607 -0.05426289513707161 -0.0834532380104065 0.01954767107963562 0.004504254087805748 -0.12116967141628265 0.09064245969057083 0.007111805025488138 -0.02194947749376297 0.0350855253636837 -0.06283845752477646 0.08507143706083298 -0.024453338235616684 -0.05383535847067833 0.003832420567050576 -0.06030724570155144 0.02084984816610813 0.06600406765937805 0.03399069234728813 -0.09184285253286362 -0.008755594491958618 0.015239834785461426 0.021577829495072365 0.09528903663158417 0.020977754145860672 0.023358292877674103 -0.005623087286949158 0.051953915506601334 -0.031162971630692482 0.08476030826568604 -0.08956281840801239 -0.03343770653009415 0.06942974030971527 0.0016370606608688831 -0.09811823815107346 0.015554475598037243 -0.08543343842029572 -0.0256624948233366 0.0469677671790123 -0.024798983708024025 0.06322406232357025 -0.10380842536687851 -0.08128020167350769 -0.14860385656356812 0.04931848123669624 0.10531521588563919 -0.08329211175441742 -0.07171262800693512 0.04089406132698059 -0.0689871534705162 -0.05994512140750885 -0.023426832631230354 -0.0382164791226387 0.0582028329372406 -0.04467225447297096 -0.10122997313737869 -0.03803182393312454 -0.045553602278232574 -0.00012529788364190608 -0.113550566136837 0.10714179277420044 0.020809388229673906 0.0634702880706661 0.1250163934269869 0.3102452357434007 0.4885354776086955 0.6090459566940756 0.8415769897343677 0.9046990399822675 0.9751383605407499 -1.1053778 -0.91552985 -0.8113314 -0.7332884 -0.56086624 -0.5279934 -0.7824961 -0.7787804 -1.0550432 -1.1986655 -0.9195374 -0.7609955 -0.48923004 -0.19934955 -0.34917286 -0.656399 -0.7839687 -1.1630223
2 400 -0.05276362970471382 -0.0026798900216817856 -0.04225068911910057 0.037698134779930115 0.030984653159976006 0.0657866895198822 0.00018107891082763672 -0.05993029102683067 -0.00019371593953110278 0.0020598520059138536 0.05739977955818176 -0.05063905194401741 0.04297048598527908 -0.028209658339619637 -0.00657405611127615 0.025355322286486626 0.07417713850736618 0.023978952318429947 -0.08349810540676117 -0.04699592664837837 0.04430747777223587 0.0014935024082660675 0.033928997814655304 -0.12830492854118347 -0.04640911892056465 0.1012856513261795 0.05407566949725151 -0.05842987447977066 -0.04237633943557739 -0.09708690643310547 0.11880428344011307 0.026963869109749794 0.014780881814658642 -0.06987353414297104 0.05028505623340607 -0.05426289513707161 -0.0834532380104065 0.01954767107963562 0.004504254087805748 -0.12116967141628265 0.09064245969057083 0.007111805025488138 -0.02194947749376297 0.0350855253636837 -0.06283845752477646 0.08507143706083298 -0.024453338235616684 -0.05383535847067833 0.003832420567050576 -0.06030724570155144 0.02084984816610813 0.06600406765937805 0.03399069234728813 -0.09184285253286362 -0.008755594491958618 0.015239834785461426 0.021577829495072365 0.09528903663158417 0.020977754145860672 0.023358292877674103 -0.005623087286949158 0.051953915506601334 -0.031162971630692482 0.08476030826568604 -0.08956281840801239 -0.03343770653009415 0.06942974030971527 0.0016370606608688831 -0.09811823815107346 0.015554475598037243 -0.08543343842029572 -0.0256624948233366 0.0469677671790123 -0.024798983708024025 0.06322406232357025 -0.10380842536687851 -0.08128020167350769 -0.14860385656356812 0.04931848123669624 0.10531521588563919 -0.08329211175441742 -0.07171262800693512 0.04089406132698059 -0.0689871534705162 -0.05994512140750885 -0.023426832631230354 -0.0382164791226387 0.0582028329372406 -0.04467225447297096 -0.10122997313737869 -0.03803182393312454 -0.045553602278232574 -0.00012529788364190608 -0.113550566136837 0.10714179277420044 0.015685521755535774 0.054911721339101625 0.16568556896385134 0.23131773164014113 0.32752795538196255 0.4919064443928284 0.734859609982346 0.8104079443591126 0.9480464639348495 -1.0427995 -0.8469392 -0.71238863 -0.49907142 -0.31889808 -0.52900064 -0.593768 -0.67421246 -0.9830647 -1.1394001 -0.84668267 -0.61938775 -0.29157123 0.030042827 -0.2998478 -0.46277252 -0.6018819 -1.0446023
0 400 -0.043969690799713135 -0.0022332416847348213 -0.03520890697836876 0.03141511231660843 0.025820543989539146 0.05482224002480507 0.0001508990826550871 -0.049941908568143845 -0.0001614299399079755 0.0017165433382615447 0.0478331483900547 -0.042199209332466125 0.0358087383210659 -0.023508047685027122 -0.005478379782289267 0.021129434928297997 0.06181427836418152 0.019982459023594856 -0.06958175450563431 -0.039163269102573395 0.03692289814352989 0.0012445852626115084 0.028274163603782654 -0.1069207638502121 -0.03867426514625549 0.08440470695495605 0.04506305605173111 -0.048691559582948685 -0.03531361371278763 -0.08090575039386749 0.09900356829166412 0.022469889372587204 0.012317401356995106 -0.058227941393852234 0.04190421104431152 -0.04521907866001129 -0.06954436004161835 0.01628972589969635 0.0037535447627305984 -0.10097472369670868 0.0755353793501854 0.005926503799855709 -0.018291231244802475 0.029237937182188034 -0.05236537754535675 0.07089286297559738 -0.020377781242132187 -0.04486279562115669 0.0031936836894601583 -0.05025603622198105 0.017374873161315918 0.05500338599085808 0.028325574472546577 -0.07653570920228958 -0.00729632843285799 0.012699862010776997 0.017981523647904396 0.07940752804279327 0.01748146116733551 0.019465243443846703 -0.004685905762016773 0.04329492896795273 -0.025969142094254494 0.07063359022140503 -0.07463567703962326 -0.02786475419998169 0.05785811319947243 0.0013642171397805214 -0.08176519721746445 0.01296206284314394 -0.07119452953338623 -0.02138541080057621 0.03913980349898338 -0.020665818825364113 0.05268671363592148 -0.08650701493024826 -0.06773349642753601 -0.12383653968572617 0.04109873250126839 0.08776267617940903 -0.06941009312868118 -0.05976051837205887 0.03407838195562363 -0.057489294558763504 -0.04995426535606384 -0.01952235959470272 -0.031847063452005386 0.0485023595392704 -0.037226878106594086 -0.08435830473899841 -0.03169318661093712 -0.037961333990097046 -0.00010441490303492174 -0.09462546557188034 0.08928482234477997 0.037126350454994086 0.14603262231208383 0.3486616983066278 0.5578829623366846 0.657901349556835 0.7797067309639529 0.8778517485661316 0.9343985099718585 0.9838549596580843 -1.0134513 -0.7836024 -0.6021556 -0.45696697 -0.24393797 -0.40827313 -0.5626975 -0.67338055 -1.01453 -1.0618386 -0.71972257 -0.47040933 -0.23490983 0.13259342 -0.15859091 -0.43225908 -0.62211794 -1.1158915
1 400 -0.043969690799713135 -0.0022332416847348213 -0.03520890697836876 0.03141511231660843 0.025820543989539146 0.05482224002480507 0.0001508990826550871 -0.049941908568143845 -0.0001614299399079755 0.0017165433382615447 0.0478331483900547 -0.042199209332466125 0.0358087383210659 -0.023508047685027122 -0.005478379782289267 0.021129434928297997 0.06181427836418152 0.019982459023594856 -0.06958175450563431 -0.039163269102573395 0.03692289814352989 0.0012445852626115084 0.028274163603782654 -0.1069207638502121 -0.03867426514625549 0.08440470695495605 0.04506305605173111 -0.048691559582948685 -0.03531361371278763 -0.08090575039386749 0.09900356829166412 0.022469889372587204 0.012317401356995106 -0.058227941393852234 0.04190421104431152 -0.04521907866001129 -0.06954436004161835 0.01628972589969635 0.0037535447627305984 -0.10097472369670868 0.0755353793501854 0.005926503799855709 -0.018291231244802475 0.029237937182188034 -0.05236537754535675 0.07089286297559738 -0.020377781242132187 -0.04486279562115669 0.0031936836894601583 -0.05025603622198105 0.017374873161315918 0.05500338599085808 0.028325574472546577 -0.07653570920228958 -0.00729632843285799 0.012699862010776997 0.017981523647904396 0.07940752804279327 0.01748146116733551 0.019465243443846703 -0.004685905762016773 0.04329492896795273 -0.025969142094254494 0.07063359022140503 -0.07463567703962326 -0.02786475419998169 0.05785811319947243 0.0013642171397805214 -0.08176519721746445 0.01296206284314394 -0.07119452953338623 -0.02138541080057621 0.03913980349898338 -0.020665818825364113 0.05268671363592148 -0.08650701493024826 -0.06773349642753601 -0.12383653968572617 0.04109873250126839 0.08776267617940903 -0.06941009312868118 -0.05976051837205887 0.03407838195562363 -0.057489294558763504 -0.04995426535606384 -0.01952235959470272 -0.031847063452005386 0.0485023595392704 -0.037226878106594086 -0.08435830473899841 -0.03169318661093712 -0.037961333990097046 -0.00010441490303492174 -0.09462546557188034 0.08928482234477997 0.022437475130123643 0.05901234396981173 0.12816530696208026 0.31198363997227907 0.49132051619354233 0.6089687377689222 0.8390743339295559 0.9030851814831595 0.9746306471637076 -1.093497 -0.91060984 -0.8069365 -0.729037 -0.57434344 -0.5327506 -0.7941647 -0.78883576 -1.055237 -1.1809818 -0.917562 -0.7544539 -0.48762095 -0.17839731 -0.3558591 -0.6676674 -0.7997704 -1.1628304
2 400 -0.043969690799713135 -0.0022332416847348213 -0.03520890697836876 0.03141511231660843 0.025820543989539146 0.05482224002480507 0.0001508990826550871 -0.049941908568143845 -0.0001614299399079755 0.0017165433382615447 0.0478331483900547 -0.042199209332466125 0.0358087383210659 -0.023508047685027122 -0.005478379782289267 0.021129434928297997 0.06181427836418152 0.019982459023594856 -0.06958175450563431 -0.039163269102573395 0.03692289814352989 0.0012445852626115084 0.028274163603782654 -0.1069207638502121 -0.03867426514625549 0.08440470695495605 0.04506305605173111 -0.048691559582948685 -0.03531361371278763 -0.08090575039386749 0.09900356829166412 0.022469889372587204 0.012317401356995106 -0.058227941393852234 0.04190421104431152 -0.04521907866001129 -0.06954436004161835 0.01628972589969635 0.0037535447627305984 -0.10097472369670868 0.0755353793501854 0.005926503799855709 -0.018291231244802475 0.029237937182188034 -0.05236537754535675 0.07089286297559738 -0.020377781242132187 -0.04486279562115669 0.0031936836894601583 -0.05025603622198105 0.017374873161315918 0.05500338599085808 0.028325574472546577 -0.07653570920228958 -0.00729632843285799 0.012699862010776997 0.017981523647904396 0.07940752804279327 0.01748146116733551 0.019465243443846703 -0.004685905762016773 0.04329492896795273 -0.025969142094254494 0.07063359022140503 -0.07463567703962326 -0.02786475419998169 0.05785811319947243 0.0013642171397805214 -0.08176519721746445 0.01296206284314394 -0.07119452953338623 -0.02138541080057621 0.03913980349898338 -0.020665818825364113 0.05268671363592148 -0.08650701493024826 -0.06773349642753601 -0.12383653968572617 0.04109873250126839 0.08776267617940903 -0.06941009312868118 -0.05976051837205887 0.03407838195562363 -0.057489294558763504 -0.04995426535606384 -0.01952235959470272 -0.031847063452005386 0.0485023595392704 -0.037226878106594086 -0.08435830473899841 -0.03169318661093712 -0.037961333990097046 -0.00010441490303492174 -0.09462546557188034 0.08928482234477997 0.01626398197799116 0.0550356574770166 0.12626638807789703 0.23109112947658403 0.32991686209979143 0.49371323425766017 0.725974332245922 0.8161853647569329 0.9466391990419415 -1.026942 -0.84426236 -0.6970174 -0.49905172 -0.32204962 -0.54267347 -0.5921945 -0.6771451 -0.9790987 -1.1190199 -0.8434292 -0.6117737 -0.29153678 0.024428159 -0.2733758 -0.46033186 -0.6072695 -1.0383898
0 400 -0.03517575189471245 -0.001786593347787857 -0.028167126700282097 0.025132089853286743 0.020656434819102287 0.043857794255018234 0.00012071926903445274 -0.039953526109457016 -0.00012914395483676344 0.0013732346706092358 0.03826652094721794 -0.03375936672091484 0.028646990656852722 -0.018806438893079758 -0.004382703918963671 0.016903547570109367 0.049451421946287155 0.015985967591404915 -0.055665403604507446 -0.031330615282058716 0.029538318514823914 0.000995668233372271 0.022619331255555153 -0.08553661406040192 -0.030939413234591484 0.0675237700343132 0.03605044633150101 -0.03895324841141701 -0.028250891715288162 -0.06472460180521011 0.07920285314321518 0.017975911498069763 0.00985392089933157 -0.04658235237002373 0.03352336958050728 -0.036175262182950974 -0.0556354895234108 0.01303178071975708 0.0030028359033167362 -0.0807797834277153 0.060428302735090256 0.004741203039884567 -0.01463298499584198 0.023390350863337517 -0.04189230129122734 0.056714292615652084 -0.01630222611129284 -0.035890236496925354 0.002554947044700384 -0.04020483046770096 0.01389989908784628 0.0440027080476284 0.02266046032309532 -0.061228569597005844 -0.00583706283941865 0.010159890167415142 0.014385218732059002 0.06352602690458298 0.013985169120132923 0.015572194941341877 -0.003748724702745676 0.03463594242930412 -0.020775314420461655 0.05650687217712402 -0.05970854312181473 -0.02229180373251438 0.04628648981451988 0.0010913737351074815 -0.06541215628385544 0.010369650088250637 -0.056955624371767044 -0.017108328640460968 0.031311843544244766 -0.01653265580534935 0.0421493723988533 -0.06920561194419861 -0.05418679863214493 -0.09906923025846481 0.03287898749113083 0.07021014392375946 -0.055528074502944946 -0.047808416187763214 0.02726270630955696 -0.0459914356470108 -0.039963413029909134 -0.015617887489497662 -0.02547765150666237 0.0388018898665905 -0.029781503602862358 -0.06748664379119873 -0.025354549288749695 -0.030369067564606667 -8.353192242793739e-05 -0.07570037245750427 0.0714278593659401 0.03912596138971014 0.14581233275731093 0.2886636166709394 0.5372590451264888 0.6592015226231459 0.7751968300924605 0.8755968717164154 0.933070502671427 0.9835560829945809 -1.0050356 -0.78387517 -0.6046797 -0.45224833 -0.25107726 -0.41039553 -0.562224 -0.67985696 -1.0096366 -1.0493124 -0.72012854 -0.47635406 -0.22647035 0.12028551 -0.16178806 -0.43112528 -0.6321252 -1.1085886
1 400 -0.03517575189471245 -0.001786593347787857 -0.028167126700282097 0.025132089853286743 0.020656434819102287 0.043857794255018234 0.00012071926903445274 -0.039953526109457016 -0.00012914395483676344 0.0013732346706092358 0.03826652094721794 -0.03375936672091484 0.028646990656852722 -0.018806438893079758 -0.004382703918963671 0.016903547570109367 0.049451421946287155 0.015985967591404915 -0.055665403604507446 -0.031330615282058716 0.029538318514823914 0.000995668233372271 0.022619331255555153 -0.08553661406040192 -0.030939413234591484 0.0675237700343132 0.03605044633150101 -0.03895324841141701 -0.028250891715288162 -0.06472460180521011 0.07920285314321518 0.017975911498069763 0.00985392089933157 -0.04658235237002373 0.03352336958050728 -0.036175262182950974 -0.0556354895234108 0.01303178071975708 0.0030028359033167362 -0.0807797834277153 0.060428302735090256 0.004741203039884567 -0.01463298499584198 0.023390350863337517 -0.04189230129122734 0.056714292615652084 -0.01630222611129284 -0.035890236496925354 0.002554947044700384 -0.04020483046770096 0.01389989908784628 0.0440027080476284 0.02266046032309532 -0.061228569597005844 -0.00583706283941865 0.010159890167415142 0.014385218732059002 0.06352602690458298 0.013985169120132923 0.015572194941341877 -0.003748724702745676 0.03463594242930412 -0.020775314420461655 0.05650687217712402 -0.05970854312181473 -0.02229180373251438 0.04628648981451988 0.0010913737351074815 -0.06541215628385544 0.010369650088250637 -0.056955624371767044 -0.017108328640460968 0.031311843544244766 -0.01653265580534935 0.0421493723988533 -0.06920561194419861 -0.05418679863214493 -0.09906923025846481 0.03287898749113083 0.07021014392375946 -0.055528074502944946 -0.047808416187763214 0.02726270630955696 -0.0459914356470108 -0.039963413029909134 -0.015617887489497662 -0.02547765150666237 0.0388018898665905 -0.029781503602862358 -0.06748664379119873 -0.025354549288749695 -0.030369067564606667 -8.353192242793739e-05 -0.07570037245750427 0.0714278593659401 0.02446213335587839 0.060299372592692566 0.13141536370498041 0.3137017443664178 0.4941123721411975 0.6147256950603357 0.8365609267003155 0.9012978842080281 0.9740647089171943 -1.0798458 -0.9107563 -0.8024959 -0.7248311 -0.5878874 -0.54230744 -0.7999395 -0.798819 -1.0551455 -1.1606625 -0.91661274 -0.74784434 -0.48603684 -0.1573029 -0.36984897 -0.6725582 -0.81542635 -1.1621941
2 400 -0.03517575189471245 -0.001786593347787857 -0.028167126700282097 0.025132089853286743 0.020656434819102287 0.043857794255018234 0.00012071926903445274 -0.039953526109457016 -0.00012914395483676344 0.0013732346706092358 0.03826652094721794 -0.03375936672091484 0.028646990656852722 -0.018806438893079758 -0.004382703918963671 0.016903547570109367 0.049451421946287155 0.015985967591404915 -0.055665403604507446 -0.031330615282058716 0.029538318514823914 0.000995668233372271 0.022619331255555153 -0.08553661406040192 -0.030939413234591484 0.0675237700343132 0.03605044633150101 -0.03895324841141701 -0.028250891715288162 -0.06472460180521011 0.07920285314321518 0.017975911498069763 0.00985392089933157 -0.04658235237002373 0.03352336958050728 -0.036175262182950974 -0.0556354895234108 0.01303178071975708 0.0030028359033167362 -0.0807797834277153 0.060428302735090256 0.004741203039884567 -0.01463298499584198 0.023390350863337517 -0.04189230129122734 0.056714292615652084 -0.01630222611129284 -0.035890236496925354 0.002554947044700384 -0.04020483046770096 0.01389989908784628 0.0440027080476284 0.02266046032309532 -0.061228569597005844 -0.00583706283941865 0.010159890167415142 0.014385218732059002 0.06352602690458298 0.013985169120132923 0.015572194941341877 -0.003748724702745676 0.03463594242930412 -0.020775314420461655 0.05650687217712402 -0.05970854312181473 -0.02229180373251438 0.04628648981451988 0.0010913737351074815 -0.06541215628385544 0.010369650088250637 -0.056955624371767044 -0.017108328640460968 0.031311843544244766 -0.01653265580534935 0.0421493723988533 -0.06920561194419861 -0.05418679863214493 -0.09906923025846481 0.03287898749113083 0.07021014392375946 -0.055528074502944946 -0.047808416187763214 0.02726270630955696 -0.0459914356470108 -0.039963413029909134 -0.015617887489497662 -0.02547765150666237 0.0388018898665905 -0.029781503602862358 -0.06748664379119873 -0.025354549288749695 -0.030369067564606667 -8.353192242793739e-05 -0.07570037245750427 0.0714278593659401 0.017222265801716628 0.0556693755893704 0.10216864389505483 0.23045075570995968 0.33236873614735374 0.4946480693730784 0.7168537596566461 0.8189144095975611 0.9451960463939255 -1.0186036 -0.8419249 -0.68404067 -0.4989959 -0.3252722 -0.5497472 -0.5905968 -0.6792975 -0.9751326 -1.1064041 -0.84009814 -0.604021 -0.2914393 0.01868698 -0.2596802 -0.45785487 -0.6110511 -1.0321774
0 400 -0.02638181485235691 -0.0013399450108408928 -0.021125344559550285 0.018849067389965057 0.015492326579988003 0.0328933447599411 9.053945541381836e-05 -0.029965145513415337 -9.685796976555139e-05 0.0010299260029569268 0.02869988977909088 -0.025319525972008705 0.02148524299263954 -0.014104829169809818 -0.003287028055638075 0.012677661143243313 0.03708856925368309 0.011989476159214973 -0.041749052703380585 -0.023497963324189186 0.022153738886117935 0.0007467512041330338 0.016964498907327652 -0.06415246427059174 -0.023204559460282326 0.05064282566308975 0.027037834748625755 -0.02921493723988533 -0.021188169717788696 -0.048543453216552734 0.059402141720056534 0.013481934554874897 0.007390440907329321 -0.03493676707148552 0.025142528116703033 -0.027131447568535805 -0.04172661900520325 0.00977383553981781 0.002252127043902874 -0.06058483570814133 0.045321229845285416 0.003555902512744069 -0.010974738746881485 0.01754276268184185 -0.03141922876238823 0.04253571853041649 -0.012226669117808342 -0.026917679235339165 0.001916210283525288 -0.03015362285077572 0.010424924083054066 0.033002033829689026 0.016995346173644066 -0.04592142626643181 -0.004377797245979309 0.007619917392730713 0.010788914747536182 0.047644518315792084 0.010488877072930336 0.011679146438837051 -0.002811543643474579 0.025976957753300667 -0.015581485815346241 0.04238015413284302 -0.044781409204006195 -0.016718853265047073 0.034714870154857635 0.0008185303304344416 -0.04905911907553673 0.0077772377990186214 -0.04271671921014786 -0.0128312474116683 0.02348388358950615 -0.012399491854012012 0.031612031161785126 -0.051904212683439255 -0.040640100836753845 -0.07430192828178406 0.02465924061834812 0.052657607942819595 -0.04164605587720871 -0.03585631400346756 0.020447030663490295 -0.0344935767352581 -0.029972560703754425 -0.011713416315615177 -0.01910823956131935 0.0291014164686203 -0.02233612723648548 -0.050614986568689346 -0.01901591196656227 -0.022776801139116287 -6.264894182095304e-05 -0.0567752830684185 0.05357089638710022 0.04137974579642246 0.14557478819084615 0.28703909833825714 0.5263448570115404 0.6618371885698082 0.774109465476152 0.8746405861658659 0.932149131551082 0.9832846562742261 -0.99603117 -0.7841697 -0.6031231 -0.45266885 -0.25873512 -0.41127485 -0.56202537 -0.6842738 -1.0050626 -1.0359098 -0.72056687 -0.4717545 -0.22692674 0.10699406 -0.16318464 -0.4306498 -0.6389496 -1.1017799
1 400 -0.02638181485235691 -0.0013399450108408928 -0.021125344559550285 0.018849067389965057 0.015492326579988003 0.0328933447599411 9.053945541381836e-05 -0.029965145513415337 -9.685796976555139e-05 0.0010299260029569268 0.02869988977909088 -0.025319525972008705 0.02148524299263954 -0.014104829169809818 -0.003287028055638075 0.012677661143243313 0.03708856925368309 0.011989476159214973 -0.041749052703380585 -0.023497963324189186 0.022153738886117935 0.0007467512041330338 0.016964498907327652 -0.06415246427059174 -0.023204559460282326 0.05064282566308975 0.027037834748625755 -0.02921493723988533 -0.021188169717788696 -0.048543453216552734 0.059402141720056534 0.013481934554874897 0.007390440907329321 -0.03493676707148552 0.025142528116703033 -0.027131447568535805 -0.04172661900520325 0.00977383553981781 0.002252127043902874 -0.06058483570814133 0.045321229845285416 0.003555902512744069 -0.010974738746881485 0.01754276268184185 -0.03141922876238823 0.04253571853041649 -0.012226669117808342 -0.026917679235339165 0.001916210283525288 -0.03015362285077572 0.010424924083054066 0.033002033829689026 0.016995346173644066 -0.04592142626643181 -0.004377797245979309 0.007619917392730713 0.010788914747536182 0.047644518315792084 0.010488877072930336 0.011679146438837051 -0.002811543643474579 0.025976957753300667 -0.015581485815346241 0.04238015413284302 -0.044781409204006195 -0.016718853265047073 0.034714870154857635 0.0008185303304344416 -0.04905911907553673 0.0077772377990186214 -0.04271671921014786 -0.0128312474116683 0.02348388358950615 -0.012399491854012012 0.031612031161785126 -0.051904212683439255 -0.040640100836753845 -0.07430192828178406 0.02465924061834812 0.052657607942819595 -0.04164605587720871 -0.03585631400346756 0.020447030663490295 -0.0344935767352581 -0.029972560703754425 -0.011713416315615177 -0.01910823956131935 0.0291014164686203 -0.02233612723648548 -0.050614986568689346 -0.01901591196656227 -0.022776801139116287 -6.264894182095304e-05 -0.0567752830684185 0.05357089638710022 0.02620550061199217 0.0632837854491761 0.1347698661254499 0.31545064393821737 0.49691670957406403 0.6204424444326186 0.8340216292773367 0.8996160795577036 0.9734947779393225 -1.0689466 -0.9118253 -0.79800934 -0.72057974 -0.6014304 -0.5517802 -0.8054173 -0.8088906 -1.0551468 -1.1444399 -0.91534984 -0.74116635 -0.48442775 -0.1362729 -0.3837197 -0.67713064 -0.83125055 -1.161696
2 400 -0.02638181485235691 -0.0013399450108408928 -0.021125344559550285 0.018849067389965057 0.015492326579988003 0.0328933447599411 9.053945541381836e-05 -0.029965145513415337 -9.685796976555139e-05 0.0010299260029569268 0.02869988977909088 -0.025319525972008705 0.02148524299263954 -0.014104829169809818 -0.003287028055638075 0.012677661143243313 0.03708856925368309 0.011989476159214973 -0.041749052703380585 -0.023497963324189186 0.022153738886117935 0.0007467512041330338 0.016964498907327652 -0.06415246427059174 -0.023204559460282326 0.05064282566308975 0.027037834748625755 -0.02921493723988533 -0.021188169717788696 -0.048543453216552734 0.059402141720056534 0.013481934554874897 0.007390440907329321 -0.03493676707148552 0.025142528116703033 -0.027131447568535805 -0.04172661900520325 0.00977383553981781 0.002252127043902874 -0.06058483570814133 0.045321229845285416 0.003555902512744069 -0.010974738746881485 0.01754276268184185 -0.03141922876238823 0.04253571853041649 -0.012226669117808342 -0.026917679235339165 0.001916210283525288 -0.03015362285077572 0.010424924083054066 0.033002033829689026 0.016995346173644066 -0.04592142626643181 -0.004377797245979309 0.007619917392730713 0.010788914747536182 0.047644518315792084 0.010488877072930336 0.011679146438837051 -0.002811543643474579 0.025976957753300667 -0.015581485815346241 0.04238015413284302 -0.044781409204006195 -0.016718853265047073 0.034714870154857635 0.0008185303304344416 -0.04905911907553673 0.0077772377990186214 -0.04271671921014786 -0.0128312474116683 0.02348388358950615 -0.012399491854012012 0.031612031161785126 -0.051904212683439255 -0.040640100836753845 -0.07430192828178406 0.02465924061834812 0.052657607942819595 -0.04164605587720871 -0.03585631400346756 0.020447030663490295 -0.0344935767352581 -0.029972560703754425 -0.011713416315615177 -0.01910823956131935 0.0291014164686203 -0.02233612723648548 -0.050614986568689346 -0.01901591196656227 -0.022776801139116287 -6.264894182095304e-05 -0.0567752830684185 0.05357089638710022 0.018366096705615034 0.056309946145064745 0.10303968120840817 0.22843517723002937 0.33481684335543105 0.4948035531020867 0.7101899967659404 0.8204410272203125 0.9438054708474478 -1.0127642 -0.83958745 -0.68059313 -0.4988195 -0.32847795 -0.5509236 -0.5914509 -0.6801336 -0.9713633 -1.0963628 -0.83676684 -0.5989379 -0.29113117 0.012975752 -0.2574026 -0.4591139 -0.6125776 -1.0262794
0 400 -0.017587875947356224 -0.0008932966738939285 -0.014083563350141048 0.012566044926643372 0.010328217409551144 0.021928897127509117 6.035963451722637e-05 -0.019976763054728508 -6.457197741838172e-05 0.0006866173353046179 0.01913326047360897 -0.01687968336045742 0.014323495328426361 -0.009403219446539879 -0.0021913519594818354 0.008451773785054684 0.024725710973143578 0.007992983795702457 -0.027832701802253723 -0.015665307641029358 0.014769159257411957 0.0004978341166861355 0.011309665627777576 -0.04276830703020096 -0.015469706617295742 0.0337618850171566 0.018025223165750504 -0.019476624205708504 -0.014125445857644081 -0.03236230090260506 0.03960142657160759 0.008987955749034882 0.004926960449665785 -0.023291176185011864 0.01676168479025364 -0.018087631091475487 -0.0278177447617054 0.00651589035987854 0.0015014179516583681 -0.04038989171385765 0.030214151367545128 0.0023706015199422836 -0.00731649249792099 0.011695175431668758 -0.02094615064561367 0.028357146307826042 -0.00815111305564642 -0.017945118248462677 0.001277473522350192 -0.02010241523385048 0.00694994954392314 0.0220013540238142 0.01133023016154766 -0.030614284798502922 -0.002918531419709325 0.005079945083707571 0.007192609366029501 0.03176301345229149 0.0069925845600664616 0.0077860974706709385 -0.001874362351372838 0.01731797121465206 -0.010387657210230827 0.02825343608856201 -0.029854271560907364 -0.01114590186625719 0.02314324490725994 0.0005456868675537407 -0.03270607814192772 0.0051848250441253185 -0.028477812185883522 -0.008554164320230484 0.015655921772122383 -0.008266327902674675 0.02107468619942665 -0.034602805972099304 -0.027093399316072464 -0.04953461512923241 0.016439493745565414 0.03510507196187973 -0.027764037251472473 -0.023904208093881607 0.01363135315477848 -0.0229957178235054 -0.019981706514954567 -0.007808943744748831 -0.012738825753331184 0.01940094493329525 -0.014890751801431179 -0.033743321895599365 -0.012677274644374847 -0.015184533782303333 -4.1765961213968694e-05 -0.037850186228752136 0.03571392968297005 0.044294350680900776 0.14679039843390126 0.28718905769856357 0.5182770390967137 0.6645536848843215 0.7732646976993148 0.8734467245421144 0.9312170375278285 0.9828965849257859 -0.9850581 -0.7826668 -0.60184693 -0.45343533 -0.26646578 -0.412264 -0.5617792 -0.6886798 -0.9984051 -1.019577 -0.7183299 -0.46749777 -0.22805738 0.093571156 -0.16479006 -0.43006048 -0.64575696 -1.0918896
1 400 -0.017587875947356224 -0.0008932966738939285 -0.014083563350141048 0.012566044926643372 0.010328217409551144 0.021928897127509117 6.035963451722637e-05 -0.019976763054728508 -6.457197741838172e-05 0.0006866173353046179 0.01913326047360897 -0.01687968336045742 0.014323495328426361 -0.009403219446539879 -0.0021913519594818354 0.008451773785054684 0.024725710973143578 0.007992983795702457 -0.027832701802253723 -0.015665307641029358 0.014769159257411957 0.0004978341166861355 0.011309665627777576 -0.04276830703020096 -0.015469706617295742 0.0337618850171566 0.018025223165750504 -0.019476624205708504 -0.014125445857644081 -0.03236230090260506 0.03960142657160759 0.008987955749034882 0.004926960449665785 -0.023291176185011864 0.01676168479025364 -0.018087631091475487 -0.0278177447617054 0.00651589035987854 0.0015014179516583681 -0.04038989171385765 0.030214151367545128 0.0023706015199422836 -0.00731649249792099 0.011695175431668758 -0.02094615064561367 0.028357146307826042 -0.00815111305564642 -0.017945118248462677 0.001277473522350192 -0.02010241523385048 0.00694994954392314 0.0220013540238142 0.01133023016154766 -0.030614284798502922 -0.002918531419709325 0.005079945083707571 0.007192609366029501 0.03176301345229149 0.0069925845600664616 0.0077860974706709385 -0.001874362351372838 0.01731797121465206 -0.010387657210230827 0.02825343608856201 -0.029854271560907364 -0.01114590186625719 0.02314324490725994 0.0005456868675537407 -0.03270607814192772 0.0051848250441253185 -0.028477812185883522 -0.008554164320230484 0.015655921772122383 -0.008266327902674675 0.02107468619942665 -0.034602805972099304 -0.027093399316072464 -0.04953461512923241 0.016439493745565414 0.03510507196187973 -0.027764037251472473 -0.023904208093881607 0.01363135315477848 -0.0229957178235054 -0.019981706514954567 -0.007808943744748831 -0.012738825753331184 0.01940094493329525 -0.014890751801431179 -0.033743321895599365 -0.012677274644374847 -0.015184533782303333 -4.1765961213968694e-05 -0.037850186228752136 0.03571392968297005 0.02733286065813071 0.06673671445330999 0.13814510719500717 0.31717904434845906 0.4996992967069415 0.6261750802098042 0.8321620927915253 0.8977835821727156 0.9729433040221711 -1.0622684 -0.9134433 -0.79358923 -0.71637386 -0.6149834 -0.56130683 -0.80834717 -0.8189267 -1.0552833 -1.1344997 -0.91446984 -0.7345873 -0.48284364 -0.115104735 -0.39767087 -0.6793921 -0.84699357 -1.161414
2 400 -0.017587875947356224 -0.0008932966738939285 -0.014083563350141048 0.012566044926643372 0.010328217409551144 0.021928897127509117 6.035963451722637e-05 -0.019976763054728508 -6.457197741838172e-05 0.0006866173353046179 0.01913326047360897 -0.01687968336045742 0.014323495328426361 -0.009403219446539879 -0.0021913519594818354 0.008451773785054684 0.024725710973143578 0.007992983795702457 -0.027832701802253723 -0.015665307641029358 0.014769159257411957 0.0004978341166861355 0.011309665627777576 -0.04276830703020096 -0.015469706617295742 0.0337618850171566 0.018025223165750504 -0.019476624205708504 -0.014125445857644081 -0.03236230090260506 0.03960142657160759 0.008987955749034882 0.004926960449665785 -0.023291176185011864 0.01676168479025364 -0.018087631091475487 -0.0278177447617054 0.00651589035987854 0.0015014179516583681 -0.04038989171385765 0.030214151367545128 0.0023706015199422836 -0.00731649249792099 0.011695175431668758 -0.02094615064561367 0.028357146307826042 -0.00815111305564642 -0.017945118248462677 0.001277473522350192 -0.02010241523385048 0.00694994954392314 0.0220013540238142 0.01133023016154766 -0.030614284798502922 -0.002918531419709325 0.005079945083707571 0.007192609366029501 0.03176301345229149 0.0069925845600664616 0.0077860974706709385 -0.001874362351372838 0.01731797121465206 -0.010387657210230827 0.02825343608856201 -0.029854271560907364 -0.01114590186625719 0.02314324490725994 0.0005456868675537407 -0.03270607814192772 0.0051848250441253185 -0.028477812185883522 -0.008554164320230484 0.015655921772122383 -0.008266327902674675 0.02107468619942665 -0.034602805972099304 -0.027093399316072464 -0.04953461512923241 0.016439493745565414 0.03510507196187973 -0.027764037251472473 -0.023904208093881607 0.01363135315477848 -0.0229957178235054 -0.019981706514954567 -0.007808943744748831 -0.012738825753331184 0.01940094493329525 -0.014890751801431179 -0.033743321895599365 -0.012677274644374847 -0.015184533782303333 -4.1765961213968694e-05 -0.037850186228752136 0.03571392968297005 0.019584371500609585 0.056957440530638656 0.10390908668402224 0.2265306738593854 0.3373175850519145 0.49496661105678097 0.7076963123852874 0.8219598063057081 0.942333328289965 -1.0069249 -0.83725 -0.6771201 -0.49865183 -0.33174062 -0.55215746 -0.5934455 -0.6809774 -0.9674772 -1.0863216 -0.83343565 -0.5938195 -0.2908383 0.007163167 -0.2550137 -0.4620977 -0.614117 -1.0201973
0 400 -0.008793937973678112 -0.00044664833694696426 -0.007041781675070524 0.006283022463321686 0.005164108704775572 0.010964448563754559 3.0179817258613184e-05 -0.009988381527364254 -3.228598870919086e-05 0.00034330866765230894 0.009566630236804485 -0.00843984168022871 0.0071617476642131805 -0.004701609723269939 -0.0010956759797409177 0.004225886892527342 0.012362855486571789 0.003996491897851229 -0.013916350901126862 -0.007832653820514679 0.007384579628705978 0.00024891705834306777 0.005654832813888788 -0.02138415351510048 -0.007734853308647871 0.0168809425085783 0.009012611582875252 -0.009738312102854252 -0.0070627229288220406 -0.01618115045130253 0.019800713285803795 0.004493977874517441 0.0024634802248328924 -0.011645588092505932 0.00838084239512682 -0.009043815545737743 -0.0139088723808527 0.00325794517993927 0.0007507089758291841 -0.020194945856928825 0.015107075683772564 0.0011853007599711418 -0.003658246248960495 0.005847587715834379 -0.010473075322806835 0.014178573153913021 -0.00407555652782321 -0.008972559124231339 0.000638736761175096 -0.01005120761692524 0.00347497477196157 0.0110006770119071 0.00566511508077383 -0.015307142399251461 -0.0014592657098546624 0.0025399725418537855 0.0035963046830147505 0.015881506726145744 0.0034962922800332308 0.0038930487353354692 -0.000937181175686419 0.00865898560732603 -0.005193828605115414 0.014126718044281006 -0.014927135780453682 -0.005572950933128595 0.01157162245362997 0.00027284343377687037 -0.01635303907096386 0.0025924125220626593 -0.014238906092941761 -0.004277082160115242 0.007827960886061192 -0.0041331639513373375 0.010537343099713326 -0.017301402986049652 -0.013546699658036232 -0.024767307564616203 0.008219746872782707 0.017552535980939865 -0.013882018625736237 -0.011952104046940804 0.00681567657738924 -0.0114978589117527 -0.009990853257477283 -0.0039044718723744154 -0.006369412876665592 0.009700472466647625 -0.0074453759007155895 -0.016871660947799683 -0.006338637322187424 -0.007592266891151667 -2.0882980606984347e-05 -0.018925093114376068 0.017856964841485023 0.047394452272386846 0.14857375635174075 0.2873379140108047 0.5101996498014255 0.6672592923022209 0.7724459725267475 0.8718258315311159 0.9303703016890797 0.9825129535219621 -0.974118 -0.7804805 -0.6005807 -0.45420182 -0.2741965 -0.41322014 -0.56144816 -0.69316876 -0.9916042 -1.0032933 -0.7150758 -0.46327457 -0.22918804 0.08014822 -0.16634196 -0.42926794 -0.65272427 -1.0818148
1 400 -0.008793937973678112 -0.00044664833694696426 -0.007041781675070524 0.006283022463321686 0.005164108704775572 0.010964448563754559 3.0179817258613184e-05 -0.009988381527364254 -3.228598870919086e-05 0.00034330866765230894 0.009566630236804485 -0.00843984168022871 0.0071617476642131805 -0.004701609723269939 -0.0010956759797409177 0.004225886892527342 0.012362855486571789 0.003996491897851229 -0.013916350901126862 -0.007832653820514679 0.007384579628705978 0.00024891705834306777 0.005654832813888788 -0.02138415351510048 -0.007734853308647871 0.0168809425085783 0.009012611582875252 -0.009738312102854252 -0.0070627229288220406 -0.01618115045130253 0.019800713285803795 0.004493977874517441 0.0024634802248328924 -0.011645588092505932 0.00838084239512682 -0.009043815545737743 -0.0139088723808527 0.00325794517993927 0.0007507089758291841 -0.020194945856928825 0.015107075683772564 0.0011853007599711418 -0.003658246248960495 0.005847587715834379 -0.010473075322806835 0.014178573153913021 -0.00407555652782321 -0.008972559124231339 0.000638736761175096 -0.01005120761692524 0.00347497477196157 0.0110006770119071 0.00566511508077383 -0.015307142399251461 -0.0014592657098546624 0.0025399725418537855 0.0035963046830147505 0.015881506726145744 0.0034962922800332308 0.0038930487353354692 -0.000937181175686419 0.00865898560732603 -0.005193828605115414 0.014126718044281006 -0.014927135780453682 -0.005572950933128595 0.01157162245362997 0.00027284343377687037 -0.01635303907096386 0.0025924125220626593 -0.014238906092941761 -0.004277082160115242 0.007827960886061192 -0.0041331639513373375 0.010537343099713326 -0.017301402986049652 -0.013546699658036232 -0.024767307564616203 0.008219746872782707 0.017552535980939865 -0.013882018625736237 -0.011952104046940804 0.00681567657738924 -0.0114978589117527 -0.009990853257477283 -0.0039044718723744154 -0.006369412876665592 0.009700472466647625 -0.0074453759007155895 -0.016871660947799683 -0.006338637322187424 -0.007592266891151667 -2.0882980606984347e-05 -0.018925093114376068 0.017856964841485023 0.028475119464631604 0.0684778065702583 0.14165284801555164 0.3189383483780111 0.5006299495019875 0.6318188730382402 0.8314479118180979 0.8960495436328804 0.9723451593313709 -1.0557694 -0.91387784 -0.78909063 -0.7121225 -0.62186784 -0.5708027 -0.8071327 -0.82899284 -1.0552545 -1.1248264 -0.91362953 -0.72789145 -0.4812345 -0.10188149 -0.41157362 -0.67789483 -0.8628094 -1.1608697
2 400 -0.008793937973678112 -0.00044664833694696426 -0.007041781675070524 0.006283022463321686 0.005164108704775572 0.010964448563754559 3.0179817258613184e-05 -0.009988381527364254 -3.228598870919086e-05 0.00034330866765230894 0.009566630236804485 -0.00843984168022871 0.0071617476642131805 -0.004701609723269939 -0.0010956759797409177 0.004225886892527342 0.012362855486571789 0.003996491897851229 -0.013916350901126862 -0.007832653820514679 0.007384579628705978 0.00024891705834306777 0.005654832813888788 -0.02138415351510048 -0.007734853308647871 0.0168809425085783 0.009012611582875252 -0.009738312102854252 -0.0070627229288220406 -0.01618115045130253 0.019800713285803795 0.004493977874517441 0.0024634802248328924 -0.011645588092505932 0.00838084239512682 -0.009043815545737743 -0.0139088723808527 0.00325794517993927 0.0007507089758291841 -0.020194945856928825 0.015107075683772564 0.0011853007599711418 -0.003658246248960495 0.005847587715834379 -0.010473075322806835 0.014178573153913021 -0.00407555652782321 -0.008972559124231339 0.000638736761175096 -0.01005120761692524 0.00347497477196157 0.0110006770119071 0.00566511508077383 -0.015307142399251461 -0.0014592657098546624 0.0025399725418537855 0.0035963046830147505 0.015881506726145744 0.0034962922800332308 0.0038930487353354692 -0.000937181175686419 0.00865898560732603 -0.005193828605115414 0.014126718044281006 -0.014927135780453682 -0.005572950933128595 0.01157162245362997 0.00027284343377687037 -0.01635303907096386 0.0025924125220626593 -0.014238906092941761 -0.004277082160115242 0.007827960886061192 -0.0041331639513373375 0.010537343099713326 -0.017301402986049652 -0.013546699658036232 -0.024767307564616203 0.008219746872782707 0.017552535980939865 -0.013882018625736237 -0.011952104046940804 0.00681567657738924 -0.0114978589117527 -0.009990853257477283 -0.0039044718723744154 -0.006369412876665592 0.009700472466647625 -0.0074453759007155895 -0.016871660947799683 -0.006338637322187424 -0.007592266891151667 -2.0882980606984347e-05 -0.018925093114376068 0.017856964841485023 0.020864448656960157 0.05755824708455811 0.1047932464673444 0.22463742617802515 0.33977562743459355 0.4951169472598196 0.7062666667705054 0.8234662730126122 0.9408250689052822 -1.0012045 -0.83503747 -0.67367256 -0.49848416 -0.33493602 -0.553295 -0.5942211 -0.6818134 -0.9635911 -1.0764611 -0.83029914 -0.58873653 -0.2905454 0.0014703572 -0.2528113 -0.46321863 -0.6156436 -1.0141152
0 400 0.0 0.0 0.0 -0.0 -0.0 -0.0 -0.0 0.0 0.0 -0.0 -0.0 0.0 -0.0 0.0 0.0 -0.0 -0.0 -0.0 0.0 0.0 -0.0 -0.0 -0.0 0.0 0.0 -0.0 -0.0 0.0 0.0 0.0 -0.0 -0.0 -0.0 0.0 -0.0 0.0 0.0 -0.0 -0.0 0.0 -0.0 -0.0 0.0 -0.0 0.0 -0.0 0.0 0.0 -0.0 0.0 -0.0 -0.0 -0.0 0.0 0.0 -0.0 -0.0 -0.0 -0.0 -0.0 0.0 -0.0 0.0 -0.0 0.0 0.0 -0.0 -0.0 0.0 -0.0 0.0 0.0 -0.0 0.0 -0.0 0.0 0.0 0.0 -0.0 -0.0 0.0 0.0 -0.0 0.0 0.0 0.0 0.0 -0.0 0.0 0.0 0.0 0.0 0.0 0.0 -0.0 0.05070158951138718 0.15046331737738988 0.28748798878754733 0.5020083366362266 0.6699404558503363 0.771625181902994 0.8702053238250133 0.9294156294139031 0.9820987844342508 -0.96317285 -0.7781875 -0.59930444 -0.45496833 -0.28194934 -0.4141763 -0.56112075 -0.6975748 -0.98476887 -0.98700213 -0.7116628 -0.4590178 -0.23031613 0.06668842 -0.16789386 -0.42848408 -0.6595316 -1.0716634
1 400 0.0 0.0 0.0 -0.0 -0.0 -0.0 -0.0 0.0 0.0 -0.0 -0.0 0.0 -0.0 0.0 0.0 -0.0 -0.0 -0.0 0.0 0.0 -0.0 -0.0 -0.0 0.0 0.0 -0.0 -0.0 0.0 0.0 0.0 -0.0 -0.0 -0.0 0.0 -0.0 0.0 0.0 -0.0 -0.0 0.0 -0.0 -0.0 0.0 -0.0 0.0 -0.0 0.0 0.0 -0.0 0.0 -0.0 -0.0 -0.0 0.0 0.0 -0.0 -0.0 -0.0 -0.0 -0.0 0.0 -0.0 0.0 -0.0 0.0 0.0 -0.0 -0.0 0.0 -0.0 0.0 0.0 -0.0 0.0 -0.0 0.0 0.0 0.0 -0.0 -0.0 0.0 0.0 -0.0 0.0 0.0 0.0 0.0 -0.0 0.0 0.0 0.0 0.0 0.0 0.0 -0.0 0.029706675140128286 0.06877330112907934 0.14524216111043123 0.3206768681514188 0.4993982413502254 0.637456002347808 0.8307313564035128 0.8962668903877155 0.9717775988211129 -1.0490401 -0.9131644 -0.78458273 -0.7079166 -0.6209737 -0.58031046 -0.8059183 -0.839885 -1.0553856 -1.1148102 -0.9125676 -0.7211817 -0.47965044 -0.09791553 -0.425496 -0.67639756 -0.87299347 -1.1605858
2 400 0.0 0.0 0.0 -0.0 -0.0 -0.0 -0.0 0.0 0.0 -0.0 -0.0 0.0 -0.0 0.0 0.0 -0.0 -0.0 -0.0 0.0 0.0 -0.0 -0.0 -0.0 0.0 0.0 -0.0 -0.0 0.0 0.0 0.0 -0.0 -0.0 -0.0 0.0 -0.0 0.0 0.0 -0.0 -0.0 0.0 -0.0 -0.0 0.0 -0.0 0.0 -0.0 0.0 0.0 -0.0 0.0 -0.0 -0.0 -0.0 0.0 0.0 -0.0 -0.0 -0.0 -0.0 -0.0 0.0 -0.0 0.0 -0.0 0.0 0.0 -0.0 -0.0 0.0 -0.0 0.0 0.0 -0.0 0.0 -0.0 0.0 0.0 0.0 -0.0 -0.0 0.0 0.0 -0.0 0.0 0.0 0.0 0.0 -0.0 0.0 0.0 0.0 0.0 0.0 0.0 -0.0 0.022247788409735986 0.05821030578041678 0.10568402796185612 0.2227554605918705 0.3422721863862577 0.495271351597217 0.7048345240872742 0.8249649663618559 0.9392706065879647 -0.9953591 -0.83274573 -0.670225 -0.49831647 -0.33817005 -0.5544634 -0.5950007 -0.6826573 -0.9596423 -1.0664059 -0.82702947 -0.58365345 -0.2902525 -0.0042912066 -0.2505493 -0.46434593 -0.6171831 -1.0079411
0 400 0.008793937973678112 0.00044664833694696426 0.007041781675070524 -0.006283022463321686 -0.005164108704775572 -0.010964448563754559 -3.0179817258613184e-05 0.009988381527364254 3.228598870919086e-05 -0.00034330866765230894 -0.009566630236804485 0.00843984168022871 -0.0071617476642131805 0.004701609723269939 0.0010956759797409177 -0.004225886892527342 -0.012362855486571789 -0.003996491897851229 0.013916350901126862 0.007832653820514679 -0.007384579628705978 -0.00024891705834306777 -0.005654832813888788 0.02138415351510048 0.007734853308647871 -0.0168809425085783 -0.009012611582875252 0.009738312102854252 0.0070627229288220406 0.01618115045130253 -0.019800713285803795 -0.004493977874517441 -0.0024634802248328924 0.011645588092505932 -0.00838084239512682 0.009043815545737743 0.0139088723808527 -0.00325794517993927 -0.0007507089758291841 0.020194945856928825 -0.015107075683772564 -0.0011853007599711418 0.003658246248960495 -0.005847587715834379 0.010473075322806835 -0.014178573153913021 0.00407555652782321 0.008972559124231339 -0.000638736761175096 0.01005120761692524 -0.00347497477196157 -0.0110006770119071 -0.00566511508077383 0.015307142399251461 0.0014592657098546624 -0.0025399725418537855 -0.0035963046830147505 -0.015881506726145744 -0.0034962922800332308 -0.0038930487353354692 0.000937181175686419 -0.00865898560732603 0.005193828605115414 -0.014126718044281006 0.014927135780453682 0.005572950933128595 -0.01157162245362997 -0.00027284343377687037 0.01635303907096386 -0.0025924125220626593 0.014238906092941761 0.004277082160115242 -0.007827960886061192 0.0041331639513373375 -0.010537343099713326 0.017301402986049652 0.013546699658036232 0.024767307564616203 -0.008219746872782707 -0.017552535980939865 0.013882018625736237 0.011952104046940804 -0.00681567657738924 0.0114978589117527 0.009990853257477283 0.0039044718723744154 0.006369412876665592 -0.009700472466647625 0.0074453759007155895 0.016871660947799683 0.006338637322187424 0.007592266891151667 2.0882980606984347e-05 0.018925093114376068 -0.017856964841485023 0.05425879169331976 0.1523178230748626 0.2876369185195467 0.49392457338649604 0.6726105828702839 0.7707738732843301 0.8685674235937321 0.9285468476660318 0.9817005132701248 -0.9521302 -0.77595997 -0.59803826 -0.45573482 -0.28970224 -0.41516542 -0.56079334 -0.7020646 -0.9780307 -0.9705658 -0.7083473 -0.45479465 -0.23144679 0.053228647 -0.16949926 -0.42770025 -0.66649985 -1.0616804
1 400 0.008793937973678112 0.00044664833694696426 0.007041781675070524 -0.006283022463321686 -0.005164108704775572 -0.010964448563754559 -3.0179817258613184e-05 0.009988381527364254 3.228598870919086e-05 -0.00034330866765230894 -0.009566630236804485 0.00843984168022871 -0.0071617476642131805 0.004701609723269939 0.0010956759797409177 -0.004225886892527342 -0.012362855486571789 -0.003996491897851229 0.013916350901126862 0.007832653820514679 -0.007384579628705978 -0.00024891705834306777 -0.005654832813888788 0.02138415351510048 0.007734853308647871 -0.0168809425085783 -0.009012611582875252 0.009738312102854252 0.0070627229288220406 0.01618115045130253 -0.019800713285803795 -0.004493977874517441 -0.0024634802248328924 0.011645588092505932 -0.00838084239512682 0.009043815545737743 0.0139088723808527 -0.00325794517993927 -0.0007507089758291841 0.020194945856928825 -0.015107075683772564 -0.0011853007599711418 0.003658246248960495 -0.005847587715834379 0.010473075322806835 -0.014178573153913021 0.00407555652782321 0.008972559124231339 -0.000638736761175096 0.01005120761692524 -0.00347497477196157 -0.0110006770119071 -0.00566511508077383 0.015307142399251461 0.0014592657098546624 -0.0025399725418537855 -0.0035963046830147505 -0.015881506726145744 -0.0034962922800332308 -0.0038930487353354692 0.000937181175686419 -0.00865898560732603 0.005193828605115414 -0.014126718044281006 0.014927135780453682 0.005572950933128595 -0.01157162245362997 -0.00027284343377687037 0.01635303907096386 -0.0025924125220626593 0.014238906092941761 0.004277082160115242 -0.007827960886061192 0.0041331639513373375 -0.010537343099713326 0.017301402986049652 0.013546699658036232 0.024767307564616203 -0.008219746872782707 -0.017552535980939865 0.013882018625736237 0.011952104046940804 -0.00681567657738924 0.0114978589117527 0.009990853257477283 0.0039044718723744154 0.006369412876665592 -0.009700472466647625 0.0074453759007155895 0.016871660947799683 0.006338637322187424 0.007592266891151667 2.0882980606984347e-05 0.018925093114376068 -0.017856964841485023 0.030945850310262417 0.06907535650939466 0.14888167228357851 0.3224171198615229 0.4981665438661514 0.643055632852579 0.8300123187984474 0.8976163241868926 0.9711544517928808 -1.0425367 -0.91243815 -0.78010523 -0.70363295 -0.6200795 -0.58981824 -0.80470383 -0.85023594 -1.0553567 -1.1051303 -0.9114866 -0.7145172 -0.47802603 -0.09394954 -0.4394184 -0.6749002 -0.8795028 -1.1600416
2 400 0.008793937973678112 0.00044664833694696426 0.007041781675070524 -0.006283022463321686 -0.005164108704775572 -0.010964448563754559 -3.0179817258613184e-05 0.009988381527364254 3.228598870919086e-05 -0.00034330866765230894 -0.009566630236804485 0.00843984168022871 -0.0071617476642131805 0.004701609723269939 0.0010956759797409177 -0.004225886892527342 -0.012362855486571789 -0.003996491897851229 0.013916350901126862 0.007832653820514679 -0.007384579628705978 -0.00024891705834306777 -0.005654832813888788 0.02138415351510048 0.007734853308647871 -0.0168809425085783 -0.009012611582875252 0.009738312102854252 0.0070627229288220406 0.01618115045130253 -0.019800713285803795 -0.004493977874517441 -0.0024634802248328924 0.011645588092505932 -0.00838084239512682 0.009043815545737743 0.0139088723808527 -0.00325794517993927 -0.0007507089758291841 0.020194945856928825 -0.015107075683772564 -0.0011853007599711418 0.003658246248960495 -0.005847587715834379 0.010473075322806835 -0.014178573153913021 0.00407555652782321 0.008972559124231339 -0.000638736761175096 0.01005120761692524 -0.00347497477196157 -0.0110006770119071 -0.00566511508077383 0.015307142399251461 0.0014592657098546624 -0.0025399725418537855 -0.0035963046830147505 -0.015881506726145744 -0.0034962922800332308 -0.0038930487353354692 0.000937181175686419 -0.00865898560732603 0.005193828605115414 -0.014126718044281006 0.014927135780453682 0.005572950933128595 -0.01157162245362997 -0.00027284343377687037 0.01635303907096386 -0.0025924125220626593 0.014238906092941761 0.004277082160115242 -0.007827960886061192 0.0041331639513373375 -0.010537343099713326 0.017301402986049652 0.013546699658036232 0.024767307564616203 -0.008219746872782707 -0.017552535980939865 0.013882018625736237 0.011952104046940804 -0.00681567657738924 0.0114978589117527 0.009990853257477283 0.0039044718723744154 0.006369412876665592 -0.009700472466647625 0.0074453759007155895 0.016871660947799683 0.006338637322187424 0.007592266891151667 2.0882980606984347e-05 0.018925093114376068 -0.017856964841485023 0.023713129604106955 0.05887827965026647 0.10657308564501061 0.22088476843959223 0.34482196177472607 0.49449128416173976 0.703399979242484 0.8264513743481087 0.9376875205930411 -0.9896052 -0.8304083 -0.666752 -0.4981488 -0.34146136 -0.55453247 -0.5957841 -0.6834933 -0.95575625 -1.0564736 -0.8236983 -0.5785351 -0.28995964 -0.0101548135 -0.24637714 -0.46547967 -0.6187097 -1.001859
0 400 0.017587875947356224 0.0008932966738939285 0.014083563350141048 -0.012566044926643372 -0.010328217409551144 -0.021928897127509117 -6.035963451722637e-05 0.019976763054728508 6.457197741838172e-05 -0.0006866173353046179 -0.01913326047360897 0.01687968336045742 -0.014323495328426361 0.009403219446539879 0.0021913519594818354 -0.008451773785054684 -0.024725710973143578 -0.007992983795702457 0.027832701802253723 0.015665307641029358 -0.014769159257411957 -0.0004978341166861355 -0.011309665627777576 0.04276830703020096 0.015469706617295742 -0.0337618850171566 -0.018025223165750504 0.019476624205708504 0.014125445857644081 0.03236230090260506 -0.03960142657160759 -0.008987955749034882 -0.004926960449665785 0.023291176185011864 -0.01676168479025364 0.018087631091475487 0.0278177447617054 -0.00651589035987854 -0.0015014179516583681 0.04038989171385765 -0.030214151367545128 -0.0023706015199422836 0.00731649249792099 -0.011695175431668758 0.02094615064561367 -0.028357146307826042 0.00815111305564642 0.017945118248462677 -0.001277473522350192 0.02010241523385048 -0.00694994954392314 -0.0220013540238142 -0.01133023016154766 0.030614284798502922 0.002918531419709325 -0.005079945083707571 -0.007192609366029501 -0.03176301345229149 -0.0069925845600664616 -0.0077860974706709385 0.001874362351372838 -0.01731797121465206 0.010387657210230827 -0.02825343608856201 0.029854271560907364 0.01114590186625719 -0.02314324490725994 -0.0005456868675537407 0.03270607814192772 -0.0051848250441253185 0.028477812185883522 0.008554164320230484 -0.015655921772122383 0.008266327902674675 -0.02107468619942665 0.034602805972099304 0.027093399316072464 0.04953461512923241 -0.016439493745565414 -0.03510507196187973 0.027764037251472473 0.023904208093881607 -0.01363135315477848 0.0229957178235054 0.019981706514954567 0.007808943744748831 0.012738825753331184 -0.01940094493329525 0.014890751801431179 0.033743321895599365 0.012677274644374847 0.015184533782303333 4.1765961213968694e-05 0.037850186228752136 -0.03571392968297005 0.057957781051649934 0.15420920164395535 0.28778708866891306 0.48582518939177854 0.6752204217962386 0.7699488390108509 0.8669120026534596 0.9275696543553795 0.9812663365410869 -0.9413488 -0.77371097 -0.59676206 -0.45650458 -0.29731572 -0.4161216 -0.56046593 -0.7064729 -0.97116935 -0.9545183 -0.7049998 -0.4505379 -0.23258263 0.0400109 -0.17105117 -0.4269164 -0.673311 -1.0514911
1 400 0.017587875947356224 0.0008932966738939285 0.014083563350141048 -0.012566044926643372 -0.010328217409551144 -0.021928897127509117 -6.035963451722637e-05 0.019976763054728508 6.457197741838172e-05 -0.0006866173353046179 -0.01913326047360897 0.01687968336045742 -0.014323495328426361 0.009403219446539879 0.0021913519594818354 -0.008451773785054684 -0.024725710973143578 -0.007992983795702457 0.027832701802253723 0.015665307641029358 -0.014769159257411957 -0.0004978341166861355 -0.011309665627777576 0.04276830703020096 0.015469706617295742 -0.0337618850171566 -0.018025223165750504 0.019476624205708504 0.014125445857644081 0.03236230090260506 -0.03960142657160759 -0.008987955749034882 -0.004926960449665785 0.023291176185011864 -0.01676168479025364 0.018087631091475487 0.0278177447617054 -0.00651589035987854 -0.0015014179516583681 0.04038989171385765 -0.030214151367545128 -0.0023706015199422836 0.00731649249792099 -0.011695175431668758 0.02094615064561367 -0.028357146307826042 0.00815111305564642 0.017945118248462677 -0.001277473522350192 0.02010241523385048 -0.00694994954392314 -0.0220013540238142 -0.01133023016154766 0.030614284798502922 0.002918531419709325 -0.005079945083707571 -0.007192609366029501 -0.03176301345229149 -0.0069925845600664616 -0.0077860974706709385 0.001874362351372838 -0.01731797121465206 0.010387657210230827 -0.02825343608856201 0.029854271560907364 0.01114590186625719 -0.02314324490725994 -0.0005456868675537407 0.03270607814192772 -0.0051848250441253185 0.028477812185883522 0.008554164320230484 -0.015655921772122383 0.008266327902674675 -0.02107468619942665 0.034602805972099304 0.027093399316072464 0.04953461512923241 -0.016439493745565414 -0.03510507196187973 0.027764037251472473 0.023904208093881607 -0.01363135315477848 0.0229957178235054 0.019981706514954567 0.007808943744748831 0.012738825753331184 -0.01940094493329525 0.014890751801431179 0.033743321895599365 0.012677274644374847 0.015184533782303333 4.1765961213968694e-05 0.037850186228752136 -0.03571392968297005 0.03223441962268327 0.06937320542507443 0.1525999524551349 0.31202355971652695 0.49693490162551335 0.6486015966984026 0.8292908970752499 0.8984484325481099 0.970563195676297 -1.0360363 -0.9117248 -0.7756231 -0.6985911 -0.6191854 -0.59930384 -0.80348945 -0.85835004 -1.0554879 -1.0954547 -0.9104248 -0.7078458 -0.47494066 -0.08998357 -0.4533081 -0.67340285 -0.8845999 -1.1597576
2 400 0.017587875947356224 0.0008932966738939285 0.014083563350141048 -0.012566044926643372 -0.010328217409551144 -0.021928897127509117 -6.035963451722637e-05 0.019976763054728508 6.457197741838172e-05 -0.0006866173353046179 -0.01913326047360897 0.01687968336045742 -0.014323495328426361 0.009403219446539879 0.0021913519594818354 -0.008451773785054684 -0.024725710973143578 -0.007992983795702457 0.027832701802253723 0.015665307641029358 -0.014769159257411957 -0.0004978341166861355 -0.011309665627777576 0.04276830703020096 0.015469706617295742 -0.0337618850171566 -0.018025223165750504 0.019476624205708504 0.014125445857644081 0.03236230090260506 -0.03960142657160759 -0.008987955749034882 -0.004926960449665785 0.023291176185011864 -0.01676168479025364 0.018087631091475487 0.0278177447617054 -0.00651589035987854 -0.0015014179516583681 0.04038989171385765 -0.030214151367545128 -0.0023706015199422836 0.00731649249792099 -0.011695175431668758 0.02094615064561367 -0.028357146307826042 0.00815111305564642 0.017945118248462677 -0.001277473522350192 0.02010241523385048 -0.00694994954392314 -0.0220013540238142 -0.01133023016154766 0.030614284798502922 0.002918531419709325 -0.005079945083707571 -0.007192609366029501 -0.03176301345229149 -0.0069925845600664616 -0.0077860974706709385 0.001874362351372838 -0.01731797121465206 0.010387657210230827 -0.02825343608856201 0.029854271560907364 0.01114590186625719 -0.02314324490725994 -0.0005456868675537407 0.03270607814192772 -0.0051848250441253185 0.028477812185883522 0.008554164320230484 -0.015655921772122383 0.008266327902674675 -0.02107468619942665 0.034602805972099304 0.027093399316072464 0.04953461512923241 -0.016439493745565414 -0.03510507196187973 0.027764037251472473 0.023904208093881607 -0.01363135315477848 0.0229957178235054 0.019981706514954567 0.007808943744748831 0.012738825753331184 -0.01940094493329525 0.014890751801431179 0.033743321895599365 0.012677274644374847 0.015184533782303333 4.1765961213968694e-05 0.037850186228752136 -0.03571392968297005 0.025280466262896442 0.05954436670765664 0.10744291285776614 0.21902536598841088 0.3472917841058208 0.48891548419145053 0.7018787261464657 0.827927816549606 0.9360768507135659 -0.9837599 -0.82811654 -0.6633483 -0.49798113 -0.34463847 -0.5490333 -0.59663886 -0.6843294 -0.9519383 -1.0464184 -0.8204286 -0.57352006 -0.28966674 -0.01581499 -0.2322067 -0.4667206 -0.6202362 -0.99587667
0 400 0.02638181485235691 0.0013399450108408928 0.021125344559550285 -0.018849067389965057 -0.015492326579988003 -0.0328933447599411 -9.053945541381836e-05 0.029965145513415337 9.685796976555139e-05 -0.0010299260029569268 -0.02869988977909088 0.025319525972008705 -0.02148524299263954 0.014104829169809818 0.003287028055638075 -0.012677661143243313 -0.03708856925368309 -0.011989476159214973 0.041749052703380585 0.023497963324189186 -0.022153738886117935 -0.0007467512041330338 -0.016964498907327652 0.06415246427059174 0.023204559460282326 -0.05064282566308975 -0.027037834748625755 0.02921493723988533 0.021188169717788696 0.048543453216552734 -0.059402141720056534 -0.013481934554874897 -0.007390440907329321 0.03493676707148552 -0.025142528116703033 0.027131447568535805 0.04172661900520325 -0.00977383553981781 -0.002252127043902874 0.06058483570814133 -0.045321229845285416 -0.003555902512744069 0.010974738746881485 -0.01754276268184185 0.03141922876238823 -0.04253571853041649 0.012226669117808342 0.026917679235339165 -0.001916210283525288 0.03015362285077572 -0.010424924083054066 -0.033002033829689026 -0.016995346173644066 0.04592142626643181 0.004377797245979309 -0.007619917392730713 -0.010788914747536182 -0.047644518315792084 -0.010488877072930336 -0.011679146438837051 0.002811543643474579 -0.025976957753300667 0.015581485815346241 -0.04238015413284302 0.044781409204006195 0.016718853265047073 -0.034714870154857635 -0.0008185303304344416 0.04905911907553673 -0.0077772377990186214 0.04271671921014786 0.0128312474116683 -0.02348388358950615 0.012399491854012012 -0.031612031161785126 0.051904212683439255 0.040640100836753845 0.07430192828178406 -0.02465924061834812 -0.052657607942819595 0.04164605587720871 0.03585631400346756 -0.020447030663490295 0.0344935767352581 0.029972560703754425 0.011713416315615177 0.01910823956131935 -0.0291014164686203 0.02233612723648548 0.050614986568689346 0.01901591196656227 0.022776801139116287 6.264894182095304e-05 0.0567752830684185 -0.05357089638710022 0.06198989883225053 0.15610140690245725 0.28793737616895715 0.4777519991885411 0.6778683812875503 0.7691217258251357 0.8652202987960148 0.9267725883979213 0.9808499077509004 -0.9303086 -0.7714835 -0.5954858 -0.45727107 -0.30506858 -0.41707775 -0.5601349 -0.71002823 -0.9644311 -0.93808556 -0.70168424 -0.44628116 -0.2337133 0.026551098 -0.17260307 -0.42612386 -0.6788043 -1.0415083
1 400 0.02638181485235691 0.0013399450108408928 0.021125344559550285 -0.018849067389965057 -0.015492326579988003 -0.0328933447599411 -9.053945541381836e-05 0.029965145513415337 9.685796976555139e-05 -0.0010299260029569268 -0.02869988977909088 0.025319525972008705 -0.02148524299263954 0.014104829169809818 0.003287028055638075 -0.012677661143243313 -0.03708856925368309 -0.011989476159214973 0.041749052703380585 0.023497963324189186 -0.022153738886117935 -0.0007467512041330338 -0.016964498907327652 0.06415246427059174 0.023204559460282326 -0.05064282566308975 -0.027037834748625755 0.02921493723988533 0.021188169717788696 0.048543453216552734 -0.059402141720056534 -0.013481934554874897 -0.007390440907329321 0.03493676707148552 -0.025142528116703033 0.027131447568535805 0.04172661900520325 -0.00977383553981781 -0.002252127043902874 0.06058483570814133 -0.045321229845285416 -0.003555902512744069 0.010974738746881485 -0.01754276268184185 0.03141922876238823 -0.04253571853041649 0.012226669117808342 0.026917679235339165 -0.001916210283525288 0.03015362285077572 -0.010424924083054066 -0.033002033829689026 -0.016995346173644066 0.04592142626643181 0.004377797245979309 -0.007619917392730713 -0.010788914747536182 -0.047644518315792084 -0.010488877072930336 -0.011679146438837051 0.002811543643474579 -0.025976957753300667 0.015581485815346241 -0.04238015413284302 0.044781409204006195 0.016718853265047073 -0.034714870154857635 -0.0008185303304344416 0.04905911907553673 -0.0077772377990186214 0.04271671921014786 0.0128312474116683 -0.02348388358950615 0.012399491854012012 -0.031612031161785126 0.051904212683439255 0.040640100836753845 0.07430192828178406 -0.02465924061834812 -0.052657607942819595 0.04164605587720871 0.03585631400346756 -0.020447030663490295 0.0344935767352581 0.029972560703754425 0.011713416315615177 0.01910823956131935 -0.0291014164686203 0.02233612723648548 0.050614986568689346 0.01901591196656227 0.022776801139116287 6.264894182095304e-05 0.0567752830684185 -0.05357089638710022 0.033084849467746424 0.06961731047554703 0.15639452114454297 0.30173748338819584 0.49566785900772337 0.6541096795679696 0.8285670352944913 0.89938989749462 0.9699139550643875 -1.0318822 -0.91114223 -0.7711404 -0.6934358 -0.61825585 -0.6089008 -0.802275 -0.8665985 -1.0554265 -1.0892717 -0.9095578 -0.7011736 -0.47179365 -0.08592886 -0.4673546 -0.6719055 -0.889994 -1.1591676
2 400 0.02638181485235691 0.0013399450108408928 0.021125344559550285 -0.018849067389965057 -0.015492326579988003 -0.0328933447599411 -9.053945541381836e-05 0.029965145513415337 9.685796976555139e-05 -0.0010299260029569268 -0.02869988977909088 0.025319525972008705 -0.02148524299263954 0.014104829169809818 0.003287028055638075 -0.012677661143243313 -0.03708856925368309 -0.011989476159214973 0.041749052703380585 0.023497963324189186 -0.022153738886117935 -0.0007467512041330338 -0.016964498907327652 0.06415246427059174 0.023204559460282326 -0.05064282566308975 -0.027037834748625755 0.02921493723988533 0.021188169717788696 0.048543453216552734 -0.059402141720056534 -0.013481934554874897 -0.007390440907329321 0.03493676707148552 -0.025142528116703033 0.027131447568535805 0.04172661900520325 -0.00977383553981781 -0.002252127043902874 0.06058483570814133 -0.045321229845285416 -0.003555902512744069 0.010974738746881485 -0.01754276268184185 0.03141922876238823 -0.04253571853041649 0.012226669117808342 0.026917679235339165 -0.001916210283525288 0.03015362285077572 -0.010424924083054066 -0.033002033829689026 -0.016995346173644066 0.04592142626643181 0.004377797245979309 -0.007619917392730713 -0.010788914747536182 -0.047644518315792084 -0.010488877072930336 -0.011679146438837051 0.002811543643474579 -0.025976957753300667 0.015581485815346241 -0.04238015413284302 0.044781409204006195 0.016718853265047073 -0.034714870154857635 -0.0008185303304344416 0.04905911907553673 -0.0077772377990186214 0.04271671921014786 0.0128312474116683 -0.02348388358950615 0.012399491854012012 -0.031612031161785126 0.051904212683439255 0.040640100836753845 0.07430192828178406 -0.02465924061834812 -0.052657607942819595 0.04164605587720871 0.03585631400346756 -0.020447030663490295 0.0344935767352581 0.029972560703754425 0.011713416315615177 0.01910823956131935 -0.0291014164686203 0.02233612723648548 0.050614986568689346 0.01901591196656227 0.022776801139116287 6.264894182095304e-05 0.0567752830684185 -0.05357089638710022 0.027014802678190224 0.06017072327197589 0.10835351790157646 0.21717721359979678 0.3498618129319206 0.4833669681575413 0.700328152758317 0.8293964431452585 0.9344103038782708 -0.97833264 -0.825904 -0.6599008 -0.49781346 -0.3479333 -0.54352987 -0.59760547 -0.6851732 -0.94812036 -1.0367298 -0.817292 -0.568437 -0.28937387 -0.021684915 -0.21817315 -0.46813908 -0.6217756 -0.9898883
0 400 0.03517575189471245 0.001786593347787857 0.028167126700282097 -0.025132089853286743 -0.020656434819102287 -0.043857794255018234 -0.00012071926903445274 0.039953526109457016 0.00012914395483676344 -0.0013732346706092358 -0.03826652094721794 0.03375936672091484 -0.028646990656852722 0.018806438893079758 0.004382703918963671 -0.016903547570109367 -0.049451421946287155 -0.015985967591404915 0.055665403604507446 0.031330615282058716 -0.029538318514823914 -0.000995668233372271 -0.022619331255555153 0.08553661406040192 0.030939413234591484 -0.0675237700343132 -0.03605044633150101 0.03895324841141701 0.028250891715288162 0.06472460180521011 -0.07920285314321518 -0.017975911498069763 -0.00985392089933157 0.04658235237002373 -0.03352336958050728 0.036175262182950974 0.0556354895234108 -0.01303178071975708 -0.0030028359033167362 0.0807797834277153 -0.060428302735090256 -0.004741203039884567 0.01463298499584198 -0.023390350863337517 0.04189230129122734 -0.056714292615652084 0.01630222611129284 0.035890236496925354 -0.002554947044700384 0.04020483046770096 -0.01389989908784628 -0.0440027080476284 -0.02266046032309532 0.061228569597005844 0.00583706283941865 -0.010159890167415142 -0.014385218732059002 -0.06352602690458298 -0.013985169120132923 -0.015572194941341877 0.003748724702745676 -0.03463594242930412 0.020775314420461655 -0.05650687217712402 0.05970854312181473 0.02229180373251438 -0.04628648981451988 -0.0010913737351074815 0.06541215628385544 -0.010369650088250637 0.056955624371767044 0.017108328640460968 -0.031311843544244766 0.01653265580534935 -0.0421493723988533 0.06920561194419861 0.05418679863214493 0.09906923025846481 -0.03287898749113083 -0.07021014392375946 0.055528074502944946 0.047808416187763214 -0.02726270630955696 0.0459914356470108 0.039963413029909134 0.015617887489497662 0.02547765150666237 -0.0388018898665905 0.029781503602862358 0.06748664379119873 0.025354549288749695 0.030369067564606667 8.353192242793739e-05 0.07570037245750427 -0.0714278593659401 0.0661779091745155 0.1580689162180144 0.2880870094333072 0.46969039579074134 0.6805182686097213 0.7682925176223712 0.863529373131658 0.9260614553671255 0.9803940156443351 -0.91953003 -0.76919055 -0.59421456 -0.45803756 -0.31279927 -0.41803393 -0.55980754 -0.71163964 -0.957533 -0.9220425 -0.69827133 -0.44204122 -0.23484394 0.013128161 -0.17415497 -0.42534 -0.681203 -1.031265
1 400 0.03517575189471245 0.001786593347787857 0.028167126700282097 -0.025132089853286743 -0.020656434819102287 -0.043857794255018234 -0.00012071926903445274 0.039953526109457016 0.00012914395483676344 -0.0013732346706092358 -0.03826652094721794 0.03375936672091484 -0.028646990656852722 0.018806438893079758 0.004382703918963671 -0.016903547570109367 -0.049451421946287155 -0.015985967591404915 0.055665403604507446 0.031330615282058716 -0.029538318514823914 -0.000995668233372271 -0.022619331255555153 0.08553661406040192 0.030939413234591484 -0.0675237700343132 -0.03605044633150101 0.03895324841141701 0.028250891715288162 0.06472460180521011 -0.07920285314321518 -0.017975911498069763 -0.00985392089933157 0.04658235237002373 -0.03352336958050728 0.036175262182950974 0.0556354895234108 -0.01303178071975708 -0.0030028359033167362 0.0807797834277153 -0.060428302735090256 -0.004741203039884567 0.01463298499584198 -0.023390350863337517 0.04189230129122734 -0.056714292615652084 0.01630222611129284 0.035890236496925354 -0.002554947044700384 0.04020483046770096 -0.01389989908784628 -0.0440027080476284 -0.02266046032309532 0.061228569597005844 0.00583706283941865 -0.010159890167415142 -0.014385218732059002 -0.06352602690458298 -0.013985169120132923 -0.015572194941341877 0.003748724702745676 -0.03463594242930412 0.020775314420461655 -0.05650687217712402 0.05970854312181473 0.02229180373251438 -0.04628648981451988 -0.0010913737351074815 0.06541215628385544 -0.010369650088250637 0.056955624371767044 0.017108328640460968 -0.031311843544244766 0.01653265580534935 -0.0421493723988533 0.06920561194419861 0.05418679863214493 0.09906923025846481 -0.03287898749113083 -0.07021014392375946 0.055528074502944946 0.047808416187763214 -0.02726270630955696 0.0459914356470108 0.039963413029909134 0.015617887489497662 0.02547765150666237 -0.0388018898665905 0.029781503602862358 0.06748664379119873 0.025354549288749695 0.030369067564606667 8.353192242793739e-05 0.07570037245750427 -0.0714278593659401 0.03292709135778154 0.06990540687298012 0.15737886008029717 0.28779719905929935 0.494436256502341 0.659575226756779 0.8277598778303922 0.9002050419029334 0.9692980863852759 -1.026839 -0.91045725 -0.7699921 -0.692249 -0.61736166 -0.6184026 -0.8009256 -0.8747283 -1.0555575 -1.0836035 -0.9085382 -0.69946444 -0.4718601 -0.08196288 -0.4812672 -0.67024183 -0.89507306 -1.1588838
2 400 0.03517575189471245 0.001786593347787857 0.028167126700282097 -0.025132089853286743 -0.020656434819102287 -0.043857794255018234 -0.00012071926903445274 0.039953526109457016 0.00012914395483676344 -0.0013732346706092358 -0.03826652094721794 0.03375936672091484 -0.028646990656852722 0.018806438893079758 0.004382703918963671 -0.016903547570109367 -0.049451421946287155 -0.015985967591404915 0.055665403604507446 0.031330615282058716 -0.029538318514823914 -0.000995668233372271 -0.022619331255555153 0.08553661406040192 0.030939413234591484 -0.0675237700343132 -0.03605044633150101 0.03895324841141701 0.028250891715288162 0.06472460180521011 -0.07920285314321518 -0.017975911498069763 -0.00985392089933157 0.04658235237002373 -0.03352336958050728 0.036175262182950974 0.0556354895234108 -0.01303178071975708 -0.0030028359033167362 0.0807797834277153 -0.060428302735090256 -0.004741203039884567 0.01463298499584198 -0.023390350863337517 0.04189230129122734 -0.056714292615652084 0.01630222611129284 0.035890236496925354 -0.002554947044700384 0.04020483046770096 -0.01389989908784628 -0.0440027080476284 -0.02266046032309532 0.061228569597005844 0.00583706283941865 -0.010159890167415142 -0.014385218732059002 -0.06352602690458298 -0.013985169120132923 -0.015572194941341877 0.003748724702745676 -0.03463594242930412 0.020775314420461655 -0.05650687217712402 0.05970854312181473 0.02229180373251438 -0.04628648981451988 -0.0010913737351074815 0.06541215628385544 -0.010369650088250637 0.056955624371767044 0.017108328640460968 -0.031311843544244766 0.01653265580534935 -0.0421493723988533 0.06920561194419861 0.05418679863214493 0.09906923025846481 -0.03287898749113083 -0.07021014392375946 0.055528074502944946 0.047808416187763214 -0.02726270630955696 0.0459914356470108 0.039963413029909134 0.015617887489497662 0.02547765150666237 -0.0388018898665905 0.029781503602862358 0.06748664379119873 0.025354549288749695 0.030369067564606667 8.353192242793739e-05 0.07570037245750427 -0.0714278593659401 0.029044218910340997 0.060859735702742314 0.10926230211124066 0.2153403751138169 0.35239016257460076 0.477809308552161 0.6987766297650272 0.8306586892045889 0.932659917662566 -0.9732313 -0.82356656 -0.65642774 -0.49764577 -0.35116377 -0.53804046 -0.59857917 -0.6878414 -0.9441544 -1.0271112 -0.8139608 -0.56331855 -0.28908098 -0.02744016 -0.20403506 -0.4695691 -0.62621725 -0.98367584
0 400 0.043969690799713135 0.0022332416847348213 0.03520890697836876 -0.03141511231660843 -0.025820543989539146 -0.05482224002480507 -0.0001508990826550871 0.049941908568143845 0.0001614299399079755 -0.0017165433382615447 -0.0478331483900547 0.042199209332466125 -0.0358087383210659 0.023508047685027122 0.005478379782289267 -0.021129434928297997 -0.06181427836418152 -0.019982459023594856 0.06958175450563431 0.039163269102573395 -0.03692289814352989 -0.0012445852626115084 -0.028274163603782654 0.1069207638502121 0.03867426514625549 -0.08440470695495605 -0.04506305605173111 0.048691559582948685 0.03531361371278763 0.08090575039386749 -0.09900356829166412 -0.022469889372587204 -0.012317401356995106 0.058227941393852234 -0.04190421104431152 0.04521907866001129 0.06954436004161835 -0.01628972589969635 -0.0037535447627305984 0.10097472369670868 -0.0755353793501854 -0.005926503799855709 0.018291231244802475 -0.029237937182188034 0.05236537754535675 -0.07089286297559738 0.020377781242132187 0.04486279562115669 -0.0031936836894601583 0.05025603622198105 -0.017374873161315918 -0.05500338599085808 -0.028325574472546577 0.07653570920228958 0.00729632843285799 -0.012699862010776997 -0.017981523647904396 -0.07940752804279327 -0.01748146116733551 -0.019465243443846703 0.004685905762016773 -0.04329492896795273 0.025969142094254494 -0.07063359022140503 0.07463567703962326 0.02786475419998169 -0.05785811319947243 -0.0013642171397805214 0.08176519721746445 -0.01296206284314394 0.07119452953338623 0.02138541080057621 -0.03913980349898338 0.020665818825364113 -0.05268671363592148 0.08650701493024826 0.06773349642753601 0.12383653968572617 -0.04109873250126839 -0.08776267617940903 0.06941009312868118 0.05976051837205887 -0.03407838195562363 0.057489294558763504 0.04995426535606384 0.01952235959470272 0.031847063452005386 -0.0485023595392704 0.037226878106594086 0.08435830473899841 0.03169318661093712 0.037961333990097046 0.00010441490303492174 0.09462546557188034 -0.08928482234477997 0.0705741092220921 0.15996359471107308 0.28823671906756615 0.4615179782004128 0.6831432908706426 0.767432517284849 0.8611519883278631 0.9251859709047454 0.9799274897600425 -0.90887713 -0.76700425 -0.5929434 -0.45880732 -0.32055214 -0.41902304 -0.560827 -0.7182801 -0.95063496 -0.90618634 -0.6950172 -0.43780124 -0.23597723 -0.00033161044 -0.17576039 -0.42543736 -0.6916302 -1.0210216
1 400 0.043969690799713135 0.0022332416847348213 0.03520890697836876 -0.03141511231660843 -0.025820543989539146 -0.05482224002480507 -0.0001508990826550871 0.049941908568143845 0.0001614299399079755 -0.0017165433382615447 -0.0478331483900547 0.042199209332466125 -0.0358087383210659 0.023508047685027122 0.005478379782289267 -0.021129434928297997 -0.06181427836418152 -0.019982459023594856 0.06958175450563431 0.039163269102573395 -0.03692289814352989 -0.0012445852626115084 -0.028274163603782654 0.1069207638502121 0.03867426514625549 -0.08440470695495605 -0.04506305605173111 0.048691559582948685 0.03531361371278763 0.08090575039386749 -0.09900356829166412 -0.022469889372587204 -0.012317401356995106 0.058227941393852234 -0.04190421104431152 0.04521907866001129 0.06954436004161835 -0.01628972589969635 -0.0037535447627305984 0.10097472369670868 -0.0755353793501854 -0.005926503799855709 0.018291231244802475 -0.029237937182188034 0.05236537754535675 -0.07089286297559738 0.020377781242132187 0.04486279562115669 -0.0031936836894601583 0.05025603622198105 -0.017374873161315918 -0.05500338599085808 -0.028325574472546577 0.07653570920228958 0.00729632843285799 -0.012699862010776997 -0.017981523647904396 -0.07940752804279327 -0.01748146116733551 -0.019465243443846703 0.004685905762016773 -0.04329492896795273 0.025969142094254494 -0.07063359022140503 0.07463567703962326 0.02786475419998169 -0.05785811319947243 -0.0013642171397805214 0.08176519721746445 -0.01296206284314394 0.07119452953338623 0.02138541080057621 -0.03913980349898338 0.020665818825364113 -0.05268671363592148 0.08650701493024826 0.06773349642753601 0.12383653968572617 -0.04109873250126839 -0.08776267617940903 0.06941009312868118 0.05976051837205887 -0.03407838195562363 0.057489294558763504 0.04995426535606384 0.01952235959470272 0.031847063452005386 -0.0485023595392704 0.037226878106594086 0.08435830473899841 0.03169318661093712 0.037961333990097046 0.00010441490303492174 0.09462546557188034 -0.08928482234477997 0.03165235918709472 0.06869068406311486 0.15683061494607833 0.27301112241161873 0.4942266340921786 0.6643318272778493 0.8273103173457562 0.9011279107194458 0.9686164404199585 -1.0257508 -0.9133636 -0.77063096 -0.69228053 -0.6165421 -0.62469447 -0.7954141 -0.8829925 -1.055335 -1.0843216 -0.9128641 -0.7004153 -0.47294623 -0.08303107 -0.49059623 -0.66352785 -0.9004489 -1.1580629
2 400 0.043969690799713135 0.0022332416847348213 0.03520890697836876 -0.03141511231660843 -0.025820543989539146 -0.05482224002480507 -0.0001508990826550871 0.049941908568143845 0.0001614299399079755 -0.0017165433382615447 -0.0478331483900547 0.042199209332466125 -0.0358087383210659 0.023508047685027122 0.005478379782289267 -0.021129434928297997 -0.06181427836418152 -0.019982459023594856 0.06958175450563431 0.039163269102573395 -0.03692289814352989 -0.0012445852626115084 -0.028274163603782654 0.1069207638502121 0.03867426514625549 -0.08440470695495605 -0.04506305605173111 0.048691559582948685 0.03531361371278763 0.08090575039386749 -0.09900356829166412 -0.022469889372587204 -0.012317401356995106 0.058227941393852234 -0.04190421104431152 0.04521907866001129 0.06954436004161835 -0.01628972589969635 -0.0037535447627305984 0.10097472369670868 -0.0755353793501854 -0.005926503799855709 0.018291231244802475 -0.029237937182188034 0.05236537754535675 -0.07089286297559738 0.020377781242132187 0.04486279562115669 -0.0031936836894601583 0.05025603622198105 -0.017374873161315918 -0.05500338599085808 -0.028325574472546577 0.07653570920228958 0.00729632843285799 -0.012699862010776997 -0.017981523647904396 -0.07940752804279327 -0.01748146116733551 -0.019465243443846703 0.004685905762016773 -0.04329492896795273 0.025969142094254494 -0.07063359022140503 0.07463567703962326 0.02786475419998169 -0.05785811319947243 -0.0013642171397805214 0.08176519721746445 -0.01296206284314394 0.07119452953338623 0.02138541080057621 -0.03913980349898338 0.020665818825364113 -0.05268671363592148 0.08650701493024826 0.06773349642753601 0.12383653968572617 -0.04109873250126839 -0.08776267617940903 0.06941009312868118 0.05976051837205887 -0.03407838195562363 0.057489294558763504 0.04995426535606384 0.01952235959470272 0.031847063452005386 -0.0485023595392704 0.037226878106594086 0.08435830473899841 0.03169318661093712 0.037961333990097046 0.00010441490303492174 0.09462546557188034 -0.08928482234477997 0.031207344125777938 0.061546761994526994 0.11030011659302638 0.21351487875509384 0.3549774016640412 0.4722619952073498 0.6972171888150964 0.8317661776085473 0.930923495832403 -0.968187 -0.8212748 -0.6533076 -0.4974781 -0.3544586 -0.53256667 -0.5995452 -0.69373745 -0.9402001 -1.0175815 -0.8106912 -0.55864716 -0.28878808 -0.033310056 -0.18988101 -0.47098663 -0.63581944 -0.97749996
0 400 0.05276362970471382 0.0026798900216817856 0.04225068911910057 -0.037698134779930115 -0.030984653159976006 -0.0657866895198822 -0.00018107891082763672 0.05993029102683067 0.00019371593953110278 -0.0020598520059138536 -0.05739977955818176 0.05063905194401741 -0.04297048598527908 0.028209658339619637 0.00657405611127615 -0.025355322286486626 -0.07417713850736618 -0.023978952318429947 0.08349810540676117 0.04699592664837837 -0.04430747777223587 -0.0014935024082660675 -0.033928997814655304 0.12830492854118347 0.04640911892056465 -0.1012856513261795 -0.05407566949725151 0.05842987447977066 0.04237633943557739 0.09708690643310547 -0.11880428344011307 -0.026963869109749794 -0.014780881814658642 0.06987353414297104 -0.05028505623340607 0.05426289513707161 0.0834532380104065 -0.01954767107963562 -0.004504254087805748 0.12116967141628265 -0.09064245969057083 -0.007111805025488138 0.02194947749376297 -0.0350855253636837 0.06283845752477646 -0.08507143706083298 0.024453338235616684 0.05383535847067833 -0.003832420567050576 0.06030724570155144 -0.02084984816610813 -0.06600406765937805 -0.03399069234728813 0.09184285253286362 0.008755594491958618 -0.015239834785461426 -0.021577829495072365 -0.09528903663158417 -0.020977754145860672 -0.023358292877674103 0.005623087286949158 -0.051953915506601334 0.031162971630692482 -0.08476030826568604 0.08956281840801239 0.03343770653009415 -0.06942974030971527 -0.0016370606608688831 0.09811823815107346 -0.015554475598037243 0.08543343842029572 0.0256624948233366 -0.0469677671790123 0.024798983708024025 -0.06322406232357025 0.10380842536687851 0.08128020167350769 0.14860385656356812 -0.04931848123669624 -0.10531521588563919 0.08329211175441742 0.07171262800693512 -0.04089406132698059 0.0689871534705162 0.05994512140750885 0.023426832631230354 0.0382164791226387 -0.0582028329372406 0.04467225447297096 0.10122997313737869 0.03803182393312454 0.045553602278232574 0.00012529788364190608 0.113550566136837 -0.10714179277420044 0.07522606178535489 0.16196806672260866 0.2883865050673345 0.4534924687485623 0.6857698617938298 0.7665991166152131 0.8586781690629409 0.9241740183996509 0.9794829279966003 -0.8982526 -0.764714 -0.5916722 -0.4595738 -0.32828283 -0.4199792 -0.57211107 -0.72532606 -0.9439151 -0.8903724 -0.6916083 -0.43356127 -0.2371079 -0.013754547 -0.17731228 -0.4361297 -0.7026756 -1.0110657
1 400 0.05276362970471382 0.0026798900216817856 0.04225068911910057 -0.037698134779930115 -0.030984653159976006 -0.0657866895198822 -0.00018107891082763672 0.05993029102683067 0.00019371593953110278 -0.0020598520059138536 -0.05739977955818176 0.05063905194401741 -0.04297048598527908 0.028209658339619637 0.00657405611127615 -0.025355322286486626 -0.07417713850736618 -0.023978952318429947 0.08349810540676117 0.04699592664837837 -0.04430747777223587 -0.0014935024082660675 -0.033928997814655304 0.12830492854118347 0.04640911892056465 -0.1012856513261795 -0.05407566949725151 0.05842987447977066 0.04237633943557739 0.09708690643310547 -0.11880428344011307 -0.026963869109749794 -0.014780881814658642 0.06987353414297104 -0.05028505623340607 0.05426289513707161 0.0834532380104065 -0.01954767107963562 -0.004504254087805748 0.12116967141628265 -0.09064245969057083 -0.007111805025488138 0.02194947749376297 -0.0350855253636837 0.06283845752477646 -0.08507143706083298 0.024453338235616684 0.05383535847067833 -0.003832420567050576 0.06030724570155144 -0.02084984816610813 -0.06600406765937805 -0.03399069234728813 0.09184285253286362 0.008755594491958618 -0.015239834785461426 -0.021577829495072365 -0.09528903663158417 -0.020977754145860672 -0.023358292877674103 0.005623087286949158 -0.051953915506601334 0.031162971630692482 -0.08476030826568604 0.08956281840801239 0.03343770653009415 -0.06942974030971527 -0.0016370606608688831 0.09811823815107346 -0.015554475598037243 0.08543343842029572 0.0256624948233366 -0.0469677671790123 0.024798983708024025 -0.06322406232357025 0.10380842536687851 0.08128020167350769 0.14860385656356812 -0.04931848123669624 -0.10531521588563919 0.08329211175441742 0.07171262800693512 -0.04089406132698059 0.0689871534705162 0.05994512140750885 0.023426832631230354 0.0382164791226387 -0.0582028329372406 0.04467225447297096 0.10122997313737869 0.03803182393312454 0.045553602278232574 0.00012529788364190608 0.113550566136837 -0.10714179277420044 0.030603157503283216 0.06700812238061804 0.15624276861489836 0.2427249145721152 0.4958647240991823 0.6685637421713158 0.8290549146437629 0.9019235420920503 0.9678120329251737 -1.0255444 -0.9174689 -0.77131796 -0.6918018 -0.6158575 -0.6285851 -0.7845981 -0.89105946 -1.0498686 -1.0857797 -0.91897464 -0.70143795 -0.47569233 -0.09320149 -0.49649698 -0.6525382 -0.90546525 -1.1497859
2 400 0.05276362970471382 0.0026798900216817856 0.04225068911910057 -0.037698134779930115 -0.030984653159976006 -0.0657866895198822 -0.00018107891082763672 0.05993029102683067 0.00019371593953110278 -0.0020598520059138536 -0.05739977955818176 0.05063905194401741 -0.04297048598527908 0.028209658339619637 0.00657405611127615 -0.025355322286486626 -0.07417713850736618 -0.023978952318429947 0.08349810540676117 0.04699592664837837 -0.04430747777223587 -0.0014935024082660675 -0.033928997814655304 0.12830492854118347 0.04640911892056465 -0.1012856513261795 -0.05407566949725151 0.05842987447977066 0.04237633943557739 0.09708690643310547 -0.11880428344011307 -0.026963869109749794 -0.014780881814658642 0.06987353414297104 -0.05028505623340607 0.05426289513707161 0.0834532380104065 -0.01954767107963562 -0.004504254087805748 0.12116967141628265 -0.09064245969057083 -0.007111805025488138 0.02194947749376297 -0.0350855253636837 0.06283845752477646 -0.08507143706083298 0.024453338235616684 0.05383535847067833 -0.003832420567050576 0.06030724570155144 -0.02084984816610813 -0.06600406765937805 -0.03399069234728813 0.09184285253286362 0.008755594491958618 -0.015239834785461426 -0.021577829495072365 -0.09528903663158417 -0.020977754145860672 -0.023358292877674103 0.005623087286949158 -0.051953915506601334 0.031162971630692482 -0.08476030826568604 0.08956281840801239 0.03343770653009415 -0.06942974030971527 -0.0016370606608688831 0.09811823815107346 -0.015554475598037243 0.08543343842029572 0.0256624948233366 -0.0469677671790123 0.024798983708024025 -0.06322406232357025 0.10380842536687851 0.08128020167350769 0.14860385656356812 -0.04931848123669624 -0.10531521588563919 0.08329211175441742 0.07171262800693512 -0.04089406132698059 0.0689871534705162 0.05994512140750885 0.023426832631230354 0.0382164791226387 -0.0582028329372406 0.04467225447297096 0.10122997313737869 0.03803182393312454 0.045553602278232574 0.00012529788364190608 0.113550566136837 -0.10714179277420044 0.033540532803206353 0.062250500298050536 0.11820009131802939 0.21160663532956153 0.3575224094854714 0.4667242704067184 0.6956124139158588 0.8342503260014819 0.9291360538775674 -0.9630848 -0.81893736 -0.6539101 -0.4973017 -0.35768908 -0.5270584 -0.6005324 -0.6972889 -0.9364006 -1.0079621 -0.80736 -0.5568079 -0.28847998 -0.03906533 -0.17583129 -0.47243458 -0.6418381 -0.9715384
0 400 0.06155756488442421 0.00312653835862875 0.049292467534542084 -0.0439811572432518 -0.036148760467767715 -0.07675113528966904 -0.00021125870989635587 0.0699186697602272 0.0002260019100503996 -0.0024031605571508408 -0.06696640700101852 0.0590788908302784 -0.050132233649492264 0.032911267131567 0.007669731508940458 -0.029581207782030106 -0.08653999119997025 -0.02797544188797474 0.09741445630788803 0.05482857674360275 -0.05169205740094185 -0.001742419321089983 -0.039583828300237656 0.14968906342983246 0.05414396896958351 -0.11816658824682236 -0.06308827549219131 0.06816818565130234 0.04943905770778656 0.11326804757118225 -0.138604998588562 -0.031457845121622086 -0.017244361340999603 0.08151911944150925 -0.05866589397192001 0.06330671161413193 0.09736210107803345 -0.02280561625957489 -0.005254962481558323 0.14136460423469543 -0.10574953258037567 -0.008297105319797993 0.025607723742723465 -0.04093310981988907 0.07331153005361557 -0.09925000369548798 0.028528893366456032 0.06280791014432907 -0.00447115721181035 0.07035844773054123 -0.024324821308255196 -0.07700473815202713 -0.03965580463409424 0.10714998841285706 0.010214859619736671 -0.01777980662882328 -0.025174133479595184 -0.11117053776979446 -0.024474045261740685 -0.027251340448856354 0.006560267880558968 -0.06061289831995964 0.03635679930448532 -0.09888702630996704 0.10448994487524033 0.039010655134916306 -0.08100135624408722 -0.0019099039491266012 0.11447127163410187 -0.01814688742160797 0.0996723398566246 0.029939575120806694 -0.05479572340846062 0.028932146728038788 -0.07376139611005783 0.12110982090234756 0.09482689201831818 0.17337115108966827 -0.0575382262468338 -0.12286774814128876 0.09717413038015366 0.08366472274065018 -0.04770973324775696 0.08048500865697861 0.06993597000837326 0.02733130380511284 0.04458588734269142 -0.0679033026099205 0.05211762711405754 0.11810162663459778 0.044370461255311966 0.053145866841077805 0.00014618085697293282 0.13247564435005188 -0.12499874830245972 0.08019232526739353 0.16393705586010218 0.29457563604833165 0.4454817495032904 0.6883715289065341 0.7657636094392055 0.8563954868891109 0.9233556564636685 0.9789951885222651 -0.8875567 -0.76248646 -0.59394854 -0.46034193 -0.33603573 -0.42093536 -0.5838574 -0.7326102 -0.937017 -0.8744521 -0.68829274 -0.43525192 -0.23824114 -0.027214319 -0.17886418 -0.44747955 -0.7141554 -1.0008224
1 400 0.06155756488442421 0.00312653835862875 0.049292467534542084 -0.0439811572432518 -0.036148760467767715 -0.07675113528966904 -0.00021125870989635587 0.0699186697602272 0.0002260019100503996 -0.0024031605571508408 -0.06696640700101852 0.0590788908302784 -0.050132233649492264 0.032911267131567 0.007669731508940458 -0.029581207782030106 -0.08653999119997025 -0.02797544188797474 0.09741445630788803 0.05482857674360275 -0.05169205740094185 -0.001742419321089983 -0.039583828300237656 0.14968906342983246 0.05414396896958351 -0.11816658824682236 -0.06308827549219131 0.06816818565130234 0.04943905770778656 0.11326804757118225 -0.138604998588562 -0.031457845121622086 -0.017244361340999603 0.08151911944150925 -0.05866589397192001 0.06330671161413193 0.09736210107803345 -0.02280561625957489 -0.005254962481558323 0.14136460423469543 -0.10574953258037567 -0.008297105319797993 0.025607723742723465 -0.04093310981988907 0.07331153005361557 -0.09925000369548798 0.028528893366456032 0.06280791014432907 -0.00447115721181035 0.07035844773054123 -0.024324821308255196 -0.07700473815202713 -0.03965580463409424 0.10714998841285706 0.010214859619736671 -0.01777980662882328 -0.025174133479595184 -0.11117053776979446 -0.024474045261740685 -0.027251340448856354 0.006560267880558968 -0.06061289831995964 0.03635679930448532 -0.09888702630996704 0.10448994487524033 0.039010655134916306 -0.08100135624408722 -0.0019099039491266012 0.11447127163410187 -0.01814688742160797 0.0996723398566246 0.029939575120806694 -0.05479572340846062 0.028932146728038788 -0.07376139611005783 0.12110982090234756 0.09482689201831818 0.17337115108966827 -0.0575382262468338 -0.12286774814128876 0.09717413038015366 0.08366472274065018 -0.04770973324775696 0.08048500865697861 0.06993597000837326 0.02733130380511284 0.04458588734269142 -0.0679033026099205 0.05211762711405754 0.11810162663459778 0.044370461255311966 0.053145866841077805 0.00014618085697293282 0.13247564435005188 -0.12499874830245972 0.030458048292128823 0.06530699286614076 0.15570742549564756 0.20954948826468028 0.49749612360115303 0.6725993384701643 0.8282235215537188 0.9028322425080472 0.9669333908460238 -1.0270905 -0.92171806 -0.7719455 -0.69387555 -0.61520004 -0.6319802 -0.77662754 -0.8993236 -1.0442894 -1.0878311 -0.92529917 -0.7023719 -0.4805979 -0.10326636 -0.50168324 -0.6465106 -0.9108412 -1.141312
2 400 0.06155756488442421 0.00312653835862875 0.049292467534542084 -0.0439811572432518 -0.036148760467767715 -0.07675113528966904 -0.00021125870989635587 0.0699186697602272 0.0002260019100503996 -0.0024031605571508408 -0.06696640700101852 0.0590788908302784 -0.050132233649492264 0.032911267131567 0.007669731508940458 -0.029581207782030106 -0.08653999119997025 -0.02797544188797474 0.09741445630788803 0.05482857674360275 -0.05169205740094185 -0.001742419321089983 -0.039583828300237656 0.14968906342983246 0.05414396896958351 -0.11816658824682236 -0.06308827549219131 0.06816818565130234 0.04943905770778656 0.11326804757118225 -0.138604998588562 -0.031457845121622086 -0.017244361340999603 0.08151911944150925 -0.05866589397192001 0.06330671161413193 0.09736210107803345 -0.02280561625957489 -0.005254962481558323 0.14136460423469543 -0.10574953258037567 -0.008297105319797993 0.025607723742723465 -0.04093310981988907 0.07331153005361557 -0.09925000369548798 0.028528893366456032 0.06280791014432907 -0.00447115721181035 0.07035844773054123 -0.024324821308255196 -0.07700473815202713 -0.03965580463409424 0.10714998841285706 0.010214859619736671 -0.01777980662882328 -0.025174133479595184 -0.11117053776979446 -0.024474045261740685 -0.027251340448856354 0.006560267880558968 -0.06061289831995964 0.03635679930448532 -0.09888702630996704 0.10448994487524033 0.039010655134916306 -0.08100135624408722 -0.0019099039491266012 0.11447127163410187 -0.01814688742160797 0.0996723398566246 0.029939575120806694 -0.05479572340846062 0.028932146728038788 -0.07376139611005783 0.12110982090234756 0.09482689201831818 0.17337115108966827 -0.0575382262468338 -0.12286774814128876 0.09717413038015366 0.08366472274065018 -0.04770973324775696 0.08048500865697861 0.06993597000837326 0.02733130380511284 0.04458588734269142 -0.0679033026099205 0.05211762711405754 0.11810162663459778 0.044370461255311966 0.053145866841077805 0.00014618085697293282 0.13247564435005188 -0.12499874830245972 0.036017944120415216 0.06290342483573558 0.1281945452375969 0.20980430388786117 0.3600810338229717 0.4636196074551792 0.6940434899087202 0.8367133542584618 0.9272971270021998 -0.9580972 -0.81672484 -0.6552764 -0.49713403 -0.36092663 -0.52372235 -0.6014989 -0.7008494 -0.9325514 -0.9985105 -0.8042234 -0.55552495 -0.28818712 -0.044833183 -0.16858412 -0.47385287 -0.6478723 -0.96550405
0 400 0.0703515037894249 0.003573186695575714 0.056334253400564194 -0.050264179706573486 -0.041312869638204575 -0.08771558851003647 -0.00024143853806890547 0.07990705221891403 0.0002582879096735269 -0.0027464693412184715 -0.07653304189443588 0.06751873344182968 -0.057293981313705444 0.037612877786159515 0.008765407837927341 -0.033807095140218735 -0.09890284389257431 -0.03197193518280983 0.11133080720901489 0.06266123056411743 -0.05907663702964783 -0.001991336466744542 -0.045238662511110306 0.17107322812080383 0.06187882646918297 -0.1350475400686264 -0.07210089266300201 0.07790649682283401 0.056501783430576324 0.12944920361042023 -0.15840570628643036 -0.035951822996139526 -0.01970784179866314 0.09316470474004745 -0.06704673916101456 0.07235052436590195 0.1112709790468216 -0.02606356143951416 -0.0060056718066334724 0.1615595668554306 -0.12085660547018051 -0.009482406079769135 0.02926596999168396 -0.046780701726675034 0.08378460258245468 -0.11342858523130417 0.03260445222258568 0.07178047299385071 -0.005109894089400768 0.08040966093540192 -0.02779979817569256 -0.0880054160952568 -0.04532092064619064 0.12245713919401169 0.0116741256788373 -0.020319780334830284 -0.028770437464118004 -0.12705205380916595 -0.027970338240265846 -0.031144389882683754 0.007497449405491352 -0.06927188485860825 0.04155062884092331 -0.11301374435424805 0.11941708624362946 0.04458360746502876 -0.09257297962903976 -0.002182747470214963 0.13082431256771088 -0.020739300176501274 0.11391124874353409 0.034216657280921936 -0.06262368708848953 0.0330653116106987 -0.0842987447977066 0.13841122388839722 0.10837359726428986 0.19813846051692963 -0.06575797498226166 -0.14042028784751892 0.11105614900588989 0.09561683237552643 -0.05452541261911392 0.0919828712940216 0.07992682605981827 0.031235774978995323 0.05095530301332474 -0.077603779733181 0.059563007205724716 0.13497328758239746 0.05070909857749939 0.06073813512921333 0.00016706384485587478 0.15140074491500854 -0.1428557187318802 0.08543747416080572 0.16594685084667116 0.31665850289516934 0.4373923772330722 0.6909003882676765 0.764897122274049 0.8540750690859922 0.9226202953422037 0.9785259672595286 -0.87689763 -0.7602348 -0.6048631 -0.46111006 -0.34367138 -0.4219245 -0.5955283 -0.7400897 -0.93021613 -0.8585868 -0.6849413 -0.45006463 -0.23937184 -0.04046893 -0.18046957 -0.45874238 -0.72597134 -0.9907477
1 400 0.0703515037894249 0.003573186695575714 0.056334253400564194 -0.050264179706573486 -0.041312869638204575 -0.08771558851003647 -0.00024143853806890547 0.07990705221891403 0.0002582879096735269 -0.0027464693412184715 -0.07653304189443588 0.06751873344182968 -0.057293981313705444 0.037612877786159515 0.008765407837927341 -0.033807095140218735 -0.09890284389257431 -0.03197193518280983 0.11133080720901489 0.06266123056411743 -0.05907663702964783 -0.001991336466744542 -0.045238662511110306 0.17107322812080383 0.06187882646918297 -0.1350475400686264 -0.07210089266300201 0.07790649682283401 0.056501783430576324 0.12944920361042023 -0.15840570628643036 -0.035951822996139526 -0.01970784179866314 0.09316470474004745 -0.06704673916101456 0.07235052436590195 0.1112709790468216 -0.02606356143951416 -0.0060056718066334724 0.1615595668554306 -0.12085660547018051 -0.009482406079769135 0.02926596999168396 -0.046780701726675034 0.08378460258245468 -0.11342858523130417 0.03260445222258568 0.07178047299385071 -0.005109894089400768 0.08040966093540192 -0.02779979817569256 -0.0880054160952568 -0.04532092064619064 0.12245713919401169 0.0116741256788373 -0.020319780334830284 -0.028770437464118004 -0.12705205380916595 -0.027970338240265846 -0.031144389882683754 0.007497449405491352 -0.06927188485860825 0.04155062884092331 -0.11301374435424805 0.11941708624362946 0.04458360746502876 -0.09257297962903976 -0.002182747470214963 0.13082431256771088 -0.020739300176501274 0.11391124874353409 0.034216657280921936 -0.06262368708848953 0.0330653116106987 -0.0842987447977066 0.13841122388839722 0.10837359726428986 0.19813846051692963 -0.06575797498226166 -0.14042028784751892 0.11105614900588989 0.09561683237552643 -0.05452541261911392 0.0919828712940216 0.07992682605981827 0.031235774978995323 0.05095530301332474 -0.077603779733181 0.059563007205724716 0.13497328758239746 0.05070909857749939 0.06073813512921333 0.00016706384485587478 0.15140074491500854 -0.1428557187318802 0.03034854038587116 0.06367573334887916 0.1550721939254261 0.19729736315239707 0.4991328581918646 0.6766090935946386 0.8240775897104257 0.9036293302255642 0.9660867020413076 -1.0285697 -0.9258905 -0.7726923 -0.6933319 -0.6145172 -0.635344 -0.7722084 -0.90751624 -1.0388018 -1.0897458 -0.9315096 -0.7034836 -0.47958356 -0.113424405 -0.50682557 -0.6457728 -0.9159827 -1.1330048
2 400 0.0703515037894249 0.003573186695575714 0.056334253400564194 -0.050264179706573486 -0.041312869638204575 -0.08771558851003647 -0.00024143853806890547 0.07990705221891403 0.0002582879096735269 -0.0027464693412184715 -0.07653304189443588 0.06751873344182968 -0.057293981313705444 0.037612877786159515 0.008765407837927341 -0.033807095140218735 -0.09890284389257431 -0.03197193518280983 0.11133080720901489 0.06266123056411743 -0.05907663702964783 -0.001991336466744542 -0.045238662511110306 0.17107322812080383 0.06187882646918297 -0.1350475400686264 -0.07210089266300201 0.07790649682283401 0.056501783430576324 0.12944920361042023 -0.15840570628643036 -0.035951822996139526 -0.01970784179866314 0.09316470474004745 -0.06704673916101456 0.07235052436590195 0.1112709790468216 -0.02606356143951416 -0.0060056718066334724 0.1615595668554306 -0.12085660547018051 -0.009482406079769135 0.02926596999168396 -0.046780701726675034 0.08378460258245468 -0.11342858523130417 0.03260445222258568 0.07178047299385071 -0.005109894089400768 0.08040966093540192 -0.02779979817569256 -0.0880054160952568 -0.04532092064619064 0.12245713919401169 0.0116741256788373 -0.020319780334830284 -0.028770437464118004 -0.12705205380916595 -0.027970338240265846 -0.031144389882683754 0.007497449405491352 -0.06927188485860825 0.04155062884092331 -0.11301374435424805 0.11941708624362946 0.04458360746502876 -0.09257297962903976 -0.002182747470214963 0.13082431256771088 -0.020739300176501274 0.11391124874353409 0.034216657280921936 -0.06262368708848953 0.0330653116106987 -0.0842987447977066 0.13841122388839722 0.10837359726428986 0.19813846051692963 -0.06575797498226166 -0.14042028784751892 0.11105614900588989 0.09561683237552643 -0.05452541261911392 0.0919828712940216 0.07992682605981827 0.031235774978995323 0.05095530301332474 -0.077603779733181 0.059563007205724716 0.13497328758239746 0.05070909857749939 0.06073813512921333 0.00016706384485587478 0.15140074491500854 -0.1428557187318802 0.038700987100753606 0.06361195696782536 0.13892209698205835 0.20801325633796838 0.36265073632261025 0.4637842438346405 0.692469794402021 0.8391433080839578 0.9254334764272238 -0.9530287 -0.8144331 -0.6566734 -0.49696636 -0.36416808 -0.5231557 -0.6024659 -0.7044167 -0.9285971 -0.98892474 -0.80095375 -0.5542816 -0.28789422 -0.05060801 -0.17091107 -0.47527188 -0.65391695 -0.9593282
0 400 0.07914543896913528 0.004019835032522678 0.0633760318160057 -0.05654720216989517 -0.046476978808641434 -0.0986800268292427 -0.0002716183371376246 0.08989543467760086 0.00029057389474473894 -0.0030897778924554586 -0.08609966188669205 0.07595857232809067 -0.06445572525262833 0.04231448471546173 0.009861083701252937 -0.038032982498407364 -0.11126569658517838 -0.03596842661499977 0.12524715065956116 0.07049388438463211 -0.06646121293306351 -0.0022402533795684576 -0.05089349299669266 0.19245736300945282 0.06961367279291153 -0.15192846953868866 -0.08111350238323212 0.08764480799436569 0.06356450170278549 0.145630344748497 -0.1782064139842987 -0.04044580087065697 -0.022171322256326675 0.10481029003858566 -0.0754275768995285 0.08139433711767197 0.12517984211444855 -0.02932150661945343 -0.006756380200386047 0.18175449967384338 -0.13596367835998535 -0.010667706839740276 0.032924216240644455 -0.0526282861828804 0.09425767511129379 -0.12760715186595917 0.03668000549077988 0.08075302839279175 -0.005748630501329899 0.09046085923910141 -0.03127476945519447 -0.09900609403848648 -0.05098603293299675 0.13776427507400513 0.013133390806615353 -0.02285975031554699 -0.03236674144864082 -0.14293354749679565 -0.03146662935614586 -0.035037435591220856 0.008434629999101162 -0.07793086767196655 0.046744454652071 -0.12714046239852905 0.134344220161438 0.05015655606985092 -0.10414460301399231 -0.002455590758472681 0.14717735350131989 -0.023331712931394577 0.12815015017986298 0.03849373757839203 -0.07045164704322815 0.037198472768068314 -0.09483607858419418 0.15571261942386627 0.12192028760910034 0.22290576994419098 -0.07397771626710892 -0.1579728126525879 0.12493816763162613 0.10756892710924149 -0.06134108453989029 0.10348072648048401 0.08991767466068268 0.03514024615287781 0.05732471123337746 -0.0873042419552803 0.067008376121521 0.15184494853019714 0.05704773589968681 0.06833039969205856 0.0001879468181869015 0.17032583057880402 -0.16071267426013947 0.0910109327584278 0.16795205680708722 0.3468848315421002 0.42945635932796283 0.6934915373689348 0.7640574027109958 0.851738619470148 0.9219922356937813 0.9780205667208853 -0.86620283 -0.75800997 -0.6169626 -0.46187574 -0.35140207 -0.42288065 -0.607244 -0.74760354 -0.92339915 -0.8426682 -0.6816298 -0.45677024 -0.2405012 -0.053891867 -0.18202147 -0.4700644 -0.7378708 -0.98062325
1 400 0.07914543896913528 0.004019835032522678 0.0633760318160057 -0.05654720216989517 -0.046476978808641434 -0.0986800268292427 -0.0002716183371376246 0.08989543467760086 0.00029057389474473894 -0.0030897778924554586 -0.08609966188669205 0.07595857232809067 -0.06445572525262833 0.04231448471546173 0.009861083701252937 -0.038032982498407364 -0.11126569658517838 -0.03596842661499977 0.12524715065956116 0.07049388438463211 -0.06646121293306351 -0.0022402533795684576 -0.05089349299669266 0.19245736300945282 0.06961367279291153 -0.15192846953868866 -0.08111350238323212 0.08764480799436569 0.06356450170278549 0.145630344748497 -0.1782064139842987 -0.04044580087065697 -0.022171322256326675 0.10481029003858566 -0.0754275768995285 0.08139433711767197 0.12517984211444855 -0.02932150661945343 -0.006756380200386047 0.18175449967384338 -0.13596367835998535 -0.010667706839740276 0.032924216240644455 -0.0526282861828804 0.09425767511129379 -0.12760715186595917 0.03668000549077988 0.08075302839279175 -0.005748630501329899 0.09046085923910141 -0.03127476945519447 -0.09900609403848648 -0.05098603293299675 0.13776427507400513 0.013133390806615353 -0.02285975031554699 -0.03236674144864082 -0.14293354749679565 -0.03146662935614586 -0.035037435591220856 0.008434629999101162 -0.07793086767196655 0.046744454652071 -0.12714046239852905 0.134344220161438 0.05015655606985092 -0.10414460301399231 -0.002455590758472681 0.14717735350131989 -0.023331712931394577 0.12815015017986298 0.03849373757839203 -0.07045164704322815 0.037198472768068314 -0.09483607858419418 0.15571261942386627 0.12192028760910034 0.22290576994419098 -0.07397771626710892 -0.1579728126525879 0.12493816763162613 0.10756892710924149 -0.06134108453989029 0.10348072648048401 0.08991767466068268 0.03514024615287781 0.05732471123337746 -0.0873042419552803 0.067008376121521 0.15184494853019714 0.05704773589968681 0.06833039969205856 0.0001879468181869015 0.17032583057880402 -0.16071267426013947 0.030247837169563807 0.06212245643715589 0.15455017037239618 0.19090450132385453 0.5007726700140428 0.6805731068165961 0.8198735533464382 0.9045103536784307 0.965167145085199 -1.0299587 -0.9299571 -0.77330804 -0.6918086 -0.61384034 -0.63872313 -0.76781416 -0.91565466 -1.0331919 -1.0915409 -0.93756247 -0.70439994 -0.4766224 -0.12358253 -0.5119872 -0.6450361 -0.9212334 -1.1244907
2 400 0.07914543896913528 0.004019835032522678 0.0633760318160057 -0.05654720216989517 -0.046476978808641434 -0.0986800268292427 -0.0002716183371376246 0.08989543467760086 0.00029057389474473894 -0.0030897778924554586 -0.08609966188669205 0.07595857232809067 -0.06445572525262833 0.04231448471546173 0.009861083701252937 -0.038032982498407364 -0.11126569658517838 -0.03596842661499977 0.12524715065956116 0.07049388438463211 -0.06646121293306351 -0.0022402533795684576 -0.05089349299669266 0.19245736300945282 0.06961367279291153 -0.15192846953868866 -0.08111350238323212 0.08764480799436569 0.06356450170278549 0.145630344748497 -0.1782064139842987 -0.04044580087065697 -0.022171322256326675 0.10481029003858566 -0.0754275768995285 0.08139433711767197 0.12517984211444855 -0.02932150661945343 -0.006756380200386047 0.18175449967384338 -0.13596367835998535 -0.010667706839740276 0.032924216240644455 -0.0526282861828804 0.09425767511129379 -0.12760715186595917 0.03668000549077988 0.08075302839279175 -0.005748630501329899 0.09046085923910141 -0.03127476945519447 -0.09900609403848648 -0.05098603293299675 0.13776427507400513 0.013133390806615353 -0.02285975031554699 -0.03236674144864082 -0.14293354749679565 -0.03146662935614586 -0.035037435591220856 0.008434629999101162 -0.07793086767196655 0.046744454652071 -0.12714046239852905 0.134344220161438 0.05015655606985092 -0.10414460301399231 -0.002455590758472681 0.14717735350131989 -0.023331712931394577 0.12815015017986298 0.03849373757839203 -0.07045164704322815 0.037198472768068314 -0.09483607858419418 0.15571261942386627 0.12192028760910034 0.22290576994419098 -0.07397771626710892 -0.1579728126525879 0.12493816763162613 0.10756892710924149 -0.06134108453989029 0.10348072648048401 0.08991767466068268 0.03514024615287781 0.05732471123337746 -0.0873042419552803 0.067008376121521 0.15184494853019714 0.05704773589968681 0.06833039969205856 0.0001879468181869015 0.17032583057880402 -0.16071267426013947 0.041559034521025724 0.06433769435815576 0.15032554554827787 0.20623351425398564 0.36521961134185055 0.46394686744353886 0.6909186833113452 0.8415341963541554 0.9235156912286205 -0.94793856 -0.81209564 -0.6580411 -0.49679866 -0.36739856 -0.5226128 -0.60341394 -0.707965 -0.92479753 -0.9793335 -0.79762256 -0.5530157 -0.28760135 -0.056363255 -0.17316583 -0.4766627 -0.65992993 -0.95336676
0 400 0.08793938159942627 0.004466483369469643 0.07041781395673752 -0.06283022463321686 -0.05164108797907829 -0.10964448004961014 -0.0003017981653101742 0.09988381713628769 0.000322859879815951 -0.0034330866765230894 -0.0956662967801094 0.08439841866493225 -0.0716174766421318 0.047016095370054245 0.010956759564578533 -0.04225886985659599 -0.12362855672836304 -0.03996491804718971 0.13916350901126862 0.07832653820514679 -0.07384579628705978 -0.0024891705252230167 -0.05654832720756531 0.2138415277004242 0.07734853029251099 -0.1688094139099121 -0.09012611210346222 0.09738311916589737 0.07062722742557526 0.16181150078773499 -0.19800713658332825 -0.04493977874517441 -0.02463480271399021 0.11645588278770447 -0.08380842208862305 0.09043815732002258 0.1390887200832367 -0.0325794517993927 -0.007507089525461197 0.20194944739341736 -0.1510707587003708 -0.011853007599711418 0.03658246248960495 -0.05847587436437607 0.1047307550907135 -0.14178572595119476 0.040755562484264374 0.08972559124231339 -0.006387367378920317 0.1005120724439621 -0.034749746322631836 -0.11000677198171616 -0.056651148945093155 0.15307141840457916 0.01459265686571598 -0.025399724021553993 -0.03596304729580879 -0.15881505608558655 -0.03496292233467102 -0.038930486887693405 0.009371811524033546 -0.08658985793590546 0.05193828418850899 -0.14126718044281006 0.14927135407924652 0.05572950839996338 -0.11571622639894485 -0.002728434279561043 0.1635303944349289 -0.02592412568628788 0.14238905906677246 0.04277082160115242 -0.07827960699796677 0.041331637650728226 -0.10537342727184296 0.17301402986049652 0.13546699285507202 0.24767307937145233 -0.08219746500253677 -0.17552535235881805 0.13882018625736237 0.11952103674411774 -0.06815676391124725 0.11497858911752701 0.09990853071212769 0.03904471918940544 0.06369412690401077 -0.0970047190785408 0.07445375621318817 0.16871660947799683 0.06338637322187424 0.07592266798019409 0.00020882980606984347 0.18925093114376068 -0.17856964468955994 0.09685145218619033 0.1700388596173519 0.375520774601845 0.4215427719071654 0.6960576044662616 0.7632957427417547 0.849359595944536 0.9212465045475081 0.9772733161854835 -0.85561025 -0.755717 -0.62939394 -0.46264386 -0.35915494 -0.42385024 -0.61900574 -0.7550539 -0.9194524 -0.8269018 -0.6782168 -0.46906233 -0.24163444 -0.06735164 -0.18360318 -0.48142815 -0.74964046 -0.97242475
1 400 0.08793938159942627 0.004466483369469643 0.07041781395673752 -0.06283022463321686 -0.05164108797907829 -0.10964448004961014 -0.0003017981653101742 0.09988381713628769 0.000322859879815951 -0.0034330866765230894 -0.0956662967801094 0.08439841866493225 -0.0716174766421318 0.047016095370054245 0.010956759564578533 -0.04225886985659599 -0.12362855672836304 -0.03996491804718971 0.13916350901126862 0.07832653820514679 -0.07384579628705978 -0.0024891705252230167 -0.05654832720756531 0.2138415277004242 0.07734853029251099 -0.1688094139099121 -0.09012611210346222 0.09738311916589737 0.07062722742557526 0.16181150078773499 -0.19800713658332825 -0.04493977874517441 -0.02463480271399021 0.11645588278770447 -0.08380842208862305 0.09043815732002258 0.1390887200832367 -0.0325794517993927 -0.007507089525461197 0.20194944739341736 -0.1510707587003708 -0.011853007599711418 0.03658246248960495 -0.05847587436437607 0.1047307550907135 -0.14178572595119476 0.040755562484264374 0.08972559124231339 -0.006387367378920317 0.1005120724439621 -0.034749746322631836 -0.11000677198171616 -0.056651148945093155 0.15307141840457916 0.01459265686571598 -0.025399724021553993 -0.03596304729580879 -0.15881505608558655 -0.03496292233467102 -0.038930486887693405 0.009371811524033546 -0.08658985793590546 0.05193828418850899 -0.14126718044281006 0.14927135407924652 0.05572950839996338 -0.11571622639894485 -0.002728434279561043 0.1635303944349289 -0.02592412568628788 0.14238905906677246 0.04277082160115242 -0.07827960699796677 0.041331637650728226 -0.10537342727184296 0.17301402986049652 0.13546699285507202 0.24767307937145233 -0.08219746500253677 -0.17552535235881805 0.13882018625736237 0.11952103674411774 -0.06815676391124725 0.11497858911752701 0.09990853071212769 0.03904471918940544 0.06369412690401077 -0.0970047190785408 0.07445375621318817 0.16871660947799683 0.06338637322187424 0.07592266798019409 0.00020882980606984347 0.18925093114376068 -0.17856964468955994 0.0313146817076144 0.06059031899863163 0.15461010298262337 0.18479080148632585 0.5025175273832134 0.6841264203025001 0.8155876892471043 0.90530300769184 0.9642770195935757 -1.0347669 -0.9340625 -0.77485204 -0.69027483 -0.6131976 -0.64192224 -0.76340675 -0.92381597 -1.0276794 -1.095428 -0.943673 -0.70672977 -0.47362152 -0.13418913 -0.5168557 -0.64430726 -0.9264114 -1.1161485
2 400 0.08793938159942627 0.004466483369469643 0.07041781395673752 -0.06283022463321686 -0.05164108797907829 -0.10964448004961014 -0.0003017981653101742 0.09988381713628769 0.000322859879815951 -0.0034330866765230894 -0.0956662967801094 0.08439841866493225 -0.0716174766421318 0.047016095370054245 0.010956759564578533 -0.04225886985659599 -0.12362855672836304 -0.03996491804718971 0.13916350901126862 0.07832653820514679 -0.07384579628705978 -0.0024891705252230167 -0.05654832720756531 0.2138415277004242 0.07734853029251099 -0.1688094139099121 -0.09012611210346222 0.09738311916589737 0.07062722742557526 0.16181150078773499 -0.19800713658332825 -0.04493977874517441 -0.02463480271399021 0.11645588278770447 -0.08380842208862305 0.09043815732002258 0.1390887200832367 -0.0325794517993927 -0.007507089525461197 0.20194944739341736 -0.1510707587003708 -0.011853007599711418 0.03658246248960495 -0.05847587436437607 0.1047307550907135 -0.14178572595119476 0.040755562484264374 0.08972559124231339 -0.006387367378920317 0.1005120724439621 -0.034749746322631836 -0.11000677198171616 -0.056651148945093155 0.15307141840457916 0.01459265686571598 -0.025399724021553993 -0.03596304729580879 -0.15881505608558655 -0.03496292233467102 -0.038930486887693405 0.009371811524033546 -0.08658985793590546 0.05193828418850899 -0.14126718044281006 0.14927135407924652 0.05572950839996338 -0.11571622639894485 -0.002728434279561043 0.1635303944349289 -0.02592412568628788 0.14238905906677246 0.04277082160115242 -0.07827960699796677 0.041331637650728226 -0.10537342727184296 0.17301402986049652 0.13546699285507202 0.24767307937145233 -0.08219746500253677 -0.17552535235881805 0.13882018625736237 0.11952103674411774 -0.06815676391124725 0.11497858911752701 0.09990853071212769 0.03904471918940544 0.06369412690401077 -0.0970047190785408 0.07445375621318817 0.16871660947799683 0.06338637322187424 0.07592266798019409 0.00020882980606984347 0.18925093114376068 -0.17856964468955994 0.04462011481325548 0.06507113587227446 0.16255974044416444 0.20446508858097961 0.367841898031864 0.4640994884597921 0.6917861910500257 0.8439051056343496 0.9203135410871754 -0.942852 -0.8097582 -0.6594381 -0.496631 -0.37068635 -0.5220472 -0.60166436 -0.7115209 -0.9180056 -0.96974444 -0.7942914 -0.55177236 -0.28730845 -0.062220603 -0.17542833 -0.4739282 -0.66595614 -0.9428135
-0.050776742 0.10723068 0.22181056 0.013068744 
0.03320921 -0.06399196 -0.053267267 0.12332706 
0.0820598 0.0029375756 0.025467925 0.15328602 
0.050914593 -0.066454865 -0.021896387 -0.017458424 
-0.04099148 -0.023555882 0.14073493 -0.06121369 
0.15335706 -0.056769338 0.024420291 -0.13227779 
-0.16465376 -0.01542382 0.033215184 0.026076283 
0.10731113 0.10763687 0.038499333 0.02876804 
-0.0153067205 -0.04786661 -0.07478123 0.08210761 
0.065656476 0.014378574 0.0891136 -0.025675032 
-0.112448476 -0.11425025 0.0119845 -0.0038386886 
-0.023620661 0.092203274 0.20996995 0.032434847 
0.2078509 -0.039635964 0.10374718 -0.07277709 
0.022759588 0.024066664 -0.111275904 0.051857408 
0.03226693 -0.024941178 0.09504771 0.07731134 
0.14019556 -0.0052185953 0.04062229 -0.07717415 
-0.09992149 -0.044915844 -0.04798116 -0.19585234 
0.20083503 0.0068740947 -0.0012418043 -0.09584886 
-0.10177603 0.2166845 0.071735226 -0.08604842 
0.13597941 0.04170592 0.03754015 0.10214574 
-0.0426059 -0.10113132 0.110736266 0.029126273 
-0.012690448 -0.0014484427 0.009934846 -0.0023966972 
-0.13382877 -0.14213607 0.03149675 0.13396378 
-0.09601024 0.19138049 -0.1505368 0.10807556 
0.07723029 0.14619811 -0.09074581 -0.10130296 
-0.17554294 -0.17521381 0.03126123 -0.053602707 
-0.015920928 -0.07165861 0.034809977 -0.06537637 
-0.083644934 0.021537803 0.075590424 0.17852269 
0.07828068 0.12667449 -0.07946238 -0.07963778 
-0.14657107 0.074038245 -0.0117275175 0.21661302 
0.10795914 -0.19521455 -0.06709781 -0.082012564 
-0.06639898 0.03661202 -0.19259228 -0.18129684 
0.079932526 -0.0444944 0.13141344 0.03846944 
0.18316786 0.052268706 -0.11315152 0.15674171 
0.09799844 -0.11945945 0.07989691 0.041622464 
-0.09588963 -0.013163332 0.04915678 0.22427815 
0.1721751 0.10038878 0.0731701 0.13225839 
0.051455714 -0.0031626476 -0.047431402 -0.06818012 
0.15148483 0.027790857 -0.036933996 -0.06637378 
-0.17306623 0.11848165 -0.06670975 0.21919963 
-0.08447214 -0.14849687 0.052897494 -0.059589025 
-0.13825549 0.05850922 0.21783862 -0.119896695 
0.17930028 0.028172385 0.041963756 0.03634666 
0.17490177 -0.020223174 -0.021462433 -0.089250945 
-0.14043884 0.107673414 0.01749144 0.03206097 
0.22333111 -0.15084867 -0.04875268 -0.035220664 
0.14842072 0.058877632 0.20472303 0.0008173231 
-0.1552409 0.09438196 0.082348555 0.027724445 
0.16235423 -0.061351832 0.117724754 0.11023507 
-0.025432741 0.13672993 0.027246024 -0.026797287 
0.013705778 -0.10373188 -0.018919753 0.11160558 
-0.09996166 -0.098567314 -0.009189404 -0.06523468 
-0.12677236 -0.011790982 0.04943034 -0.102394134 
0.103677474 0.19619416 0.066924915 -0.013692819 
-0.052116144 -0.010819492 -0.13746026 0.040482864 
0.12098481 0.048883814 -0.035696395 -0.14479169 
0.0076072947 -0.039957196 0.07845341 -0.0002937268 
-0.09591785 -0.10850108 0.21829036 -0.13761795 
0.074583665 0.004050205 0.10016066 -0.07516516 
-0.04312068 -0.072258405 0.028402107 0.047201194 
0.090685256 0.076071315 0.16939475 -0.10348653 
0.14767808 -0.14973062 -0.024147656 0.08418116 
0.039756056 0.054238807 0.01558061 0.017415116 
0.08762131 -0.07533804 -0.09321417 -0.17815977 
0.0066441945 0.17466664 -0.21276434 -0.00565461 
0.013769012 0.0677163 0.14289707 0.00995545 
0.13126324 -0.10145639 0.04458132 -0.06319544 
0.102374166 0.049126595 0.09494746 -0.08618809 
0.14516418 0.20810562 -0.09612481 -0.023449605 
-0.005054162 -0.08177264 -0.107697055 0.08401031 
-0.09553466 0.14210121 0.06963808 0.05699928 
0.07501647 0.03504094 0.06362963 0.036608648 
0.060742475 0.029816797 0.0060126595 -0.2246519 
0.10447988 0.1446382 -0.06387817 -0.1750551 
0.14831027 -0.15559676 0.022398243 0.057009123 
-0.061459284 0.15154877 -0.042153586 0.09968498 
-0.06853029 0.21180975 0.07763638 -0.084084615 
-0.06939024 0.19143517 -0.119222224 0.18530108 
-0.10363207 -0.06690024 0.017667579 -0.05991336 
-0.111988 -0.19838832 -0.114124104 -0.035355784 
0.08379706 0.07935723 0.067411356 0.16753173 
0.1110698 0.12534781 -0.053963162 0.032945324 
-0.1648372 -0.05940176 0.019873597 -0.043963835 
0.12266782 0.110359825 0.098310344 0.061760988 
-0.111246645 0.17777193 0.05869905 -0.10261966 
0.014806772 0.069716394 0.06036344 -0.036436826 
-0.11929618 0.027368274 -0.010880767 0.08661082 
-0.016723683 -0.07094858 0.10352102 -0.07675681 
0.009840817 0.10477613 0.2176853 -0.011010026 
0.10110542 0.176756 0.025573354 0.053044047 
0.12119117 0.066666745 -0.081011064 0.0147135295 
0.15022558 0.039371256 0.0286063 0.100788206 
-0.13717714 -0.022474073 -0.0019183619 0.038102515 
0.15063117 0.11467549 -0.091006264 0.20393904 
0.08706373 -0.23074242 -0.056976613 0.025760313 
