KS052 ac7d3064-7f09-48a3-88d2-e86a4eb86461 cortexlab 2026-07-28T16:01:20.797097 _iblrig_tasks_ephysChoiceWorld6.4.2 M 296 691
0 nan 0.25 0.5 -1.0 1.0 135.18835666176582 135.1893898987216 145.79053438592024 130.58788578126828 147.3651727750953 145.59171959749358 1.0 145.59171959749358 1.0 1
1 1.0 nan 0.5 1.0 1.0 148.41455629090848 148.41562285808862 148.8949781451217 147.84517606782504 150.4894874955238 148.7712563522232 -1.0 148.7712563522232 -1.0 1
2 1.0 nan 0.5 1.0 1.0 157.23223380175799 157.23326703871376 157.4687784041828 150.94298711237488 159.0318858753649 157.36745452206765 -1.0 157.36745452206765 -1.0 1
3 nan 1.0 0.5 -1.0 1.0 161.9913898805287 161.99215647568943 162.90250489418023 159.49488941401833 164.465047229643 162.15967418342328 1.0 162.67592602884503 1.0 2
4 nan 0.0625 0.5 1.0 -1.0 168.0253937116098 168.02646027878995 168.96977228919258 164.917150306829 171.54241917225886 168.2176424458336 -1.0 168.8347515502292 -1.0 2
5 1.0 nan 0.5 1.0 1.0 174.88168750836977 174.88272074532554 175.13463058118955 172.01142190566213 176.71897147484356 175.02460751051117 -1.0 175.02460751051117 -1.0 1
6 0.125 nan 0.5 1.0 1.0 178.16508124226743 178.16604781877444 178.9173777367483 177.17027403519774 180.48188852101455 178.42485701108512 -1.0 178.83085247425782 -1.0 2
7 nan 0.25 0.5 -1.0 1.0 181.6833863975953 181.68435297410232 182.42251745344606 180.9484882802408 184.0164217573503 181.99689048811354 1.0 182.36038991520175 1.0 2
8 0.0625 nan 0.5 1.0 1.0 185.16502830610517 185.16599488261218 186.84967116716763 184.4802255159938 188.4158777062541 186.64715672383477 -1.0 186.64715672383477 -1.0 1
9 1.0 nan 0.5 1.0 1.0 189.5084231659598 189.5092897517937 189.7689988601626 188.88038174796756 191.34310671147773 189.4166317280173 1.0 189.4166317280173 1.0 1
10 nan 0.0 0.5 -1.0 1.0 192.31599461660866 192.3169278628913 197.03185473390974 191.804309011927 198.60859272899683 192.6005347421407 -1.0 196.67212162217646 -1.0 5
11 0.25 nan 0.5 1.0 1.0 199.99781141081235 199.99887797799252 200.25208769260732 199.08599646244883 201.8275206056837 200.1319988941662 -1.0 200.1319988941662 -1.0 1
12 nan 1.0 0.5 -1.0 1.0 203.0484935180889 203.04986005728847 203.64733765952425 202.3649239462796 205.21544689936397 203.22171069419173 1.0 203.57901069954528 1.0 2
13 0.0625 nan 0.5 -1.0 -1.0 206.31405558194325 206.314822177104 210.0958028307706 205.66594936887427 212.6856150135294 209.36717079559955 -1.0 210.00827766154873 1.0 4
14 nan 0.0 0.5 1.0 -1.0 215.46486868547083 215.46576860152908 216.3637515067749 213.14661825894467 218.93749702140573 215.4367713063185 -1.0 215.8982615930839 1.0 2
15 nan 0.0625 0.5 1.0 -1.0 220.0482411608614 220.04907441647092 220.61438835218001 219.4037012818011 223.18133782927268 220.29841782505767 1.0 220.3966419963055 -1.0 2
16 nan 1.0 0.5 -1.0 1.0 224.15342490707224 224.15439148357925 224.8580591806897 223.6345399739245 226.4383651238842 224.33750773632295 1.0 224.78063306945498 1.0 2
17 nan 0.125 0.5 -1.0 1.0 227.43135248417158 227.432352390903 234.1532588162314 226.9076679987131 235.71476444838856 229.06463346946447 1.0 234.11982860117828 1.0 10
18 nan 0.125 0.5 -1.0 1.0 237.33842837888122 237.33929496471512 238.29687231115236 236.20186772752342 239.8745037152178 237.61556919460088 1.0 238.25324304743896 1.0 4
19 1.0 nan 0.5 1.0 1.0 241.43094663982765 241.43191321633466 241.74321751204383 240.4282068393555 243.32552775429505 241.61322963696185 -1.0 241.61322963696185 -1.0 1
20 0.0625 nan 0.5 -1.0 -1.0 244.28111411723415 244.28191404261926 246.46121076370522 243.7680286431285 249.05108722216977 244.50729301987678 -1.0 246.36528637793958 1.0 3
21 0.25 nan 0.5 1.0 1.0 250.3976769141045 250.398510169714 250.75131059477624 249.5379904366713 252.31851664167866 250.39311067336445 1.0 250.39311067336445 1.0 1
22 nan 0.0625 0.5 1.0 -1.0 253.88105199428213 253.88215189168668 254.2974798176858 252.79671980452775 256.86378879510806 254.0941987791922 -1.0 254.0941987791922 -1.0 1
23 nan 0.125 0.5 -1.0 1.0 257.85214824781224 257.85314815454365 258.3772992631434 257.3423957961446 259.945209530582 257.9833693411963 -1.0 257.9833693411963 -1.0 1
24 nan 0.0625 0.5 1.0 -1.0 261.01415330451795 261.015119881025 261.45844519550326 260.4085097973091 264.01435832706096 261.30835919512015 -1.0 261.30835919512015 -1.0 1
25 0.125 nan 0.5 1.0 1.0 265.8885652991947 265.889731857048 266.1870707887419 264.4801633377936 267.74787990548634 266.0538165516707 -1.0 266.0538165516707 -1.0 1
26 0.25 nan 0.5 1.0 1.0 268.8034600723471 268.80442664885413 269.2658169449464 268.23028020368434 270.8312147446438 268.9727442819731 -1.0 268.9727442819731 -1.0 1
27 nan 0.0625 0.5 -1.0 1.0 272.09678621311 272.09768612916827 273.52955256853284 271.38121962589594 275.09735971160205 273.3038069588072 1.0 273.3038069588072 1.0 1
28 nan 1.0 0.5 -1.0 1.0 276.1993368715948 276.20033677832623 276.6074654691279 275.56696252443317 278.1765042432102 276.3793200832468 1.0 276.3793200832468 1.0 1
29 nan 1.0 0.5 -1.0 1.0 279.164293641766 279.1652935484974 279.5010955591259 278.6501082702558 281.0642368355405 279.3347777394697 1.0 279.3347777394697 1.0 1
30 nan 0.125 0.5 -1.0 1.0 282.0704558961309 282.0712891517404 283.02573345708595 281.5269399271663 284.5804745795525 282.31296660871976 1.0 282.8301850306485 1.0 2
31 0.0625 nan 0.5 -1.0 -1.0 285.6514552035175 285.65258843114646 286.6362300130489 285.05357763858916 289.2145115746419 285.85863587826356 1.0 286.5073753655958 1.0 2
32 nan 0.0625 0.5 -1.0 1.0 290.3469838839468 290.3482171022489 291.14894241275385 289.6762131182994 292.7243494657938 290.79160907717596 1.0 290.79160907717596 1.0 1
33 0.0625 nan 0.5 -1.0 -1.0 293.864089151197 293.86518904860156 294.5341933123568 293.1834526391331 297.11427504933147 294.04533891137544 1.0 294.333345380243 1.0 2
34 0.0625 nan 0.5 1.0 1.0 299.530393946918 299.53149384432254 299.8536304629552 297.5739764362611 301.4140252425978 299.7123436418084 -1.0 299.7123436418084 -1.0 1
35 1.0 nan 0.5 1.0 1.0 302.85148416458946 302.85245074109645 303.1110599520608 301.99733050440335 304.68466499491274 302.98853804724 -1.0 302.98853804724 -1.0 1
36 0.0625 nan 0.5 -1.0 -1.0 305.84720473186337 305.8481046479216 307.75276032011647 305.1513696374822 310.3140364370891 307.1828468134429 1.0 307.1828468134429 1.0 1
37 nan 0.0625 0.5 1.0 -1.0 311.48747862234364 311.48841186862626 311.810381836137 310.8105417651859 314.3785649790822 311.66252896078737 -1.0 311.66252896078737 -1.0 1
38 nan 1.0 0.5 -1.0 1.0 315.5810301202458 315.58203002697724 315.81387506776446 314.84056585541987 317.3906849039309 315.5655648961335 1.0 315.5655648961335 1.0 1
39 nan 0.125 0.5 -1.0 1.0 318.58035035175277 318.5813502584842 319.0931025236146 317.84168591904336 320.64713877143004 318.80916234212145 1.0 318.80916234212145 1.0 1
40 nan 1.0 0.5 -1.0 1.0 321.6730618719725 321.67399511825516 322.003431056027 321.1240464159852 323.58257086132693 321.81804834802546 1.0 321.81804834802546 1.0 1
41 0.0 nan 0.5 -1.0 -1.0 325.3800827577399 325.3809493435738 327.7335965616601 324.0516733348508 330.3183258228049 325.58876329258305 1.0 327.66800268008024 1.0 6
42 nan 0.0625 0.5 1.0 -1.0 332.063592671314 332.0645925780454 332.4362245798823 330.9595289887266 335.01697158567276 332.2455756964287 -1.0 332.2455756964287 -1.0 1
43 nan 0.125 0.5 -1.0 1.0 336.69686049260145 336.6978603993328 337.3225021344383 335.488673189051 338.89970493664003 336.9036412046549 1.0 337.25557504388325 1.0 2
44 0.125 nan 0.5 1.0 1.0 340.28022624591904 340.28122615265045 340.703520095545 339.4103073896012 342.2785546434098 340.5613000281155 -1.0 340.5613000281155 -1.0 1
45 0.125 nan 0.5 1.0 1.0 343.32957514422037 343.33050839050304 343.78966556156183 342.76336129245306 345.34617375743613 343.54035548319945 -1.0 343.54035548319945 -1.0 1
46 0.125 nan 0.5 1.0 1.0 346.4137874572232 346.4147873639546 347.0801919634768 345.8334749205431 348.6297997324694 346.6538983936567 -1.0 346.97663495632816 -1.0 2
47 nan 1.0 0.5 -1.0 1.0 349.74650992320323 349.7474431694859 350.05771422823926 349.1081028054288 351.6261485204178 349.9353589745403 1.0 349.9353589745403 1.0 1
48 0.25 nan 0.5 1.0 1.0 352.84705404615227 352.84808728310804 353.154458705609 352.110156115335 354.73556721615637 353.03173681944185 -1.0 353.03173681944185 -1.0 1
49 0.0625 nan 0.5 1.0 1.0 355.68018977890057 355.68105636473445 356.50937910102607 355.20926703863563 358.0801026945276 356.32782936882825 -1.0 356.32782936882825 -1.0 1
50 nan 0.125 0.5 -1.0 1.0 359.8135042344881 359.814370820322 360.3526206138345 358.70130797715206 361.91275480592975 360.17213744881684 1.0 360.17213744881684 1.0 1
51 0.25 nan 0.5 1.0 1.0 363.1421604130938 363.1436602731909 363.4492651005311 362.42206091536406 365.0215724389629 363.3042786244781 -1.0 363.3042786244781 -1.0 1
52 0.125 nan 0.5 1.0 1.0 366.34712812902535 366.34796138463486 366.9014097604647 365.5147724355837 368.46311469648384 366.7126606998008 -1.0 366.7126606998008 -1.0 1
53 0.0625 nan 0.5 -1.0 -1.0 369.47553631955606 369.4766028867362 370.0222853202855 368.9437192593488 372.6136599333936 369.4948345194721 1.0 369.9556248715255 1.0 2
54 nan 0.25 0.5 -1.0 1.0 375.3801188893696 375.3812187867742 375.7008889688027 373.10816414450727 377.27519287650796 375.590132633188 1.0 375.590132633188 1.0 1
55 nan 0.125 0.5 -1.0 1.0 378.28004839177544 378.28088164738494 379.07560751750157 377.7879942892536 380.66463872467375 378.4478660715287 -1.0 378.4478660715287 -1.0 1
56 0.125 nan 0.5 1.0 1.0 381.7133948051587 381.714561363012 382.23014660394614 381.182144358766 383.77978495562087 381.9894690536982 -1.0 381.9894690536982 -1.0 1
57 0.25 nan 0.5 1.0 1.0 384.9996216081287 385.00048819396255 385.2505981977101 384.2646901605498 386.82990366175807 385.1322092407123 -1.0 385.1322092407123 -1.0 1
58 0.25 nan 0.5 1.0 1.0 387.9628118764077 387.96377845291477 388.28981470779985 387.3334039192159 389.86333483547395 388.1453281851126 -1.0 388.1453281851126 -1.0 1
59 1.0 nan 0.5 1.0 1.0 391.2685701908644 391.2694367766983 391.5426446259411 390.5073411962497 393.11967972452675 391.4117568348008 -1.0 391.4117568348008 -1.0 1
60 nan 0.0625 0.5 -1.0 1.0 394.21329551483694 394.21439541224146 395.8362774607964 393.61328481554824 397.43031303234824 394.57356191016027 1.0 395.7519853233394 1.0 4
61 0.25 nan 0.5 1.0 1.0 398.4794975750275 398.48036416086137 398.78823544345937 397.94031453523235 400.363238087319 398.63884937778823 -1.0 398.63884937778823 -1.0 1
62 0.0625 nan 0.5 1.0 1.0 401.4625859872614 401.46368588466595 406.08318832328445 400.86674156602027 407.646218815097 402.3584024279225 1.0 406.0204275107769 -1.0 7
63 0.0 nan 0.5 1.0 1.0 408.94372150047315 408.9446214165314 409.2559257122405 408.21112316860086 410.8487604631241 409.0917410269447 -1.0 409.0917410269447 -1.0 1
64 nan 0.125 0.5 -1.0 1.0 411.97933834632994 411.98027159261255 412.67937304898294 411.33636498781544 414.2464784076855 412.13005762097623 -1.0 412.13005762097623 -1.0 1
65 nan 0.0 0.5 -1.0 1.0 415.4746456468356 415.47554556289384 417.91151834193016 414.7553794047153 419.47954912355544 415.4917773821669 1.0 417.6576420228277 1.0 3
66 0.25 nan 0.5 1.0 1.0 421.25753956743785 421.2585061439448 421.5194484706158 420.0201549873305 423.07987464326834 421.38562761973014 -1.0 421.38562761973014 -1.0 1
67 0.0 nan 0.5 1.0 1.0 424.2765912917777 424.277491207836 431.9529752594075 423.7119772907806 433.5125756874124 424.45397474592806 -1.0 431.78579085391743 -1.0 11
68 nan 0.25 0.5 -1.0 1.0 434.6466240031255 434.6477239005301 435.29249709116107 434.04637999226617 436.8757009163849 434.8284403771184 1.0 434.8284403771184 1.0 1
69 1.0 nan 0.5 1.0 1.0 438.04640688055815 438.04737345706513 438.3138152707588 437.36910339093225 439.8903465752 438.1999258940524 -1.0 438.1999258940524 -1.0 1
70 nan 0.25 0.5 -1.0 1.0 441.12945263570765 441.1306858540097 441.54674704494516 440.40825324057334 443.11768186961973 441.3518985532197 1.0 441.3518985532197 1.0 1
71 nan 0.25 0.5 -1.0 1.0 444.17950146872096 444.1806346963499 444.56009930091614 443.6411850147597 446.1293022151793 444.31112252479755 -1.0 444.31112252479755 -1.0 1
72 0.25 nan 0.5 1.0 1.0 447.48932607055195 447.490292647059 447.7393360836263 446.65970345550954 449.3127343162586 447.6111813708852 -1.0 447.6111813708852 -1.0 1
73 0.125 nan 0.5 1.0 1.0 452.33064115241933 452.331574398702 453.07357185384944 449.8504391656308 454.64580490538424 452.2722465993056 -1.0 453.0567734207619 -1.0 2
74 nan 0.0625 0.5 1.0 -1.0 457.5921170428209 457.5932169402255 458.76617419660624 455.15741081231107 461.328750459752 457.7851657024299 -1.0 458.43213868786995 -1.0 3
75 0.0 nan 0.5 -1.0 -1.0 469.77164763575865 469.77278086338754 470.62176833879477 461.86495181766315 473.1789813976773 470.4477512373068 1.0 470.4477512373068 1.0 1
76 1.0 nan 0.5 1.0 1.0 476.20164786269845 476.2027144298786 476.4240271197618 473.9703893218041 477.9952290901607 476.31877027116974 -1.0 476.31877027116974 -1.0 1
77 0.125 nan 0.5 1.0 1.0 479.08767866153784 479.08867856826924 479.3696523597926 478.51483209511883 480.9419536399892 479.243297479168 -1.0 479.243297479168 -1.0 1
78 nan 0.125 0.5 1.0 -1.0 481.96231052363925 481.96331043037065 482.68064351947686 481.4754559361207 485.251714718251 482.1314280821433 -1.0 482.5617879393378 1.0 2
79 0.125 nan 0.5 1.0 1.0 486.3287365685405 486.32960315437435 486.67630414837504 485.78392072082505 488.2455376567201 486.50122047970694 -1.0 486.50122047970694 -1.0 1
80 nan 0.25 0.5 1.0 -1.0 490.22570640304946 490.22657298888333 490.5635748875894 488.79363998233856 493.12898233924994 490.4210548481406 -1.0 490.4210548481406 -1.0 1
81 nan 0.25 0.5 1.0 -1.0 494.2976932457778 494.29855983161167 494.70855492171 493.6663854657963 497.27902734573496 494.47331019803596 -1.0 494.47331019803596 -1.0 1
82 nan 0.25 0.5 1.0 -1.0 498.4675709575102 498.4685042037928 507.30278016638357 497.81083221632673 509.8757499246454 498.67138527959384 1.0 507.25748439145116 -1.0 6
83 nan 0.0 0.5 1.0 -1.0 511.01163421449183 511.0127341118964 511.84442320085043 510.4479534597774 514.4267959739946 511.25391161551005 -1.0 511.7815957278941 -1.0 2
84 nan 0.0 0.5 1.0 -1.0 515.5119477707275 515.5130143379076 515.781355974391 514.9489002902762 518.3624455102954 515.5388119315778 -1.0 515.5388119315778 -1.0 1
85 nan 1.0 0.5 1.0 -1.0 519.5785017868819 519.5793350424914 519.9213364748546 519.0374522545214 522.4857806086574 519.6999571245226 -1.0 519.6999571245226 -1.0 1
86 nan 0.25 0.5 -1.0 1.0 523.6118922297783 523.6129587969584 524.0437852772942 522.9910834704765 525.611417924311 523.8358713376118 1.0 523.8358713376118 1.0 1
87 nan 1.0 0.5 -1.0 1.0 527.1067329071426 527.1075994929764 527.3927395625473 526.1344236015294 528.973743139537 527.2641848871136 1.0 527.2641848871136 1.0 1
88 0.0 nan 0.5 1.0 1.0 530.1117859372429 530.1129191648719 530.6412698817435 529.4842444726164 532.2057705776356 530.4949168664909 -1.0 530.4949168664909 -1.0 1
89 1.0 nan 0.5 1.0 1.0 534.1451763801392 534.146209617095 534.4190175036453 532.7498731969195 535.9779182651271 534.2788639101274 -1.0 534.2788639101274 -1.0 1
90 nan 1.0 0.2 -1.0 1.0 537.241754206387 537.2428541037915 537.6094199115228 536.5109223764068 539.1779541051305 537.2742845053818 1.0 537.4159379589969 1.0 2
91 nan 0.0625 0.2 1.0 -1.0 540.1907457990802 540.1915123942409 540.7848237184293 539.6934588513307 543.344698243774 540.5973078760674 -1.0 540.5973078760674 -1.0 1
92 nan 0.0625 0.2 1.0 -1.0 544.904739423816 544.9058059909961 545.374795578247 543.8781018524634 547.9398360407579 545.0915553314659 -1.0 545.0915553314659 -1.0 1
93 nan 0.0625 0.2 1.0 -1.0 549.1282787968001 549.1291120524097 549.5741038781069 548.4893383954357 552.1283773133487 549.1889064749473 1.0 549.1889064749473 1.0 1
94 0.125 nan 0.2 1.0 1.0 553.8397726547074 553.8407725614388 554.1819074079681 552.6792809022448 555.7450053117469 554.0554525366704 -1.0 554.0554525366704 -1.0 1
95 nan 0.25 0.2 -1.0 1.0 557.5289285402072 557.5296951353679 558.1173403214116 556.3146084753708 559.6878569356318 557.7119448022777 1.0 557.9946517654688 1.0 2
96 1.0 nan 0.2 1.0 1.0 560.8615176852898 560.8623509408992 561.1231599466727 560.3513652709295 562.6783913223354 560.998371586594 -1.0 560.998371586594 -1.0 1
97 nan 0.125 0.2 -1.0 1.0 565.1196871614047 565.1206537379118 566.1174274282199 563.2347963122672 567.6779296940354 565.3220349536157 1.0 566.0231362234489 1.0 2
98 nan 1.0 0.2 -1.0 1.0 568.7931111809971 568.7939444366066 569.1584437704262 568.2166316201207 570.71107379522 568.9583957636975 1.0 568.9583957636975 1.0 1
99 nan 1.0 0.2 -1.0 1.0 571.8436266371517 571.8445932136588 572.1905942729475 571.2548815537035 573.7595961546517 572.0247097462083 1.0 572.0247097462083 1.0 1
100 nan 0.0 0.2 -1.0 1.0 574.7772863266301 574.7785528751565 575.1443187575026 574.3042971124536 576.719818276466 574.9122404051446 1.0 574.9122404051446 1.0 1
101 nan 0.125 0.2 1.0 -1.0 581.0780319434243 581.0788318688094 581.4634959883789 577.2585215503744 584.0468959070322 581.2952116854843 -1.0 581.2952116854843 -1.0 1
102 nan 1.0 0.2 -1.0 1.0 585.1782828164269 585.1791494022608 585.6224080562903 584.6244011476801 587.1781390112211 585.3128702624733 -1.0 585.3128702624733 -1.0 1
103 nan 1.0 0.2 -1.0 1.0 589.6262345901615 589.6271011759954 590.1413532079544 587.728344953516 591.6942868902076 589.7745874188769 1.0 590.1010236364546 1.0 2
104 nan 0.0625 0.2 1.0 -1.0 592.746810177963 592.7477434242456 593.3851173050642 592.2341913269986 595.9644232839574 593.1915686920896 -1.0 593.1915686920896 -1.0 1
105 nan 1.0 0.2 -1.0 1.0 597.9781222153007 597.9790554615832 598.3118577520175 596.5101258127082 599.8777584476281 598.1743372462257 1.0 598.1743372462257 1.0 1
106 0.0625 nan 0.2 1.0 1.0 600.9487451236165 600.9496783698991 601.4037693468522 600.4173613563262 602.9688862329248 601.0872322059154 -1.0 601.0872322059154 -1.0 1
107 0.0625 nan 0.2 1.0 1.0 604.2277059376715 604.2286391839542 604.8729124212196 603.6802903324545 606.4364417374567 604.6962622320056 -1.0 604.6962622320056 -1.0 1
108 nan 0.125 0.2 1.0 -1.0 609.8775789327733 609.8786121697291 613.2808948139901 606.9668504376683 615.8613300502909 610.1558529761219 1.0 613.176504551232 -1.0 3
109 nan 0.0625 0.2 1.0 -1.0 617.2178609177552 617.2188608244866 617.6291892168286 616.4430331915934 620.1943637206423 617.413442674417 -1.0 617.413442674417 -1.0 1
110 nan 1.0 0.2 -1.0 1.0 621.2222540654408 621.2231873117234 621.5636888839895 620.7384658585652 623.1440131791344 621.3554416420633 -1.0 621.3554416420633 -1.0 1
111 nan 0.125 0.2 1.0 -1.0 624.3818593459912 624.3828259224982 624.8591481591127 623.7026227033513 627.4329499559111 624.6509342474109 -1.0 624.6509342474109 -1.0 1
112 nan 0.0625 0.2 1.0 -1.0 628.6943237576212 628.6951236830063 629.1234503965136 628.0223531038961 631.7008903567622 628.9460336121389 -1.0 628.9460336121389 -1.0 1
113 nan 0.25 0.2 -1.0 1.0 632.8443699858475 632.8454032228033 633.2013033587328 632.2448925701489 634.7956310459582 633.0352521808717 1.0 633.0352521808717 1.0 1
114 nan 0.0625 0.2 -1.0 1.0 636.3611752810782 636.3620418669121 637.0093481545961 635.3434368796351 638.5773492804052 636.5494577186008 1.0 636.5494577186008 1.0 1
115 0.25 nan 0.2 1.0 1.0 639.7808896326901 639.782022860319 640.0863611391328 639.1433491007496 641.6604883998101 639.9552400364219 -1.0 639.9552400364219 -1.0 1
116 nan 0.25 0.2 -1.0 1.0 642.8068740437011 642.8076739690862 643.1232112032916 642.2177956580091 644.7059107581066 642.9967230017695 1.0 642.9967230017695 1.0 1
117 nan 0.25 0.2 -1.0 1.0 645.810493874153 645.8112937995381 646.1546284408765 645.2599118976199 647.7699505718269 645.9784448748038 1.0 645.9784448748038 1.0 1
118 nan 0.0625 0.2 -1.0 1.0 648.9268365234582 648.9276031186189 649.2770705212432 648.3402579045946 650.8569816230329 649.1092528414899 1.0 649.1092528414899 1.0 1
119 nan 0.0625 0.2 -1.0 1.0 652.360582899534 652.3615828062655 653.0912147481679 651.6082864050531 654.6609103148267 652.6083931177993 1.0 652.9268967419745 1.0 2
120 0.125 nan 0.2 1.0 1.0 655.7708981278707 655.7718980346021 656.176326977229 655.2603124205936 657.7441555556744 655.9876779072382 -1.0 655.9876779072382 -1.0 1
121 0.125 nan 0.2 1.0 1.0 662.3549506518949 662.3558172377287 662.6520896022425 658.2930628671537 664.2273162115118 662.5018036205131 -1.0 662.5018036205131 -1.0 1
122 nan 0.0 0.2 -1.0 1.0 665.4484620974997 665.4494620042311 669.8582840945437 664.823720371721 671.4640082379863 666.0057434491332 -1.0 669.7423615741501 1.0 5
123 nan 1.0 0.2 -1.0 1.0 672.7438482702418 672.7447481863 673.1022148427754 672.0414137914333 674.6772417896032 672.9030667521049 1.0 672.9030667521049 1.0 1
124 1.0 nan 0.2 1.0 1.0 677.3229211466873 677.3237544022968 677.67945455688 675.2732456682152 679.2444834485752 677.2757588791897 -1.0 677.2757588791897 -1.0 1
125 nan 0.25 0.2 -1.0 1.0 680.9222854077074 680.9233186446631 681.6943800554699 679.8257876860542 683.2771089169381 681.0927361751866 1.0 681.5821571899825 1.0 2
126 0.0625 nan 0.2 1.0 1.0 684.3604313734013 684.3612979592351 684.8834159241478 683.8706103959129 686.4438429332083 684.6902672738657 -1.0 684.6902672738657 -1.0 1
127 nan 0.125 0.2 1.0 -1.0 687.5509337719519 687.5519336786833 687.8652711180796 687.0408480180405 690.4409731034148 687.6835547347599 -1.0 687.6835547347599 -1.0 1
128 nan 1.0 0.2 -1.0 1.0 691.7267109333995 691.7275775192335 692.3455198792385 691.0381751581576 693.9109159955842 691.9277255166353 1.0 692.242329504558 1.0 2
129 nan 1.0 0.2 -1.0 1.0 695.0223035294202 695.0232034454785 695.3256419015026 694.4827205269326 696.8931402253289 695.1845217314777 1.0 695.1845217314777 1.0 1
130 1.0 nan 0.2 1.0 1.0 698.124747475159 698.1258473725635 698.4742815382319 697.4642424186206 700.0436753721324 698.3023642408799 -1.0 698.3023642408799 -1.0 1
131 nan 0.125 0.2 -1.0 1.0 701.3242490342922 701.3251489503505 701.7440098801338 700.6209812998743 703.3104138048527 701.519830790954 1.0 701.519830790954 1.0 1
132 nan 1.0 0.2 -1.0 1.0 706.8652988467932 706.8660987721782 707.2810600657092 704.1133222104102 708.8434869812198 707.0165180748052 1.0 707.0165180748052 1.0 1
133 nan 0.0625 0.2 1.0 -1.0 710.6229816736181 710.6240815710227 711.0147451309806 709.4305928964238 713.5970174147174 710.830495650608 -1.0 710.830495650608 -1.0 1
134 0.25 nan 0.2 1.0 1.0 714.6435066499038 714.6443732357377 715.0329369915596 714.1711173797661 716.5934611735531 714.8484541996164 -1.0 714.8484541996164 -1.0 1
135 nan 0.125 0.2 -1.0 1.0 717.8766384054364 717.8776716423922 718.8064850051895 717.1868694118924 720.3768842524925 718.1239820005603 -1.0 718.768721860967 1.0 3
136 nan 1.0 0.2 -1.0 1.0 721.4582043266375 721.4593042240421 721.8082050128519 720.9551845802946 723.37742984514 721.6441536484535 1.0 721.6441536484535 1.0 1
137 nan 0.0625 0.2 -1.0 1.0 724.7128007466708 724.7136340022804 725.1536262943207 723.9544381513529 726.738654181075 724.9025497140661 1.0 724.9025497140661 1.0 1
138 0.25 nan 0.2 1.0 1.0 727.9097692087512 727.9109357666046 728.2400717323569 727.3448552357347 729.8324945213866 728.0895857692813 -1.0 728.0895857692813 -1.0 1
139 nan 0.0 0.2 -1.0 1.0 731.1931962728733 731.194229509829 732.309225506013 730.4237013826123 733.8871216889253 731.4341071346919 1.0 732.2089681910779 1.0 2
140 0.25 nan 0.2 1.0 1.0 735.7099749599527 735.7108748760108 736.3177516015219 734.4820228333449 737.8932741955999 736.2102949581207 -1.0 736.2102949581207 -1.0 1
141 nan 1.0 0.8 1.0 -1.0 739.143421364009 739.1448545636574 739.5508500268301 738.4944818953305 742.1321149162532 739.3410029341336 -1.0 739.3410029341336 -1.0 1
142 nan 0.125 0.8 -1.0 1.0 743.4604186861548 743.4614519231105 744.279242308498 742.7395192630398 745.8701379855294 743.6761652285664 1.0 743.8231181878579 -1.0 2
143 0.25 nan 0.8 1.0 1.0 747.0265527134679 747.0274526295261 747.3677542204459 746.4556393000629 748.9262804087208 747.0814142627974 1.0 747.0814142627974 1.0 1
144 0.125 nan 0.8 1.0 1.0 750.0145073384613 750.0154072545196 750.3244784251953 749.5015885154776 751.9135165465789 750.1785587028596 -1.0 750.1785587028596 -1.0 1
145 0.0625 nan 0.8 1.0 1.0 753.2599712770145 753.261071174419 753.6216375417619 752.7014233768546 755.1934347135954 753.4447540409772 -1.0 753.4447540409772 -1.0 1
146 0.25 nan 0.8 1.0 1.0 756.5820614014174 756.5833612801681 756.9014649416508 755.7959347291908 758.4593608600441 756.737813539945 -1.0 756.737813539945 -1.0 1
147 nan 0.25 0.8 1.0 -1.0 759.6947043958163 759.6956709723233 760.4136706659172 759.0509644421411 762.9764283181383 760.0121747830358 1.0 760.0121747830358 1.0 1
148 nan 1.0 0.8 -1.0 1.0 765.02407395328 765.0249738693382 765.6280509492698 763.6364367216676 767.20767454844 765.2483863633573 1.0 765.5161613860262 1.0 2
149 nan 0.125 0.8 1.0 -1.0 768.7433936918436 768.7442602776774 769.2956088493713 767.8212797041466 771.8596115766242 769.14112325937 -1.0 769.14112325937 -1.0 1
150 1.0 nan 0.8 1.0 1.0 773.073089829478 773.0738897548631 773.2874365024658 772.4552141299216 774.8521328266861 773.1555488045941 -1.0 773.1555488045941 -1.0 1
151 0.25 nan 0.8 1.0 1.0 776.1265383453781 776.1275382521095 776.3937467542326 775.4479349770014 777.9598703582503 776.2722580863674 -1.0 776.2722580863674 -1.0 1
152 0.25 nan 0.8 1.0 1.0 779.3020754731821 779.3031753705866 779.6145796569689 778.5758765443908 781.1765056304232 779.451961492219 -1.0 779.451961492219 -1.0 1
153 1.0 nan 0.8 1.0 1.0 782.4418826004508 782.4428158467334 782.6941257385586 781.7905100253925 784.2758468174204 782.5753034886438 -1.0 782.5753034886438 -1.0 1
154 0.25 nan 0.8 1.0 1.0 785.6098537673205 785.6107870136032 785.8852614113724 784.8977535234419 787.4428603211973 785.7715053555635 -1.0 785.7715053555635 -1.0 1
155 nan 0.0 0.8 1.0 -1.0 788.7890905500307 788.7900904567621 789.0810966458238 788.0502594661993 791.6431245359295 788.9276442927783 -1.0 788.9276442927783 -1.0 1
156 0.0625 nan 0.8 1.0 1.0 792.7732522515178 792.7740855071272 793.0798236553649 792.251834221317 794.6430527256086 792.9364703603065 -1.0 792.9364703603065 -1.0 1
157 0.0 nan 0.8 1.0 1.0 795.9701207229249 795.9710539692076 796.3456523610143 795.243955124358 797.9131815318991 796.1459376565294 -1.0 796.1459376565294 -1.0 1
158 nan 0.0625 0.8 1.0 -1.0 799.0427007876191 799.0437006943505 799.4646947584943 798.4984848839425 802.0261096440116 799.2829117147257 -1.0 799.2829117147257 -1.0 1
159 0.125 nan 0.8 1.0 1.0 804.5266892559815 804.5276891627129 804.7934310416947 802.8459127009472 806.3590546197187 804.6699425603667 -1.0 804.6699425603667 -1.0 1
160 0.0 nan 0.8 1.0 1.0 807.5191434612663 807.5199433866513 807.9673683187284 806.9758608038724 809.5211935600761 807.7875517581983 -1.0 807.7875517581983 -1.0 1
161 0.0625 nan 0.8 1.0 1.0 811.0765449697918 811.077611536972 811.503805116119 810.1372992467636 813.0591345983787 811.332154460562 -1.0 811.332154460562 -1.0 1
162 0.125 nan 0.8 1.0 1.0 814.3791369129324 814.3802368103369 814.7003402852824 813.6396392246135 816.2691685183866 814.5641529884657 -1.0 814.5641529884657 -1.0 1
163 0.125 nan 0.8 1.0 1.0 817.8096835874677 817.8105501733016 818.1191880510604 816.8553726030198 819.6841858874808 817.9804009967421 -1.0 817.9804009967421 -1.0 1
164 nan 1.0 0.8 1.0 -1.0 821.3096571193867 821.3105237052205 821.603529707745 820.2823862737708 824.1597291883157 821.3254223155184 -1.0 821.3254223155184 -1.0 1
165 0.25 nan 0.8 1.0 1.0 825.6361535554806 825.637153462212 825.9495576553256 824.7769337011887 827.5092766790062 825.7857729327224 -1.0 825.7857729327224 -1.0 1
166 0.125 nan 0.8 1.0 1.0 828.9131812165217 828.9141144628043 829.7118067228907 828.1633844888693 831.2755285883426 829.1189620218438 -1.0 829.6514456865385 -1.0 2
167 nan 0.0 0.8 1.0 -1.0 832.5476088735894 832.548442129199 832.9707694023178 831.9085351513274 835.5255672818254 832.7410908261153 -1.0 832.7410908261153 -1.0 1
168 0.0 nan 0.8 1.0 1.0 836.6866561277703 836.6877226949505 836.9674632681717 836.1634715956776 838.5392892229361 836.8419416431567 -1.0 836.8419416431567 -1.0 1
169 0.125 nan 0.8 1.0 1.0 839.725939298309 839.7271058561622 840.0501090606288 839.1651916033398 841.6253291784799 839.9036227244786 -1.0 839.9036227244786 -1.0 1
170 0.0 nan 0.8 1.0 1.0 844.4791959273643 844.4800291829739 845.151566543782 842.2498372092597 846.7589859093587 844.6566460419634 -1.0 845.0983715056715 -1.0 2
171 0.25 nan 0.8 1.0 1.0 847.8586473679252 847.8596472746566 848.120889573347 847.3947906352288 849.6921127657146 847.9906017262456 -1.0 847.9906017262456 -1.0 1
172 nan 0.0625 0.8 1.0 -1.0 851.10214482324 851.1029447486251 851.4192819082157 850.3250173115961 853.999240286785 851.2480978758 -1.0 851.2480978758 -1.0 1
173 1.0 nan 0.8 1.0 1.0 855.3587811090334 855.3599143366624 855.68125102991 854.7128413605492 857.2792750429979 855.5319316246876 -1.0 855.5319316246876 -1.0 1
174 1.0 nan 0.8 1.0 1.0 859.1424281806505 859.1435614082794 859.4288014685234 858.1876839032856 861.0237208736091 859.3176451702161 -1.0 859.3176451702161 -1.0 1
175 0.125 nan 0.8 1.0 1.0 862.2751359701263 862.2762025373064 862.5905398834341 861.6575269123649 864.1672614193932 862.4529193869691 -1.0 862.4529193869691 -1.0 1
176 0.125 nan 0.8 1.0 1.0 865.4917359343664 865.4928358317709 865.8462695310964 864.7859684331199 867.4381902001585 865.6911839970562 -1.0 865.6911839970562 -1.0 1
177 0.0625 nan 0.8 1.0 1.0 868.7587311978691 868.7598310952736 869.1659932095682 868.0827942474427 870.7418163207385 868.9813770967274 -1.0 868.9813770967274 -1.0 1
178 0.125 nan 0.8 1.0 1.0 871.9882299589443 871.9891298750025 872.3344309995792 871.3765203508982 873.920347337614 872.1829117995478 -1.0 872.1829117995478 -1.0 1
179 1.0 nan 0.8 1.0 1.0 875.2751566966263 875.2761232731333 875.5788617011767 874.5973532536347 877.1586821586869 875.4084775941462 -1.0 875.4084775941462 -1.0 1
180 0.0 nan 0.8 1.0 1.0 878.5712492460127 878.5724491340903 879.2160890970924 877.8067872196331 880.7926118485335 878.8286585688994 -1.0 879.1501619132688 -1.0 2
181 0.0625 nan 0.8 1.0 1.0 882.0502580667966 882.0514246246498 882.2711374637628 881.4324156974645 883.8415546724931 882.1277841687044 -1.0 882.1277841687044 -1.0 1
182 0.0625 nan 0.8 1.0 1.0 885.0936408549338 885.094707422114 885.5236674098845 884.4985630288534 887.1132882896048 885.3435175471107 -1.0 885.3435175471107 -1.0 1
183 0.125 nan 0.8 1.0 1.0 888.2586123016093 888.2596788687896 888.5055892642652 887.7609920516161 890.0756113046374 888.3904000088079 -1.0 888.3904000088079 -1.0 1
184 0.25 nan 0.8 1.0 1.0 892.0403928806611 892.0413261269438 892.3160338362836 890.7392142510905 893.9073501888815 892.1704474161919 -1.0 892.1704474161919 -1.0 1
185 0.125 nan 0.8 1.0 1.0 897.0419930115719 897.0429595880789 897.3247999654361 894.5857554561126 898.9113130508025 897.1895459149022 -1.0 897.1895459149022 -1.0 1
186 0.25 nan 0.8 1.0 1.0 900.5254680824227 900.5265679798272 900.9013330227558 899.601620923058 902.4993522479893 900.75381344965 -1.0 900.75381344965 -1.0 1
187 1.0 nan 0.8 1.0 1.0 915.0920760152312 915.0931425824114 915.3514518213564 903.1456570116072 916.9423989003412 915.2395289278883 -1.0 915.2395289278883 -1.0 1
188 nan 0.0625 0.8 1.0 -1.0 918.1756217237464 918.1764549793559 922.0024314359355 917.6501040759471 924.5833588086377 921.8648442696949 -1.0 921.8648442696949 -1.0 1
189 nan 0.0 0.8 1.0 -1.0 925.8580051317646 925.8590383687203 926.2413693725832 925.2496618763809 928.8233044561416 926.068552159173 -1.0 926.068552159173 -1.0 1
190 nan 0.0625 0.8 1.0 -1.0 930.2077993947001 930.2086659805341 930.5003387740834 929.7097125215655 933.0752359375934 930.3642181377155 -1.0 930.3642181377155 -1.0 1
191 0.0625 nan 0.8 1.0 1.0 934.3133497733792 934.3143163498862 934.6663501797876 933.7241380667896 936.250367636049 934.5335958960821 -1.0 934.5335958960821 -1.0 1
192 nan 0.125 0.8 -1.0 1.0 938.6747096241746 938.6756095402328 939.1824955926038 936.9259727416294 940.7583158730109 939.0458083424214 1.0 939.0458083424214 1.0 1
193 0.0625 nan 0.8 1.0 1.0 941.9313391878951 941.9322391039534 942.331735173372 941.4127208965424 943.9037534393415 942.19771434114 -1.0 942.19771434114 -1.0 1
194 0.0625 nan 0.8 1.0 1.0 945.1080095433281 945.1089094593863 946.0715863301537 944.5591607384627 947.6624058302787 945.6578249247004 1.0 945.6578249247004 1.0 1
195 nan 0.0625 0.8 1.0 -1.0 948.8750248329794 948.8761913908328 949.412841333575 948.3011116993803 951.9914364257302 949.2448570026999 -1.0 949.2448570026999 -1.0 1
196 0.0 nan 0.8 1.0 1.0 953.3581066632106 953.3592065606151 953.4465650787151 952.6590385370646 955.0083553778195 953.3038783881444 -1.0 953.3038783881444 -1.0 1
197 0.125 nan 0.8 1.0 1.0 957.0693604874743 957.0704603848789 957.368699232631 955.6712575654067 958.95041537747 957.2280123555231 -1.0 957.2280123555231 -1.0 1
198 1.0 nan 0.8 1.0 1.0 960.0746468291453 960.0757467265498 960.3522209377819 959.6000244339741 961.9384429893314 960.2217331093342 -1.0 960.2217331093342 -1.0 1
199 0.0625 nan 0.8 1.0 1.0 963.2912134631611 963.292080048995 963.5968516207256 962.602144404329 965.15806768994 963.4357333160727 -1.0 963.4357333160727 -1.0 1
200 0.25 nan 0.8 1.0 1.0 966.3623936584313 966.3633602349383 966.6691983738491 965.8729726436354 968.2544118442415 966.5325111236668 -1.0 966.5325111236668 -1.0 1
201 0.0625 nan 0.8 1.0 1.0 969.5905925407557 969.5916924381602 970.1036113544126 968.9313207025194 971.6743341594878 969.9095627880722 -1.0 969.9095627880722 -1.0 1
202 0.0 nan 0.8 1.0 1.0 973.124896203786 973.1259961011905 973.7349726308374 972.3517349888432 975.3077603474404 973.5518230478693 -1.0 973.5518230478693 -1.0 1
203 nan 0.0625 0.8 1.0 -1.0 976.9884024930175 976.9892690788513 978.2169212334396 975.9756636252313 980.7746143828765 978.0250058014597 -1.0 978.0250058014597 -1.0 1
204 0.25 nan 0.8 1.0 1.0 982.0399313000495 982.0408978765564 982.168652626605 981.4540192856736 983.7688651700515 982.0047012528797 -1.0 982.0047012528797 -1.0 1
205 nan 0.0 0.8 1.0 -1.0 987.6912708250238 987.6921707410821 988.2585179137469 984.4239755895017 990.8240211464531 987.9176497090127 -1.0 987.9176497090127 -1.0 1
206 0.25 nan 0.8 1.0 1.0 992.3495696448207 992.3504695608789 992.5588501237027 991.751225456751 994.1244665895256 992.3921990018026 -1.0 992.3921990018026 -1.0 1
207 nan 0.25 0.2 -1.0 1.0 997.0700293330862 997.0710959002663 997.5697160569911 994.7879755302367 999.1539306691185 997.2557120131071 1.0 997.2557120131071 1.0 1
208 nan 1.0 0.2 1.0 -1.0 1000.6241311493982 1000.6250643956809 1000.8954391758513 999.8457370892278 1003.4573658870326 1000.7693509370218 -1.0 1000.7693509370218 -1.0 1
209 nan 1.0 0.2 -1.0 1.0 1004.708450175147 1004.7093834214297 1005.0716829604403 1004.1490690193776 1006.6636975726307 1004.8740013996426 1.0 1004.8740013996426 1.0 1
210 0.25 nan 0.2 1.0 1.0 1007.9576804290552 1007.9586803357867 1008.3515103603293 1007.3496038154666 1009.9285281459487 1008.2149897612688 -1.0 1008.2149897612688 -1.0 1
211 nan 1.0 0.2 -1.0 1.0 1011.1908121845879 1011.1916454401974 1011.5048495586963 1010.6072332859186 1013.0935639738617 1011.3553301721275 1.0 1011.3553301721275 1.0 1
212 0.0625 nan 0.2 1.0 1.0 1015.4410823975248 1015.4419489833588 1015.828179623474 1013.7847702271854 1017.3964981405734 1015.6651281658071 -1.0 1015.6651281658071 -1.0 1
213 nan 0.125 0.2 1.0 -1.0 1018.6740808321599 1018.6749140877695 1019.0165822178888 1018.098601178015 1021.6160398284975 1018.6697145727662 -1.0 1018.9950508929393 -1.0 2
214 0.0 nan 0.2 1.0 1.0 1024.2579599829892 1024.2588598990476 1029.1608359892864 1022.2774447201056 1030.7215224647614 1024.3975136324682 1.0 1028.9184919278196 1.0 4
215 nan 0.125 0.2 1.0 -1.0 1032.5737176449004 1032.574817542305 1032.8754561662124 1031.4056266012792 1035.42437960279 1032.7301697181401 -1.0 1032.7301697181401 -1.0 1
216 1.0 nan 0.2 1.0 1.0 1038.1705289227891 1038.1714288388473 1038.41480613727 1036.1145873621335 1039.9571259321433 1038.3040831318797 -1.0 1038.3040831318797 -1.0 1
217 nan 0.0 0.2 1.0 -1.0 1041.1465179972301 1041.1474179132883 1041.566745466213 1040.6526307323672 1044.1237711101708 1041.3831292601037 -1.0 1041.3831292601037 -1.0 1
218 0.125 nan 0.2 1.0 1.0 1047.2555148331662 1047.2563480887757 1048.1001027189552 1044.8059766528072 1049.671617002177 1047.4111003205721 -1.0 1047.982380366445 -1.0 2
219 nan 1.0 0.2 -1.0 1.0 1051.3573988871633 1051.358332133446 1051.9818406409227 1050.407720803904 1053.5409554303849 1051.5526806718058 1.0 1051.941611060096 1.0 3
220 0.125 nan 0.2 1.0 1.0 1055.0115247068397 1055.0126246042444 1055.5086783336917 1054.2653609736449 1057.0741953933834 1055.2122726482805 -1.0 1055.4375183046404 -1.0 2
221 nan 0.25 0.2 -1.0 1.0 1058.3835435073638 1058.384610074544 1058.7571086622147 1057.7539022386013 1060.3233285572305 1058.5872911689987 1.0 1058.5872911689987 1.0 1
222 0.25 nan 0.2 1.0 1.0 1062.1665573047176 1062.167557211449 1062.4561636243554 1060.9860340874025 1064.0234787421296 1062.3156767285936 -1.0 1062.3156767285936 -1.0 1
223 nan 0.25 0.2 -1.0 1.0 1065.2547025841973 1065.2555358398067 1065.5742727755526 1064.7110866245596 1067.1403147730266 1065.4383521205311 1.0 1065.4383521205311 1.0 1
224 1.0 nan 0.2 1.0 1.0 1069.9815616755438 1069.9824949218264 1070.2811337322712 1068.235324559827 1071.8666533000016 1070.1307477598687 -1.0 1070.1307477598687 -1.0 1
225 nan 0.25 0.2 -1.0 1.0 1073.0408763109347 1073.0418095572174 1073.3704788998284 1072.5410562661323 1074.9401919908566 1073.0745731677828 1.0 1073.0745731677828 1.0 1
226 nan 0.25 0.2 -1.0 1.0 1076.57947957291 1076.580446149417 1076.9707097466824 1075.6373007901364 1078.5406277855814 1076.747897196702 1.0 1076.747897196702 1.0 1
227 nan 0.0625 0.2 1.0 -1.0 1082.9187215988632 1082.9197215055945 1083.271055400784 1079.2337319914109 1085.8667052379344 1083.0664744835397 -1.0 1083.0664744835397 -1.0 1
228 nan 0.25 0.2 -1.0 1.0 1087.3069456105088 1087.3083454799328 1087.5915190662652 1086.604211159681 1089.1733347497293 1087.4794295216752 1.0 1087.4794295216752 1.0 1
229 0.125 nan 0.2 1.0 1.0 1090.4113227092616 1090.412322615993 1090.724326846414 1089.8824387087998 1092.3146732983862 1090.5738742135627 -1.0 1090.5738742135627 -1.0 1
230 nan 1.0 0.2 -1.0 1.0 1093.5403641740554 1093.5412974203382 1093.8471688894733 1092.9977814513736 1095.4234891977128 1093.7099150254764 1.0 1093.7099150254764 1.0 1
231 1.0 nan 0.2 1.0 1.0 1096.8095925625917 1096.8106257995473 1097.0886998615497 1096.1312891662344 1098.6569156911614 1096.9557789267224 -1.0 1096.9557789267224 -1.0 1
232 nan 1.0 0.2 -1.0 1.0 1099.8890719837325 1099.8899385695663 1100.1684459244857 1099.367920595327 1101.7404584710073 1100.0365915568384 1.0 1100.0365915568384 1.0 1
233 nan 0.125 0.2 -1.0 1.0 1102.971051171702 1102.9718844273114 1103.3209851974673 1102.4337679546963 1104.8901014123626 1103.155167331177 1.0 1103.155167331177 1.0 1
234 nan 0.125 0.2 -1.0 1.0 1109.63282977898 1109.6338296857116 1110.14944825687 1105.57330844017 1111.7326627767359 1109.826845015096 1.0 1109.826845015096 1.0 1
235 nan 0.125 0.2 -1.0 1.0 1113.640389297982 1113.6414891953864 1113.884766503136 1112.451266882777 1115.4696850937519 1113.6562211545624 1.0 1113.6562211545624 1.0 1
236 nan 0.0625 0.2 -1.0 1.0 1116.6564079719033 1116.6574412088592 1117.5431252613087 1116.1681868451851 1119.123137137973 1116.7993279740447 1.0 1117.5404588433582 1.0 3
237 0.125 nan 0.2 -1.0 -1.0 1120.7276615496953 1120.7287614470997 1121.1344236080288 1119.8284454261475 1123.7062802273242 1120.875614415718 1.0 1120.875614415718 1.0 1
238 nan 0.0625 0.2 1.0 -1.0 1125.8310188556381 1125.832052092594 1126.1526888511296 1124.4154842262199 1128.7459394391342 1125.9731722626188 -1.0 1125.9731722626188 -1.0 1
239 nan 0.0 0.2 -1.0 1.0 1130.23907435079 1130.2400075970727 1130.506349420093 1129.467646307515 1132.0787660581095 1130.3785280095958 1.0 1130.3785280095958 1.0 1
240 nan 0.0625 0.2 -1.0 1.0 1133.2900230998616 1133.2909896763686 1133.6221921160327 1132.7984689507055 1135.2046027621213 1133.4877379908837 1.0 1133.4877379908837 1.0 1
241 nan 1.0 0.2 -1.0 1.0 1138.406412523537 1138.4072791093708 1138.683919971725 1135.9284103315576 1140.263738426243 1138.5543987197843 1.0 1138.5543987197843 1.0 1
242 0.0625 nan 0.2 1.0 1.0 1141.4727265060478 1141.4735930918816 1141.8904542082023 1140.9638406402141 1143.4717708481567 1141.7207367056594 -1.0 1141.7207367056594 -1.0 1
243 nan 0.0 0.2 1.0 -1.0 1144.9730000099862 1144.97386659582 1145.297869707018 1144.4717800957599 1147.9067201423595 1145.1164532957175 -1.0 1145.1164532957175 -1.0 1
244 nan 0.0625 0.2 1.0 -1.0 1149.4733802266705 1149.4745134542995 1149.7908839441143 1148.6243260908145 1152.3687709722283 1149.521575731124 1.0 1149.6033347715281 -1.0 2
245 0.125 nan 0.2 1.0 1.0 1154.2393023409904 1154.2401355965999 1154.667995686966 1153.082076950517 1156.2610091080237 1154.3814890781955 1.0 1154.3814890781955 1.0 1
246 nan 0.125 0.2 1.0 -1.0 1158.6394919031884 1158.6404251494712 1158.8924349760082 1156.9723140797012 1161.4767561197496 1158.7767457671853 -1.0 1158.7767457671853 -1.0 1
247 nan 0.0625 0.2 1.0 -1.0 1162.9729876864023 1162.9740542535824 1163.3343873093545 1162.1925604825446 1165.9062072478903 1163.186367782883 -1.0 1163.186367782883 -1.0 1
248 nan 0.25 0.2 -1.0 1.0 1167.8328677032493 1167.8337009588588 1168.0470143948908 1166.6230138884798 1169.6418561087687 1167.9074940756361 1.0 1167.9074940756361 1.0 1
249 nan 0.0 0.2 1.0 -1.0 1170.9564096810204 1170.9573429273032 1171.2999776339295 1170.365964756129 1173.8730000586813 1171.160890607592 -1.0 1171.160890607592 -1.0 1
250 nan 1.0 0.2 -1.0 1.0 1175.8377543623683 1175.838620948202 1176.1437258221767 1174.5804049778574 1177.7060410274232 1175.9863738328786 1.0 1175.9863738328786 1.0 1
251 nan 1.0 0.2 -1.0 1.0 1178.8837369080072 1178.884603493841 1179.2573353930827 1178.4106477031576 1180.8229560721977 1179.0574873677 1.0 1179.0574873677 1.0 1
252 nan 1.0 0.2 -1.0 1.0 1182.1887619575275 1182.1895618829126 1182.5587607783698 1181.535256248109 1184.1358030521956 1182.3463472583962 1.0 1182.3463472583962 1.0 1
253 nan 0.25 0.2 -1.0 1.0 1185.4895540685516 1185.4905206450585 1185.8867170222636 1184.864912333446 1187.4561335623875 1185.6323074195711 1.0 1185.6323074195711 1.0 1
254 nan 0.0625 0.2 -1.0 1.0 1188.7507832032366 1188.7518497704166 1189.163944664651 1188.1751368979697 1190.7599576006915 1188.9121014892357 1.0 1188.9121014892357 1.0 1
255 0.125 nan 0.2 1.0 1.0 1192.1720974056186 1192.1731973030232 1192.583759006936 1191.4914608935546 1194.183599348748 1192.3898104312686 -1.0 1192.3898104312686 -1.0 1
256 1.0 nan 0.8 1.0 1.0 1195.4721895819307 1195.4731228282133 1195.737198195976 1194.9147082489508 1197.3058165471855 1195.6076102835866 -1.0 1195.6076102835866 -1.0 1
257 0.25 nan 0.8 1.0 1.0 1199.5857725446851 1199.5867391211923 1199.912042111141 1198.0290177545687 1201.4878535099165 1199.7499238997566 -1.0 1199.7499238997566 -1.0 1
258 0.25 nan 0.8 1.0 1.0 1202.9726899555071 1202.973723192463 1203.3311898489385 1202.232558992925 1204.9063012372765 1203.1541063668076 -1.0 1203.1541063668076 -1.0 1
259 0.25 nan 0.8 1.0 1.0 1206.5827865487774 1206.5836864648359 1207.3216176326089 1205.6173099391622 1208.9108322769735 1206.7477711594586 -1.0 1207.2413917825263 -1.0 2
260 nan 0.25 0.8 1.0 -1.0 1210.222547041746 1210.2236469391507 1210.929314449724 1209.639334775545 1213.4988949228184 1210.4088296658058 1.0 1210.4088296658058 1.0 1
261 1.0 nan 0.8 1.0 1.0 1216.8059996217314 1216.806932868014 1217.1306360071926 1214.2543043036478 1218.7047469930644 1216.963851564395 -1.0 1216.963851564395 -1.0 1
262 0.25 nan 0.8 1.0 1.0 1220.1722856236622 1220.1732522001691 1220.4620585944217 1219.4518528236886 1222.0491727306846 1220.326204599849 -1.0 1220.326204599849 -1.0 1
263 nan 0.0625 0.8 -1.0 1.0 1223.8554087385492 1223.856541966178 1224.6451017447844 1222.7766760264906 1226.2129142705312 1224.1057853840916 -1.0 1224.429655174392 1.0 2
264 1.0 nan 0.8 1.0 1.0 1228.0724487177793 1228.0735152849593 1228.3400237591018 1227.2714234352547 1229.905766936335 1228.0604498370024 1.0 1228.202869885778 -1.0 2
265 0.0625 nan 0.8 1.0 1.0 1231.7338405263704 1231.7348404331017 1232.2098627909654 1230.6343764147475 1233.7869091535879 1231.9537533468294 1.0 1232.0340791875853 -1.0 2
266 0.25 nan 0.8 1.0 1.0 1235.0056353421837 1235.0064685977932 1235.3340047127756 1234.5288131522036 1236.9361196974596 1235.1774193186382 -1.0 1235.1774193186382 -1.0 1
267 0.125 nan 0.8 1.0 1.0 1239.9393751362568 1239.940441703437 1240.261545085114 1237.681219104288 1241.8222840455958 1240.1394898034343 -1.0 1240.1394898034343 -1.0 1
268 0.125 nan 0.8 1.0 1.0 1243.6838591942274 1243.6847257800612 1244.0271938355656 1242.5977938328053 1245.6149086723767 1243.8426443831736 -1.0 1243.8426443831736 -1.0 1
269 nan 1.0 0.8 -1.0 1.0 1246.821899819604 1246.822699744989 1247.1575351791105 1246.357209831298 1248.7259460585453 1247.0278472760479 1.0 1247.0278472760479 1.0 1
270 nan 0.125 0.8 1.0 -1.0 1250.1393237125935 1250.1403569495494 1250.503356423272 1249.4514545418392 1253.0721786084118 1250.3326056837732 -1.0 1250.3326056837732 -1.0 1
271 1.0 nan 0.8 1.0 1.0 1254.8542839138363 1254.8553171507922 1255.1168260912775 1253.8121811183714 1256.6725306488624 1254.9816387011924 -1.0 1254.9816387011924 -1.0 1
272 0.0625 nan 0.8 1.0 1.0 1258.5818695480461 1258.5829361152264 1259.0319608980737 1257.4520416020132 1260.5723722686896 1258.900073200202 -1.0 1258.900073200202 -1.0 1
273 1.0 nan 0.8 1.0 1.0 1262.0663445256284 1262.0672444416866 1262.3033890814188 1261.3460783767766 1263.869001764797 1262.1848334732992 -1.0 1262.1848334732992 -1.0 1
274 0.0625 nan 0.8 1.0 1.0 1265.4382966657038 1265.4392299119863 1265.8850216630688 1264.619006420219 1267.4729327174073 1265.5389872735557 -1.0 1265.5389872735557 -1.0 1
275 0.25 nan 0.8 1.0 1.0 1269.6050746665687 1269.6062078941977 1269.884448607322 1268.211338003895 1271.438764279044 1269.6269726239864 1.0 1269.6269726239864 1.0 1
276 0.125 nan 0.8 1.0 1.0 1272.8939012270403 1272.894834473323 1273.16297612846 1272.1773680633191 1274.7251132816473 1273.0202894378892 -1.0 1273.0202894378892 -1.0 1
277 1.0 nan 0.8 1.0 1.0 1275.9549823643235 1275.955815619933 1276.2138248868584 1275.5034244844232 1277.7779379448466 1276.0833370584107 -1.0 1276.0833370584107 -1.0 1
278 0.125 nan 0.8 1.0 1.0 1279.3722636095556 1279.3731301953894 1279.6443715613939 1278.5446408079758 1281.1929797776743 1279.5110173336495 -1.0 1279.5110173336495 -1.0 1
279 0.25 nan 0.8 1.0 1.0 1282.5378683304943 1282.5387682465525 1282.8390069077675 1281.9731876690485 1284.407216195086 1282.6746222411255 -1.0 1282.6746222411255 -1.0 1
280 0.0625 nan 0.8 1.0 1.0 1285.655477528326 1285.6564107746085 1285.9753143614764 1285.1729225397523 1287.5360324931112 1285.7758662987865 -1.0 1285.7758662987865 -1.0 1
281 nan 1.0 0.8 1.0 -1.0 1289.0385619633441 1289.0397285211975 1289.276073142276 1288.277132987383 1291.8214891844693 1289.122320817211 -1.0 1289.122320817211 -1.0 1
282 0.0 nan 0.8 1.0 1.0 1294.6074758434268 1294.6083424292606 1294.9024149989655 1292.5754987141004 1296.4555279292647 1294.7426965637364 -1.0 1294.7426965637364 -1.0 1
283 nan 1.0 0.8 -1.0 1.0 1297.6909548914932 1297.691988128449 1298.1983408972299 1297.2186322818043 1299.7741518613354 1297.875304362539 1.0 1297.875304362539 1.0 1
284 0.25 nan 0.8 1.0 1.0 1303.0546545800682 1303.0556211565754 1303.3721916277366 1300.5437554566258 1304.9620227953758 1303.2210723903977 -1.0 1303.2210723903977 -1.0 1
285 0.0625 nan 0.8 1.0 1.0 1306.6716171995608 1306.6726171062924 1307.2096336815027 1306.0959375640696 1308.7899480595818 1306.955024097464 -1.0 1306.955024097464 -1.0 1
286 0.125 nan 0.8 1.0 1.0 1310.1214287437879 1310.1222619993973 1310.432566388375 1309.5526484647432 1311.9881769040953 1310.2830136715822 -1.0 1310.2830136715822 -1.0 1
287 1.0 nan 0.8 1.0 1.0 1313.6869961572866 1313.687896073345 1313.924307354872 1312.753683214198 1315.5128152234447 1313.815084209579 -1.0 1313.815084209579 -1.0 1
288 0.0625 nan 0.8 1.0 1.0 1318.004593423471 1318.0055266697539 1318.6112368374115 1316.2645223992647 1320.1717755582533 1318.0079597761335 -1.0 1318.5187454647569 -1.0 3
289 0.0625 nan 0.8 1.0 1.0 1321.5589952118025 1321.559828467412 1322.163472161158 1320.9537849975106 1323.7291117051022 1321.7278461285116 -1.0 1322.030751207677 -1.0 2
290 0.25 nan 0.8 1.0 1.0 1326.5049338679987 1326.5058004538325 1326.8100387419731 1324.5296181201184 1328.415545621297 1326.646520661165 -1.0 1326.646520661165 -1.0 1
291 0.25 nan 0.8 1.0 1.0 1329.7213005206681 1329.7224337482971 1330.0490699472211 1329.2017489830328 1331.6350761028425 1329.9070165309136 -1.0 1329.9070165309136 -1.0 1
292 0.0625 nan 0.8 1.0 1.0 1334.1711187869682 1334.1720853634752 1334.497121711629 1332.409583098261 1336.0545283476474 1334.3477689761821 -1.0 1334.3477689761821 -1.0 1
293 0.25 nan 0.8 1.0 1.0 1338.301133550342 1338.3020334664004 1338.6199704767612 1336.8364368399632 1340.1920777709606 1338.4697511554805 -1.0 1338.4697511554805 -1.0 1
294 nan 0.0625 0.2 1.0 -1.0 1341.5044347550547 1341.505334671113 1341.8676675403478 1340.9659849801958 1344.4210192729092 1341.5878603066778 -1.0 1341.5878603066778 -1.0 1
295 1.0 nan 0.2 1.0 1.0 1347.2630309420838 1347.2639641883666 1347.5731353497154 1345.1885244464486 1349.1376743186593 1347.4245825396538 -1.0 1347.4245825396538 -1.0 1
296 nan 0.0 0.2 1.0 -1.0 1350.457966260477 1350.4589661672085 1354.259245020791 1349.932381952229 1356.8210293039074 1350.6229842013825 -1.0 1354.0976934232212 -1.0 6
297 nan 1.0 0.2 -1.0 1.0 1359.1440560454744 1359.1452226033275 1359.4811579348536 1357.6097324963657 1361.0376933070004 1359.342437540984 1.0 1359.342437540984 1.0 1
298 nan 0.0625 0.2 1.0 -1.0 1362.3890866911106 1362.3898532862713 1364.4848578699002 1361.8355049943832 1367.0461418728523 1362.947501270373 -1.0 1364.4306962552828 -1.0 2
299 nan 0.0625 0.2 1.0 -1.0 1368.6043069521456 1368.6051402077553 1368.8731485419949 1367.8372451682646 1371.4212921734497 1368.7418941183864 -1.0 1368.7418941183864 -1.0 1
300 0.25 nan 0.2 1.0 1.0 1373.7650922346954 1373.7661588018755 1374.03390049432 1372.237201418892 1375.5879407368527 1373.9116452312942 -1.0 1373.9116452312942 -1.0 1
301 nan 1.0 0.2 -1.0 1.0 1377.0580850732144 1377.059084979946 1377.4297504052759 1376.3850478523093 1378.999161233468 1377.2392348427197 1.0 1377.2392348427197 1.0 1
302 nan 0.25 0.2 -1.0 1.0 1380.3210473795673 1380.3220472862986 1380.7088778704529 1379.7992627168983 1382.2865088431486 1380.4661338462934 -1.0 1380.4661338462934 -1.0 1
303 0.0625 nan 0.2 1.0 1.0 1383.6037745089773 1383.6046744250355 1383.9635076207105 1383.1020213111608 1385.5204474044838 1383.771192226038 -1.0 1383.771192226038 -1.0 1
304 nan 0.0625 0.2 1.0 -1.0 1389.4911253527864 1389.4919586083959 1389.8249608801764 1386.3307534770754 1392.3878078688494 1389.6640758870942 -1.0 1389.6640758870942 -1.0 1
305 nan 0.0 0.2 1.0 -1.0 1393.8811158663243 1393.8822824241777 1394.3359401082137 1393.1984128803488 1396.9052486176045 1393.8419195224535 1.0 1394.1034951233876 -1.0 2
306 nan 0.125 0.2 1.0 -1.0 1399.9708478325688 1399.9718810695244 1400.2645537698052 1397.7566543665569 1402.8210018837988 1400.1221670512539 -1.0 1400.1221670512539 -1.0 1
307 nan 0.125 0.2 1.0 -1.0 1404.4091338412331 1404.410167078189 1404.7405029320191 1403.9497100283793 1407.2968501947325 1404.5962830511269 -1.0 1404.5962830511269 -1.0 1
308 nan 0.25 0.2 -1.0 1.0 1409.954383262006 1409.9554498291864 1410.2436896096244 1408.0797581219776 1411.833195556781 1409.9343517971538 1.0 1409.9343517971538 1.0 1
309 nan 1.0 0.2 -1.0 1.0 1413.270073983328 1413.2711072202837 1413.6565046047897 1412.6209012030788 1415.2202401171771 1413.2306443278865 1.0 1413.387529694043 -1.0 2
310 1.0 nan 0.2 1.0 1.0 1419.720438977364 1419.7213722236465 1419.9894805485592 1416.0353493792386 1421.5376897158076 1419.8706249684203 -1.0 1419.8706249684203 -1.0 1
311 nan 0.25 0.2 1.0 -1.0 1423.0121652673567 1423.0129985229662 1423.358666280011 1422.3417944644018 1425.9282413234764 1423.1465860622811 -1.0 1423.1465860622811 -1.0 1
312 0.0625 nan 0.2 1.0 1.0 1427.220906020716 1427.2219725878963 1427.5905715393146 1426.741650724356 1429.1371807109485 1427.4295198951104 -1.0 1427.4295198951104 -1.0 1
313 nan 1.0 0.2 -1.0 1.0 1430.502199950478 1430.503266517658 1431.3536871927136 1429.9269869381278 1432.9242255326903 1431.1195423664442 1.0 1431.1195423664442 1.0 1
314 nan 0.0625 0.2 1.0 -1.0 1434.2208197543296 1434.2215863494903 1436.1075770960322 1433.7189332356154 1438.6538620108856 1434.5319907291412 -1.0 1436.0867790360192 -1.0 3
315 nan 0.0625 0.2 1.0 -1.0 1440.0948385083866 1440.0958717453425 1440.2101944149658 1439.4600643850697 1442.7663064047995 1440.0643080228544 -1.0 1440.0643080228544 -1.0 1
316 nan 1.0 0.2 -1.0 1.0 1444.7537706024466 1444.7548371696269 1445.226926467745 1443.5626150435544 1446.7701623448945 1444.932653916694 1.0 1444.932653916694 1.0 1
317 1.0 nan 0.2 1.0 1.0 1448.0591622844352 1448.060128860942 1448.3422692103188 1447.5856731168928 1449.9039813561228 1448.2113147587297 -1.0 1448.2113147587297 -1.0 1
318 nan 0.125 0.2 -1.0 1.0 1451.8207447475127 1451.8217779844683 1454.1237299312727 1450.7080818670352 1455.6705362357272 1452.0234258419673 1.0 1453.907550095944 -1.0 3
319 nan 0.125 0.2 1.0 -1.0 1457.1282496777828 1457.1293829054118 1457.7887547343214 1456.4867428491411 1460.3367994736213 1457.4559857741115 1.0 1457.5309787789663 -1.0 2
320 nan 0.0625 0.2 1.0 -1.0 1462.1255502097488 1462.1263501351339 1462.4593524069144 1461.1394088610177 1465.0037330466287 1462.303966900855 -1.0 1462.303966900855 -1.0 1
321 nan 0.0 0.2 1.0 -1.0 1467.6142715699732 1467.6153048069289 1468.4906231595962 1465.8523359185733 1471.0365964074447 1467.763724296093 1.0 1468.3056404142874 -1.0 2
322 1.0 nan 0.2 -1.0 -1.0 1478.6842723235252 1478.6852055698077 1485.5688301505593 1471.9095042555987 1488.1373655103637 1485.4003458663185 1.0 1485.4003458663185 1.0 1
323 nan 0.0625 0.2 -1.0 1.0 1490.8037751823545 1490.8047750890858 1496.0806496364196 1489.0367733368491 1497.6366547933437 1495.9709931982095 1.0 1495.9709931982095 1.0 1
324 0.125 nan 0.2 1.0 1.0 1499.0694375170224 1499.0703707633052 1499.433570218374 1498.4554614537185 1500.9867003297238 1499.2903835744376 -1.0 1499.2903835744376 -1.0 1
325 nan 0.25 0.2 -1.0 1.0 1504.1293322103738 1504.1303321171054 1504.7105446631122 1501.8522112807327 1506.2528520710812 1504.4846990627134 1.0 1504.4846990627134 1.0 1
326 nan 1.0 0.2 -1.0 1.0 1507.6013416840378 1507.602308260545 1508.069464685455 1507.0762573291554 1509.6403988060517 1507.8143551480505 1.0 1507.8143551480505 1.0 1
327 nan 0.0 0.2 -1.0 1.0 1512.1032550910438 1512.1042549977751 1515.4558423707545 1510.453209002888 1517.0035792851102 1512.2827050191058 -1.0 1515.2811253345544 1.0 3
328 nan 1.0 0.2 -1.0 1.0 1518.3943349427677 1518.3952015286018 1518.7200712256335 1517.8449861845368 1520.2701129820364 1518.5554199171963 1.0 1518.5554199171963 1.0 1
329 0.0625 nan 0.2 1.0 1.0 1521.6433652153298 1521.6441984709393 1522.1442184970879 1521.0655191152537 1523.6860303643043 1521.9312050330755 -1.0 1521.9312050330755 -1.0 1
330 nan 0.25 0.2 -1.0 1.0 1525.4093472680254 1525.4104804956542 1525.7830457437738 1524.853132483572 1527.3361790872366 1525.511937698667 -1.0 1525.608428698247 1.0 2
331 nan 0.0625 0.2 -1.0 1.0 1528.820362431074 1528.8214623284784 1529.431205453286 1528.1492916934071 1530.969309822498 1529.0047119021197 1.0 1529.3160828582777 1.0 2
332 nan 0.0625 0.2 1.0 -1.0 1532.3171362614523 1532.3181028379595 1532.8380876685117 1531.843013819647 1535.4094600193703 1532.4705219540492 1.0 1532.4705219540492 1.0 1
333 0.0625 nan 0.2 -1.0 -1.0 1537.885883490413 1537.8870500482665 1538.467395915171 1536.247569641239 1541.0481028570944 1538.0270036604381 1.0 1538.3985023413775 1.0 2
334 nan 0.25 0.2 1.0 -1.0 1542.5700132341044 1542.571013140836 1550.147606416672 1541.9249067412297 1552.7028427883727 1542.8766846286248 -1.0 1550.060514540367 -1.0 4
335 nan 0.25 0.2 -1.0 1.0 1555.147406715466 1555.1482399710758 1555.532370807055 1553.591551841408 1557.1104756792386 1555.349221224087 1.0 1555.349221224087 1.0 1
336 nan 0.25 0.2 -1.0 1.0 1558.4529317183521 1558.4538649646347 1559.0317777251596 1557.959877709099 1560.5864107538707 1558.8447951663877 1.0 1558.8447951663877 1.0 1
337 nan 0.125 0.2 -1.0 1.0 1562.3134382873895 1562.3145048545696 1563.1470271991332 1561.448718946075 1564.703162934434 1562.4801893999625 -1.0 1562.8903178109583 1.0 2
338 nan 0.0625 0.2 -1.0 1.0 1566.0154263092754 1566.0164928764557 1569.3073859108388 1565.5298716005077 1570.8745222997097 1566.5478433135215 1.0 1569.044610421827 1.0 2
339 0.25 nan 0.2 1.0 1.0 1572.2025825213827 1572.2034491072166 1572.601445316538 1571.7154279618446 1574.177549863574 1572.40916325209 -1.0 1572.40916325209 -1.0 1
340 0.125 nan 0.2 1.0 1.0 1575.5359715918503 1575.537071489255 1575.9494663555085 1574.9941554643292 1577.5124712370944 1575.7619171829224 -1.0 1575.7619171829224 -1.0 1
341 nan 0.125 0.2 -1.0 1.0 1579.0360451144422 1579.0370450211738 1580.9208026426822 1578.3663742461995 1582.5029301137 1579.627556606514 1.0 1580.8040135364547 1.0 6
342 nan 0.125 0.2 -1.0 1.0 1583.9191896279067 1583.9199895532918 1584.5738618951784 1583.3836395825688 1586.1358649905246 1584.4470403914127 1.0 1584.4470403914127 1.0 1
343 nan 0.25 0.2 -1.0 1.0 1587.731467362266 1587.7326339201193 1588.3554758231082 1586.976271138264 1589.9190110916359 1587.6235107654993 -1.0 1588.2842158033839 1.0 4
344 1.0 nan 0.2 1.0 1.0 1591.293468441756 1591.294268367141 1591.5776086045955 1590.7410199726576 1593.135947287596 1591.4361884625512 -1.0 1591.4361884625512 -1.0 1
345 nan 1.0 0.2 -1.0 1.0 1594.5694961960658 1594.5705627632458 1594.8869665832851 1593.9508539013486 1596.4699728364076 1594.7347807787662 1.0 1594.7347807787662 1.0 1
346 0.0 nan 0.2 1.0 1.0 1598.46833252314 1598.469199108974 1598.8231994221137 1597.2974750708952 1600.3859050063077 1598.6651474981038 -1.0 1598.6651474981038 -1.0 1
347 nan 0.0625 0.2 1.0 -1.0 1601.7716910614413 1601.7725243170507 1602.089528081129 1601.1969113420082 1604.6501625133021 1601.9001457462018 -1.0 1601.9001457462018 -1.0 1
348 nan 1.0 0.2 -1.0 1.0 1606.1523491121527 1606.1531490375378 1606.4664864769343 1605.5256742333602 1608.0192916469443 1606.3212000288618 1.0 1606.3212000288618 1.0 1
349 nan 0.25 0.2 -1.0 1.0 1609.6175592200434 1609.6184591361016 1610.579202853855 1608.8636962050166 1612.155635675197 1610.3686891566708 1.0 1610.3686891566708 1.0 1
350 nan 0.25 0.2 -1.0 1.0 1613.5353604447898 1613.5364270119699 1614.3062552044746 1613.001643561793 1615.8923607497868 1613.695878805404 1.0 1614.2592929183234 1.0 3
351 nan 0.125 0.2 1.0 -1.0 1617.2357486159055 1617.2367151924125 1618.8910608795136 1616.7229631138193 1621.4521339413936 1618.6191529090215 1.0 1618.6191529090215 1.0 1
352 0.125 nan 0.2 1.0 1.0 1623.4497356586387 1623.4506689049213 1623.7946368205228 1622.2779449601112 1625.352072442116 1623.6407845047847 -1.0 1623.6407845047847 -1.0 1
353 nan 0.0625 0.2 1.0 -1.0 1626.8285538249363 1626.8296537223407 1627.206318588059 1626.2036787782602 1629.7526007681397 1626.9791064484607 -1.0 1626.9791064484607 -1.0 1
354 nan 0.0625 0.2 -1.0 1.0 1631.8831490126113 1631.88428224024 1632.932451136542 1630.5824036759575 1634.4854470567568 1632.5494535281916 -1.0 1632.7584673652786 1.0 2
355 0.25 nan 0.8 1.0 1.0 1636.3169687712088 1636.3179020174914 1636.8042899818686 1635.7165581092274 1638.3765894979476 1636.6376721901931 -1.0 1636.6376721901931 -1.0 1
356 0.125 nan 0.8 1.0 1.0 1639.802243674176 1639.8032102506832 1640.248602039073 1639.2311969398736 1641.8021318837048 1640.0573532115804 -1.0 1640.0573532115804 -1.0 1
357 1.0 nan 0.8 1.0 1.0 1643.3963084295196 1643.3971750153535 1643.7142454398804 1642.6873412267328 1645.2951772772074 1643.566225913409 -1.0 1643.566225913409 -1.0 1
358 0.125 nan 0.8 1.0 1.0 1646.651704774938 1646.6528046723427 1647.008071534009 1646.135586250414 1648.568209875944 1646.886582866144 -1.0 1646.886582866144 -1.0 1
359 0.0625 nan 0.8 1.0 1.0 1650.1385795286756 1650.1395127749583 1650.4989125844477 1649.398215254523 1652.083646307273 1650.3269952870958 -1.0 1650.3269952870958 -1.0 1
360 0.25 nan 0.8 1.0 1.0 1653.435272022101 1653.4361052777103 1653.748242829029 1652.9332521824895 1655.3015770581976 1653.607555951921 -1.0 1653.607555951921 -1.0 1
361 0.0 nan 0.8 1.0 1.0 1658.2985517218347 1658.2993849774443 1658.6094893850757 1656.1750831265854 1660.1833210515772 1658.311117216426 1.0 1658.4274063692878 -1.0 2
362 0.0625 nan 0.8 1.0 1.0 1661.601910260136 1661.603043487765 1663.3949430108821 1661.053628069085 1664.9726741442346 1662.237917601755 -1.0 1663.2871863954617 -1.0 3
363 1.0 nan 0.8 1.0 1.0 1666.5021531787072 1666.5029864343167 1666.7122002527499 1665.8255829540178 1668.2689945810923 1666.476955529076 -1.0 1666.476955529076 -1.0 1
364 0.25 nan 0.8 1.0 1.0 1669.9217342094216 1669.9226341254798 1670.2898332074742 1669.2501968486133 1671.849533971349 1670.1555457334473 -1.0 1670.1555457334473 -1.0 1
365 0.25 nan 0.8 1.0 1.0 1674.4018496496828 1674.402916216863 1674.673057685463 1672.6837432433429 1676.244689702061 1674.5598015830196 -1.0 1674.5598015830196 -1.0 1
366 nan 0.25 0.8 -1.0 1.0 1677.8018658386861 1677.802899075642 1678.2086945574683 1677.1078972368703 1679.7684286943024 1678.0534757025307 1.0 1678.0534757025307 1.0 1
367 0.0 nan 0.8 1.0 1.0 1681.2006488093873 1681.2015487254457 1681.5014207541924 1680.6217361421313 1683.072157599872 1681.3598339610262 -1.0 1681.3598339610262 -1.0 1
368 0.125 nan 0.8 1.0 1.0 1685.8017862943725 1685.8028528615528 1686.0773939197707 1683.914962292221 1687.6552957644988 1685.955071996296 -1.0 1685.955071996296 -1.0 1
369 0.25 nan 0.8 1.0 1.0 1689.3852853685876 1689.3861519544216 1689.6704254381586 1688.5040009057561 1691.238725727176 1689.5261388968174 -1.0 1689.5261388968174 -1.0 1
370 0.125 nan 0.8 1.0 1.0 1692.6349489154127 1692.635848831471 1693.24095905509 1692.1121310157882 1694.7851599932944 1693.0087473818344 -1.0 1693.0087473818344 -1.0 1
371 nan 0.25 0.8 1.0 -1.0 1696.2276804617811 1696.2287803591857 1696.7790956939239 1695.6592668152048 1699.3348047854672 1696.6406419418493 -1.0 1696.6406419418493 -1.0 1
372 nan 1.0 0.8 -1.0 1.0 1701.0865272416725 1701.0873938275063 1701.422429242974 1700.1872111274515 1702.9681579678318 1701.271543317206 1.0 1701.271543317206 1.0 1
373 0.0 nan 0.8 1.0 1.0 1704.551837340236 1704.55270392607 1704.9451673181445 1703.843470081488 1706.5068019897085 1704.7005234711953 -1.0 1704.7005234711953 -1.0 1
374 nan 0.0625 0.8 1.0 -1.0 1709.4511470125246 1709.451980268134 1710.111985371307 1707.3520094810726 1712.6767583908763 1709.6180647762196 -1.0 1709.9879969366132 -1.0 2
375 nan 0.125 0.8 1.0 -1.0 1714.0348194599346 1714.03561938532 1714.210269761071 1713.5558641355942 1716.7933059533943 1714.08158176474 -1.0 1714.08158176474 -1.0 1
376 1.0 nan 0.8 1.0 1.0 1719.318293298427 1719.3192265447096 1719.5824353266385 1717.6603146168686 1721.1529355158636 1719.4529807351466 -1.0 1719.4529807351466 -1.0 1
377 1.0 nan 0.8 1.0 1.0 1722.5682234870474 1722.5692233937787 1722.8665623254726 1722.051238376689 1724.4297622458441 1722.7414406631501 -1.0 1722.7414406631501 -1.0 1
378 0.25 nan 0.8 1.0 1.0 1726.0012699284111 1726.0022031746937 1726.3446045697494 1725.3041682855035 1727.9009034858927 1726.1922521141084 -1.0 1726.1922521141084 -1.0 1
379 0.125 nan 0.8 1.0 1.0 1730.4347230545404 1730.435822951945 1730.8073216328844 1728.7518133651458 1732.3640528015962 1730.6128397736272 -1.0 1730.6128397736272 -1.0 1
380 0.125 nan 0.8 1.0 1.0 1733.7179168070918 1733.7187833929258 1734.0435530992845 1733.2521602516058 1735.6010800806578 1733.8975000560513 -1.0 1733.8975000560513 -1.0 1
381 nan 0.125 0.8 1.0 -1.0 1737.6427507091826 1737.6437506159139 1737.9447558722898 1736.8872878433856 1740.5283251448295 1737.7847041348168 -1.0 1737.7847041348168 -1.0 1
382 0.25 nan 0.8 1.0 1.0 1742.4010402021192 1742.4020401088508 1742.624152724119 1741.4192317825577 1744.1916802882463 1742.4902652127846 -1.0 1742.4902652127846 -1.0 1
383 0.125 nan 0.8 1.0 1.0 1745.7681594596595 1745.7690260454935 1746.1854871991216 1745.0538927511964 1747.734520808407 1745.9301443501463 -1.0 1745.9301443501463 -1.0 1
384 0.125 nan 0.8 1.0 1.0 1749.1757749398214 1749.1766748558798 1749.641831467327 1748.6041282614801 1751.1988377264374 1749.4453831248313 -1.0 1749.4453831248313 -1.0 1
385 0.125 nan 0.8 1.0 1.0 1752.5509601116617 1752.551960018393 1752.7869714304964 1752.0569395259013 1754.334069838063 1752.6533838911814 -1.0 1752.6533838911814 -1.0 1
386 0.0 nan 0.8 1.0 1.0 1756.042467766588 1756.0432676919731 1756.2852784511963 1755.206579069362 1757.83471110775 1756.157357050026 -1.0 1756.157357050026 -1.0 1
387 0.125 nan 0.8 1.0 1.0 1759.3477927881277 1759.3485927135127 1759.7816189886578 1758.7084190938463 1761.35084899231 1759.654297531526 -1.0 1759.654297531526 -1.0 1
388 0.0625 nan 0.8 1.0 1.0 1763.7193516875834 1763.7202182734172 1764.0705855920999 1762.2396563762336 1765.6379844442831 1763.858438713921 -1.0 1763.858438713921 -1.0 1
389 0.125 nan 0.8 1.0 1.0 1767.167463390367 1767.1685299575472 1767.4832006059187 1766.5322893043574 1769.0618279789771 1767.3416138127525 -1.0 1767.3416138127525 -1.0 1
390 nan 0.0625 0.8 1.0 -1.0 1771.4171003290407 1771.4181668962208 1771.7188388503528 1769.9469374618636 1774.289876628461 1771.5884176823538 -1.0 1771.5884176823538 -1.0 1
391 0.25 nan 0.8 1.0 1.0 1775.7009340779284 1775.7018006637622 1775.9591766564245 1775.1861820926038 1777.5174066883621 1775.81775651438 -1.0 1775.81775651438 -1.0 1
392 nan 0.125 0.8 -1.0 1.0 1778.925833268039 1778.9267665143218 1779.4477179213811 1778.4196138201557 1781.034845938041 1779.1892753615386 1.0 1779.1892753615386 1.0 1
393 0.125 nan 0.8 1.0 1.0 1782.6336207489671 1782.6347206463718 1783.201367791056 1781.918554115119 1784.767593514316 1782.9067619377613 -1.0 1782.9067619377613 -1.0 1
394 0.0625 nan 0.8 1.0 1.0 1786.2639821186606 1786.2650153556165 1786.7817004939552 1785.6684043392145 1788.3589278296627 1786.4368326622953 -1.0 1786.7253724147529 -1.0 2
395 1.0 nan 0.8 1.0 1.0 1789.7506235608275 1789.7516567977832 1790.0763265134688 1789.2760344958808 1791.6537572203313 1789.9397392539597 -1.0 1789.9397392539597 -1.0 1
396 0.0625 nan 0.8 1.0 1.0 1793.166971559777 1793.1679714665083 1793.5501691494737 1792.5405633227795 1795.117597234007 1793.3486212826479 -1.0 1793.3486212826479 -1.0 1
397 nan 0.0 0.8 1.0 -1.0 1796.7728685447755 1796.7739351119556 1797.2492574418388 1796.0108062945512 1799.8319290532515 1796.9772494806737 -1.0 1796.9772494806737 -1.0 1
398 nan 1.0 0.8 -1.0 1.0 1802.1511002111802 1802.1522334388092 1802.6090574941613 1800.7283329230713 1804.1960803828792 1802.328883628023 -1.0 1802.328883628023 -1.0 1
399 0.25 nan 0.8 1.0 1.0 1805.7173342291665 1805.7182008150003 1806.4419999676363 1805.1029915333945 1808.0199240728962 1806.2651831273004 -1.0 1806.2651831273004 -1.0 1
400 0.0 nan 0.8 1.0 1.0 1811.2005227721438 1811.2014893486507 1811.4888625432552 1808.9554321881317 1813.0500611154605 1811.351941981502 -1.0 1811.351941981502 -1.0 1
401 0.25 nan 0.8 1.0 1.0 1814.4698844815775 1814.4708510580845 1814.5896733079992 1813.9627651176359 1816.1909970327501 1814.4621851997458 -1.0 1814.4621851997458 -1.0 1
402 1.0 nan 0.8 1.0 1.0 1817.5834940524835 1817.584427298766 1817.8305043453636 1817.0867070580996 1819.3836324561673 1817.7131819555461 -1.0 1817.7131819555461 -1.0 1
403 1.0 nan 0.8 1.0 1.0 1821.042904701332 1821.0437379569414 1821.285348753472 1820.3084398768942 1822.8526731440913 1821.1643267087481 -1.0 1821.1643267087481 -1.0 1
404 0.0625 nan 0.8 1.0 1.0 1824.2672372776283 1824.2680372030134 1824.589373896261 1823.7722834455853 1826.1502064257447 1824.4193897519228 -1.0 1824.4193897519228 -1.0 1
405 0.0 nan 0.8 1.0 1.0 1827.5625299016294 1827.5636631292584 1827.972724973074 1827.0334125895972 1829.5335264937617 1827.7316141299093 -1.0 1827.7316141299093 -1.0 1
406 0.0625 nan 0.8 1.0 1.0 1832.2712906811378 1832.272290587869 1832.8260722659427 1830.4334287786003 1834.4008928086632 1832.4190768960386 -1.0 1832.797241621854 -1.0 2
407 nan 1.0 0.8 -1.0 1.0 1835.8342250069104 1835.835258243866 1836.4399018443437 1835.3325051393183 1838.0005314557695 1835.9645795144604 -1.0 1836.2709509369615 1.0 2
408 0.25 nan 0.8 1.0 1.0 1839.5799422831828 1839.58090885969 1840.220849167786 1838.9135377769294 1841.7999754817517 1839.9221770271167 -1.0 1839.9221770271167 -1.0 1
409 0.0 nan 0.8 1.0 1.0 1843.1674743145481 1843.1685408817282 1843.5511718576106 1842.6967848858537 1845.1239960496634 1843.3340921062236 -1.0 1843.3340921062236 -1.0 1
410 0.0 nan 0.8 1.0 1.0 1849.5333138595563 1849.534147115166 1849.8441515321242 1846.4747991495506 1851.400449946269 1849.7076309330637 -1.0 1849.7076309330637 -1.0 1
411 0.125 nan 0.8 1.0 1.0 1852.8058419403062 1852.8068085168131 1853.4197846733857 1852.2896567553332 1854.9829805528955 1853.0671508994453 -1.0 1853.3174275543147 -1.0 2
412 0.25 nan 0.8 1.0 1.0 1856.4049728897555 1856.406139447609 1856.6894130246144 1855.896886949307 1858.2607119960282 1856.5440599160931 -1.0 1856.5440599160931 -1.0 1
413 0.125 nan 0.8 1.0 1.0 1859.8338530530718 1859.83475296913 1859.947542448432 1859.1287188260887 1861.5001660191383 1859.7812912892246 -1.0 1859.7812912892246 -1.0 1
414 0.125 nan 0.8 1.0 1.0 1863.943969672491 1863.945036239671 1864.3016029800883 1862.392781029846 1865.8740016842394 1864.1247194793036 -1.0 1864.1247194793036 -1.0 1
415 nan 0.125 0.8 -1.0 1.0 1868.8665105111722 1868.867343766782 1870.8247611841703 1866.7759055171616 1872.3836574420218 1869.0308285173658 -1.0 1870.6865740738908 1.0 4
416 nan 0.125 0.8 1.0 -1.0 1873.9760005784012 1873.9769671549082 1874.6929670350391 1873.2889646632564 1877.2501312326003 1874.5652122849908 -1.0 1874.5652122849908 -1.0 1
417 nan 0.125 0.2 -1.0 1.0 1879.8404868882856 1879.8415867856902 1880.3104430520436 1878.1540441951067 1881.8667743670856 1880.1181943178196 1.0 1880.1181943178196 1.0 1
418 nan 0.0625 0.2 1.0 -1.0 1883.491013043729 1883.4918796295628 1884.0568935932524 1882.7806793017426 1886.6251289837721 1883.8910423967377 -1.0 1883.8910423967377 -1.0 1
419 nan 1.0 0.2 -1.0 1.0 1887.966362261904 1887.9671955175136 1888.4137205335323 1887.5119379827072 1889.9850535179742 1888.0515209851949 -1.0 1888.0515209851949 -1.0 1
420 nan 0.125 0.2 1.0 -1.0 1891.4336055134818 1891.43450542954 1892.0904775755625 1890.8874564567911 1894.6767068810607 1891.9044282630734 -1.0 1891.9044282630734 -1.0 1
421 nan 0.0625 0.2 1.0 -1.0 1896.0831384842666 1896.084138390998 1902.6387269966701 1895.6019167046682 1905.1997973832238 1899.6227749831976 -1.0 1902.5705000273645 -1.0 3
422 nan 0.0625 0.2 -1.0 1.0 1906.774074595945 1906.775041172452 1907.7363181737953 1906.10370379299 1909.2998444566724 1907.012918983852 1.0 1907.1647048256784 -1.0 2
423 nan 1.0 0.2 -1.0 1.0 1910.8600601329128 1910.86102670942 1911.2450575547261 1910.2038546753195 1912.8131847656698 1911.0650076826255 1.0 1911.0650076826255 1.0 1
424 nan 0.125 0.2 -1.0 1.0 1914.883518168944 1914.884651396573 1915.5149926000474 1913.7246929277003 1917.0665232691747 1915.334376114132 1.0 1915.334376114132 1.0 1
425 nan 0.0 0.2 -1.0 1.0 1918.758390064689 1918.7592899807473 1919.3393358756323 1917.9733299596426 1920.899264097866 1918.9826024840931 1.0 1919.285540893483 1.0 2
426 0.125 nan 0.2 1.0 1.0 1922.3370895865935 1922.337922842203 1922.7359857119732 1921.8068723771564 1924.2828101001485 1922.4966747009248 1.0 1922.5774005043731 -1.0 2
427 nan 0.0 0.2 1.0 -1.0 1925.7050754299676 1925.7062419878207 1926.0902395029027 1925.211221495329 1928.6639424424463 1925.65038053176 -1.0 1925.8731930817403 -1.0 2
428 nan 0.0625 0.2 1.0 -1.0 1930.615784038994 1930.616917266623 1930.9001908436285 1929.598745572263 1933.46348442949 1930.7753691533255 -1.0 1930.7753691533255 -1.0 1
429 nan 1.0 0.2 -1.0 1.0 1935.449433169254 1935.4504997364343 1936.1320028343318 1934.4618919510992 1937.6931289637525 1935.6823781074459 1.0 1936.1296030581766 1.0 2
430 nan 0.125 0.2 -1.0 1.0 1939.2497120228365 1939.2507785900168 1940.1048655897541 1938.6240370507753 1941.649761604714 1939.808726546138 -1.0 1939.965478591397 1.0 2
431 1.0 nan 0.2 1.0 1.0 1943.2741366353748 1943.2751032118817 1943.9528066642001 1942.5850675765428 1945.5211982906674 1943.6820652515614 1.0 1943.810519936322 -1.0 2
432 nan 0.0625 0.2 -1.0 1.0 1946.9494271475323 1946.9503937240395 1947.4733449445614 1946.46330582495 1949.0322372174264 1947.304793999872 1.0 1947.304793999872 1.0 1
433 nan 0.0625 0.2 -1.0 1.0 1950.5471248973333 1950.5480248133917 1950.9115575707042 1949.9647458867416 1952.466079016043 1950.7093097691663 1.0 1950.7093097691663 1.0 1
434 0.25 nan 0.2 1.0 1.0 1957.4781450571534 1957.4789783127628 1957.874041462339 1953.4234899311025 1959.4422627067847 1957.6661941831053 -1.0 1957.6661941831053 -1.0 1
435 nan 0.125 0.2 -1.0 1.0 1961.132470858176 1961.1336374160292 1964.4078986684467 1960.403672171883 1965.9659262838456 1964.0281007616368 1.0 1964.0281007616368 1.0 1
436 nan 0.25 0.2 -1.0 1.0 1967.4821785745844 1967.4832784719888 1967.9947307650998 1966.8887339294986 1969.5706584936638 1967.6686611799905 1.0 1967.9694331247954 1.0 2
437 nan 0.0625 0.2 -1.0 1.0 1971.0996744776671 1971.100541063501 1971.463673858121 1970.4812654945206 1973.056795501165 1971.2341619330405 1.0 1971.2341619330405 1.0 1
438 nan 1.0 0.2 -1.0 1.0 1974.4661271307198 1974.4671936978998 1974.8044955686255 1973.9887049967006 1976.3692232139579 1974.6261788681925 1.0 1974.6261788681925 1.0 1
439 nan 1.0 0.2 -1.0 1.0 1977.8154147182165 1977.8164812853968 1978.2082447427592 1977.3051289829589 1979.7820553804415 1977.9620343752642 1.0 1977.9620343752642 1.0 1
440 nan 0.25 0.2 -1.0 1.0 1985.040207475722 1985.04110739178 1985.4647012134253 1981.1783676977093 1987.0472255303357 1985.2847513319978 1.0 1985.2847513319978 1.0 1
441 nan 0.0625 0.2 -1.0 1.0 1988.6483709159781 1988.6494041529338 1989.5123569923564 1987.999631428646 1991.0972749403736 1989.101228674629 1.0 1989.4606951445674 1.0 3
442 nan 0.0625 0.2 -1.0 1.0 1992.582437290222 1992.5833705365046 1993.3643976844012 1992.061685864509 1994.9543185073867 1992.6937935698757 1.0 1993.3614312944312 1.0 2
443 nan 0.25 0.2 -1.0 1.0 1996.5156037484078 1996.5166703155878 1996.8651378114807 1995.9126266591493 1998.4325611274764 1996.5592330121212 1.0 1996.6984533593563 1.0 2
444 0.125 nan 0.8 -1.0 -1.0 1999.9592158709 1999.9603157683046 2001.0653126971745 1999.366471160526 2003.632810333963 2000.2247244383111 -1.0 2001.0538137697633 1.0 3
445 0.0625 nan 0.8 -1.0 -1.0 2005.759641489526 2005.7606413962576 2011.0029190774162 2004.5957167239524 2013.565616004326 2007.3092636116253 -1.0 2010.796071704914 1.0 3
446 nan 0.125 0.8 -1.0 1.0 2015.2917190297364 2015.2928855875898 2015.6327205553682 2014.5199243539932 2017.1987463901348 2015.4733354223831 1.0 2015.4733354223831 1.0 1
447 1.0 nan 0.8 1.0 1.0 2018.6571384458332 2018.658171682789 2019.0091722757347 2018.1590515726987 2020.56566900168 2018.8404880101477 -1.0 2018.8404880101477 -1.0 1
448 1.0 nan 0.8 1.0 1.0 2022.1965083029693 2022.1974748794764 2022.4356859931202 2021.4927739454101 2023.9988051180771 2022.315230562211 -1.0 2022.315230562211 -1.0 1
449 0.125 nan 0.8 1.0 1.0 2025.5656273739723 2025.5667939318257 2025.8211368740695 2024.9743158632468 2027.3818318455012 2025.6874160138568 -1.0 2025.6874160138568 -1.0 1
450 0.0625 nan 0.8 1.0 1.0 2029.0667341335202 2029.0677673704758 2029.897356655294 2028.3344357736673 2031.4933747756916 2029.3759719553177 -1.0 2029.7904666257073 -1.0 2
451 0.0625 nan 0.8 1.0 1.0 2033.0483627379542 2033.04939597491 2037.9667372985882 2032.4617841190907 2039.531960742733 2033.2789078999908 1.0 2037.7901204395987 -1.0 7
452 0.25 nan 0.8 1.0 1.0 2042.5103134860692 2042.5113467230249 2042.9275079046336 2040.487568828896 2044.4964248013373 2042.682497425216 -1.0 2042.682497425216 -1.0 1
453 0.25 nan 0.8 1.0 1.0 2046.0817136888343 2046.082646935117 2046.5757342745947 2045.4747369726501 2048.1319580681015 2046.2544309115715 -1.0 2046.5581692463463 -1.0 2
454 nan 1.0 0.8 -1.0 1.0 2049.8513287359874 2049.8522953124943 2050.227660299462 2049.110864471161 2051.8044845827076 2050.06997500792 1.0 2050.06997500792 1.0 1
455 0.0625 nan 0.8 -1.0 -1.0 2053.231546771709 2053.2325800086646 2053.5149203393876 2052.7738894607473 2056.0817436189504 2053.3441362696644 1.0 2053.3441362696644 1.0 1
456 0.25 nan 0.8 -1.0 -1.0 2058.925582314114 2058.9265488906212 2059.26555060279 2057.053456940914 2061.841382837192 2059.1093985015696 1.0 2059.1093985015696 1.0 1
457 nan 0.0625 0.8 -1.0 1.0 2063.3985984165824 2063.3995316628652 2063.8323246264395 2062.819985721346 2065.397814197036 2063.6236774218205 1.0 2063.6236774218205 1.0 1
458 0.125 nan 0.8 1.0 1.0 2066.8699079555345 2066.8708412018173 2067.6469354765054 2066.361022089701 2069.234554186585 2067.369794660786 1.0 2067.369794660786 1.0 1
459 0.125 nan 0.8 1.0 1.0 2070.865135291516 2070.8661351982473 2071.4519805521745 2070.2067633693378 2073.0323993069155 2071.33125847947 -1.0 2071.33125847947 -1.0 1
460 0.0625 nan 0.8 1.0 1.0 2074.5149948424714 2074.515761437632 2075.3337184741417 2074.002609303078 2076.89804295494 2074.8967259022957 -1.0 2075.300888203127 -1.0 2
461 0.0625 nan 0.8 1.0 1.0 2078.475358763751 2078.4764253309313 2079.3006817798487 2077.8410512635755 2080.8649739014068 2078.645509559211 -1.0 2079.2910493450026 -1.0 2
462 1.0 nan 0.8 1.0 1.0 2082.4562874334733 2082.4573873308777 2082.645003163913 2081.8269794669545 2084.219418868522 2082.4998500367383 -1.0 2082.4998500367383 -1.0 1
463 0.125 nan 0.8 1.0 1.0 2088.63164474615 2088.632677983106 2089.071170415049 2085.1899324464475 2090.6312897563666 2088.8711557385445 -1.0 2088.8711557385445 -1.0 1
464 0.0625 nan 0.8 1.0 1.0 2092.3481314156415 2092.348964671251 2092.8489180369506 2091.625098858166 2094.414713791378 2092.3705959868735 -1.0 2092.7674256383416 -1.0 2
465 0.0625 nan 0.8 1.0 1.0 2095.9403963388686 2095.941262924702 2097.011963052685 2095.366416544821 2098.564752976148 2096.179007415205 -1.0 2096.179007415205 -1.0 1
466 0.125 nan 0.8 1.0 1.0 2100.225429975834 2100.226229901219 2100.6160935357916 2099.521762278723 2102.1819080201685 2100.4162121801846 -1.0 2100.4162121801846 -1.0 1
467 0.125 nan 0.8 1.0 1.0 2104.811402208726 2104.812535436355 2105.077144087708 2103.1640225385204 2106.64046115569 2104.9565553359007 -1.0 2104.9565553359007 -1.0 1
468 1.0 nan 0.8 1.0 1.0 2109.2809186376344 2109.2818185536926 2109.5649921400254 2107.649770786702 2111.1545074599835 2109.4404037612926 -1.0 2109.4404037612926 -1.0 1
469 0.0625 nan 0.8 1.0 1.0 2112.847885920557 2112.84881916684 2113.4368309853517 2112.1702157984632 2114.997845655366 2113.3107760767466 -1.0 2113.3107760767466 -1.0 1
470 1.0 nan 0.8 1.0 1.0 2116.580237776853 2116.5811043626873 2116.8543455421545 2116.048854009563 2118.4350638706587 2116.712025484052 -1.0 2116.712025484052 -1.0 1
471 0.0625 nan 0.8 1.0 1.0 2120.331321219251 2120.3324211166555 2120.689187838419 2119.490166346573 2122.2482098967002 2120.5125709794297 -1.0 2120.5125709794297 -1.0 1
472 0.125 nan 0.8 1.0 1.0 2124.4514702362085 2124.4523701522667 2124.6839152210346 2123.7923317188697 2126.2480621691398 2124.4695352178223 -1.0 2124.4695352178223 -1.0 1
473 nan 0.125 0.8 1.0 -1.0 2128.059467025343 2128.0603669414013 2128.330341758879 2127.2889722283508 2130.890501203591 2128.177789321892 -1.0 2128.177789321892 -1.0 1
474 1.0 nan 0.8 1.0 1.0 2133.2643815249717 2133.2653147712545 2133.5536212121415 2131.9201069152778 2135.1316378376546 2133.426999689722 -1.0 2133.426999689722 -1.0 1
475 0.0625 nan 0.8 1.0 1.0 2136.7146263621157 2136.7156262688472 2142.9906076221955 2136.159844777311 2144.566522112409 2139.949991242682 -1.0 2142.8705188237545 -1.0 6
476 nan 0.0 0.8 1.0 -1.0 2146.2642022701257 2146.2652021768567 2146.595204728443 2145.6136296204522 2149.173587393858 2146.447918466908 -1.0 2146.447918466908 -1.0 1
477 0.125 nan 0.8 1.0 1.0 2150.6973554242354 2150.698188679845 2151.225606150434 2150.215000417008 2152.7810198389852 2151.0133926118065 -1.0 2151.0133926118065 -1.0 1
478 0.0 nan 0.8 1.0 1.0 2154.4075093510946 2154.4084759276016 2155.9794627235283 2153.8692262273576 2157.531270049551 2155.7224200331098 -1.0 2155.7224200331098 -1.0 1
479 0.25 nan 0.8 1.0 1.0 2159.194529497447 2159.1954294135053 2159.733079262979 2158.6419810376756 2161.2803954552055 2159.466337477266 -1.0 2159.466337477266 -1.0 1
480 1.0 nan 0.8 1.0 1.0 2162.90151705299 2162.9024169690483 2163.2126213673528 2162.384098649715 2164.7796306712853 2163.045603612985 -1.0 2163.045603612985 -1.0 1
481 0.25 nan 0.8 1.0 1.0 2166.380892506242 2166.3817257618516 2166.731559796944 2165.8494420785028 2168.299570515171 2166.6211700937974 -1.0 2166.6211700937974 -1.0 1
482 nan 0.25 0.8 1.0 -1.0 2170.0640489513535 2170.0650155278604 2170.3906851502775 2169.386678801279 2172.9516304198064 2170.091479726018 -1.0 2170.091479726018 -1.0 1
483 1.0 nan 0.8 1.0 1.0 2174.6808183115727 2174.681651567182 2174.948726655139 2174.0510437219127 2176.510868595251 2174.8291378100635 -1.0 2174.8291378100635 -1.0 1
484 1.0 nan 0.8 1.0 1.0 2178.080667849454 2178.081634425961 2178.3966717068006 2177.615877870475 2179.94758888552 2178.254751611391 -1.0 2178.254751611391 -1.0 1
485 nan 1.0 0.8 -1.0 1.0 2181.6165047028057 2181.61760460021 2181.959006088535 2181.0423915878605 2183.5306194829345 2181.8204190155625 1.0 2181.8204190155625 1.0 1
486 nan 0.25 0.8 1.0 -1.0 2185.063983131326 2185.0648830473842 2185.6608941197474 2184.592527107471 2188.239374341659 2185.281829477874 -1.0 2185.563069911192 -1.0 2
487 0.25 nan 0.8 1.0 1.0 2190.897705644108 2190.8988388717366 2191.1712134653703 2189.3142866744874 2192.7138316455525 2191.0544910195913 -1.0 2191.0544910195913 -1.0 1
488 0.125 nan 0.8 1.0 1.0 2194.3865802113082 2194.38781342961 2195.081748701202 2193.7174426266556 2196.6553658590606 2194.776543836554 -1.0 2194.776543836554 -1.0 1
489 0.0 nan 0.8 1.0 1.0 2198.3304123412954 2198.3314789084757 2201.583008947866 2197.6973713896464 2203.1305303452405 2198.9998165677434 1.0 2201.455220867593 -1.0 2
490 0.25 nan 0.8 1.0 1.0 2204.661621783173 2204.662421708558 2205.163241660092 2204.1224387433776 2206.740661719952 2204.8308726625746 -1.0 2205.154842443548 -1.0 2
491 1.0 nan 0.8 1.0 1.0 2208.1974253063004 2208.1983918828073 2208.521395087274 2207.732568666873 2210.0957059717657 2208.390074003217 -1.0 2208.390074003217 -1.0 1
492 0.0 nan 0.8 1.0 1.0 2211.647370171425 2211.6483700781564 2212.0774300566 2211.107620517815 2213.654746639346 2211.8083884854045 -1.0 2211.8083884854045 -1.0 1
493 nan 1.0 0.8 -1.0 1.0 2215.2800313266007 2215.2809979031076 2215.6083673669677 2214.6723546757044 2217.1803837760826 2215.4798126915343 1.0 2215.4798126915343 1.0 1
494 0.25 nan 0.8 1.0 1.0 2218.9126258213273 2218.913625728059 2219.227996404411 2218.195192741548 2220.7969144100657 2219.0776437622326 -1.0 2219.0776437622326 -1.0 1
495 0.0 nan 0.8 1.0 1.0 2222.572651090719 2222.573617667226 2223.044440416818 2221.8314202307324 2224.6138561407734 2222.7295697871 -1.0 2222.7295697871 -1.0 1
496 1.0 nan 0.8 1.0 1.0 2226.819054997628 2226.8198882532374 2227.051766624249 2225.624166453605 2228.622681093248 2226.9205122006406 -1.0 2226.9205122006406 -1.0 1
497 0.0625 nan 0.8 1.0 1.0 2230.3966212919036 2230.397554538186 2230.9543026062292 2229.7167847052247 2232.554717344332 2230.6297662114416 -1.0 2230.874610039737 -1.0 2
498 0.0625 nan 0.8 1.0 1.0 2234.197066796608 2234.1981666940123 2234.505937985937 2233.5568265164925 2236.0634546867113 2234.3615181236987 -1.0 2234.3615181236987 -1.0 1
499 0.0625 nan 0.8 1.0 1.0 2237.6132481444356 2237.614148060494 2238.2375899075214 2237.0920634258055 2239.7970036683378 2238.0695389161974 -1.0 2238.0695389161974 -1.0 1
500 nan 0.125 0.8 1.0 -1.0 2241.4334918024215 2241.434458378929 2241.7201317320896 2240.8066169422827 2244.280254087703 2241.592343651817 -1.0 2241.592343651817 -1.0 1
501 0.25 nan 0.8 1.0 1.0 2247.809697047212 2247.810730284168 2248.0605736461202 2245.317162877403 2249.673289724145 2247.9521504262125 -1.0 2247.9521504262125 -1.0 1
502 nan 0.125 0.8 1.0 -1.0 2251.196447806912 2251.197381053195 2251.594377355785 2250.705393611122 2254.197731774567 2251.3888298620336 -1.0 2251.3888298620336 -1.0 1
503 0.25 nan 0.8 1.0 1.0 2255.963536479085 2255.9643364044705 2256.3610660652657 2255.1988411411353 2257.929779150961 2256.1317207913066 -1.0 2256.1317207913066 -1.0 1
504 1.0 nan 0.8 1.0 1.0 2262.8887238496386 2262.889623765697 2263.2020279588105 2258.9524910108103 2264.778741506628 2263.036276752969 -1.0 2263.036276752969 -1.0 1
505 0.0625 nan 0.8 1.0 1.0 2266.5633144270846 2266.564247673367 2272.5351240594723 2265.853847270932 2274.1117473864488 2272.3783053537645 -1.0 2272.3783053537645 -1.0 1
506 0.0 nan 0.8 1.0 1.0 2276.413462298553 2276.4144955355086 2276.84208898408 2275.680264022642 2278.3963997329424 2276.6910364071896 -1.0 2276.6910364071896 -1.0 1
507 0.125 nan 0.8 1.0 1.0 2280.000361055655 2280.0014609530594 2280.3370963125662 2279.4555118777153 2281.8971397296627 2280.174478147816 -1.0 2280.174478147816 -1.0 1
508 0.125 nan 0.8 1.0 1.0 2283.525765548776 2283.5267654555073 2283.937260498971 2282.981449654426 2285.5335683282183 2283.7481781360634 -1.0 2283.7481781360634 -1.0 1
509 0.25 nan 0.8 1.0 1.0 2288.4965685523593 2288.497401807969 2288.772909442694 2286.6550736553645 2290.364612615221 2288.645121362421 -1.0 2288.645121362421 -1.0 1
510 nan 0.25 0.8 1.0 -1.0 2292.0130405453465 2292.0140404520776 2292.8170322178407 2291.4981219089 2295.37957430545 2292.6272165899964 -1.0 2292.6272165899964 -1.0 1
511 0.25 nan 0.8 1.0 1.0 2297.008774556766 2297.0096744728244 2297.2399863232904 2296.5077879541104 2298.8142991412337 2297.145228495378 -1.0 2297.145228495378 -1.0 1
512 1.0 nan 0.8 1.0 1.0 2300.530146092737 2300.5309793483466 2300.8470165359176 2299.919803023891 2302.44584466843 2300.725461207604 -1.0 2300.725461207604 -1.0 1
513 0.0625 nan 0.8 1.0 1.0 2304.1629738990346 2304.1639404755415 2305.2031768717097 2303.5996597767885 2306.7795878717843 2304.5732023007035 -1.0 2305.0019289769034 -1.0 2
514 0.0 nan 0.8 1.0 1.0 2308.446241034108 2308.4475742430827 2310.820819539836 2307.8597957361417 2312.3988279978344 2310.697831011874 -1.0 2310.697831011874 -1.0 1
515 nan 0.25 0.2 -1.0 1.0 2314.162907798867 2314.163874375374 2315.144149604614 2313.5271337688187 2316.6960659506053 2314.679259634962 1.0 2314.9589668779586 1.0 2
516 nan 0.0625 0.2 1.0 -1.0 2318.3778146437367 2318.3788478806923 2319.2001712698643 2317.742373915932 2321.780919058784 2319.0242210153624 -1.0 2319.0242210153624 -1.0 1
517 1.0 nan 0.2 1.0 1.0 2323.563064310981 2323.5641308781614 2323.841438345003 2322.862929617655 2325.396254043996 2323.707684154566 -1.0 2323.707684154566 -1.0 1
518 1.0 nan 0.2 1.0 1.0 2326.993977617985 2326.995110845614 2327.680780221559 2326.4490617795964 2329.246191641246 2327.4574343879885 -1.0 2327.4574343879885 -1.0 1
519 nan 0.0625 0.2 1.0 -1.0 2330.804822152696 2330.8057553989784 2331.2464142955064 2330.3236003730976 2333.817260575295 2331.0110029207103 -1.0 2331.0110029207103 -1.0 1
520 0.25 nan 0.2 1.0 1.0 2336.312541740817 2336.3133749964263 2336.6060810269314 2334.862576989614 2338.180897669685 2336.4730267712066 -1.0 2336.4730267712066 -1.0 1
521 nan 0.25 0.2 -1.0 1.0 2339.729323032683 2339.730356269639 2342.609154409788 2339.230502894612 2344.1832624109165 2340.38722833172 1.0 2342.184427360514 1.0 3
522 nan 1.0 0.2 -1.0 1.0 2345.9960384903857 2345.996971736668 2347.4902991097892 2345.266473208932 2349.045313520877 2347.0263757166445 1.0 2347.4432035027403 1.0 2
523 nan 0.25 0.2 -1.0 1.0 2350.744862199598 2350.745962097003 2353.154037478233 2350.1013222272695 2354.7562803505134 2352.7825054670693 1.0 2353.015450405261 1.0 2
524 nan 0.0625 0.2 -1.0 1.0 2356.3954684596365 2356.396568357041 2359.307296852146 2355.797490904035 2360.874938532349 2359.129080142386 1.0 2359.129080142386 1.0 1
525 nan 0.125 0.2 -1.0 1.0 2362.6289536836316 2362.6298535996903 2369.4233199234936 2361.980847470563 2370.9791298433765 2369.197840955563 1.0 2369.197840955563 1.0 1
526 nan 0.125 0.2 -1.0 1.0 2372.786739526128 2372.7877727630835 2377.7623087517977 2372.0798387972523 2379.3300193287278 2376.961583441293 1.0 2377.6909487414 1.0 2
527 nan 0.25 0.2 -1.0 1.0 2380.878651401103 2380.8796846380587 2385.405462485721 2380.4030290992005 2386.9921021284254 2385.2202130986166 1.0 2385.2202130986166 1.0 1
528 nan 0.0 0.2 1.0 -1.0 2388.6122966942175 2388.613329931173 2392.697282324454 2388.0911119755874 2395.24547029309 2389.9957009873333 1.0 2392.4303738876188 -1.0 2
529 nan 1.0 0.2 -1.0 1.0 2396.9705170619886 2396.971583629169 2401.1316289247093 2396.329776828508 2402.678942506227 2400.8515883794685 1.0 2401.0279719268874 1.0 2
530 nan 1.0 0.2 -1.0 1.0 2404.2288733554446 2404.2298399319516 2404.9391737672067 2403.751051258733 2406.4948871185547 2404.8141854257815 1.0 2404.8141854257815 1.0 1
531 0.125 nan 0.2 1.0 1.0 2408.1458079943573 2408.146841231313 2409.0629224483973 2407.538297994583 2410.6370334785124 2408.6678926290456 1.0 2408.8179786294286 -1.0 2
532 nan 0.0 0.2 -1.0 1.0 2412.19523027518 2412.1961301912384 2413.647461481641 2411.701642982337 2415.2101748932946 2413.50157508953 1.0 2413.50157508953 1.0 1
533 0.0 nan 0.2 1.0 1.0 2416.761970968605 2416.762837554439 2417.674519181905 2416.285682062215 2419.2600245393223 2417.4961358210235 -1.0 2417.4961358210235 -1.0 1
534 1.0 nan 0.2 1.0 1.0 2421.0283730101423 2421.029406247098 2421.3349444139894 2420.352636041062 2422.9190576659767 2421.182991921041 -1.0 2421.182991921041 -1.0 1
535 nan 0.25 0.2 -1.0 1.0 2424.5616434362164 2424.5627100033967 2424.954273479413 2423.989863436978 2426.5479845007335 2424.7871557343715 1.0 2424.7871557343715 1.0 1
536 nan 0.25 0.2 -1.0 1.0 2428.34465723357 2428.3456904705263 2428.969732261593 2427.6257909541428 2430.5510358502197 2428.787149292439 1.0 2428.787149292439 1.0 1
537 0.0 nan 0.2 -1.0 -1.0 2434.9787717546133 2434.9796383404473 2435.690605356697 2431.631050687662 2438.2771186745617 2435.2229823086454 1.0 2435.503956100169 1.0 2
538 nan 1.0 0.2 -1.0 1.0 2439.878781361614 2439.879581286999 2440.3155406218893 2439.38092780005 2441.8782523913455 2440.1303912254584 1.0 2440.1303912254584 1.0 1
539 nan 0.0625 0.2 -1.0 1.0 2443.5120424608285 2443.512875716438 2444.546579295359 2442.9545611278486 2446.1280896374196 2443.6899258683443 1.0 2444.055625090242 -1.0 2
540 nan 0.0625 0.2 -1.0 1.0 2447.8447716488813 2447.8458715462857 2448.4100189241417 2447.2149970592213 2449.993126998325 2448.1052806826356 1.0 2448.1052806826356 1.0 1
541 nan 0.0625 0.2 -1.0 1.0 2451.7781714186376 2451.779237985818 2452.5275681835974 2451.0859359884894 2454.1090786085965 2451.9708867760028 1.0 2452.3176877606766 1.0 2
542 nan 0.0 0.2 -1.0 1.0 2459.4117260479393 2459.412759284895 2459.7775252605097 2455.761999817881 2461.3608386352444 2459.411159434125 1.0 2459.65653654601 1.0 2
543 0.0 nan 0.2 -1.0 -1.0 2462.995525094174 2462.996425010232 2464.4420568322653 2462.4365439010967 2467.035403320273 2463.9820997358215 1.0 2464.34773229727 1.0 2
544 0.0625 nan 0.2 -1.0 -1.0 2469.045060809816 2469.0460273863227 2471.293684397612 2468.109614732367 2473.879168923731 2470.93981740537 1.0 2471.2414226057845 1.0 2
545 nan 1.0 0.2 -1.0 1.0 2476.8616983616366 2476.8626316079194 2477.251695317107 2474.950676616585 2478.8342353941925 2477.0632795586866 1.0 2477.0632795586866 1.0 1
546 nan 0.25 0.2 -1.0 1.0 2480.411467248779 2480.412600476408 2480.760034735345 2479.8936488828117 2482.3282556958743 2480.639046020846 1.0 2480.639046020846 1.0 1
547 0.0 nan 0.2 -1.0 -1.0 2484.0536275179034 2484.0545940944103 2484.403228241425 2483.393055800916 2486.9772087269125 2484.2538088455294 1.0 2484.2538088455294 1.0 1
548 nan 1.0 0.2 -1.0 1.0 2489.444158037104 2489.4451912740597 2489.7487296274885 2488.0355227641326 2491.3116444862244 2489.5919775822294 1.0 2489.5919775822294 1.0 1
549 nan 0.25 0.2 -1.0 1.0 2493.090151282032 2493.0915178212313 2496.152198995822 2492.3861502826776 2497.726208394221 2495.5847519257522 1.0 2495.9770819969294 1.0 2
550 0.0625 nan 0.2 -1.0 -1.0 2499.3446345473867 2499.34580110524 2505.1520595131324 2498.7981188582276 2507.736133733502 2499.5852787674103 1.0 2504.632241333702 1.0 6
551 nan 0.25 0.2 -1.0 1.0 2510.994247902907 2510.9950144980676 2513.7806879912987 2508.8699460520475 2515.358198671236 2513.605737643528 1.0 2513.605737643528 1.0 1
552 nan 0.125 0.2 -1.0 1.0 2516.977389811584 2516.9783230578664 2517.814511727112 2516.4531053820865 2519.3775261001297 2517.6372949240836 1.0 2517.6372949240836 1.0 1
553 nan 1.0 0.2 -1.0 1.0 2521.031178351801 2521.0322782492053 2521.3623474612405 2520.4660310672134 2522.9552812474717 2521.2411254351705 1.0 2521.2411254351705 1.0 1
554 nan 0.125 0.2 -1.0 1.0 2526.227893616232 2526.2289268531877 2527.039817882129 2524.0173998051264 2528.616931135373 2526.8478357896997 1.0 2526.8478357896997 1.0 1
555 nan 0.0 0.2 -1.0 1.0 2530.277649199299 2530.2785491153572 2531.810972841676 2529.7037360656996 2533.38228029826 2531.624956859411 1.0 2531.624956859411 1.0 1
556 nan 1.0 0.2 -1.0 1.0 2535.194123937143 2535.1951571740988 2535.5577900153535 2534.4670917527424 2537.110907592805 2535.424435787609 1.0 2535.424435787609 1.0 1
557 0.0625 nan 0.2 -1.0 -1.0 2538.720228364976 2538.721128281034 2539.286142244724 2538.185011621882 2541.8572579498755 2539.0880273910093 1.0 2539.0880273910093 1.0 1
558 nan 1.0 0.2 -1.0 1.0 2544.427662657582 2544.4287625549864 2544.799594631438 2542.9311689131446 2546.3983042294526 2544.579681810979 1.0 2544.579681810979 1.0 1
559 nan 0.25 0.2 -1.0 1.0 2548.0775555387618 2548.0783887943717 2548.480517951516 2547.466912497896 2550.0446564866215 2548.325632398822 1.0 2548.325632398822 1.0 1
560 nan 0.0 0.2 -1.0 1.0 2551.660254687592 2551.6610212827527 2552.121878295255 2551.11767196491 2553.6770934201445 2551.856969671883 1.0 2551.856969671883 1.0 1
561 nan 0.25 0.2 -1.0 1.0 2556.3282526026833 2556.3293191698635 2557.2043375505114 2554.7523995939973 2558.7798464641633 2556.3788812135167 1.0 2557.120778677991 1.0 2
562 nan 0.25 0.2 -1.0 1.0 2560.5109624508023 2560.5119623575333 2560.903459173101 2559.860056498885 2562.4610727583595 2560.763305579583 1.0 2560.763305579583 1.0 1
563 nan 0.0625 0.2 -1.0 1.0 2564.1132597715673 2564.1142930085234 2564.7931963489195 2563.5727768530214 2566.368303065672 2564.312307871565 1.0 2564.6711410672397 1.0 2
564 nan 1.0 0.2 -1.0 1.0 2569.910818990897 2569.9118855580773 2570.2401549379956 2567.496710839054 2571.8323639652654 2570.0666377898733 1.0 2570.0666377898733 1.0 1
565 nan 0.0 0.2 -1.0 1.0 2573.593508812867 2573.5945087195983 2580.3835421235594 2572.889974436654 2581.9717808965947 2574.4279643104446 1.0 2580.3643439143166 1.0 4
566 nan 0.0625 0.2 -1.0 1.0 2585.7939041262666 2585.7947707121 2586.456009033575 2583.0700915294847 2588.036250158451 2586.051013477134 1.0 2586.366884013583 1.0 2
567 nan 0.125 0.2 -1.0 1.0 2589.6272132322097 2589.6280798180437 2591.078177890144 2589.12026051939 2592.6271903956645 2590.7325767935477 1.0 2590.7325767935477 1.0 1
568 nan 0.25 0.2 -1.0 1.0 2594.417533070776 2594.4187662890777 2594.770000193594 2593.7303971649576 2596.3703133034273 2594.6274134936966 1.0 2594.6274134936966 1.0 1
569 nan 1.0 0.2 -1.0 1.0 2598.1102886205085 2598.111355187689 2598.5048518167187 2597.462215737664 2600.0733560774906 2598.303403940566 1.0 2598.303403940566 1.0 1
570 nan 0.0625 0.2 -1.0 1.0 2601.7607814457274 2601.7616480315614 2602.103882775495 2601.1711697764454 2603.660492323481 2601.950897045591 1.0 2601.950897045591 1.0 1
571 nan 0.125 0.2 -1.0 1.0 2607.159344549004 2607.1602777952867 2608.2109464584173 2604.7683009124316 2609.7794540437812 2607.4188870062508 1.0 2608.1870153573122 1.0 3
572 1.0 nan 0.2 1.0 1.0 2611.5769991487773 2611.5778990648355 2612.002792765232 2610.8864635600726 2613.58349887486 2611.7861129765374 -1.0 2611.7861129765374 -1.0 1
573 nan 0.125 0.2 -1.0 1.0 2615.410274924496 2615.4112081707785 2616.138806968994 2614.663811219282 2617.698448732825 2615.3917766499653 1.0 2615.9350926375832 1.0 2
574 nan 1.0 0.2 -1.0 1.0 2619.276880924595 2619.277847501102 2619.64134692819 2618.788159844511 2621.2164877238993 2619.514592084873 1.0 2619.514592084873 1.0 1
575 nan 1.0 0.2 -1.0 1.0 2625.0265446114904 2625.0274778577727 2625.448605242814 2622.30639833939 2627.010246423345 2625.20422803766 1.0 2625.20422803766 1.0 1
576 nan 0.125 0.2 -1.0 1.0 2628.8574872715026 2628.8584538480095 2629.1453604194726 2628.1154564861304 2630.7204746276852 2629.010239689836 1.0 2629.010239689836 1.0 1
577 nan 0.0 0.2 -1.0 1.0 2632.2769016510947 2632.2781015391724 2632.759789941912 2631.8115783885255 2634.3100976523738 2632.4388865415817 1.0 2632.4388865415817 1.0 1
578 nan 0.0 0.2 1.0 -1.0 2639.775068908965 2639.7763687877155 2640.170032067868 2635.471403676571 2642.7444776906086 2640.01534649652 -1.0 2640.01534649652 -1.0 1
579 nan 1.0 0.2 -1.0 1.0 2645.0262790902575 2645.027312327213 2645.9211289544114 2644.517193243077 2647.569327345789 2645.21669466214 1.0 2645.9096300270003 1.0 3
580 nan 0.25 0.2 -1.0 1.0 2649.393205088524 2649.3942716557044 2649.720274580365 2648.682438053621 2651.3054768813404 2649.5665555855244 1.0 2649.5665555855244 1.0 1
581 nan 0.125 0.2 1.0 -1.0 2652.9592724553886 2652.9602390318955 2653.51692043949 2652.4057907493343 2656.1085274598227 2653.3803998404296 -1.0 2653.3803998404296 -1.0 1
582 nan 0.125 0.2 -1.0 1.0 2657.759724682166 2657.7605579377755 2658.892052395028 2657.2766364100025 2660.4601599668135 2658.686138268808 1.0 2658.686138268808 1.0 1
583 nan 0.25 0.2 -1.0 1.0 2662.0904540567562 2662.0915206239365 2662.74879264871 2661.5978666706446 2664.3214970391364 2662.3925258803124 1.0 2662.7015637207637 1.0 2
584 nan 1.0 0.2 1.0 -1.0 2666.8766076172747 2666.8775408635574 2667.0751557639064 2665.451407222786 2669.642965577298 2666.929769325161 -1.0 2666.929769325161 -1.0 1
585 nan 0.0625 0.2 -1.0 1.0 2671.3915864722376 2671.3924863882958 2672.725095419457 2670.751779485039 2674.2929037481726 2672.313900441281 1.0 2672.5721096895527 1.0 2
586 0.0625 nan 0.2 1.0 1.0 2676.089481598598 2676.090414844881 2677.3750283529344 2675.425610189397 2678.9432611387633 2677.2828702825236 -1.0 2677.2828702825236 -1.0 1
587 nan 0.0 0.2 -1.0 1.0 2680.618492478025 2680.619392394083 2683.0587981862304 2680.08707538051 2684.6270289417434 2680.992590916466 -1.0 2682.7540932749484 1.0 2
588 nan 0.25 0.2 -1.0 1.0 2686.4444823787503 2686.4453156343598 2687.124652267673 2685.8238402705706 2688.6928617661547 2686.7711185776743 1.0 2686.9810989912685 1.0 2
589 nan 0.0625 0.2 -1.0 1.0 2690.3374859165583 2690.338619144187 2691.4600812039007 2689.807068725775 2693.026710855803 2691.030654592989 1.0 2691.387221333406 1.0 2
590 nan 0.125 0.2 -1.0 1.0 2694.754507242068 2694.7552738372287 2694.918325294896 2694.207424939095 2696.48753683513 2694.715744191114 1.0 2694.715744191114 1.0 1
591 0.0625 nan 0.2 -1.0 -1.0 2698.0928625159686 2698.0938957529243 2698.5958822623115 2697.61704023272 2701.164593213304 2698.393067846959 1.0 2698.393067846959 1.0 1
592 nan 1.0 0.2 -1.0 1.0 2704.6430848622467 2704.6441847596516 2705.124906585884 2702.274005843541 2706.6929456117523 2704.807102896421 1.0 2704.807102896421 1.0 1
593 nan 0.0 0.2 1.0 -1.0 2708.527522532389 2708.528489108896 2712.769460189231 2707.839153408269 2715.385633476542 2708.8250947756537 1.0 2712.4437239063654 -1.0 2
594 0.125 nan 0.2 1.0 1.0 2717.0923902913164 2717.093423528272 2717.5024520418633 2716.5245432585543 2719.0591623769983 2717.333134502013 -1.0 2717.333134502013 -1.0 1
595 nan 0.0625 0.2 -1.0 1.0 2720.6795890204376 2720.6807222480666 2721.467082231864 2720.190068014969 2723.0366147370237 2721.3064638805768 1.0 2721.3064638805768 1.0 1
596 nan 0.125 0.2 -1.0 1.0 2724.7091798177544 2724.7100464035884 2726.3869233223704 2724.166030481258 2727.9594621142473 2725.4752750251287 -1.0 2726.0729859389353 1.0 3
597 nan 0.0625 0.2 -1.0 1.0 2729.7595753971577 2729.760675294562 2730.4868742233534 2729.1121691188005 2732.0424870920447 2730.2568623449074 1.0 2730.2568623449074 1.0 1
598 nan 1.0 0.2 -1.0 1.0 2733.7505697946426 2733.751636361823 2734.014711822854 2733.1636912037598 2735.600639125418 2733.8896568209802 1.0 2733.8896568209802 1.0 1
599 0.0625 nan 0.2 -1.0 -1.0 2737.3922634406254 2737.3933300078056 2737.7803272430815 2736.731258430721 2740.3626766998955 2737.5455824727733 1.0 2737.5455824727733 1.0 1
600 0.25 nan 0.2 1.0 1.0 2742.0091994519667 2742.010299349371 2742.6752039955277 2741.504979817546 2744.2431078690774 2742.5347170997657 -1.0 2742.5347170997657 -1.0 1
601 nan 0.0625 0.2 -1.0 1.0 2747.7431979334033 2747.744197840135 2762.964611454381 2745.3866177488403 2764.5543393759153 2762.7666965820126 1.0 2762.7666965820126 1.0 1
602 nan 0.0 0.2 1.0 -1.0 2766.4586855365847 2766.459752103765 2767.266076891966 2765.745252083731 2769.825987610339 2767.0275324760782 -1.0 2767.0275324760782 -1.0 1
603 0.125 nan 0.2 -1.0 -1.0 2771.5016484759512 2771.5027150431315 2775.1783388575327 2770.997295520633 2777.7590485443643 2774.979257427311 1.0 2774.979257427311 1.0 1
604 nan 1.0 0.2 -1.0 1.0 2779.5259333256595 2779.526966562615 2784.915330617231 2778.9220563203426 2786.4755585935054 2784.7323143551607 1.0 2784.7323143551607 1.0 1
605 1.0 nan 0.2 1.0 1.0 2789.2976885093863 2789.29855509522 2789.7300815102676 2787.6705736156036 2791.3086904715824 2789.5625304723094 -1.0 2789.5625304723094 -1.0 1
606 nan 0.25 0.2 -1.0 1.0 2792.959080317977 2792.9598802433625 2793.720209321919 2792.460493491477 2795.336736265285 2793.4717658293903 1.0 2793.4717658293903 1.0 1
607 nan 0.25 0.2 -1.0 1.0 2797.3922334720874 2797.39316671837 2804.1143397854935 2796.49325066011 2805.6749419479574 2797.8075613980864 -1.0 2804.0669775366496 1.0 4
608 nan 1.0 0.2 -1.0 1.0 2807.540720181981 2807.541753418937 2808.164262019682 2806.8490513656475 2809.725594958232 2807.765399224527 1.0 2808.0812364307517 1.0 2
609 nan 0.0 0.2 -1.0 1.0 2811.4517220409543 2811.4527219476854 2812.1109938791906 2810.871209522928 2813.6751330956913 2811.607740821277 1.0 2811.9776063212216 1.0 2
610 0.0625 nan 0.2 1.0 1.0 2815.5227423071756 2815.5236755534584 2816.2781385125236 2814.8327400020607 2817.8741724299834 2815.713024558161 1.0 2815.9219384045746 1.0 2
611 nan 0.25 0.2 -1.0 1.0 2819.492205379711 2819.4933052771157 2819.8404728942573 2819.028381977239 2821.3916116467526 2819.6978528641357 1.0 2819.6978528641357 1.0 1
612 nan 0.125 0.2 -1.0 1.0 2823.0743712449507 2823.0753044912335 2823.4532359054783 2822.520922869121 2825.03604253917 2823.29321749823 1.0 2823.29321749823 1.0 1
613 nan 0.0 0.2 -1.0 1.0 2826.64153850922 2826.6426050764 2833.1428320861087 2826.1665494815807 2834.7084280695954 2827.6153810051546 1.0 2828.6220537721038 1.0 3
614 0.125 nan 0.8 1.0 1.0 2836.5867775108445 2836.587844078025 2837.7531687130227 2835.9359382193766 2839.3228937738145 2837.4053678216173 1.0 2837.5576869470337 -1.0 2
615 nan 0.0625 0.8 -1.0 1.0 2841.2420766104474 2841.243143177627 2848.293685522074 2840.5161109932264 2849.8828880609326 2841.6689367940817 1.0 2843.2942851859725 1.0 2
616 1.0 nan 0.8 1.0 1.0 2851.6079430437476 2851.6090762713766 2852.034003301997 2851.036896309445 2853.6278346885674 2851.847254054796 -1.0 2851.847254054796 -1.0 1
617 0.125 nan 0.8 1.0 1.0 2855.424287065481 2855.425386962886 2855.8727452345142 2854.773447774013 2857.424778462129 2855.5965709953016 -1.0 2855.5965709953016 -1.0 1
618 0.0 nan 0.8 1.0 1.0 2859.3194237376492 2859.320356983932 2859.948198420578 2858.606390247488 2861.5081119282368 2859.7254525310464 -1.0 2859.7254525310464 -1.0 1
619 0.0 nan 0.8 1.0 1.0 2863.882798078412 2863.8836313340216 2864.4410460065524 2863.264222444144 2865.9914524403134 2864.2755281122813 -1.0 2864.2755281122813 -1.0 1
620 0.0625 nan 0.8 1.0 1.0 2867.6768108498113 2867.677610775196 2869.3908842990013 2867.127362100907 2870.964913123257 2869.120909481523 -1.0 2869.120909481523 -1.0 1
621 1.0 nan 0.8 1.0 1.0 2872.740671839864 2872.741571755922 2873.0941388694137 2872.1469272227587 2874.6787453014667 2872.9488857515657 -1.0 2872.9488857515657 -1.0 1
622 0.25 nan 0.8 1.0 1.0 2876.3913979766535 2876.392231232263 2876.6635725889405 2875.822751018506 2878.224975709232 2876.5456835853083 -1.0 2876.5456835853083 -1.0 1
623 nan 1.0 0.8 1.0 -1.0 2879.9008372922963 2879.901870529252 2880.4308545203867 2879.3824856427386 2882.991529154964 2880.268669648554 -1.0 2880.268669648554 -1.0 1
624 1.0 nan 0.8 1.0 1.0 2884.7701497626426 2884.771149669374 2885.0147602793677 2884.151340816804 2886.5911624941887 2884.895871369004 -1.0 2884.895871369004 -1.0 1
625 1.0 nan 0.8 1.0 1.0 2888.3448496576216 2888.345849564353 2888.64168863595 2887.759570917509 2890.250110320705 2888.5129006489456 -1.0 2888.5129006489456 -1.0 1
626 0.0 nan 0.8 1.0 1.0 2892.0244397687243 2892.025439675456 2892.3025138307266 2891.43952766108 2893.874048539266 2892.148961487008 -1.0 2892.148961487008 -1.0 1
627 0.25 nan 0.8 1.0 1.0 2895.6718662133003 2895.672732799134 2895.981570658239 2895.0540571741926 2897.557176230247 2895.8375840889175 -1.0 2895.8375840889175 -1.0 1
628 1.0 nan 0.8 1.0 1.0 2899.282862722629 2899.2836959782385 2899.599399863566 2898.717382135798 2901.1799233016472 2899.4629125947295 -1.0 2899.4629125947295 -1.0 1
629 1.0 nan 0.8 1.0 1.0 2902.857662608281 2902.8586625150124 2903.1339368381664 2902.3765408193553 2904.7075471994417 2903.0192808662996 -1.0 2903.0192808662996 -1.0 1
630 1.0 nan 0.8 1.0 1.0 2906.4248965329984 2906.4259631001787 2906.905785010353 2905.879547401693 2908.519981112061 2906.572749408348 -1.0 2906.572749408348 -1.0 1
631 nan 0.125 0.8 1.0 -1.0 2910.3078343430434 2910.3089342404483 2910.602940149704 2909.6786930276467 2913.173740518814 2910.419790566736 -1.0 2910.419790566736 -1.0 1
632 0.125 nan 0.8 1.0 1.0 2915.138283771763 2915.13925034827 2915.44325532484 2914.373255131569 2917.015988088168 2915.294969156573 -1.0 2915.294969156573 -1.0 1
633 0.125 nan 0.8 1.0 1.0 2918.6904191048366 2918.6915523324656 2919.570303698244 2918.1830997595484 2921.159032487272 2919.2780976211047 -1.0 2919.2780976211047 -1.0 1
634 nan 0.125 0.8 1.0 -1.0 2923.123872230966 2923.1248388074728 2925.8624834473726 2922.361843310966 2928.4238934444047 2925.633771447677 -1.0 2925.633771447677 -1.0 1
635 0.25 nan 0.8 1.0 1.0 2930.3669299514313 2930.3677965372653 2930.7427282313156 2929.618799734998 2932.3261243114944 2930.559711969245 -1.0 2930.559711969245 -1.0 1
636 0.0625 nan 0.8 1.0 1.0 2934.2075717067382 2934.208438292572 2936.76526646521 2933.545333478532 2938.3241925426987 2936.5510197828958 -1.0 2936.5510197828958 -1.0 1
637 0.0625 nan 0.8 1.0 1.0 2940.05095998459 2940.0520598819944 2941.1067281720507 2939.5621055836086 2942.7071463718794 2940.8781828234773 -1.0 2940.8781828234773 -1.0 1
638 1.0 nan 0.8 1.0 1.0 2944.4575156196447 2944.458348875254 2944.7667534414422 2943.9808600807864 2946.373079891921 2944.6071349968865 -1.0 2944.6071349968865 -1.0 1
639 0.125 nan 0.8 1.0 1.0 2948.340320108792 2948.3413200155237 2948.6154944412738 2947.611288110929 2950.185019618818 2948.4563092896346 -1.0 2948.4563092896346 -1.0 1
640 1.0 nan 0.8 1.0 1.0 2951.9241524852514 2951.9252857128804 2952.157430725687 2951.439731004112 2953.7239602784925 2952.0424081213514 -1.0 2952.0424081213514 -1.0 1
641 0.0 nan 0.8 1.0 1.0 2955.5859775867593 2955.5869441632663 2956.59068387047 2954.9245726141626 2958.1569882898616 2956.403967953493 -1.0 2956.403967953493 -1.0 1
642 nan 0.25 0.8 -1.0 1.0 2959.985833846714 2959.986900413894 2960.868618169642 2959.35839237276 2962.4813430264917 2960.6736363570194 1.0 2960.6736363570194 1.0 1
643 0.0 nan 0.8 1.0 1.0 2964.2407369608395 2964.241570216449 2965.7159660221223 2963.641959479853 2967.273600958978 2964.8360480984907 -1.0 2965.3944960079775 1.0 2
644 0.0625 nan 0.8 1.0 1.0 2968.9999930302833 2969.0011595881365 2969.5187113123093 2968.442811669323 2971.0909201185204 2969.291399182038 -1.0 2969.291399182038 -1.0 1
645 0.125 nan 0.8 1.0 1.0 2972.9260268204516 2972.9267934156123 2973.321656583842 2972.273720999111 2974.8905498086306 2973.1235417301277 -1.0 2973.1235417301277 -1.0 1
646 0.125 nan 0.8 1.0 1.0 2976.9050223371596 2976.90608890434 2977.32728294983 2976.1279614859645 2978.9291049230264 2977.0728066866886 -1.0 2977.0728066866886 -1.0 1
647 nan 0.0 0.8 1.0 -1.0 2980.790159942014 2980.791059858072 2981.1357277083857 2980.13372117285 2983.7840625453673 2980.961110662859 -1.0 2980.961110662859 -1.0 1
648 0.0625 nan 0.8 1.0 1.0 2986.6402809251904 2986.6413808225952 2987.5356974031592 2984.951171814061 2989.1170996369324 2986.812231552767 -1.0 2987.3544143127565 -1.0 2
649 0.0625 nan 0.8 1.0 1.0 2990.790793776558 2990.791660362392 2995.0863597644275 2990.3126050473784 2996.6770832437637 2994.891944565619 -1.0 2994.891944565619 -1.0 1
650 1.0 nan 0.8 1.0 1.0 2998.3902182560946 2998.391284823275 2998.6930900050356 2997.9135960474605 3000.298414630169 2998.528505357047 -1.0 2998.528505357047 -1.0 1
651 nan 0.0 0.8 1.0 -1.0 3002.073308040757 3002.0742412870395 3002.4465732235885 3001.5718214847357 3005.0332674631045 3002.2376593771746 -1.0 3002.2376593771746 -1.0 1
652 1.0 nan 0.8 1.0 1.0 3006.8065998654088 3006.8075331116916 3007.092706511487 3006.2895814248263 3008.657101803023 3006.945886873093 -1.0 3006.945886873093 -1.0 1
653 0.25 nan 0.8 1.0 1.0 3010.4988887920003 3010.4998553685073 3010.856722080944 3009.9185095948715 3012.423647899221 3010.6955704460665 -1.0 3010.6955704460665 -1.0 1
654 0.125 nan 0.8 1.0 1.0 3014.145748622762 3014.147148492186 3014.5736753735764 3013.6208642492256 3016.1501772990987 3014.3203656682886 -1.0 3014.3203656682886 -1.0 1
655 0.0625 nan 0.8 1.0 1.0 3017.9064645000053 3017.907464406737 3019.3194993625953 3017.3709811151166 3020.8904259582955 3019.1456489122293 -1.0 3019.1456489122293 -1.0 1
656 0.25 nan 0.8 1.0 1.0 3022.669120252336 3022.670086828843 3023.5068421119026 3022.1125388354144 3025.0728725354847 3023.2926287598125 -1.0 3023.2926287598125 -1.0 1
657 1.0 nan 0.8 1.0 1.0 3026.9631863801083 3026.9640529659423 3027.2951887451572 3026.2797834594207 3028.8565175520675 3027.119105169758 -1.0 3027.119105169758 -1.0 1
658 0.125 nan 0.8 1.0 1.0 3030.7341346362364 3030.7350012220704 3031.041239323674 3030.062930577672 3032.6063423174633 3030.884720589985 -1.0 3030.884720589985 -1.0 1
659 0.0 nan 0.8 1.0 1.0 3034.4461217254366 3034.4469883112706 3035.4291633633 3033.838845037233 3036.9981902688623 3035.255046271139 -1.0 3035.255046271139 -1.0 1
660 0.125 nan 0.8 1.0 1.0 3038.690225846863 3038.6913257442675 3039.1539159284375 3038.2018047387987 3040.7272428528104 3038.955034479562 -1.0 3038.955034479562 -1.0 1
661 nan 0.125 0.8 1.0 -1.0 3042.589562127303 3042.5905620340345 3046.355210877755 3041.920057910182 3048.937711586994 3046.12566562245 -1.0 3046.12566562245 -1.0 1
662 0.25 nan 0.8 1.0 1.0 3051.556392392253 3051.5574922896576 3051.974053433959 3050.862723762457 3053.5602496387814 3051.779671565375 -1.0 3051.779671565375 -1.0 1
663 0.125 nan 0.8 1.0 1.0 3055.306409267471 3055.3074758346506 3055.9046867950915 3054.77935842935 3057.473006942811 3055.7608002164434 -1.0 3055.7608002164434 -1.0 1
664 0.125 nan 0.8 1.0 1.0 3059.1741818254227 3059.1751150717055 3060.6832410644515 3058.699326118681 3062.250245465529 3060.408033401746 -1.0 3060.408033401746 -1.0 1
665 1.0 nan 0.8 1.0 1.0 3064.089523335638 3064.0903899214723 3064.431858070245 3063.453349342897 3066.01338430342 3064.269639868188 -1.0 3064.269639868188 -1.0 1
666 0.0 nan 0.8 1.0 1.0 3067.839740192202 3067.840706768709 3068.5649058840377 3067.212098736902 3070.123136564959 3068.3983214225864 -1.0 3068.3983214225864 -1.0 1
667 0.125 nan 0.8 1.0 1.0 3071.957189460985 3071.9579893863697 3072.5532671937967 3071.312349609905 3074.121169783507 3072.410513842777 -1.0 3072.410513842777 -1.0 1
668 0.25 nan 0.8 1.0 1.0 3075.9725149222672 3075.973648149896 3076.3084835840173 3075.322475556184 3077.890208429209 3076.1225342622015 -1.0 3076.1225342622015 -1.0 1
669 nan 0.0 0.8 1.0 -1.0 3079.5727124388964 3079.573645685179 3080.0336361118475 3079.1116221148236 3082.5896710084035 3079.7745269475176 -1.0 3079.7745269475176 -1.0 1
670 1.0 nan 0.8 1.0 1.0 3084.4122276886474 3084.413227595379 3084.6547717314606 3083.791785561814 3086.2059044872294 3084.533083082249 -1.0 3084.533083082249 -1.0 1
671 0.25 nan 0.8 1.0 1.0 3087.932999280579 3087.933899196638 3088.371425052074 3087.447911194953 3089.9231261605623 3088.177409815958 -1.0 3088.177409815958 -1.0 1
672 0.25 nan 0.8 1.0 1.0 3091.789239580896 3091.7901728271786 3092.1842694002476 3091.1698306910184 3093.739362561393 3092.030150442715 -1.0 3092.030150442715 -1.0 1
673 nan 1.0 0.8 -1.0 1.0 3095.7560695657053 3095.75716946311 3096.397809705918 3094.9733759065903 3097.9561064898435 3096.2322251511982 1.0 3096.2322251511982 1.0 1
674 0.0625 nan 0.8 1.0 1.0 3099.7952261374194 3099.796126053478 3116.542597321187 3099.1822166506226 3118.1051175536963 3105.8408622168095 -1.0 3116.429941162782 -1.0 2
675 0.125 nan 0.8 -1.0 -1.0 3120.0172732128012 3120.018306449757 3124.353935367331 3119.4060302278963 3126.9226974847506 3124.2039826878454 1.0 3124.2039826878454 1.0 1
676 0.25 nan 0.8 1.0 1.0 3129.011467591967 3129.0125674893716 3129.7180350185986 3128.231407020578 3131.2891532250214 3129.5127874968666 -1.0 3129.5127874968666 -1.0 1
677 0.25 nan 0.8 1.0 1.0 3133.098319714769 3133.099186300603 3138.2077097913248 3132.5630696414505 3139.7725353988885 3137.876707333007 -1.0 3137.876707333007 -1.0 1
678 0.0 nan 0.8 1.0 1.0 3141.633323592652 3141.634123518037 3151.3406514526523 3141.0497446939826 3152.952368209928 3150.7710712482226 1.0 3151.0736096949195 -1.0 3
679 nan 0.0625 0.2 -1.0 1.0 3154.8390251338005 3154.840025040532 3177.2200041631722 3154.2559795187217 3178.795427078731 3176.922465250132 1.0 3176.922465250132 1.0 1
680 0.25 nan 0.2 1.0 1.0 3180.60552170457 3180.606821583321 3181.563765655495 3180.084936929979 3183.138986085439 3181.3773163803135 -1.0 3181.3773163803135 -1.0 1
681 nan 1.0 0.2 -1.0 1.0 3184.884822542942 3184.885855779898 3196.674122868839 3184.377403206981 3198.2542460817695 3196.3920158496867 1.0 3196.3920158496867 1.0 1
682 nan 0.25 0.2 -1.0 1.0 3200.22182528207 3200.222691867904 3200.7360439838044 3199.5246569787137 3202.318474759334 3200.5033656874075 1.0 3200.5033656874075 1.0 1
683 nan 0.25 0.2 -1.0 1.0 3204.05503439734 3204.0563342760906 3206.4927070178196 3203.5827784481 3208.0963273508128 3206.3744847119438 1.0 3206.3744847119438 1.0 1
684 nan 1.0 0.2 -1.0 1.0 3210.321749855042 3210.322616440876 3210.7122467638783 3209.370438590788 3212.2712735327145 3210.5742263047205 1.0 3210.5742263047205 1.0 1
685 0.125 nan 0.2 -1.0 -1.0 3214.1089632606677 3214.1099298371746 3243.9336812914967 3213.5118856211247 3246.504730513906 3243.7502650667334 1.0 3243.7502650667334 1.0 1
686 nan 0.25 0.2 -1.0 1.0 3248.4281620584657 3248.428995314075 3264.5970205376693 3247.915843179521 3266.1548140688515 3264.229988106797 1.0 3264.4732320843223 1.0 2
687 nan 0.0 0.2 -1.0 1.0 3268.0235342550545 3268.024500831562 3276.7121238068808 3267.41122470297 3278.2707430609717 3276.5479057913603 1.0 3276.5479057913603 1.0 1
688 nan 0.0625 0.2 -1.0 1.0 3281.4395828422657 3281.4407494001193 3286.3214274769794 3279.5808562192665 3287.887537581143 3283.585316027401 1.0 3286.242834807891 1.0 2
689 nan 0.0 0.2 1.0 -1.0 3299.0806040021093 3299.081603908841 3322.9490776153357 3289.3152482214637 3325.487027896781 3322.5139848662793 -1.0 3322.680735978852 1.0 2
690 nan 0.25 0.2 -1.0 1.0 3327.386663689288 3327.387696926244 3327.7466634428165 3326.917040827774 3329.3042677531907 3327.446391451377 1.0 3327.5799789906923 1.0 2
