UCLA037 8d316998-28c3-4265-b029-e2ca82375b2f churchlandlab_ucla 2026-07-28T16:01:20.797097 _iblrig_tasks_ephysChoiceWorld6.4.2 M 261 610
0 1.0 nan 0.5 1.0 1.0 35.04335398065519 35.04422056869956 35.40122151267005 34.33888456120226 36.97713421332224 35.26660039300832 -1.0 35.26660039300832 -1.0 1
1 nan 0.125 0.5 -1.0 1.0 37.875663682436574 37.87653027048094 38.343954529489636 37.40293990423346 39.910404660194516 38.11487531299172 1.0 38.11487531299172 1.0 1
2 0.25 nan 0.5 1.0 1.0 45.30902261486517 45.30988920290954 45.535002112589 40.282611975670534 47.09210807544879 45.440277373277624 -1.0 45.440277373277624 -1.0 1
3 nan 1.0 0.5 -1.0 1.0 51.22668572738358 51.22755231542795 51.45719814718565 48.891330938738236 53.02541246461387 51.345074986368104 1.0 51.345074986368104 1.0 1
4 0.0 nan 0.5 1.0 1.0 54.22638024296571 54.22724683101008 54.62794381060239 53.438318407540606 56.192060871114364 54.36860067317037 -1.0 54.36860067317037 -1.0 1
5 nan 0.0 0.5 1.0 -1.0 57.11011861214943 57.11125184266899 62.44156824296184 56.60026486927607 64.99232775615317 62.060736127771214 -1.0 62.060736127771214 -1.0 1
6 nan 1.0 0.5 -1.0 1.0 65.9932793428068 65.99424592177937 66.28765263541696 65.39633350147439 67.85897097888163 66.11723476346093 1.0 66.11723476346093 1.0 1
7 nan 0.125 0.5 -1.0 1.0 69.0767662562175 69.07759951395248 69.34557520151878 68.2498746103428 70.90872086143301 69.19948845542386 1.0 69.19948845542386 1.0 1
8 1.0 nan 0.5 1.0 1.0 71.84314860600807 71.84428183652763 72.15065404052135 71.35442627929353 73.70877067355937 72.0247321316127 -1.0 72.0247321316127 -1.0 1
9 nan 0.125 0.5 -1.0 1.0 74.5934990769778 74.59459897718797 75.46368679476154 74.11347596101638 77.02673631423852 74.82987763123407 1.0 75.37336165629081 1.0 3
10 nan 0.25 0.5 -1.0 1.0 78.07531651801351 78.07628309698607 78.3247272232447 77.42404227236105 79.89207843487216 78.2137372929467 1.0 78.2137372929467 1.0 1
11 0.0 nan 0.5 1.0 1.0 80.92689113862738 80.92795770852815 81.51420452054356 80.29298198417172 83.07542291604565 81.07151135110875 1.0 81.2721264833801 -1.0 2
12 0.0 nan 0.5 1.0 1.0 83.96038258793989 83.96128250629366 85.29506149750523 83.47612652268481 86.86027903911541 85.03015219840361 -1.0 85.03015219840361 -1.0 1
13 1.0 nan 0.5 1.0 1.0 88.5256350662928 88.52663497557478 88.78201180618834 87.2620830369845 90.34285998976861 88.60466122987735 1.0 88.60466122987735 1.0 1
14 nan 0.0 0.5 1.0 -1.0 91.89199631557108 91.89296289454364 92.51597303782592 90.73866761944458 95.07683255131032 92.08564541317807 -1.0 92.08564541317807 -1.0 1
15 0.125 nan 0.5 1.0 1.0 96.0753167785232 96.07631668780517 96.59823600268089 95.49003654548036 98.16017972562364 96.20333849692398 1.0 96.20333849692398 1.0 1
16 0.25 nan 0.5 1.0 1.0 99.94206596280557 99.94299921146875 100.20040919095564 98.63028497579721 101.75972751163508 100.08405308084444 -1.0 100.08405308084444 -1.0 1
17 nan 0.125 0.5 1.0 -1.0 102.67528465474435 102.67631789433571 103.52634077493316 102.16683078486572 106.09199879108918 102.86776719152238 1.0 103.09607981090413 -1.0 2
18 1.0 nan 0.5 1.0 1.0 113.54333197071874 113.5443318800007 113.77844397321783 106.506203756423 115.34325568177567 113.668887246224 -1.0 113.668887246224 -1.0 1
19 nan 0.0625 0.5 1.0 -1.0 116.5586250710995 116.55969164100027 117.0616794308555 115.79196129430842 119.60873908046086 116.73714220823945 -1.0 116.73714220823945 -1.0 1
20 nan 0.25 0.5 -1.0 1.0 120.65991964262119 120.66101954283135 120.95185982264523 120.01204508852743 122.50997815316462 120.76650997207854 1.0 120.76650997207854 1.0 1
21 nan 0.25 0.5 -1.0 1.0 124.27535829403666 124.27635820331862 124.50313762846802 122.92008125326286 126.05995261398688 124.41124596545555 1.0 124.41124596545555 1.0 1
22 nan 0.125 0.5 -1.0 1.0 127.42513919284156 127.42603911119532 127.69128171339094 126.46565957617845 129.25979291412796 127.56749294428381 1.0 127.56749294428381 1.0 1
23 nan 0.0 0.5 -1.0 1.0 132.6419658896315 132.64303245953226 133.4607916006317 129.7354962494378 135.0264067525725 132.80348456897806 -1.0 132.80348456897806 -1.0 1
24 0.0625 nan 0.5 -1.0 -1.0 136.02522560577498 136.02635883629452 136.38535959882896 135.4292130131057 138.94188541335805 136.24943859710066 1.0 136.24943859710066 1.0 1
25 0.25 nan 0.5 1.0 1.0 141.84269780824062 141.84369771752256 142.1863332981422 139.34129141817044 143.7418517946764 141.9482548981066 1.0 141.9482548981066 1.0 1
26 nan 0.0625 0.5 -1.0 1.0 145.37647720162903 145.37737711998278 145.9324934230197 144.1493552004936 147.49191176452024 145.66568429628236 -1.0 145.66568429628236 -1.0 1
27 nan 0.0625 0.5 1.0 -1.0 148.5929520495409 148.59405194975108 148.88972512442777 147.88591619626428 151.44288462064156 148.76346991242514 -1.0 148.76346991242514 -1.0 1
28 nan 1.0 0.5 -1.0 1.0 153.59156521069696 153.59239846843192 153.86550702364565 151.84689016521705 155.426355881448 153.7365187262723 1.0 153.7365187262723 1.0 1
29 0.25 nan 0.5 1.0 1.0 157.17507342570838 157.17607333499032 157.48447868785738 155.83976124026447 159.04289848423815 157.36628941072925 -1.0 157.36628941072925 -1.0 1
30 nan 0.0625 0.5 -1.0 1.0 160.64152559411122 160.6423921821556 161.00605918800582 159.4441008986501 162.55957406532016 160.77634669562934 1.0 160.77634669562934 1.0 1
31 nan 0.0625 0.5 -1.0 1.0 163.55862760300312 163.55972750321328 167.99895808172937 162.96618135343954 169.54287684477174 163.64198670680952 -1.0 167.8290401644143 1.0 6
32 nan 1.0 0.5 -1.0 1.0 170.45813496979125 170.4591015487638 170.74030936916142 169.95418069168144 172.2765273321586 170.44393625798736 -1.0 170.44393625798736 -1.0 1
33 nan 1.0 0.5 -1.0 1.0 174.90836455040892 174.90943112030968 175.1624748292653 172.68273314030438 176.72502216044003 175.03505305643372 1.0 175.03505305643372 1.0 1
34 1.0 nan 0.5 1.0 1.0 177.6763134247412 177.67741332495137 178.11833998798804 177.1369290277405 179.6764584955341 177.84753122412283 -1.0 177.84753122412283 -1.0 1
35 nan 0.25 0.5 -1.0 1.0 180.6748747098038 180.67577462815754 181.0804712448777 180.0913609831591 182.6584168451617 180.8958879914272 1.0 180.8958879914272 1.0 1
36 nan 0.125 0.5 -1.0 1.0 183.55971297919766 183.5607795490984 184.3608402959071 183.075323592705 185.94265802900753 183.57244515738802 -1.0 184.2837806205771 1.0 3
37 0.0 nan 0.5 -1.0 -1.0 188.39164126305033 188.3927744935699 188.6834481218368 186.34206054719024 191.25816901095178 188.53756135759826 1.0 188.53756135759826 1.0 1
38 0.0625 nan 0.5 -1.0 -1.0 192.39284491544745 192.3937781641106 192.64312220872299 191.680976167308 195.20823691361954 192.50140173315933 1.0 192.50140173315933 1.0 1
39 0.25 nan 0.5 1.0 1.0 197.0260912249739 197.02712446456528 197.36216073464195 195.71644337776706 198.94277432709396 197.15301304316452 1.0 197.15301304316452 1.0 1
40 0.0625 nan 0.5 1.0 1.0 200.15814039917865 200.15914030846062 200.84751118847393 199.39417637744887 202.42505440791328 200.48931035336508 -1.0 200.75615281041183 -1.0 2
41 nan 0.125 0.5 -1.0 1.0 204.77612142700045 204.77715466659183 205.06469524577523 202.84806301920838 206.64311082608398 204.9632377839653 1.0 204.9632377839653 1.0 1
42 0.0625 nan 0.5 1.0 1.0 208.3250661111653 208.32616601137548 210.0178791952207 207.06351390042093 211.59139090567837 208.47845219501858 1.0 209.67461033872252 -1.0 5
43 0.0 nan 0.5 -1.0 -1.0 213.792603395253 213.79350331360678 214.1831679607881 212.0343962441572 216.75948978044113 213.93322397060652 1.0 213.93322397060652 1.0 1
44 1.0 nan 0.5 1.0 1.0 219.57474546975592 219.5758453699661 219.94424527975096 217.18129595182847 221.50816065270098 219.72903147196294 -1.0 219.72903147196294 -1.0 1
45 1.0 nan 0.5 1.0 1.0 223.0592626658529 223.06019591451607 223.3725009135828 221.93336481436162 224.94123441140843 223.19775010140492 -1.0 223.19775010140492 -1.0 1
46 0.25 nan 0.5 1.0 1.0 226.1262510761112 226.1271843247744 226.4393560026035 225.46694422589366 228.00827359094217 226.30670137119628 -1.0 226.30670137119628 -1.0 1
47 nan 0.0 0.5 1.0 -1.0 229.55940626542466 229.56053949594423 230.05586122391972 228.42277605430695 232.6259495779794 229.76175457378474 -1.0 229.87541092883464 1.0 2
48 nan 1.0 0.5 -1.0 1.0 233.75825865255663 233.7591919012198 234.14249045930595 233.06345502282934 235.70960453608598 233.93960886599547 -1.0 233.93960886599547 -1.0 1
49 0.0625 nan 0.5 1.0 1.0 236.72458952843056 236.72555610740312 237.762828666203 236.13051009370645 239.32607703048248 237.55764728154404 -1.0 237.55764728154404 -1.0 1
50 0.125 nan 0.5 1.0 1.0 240.45821745697415 240.45921736625613 242.56572625056933 239.73258329105298 244.14154155855013 241.09195995988284 -1.0 242.44637041261225 -1.0 3
51 0.0625 nan 0.5 1.0 1.0 245.05913336638378 245.06023326659394 245.73827175069363 244.56404495057407 247.309415155971 245.32627579621513 -1.0 245.63764754661867 -1.0 2
52 0.125 nan 0.5 1.0 1.0 249.15789483439116 249.15889474367313 249.6679485591209 247.73672377193594 251.24266460755854 249.3419448028913 -1.0 249.62305263236073 -1.0 2
53 nan 0.25 0.5 -1.0 1.0 252.32464086068003 252.32557410934322 252.5944830455727 251.66586729541288 254.15911866312769 252.49015917715445 1.0 252.49015917715445 1.0 1
54 0.125 nan 0.5 1.0 1.0 255.2079126055322 255.20891251481416 256.1751581842852 254.6817270110534 257.7428737218904 255.45768994416676 -1.0 255.86108667882036 -1.0 2
55 nan 0.0625 0.5 1.0 -1.0 260.2077923184454 260.20859224587093 266.0169319435613 258.16277785497294 268.5911550806231 260.23922280020844 -1.0 265.98860118057235 -1.0 7
56 0.125 nan 0.5 1.0 1.0 269.55887726275245 269.5599438326532 269.85998327786115 269.0125601613968 271.42599882000434 269.7227290637569 -1.0 269.7227290637569 -1.0 1
57 0.25 nan 0.5 1.0 1.0 272.39112030391505 272.39195356165 272.90104070740716 271.84500318441576 274.47455435081366 272.5824362798641 -1.0 272.5824362798641 -1.0 1
58 0.125 nan 0.5 1.0 1.0 276.30909817374334 276.3099647617877 276.7249937744215 274.891260142228 278.2923404108445 276.4645174064699 -1.0 276.4645174064699 -1.0 1
59 nan 0.0625 0.5 1.0 -1.0 280.20787778535794 280.20897768556813 280.98130761495696 278.701147818676 283.54243209638054 280.51808297493255 1.0 280.91854664235905 -1.0 2
60 1.0 nan 0.5 1.0 1.0 284.62437709286405 284.6253103415272 284.9963433457546 283.9616372207784 286.55806247740963 284.7462993646448 -1.0 284.7462993646448 -1.0 1
61 0.0625 nan 0.5 1.0 1.0 287.6254381511315 287.6263047391759 287.94730894899567 286.97116417763317 289.5093140001773 287.79062316451194 -1.0 287.79062316451194 -1.0 1
62 nan 0.0 0.5 1.0 -1.0 291.2411101147128 291.24231000585115 292.0303385109668 290.0134214983176 294.5921967907823 291.41606090874706 -1.0 291.89145111170205 1.0 4
63 1.0 nan 0.5 1.0 1.0 295.77446548697105 295.7753320750154 296.09743618504535 295.01030148338486 297.6577509918451 295.9279848920619 -1.0 295.9279848920619 -1.0 1
64 0.0625 nan 0.5 1.0 1.0 298.5424476916128 298.54334760996653 299.6773780569511 298.07765652704654 301.2428241190727 299.11472910399004 -1.0 299.5142928530628 -1.0 2
65 0.0625 nan 0.5 1.0 1.0 302.74146673029173 302.7423666486455 303.11826587804507 301.66673090372757 304.674382841831 302.9676128795625 -1.0 302.9676128795625 -1.0 1
66 nan 0.0625 0.5 -1.0 1.0 306.2757460783211 306.27667932698427 306.77740056508236 305.08298762617585 308.3426483480056 306.63638002601607 1.0 306.63638002601607 1.0 1
67 nan 0.25 0.5 -1.0 1.0 309.39096344627944 309.39203001618023 309.67637088566136 308.7614538926644 311.2424866591509 309.54284966620975 1.0 309.54284966620975 1.0 1
68 nan 0.25 0.5 -1.0 1.0 312.3077988126962 312.30876539166877 312.5675085835316 311.6704899666818 314.12562576286075 312.4646845790363 1.0 312.4646845790363 1.0 1
69 0.125 nan 0.5 1.0 1.0 315.10764479312314 315.1087446933333 317.7454054789438 314.54152948798463 319.30911864779716 316.22444347014857 -1.0 317.6169504665208 -1.0 4
70 nan 0.125 0.5 1.0 -1.0 320.40789725433825 320.40869718176384 328.0680356119163 319.739924523677 330.62541503619394 320.4135634069361 -1.0 327.87745290277394 1.0 5
71 nan 0.25 0.5 -1.0 1.0 331.8743569452586 331.87572348794396 332.10883567187915 331.15502220781383 333.6741806170423 332.02101030661333 1.0 332.02101030661333 1.0 1
72 nan 0.25 0.5 -1.0 1.0 335.0422362020671 335.04306945980204 335.29807965701224 334.10178819207067 336.8589281454886 335.1834567229898 1.0 335.1834567229898 1.0 1
73 0.25 nan 0.5 1.0 1.0 338.0407974871296 338.04173073579284 338.412663749092 337.29183210462935 339.9744785849377 338.2551780371827 -1.0 338.2551780371827 -1.0 1
74 nan 0.125 0.5 -1.0 1.0 340.92566908683295 340.9267356567337 341.65210318017967 340.3981836102876 343.20901960131266 341.06562305599846 1.0 341.53948006472115 1.0 2
75 0.25 nan 0.5 1.0 1.0 345.4241609554601 345.4254275072172 346.13336327884764 343.6401228145802 347.6910085853955 345.65444006309633 -1.0 346.0928669529281 -1.0 2
76 nan 0.125 0.5 -1.0 1.0 349.525222214816 349.52608880286033 349.80563010778803 348.1282156266749 351.3753770471738 349.6823079630125 1.0 349.6823079630125 1.0 1
77 nan 1.0 0.5 -1.0 1.0 352.40736072914854 352.4084272990493 352.6242743827159 351.7970827640566 354.19232105668493 352.5113512944728 1.0 352.5113512944728 1.0 1
78 0.125 nan 0.5 1.0 1.0 355.1908748579701 355.1917414460145 355.62803519604466 354.63052569635755 357.19078111888496 355.42675345758533 -1.0 355.42675345758533 -1.0 1
79 nan 1.0 0.5 -1.0 1.0 359.0088284692926 359.00976171795577 359.2105101714647 357.6175880246775 360.77441742892574 359.09782039538743 1.0 359.09782039538743 1.0 1
80 0.25 nan 0.5 1.0 1.0 362.07538358552875 362.0764168251201 362.55077378848375 361.30612004460454 364.10878483832334 362.233702555173 -1.0 362.233702555173 -1.0 1
81 nan 0.0625 0.5 -1.0 1.0 365.24079639944165 365.2417629784142 365.8102114052107 364.5471926608528 367.3752286179293 365.4058147612751 1.0 365.7651488269035 1.0 2
82 nan 1.0 0.5 -1.0 1.0 368.49093485984633 368.49176811758133 368.7071485769163 367.7918316202066 370.2752917596893 368.59532538888334 1.0 368.59532538888334 1.0 1
83 nan 1.0 0.5 -1.0 1.0 371.34087629529967 371.3417762136535 372.0002164758266 370.7122999903478 373.5575339369054 371.66351369028 1.0 371.8981923987569 1.0 2
84 0.125 nan 0.5 1.0 1.0 374.5417858887223 374.5427857980043 376.99159695984315 373.9817366998944 378.5573413215739 375.1963265046959 -1.0 376.8237788520202 -1.0 4
85 nan 0.0625 0.5 -1.0 1.0 379.5422322168953 379.5431321352491 387.81468168843855 378.9896490173727 389.35872898921366 384.80815445942966 -1.0 387.68549340920885 1.0 3
86 0.125 nan 0.5 1.0 1.0 390.85733897283575 390.8588055064493 391.591339046416 389.80313461686126 393.14188628795995 391.01242490246835 1.0 391.01242490246835 1.0 1
87 1.0 nan 0.5 1.0 1.0 394.07394714198523 394.0748137300296 394.43021481914894 393.5908909678685 396.00752773807136 394.3096924203629 -1.0 394.3096924203629 -1.0 1
88 nan 0.25 0.5 -1.0 1.0 396.9583187870475 396.9591520447825 400.8973947427253 396.4449320313779 402.47533831653647 400.269618365199 -1.0 400.86329783621034 1.0 2
89 0.0625 nan 0.5 -1.0 -1.0 404.0574747071344 404.0584746164164 404.4054764675672 402.92524409685734 406.97521916133985 404.23582519272736 1.0 404.23582519272736 1.0 1
90 0.25 nan 0.2 1.0 1.0 408.1740345603607 408.1751677908803 408.7225514621367 407.5222270297579 410.2907641961306 408.29045733109075 1.0 408.6903210529481 -1.0 3
91 nan 0.0625 0.2 -1.0 1.0 411.22499109179824 411.2258243495332 411.89709678082494 410.74506796676496 413.47521004715236 411.59222444075414 -1.0 411.59222444075414 -1.0 1
92 nan 0.0 0.2 1.0 -1.0 414.6408145202243 414.6418477598157 415.51050228336703 413.90741439221324 418.0913884845542 415.124370648982 -1.0 415.40584511185483 -1.0 2
93 nan 1.0 0.2 -1.0 1.0 419.07401231273917 419.07484557047417 419.2980253222085 418.5388941953415 420.8739374166136 419.17810286899163 1.0 419.17810286899163 1.0 1
94 nan 1.0 0.2 -1.0 1.0 421.8751915055421 421.87619141482406 422.1175695154901 421.30694306060207 423.69058216995774 422.01297900459673 1.0 422.01297900459673 1.0 1
95 nan 0.0625 0.2 -1.0 1.0 425.40873758676474 425.4098708172843 425.7217425223288 424.1292869998732 427.29045236275266 425.5804886710967 1.0 425.5804886710967 1.0 1
96 nan 0.125 0.2 -1.0 1.0 429.00847766245334 429.00954423235413 429.825503536746 427.7403593807574 431.39191572820704 429.24665605341715 -1.0 429.7537767109198 1.0 3
97 nan 1.0 0.2 -1.0 1.0 433.9404968654306 433.9415967656408 434.1559773156938 431.8435204496054 435.72508779959816 434.03455499855403 1.0 434.03455499855403 1.0 1
98 nan 1.0 0.2 -1.0 1.0 436.75717465210397 436.7582078916953 436.98572058365147 436.18209349373717 438.558533641745 436.87909692388473 1.0 436.87909692388473 1.0 1
99 nan 0.25 0.2 -1.0 1.0 439.7571024798519 439.7582357103714 439.99278109761076 438.9916385941992 441.558280882609 439.8057314012647 1.0 439.8057314012647 1.0 1
100 nan 0.0 0.2 -1.0 1.0 442.7738954441556 442.77489535343756 447.3546798466883 442.12378775933206 448.9237229736793 445.92037664233 1.0 447.3150167785038 1.0 3
101 nan 1.0 0.2 -1.0 1.0 450.09169819389854 450.09256478194294 450.3308431638349 449.37562982677485 451.9083849311603 450.23098555687613 1.0 450.23098555687613 1.0 1
102 nan 0.125 0.2 -1.0 1.0 453.04053065733814 453.04156389692946 453.4980891447648 452.35999240003355 455.0736337506213 453.270109828477 1.0 453.270109828477 1.0 1
103 nan 0.125 0.2 -1.0 1.0 456.25850536917295 456.25957193907374 457.9633840252307 455.5277383356044 459.5414958782899 457.0703650455088 1.0 457.87722517543483 1.0 4
104 nan 0.0 0.2 1.0 -1.0 460.50691992638093 460.5079198356629 473.89893825188847 459.9907000944124 476.4736910335987 460.4723563955344 -1.0 473.5839001674511 -1.0 14
105 nan 0.25 0.2 -1.0 1.0 479.84153243583717 479.84229903295335 480.07424465605953 476.9258969605588 481.6416881469998 479.9790199621072 1.0 479.9790199621072 1.0 1
106 0.0625 nan 0.2 -1.0 -1.0 484.04035149265974 484.0412847413229 484.31829294273626 482.09439470872053 486.89157959602636 484.19307097032504 1.0 484.19307097032504 1.0 1
107 nan 1.0 0.2 -1.0 1.0 487.87353705537754 487.8746369555877 488.0871843386238 487.3410853627318 489.6568999334671 488.0040252166738 1.0 488.0040252166738 1.0 1
108 nan 0.0625 0.2 -1.0 1.0 493.05796669143183 493.0589999310232 493.2585818237032 490.1144004168773 494.8250903106012 493.1412591346194 1.0 493.1412591346194 1.0 1
109 1.0 nan 0.2 1.0 1.0 496.6735053337755 496.6743385915105 496.9335484077049 495.29489707642256 498.5083573844047 496.7700632401038 1.0 496.7700632401038 1.0 1
110 nan 0.25 0.2 -1.0 1.0 507.8569906979001 507.85802393749145 508.3713107022329 498.9689637420705 509.94034971928954 508.0034440773984 -1.0 508.0034440773984 -1.0 1
111 nan 0.125 0.2 -1.0 1.0 511.4244670340907 511.42536695244445 511.69957540786834 510.4423561373458 513.2746170145017 511.5910519204659 1.0 511.5910519204659 1.0 1
112 nan 1.0 0.2 -1.0 1.0 514.2235797477109 514.224679647921 515.0719361128384 513.7304244898463 516.6401809828556 514.3994304600989 1.0 514.9907101488335 1.0 4
113 nan 0.25 0.2 -1.0 1.0 517.6913317981803 517.6923650377717 518.872591293583 517.0803872269004 520.4417364912033 517.8920469213798 1.0 518.727337805223 1.0 3
114 nan 0.25 0.2 -1.0 1.0 521.4069613596486 521.4080279295492 522.6220844494004 520.8976409017255 524.190196677836 521.7577961963802 -1.0 522.5894874068083 1.0 3
115 nan 0.0 0.2 1.0 -1.0 525.1246240699901 525.1256906398909 525.7220365356541 524.6339019247116 528.2902575641297 525.5467524385258 -1.0 525.5467524385258 -1.0 1
116 nan 1.0 0.2 -1.0 1.0 529.4911945740167 529.4920278317518 529.7052751512853 528.7453622406 531.2748168693349 529.6083506115535 1.0 529.6083506115535 1.0 1
117 nan 0.25 0.2 1.0 -1.0 532.6067452450691 532.6077118240416 543.2267150681882 531.7340244237711 545.7914685346096 532.797627926996 1.0 543.0351657800734 -1.0 4
118 nan 0.0625 0.2 -1.0 1.0 546.7566614759959 546.7577280458966 547.0023725168837 546.2661726428831 548.5735164912246 546.8636184388565 1.0 546.8636184388565 1.0 1
119 nan 0.125 0.2 -1.0 1.0 550.1078574344976 550.108724022542 550.4488264996473 549.0219226239756 552.0079708156716 550.354601714977 1.0 550.354601714977 1.0 1
120 0.0 nan 0.2 1.0 1.0 553.9067127785347 553.9077460181261 554.6023163356875 552.4746760352155 556.1734464433265 554.1090610868947 -1.0 554.1090610868947 -1.0 1
121 nan 0.0 0.2 1.0 -1.0 558.4246028872319 558.4257361177515 562.0957364856528 556.7473550576658 564.6566893159184 561.9453501296454 -1.0 561.9453501296454 -1.0 1
122 nan 1.0 0.2 -1.0 1.0 565.6908103180256 565.6917435666887 565.9047909043658 565.1234951217486 567.4734346569567 565.8034334334841 1.0 565.8034334334841 1.0 1
123 0.0625 nan 0.8 1.0 1.0 570.0412822826127 570.0424155131323 570.4837754701911 567.9351400317028 572.0399189780409 570.2265321422511 1.0 570.2265321422511 1.0 1
124 0.25 nan 0.8 1.0 1.0 573.2409919848969 573.2420918851071 573.9023319839878 572.5025256498573 575.4566772667714 573.4925024996203 -1.0 573.7294143388269 -1.0 2
125 0.0 nan 0.8 1.0 1.0 576.5743895581797 576.5754227977711 580.0075447474933 575.9126829256855 581.5745559861944 579.7956639706451 -1.0 579.7956639706451 -1.0 1
126 0.125 nan 0.8 1.0 1.0 583.5066272887975 583.5074605465325 584.3632162403466 582.045059891351 585.9231276154882 583.6594134270816 1.0 583.6594134270816 1.0 1
127 nan 0.0 0.8 -1.0 1.0 586.9743460089575 586.9751126060737 599.9011732061861 586.3791333437139 601.4398175498744 593.2074138393167 -1.0 599.4688457629743 -1.0 6
128 0.0625 nan 0.8 1.0 1.0 605.2244569111958 605.2254901507871 606.4628778872174 601.9093243474634 608.0066229265686 605.3396797907874 1.0 606.2437644332297 1.0 3
129 0.0625 nan 0.8 1.0 1.0 608.9243545666278 608.9254877971473 609.7526460854972 608.4780283934685 611.2896617525013 609.531399491708 -1.0 609.531399491708 -1.0 1
130 0.25 nan 0.8 1.0 1.0 612.3077809343182 612.308847504219 612.6880797645584 611.7498648852918 614.2411206664015 612.5109291701039 -1.0 612.5109291701039 -1.0 1
131 1.0 nan 0.8 1.0 1.0 616.6229227709426 616.6238560196058 617.2727638132909 614.7177289553981 618.8412058928805 616.7749089818011 -1.0 616.7749089818011 -1.0 1
132 1.0 nan 0.8 1.0 1.0 620.5730977196501 620.5741642895509 620.832840820795 619.3091123963196 622.3909700700146 620.7172513078 -1.0 620.7172513078 -1.0 1
133 1.0 nan 0.8 1.0 1.0 623.723045270002 623.7238451974276 623.9860880717773 622.985878817029 625.5396030752515 623.8823641489283 -1.0 623.8823641489283 -1.0 1
134 0.125 nan 0.8 1.0 1.0 626.8575608871023 626.8585274660749 629.8058933959009 626.0027051116421 631.3564026720827 627.1373355041958 -1.0 629.7761960902266 -1.0 5
135 nan 0.0625 0.8 1.0 -1.0 632.8408180485176 632.8418846184182 633.2435481769832 631.8358092292157 635.8076975158722 632.9604071986404 1.0 632.9604071986404 1.0 1
136 0.25 nan 0.8 1.0 1.0 636.822823442701 636.8238900126017 637.3968047008576 636.2822058242525 638.9577488272417 637.0272715605531 -1.0 637.1576597309212 -1.0 2
137 1.0 nan 0.8 1.0 1.0 640.0562634180968 640.05719666676 640.5400528590203 639.4364529845168 642.0895966758103 640.2268479415999 -1.0 640.4240967126219 -1.0 2
138 0.125 nan 0.8 1.0 1.0 644.1739231715333 644.1748897505058 644.6697448541498 642.5681021950088 646.2230572806121 644.3563732851824 -1.0 644.6190161232448 -1.0 2
139 0.25 nan 0.8 1.0 1.0 648.1409965871061 648.1418965054598 649.7832142614941 646.6852619938043 651.341154440665 648.3462779626932 -1.0 649.6502929876117 -1.0 4
140 0.25 nan 0.8 1.0 1.0 653.2894294890096 653.2902294164353 653.816581662461 651.8205627538048 655.3732238698493 653.4742127243167 -1.0 653.4742127243167 -1.0 1
141 1.0 nan 0.8 1.0 1.0 656.7241845331743 656.725251103075 657.0827520016866 655.8553300277665 658.6405639185938 656.8663049724507 -1.0 656.8663049724507 -1.0 1
142 0.25 nan 0.8 1.0 1.0 659.6728836753763 659.6739169149677 660.8764078174573 659.1176673814111 662.4406479674122 659.8656328546294 -1.0 660.2902609963701 1.0 2
143 nan 0.125 0.8 -1.0 1.0 663.4395086102246 663.4405751801254 663.7494471573241 662.9063569810816 665.3072911517606 663.6461231981878 1.0 663.6461231981878 1.0 1
144 0.0 nan 0.8 1.0 1.0 667.0728456377873 667.0739122076881 669.7978650736139 665.7874955861322 671.3560754139029 667.8426091333524 -1.0 669.7198054890019 -1.0 2
145 nan 0.25 0.8 -1.0 1.0 673.1072314938202 673.108298063721 673.3580087417367 671.8363801267536 674.9073361380705 673.2352198819116 1.0 673.2352198819116 1.0 1
146 0.25 nan 0.8 1.0 1.0 676.4727261550541 676.4735927430985 677.0358750626561 675.5293450778306 678.5905152365223 676.594315123741 1.0 676.594315123741 1.0 1
147 0.125 nan 0.8 1.0 1.0 680.4560647616136 680.4569313496579 681.0887406946214 679.0694238996955 682.6405838722937 680.6146170434236 1.0 680.6146170434236 1.0 1
148 0.125 nan 0.8 1.0 1.0 683.5892804966472 683.5902804059292 684.0054094094911 683.1207896677378 685.5560209459891 683.84802368851 -1.0 683.84802368851 -1.0 1
149 0.0625 nan 0.8 1.0 1.0 687.0906294989906 687.0916294082725 687.82966244929 686.0405247710722 689.3893009195768 687.3034768548113 -1.0 687.4756612331655 -1.0 2
150 0.0625 nan 0.8 1.0 1.0 691.1073650755676 691.1082983242308 691.9611209508176 689.8798097804099 693.5071651525167 691.2152886174008 1.0 691.7580727059602 1.0 4
151 1.0 nan 0.8 1.0 1.0 694.6560097869478 694.656943035611 695.1224008063651 693.9895702505189 696.6737096216634 694.7997634113848 -1.0 695.0617063129499 -1.0 2
152 0.125 nan 0.8 1.0 1.0 697.8058573463716 697.8069572465816 698.1452265566701 697.1748145985241 699.7072665569503 697.9597100545564 -1.0 697.9597100545564 -1.0 1
153 1.0 nan 0.8 1.0 1.0 701.7060035006715 701.7070367402629 702.1736944021553 700.1926741327286 703.7228365687714 701.84745733376 -1.0 702.1647952095459 -1.0 2
154 0.0625 nan 0.8 1.0 1.0 705.8236965844173 705.8246298330805 706.3592813261466 704.2107429216815 707.907193675018 705.9831154542718 -1.0 706.3031197548097 -1.0 2
155 0.25 nan 0.8 1.0 1.0 709.0224730380385 709.0233062957735 709.5983207935215 708.3807979214929 711.15606063582 709.1801587318042 -1.0 709.406638184169 -1.0 2
156 1.0 nan 0.8 1.0 1.0 712.6569432961207 712.657976535712 713.0381753750241 711.637069158827 714.5894183712338 712.781498662344 -1.0 712.9935794210485 -1.0 2
157 0.125 nan 0.8 1.0 1.0 715.6067756688423 715.6076422568866 715.9722425114 715.0729241032017 717.523854813542 715.7829930146337 -1.0 715.7829930146337 -1.0 1
158 nan 0.0625 0.8 1.0 -1.0 718.522777777524 718.5236776958777 719.1253231108354 718.0014584082174 721.6739388495208 718.6967619925857 -1.0 719.0666617662935 -1.0 2
159 0.125 nan 0.8 1.0 1.0 722.7724922167985 722.7733254745335 723.2128522645754 722.1649473370773 724.7737803815902 722.9112129645163 -1.0 722.9112129645163 -1.0 1
160 1.0 nan 0.8 1.0 1.0 725.8890761274422 725.8900093761054 726.3435015657853 725.4129859879898 727.8891424021482 726.0427621840801 -1.0 726.23791114561 -1.0 2
161 nan 0.125 0.8 -1.0 1.0 728.9903947563813 728.9913613353539 730.6240798715631 728.3706509834201 732.1725217686117 729.1983425567204 1.0 730.5350212848496 1.0 4
162 0.125 nan 0.8 1.0 1.0 733.140251588697 733.1413514889072 733.7935256529133 732.6591285725253 735.3403690264337 733.6554048507647 -1.0 733.6554048507647 -1.0 1
163 0.0 nan 0.8 1.0 1.0 737.1392554406738 737.140355340884 737.5842150711477 735.8316740726497 739.1390237344351 737.2798426857179 -1.0 737.5336529917897 -1.0 2
164 0.125 nan 0.8 1.0 1.0 740.1236513442418 740.1246845838332 740.4170580578794 739.6362288995939 741.9724670775917 740.2622721010315 -1.0 740.2622721010315 -1.0 1
165 0.25 nan 0.8 1.0 1.0 743.0401200772552 743.0410533259184 743.5468074407356 742.4607726392853 745.105842780534 743.18953985429 -1.0 743.18953985429 -1.0 1
166 0.125 nan 0.8 1.0 1.0 746.3237221682963 746.3247220775783 746.7309518885307 745.6084537285981 748.2891936613873 746.4776082067905 -1.0 746.4776082067905 -1.0 1
167 nan 0.125 0.8 -1.0 1.0 749.273321228852 749.2743877987527 749.7167143347841 748.7867987025578 751.2725523385789 749.4304069770485 -1.0 749.5632282600027 1.0 2
168 0.25 nan 0.8 1.0 1.0 752.57372179583 752.574721705112 752.9976500010733 751.7763608040827 754.5402940965749 752.7054098482647 -1.0 752.7054098482647 -1.0 1
169 0.0 nan 0.8 1.0 1.0 756.1556968166092 756.1567300562004 756.4219393280868 755.0427977857834 757.9737471300332 756.2812854224238 -1.0 756.2812854224238 -1.0 1
170 0.0 nan 0.8 1.0 1.0 759.3725382979244 759.3734715465876 759.980783114143 758.4734532018919 761.523522870239 759.5373233475921 -1.0 759.9206552359876 -1.0 2
171 nan 0.125 0.8 1.0 -1.0 762.5223191967293 762.5234524272489 762.9840773031402 762.0160317969616 765.5407943771995 762.7037360707869 -1.0 762.7037360707869 -1.0 1
172 0.0625 nan 0.8 1.0 1.0 769.9725765960231 769.9734098537581 770.1472607475822 766.0316008127096 771.6901866589312 769.9428459600393 -1.0 769.9428459600393 -1.0 1
173 nan 0.125 0.8 -1.0 1.0 772.8223180496201 772.8234179498302 773.135722948897 772.3480944074939 774.6900326649554 772.9984354044833 1.0 772.9984354044833 1.0 1
174 0.125 nan 0.8 1.0 1.0 776.2224429023192 776.2234428116012 776.6983663902247 775.1727381381137 778.2390063190271 776.4010600303874 -1.0 776.6248730580004 -1.0 2
175 1.0 nan 0.8 1.0 1.0 779.5567737242653 779.5577736335473 779.8283157549373 778.7343150095406 781.3738579677797 779.6787959869743 -1.0 779.6787959869743 -1.0 1
176 nan 0.0 0.8 1.0 -1.0 782.4889743633149 782.4901075938344 783.2014430570235 781.871763693868 785.7556261822288 782.6929225265261 -1.0 783.1655796441104 -1.0 2
177 nan 1.0 0.8 -1.0 1.0 786.9563023926542 786.9571023200797 787.2134457296659 786.2618320660208 788.7557849638793 787.072458520909 1.0 787.072458520909 1.0 1
178 1.0 nan 0.8 1.0 1.0 790.340095393748 790.3411619636487 791.633211407493 789.261193278509 793.1724527190078 790.4615177108877 -1.0 791.4134980079361 -1.0 2
179 1.0 nan 0.8 1.0 1.0 794.7733265165723 794.7741597743072 795.0393690461934 793.6882582940945 796.5891084771221 794.9152803043017 -1.0 794.9152803043017 -1.0 1
180 0.0 nan 0.8 -1.0 -1.0 798.1068240807833 798.1077906597559 798.4407937809592 797.1043150346864 800.9890772362976 798.32267116445 1.0 798.32267116445 1.0 1
181 0.0625 nan 0.8 1.0 1.0 802.1735551214584 802.1744883701216 802.6488120031759 801.4975831165415 804.1900213528096 802.3837027222179 -1.0 802.6300137086749 -1.0 2
182 0.0625 nan 0.8 1.0 1.0 805.5389497917641 805.5398163798085 806.0081738874804 804.6970261763506 807.5555793837938 805.6996018830664 -1.0 805.8960507266629 -1.0 2
183 0.0625 nan 0.8 1.0 1.0 809.1899518833081 809.1908184713525 809.4871249219078 808.072086636382 811.040160699934 809.3387717147738 -1.0 809.3387717147738 -1.0 1
184 nan 1.0 0.8 -1.0 1.0 812.1721479864559 812.1731478957379 812.3984607872737 811.550171082765 813.9555020607929 812.2828379439693 1.0 812.2828379439693 1.0 1
185 1.0 nan 0.8 1.0 1.0 815.7400242863592 815.7411575168788 816.1663189435699 814.469206249602 817.7055587318363 815.8907106151512 -1.0 816.0999916278663 -1.0 2
186 0.0625 nan 0.8 1.0 1.0 818.9070036248139 818.907836882549 819.4578869785572 818.2312649320628 821.0055211060002 819.0684556435417 -1.0 819.4156908068584 -1.0 2
187 0.0625 nan 0.8 1.0 1.0 822.0065557473549 822.0075223263275 822.6166337305904 821.5569298735652 824.1555600341917 822.203971169924 -1.0 822.5105766860835 -1.0 2
188 0.25 nan 0.8 1.0 1.0 825.8731716103997 825.8741715196816 826.1266152830681 824.8389654400645 827.6903200958825 826.0207582204175 -1.0 826.0207582204175 -1.0 1
189 1.0 nan 0.8 1.0 1.0 829.105311703729 829.1061782917734 829.3626550225971 828.1969274513742 830.9233888249258 829.2342333404836 -1.0 829.2342333404836 -1.0 1
190 nan 1.0 0.8 -1.0 1.0 831.9721182757381 831.9731848456389 832.2069969660714 831.456098425626 833.7722350101806 832.0925740139054 1.0 832.0925740139054 1.0 1
191 0.25 nan 0.8 1.0 1.0 837.8898813791848 837.8908812884666 838.4511971197699 834.2954408226905 840.006636150651 838.0437007570602 -1.0 838.2313170686659 1.0 2
192 1.0 nan 0.8 1.0 1.0 841.0385623777795 841.0395289567521 841.2837734640264 840.5220425730263 842.8385793706016 841.1789829712766 -1.0 841.1789829712766 -1.0 1
193 nan 0.0 0.8 1.0 -1.0 843.9899946053521 843.990894523706 844.3455623460185 843.3589851878141 846.9065421453314 844.1373479032042 -1.0 844.1373479032042 -1.0 1
194 nan 1.0 0.8 -1.0 1.0 848.0386939486425 848.0395605366868 848.2498747889933 847.4386483885361 849.8054102523199 848.1392514920987 1.0 848.1392514920987 1.0 1
195 0.125 nan 0.8 1.0 1.0 855.1564148510646 855.1572481087995 855.7315960003596 850.3117210587121 857.2887330547372 855.2694045999265 1.0 855.6537697279134 -1.0 2
196 0.25 nan 0.8 1.0 1.0 858.5065442396656 858.507577479257 858.7857522414993 857.8240394941065 860.3400895814981 858.6674963037524 -1.0 858.6674963037524 -1.0 1
197 1.0 nan 0.8 1.0 1.0 861.6887555295156 861.6895887872505 862.1118171467144 860.8587974951762 863.6733536557496 861.8452080018335 -1.0 861.8452080018335 -1.0 1
198 0.25 nan 0.8 1.0 1.0 865.0550834484844 865.0559167062194 865.3312583921628 864.1930616565033 866.8883985867313 865.2158022004054 -1.0 865.2158022004054 -1.0 1
199 0.0625 nan 0.8 1.0 1.0 867.9729853848019 867.973918633465 868.2604259730571 867.4079033192547 869.8220323801685 868.1273713779372 -1.0 868.1273713779372 -1.0 1
200 0.0625 nan 0.8 1.0 1.0 870.8398252871204 870.8405918842366 871.1755614936944 870.3509363088589 872.7399955328377 871.010543131861 -1.0 871.010543131861 -1.0 1
201 0.125 nan 0.8 1.0 1.0 873.8052895749499 873.8062894842319 874.0354020310392 873.257605930909 875.5898417791326 873.9082135703735 -1.0 873.9082135703735 -1.0 1
202 1.0 nan 0.8 1.0 1.0 876.9550371434455 876.9559370617992 877.2360783122962 876.1082473028597 878.7899972740558 877.0943911670419 -1.0 877.0943911670419 -1.0 1
203 0.125 nan 0.8 1.0 1.0 880.2052755947783 880.2062755040603 880.7291280675992 879.4841076903166 882.288664418761 880.3772599912761 -1.0 880.3772599912761 -1.0 1
204 0.125 nan 0.8 1.0 1.0 883.7063579546466 883.7073245336192 884.3866962300947 882.8101725955318 885.9384050398933 883.876809156912 -1.0 884.1764486384071 -1.0 2
205 0.25 nan 0.8 1.0 1.0 887.3060313697164 887.3069646183795 887.6009379472769 886.460108117175 889.1566728093637 887.4568176894365 -1.0 887.4568176894365 -1.0 1
206 1.0 nan 0.8 1.0 1.0 890.4050835376163 890.40598345597 890.8354111622641 889.677182910656 892.3885185522776 890.5360716535536 -1.0 890.5360716535536 -1.0 1
207 1.0 nan 0.8 1.0 1.0 894.0729840960255 894.0739840053075 894.29726374797 892.9092230130572 895.8551956268817 894.1871737360258 -1.0 894.1871737360258 -1.0 1
208 0.0625 nan 0.8 1.0 1.0 897.5392362825719 897.5403361827821 897.7895135758475 896.3967066066906 899.3395530927492 897.4945070073587 -1.0 897.4945070073587 -1.0 1
209 nan 0.25 0.2 -1.0 1.0 900.5216990281949 900.5226656071675 900.8362704883007 899.8609589746732 902.3896071147695 900.7351129992753 1.0 900.7351129992753 1.0 1
210 nan 0.25 0.2 -1.0 1.0 904.1217724069775 904.1226723253312 904.4186121424832 902.9198147894382 905.9718529502841 904.2816912314729 1.0 904.2816912314729 1.0 1
211 nan 0.0625 0.2 -1.0 1.0 907.2228577237507 907.2236909814857 907.4917666599803 906.4944571421495 909.0384051813351 907.3321478082694 1.0 907.3321478082694 1.0 1
212 nan 0.0 0.2 1.0 -1.0 916.1063517575021 916.1073516667841 916.5843750548996 909.5575125758987 919.1386852351253 916.2797360269947 -1.0 916.2797360269947 -1.0 1
213 nan 0.125 0.2 -1.0 1.0 920.3227358873778 920.3237024663504 920.6206088624749 919.6921930941714 922.1716175905528 920.5307503483357 1.0 920.5307503483357 1.0 1
214 nan 0.25 0.2 -1.0 1.0 925.1561973654628 925.1570306231978 925.4022750397542 922.6982203685393 926.9551100628958 925.2990844018555 1.0 925.2990844018555 1.0 1
215 nan 0.125 0.2 1.0 -1.0 927.9728084915174 927.9737084098712 928.4903948661713 927.4889190596657 931.0398761808227 928.1437929787332 1.0 928.1437929787332 1.0 1
216 nan 0.0625 0.2 1.0 -1.0 932.104933599233 932.1060668297525 932.4557351056553 931.5673823692492 935.0061479699691 932.0721365747846 -1.0 932.0721365747846 -1.0 1
217 0.125 nan 0.2 1.0 1.0 936.6547208140248 936.6557207233068 937.1494759267406 935.5348557485347 938.706311595791 936.7891419518302 1.0 937.1158789748666 -1.0 2
218 nan 1.0 0.2 -1.0 1.0 940.4049139063396 940.4057471640747 940.6109285487336 939.2394196472826 942.1728663060057 940.5045382011326 1.0 940.5045382011326 1.0 1
219 nan 0.0 0.2 1.0 -1.0 943.2213917111566 943.222424950748 951.83810994848 942.6984724869989 954.3891691761729 943.5274639423658 1.0 950.759707787882 1.0 16
220 0.0625 nan 0.2 1.0 1.0 955.8548788553663 955.8557787737201 956.840722746764 955.1154792716635 958.3895281733313 955.983133885933 1.0 956.5147523208437 1.0 3
221 nan 0.0625 0.2 -1.0 1.0 959.6714659240035 959.6724325029761 960.4652605726452 958.9231338173818 962.0224952720346 959.7807893388316 1.0 959.7807893388316 1.0 1
222 nan 0.125 0.2 -1.0 1.0 963.1382847258097 963.1391179835448 963.480220369932 962.5625036309456 965.0382542083071 963.3264676526754 1.0 963.3264676526754 1.0 1
223 nan 0.0625 0.2 -1.0 1.0 966.556041312181 966.5574745154852 966.8121847399108 965.5832629020678 968.3714192180969 966.6772969777738 1.0 966.6772969777738 1.0 1
224 0.125 nan 0.2 1.0 1.0 969.9726646680326 969.9737978985522 970.5664441299722 968.9103277165649 972.1225800045241 970.0990532012729 1.0 970.0990532012729 1.0 1
225 nan 0.125 0.2 -1.0 1.0 973.8047503305403 973.8058169004411 974.2569093078444 972.6703865804617 975.8060438125141 973.9881670231619 -1.0 974.0874246845515 1.0 2
226 nan 0.125 0.2 1.0 -1.0 977.1379145916574 977.1388145100111 977.7594915316355 976.362451613185 980.3061058523759 977.2423384510038 1.0 977.2423384510038 1.0 1
227 nan 0.125 0.2 -1.0 1.0 981.3545320336989 981.3554986126715 981.6459389287726 980.8508110677549 983.1880721853605 981.4922862024441 1.0 981.4922862024441 1.0 1
228 nan 0.125 0.2 -1.0 1.0 984.1888415540442 984.1898414633262 984.4379856168001 983.723883737931 985.9883231164338 984.3269290258834 1.0 984.3269290258834 1.0 1
229 1.0 nan 0.2 1.0 1.0 987.2222996730472 987.2231662610917 987.6306292934919 986.5215299179376 989.1727683267598 987.4409798330128 -1.0 987.4409798330128 -1.0 1
230 nan 0.25 0.2 -1.0 1.0 990.4381412450806 990.439174484672 990.6882852171185 989.7125737397782 992.2391199022488 990.5677628183325 1.0 990.5677628183325 1.0 1
231 nan 0.25 0.2 -1.0 1.0 993.971587335375 993.9725205840382 994.2606611087907 992.7931275859619 995.8057678951598 994.1026087816217 1.0 994.1026087816217 1.0 1
232 nan 0.125 0.2 -1.0 1.0 996.9880803268942 996.9891802271043 997.4809022816647 996.3377726602142 999.0214360669329 997.1729635531293 -1.0 997.1729635531293 -1.0 1
233 nan 0.25 0.2 -1.0 1.0 1000.2726156665984 1000.2735489152616 1000.5250594299848 999.5652465102278 1002.0713942576167 1000.4124029842169 1.0 1000.4124029842169 1.0 1
234 0.25 nan 0.8 1.0 1.0 1003.72250267123 1003.7235359108214 1004.1163002767768 1002.6239023431364 1005.6713389960337 1003.884887938621 -1.0 1003.884887938621 -1.0 1
235 nan 0.0625 0.8 -1.0 1.0 1007.0721321051901 1007.0731986750909 1007.5389564186296 1006.2152431808565 1009.089292693147 1007.2338507663931 -1.0 1007.2338507663931 -1.0 1
236 0.0 nan 0.8 -1.0 -1.0 1012.1546043247935 1012.155570903766 1012.3898829788396 1009.6337996946532 1014.9380045518247 1012.2752933751266 1.0 1012.2752933751266 1.0 1
237 nan 0.125 0.8 1.0 -1.0 1016.155674655953 1016.1565745743068 1016.5802361370748 1015.6879170938504 1019.122482597981 1016.3602227647334 -1.0 1016.3602227647334 -1.0 1
238 nan 0.0625 0.8 1.0 -1.0 1021.4378287591646 1021.4389286593748 1022.3242483376256 1019.6555904549923 1024.87126213375 1021.563317374051 1.0 1022.1920603305499 -1.0 2
239 0.0625 nan 0.8 1.0 1.0 1025.9722173710143 1025.9732506106056 1026.2706902916805 1025.4200674655137 1027.8378219804672 1026.1419686367824 -1.0 1026.1419686367824 -1.0 1
240 1.0 nan 0.8 1.0 1.0 1028.9557133562284 1028.9566132745824 1029.2233224103916 1028.3844318531333 1030.7711613032443 1029.093900818996 -1.0 1029.093900818996 -1.0 1
241 0.25 nan 0.8 1.0 1.0 1033.089238336939 1033.0902715765303 1034.1560082195567 1031.3190656047689 1035.704343056475 1033.1974618515567 1.0 1033.790208073905 -1.0 3
242 nan 0.125 0.8 -1.0 1.0 1036.7892026529896 1036.7903025531998 1037.1373710649696 1036.260450624687 1038.687903666625 1036.9887845456697 1.0 1036.9887845456697 1.0 1
243 0.0 nan 0.8 1.0 1.0 1039.9223850577139 1039.9232849760679 1040.6812162117963 1039.2432133430948 1042.2391534399303 1040.0613057872881 1.0 1040.5653600563262 -1.0 3
244 0.0625 nan 0.8 1.0 1.0 1043.3044115524096 1043.3053114707634 1045.9496048972262 1042.7878584173473 1047.5056396800774 1043.2818136026374 -1.0 1045.7974187045113 -1.0 3
245 0.0 nan 0.8 1.0 1.0 1050.471228000576 1050.4723279007862 1051.021811381535 1048.0578469576283 1052.5877434788697 1050.5668859885507 1.0 1050.5668859885507 1.0 1
246 0.25 nan 0.8 1.0 1.0 1053.6055769661293 1053.6066768663395 1054.0663684935678 1053.1358529157721 1055.6213749680717 1053.7617294656627 -1.0 1053.7617294656627 -1.0 1
247 0.0625 nan 0.8 1.0 1.0 1057.1057594076437 1057.1067259866163 1057.650110020745 1056.1724774141683 1059.2056425629023 1057.2416137487533 1.0 1057.2944422891503 -1.0 2
248 0.25 nan 0.8 1.0 1.0 1060.370996498206 1060.3720297377974 1060.867684768867 1059.758452072075 1062.4211885626444 1060.5559797153694 -1.0 1060.5559797153694 -1.0 1
249 1.0 nan 0.8 1.0 1.0 1063.5390090762521 1063.5400423158435 1063.8232166244957 1062.973493716683 1065.3890479915788 1063.6750967295275 -1.0 1063.6750967295275 -1.0 1
250 nan 0.0625 0.8 1.0 -1.0 1067.5042159944985 1067.5050492522337 1068.0330346834198 1065.9399579137944 1070.587944633804 1067.6390037657072 -1.0 1067.6390037657072 -1.0 1
251 0.125 nan 0.8 1.0 1.0 1072.7387410855792 1072.7397076645518 1073.1601695176178 1071.14095271362 1074.7210051075645 1072.839931904914 1.0 1072.839931904914 1.0 1
252 nan 0.0625 0.8 1.0 -1.0 1076.4555372078764 1076.4564037959208 1077.5884010940322 1075.275710915778 1080.154409222787 1076.6539525397275 -1.0 1077.5569039516504 -1.0 4
253 0.0625 nan 0.8 1.0 1.0 1081.2218714428323 1081.2227380308768 1081.49531330114 1080.7072181354056 1083.055748627729 1081.3658917097446 -1.0 1081.3658917097446 -1.0 1
254 0.25 nan 0.8 1.0 1.0 1084.2376311675448 1084.2384977555892 1084.9933959331624 1083.623853519966 1086.5545068489453 1084.3501209617657 1.0 1084.3501209617657 1.0 1
255 nan 0.25 0.8 -1.0 1.0 1087.9718923719668 1087.9727589600113 1088.3250270000472 1087.3193182442478 1089.8889615434775 1088.1839064700525 1.0 1088.1839064700525 1.0 1
256 0.125 nan 0.8 1.0 1.0 1091.4709082526524 1091.4717748406968 1091.9096017849592 1090.4404684072792 1093.4720330801022 1091.6914882402536 -1.0 1091.6914882402536 -1.0 1
257 0.25 nan 0.8 1.0 1.0 1094.8709997750423 1094.8717997024678 1095.496043067198 1094.0311426388114 1097.0550805014316 1094.956158715556 1.0 1095.4684122407061 -1.0 3
258 0.25 nan 0.8 1.0 1.0 1098.1873988905318 1098.1884654604323 1098.731616182395 1097.60538502781 1100.2877462021029 1098.2805904356107 1.0 1098.5689976028384 1.0 2
259 nan 0.125 0.8 1.0 -1.0 1101.3722099445147 1101.3731431931778 1101.6398189986776 1100.8563567459496 1104.2053980353871 1101.5131638229623 -1.0 1101.5131638229623 -1.0 1
260 1.0 nan 0.8 1.0 1.0 1105.254257740811 1105.255157659165 1105.6216244110046 1104.760402546449 1107.187554134958 1105.3862790963396 -1.0 1105.572762177426 -1.0 2
261 0.125 nan 0.8 1.0 1.0 1108.3055142450332 1108.3065141543152 1108.6485831196749 1107.759163813368 1110.2041146284894 1108.5110622630955 -1.0 1108.5110622630955 -1.0 1
262 0.25 nan 0.8 1.0 1.0 1111.6716088518363 1111.67250877019 1112.1670305707398 1110.77052393724 1113.7206662753665 1111.8307610792156 -1.0 1111.8307610792156 -1.0 1
263 0.125 nan 0.8 1.0 1.0 1115.3387428131293 1115.3398760436487 1115.7834024708186 1114.2826719598283 1117.3376337849227 1115.472197371962 -1.0 1115.7425395114956 -1.0 2
264 nan 0.0 0.8 1.0 -1.0 1119.6716830349726 1119.672549623017 1120.2451976687976 1117.9088429708704 1122.8053090553312 1119.8335350174132 -1.0 1120.1009440897196 1.0 2
265 1.0 nan 0.8 1.0 1.0 1123.8875005495886 1123.8885671194894 1124.1178463178435 1123.3673144108016 1125.6718756350997 1124.0281211249421 -1.0 1124.0281211249421 -1.0 1
266 0.25 nan 0.8 1.0 1.0 1126.80406927353 1126.804902531265 1127.1453049811548 1126.230387988158 1128.7042100748963 1126.9873859752233 -1.0 1126.9873859752233 -1.0 1
267 0.0 nan 0.8 1.0 1.0 1129.7386030342375 1129.73956961321 1131.1077454837211 1129.265412631703 1132.6706769484736 1130.8861322565285 -1.0 1130.8861322565285 -1.0 1
268 0.125 nan 0.8 1.0 1.0 1133.788735580832 1133.789568838567 1134.5178027686213 1133.2399853668903 1136.070835915757 1134.1130394912823 -1.0 1134.3849148250483 -1.0 3
269 nan 0.125 0.8 -1.0 1.0 1137.1049347144651 1137.105934623747 1137.5861577215649 1136.6389436587606 1139.1384906637245 1137.3011835762052 -1.0 1137.4076739147345 1.0 2
270 0.0625 nan 0.8 1.0 1.0 1140.3374747715072 1140.3382746989328 1145.178602220754 1139.7045988566429 1146.720733678252 1140.5311238691143 -1.0 1144.9025272680037 -1.0 8
271 nan 0.0625 0.8 1.0 -1.0 1147.8716245595579 1147.8726244688398 1148.3432817678602 1147.3040427208057 1150.905192253088 1147.9992463142457 1.0 1147.9992463142457 1.0 1
272 1.0 nan 0.8 1.0 1.0 1152.1705345355049 1152.171634435715 1152.4429098239118 1151.4736977569044 1153.9874446258489 1152.3078220799187 -1.0 1152.3078220799187 -1.0 1
273 0.25 nan 0.8 1.0 1.0 1156.438347332783 1156.4393139117556 1156.9593000686862 1154.5437525556274 1158.5218296327505 1156.6208307767415 -1.0 1156.6208307767415 -1.0 1
274 1.0 nan 0.8 1.0 1.0 1159.9705935319391 1159.97166010184 1160.4266521554428 1159.1058386545874 1161.9884943364095 1160.0967487530136 1.0 1160.0967487530136 1.0 1
275 1.0 nan 0.8 1.0 1.0 1163.2373304864243 1163.2383303957063 1163.513505430103 1162.7755057193947 1165.0716397034457 1163.3811174411708 -1.0 1163.3811174411708 -1.0 1
276 nan 0.125 0.8 -1.0 1.0 1166.2038280138454 1166.2047279321991 1166.659053379614 1165.6420456489286 1168.2218866538558 1166.3631468927715 -1.0 1166.3631468927715 -1.0 1
277 0.25 nan 0.8 1.0 1.0 1170.0038499187112 1170.0046831764462 1170.4980384161672 1168.791293262783 1172.0549391848974 1170.210764479459 -1.0 1170.4790734701194 -1.0 2
278 0.25 nan 0.8 1.0 1.0 1173.804005144815 1173.8050383844063 1174.1964028773668 1172.6306449327396 1175.7553014401014 1173.9714899495439 -1.0 1173.9714899495439 -1.0 1
279 1.0 nan 0.8 1.0 1.0 1177.0873072630714 1177.0883738329721 1177.6311579215314 1176.3285094392984 1179.1884568014666 1177.2444263415773 -1.0 1177.490470685559 -1.0 2
280 0.0625 nan 0.8 1.0 1.0 1180.5205624433129 1180.521395701048 1184.1911627567836 1179.7685640026573 1185.7372928552536 1180.708378736775 -1.0 1184.0631077080734 -1.0 5
281 1.0 nan 0.8 1.0 1.0 1186.9551119939879 1186.9560785729605 1187.7655051367103 1186.3174031842607 1189.320540404246 1187.0587359259089 1.0 1187.6644809689224 1.0 5
282 0.125 nan 0.8 1.0 1.0 1191.5052658421832 1191.5060657696088 1192.0081868807015 1189.8962451559564 1193.5538175602528 1191.7035478527966 -1.0 1191.94562588996 -1.0 2
283 1.0 nan 0.8 1.0 1.0 1194.7717028238837 1194.7727360634751 1195.0456446368325 1194.1396268364451 1196.6039746398183 1194.9074905043744 -1.0 1194.9074905043744 -1.0 1
284 1.0 nan 0.8 1.0 1.0 1198.4216050152177 1198.4227715760467 1198.9865204292178 1197.1889835130314 1200.5371227481965 1198.5852568343657 -1.0 1198.8754971686105 -1.0 2
285 0.125 nan 0.8 1.0 1.0 1201.6384131662235 1201.6394464058149 1202.02834445588 1201.116427190729 1203.5871750953454 1201.8266294233986 -1.0 1201.8266294233986 -1.0 1
286 0.25 nan 0.8 1.0 1.0 1205.4213699526774 1205.4224365225782 1205.8880276145699 1204.1659838491717 1207.4383569068593 1205.6153190230689 -1.0 1205.8373322139744 -1.0 2
287 1.0 nan 0.8 1.0 1.0 1208.6870070069524 1208.688140237472 1209.274687022272 1208.0198675340262 1210.820318443951 1208.8476590982546 -1.0 1209.2675543360606 -1.0 3
288 0.0625 nan 0.8 1.0 1.0 1211.9215468825585 1211.9224801312216 1212.4947282132896 1211.4089267240051 1214.0372632784495 1212.1231619241119 -1.0 1212.400836731713 -1.0 2
289 0.0625 nan 0.8 -1.0 -1.0 1215.1885504795189 1215.189483728182 1216.1821603330063 1214.617968912921 1218.7372354375243 1215.3844993684745 -1.0 1216.16256211108 1.0 3
290 0.125 nan 0.8 1.0 1.0 1219.8217301284267 1219.8232299923495 1220.288454450938 1219.3176425290792 1221.8368868493828 1219.7435038922677 -1.0 1220.2619901852754 -1.0 2
291 0.25 nan 0.8 1.0 1.0 1223.1546610773778 1223.155494335113 1223.435735576538 1222.4176946062612 1224.9882344978766 1223.310713585983 -1.0 1223.310713585983 -1.0 1
292 0.0625 nan 0.8 -1.0 -1.0 1230.053501837978 1230.0545350775694 1230.5851869335077 1225.578241195002 1233.1380915687275 1230.2304524505762 -1.0 1230.2304524505762 -1.0 1
293 nan 1.0 0.8 -1.0 1.0 1234.220090485612 1234.2208570827281 1234.4473032047836 1233.7339012624118 1235.9881367382714 1234.3425793726526 1.0 1234.3425793726526 1.0 1
294 0.125 nan 0.8 -1.0 -1.0 1237.9869820629356 1237.9878819812893 1238.500868773246 1236.5754434598966 1241.0536178994 1238.117136921138 1.0 1238.117136921138 1.0 1
295 nan 0.125 0.8 -1.0 1.0 1242.471541862234 1242.472541771516 1242.7567493197594 1241.8762292060621 1244.3049807732589 1242.663524444371 1.0 1242.663524444371 1.0 1
296 0.125 nan 0.8 1.0 1.0 1248.0535020984878 1248.0545686683886 1248.6299497995399 1244.8755904185502 1250.171481441218 1248.2199869939348 -1.0 1248.587920279388 -1.0 2
297 1.0 nan 0.8 1.0 1.0 1251.4534269693306 1251.4542602270656 1251.7812972228865 1250.7650894196267 1253.3215290607511 1251.6676408678366 -1.0 1251.6676408678366 -1.0 1
298 0.125 nan 0.8 1.0 1.0 1254.5702775224495 1254.571244101422 1260.2352302291063 1253.9261359630084 1261.803358861763 1255.0471675893275 -1.0 1260.0177166299698 -1.0 4
299 nan 0.25 0.8 -1.0 1.0 1263.3713123707482 1263.3722789497208 1263.6234894916595 1262.4107661841842 1265.1869186320473 1263.512199588577 1.0 1263.512199588577 1.0 1
300 nan 0.25 0.8 -1.0 1.0 1266.437934147603 1266.4389673871945 1266.6996437370024 1265.77782736996 1268.2702732431178 1266.597053044673 1.0 1266.597053044673 1.0 1
301 1.0 nan 0.8 1.0 1.0 1269.5212210791574 1269.5222876490582 1270.1071012577695 1268.8548815336567 1271.6703304397683 1269.67907342447 -1.0 1269.9029197823925 -1.0 2
302 0.0 nan 0.8 1.0 1.0 1272.8213883339697 1272.8223215826329 1273.1083622978933 1272.2693384193974 1274.6715890280934 1272.9831736557915 -1.0 1272.9831736557915 -1.0 1
303 nan 0.0 0.8 1.0 -1.0 1276.0533284454427 1276.0543283547245 1276.5189861980532 1275.2733992055107 1279.0866584453163 1276.2396115446725 -1.0 1276.4275944896817 -1.0 2
304 0.0625 nan 0.8 1.0 1.0 1280.221283635762 1280.2223168753533 1280.7890987866797 1279.6868654548616 1282.354826043309 1280.440097116965 -1.0 1280.67210940069 -1.0 2
305 1.0 nan 0.8 1.0 1.0 1283.4201934106206 1283.4209933380462 1283.8305561799386 1282.940736909919 1285.387858700193 1283.5621805286594 -1.0 1283.7486636097458 -1.0 2
306 0.25 nan 0.8 1.0 1.0 1287.3034410980554 1287.3043410164091 1287.6940056635906 1285.9767614627458 1289.254633495886 1287.4426618004143 -1.0 1287.6509429038472 -1.0 2
307 1.0 nan 0.8 1.0 1.0 1290.5700114009937 1290.5710113102757 1290.8187555000368 1289.8426440589838 1292.3877860271998 1290.7112985825352 -1.0 1290.7112985825352 -1.0 1
308 nan 0.125 0.8 1.0 -1.0 1293.5366089193428 1293.5376754892436 1293.8213497525367 1292.9745932422604 1296.387752943868 1293.5763719784557 -1.0 1293.6899950031961 -1.0 2
309 1.0 nan 0.8 1.0 1.0 1297.6364702875603 1297.637370205914 1297.903979350795 1297.0006613054688 1299.4701083917198 1297.7774574963173 -1.0 1297.7774574963173 -1.0 1
310 nan 0.25 0.8 -1.0 1.0 1300.5878025242048 1300.5887024425585 1301.1772490459225 1300.0592171474493 1302.737949174401 1300.73775558619 1.0 1301.1528512594425 1.0 2
311 0.125 nan 0.8 1.0 1.0 1303.786578977826 1303.7877122083455 1304.125981518434 1303.329253802565 1305.6879071053968 1303.9604632019596 -1.0 1303.9604632019596 -1.0 1
312 nan 0.25 0.8 -1.0 1.0 1306.9364931978685 1306.9373931162222 1307.199635990572 1306.2928182627588 1308.7547643377447 1307.0323844980087 1.0 1307.0323844980087 1.0 1
313 nan 0.0625 0.8 -1.0 1.0 1310.2698241105325 1310.2707240288862 1310.9046998439608 1309.361373197559 1312.471227628262 1310.7973095870777 1.0 1310.7973095870777 1.0 1
314 1.0 nan 0.8 -1.0 -1.0 1313.6533171388417 1313.6544170390519 1313.8687642587956 1313.0793358806852 1316.4201026916398 1313.7450088199978 1.0 1313.7450088199978 1.0 1
315 0.25 nan 0.8 1.0 1.0 1317.754411728507 1317.7554449680983 1318.072416210481 1317.0142122173786 1319.6364514978854 1317.9329621959564 -1.0 1317.9329621959564 -1.0 1
316 0.0625 nan 0.8 1.0 1.0 1321.0878426320994 1321.0887758807626 1321.4078802629465 1320.5081618910356 1322.969909293578 1321.2573605857017 -1.0 1321.2573605857017 -1.0 1
317 0.0625 nan 0.8 1.0 1.0 1324.0878704507754 1324.0887703691292 1326.2445414507338 1323.5615182047497 1327.803072571477 1324.666684603795 -1.0 1326.1660819024091 -1.0 2
318 0.0 nan 0.8 1.0 1.0 1329.1378456187151 1329.1388121976877 1329.4134206168242 1328.412478095269 1330.9699455072966 1329.3093633908811 -1.0 1329.3093633908811 -1.0 1
319 0.125 nan 0.8 1.0 1.0 1332.188002222727 1332.1888021501525 1333.1343830277963 1331.5651587309917 1334.6866123397665 1332.8159119214909 -1.0 1332.912369836891 -1.0 2
320 0.0625 nan 0.8 1.0 1.0 1336.1045802195606 1336.1054801379144 1336.654230351856 1335.294420389004 1338.2210605297448 1336.2854638086678 -1.0 1336.5819702410795 -1.0 2
321 0.25 nan 0.8 1.0 1.0 1340.0532553043452 1340.054155222699 1340.3892914837038 1338.8282664430112 1341.9531212080062 1340.2190069329854 -1.0 1340.2190069329854 -1.0 1
322 0.0 nan 0.8 -1.0 -1.0 1343.0043875591332 1343.0055207896528 1343.2691635369972 1342.5453292077837 1345.8195989747394 1343.106511627131 1.0 1343.106511627131 1.0 1
323 1.0 nan 0.8 1.0 1.0 1347.0543201238713 1347.0551867119157 1347.4395185095932 1346.4344096993632 1349.0033476946196 1347.1765423684367 1.0 1347.1765423684367 1.0 1
324 0.25 nan 0.8 1.0 1.0 1350.371152533383 1350.3721857729743 1350.643961115812 1349.6169542923071 1352.2029909619093 1350.5092400052222 -1.0 1350.5092400052222 -1.0 1
325 0.0625 nan 0.8 1.0 1.0 1353.404010706817 1353.4048772948613 1354.1067136198717 1352.8179972069672 1355.6711409919963 1353.5640295222406 -1.0 1353.910498088441 -1.0 3
326 0.0 nan 0.8 -1.0 -1.0 1357.0697781254246 1357.0709113559442 1358.0442230510077 1356.2977481688204 1360.604025392634 1357.0035508006492 -1.0 1357.8181435623558 -1.0 5
327 0.125 nan 0.8 -1.0 -1.0 1362.8200564241422 1362.8208896818771 1379.7065910385663 1361.227134277355 1382.2528924160997 1366.695704801034 1.0 1379.4239166845553 1.0 28
328 1.0 nan 0.8 1.0 1.0 1384.053763302523 1384.0546632208768 1384.316439470895 1382.8994013668053 1385.869765503965 1384.0122004067027 -1.0 1384.2048162647184 -1.0 2
329 1.0 nan 0.8 -1.0 -1.0 1390.387122033863 1390.3879886219077 1390.8963091705486 1386.4821763150098 1393.452879472624 1390.583337565294 -1.0 1390.583337565294 -1.0 1
330 nan 0.125 0.2 -1.0 1.0 1396.0541412197026 1396.055007807747 1396.347947897053 1394.0839866311399 1397.9040718326044 1396.2151932747176 -1.0 1396.2151932747176 -1.0 1
331 nan 0.0 0.2 -1.0 1.0 1399.3193449799555 1399.3203448892375 1417.904792125055 1398.5281834257564 1419.4542177905382 1399.5363252941418 -1.0 1417.710709733426 -1.0 18
332 nan 0.25 0.2 -1.0 1.0 1421.0028443836732 1421.003744302027 1421.3181491105856 1420.1023260843365 1422.8705766087148 1421.1424317194353 1.0 1421.1424317194353 1.0 1
333 nan 0.0625 0.2 -1.0 1.0 1424.0528010058285 1424.0537342544917 1424.9256218180549 1423.4893854557513 1426.4694478663673 1424.3700388906864 -1.0 1424.753804073104 -1.0 2
334 nan 0.125 0.2 -1.0 1.0 1428.9204927116662 1428.9214259603293 1429.2142993890166 1427.093058507949 1430.7704254606626 1429.0534139855486 1.0 1429.0534139855486 1.0 1
335 nan 0.25 0.2 -1.0 1.0 1435.2694833581145 1435.270449937087 1435.568089600018 1431.3985345548479 1437.1195180080738 1435.399504895079 1.0 1435.399504895079 1.0 1
336 nan 1.0 0.2 -1.0 1.0 1438.3705353445782 1438.3714685932414 1438.7480677591384 1437.7499249835728 1440.3041893197308 1438.5234881344093 1.0 1438.6229791079647 1.0 2
337 nan 1.0 0.2 -1.0 1.0 1442.1362270307634 1442.1371269491171 1442.367706029538 1440.9347027072463 1443.9193417320166 1442.256116153671 1.0 1442.256116153671 1.0 1
338 nan 0.0625 0.2 -1.0 1.0 1446.5371610837803 1446.5381609930623 1446.9674887084282 1444.8132508210558 1448.5192175061195 1446.6979464963201 1.0 1446.6979464963201 1.0 1
339 nan 0.125 0.2 -1.0 1.0 1449.803931368575 1449.8048312869287 1450.08693902568 1449.1270261149948 1451.6371685782192 1449.9381858548334 1.0 1449.9381858548334 1.0 1
340 0.125 nan 0.2 -1.0 -1.0 1452.8026593051845 1452.8034925629195 1453.0991657375962 1452.2467764050314 1455.65243530739 1452.8924178283955 1.0 1452.8924178283955 1.0 1
341 nan 0.25 0.2 -1.0 1.0 1456.8537584307517 1456.8548583309619 1457.1182677661404 1456.2802437969267 1458.6707932800966 1457.0039114745932 1.0 1457.0039114745932 1.0 1
342 0.125 nan 0.2 1.0 1.0 1459.9524106349388 1459.953510535149 1460.2500169675607 1459.2944036667877 1461.802644528153 1460.114995884186 -1.0 1460.114995884186 -1.0 1
343 nan 0.0625 0.2 -1.0 1.0 1463.1538201830024 1463.1548867529032 1463.3743668402942 1462.4325522876125 1464.919394443386 1463.2615770732887 1.0 1463.2615770732887 1.0 1
344 nan 1.0 0.2 -1.0 1.0 1466.0203601125363 1466.0211933702712 1466.2183088200559 1465.5515026502235 1467.7702365730302 1466.1015527462318 1.0 1466.1015527462318 1.0 1
345 nan 0.0 0.2 -1.0 1.0 1469.58600328171 1469.5868698697543 1469.7785858094162 1468.4055437137329 1471.3359103066423 1469.5662384082366 1.0 1469.5662384082366 1.0 1
346 nan 0.125 0.2 -1.0 1.0 1472.4373112598487 1472.4382111782024 1472.7026205226632 1471.9526219005716 1474.2704506309285 1472.5121044741397 1.0 1472.5121044741397 1.0 1
347 nan 0.0 0.2 -1.0 1.0 1475.6359877225416 1475.6368876408953 1475.8746993984557 1474.8863557338534 1477.4372213767087 1475.7454444586074 1.0 1475.7454444586074 1.0 1
348 0.125 nan 0.2 -1.0 -1.0 1479.0524777571557 1479.0535776573658 1479.984226556399 1478.0561348182976 1482.5540977977273 1479.177033123379 1.0 1479.177033123379 1.0 1
349 0.0625 nan 0.2 1.0 1.0 1483.685790727301 1483.6865906547266 1484.1713133443131 1483.1704041530675 1485.7358405298041 1483.850609107278 -1.0 1484.135016637378 -1.0 2
350 nan 0.125 0.2 -1.0 1.0 1486.903765439136 1486.9049319999647 1487.1275784667487 1486.371647049584 1488.687400451606 1487.0005233273205 1.0 1487.0005233273205 1.0 1
351 nan 0.125 0.2 -1.0 1.0 1489.835599444782 1489.8366326843734 1490.058412563113 1489.323512571179 1491.6192420511197 1489.9185252545662 1.0 1489.9185252545662 1.0 1
352 nan 1.0 0.2 -1.0 1.0 1493.5870257585445 1493.5879590072077 1493.7891740850482 1492.2447475384363 1495.3523008816458 1493.6665852070794 1.0 1493.6665852070794 1.0 1
353 nan 0.125 0.2 -1.0 1.0 1496.520292967495 1496.521292876777 1496.6940438703907 1495.9744091601615 1498.2523655164198 1496.467564418026 1.0 1496.467564418026 1.0 1
354 nan 0.0 0.2 1.0 -1.0 1499.4371949945305 1499.4382948947405 1500.3453126044099 1498.88337857356 1502.9034474191994 1499.5145213123355 1.0 1500.1685286433587 -1.0 3
355 nan 0.25 0.2 -1.0 1.0 1504.0358111125915 1504.0366443703265 1504.3164523177293 1503.5408560180194 1505.8856821612874 1504.162799591401 1.0 1504.162799591401 1.0 1
356 nan 1.0 0.2 -1.0 1.0 1507.1033661381095 1507.1042993867727 1507.3440109719688 1506.5104865945239 1508.9036355074368 1507.2225219942102 1.0 1507.2225219942102 1.0 1
357 nan 0.25 0.2 -1.0 1.0 1510.018934952769 1510.0200015226699 1511.282287000221 1509.531745820287 1512.8525114827726 1510.2627461660213 1.0 1511.2103601925385 1.0 3
358 nan 0.125 0.2 -1.0 1.0 1514.4700644517407 1514.4709977004038 1514.6834450925116 1513.4748214130925 1516.2538710647586 1514.5603229295925 1.0 1514.5603229295925 1.0 1
359 0.25 nan 0.2 1.0 1.0 1517.6189787625012 1517.6200120020924 1517.9946780100443 1516.873879695891 1519.5523358575408 1517.7071041005515 1.0 1517.7071041005515 1.0 1
360 0.0625 nan 0.2 -1.0 -1.0 1522.1866976837496 1522.1876975930315 1522.4390081258985 1520.1787465243285 1525.003610107547 1522.2937546375385 1.0 1522.2937546375385 1.0 1
361 1.0 nan 0.2 1.0 1.0 1526.2189318541969 1526.2196984513132 1526.7322519492477 1525.6543164129814 1528.2867774721683 1526.3288218842847 1.0 1526.6602918112558 -1.0 2
362 nan 1.0 0.2 -1.0 1.0 1530.3689220077504 1530.3700552382697 1530.669694719765 1529.1890957156518 1532.2370518417172 1530.4693462299688 1.0 1530.4693462299688 1.0 1
363 0.25 nan 0.2 1.0 1.0 1533.6522907866256 1533.6533906868358 1534.094950625751 1532.8762611928935 1535.6522835238322 1533.8092098832751 -1.0 1533.8092098832751 -1.0 1
364 nan 0.0625 0.2 1.0 -1.0 1539.2368507870124 1539.2377173750567 1539.777401744842 1536.2758860909516 1542.3356012093539 1539.4614970723603 -1.0 1539.4614970723603 -1.0 1
365 0.125 nan 0.2 1.0 1.0 1544.2868926155709 1544.2881258370185 1544.590131770481 1542.979511229403 1546.153558043084 1544.4607768397043 -1.0 1544.4607768397043 -1.0 1
366 nan 1.0 0.2 -1.0 1.0 1547.6020585096126 1547.603091749204 1547.8182055660636 1546.794665094736 1549.3855236673978 1547.7079155722631 1.0 1547.7079155722631 1.0 1
367 0.25 nan 0.2 1.0 1.0 1561.7033791494357 1561.7044457193365 1562.6265620591637 1550.0521362232084 1564.1864791538221 1561.7806721369316 1.0 1561.7806721369316 1.0 1
368 nan 0.0 0.2 -1.0 1.0 1565.4024435471329 1565.4034434564148 1566.9255053654201 1564.8982892871666 1568.4854624203094 1565.6570204503207 -1.0 1566.8463125502885 1.0 4
369 nan 0.0625 0.2 -1.0 1.0 1572.4534371701384 1572.4544704097298 1572.7443107802617 1569.1193729906677 1574.3022379330528 1572.5518949041025 1.0 1572.5518949041025 1.0 1
370 nan 1.0 0.2 -1.0 1.0 1575.436466531021 1575.437466440303 1575.6285824343959 1574.951943823291 1577.1854026856481 1575.5227253717453 1.0 1575.5227253717453 1.0 1
371 nan 0.0625 0.2 1.0 -1.0 1578.303339763649 1578.3048062972628 1580.0734791655098 1577.820916865411 1582.635482501348 1578.4608588058677 -1.0 1579.9872203247855 -1.0 4
372 0.0625 nan 0.2 -1.0 -1.0 1584.4533817932959 1584.454148390412 1584.664495973028 1583.2725889222247 1587.2188621158505 1584.5654716238041 1.0 1584.5654716238041 1.0 1
373 nan 0.0 0.2 1.0 -1.0 1588.3364628291838 1588.337496068775 1590.2788532700172 1587.8695718551253 1592.8353523825203 1588.6343024739713 -1.0 1590.1795956086276 -1.0 5
374 nan 0.125 0.2 1.0 -1.0 1593.9865168875392 1593.9875167968212 1594.5145023187256 1593.5012609130022 1597.0699346724757 1594.1407695594369 -1.0 1594.1407695594369 -1.0 1
375 nan 0.25 0.2 -1.0 1.0 1599.9688074699818 1599.9698740398826 1600.1512909139403 1597.7117455781142 1601.7018139616948 1600.0503667370806 1.0 1600.0503667370806 1.0 1
376 0.0625 nan 0.2 1.0 1.0 1603.5197186424014 1603.5205519001363 1604.3575426297587 1602.368823058861 1605.9197688220859 1603.679404154731 1.0 1603.679404154731 1.0 1
377 0.125 nan 0.2 1.0 1.0 1607.3852346052358 1607.3862011842084 1608.039408587806 1606.573874883541 1609.602032188499 1607.6216464898016 -1.0 1607.9605157454591 -1.0 2
378 nan 1.0 0.2 -1.0 1.0 1611.6530807328234 1611.654213963343 1611.9681854778796 1610.243941912061 1613.5186061895065 1611.7638040206461 1.0 1611.7638040206461 1.0 1
379 nan 0.0 0.2 1.0 -1.0 1615.069870740222 1615.0709039798132 1615.4122396783664 1614.1925170059176 1617.9700724160482 1615.2342891564863 -1.0 1615.2342891564863 -1.0 1
380 nan 0.0 0.2 1.0 -1.0 1619.2354261482647 1619.236559378784 1619.7012505524222 1618.6426799259164 1622.2533493794856 1619.4255755633847 -1.0 1619.4255755633847 -1.0 1
381 0.0625 nan 0.2 1.0 1.0 1623.4018148140422 1623.4029147142523 1623.8787715415388 1622.9080596106082 1625.4361964613745 1623.5619336203938 -1.0 1623.7769474463255 -1.0 2
382 nan 1.0 0.2 -1.0 1.0 1626.8520684520772 1626.8529350401216 1627.164640093619 1626.0975035775978 1628.7184607570862 1626.9795568855275 1.0 1626.9795568855275 1.0 1
383 nan 0.25 0.2 -1.0 1.0 1629.8860265257213 1629.886926444075 1630.2327950647064 1629.377772637699 1631.7863187408273 1630.0800422567315 1.0 1630.0800422567315 1.0 1
384 nan 0.0625 0.2 1.0 -1.0 1632.9185180657516 1632.9196179659618 1633.274919064153 1632.4348286157565 1635.8351849559042 1633.0767370444678 -1.0 1633.0767370444678 -1.0 1
385 nan 0.0625 0.2 1.0 -1.0 1636.9530520275478 1636.9539519459015 1637.3302844693233 1636.4957935129055 1639.8864494487657 1637.1227366326968 -1.0 1637.1227366326968 -1.0 1
386 nan 0.25 0.2 -1.0 1.0 1641.0853104565008 1641.0862770354734 1641.3203891286905 1640.5595581560442 1642.8696096666358 1641.2200648974 1.0 1641.2200648974 1.0 1
387 0.0625 nan 0.2 1.0 1.0 1644.6353550408758 1644.636288289539 1645.3879534271007 1643.8287282231156 1646.9353783226265 1644.8814660454766 -1.0 1645.2757636056642 -1.0 3
388 nan 0.25 0.2 -1.0 1.0 1648.1363040795065 1648.1373039887885 1648.3881812276331 1647.5948865336325 1649.9350361019915 1648.280024373634 1.0 1648.280024373634 1.0 1
389 nan 0.125 0.2 -1.0 1.0 1651.0864364250126 1651.087303013057 1651.4205394464261 1650.596447546541 1652.9685700968976 1651.2529879810784 1.0 1651.2529879810784 1.0 1
390 0.25 nan 0.2 1.0 1.0 1654.9359538393358 1654.9369870789271 1655.4342086345384 1653.6148736960051 1656.9860311977643 1655.0332450124708 1.0 1655.0332450124708 1.0 1
391 nan 0.25 0.2 -1.0 1.0 1658.9851531372672 1658.986053055621 1659.2162655026384 1657.6575402532944 1660.769816100716 1659.1157412894916 1.0 1659.1157412894916 1.0 1
392 nan 0.0625 0.2 1.0 -1.0 1662.0182779531763 1662.019344523077 1662.570027894964 1661.4436300888317 1665.1186930985223 1662.1594984740989 1.0 1662.1594984740989 1.0 1
393 0.125 nan 0.2 1.0 1.0 1666.5361680618735 1666.5370013196084 1667.072619391647 1665.791702271142 1668.619244021052 1666.6798883560011 -1.0 1667.013091459061 -1.0 3
394 0.25 nan 0.8 1.0 1.0 1670.2350658080236 1670.2360323869962 1670.4898760233773 1669.2909514639932 1672.03619896762 1670.3941847050935 -1.0 1670.3941847050935 -1.0 1
395 nan 0.0 0.8 1.0 -1.0 1678.4182567109967 1678.419356611207 1678.7330281529592 1672.7081081047954 1681.2862595336987 1678.5646434298762 -1.0 1678.5646434298762 -1.0 1
396 1.0 nan 0.8 1.0 1.0 1682.51835139138 1682.5193846309714 1682.7342651356655 1681.9548691806842 1684.2849927098312 1682.6344741893256 -1.0 1682.6344741893256 -1.0 1
397 0.125 nan 0.8 1.0 1.0 1685.5863397109204 1685.5873729505117 1686.0169339780434 1684.9558969086422 1687.5682530019485 1685.692530076665 1.0 1685.692530076665 1.0 1
398 0.0625 nan 0.8 1.0 1.0 1688.8193463922942 1688.8203796318855 1689.1893794872394 1688.2463650434195 1690.7349035851928 1689.0371599642153 -1.0 1689.0371599642153 -1.0 1
399 0.25 nan 0.8 1.0 1.0 1692.1529772777428 1692.154077177953 1692.4842472228574 1691.4086114779395 1694.0363669145759 1692.2972308568208 -1.0 1692.2972308568208 -1.0 1
400 1.0 nan 0.8 1.0 1.0 1695.2014673662848 1695.202400614948 1695.4236805390465 1694.7100786148183 1696.9851055270492 1695.3222564075459 -1.0 1695.3222564075459 -1.0 1
401 0.125 nan 0.8 1.0 1.0 1698.386045108102 1698.3870783476934 1698.7147486193928 1697.6606109240372 1700.2849664151722 1698.541664322685 -1.0 1698.541664322685 -1.0 1
402 0.0625 nan 0.8 1.0 1.0 1701.6528153928966 1701.6537486415598 1702.300489965134 1700.9606781879213 1703.8693408712927 1701.8490309243273 -1.0 1702.279425209594 -1.0 3
403 0.0625 nan 0.8 1.0 1.0 1706.084813294273 1706.0857465429362 1706.4087839016295 1704.5452529728334 1707.9696062651126 1706.2223008205433 -1.0 1706.2223008205433 -1.0 1
404 0.0 nan 0.8 1.0 1.0 1710.3349276972606 1710.3360942580894 1710.6653310543306 1708.6447143773382 1712.2348832822465 1710.4354185800978 1.0 1710.4354185800978 1.0 1
405 0.0 nan 0.8 1.0 1.0 1713.3862508621014 1713.3871174501458 1713.8455091953074 1712.9118938987376 1715.4014320823162 1713.5476028899009 -1.0 1713.8360433874382 -1.0 2
406 0.0 nan 0.8 1.0 1.0 1716.5525302640588 1716.5534301824125 1716.8499366148242 1716.0786399250267 1718.4181878042846 1716.7132490159797 -1.0 1716.7132490159797 -1.0 1
407 1.0 nan 0.8 1.0 1.0 1720.2525945710377 1720.253794462176 1720.5385019650605 1719.0996991689333 1722.102755241478 1720.386015799561 -1.0 1720.386015799561 -1.0 1
408 0.25 nan 0.8 1.0 1.0 1723.534963440631 1723.53613000146 1723.7977729302404 1722.7784654082066 1725.36969608331 1723.6744507854648 -1.0 1723.6744507854648 -1.0 1
409 nan 0.25 0.8 -1.0 1.0 1726.5512897806032 1726.552123038338 1726.8667278287533 1726.0531016460193 1728.4347460391537 1726.7635371908545 1.0 1726.7635371908545 1.0 1
410 1.0 nan 0.8 1.0 1.0 1730.20269183586 1730.2037917360701 1730.8162695015822 1729.124556317737 1732.3858211214995 1730.372776404722 -1.0 1730.372776404722 -1.0 1
411 0.0625 nan 0.8 1.0 1.0 1733.7182728803166 1733.719139468361 1735.3729560904196 1733.0645321917686 1736.9360796168176 1733.9803824334285 -1.0 1735.2159370028419 -1.0 4
412 0.125 nan 0.8 1.0 1.0 1738.234929767566 1738.2357963556103 1739.5099474233075 1737.6191856317328 1741.0696609661898 1738.3872492815185 -1.0 1739.4013239449769 -1.0 5
413 0.0625 nan 0.8 1.0 1.0 1743.2346428289322 1743.2354760866672 1743.6873017608773 1742.084280530342 1745.2512244564737 1743.33510038146 1.0 1743.33510038146 1.0 1
414 1.0 nan 0.8 1.0 1.0 1746.5190781777083 1746.5202114082279 1746.7886537201257 1745.9317314654827 1748.352574082389 1746.6649649419467 -1.0 1746.6649649419467 -1.0 1
415 0.0 nan 0.8 1.0 1.0 1749.71782130102 1749.718821210302 1750.0493245583004 1749.0323834882338 1751.6191410359024 1749.8745737461225 -1.0 1749.8745737461225 -1.0 1
416 0.25 nan 0.8 1.0 1.0 1752.934729442954 1752.9358293431642 1754.8376901277688 1752.3003536641668 1756.401312591042 1753.1809404384828 -1.0 1754.7287666766535 -1.0 3
417 0.125 nan 0.8 1.0 1.0 1757.6358695927258 1757.6368361716984 1757.9788384764395 1757.0801200138103 1759.5357602515037 1757.7813563932516 -1.0 1757.7813563932516 -1.0 1
418 0.0 nan 0.8 1.0 1.0 1760.7678521063117 1760.7688186852843 1761.046193520101 1760.2159688432864 1762.6028121620736 1760.9157053588049 -1.0 1760.9157053588049 -1.0 1
419 0.0625 nan 0.8 1.0 1.0 1764.901277096094 1764.9021770144477 1765.705970755909 1763.3013222540235 1767.269188936996 1764.979003377612 1.0 1765.6688074609294 -1.0 2
420 0.0 nan 0.8 1.0 1.0 1768.5013504748765 1768.5021837326115 1768.9686414126477 1767.972998410287 1770.5346553222441 1768.6555698164648 -1.0 1768.6555698164648 -1.0 1
421 nan 0.25 0.8 -1.0 1.0 1772.3355692771856 1772.3365025258488 1773.3675089864817 1771.24206848643 1774.934728390727 1772.4616911679507 -1.0 1773.1375631819394 -1.0 2
422 0.25 nan 0.8 1.0 1.0 1776.7522352362387 1776.7532018152112 1780.2485180315534 1775.6277372577422 1781.803037329731 1776.8707578164608 1.0 1780.1787243636725 -1.0 12
423 1.0 nan 0.8 1.0 1.0 1783.1011925523776 1783.1021924616596 1783.5929812675568 1782.5065465023936 1785.1510996097918 1783.2795430379706 -1.0 1783.5429858034586 -1.0 2
424 0.25 nan 0.8 1.0 1.0 1786.4690203352693 1786.4698869233137 1788.8876675671024 1785.838310890516 1790.4524865363953 1788.6418232049768 -1.0 1788.851370860167 -1.0 2
425 0.25 nan 0.8 1.0 1.0 1791.8510653757492 1791.851898633484 1792.6366274379693 1791.1497956659985 1794.2009452507236 1792.1127749651484 -1.0 1792.579765930135 -1.0 3
426 0.125 nan 0.8 1.0 1.0 1795.7859083821334 1795.7869082914153 1796.1502753244808 1794.9119543393874 1797.70142317436 1795.91859634385 -1.0 1795.91859634385 -1.0 1
427 1.0 nan 0.8 1.0 1.0 1799.102340827932 1799.103240746286 1799.3832486755452 1798.3997379058055 1800.9345717462297 1799.2713588268934 -1.0 1799.2713588268934 -1.0 1
428 nan 0.25 0.8 -1.0 1.0 1802.2524883601404 1802.2535549300412 1802.5215972782264 1801.6269784436533 1804.0856161536042 1802.4086741899832 1.0 1802.4086741899832 1.0 1
429 0.0 nan 0.8 1.0 1.0 1805.251049645203 1805.2519162332474 1817.654457663633 1804.7940244427268 1819.2187743045363 1806.2414931192975 -1.0 1817.5267025877074 -1.0 13
430 0.125 nan 0.8 1.0 1.0 1820.601156987271 1820.6022568874812 1822.0103291383425 1819.930184528764 1823.5692480396901 1820.7377112648778 -1.0 1821.9349026481732 -1.0 4
431 1.0 nan 0.8 1.0 1.0 1824.7342820042684 1824.735248583241 1825.2057725610239 1824.2660578178343 1826.7676936818198 1824.8746026068375 -1.0 1824.8746026068375 -1.0 1
432 0.125 nan 0.8 1.0 1.0 1828.1187749418598 1828.1195748692853 1828.4832418751355 1827.4631010953665 1830.0343572723027 1828.3154237673125 -1.0 1828.3154237673125 -1.0 1
433 0.0625 nan 0.8 1.0 1.0 1832.50177728842 1832.5025772158456 1833.1071223677209 1830.7428702008267 1834.668839792703 1832.6541634629914 -1.0 1833.0702923758352 -1.0 2
434 0.125 nan 0.8 1.0 1.0 1836.3010325961698 1836.3019325145235 1836.5574759966842 1835.3749499495243 1838.118892576284 1836.4523855311497 -1.0 1836.4523855311497 -1.0 1
435 0.125 nan 0.8 1.0 1.0 1840.0341605700723 1840.035293800592 1840.2947369289523 1838.849401392183 1841.8522535408908 1840.1657153012695 -1.0 1840.1657153012695 -1.0 1
436 0.25 nan 0.8 1.0 1.0 1843.067652019385 1843.0686185983575 1843.4815811318085 1842.5635644200374 1845.035601161066 1843.1769421039035 1.0 1843.1769421039035 1.0 1
437 nan 0.25 0.2 1.0 -1.0 1846.4674768992995 1846.4686101298191 1846.8529419274967 1845.7421093758537 1849.4021989383468 1846.609763990123 -1.0 1846.609763990123 -1.0 1
438 nan 0.0625 0.2 1.0 -1.0 1850.6675625078792 1850.66862907778 1851.099623308616 1850.1032137091388 1853.6521545654678 1850.8157823937756 -1.0 1851.0112313280902 -1.0 2
439 nan 1.0 0.2 -1.0 1.0 1855.6842406967294 1855.6853072666302 1855.8991878620423 1854.3651603719627 1857.4508351038498 1855.8015967161227 1.0 1855.8015967161227 1.0 1
440 nan 1.0 0.2 -1.0 1.0 1860.2183959964134 1860.2192959147671 1861.253902048815 1858.1564497357663 1862.8021205696475 1860.3950133059175 1.0 1860.877869498178 -1.0 2
441 nan 0.125 0.2 -1.0 1.0 1864.4843756266744 1864.4853088753375 1864.7456519220516 1863.8413339674435 1866.3018716232516 1864.6089976535166 1.0 1864.6089976535166 1.0 1
442 nan 1.0 0.2 -1.0 1.0 1868.2508005796665 1868.252000470805 1868.489212282796 1867.009379875799 1870.0517303669103 1868.3824219714822 1.0 1868.3824219714822 1.0 1
443 nan 0.125 0.2 -1.0 1.0 1871.3841163056284 1871.3850162239821 1871.899769522337 1870.7594396468762 1873.4507871726137 1871.5486347128208 -1.0 1871.5486347128208 -1.0 1
444 0.25 nan 0.2 1.0 1.0 1874.8849320230213 1874.885998592922 1875.4973431279147 1874.165797267433 1877.0515576686616 1875.0958795512063 -1.0 1875.3096934859996 -1.0 2
445 nan 1.0 0.2 -1.0 1.0 1878.5007373078402 1878.5020371899068 1878.7630801731182 1877.770570219841 1880.3176016467517 1878.6445909232054 1.0 1878.6445909232054 1.0 1
446 nan 0.25 0.2 -1.0 1.0 1881.7183120559623 1881.7193452955537 1881.9549239223843 1881.029607872855 1883.501970675705 1881.7934385733472 1.0 1881.7934385733472 1.0 1
447 0.0625 nan 0.2 1.0 1.0 1884.7506702747553 1884.7517035143467 1885.466505329713 1884.2091860682624 1887.018625707987 1885.090139475982 -1.0 1885.370380717407 -1.0 2
448 nan 0.25 0.2 -1.0 1.0 1888.4675330576713 1888.4683663154062 1889.1352724761666 1887.7306332471733 1890.6854893011553 1888.6460168645017 1.0 1888.9329908284253 1.0 2
449 nan 0.0625 0.2 1.0 -1.0 1891.8840564225948 1891.8850563318765 1892.750044521394 1891.3997003664115 1895.3006717116161 1892.0056787215908 1.0 1892.680150862585 -1.0 3
450 0.25 nan 0.2 1.0 1.0 1896.518635944497 1896.519802505326 1897.283099920868 1896.00788228327 1898.8349210927845 1896.618660203003 1.0 1897.2454366712473 -1.0 3
451 nan 0.0625 0.2 1.0 -1.0 1900.2172337178624 1900.2184002786914 1900.5893999526095 1899.54212830099 1903.150792474995 1900.3902513539517 -1.0 1900.3902513539517 -1.0 1
452 0.0625 nan 0.2 1.0 1.0 1904.38528889911 1904.3860888265356 1904.9134076515338 1903.8649027784666 1906.4685562350887 1904.5866039678788 -1.0 1904.8110836016797 -1.0 2
453 nan 1.0 0.2 -1.0 1.0 1907.8507744885403 1907.8517410675129 1908.332997404922 1907.183468364067 1909.8839148455654 1908.1092510379278 1.0 1908.1092510379278 1.0 1
454 nan 1.0 0.2 -1.0 1.0 1911.4180508428744 1911.4190840824658 1911.6390307941886 1910.6039247054996 1913.1851784085582 1911.5124422790918 1.0 1911.5124422790918 1.0 1
455 nan 0.0625 0.2 -1.0 1.0 1914.433910558515 1914.4347771465593 1914.7299836969046 1913.9144910168443 1916.3019319115808 1914.5718647091167 1.0 1914.5718647091167 1.0 1
456 nan 0.25 0.2 -1.0 1.0 1917.5506277903962 1917.5517943512252 1918.1171430592476 1917.029241760471 1919.6849642407 1917.6793494452945 1.0 1918.0707805988739 1.0 2
457 nan 1.0 0.2 -1.0 1.0 1921.166999690475 1921.1681329209946 1921.4070112484558 1920.4154678741509 1922.9683247201351 1921.2976878336276 1.0 1921.2976878336276 1.0 1
458 nan 0.125 0.2 -1.0 1.0 1924.3173472045396 1924.3185137653686 1924.9248587539514 1923.6831380772994 1926.5018768283928 1924.415504965719 1.0 1924.8501655305888 1.0 2
459 nan 0.0 0.2 -1.0 1.0 1927.9672493958735 1927.9681493142273 1928.7003162207905 1927.2167841494502 1930.2673586804362 1928.0711399702695 1.0 1928.2938530976721 -1.0 2
460 nan 0.25 0.2 -1.0 1.0 1932.0680773430636 1932.0691439129644 1932.3321867147397 1931.0012741301364 1933.9018070980683 1932.162635430828 1.0 1932.162635430828 1.0 1
461 nan 0.25 0.2 -1.0 1.0 1935.2502886329135 1935.2511552209578 1935.4761348093998 1934.6172127361929 1937.033952179883 1935.3521460584361 1.0 1935.3521460584361 1.0 1
462 nan 1.0 0.2 -1.0 1.0 1938.4848951691383 1938.4858284178015 1938.719807189781 1937.7553613570176 1940.2852198179341 1938.6163165790977 1.0 1938.6163165790977 1.0 1
463 nan 0.25 0.2 -1.0 1.0 1942.6672157228086 1942.6681823017811 1942.8447662809758 1940.9989337464706 1944.4183824984289 1942.7377093271868 1.0 1942.7377093271868 1.0 1
464 nan 1.0 0.2 -1.0 1.0 1945.733970820901 1945.7348707392548 1946.6089247729287 1945.14969049714 1948.167241738479 1946.268522323039 1.0 1946.5094004690638 1.0 3
465 nan 1.0 0.2 -1.0 1.0 1949.5348926441206 1949.5358592230932 1949.7633719150494 1948.8864514747672 1951.3348144441354 1949.6524153150608 1.0 1949.6524153150608 1.0 1
466 0.0625 nan 0.2 -1.0 -1.0 1952.5335872504209 1952.5345538293934 1952.8122619673043 1952.057530441278 1955.384987135363 1952.6458104021667 1.0 1952.6458104021667 1.0 1
467 0.0625 nan 0.8 1.0 1.0 1956.7504713349376 1956.7515379048384 1957.9059331708656 1956.101196907849 1959.467147615382 1956.9098235441732 1.0 1957.887168206674 -1.0 5
468 0.125 nan 0.8 -1.0 -1.0 1960.8848962340016 1960.8858961432836 1961.111575668223 1960.2438543933347 1963.667002037415 1960.9727882598863 1.0 1960.9727882598863 1.0 1
469 0.125 nan 0.8 1.0 1.0 1964.9346954775024 1964.9355620655467 1965.226535666598 1964.4081099193106 1966.784976444205 1965.0996471787169 -1.0 1965.0996471787169 -1.0 1
470 0.0625 nan 0.8 1.0 1.0 1968.1002749429622 1968.1012415219348 1968.6730896402898 1967.5187943651908 1970.2337358203258 1968.310955828672 -1.0 1968.310955828672 -1.0 1
471 1.0 nan 0.8 1.0 1.0 1971.9181952239753 1971.919261793876 1972.3143592814895 1971.3189495912943 1973.8669798437834 1972.0590157811853 -1.0 1972.0590157811853 -1.0 1
472 0.0625 nan 0.8 1.0 1.0 1975.1512685659677 1975.1522684752497 1975.6468236061091 1974.5928858926097 1977.2171362692036 1975.341584632635 -1.0 1975.6441238510479 -1.0 2
473 0.0625 nan 0.8 1.0 1.0 1978.501064651475 1978.5019979001381 1978.93375872809 1977.9518478132015 1980.5002030480093 1978.6401187022866 -1.0 1978.6401187022866 -1.0 1
474 1.0 nan 0.8 1.0 1.0 1981.8678925250847 1981.8689590949855 1982.3841456873627 1981.236916437856 1983.9505608921734 1982.0103795977645 -1.0 1982.375313155372 -1.0 3
475 0.125 nan 0.8 1.0 1.0 1985.93462356576 1985.935623475042 1986.7874128620374 1984.683970366189 1988.3504287332273 1986.2135649251184 -1.0 1986.7558157287274 -1.0 2
476 0.125 nan 0.8 1.0 1.0 1989.651486348676 1989.6523196064109 1990.2533650757994 1989.082337985382 1991.8181804174483 1989.8113051822431 -1.0 1989.8113051822431 -1.0 1
477 nan 1.0 0.8 -1.0 1.0 1993.1337037534242 1993.1346703323968 1993.5055033547678 1992.5576893463945 1995.0683474838318 1993.2448603352693 1.0 1993.4434423186674 1.0 2
478 0.125 nan 0.8 1.0 1.0 1996.9334256855057 1996.9343256038594 1997.4789761897453 1995.800061844709 1999.0351232687171 1997.0465820859147 -1.0 1997.413515462086 -1.0 2
479 0.0625 nan 0.8 1.0 1.0 2000.2500247828516 2000.2509913618242 2000.769244342666 1999.7721348066916 2002.3350629961387 2000.4307417204118 -1.0 2000.7119162105 -1.0 2
480 0.0625 nan 0.8 1.0 1.0 2003.8167011916166 2003.8176677705892 2004.4151135665627 2003.0742685497585 2005.983525202203 2004.0374145004555 -1.0 2004.0374145004555 -1.0 1
481 nan 1.0 0.8 -1.0 1.0 2007.484535089407 2007.4857349805454 2007.9293613986433 2006.7268371658442 2009.4835778544057 2007.616756426792 1.0 2007.9291614167869 1.0 2
482 0.125 nan 0.8 1.0 1.0 2010.8181326445463 2010.8190325629 2011.469006926486 2010.226886286121 2013.033350165736 2010.9395882919955 1.0 2011.3405519140629 1.0 2
483 0.0 nan 0.8 1.0 1.0 2014.284818125115 2014.2857180434687 2014.6092886871122 2013.7737644911033 2016.1669030034273 2014.4596355979115 -1.0 2014.4596355979115 -1.0 1
484 0.125 nan 0.8 1.0 1.0 2017.401002072046 2017.4020353116373 2018.0135464981768 2016.9189124769016 2019.5682592754304 2017.5762195085554 -1.0 2017.948785707015 -1.0 2
485 1.0 nan 0.8 1.0 1.0 2021.0335058418734 2021.0344057602272 2021.457200734951 2020.3254700793148 2023.016713934276 2021.2020238861937 -1.0 2021.423370470911 -1.0 2
486 nan 1.0 0.8 -1.0 1.0 2024.5678518505217 2024.568718438566 2024.8176625194656 2023.7755237354936 2026.3669746488724 2024.7106055656766 1.0 2024.7106055656766 1.0 1
487 0.25 nan 0.8 1.0 1.0 2027.6846690733312 2027.685735643232 2029.03301340975 2027.1209868807787 2030.5844580604569 2027.8540203753864 1.0 2027.8540203753864 1.0 1
488 0.0 nan 0.8 -1.0 -1.0 2031.8166941901186 2031.8177607600194 2032.0070769174044 2031.3365710832288 2034.5678042375548 2031.893287241117 1.0 2031.893287241117 1.0 1
489 0.0 nan 0.8 1.0 1.0 2035.8000661269873 2035.8010993665787 2036.108438149545 2035.321909508352 2037.6681517223992 2035.9524523015587 -1.0 2035.9524523015587 -1.0 1
490 nan 0.125 0.8 1.0 -1.0 2038.9333151923304 2038.93444842285 2043.1141025517682 2038.4121624745708 2045.6668909692787 2042.8203625350366 -1.0 2042.8203625350366 -1.0 1
491 1.0 nan 0.8 1.0 1.0 2047.0012498854026 2047.002116473447 2047.465041140687 2046.4248021843505 2049.017752905365 2047.1374375296061 -1.0 2047.1374375296061 -1.0 1
492 0.25 nan 0.8 1.0 1.0 2050.3332142553813 2050.334114173735 2050.61268889969 2049.772865093769 2052.166804249038 2050.5079317372497 -1.0 2050.5079317372497 -1.0 1
493 0.0625 nan 0.8 -1.0 -1.0 2053.4344662237017 2053.4354661329835 2054.0371448782507 2052.910213787168 2056.599969106914 2053.588785556218 -1.0 2053.588785556218 -1.0 1
494 nan 0.0625 0.8 1.0 -1.0 2057.934324635014 2057.935157892749 2065.674855698862 2057.347177904645 2068.23327586887 2058.036448703012 1.0 2065.625126877239 -1.0 8
495 0.25 nan 0.8 1.0 1.0 2069.550870709157 2069.5518372881297 2070.0663239440096 2068.997087618496 2071.6165361217486 2069.7009237620705 1.0 2069.7009237620705 1.0 1
496 nan 1.0 0.8 -1.0 1.0 2073.017389538179 2073.0185227686984 2073.209372120316 2072.3771476249376 2074.767685591149 2073.102081854361 1.0 2073.102081854361 1.0 1
497 0.25 nan 0.8 1.0 1.0 2076.5001068975685 2076.5008734946846 2077.246339194698 2075.528595039212 2078.7999528164214 2076.599197907411 1.0 2076.9411335515333 -1.0 2
498 1.0 nan 0.8 1.0 1.0 2080.117478706929 2080.1185452768295 2080.3736887952773 2079.5492635922983 2081.934401629443 2080.2559661424807 -1.0 2080.2559661424807 -1.0 1
499 0.125 nan 0.8 -1.0 -1.0 2083.233162699219 2083.2342292691196 2090.458973795021 2082.6988111789374 2093.0164945432903 2086.0160102218524 -1.0 2090.125937343508 -1.0 2
500 0.25 nan 0.8 -1.0 -1.0 2094.4343797879437 2094.435246375988 2094.630928622468 2093.7787059414504 2097.1829545712226 2094.530437739631 1.0 2094.530437739631 1.0 1
501 0.25 nan 0.8 1.0 1.0 2098.5508063199322 2098.551939550452 2099.0602934294025 2097.928462782838 2100.617725423272 2098.749088330546 -1.0 2098.9648687535937 -1.0 3
502 0.0 nan 0.8 -1.0 -1.0 2103.3497042671706 2103.3506041855244 2103.590282440411 2101.7539490440845 2106.1665338232497 2103.4676269018237 1.0 2103.4676269018237 1.0 1
503 0.125 nan 0.8 1.0 1.0 2107.5010609634096 2107.5019608817634 2108.1311371322845 2106.9296461390763 2109.6831856744643 2107.6642794885356 -1.0 2107.6642794885356 -1.0 1
504 0.0 nan 0.8 1.0 1.0 2112.0006860625563 2112.001619311219 2114.620748354086 2110.44319403466 2116.16639438782 2114.4806277333737 -1.0 2114.4806277333737 -1.0 1
505 0.25 nan 0.8 1.0 1.0 2120.0339572338535 2120.034990473445 2120.741959666103 2116.9300055104723 2122.3177014287326 2120.1080838419566 1.0 2120.4668846226346 -1.0 2
506 0.0 nan 0.8 1.0 1.0 2123.6661610308965 2123.666994288632 2124.31463553056 2123.093812957901 2125.8830506380464 2123.8046817967584 1.0 2123.8046817967584 1.0 1
507 0.0 nan 0.8 1.0 1.0 2127.2339373398718 2127.235003909773 2127.798186147684 2126.63585826802 2129.367900254667 2127.407388269983 -1.0 2127.7317588410524 -1.0 2
508 0.0625 nan 0.8 1.0 1.0 2131.649603389643 2131.650669959544 2132.0547666306948 2130.1159092026573 2133.6172758882376 2131.8236209350143 -1.0 2131.8236209350143 -1.0 1
509 nan 0.0625 0.8 1.0 -1.0 2135.1161888792835 2135.1170221370185 2137.085676861658 2134.3893881525332 2139.6511948215784 2136.2894491004304 -1.0 2136.2894491004304 -1.0 1
510 1.0 nan 0.8 1.0 1.0 2140.916262660243 2140.917362560453 2141.399918779929 2140.4161080374047 2142.967534805741 2141.0472841064898 -1.0 2141.0472841064898 -1.0 1
511 1.0 nan 0.8 1.0 1.0 2144.3328860160946 2144.3337192738295 2144.7357827961073 2143.7350402564084 2146.2994915703835 2144.471806745669 -1.0 2144.706485454146 -1.0 2
512 1.0 nan 0.8 1.0 1.0 2147.6007562010996 2147.601722780072 2148.1195424668917 2147.0697043814484 2149.683051034368 2147.759175161672 -1.0 2147.759175161672 -1.0 1
513 1.0 nan 0.8 1.0 1.0 2151.000414429467 2151.001414338749 2151.8141739334387 2150.4706624918826 2153.382817263686 2151.1568002411664 -1.0 2151.7769106475307 -1.0 3
514 1.0 nan 0.8 1.0 1.0 2154.817301470889 2154.8181013983144 2155.874172251615 2154.1455290849563 2157.4339835418164 2154.9718874458804 -1.0 2155.849141189257 -1.0 3
515 nan 0.25 0.8 -1.0 1.0 2158.7661098769113 2158.767109786193 2159.0541170804263 2158.2075938823155 2160.6172296058307 2158.954492785633 1.0 2158.954492785633 1.0 1
516 nan 0.125 0.8 -1.0 1.0 2162.1163392564404 2162.1171058535565 2162.379882012857 2161.3906384299003 2163.9508909504316 2162.2099640955416 1.0 2162.2099640955416 1.0 1
517 nan 1.0 0.8 -1.0 1.0 2165.8327020847155 2165.8338019849257 2166.025317942731 2164.7219028633817 2167.583860092692 2165.9148612973836 1.0 2165.9148612973836 1.0 1
518 nan 1.0 0.2 -1.0 1.0 2169.0494769054117 2169.050476814694 2169.258191302867 2168.357473021674 2170.817705665471 2169.128369747759 1.0 2169.128369747759 1.0 1
519 nan 0.25 0.2 -1.0 1.0 2172.149295670428 2172.1501955887816 2172.516129055671 2171.5880132601524 2174.0826690443096 2172.324713088794 1.0 2172.324713088794 1.0 1
520 1.0 nan 0.2 1.0 1.0 2175.4339976616793 2175.4351642225083 2175.9553836916043 2174.8534836628805 2177.5175281242855 2175.6536110703078 -1.0 2175.6536110703078 -1.0 1
521 nan 0.125 0.2 -1.0 1.0 2178.7659953619673 2178.766828619702 2179.519760309021 2178.2910384530346 2181.0840733930017 2178.93051376916 -1.0 2179.248551581443 1.0 2
522 nan 0.25 0.2 -1.0 1.0 2182.3829338773057 2182.3838671259687 2182.9474159972838 2181.8675806333813 2184.517450390854 2182.518754888106 1.0 2182.8875880919127 1.0 2
523 0.25 nan 0.2 1.0 1.0 2186.0161375836306 2186.0172041535316 2186.6663785896917 2185.307068581481 2188.233695020517 2186.241050511454 -1.0 2186.6534797599543 -1.0 2
524 nan 0.0625 0.2 -1.0 1.0 2189.4826897429616 2189.483556331006 2189.8305248518477 2189.0078994855758 2191.4005572759984 2189.6177108263364 1.0 2189.6177108263364 1.0 1
525 nan 0.25 0.2 -1.0 1.0 2192.8157206828414 2192.8165539405763 2193.0892958623867 2192.21427524974 2194.6506088415786 2192.9598409406817 1.0 2192.9598409406817 1.0 1
526 nan 0.125 0.2 -1.0 1.0 2196.2826394755757 2196.2835727242386 2196.718333280037 2195.4258172118607 2198.282874441742 2196.5162516141518 1.0 2196.5162516141518 1.0 1
527 1.0 nan 0.2 1.0 1.0 2199.5339778271186 2199.534944406091 2200.054097305287 2199.060287469943 2201.617038593702 2199.7004293922564 -1.0 2200.014234255246 -1.0 2
528 nan 0.0625 0.2 1.0 -1.0 2203.099321023508 2203.100254272171 2203.624940002727 2202.395451549624 2206.1826969490317 2203.2484074974486 -1.0 2203.5525465707124 -1.0 2
529 nan 0.125 0.2 -1.0 1.0 2207.4337944395834 2207.434594367009 2207.6757391555093 2206.962303882828 2209.2339479173916 2207.525686102596 1.0 2207.525686102596 1.0 1
530 nan 0.25 0.2 -1.0 1.0 2210.5826754200343 2210.5836086686977 2210.912178858751 2210.0139603507628 2212.467118207101 2210.7677919584353 1.0 2210.7677919584353 1.0 1
531 nan 1.0 0.2 -1.0 1.0 2213.9490366693126 2213.9502698907604 2214.4991534259398 2213.2446339104786 2216.0673662854133 2214.352066770563 1.0 2214.352066770563 1.0 1
532 nan 0.0 0.2 1.0 -1.0 2217.4159887923565 2217.416955371329 2234.3289876724434 2216.857572788689 2236.8826361473 2223.4210773064283 -1.0 2234.2474284053446 -1.0 6
533 nan 0.25 0.2 -1.0 1.0 2238.450347090223 2238.4513136691958 2238.681259473738 2237.696348831004 2240.2325755515863 2238.590334389698 1.0 2238.590334389698 1.0 1
534 nan 0.125 0.2 -1.0 1.0 2241.6835870837626 2241.6846536536636 2241.916699267698 2241.013981167941 2243.483429240304 2241.796110208293 1.0 2241.796110208293 1.0 1
535 0.25 nan 0.2 1.0 1.0 2245.3655863630474 2245.3666862632576 2245.727686844356 2244.670849393939 2247.2824968231225 2245.518405831641 -1.0 2245.518405831641 -1.0 1
536 1.0 nan 0.2 1.0 1.0 2248.766811115957 2248.7676777040015 2249.268032308696 2248.0621083843384 2250.8337701978653 2248.916097571754 -1.0 2249.223203042555 -1.0 2
537 0.0 nan 0.2 1.0 1.0 2252.115673952801 2252.1166738620827 2252.388682517086 2251.6237852466934 2253.950624986394 2252.2697599731514 -1.0 2252.2697599731514 -1.0 1
538 nan 0.25 0.2 -1.0 1.0 2255.2658548153186 2255.2666880730535 2255.5397299676483 2254.7406357998125 2257.1000735676243 2255.4269068703334 1.0 2255.4269068703334 1.0 1
539 nan 1.0 0.2 -1.0 1.0 2258.499161469477 2258.5000280575214 2258.757704679483 2257.8886835225285 2260.3158174789273 2258.6423818089634 1.0 2258.6423818089634 1.0 1
540 0.125 nan 0.2 1.0 1.0 2261.8504240885973 2261.8513573372607 2262.3440459707936 2261.0971257658753 2263.900185462748 2261.9520482019543 1.0 2261.9520482019543 1.0 1
541 0.0 nan 0.2 1.0 1.0 2265.165589982639 2265.166389910065 2266.5472312981474 2264.6906997343253 2268.100244256871 2266.0449435355076 -1.0 2266.0449435355076 -1.0 1
542 nan 0.125 0.2 -1.0 1.0 2269.582155950764 2269.5830558691177 2271.866315384173 2268.8897521033136 2273.4323543785413 2269.749074140233 -1.0 2271.791755482048 1.0 9
543 nan 0.0625 0.2 1.0 -1.0 2274.733555250204 2274.734388507939 2275.5510477488283 2274.2088695196485 2278.0999338837196 2274.9071728318627 -1.0 2275.2842719524006 -1.0 3
544 nan 0.25 0.2 -1.0 1.0 2279.515754712434 2279.5167212914066 2279.8218602739526 2278.892544587295 2281.3835724004043 2279.6885390363573 1.0 2279.6885390363573 1.0 1
545 nan 0.125 0.2 -1.0 1.0 2282.6489704474675 2282.6500703476777 2283.433799242881 2282.1899787567368 2284.9991375644972 2283.29914479291 1.0 2283.29914479291 1.0 1
546 nan 0.125 0.2 -1.0 1.0 2286.3164377118546 2286.317404290827 2286.5719478637056 2285.7952516637856 2288.133389945077 2286.45195874987 1.0 2286.45195874987 1.0 1
547 nan 0.25 0.2 -1.0 1.0 2289.4823504804085 2289.483417050309 2290.124025596954 2288.932700348113 2291.6822623188623 2289.7827232287104 1.0 2290.0432329269715 1.0 2
548 nan 0.0 0.2 -1.0 1.0 2293.0332949831372 2293.0344282136566 2293.3112697635233 2292.48707787271 2294.8656133959294 2293.1945470200085 1.0 2293.1945470200085 1.0 1
549 nan 0.0625 0.2 -1.0 1.0 2296.2499031522866 2296.2511030434252 2296.5140458542724 2295.6671226924486 2298.06565677031 2296.3913903156845 1.0 2296.3913903156845 1.0 1
550 nan 0.0 0.2 -1.0 1.0 2299.4834097883013 2299.4844430278927 2299.790681910649 2298.869165516391 2301.3504188865895 2299.6746591036317 1.0 2299.6746591036317 1.0 1
551 nan 0.25 0.2 -1.0 1.0 2303.28216514141 2303.2830983900735 2303.514744040395 2302.1597336420964 2305.065484900988 2303.413686542298 1.0 2303.413686542298 1.0 1
552 nan 0.125 0.2 -1.0 1.0 2306.9170686935145 2306.918101933106 2307.5852080757227 2305.8744966155205 2309.1488504600516 2307.4449541337726 1.0 2307.4449541337726 1.0 1
553 1.0 nan 0.8 1.0 1.0 2310.7999164172365 2310.800783005281 2311.3569658782185 2309.952759943247 2312.9154074793887 2310.9680011675346 -1.0 2311.261641193338 -1.0 3
554 0.125 nan 0.8 -1.0 -1.0 2314.9334080676376 2314.934474637538 2315.2137826303 2313.722917890892 2317.766897127409 2315.0581967460266 1.0 2315.0581967460266 1.0 1
555 0.25 nan 0.8 -1.0 -1.0 2319.148792288231 2319.1498255278225 2319.3484741718394 2318.579110639987 2321.900059201634 2319.236117698856 1.0 2319.236117698856 1.0 1
556 0.0 nan 0.8 -1.0 -1.0 2323.18205969827 2323.18315959848 2323.469133653122 2322.7160686425655 2326.016418974744 2323.3641431785154 1.0 2323.3641431785154 1.0 1
557 1.0 nan 0.8 1.0 1.0 2327.5318983869784 2327.5328316356417 2327.913063805263 2326.8285288677357 2329.4665721392907 2327.6428883172766 1.0 2327.6428883172766 1.0 1
558 0.0625 nan 0.8 -1.0 -1.0 2330.882127766508 2330.8831610060993 2336.617507416924 2330.2755827960686 2339.182154199482 2334.4696689489565 -1.0 2336.3646636898247 -1.0 4
559 1.0 nan 0.8 1.0 1.0 2349.5497674545845 2349.5508673547947 2349.874737971223 2339.9949676592323 2351.4501709260007 2349.7205519599443 -1.0 2349.7205519599443 -1.0 1
560 0.25 nan 0.8 -1.0 -1.0 2357.515244776565 2357.5162113555375 2357.9698701967645 2352.3068839783623 2360.5333187945644 2357.682462938819 -1.0 2357.682462938819 -1.0 1
561 nan 0.0 0.8 -1.0 1.0 2361.9820061906444 2361.982872778689 2377.9036950085924 2361.352030012698 2379.4666332418747 2362.088529859483 1.0 2377.775439978026 1.0 7
562 0.0625 nan 0.8 -1.0 -1.0 2383.865254138589 2383.8662207175616 2384.432236031772 2380.292244971038 2386.9986502000497 2384.036605259208 -1.0 2384.222121761322 1.0 2
563 nan 0.25 0.8 -1.0 1.0 2388.632688273755 2388.6335548617994 2388.9266949329617 2387.8309610114766 2390.499927689339 2388.8112387412043 1.0 2388.8112387412043 1.0 1
564 0.25 nan 0.8 -1.0 -1.0 2391.9148904918015 2391.9158904010833 2392.2208960623916 2391.3104453308542 2394.7818835999724 2392.0569109401495 1.0 2392.0569109401495 1.0 1
565 1.0 nan 0.8 -1.0 -1.0 2396.1996017559445 2396.200568334917 2396.3732526679123 2395.5934900795273 2398.9330645282685 2396.2765614403465 1.0 2396.2765614403465 1.0 1
566 0.0 nan 0.8 1.0 1.0 2400.231835926392 2400.232902496293 2413.3389134368495 2399.744580133291 2414.8998189959257 2400.5187765600062 1.0 2413.1172668793474 -1.0 2
567 1.0 nan 0.8 -1.0 -1.0 2416.7316722911714 2416.7326055398344 2416.9442530045167 2415.728729951052 2419.5161998858657 2416.843062185182 1.0 2416.843062185182 1.0 1
568 1.0 nan 0.8 1.0 1.0 2420.9317245694415 2420.932591157486 2422.691064951057 2420.3301124847935 2424.2482730315974 2421.0257160419465 1.0 2422.5568771254175 -1.0 4
569 0.25 nan 0.8 1.0 1.0 2425.5827359338778 2425.583602521922 2426.3175359348834 2425.061883188903 2427.883054251685 2425.6778939672113 1.0 2425.6778939672113 1.0 1
570 0.0 nan 0.8 -1.0 -1.0 2429.7982868060185 2429.7992867153002 2430.5702834323133 2429.112582350757 2433.1317356521386 2429.9742375093347 -1.0 2429.9742375093347 -1.0 1
571 nan 0.125 0.8 -1.0 1.0 2434.4661633070104 2434.46729653753 2434.692976062469 2433.94394401935 2436.2483831903364 2434.5603880916806 1.0 2434.5603880916806 1.0 1
572 0.125 nan 0.8 1.0 1.0 2437.7330669130424 2437.733966831396 2454.1477776676174 2437.063394336602 2455.7151135108097 2437.93058232654 1.0 2453.8972004015573 -1.0 13
573 0.25 nan 0.8 -1.0 -1.0 2457.0323826248455 2457.0333158735084 2457.236330788057 2456.5563258157026 2459.79837911572 2457.123541021051 1.0 2457.123541021051 1.0 1
574 nan 0.125 0.8 -1.0 1.0 2461.1326772870852 2461.133677196367 2461.4864118607347 2460.6232901685435 2463.049347280048 2461.369922429386 1.0 2461.369922429386 1.0 1
575 nan 0.125 0.8 -1.0 1.0 2466.014867677511 2466.015667604937 2466.275610687938 2463.855463592182 2467.8315185179827 2466.157088107716 1.0 2466.157088107716 1.0 1
576 0.125 nan 0.8 1.0 1.0 2469.9827076902 2469.9836742691728 2488.0154716448487 2468.661427565013 2489.5829042525384 2470.111995960358 1.0 2487.377262880481 -1.0 13
577 nan 0.0 0.8 1.0 -1.0 2491.848157252926 2491.8490571712796 2508.3283953957784 2490.4468177245626 2510.881342853088 2493.1778699463907 1.0 2508.239670112159 -1.0 8
578 0.125 nan 0.8 1.0 1.0 2512.2823033391387 2512.283403239349 2513.2468824931398 2511.7222541503106 2514.798118380603 2512.525381285584 -1.0 2513.2040863758716 -1.0 5
579 nan 0.0625 0.8 1.0 -1.0 2516.1323207081027 2516.133420608313 2520.9440841547694 2515.627633163186 2523.499265742962 2516.2483768454294 1.0 2520.704305908954 -1.0 5
580 1.0 nan 0.8 1.0 1.0 2524.831064836857 2524.832098076448 2525.13190420949 2524.324777437089 2526.682612094818 2525.009781955853 -1.0 2525.009781955853 -1.0 1
581 0.0625 nan 0.8 1.0 1.0 2528.1310987704314 2528.132098679713 2528.7330441581735 2527.5122215855145 2530.281080175878 2528.334746960858 -1.0 2528.334746960858 -1.0 1
582 0.25 nan 0.8 1.0 1.0 2531.665644760936 2531.6667779914555 2539.7012490538914 2531.1104951275897 2541.282452914814 2539.2213592591675 1.0 2539.34928098664 -1.0 2
583 nan 1.0 0.8 -1.0 1.0 2542.6143847559647 2542.6154513258657 2542.8279987089018 2542.1124636267286 2544.381203691658 2542.720208488306 1.0 2542.720208488306 1.0 1
584 0.125 nan 0.8 -1.0 -1.0 2545.765765509621 2545.7667987492123 2546.0768039569307 2545.2131156494797 2548.6311828775183 2545.9537817849396 1.0 2545.9537817849396 1.0 1
585 0.0625 nan 0.8 -1.0 -1.0 2550.015679930752 2550.0164798581773 2550.658154974723 2549.4628967493727 2553.2155670459697 2550.263190808347 1.0 2550.263190808347 1.0 1
586 1.0 nan 0.8 1.0 1.0 2554.564467236262 2554.5654671455436 2554.8773055202787 2554.053180290084 2556.4489128748883 2554.7308521407804 -1.0 2554.7308521407804 -1.0 1
587 1.0 nan 0.8 1.0 1.0 2559.764362135877 2559.765162063303 2561.2184968743277 2557.2740214085275 2562.7978298647004 2559.9340800713358 -1.0 2560.9369890811454 1.0 3
588 0.125 nan 0.8 1.0 1.0 2564.382209842461 2564.3831764214337 2565.346855657081 2563.63774405173 2566.9156938795923 2564.535895899099 -1.0 2564.7229122651356 1.0 2
589 nan 0.0625 0.8 1.0 -1.0 2569.947604914944 2569.9485048332976 2570.877187244076 2567.752304086392 2573.448895930571 2570.0497956435606 1.0 2570.72120139609 1.0 2
590 0.125 nan 0.8 -1.0 -1.0 2575.530831702955 2575.5318316122366 2576.4075188310712 2574.3252077513816 2578.9826921264953 2575.62478984515 1.0 2575.981990770977 -1.0 3
591 0.0625 nan 0.8 1.0 1.0 2580.4308204786 2580.431853718191 2581.7354354490876 2579.8596056361234 2583.2975661322102 2580.549543040678 1.0 2581.6624754018135 -1.0 6
592 0.25 nan 0.8 1.0 1.0 2584.66523630586 2584.6662028848327 2585.0914976327613 2584.190979333425 2586.6653256264244 2584.8143894404197 -1.0 2584.8143894404197 -1.0 1
593 0.25 nan 0.8 1.0 1.0 2588.0976248980573 2588.098858119505 2588.5530502456827 2587.566439757169 2590.1155817795393 2588.2439782866277 -1.0 2588.2439782866277 -1.0 1
594 1.0 nan 0.8 1.0 1.0 2591.647669482433 2591.648536070477 2592.214518054378 2591.011693848794 2593.7819497870532 2591.7583927702553 -1.0 2592.190120267898 -1.0 3
595 1.0 nan 0.8 1.0 1.0 2595.18094892118 2595.181882169843 2595.5550816441814 2594.641564524179 2597.1321139907004 2595.3190697233285 -1.0 2595.507552622979 -1.0 2
596 nan 1.0 0.8 -1.0 1.0 2598.680998041457 2598.6818979598106 2598.8902457238623 2597.9814281774857 2600.4641535008877 2598.7952210117664 1.0 2598.7952210117664 1.0 1
597 0.25 nan 0.8 1.0 1.0 2601.9153379352065 2601.9162378535602 2605.8970433566055 2601.3007603602023 2607.4640726339103 2605.6186352821974 -1.0 2605.6186352821974 -1.0 1
598 0.0625 nan 0.8 1.0 1.0 2608.915669487926 2608.91656940628 2609.499716499521 2608.357786769209 2611.0655481113968 2609.06068966412 1.0 2609.06068966412 1.0 1
599 0.0625 nan 0.8 -1.0 -1.0 2613.164084045134 2613.1652506059627 2613.410561683138 2611.908864593175 2615.98191165793 2613.263608348999 1.0 2613.263608348999 1.0 1
600 1.0 nan 0.8 1.0 1.0 2618.447438039484 2618.448271297219 2619.4913766601635 2616.8209189408226 2621.065008930207 2618.6361209209904 -1.0 2618.6361209209904 -1.0 1
601 0.0 nan 0.8 1.0 1.0 2622.4474418007426 2622.4486083615716 2622.9761271684265 2621.9050243455868 2624.531565545559 2622.5966949262306 -1.0 2622.941496976961 -1.0 2
602 1.0 nan 0.8 1.0 1.0 2626.130674301475 2626.1316075501386 2626.7027890623053 2625.3755761420457 2628.2639258801687 2626.2570628347153 -1.0 2626.67315841725 -1.0 2
603 nan 0.25 0.8 -1.0 1.0 2629.7817763839475 2629.7826096416825 2630.043752615822 2629.1050377819142 2631.6151861203707 2629.9260299630255 1.0 2629.9260299630255 1.0 1
604 0.25 nan 0.8 -1.0 -1.0 2633.6973544714992 2633.698287720162 2637.237933248005 2632.4631997750803 2639.7983129050513 2633.8986695402677 -1.0 2637.079247644957 1.0 3
605 0.0625 nan 0.8 -1.0 -1.0 2641.1472452373896 2641.148278476981 2641.9496057755464 2640.6488237906397 2644.515411337034 2641.437618892872 1.0 2641.878012270958 1.0 2
606 0.25 nan 0.8 1.0 1.0 2646.6473129034503 2646.648279482423 2647.234259651963 2645.374828351223 2648.798767912473 2646.88072506017 -1.0 2647.21112841724 -1.0 2
607 0.125 nan 0.8 1.0 1.0 2650.2138559909777 2650.214955891188 2660.187451123926 2649.6358750956933 2661.7484848379067 2650.303081229238 1.0 2659.4210873199195 -1.0 3
608 0.25 nan 0.8 1.0 1.0 2663.13051744384 2663.131650674359 2664.227751229248 2662.613597675374 2665.797251988877 2663.2417406863033 1.0 2664.0477675584943 1.0 7
609 nan 0.0625 0.8 1.0 -1.0 2667.1651180662543 2667.165984654299 2667.9149833671086 2666.657464123801 2670.48062894568 2667.2505436492434 1.0 2667.6342421710424 -1.0 2
