ibl_witten_29 58b1e920-cfc8-467e-b28b-7654a55d0977 wittenlab 2026-07-28T16:01:20.797097 _iblrig_tasks_ephysChoiceWorld6.4.2 M 304 728
0 nan 1.0 0.5 -1.0 1.0 77.22560447943648 77.22667103199518 77.5529361256541 73.33182106623838 79.10891503410541 77.47641097956759 1.0 77.47641097956759 1.0 1
1 nan 0.125 0.5 -1.0 1.0 81.9631642856338 81.96426416795995 82.31782634116801 79.64511228860816 83.87981507892943 82.1796744550493 1.0 82.1796744550493 1.0 1
2 0.0 nan 0.5 -1.0 -1.0 87.00882446222471 87.00985768501594 88.60218732538316 84.32071205709867 91.15832814525297 88.04268051904418 1.0 88.04268051904418 1.0 1
3 nan 0.125 0.5 -1.0 1.0 93.02978029420915 93.03078018723292 97.80273631344821 91.6569271725613 99.3580555917733 97.72054510689361 1.0 97.72054510689361 1.0 1
4 nan 0.25 0.5 -1.0 1.0 102.34628354326503 102.34731676605627 102.62665354713252 99.80775513449625 104.19604310566223 102.50786625590763 1.0 102.50786625590763 1.0 1
5 nan 1.0 0.5 -1.0 1.0 105.22457560151373 105.22560882430497 105.4458519276759 104.6357385998106 106.99604338209623 105.37329302391706 1.0 105.37329302391706 1.0 1
6 nan 0.0625 0.5 -1.0 1.0 108.72446782287805 108.72556770520421 109.08796226678898 107.40924186916732 110.64115400484772 108.97844065091778 1.0 108.97844065091778 1.0 1
7 nan 0.125 0.5 -1.0 1.0 113.64614126452044 113.64714115754421 114.01456851401534 111.0517521654899 115.57535182011272 113.82818845438304 1.0 113.82818845438304 1.0 1
8 nan 1.0 0.5 -1.0 1.0 117.37954183670449 117.38044174042588 117.66217826475919 116.07144845323003 119.22516896094913 117.53335871352907 1.0 117.53335871352907 1.0 1
9 nan 0.25 0.5 -1.0 1.0 121.96248485165817 121.96338475537958 122.30488155276738 119.62576818485536 123.85827215389644 122.17859506386417 1.0 122.17859506386417 1.0 1
10 nan 1.0 0.5 -1.0 1.0 124.92913412344144 124.93000069739539 125.15047710913854 124.27897034961322 126.69537180659296 125.06538621281499 1.0 125.06538621281499 1.0 1
11 0.125 nan 0.5 1.0 1.0 127.65820881277493 127.65930869510109 127.97557485852222 127.09986854829704 129.5288677488603 127.85768747101874 -1.0 127.85768747101874 -1.0 1
12 nan 0.0 0.5 -1.0 1.0 131.52432851898186 131.52556172037785 133.68689715080993 129.93446528140663 135.24568521047271 133.3961615892626 1.0 133.3961615892626 1.0 1
13 nan 0.125 0.5 -1.0 1.0 137.04140492651686 137.042504808843 137.30247699502542 135.67308465324348 138.84130277115565 137.22135234102953 1.0 137.22135234102953 1.0 1
14 1.0 nan 0.5 1.0 1.0 139.7454822902559 139.7464488535122 139.97309127223534 139.25220173185852 141.52888626192663 139.89523293545045 -1.0 139.89523293545045 -1.0 1
15 0.125 nan 0.5 1.0 1.0 144.12441379859132 144.12538036184765 144.44191316340843 141.93728112814574 145.99090201327624 144.32902524102386 -1.0 144.32902524102386 -1.0 1
16 0.0 nan 0.5 1.0 1.0 147.5787442278388 147.57967746132766 148.4000896873379 146.41570199234712 149.94091495448725 148.0929558802006 -1.0 148.32593095474098 -1.0 2
17 nan 0.125 0.5 -1.0 1.0 150.91195428213925 150.912954175163 151.13829673295524 150.35161423161378 152.70732182180075 151.05780534454107 1.0 151.05780534454107 1.0 1
18 nan 0.25 0.5 -1.0 1.0 155.9951437768893 155.99624365921545 156.27211414447595 153.10551959770444 157.84560319799664 156.19652223187828 1.0 156.19652223187828 1.0 1
19 nan 0.0625 0.5 -1.0 1.0 160.12396871021028 160.12483528416422 161.97730375955115 158.28879838413474 163.5410230439462 161.89567915904334 1.0 161.89567915904334 1.0 1
20 nan 0.25 0.5 -1.0 1.0 164.72860940377998 164.72944264796647 164.83543130848696 163.9790229336207 166.39101720884028 164.67681494514824 -1.0 164.67681494514824 -1.0 1
21 0.0625 nan 0.5 1.0 1.0 169.47836790486738 169.4794011276586 169.8537277459938 166.8696136760619 171.4120167994847 169.72397496127482 -1.0 169.72397496127482 -1.0 1
22 nan 0.125 0.5 -1.0 1.0 173.54039998419995 173.54133321768882 173.79903897968398 171.84311490610347 175.35772942599888 173.71411473219774 1.0 173.71411473219774 1.0 1
23 1.0 nan 0.5 1.0 1.0 177.74491681942095 177.74598337197966 177.94552868975836 175.77302778722745 179.49095158689818 177.88113557902705 -1.0 177.88113557902705 -1.0 1
24 1.0 nan 0.5 1.0 1.0 180.69506785631188 180.69590110049836 180.89144684618196 179.918150976836 182.44034191326278 180.81605491218906 -1.0 180.81605491218906 -1.0 1
25 0.125 nan 0.5 -1.0 -1.0 185.51161921138768 185.51248578534162 188.0854771736633 182.85343693744008 190.62825701848598 187.99505351454627 1.0 187.99505351454627 1.0 1
26 0.125 nan 0.5 1.0 1.0 194.37350443229894 194.3743710062529 194.64824170546584 191.08665608453438 196.1902651573994 194.56285084123513 -1.0 194.56285084123513 -1.0 1
27 0.125 nan 0.5 1.0 1.0 197.1446079583986 197.1456745109573 197.37445003479783 196.62306375719575 198.944873729213 197.30249106685324 -1.0 197.30249106685324 -1.0 1
28 0.0 nan 0.5 -1.0 -1.0 200.72322509050176 200.72429164306044 202.07694692562796 199.35057194745866 204.64066297579578 201.9907894767457 1.0 201.9907894767457 1.0 1
29 0.25 nan 0.5 1.0 1.0 206.76134575272772 206.76221232668166 207.1627694720073 205.06956008626202 208.7238584442884 207.07514551335686 -1.0 207.07514551335686 -1.0 1
30 nan 0.125 0.5 -1.0 1.0 209.74509319521758 209.7461597477763 210.31646539877207 209.15795601165487 211.87348630913024 209.90620929111574 1.0 210.28873503224594 1.0 3
31 0.25 nan 0.5 1.0 1.0 214.09446119981664 214.09542776307296 214.4522895832595 212.29078750399012 216.01138048674164 214.35713309716323 -1.0 214.35713309716323 -1.0 1
32 nan 0.125 0.5 -1.0 1.0 222.9062517802366 222.9073183327953 223.15629169571613 216.43497746010982 224.71109886554154 223.07690018962813 1.0 223.07690018962813 1.0 1
33 0.125 nan 0.5 1.0 1.0 225.97325698183977 225.97429020463102 226.30058862805737 225.2862971447365 227.8610837783409 226.19010044892985 -1.0 226.19010044892985 -1.0 1
34 nan 1.0 0.5 -1.0 1.0 229.5727718781399 229.5735717925589 229.7828827322032 228.267478195132 231.3444019563003 229.71229028472445 1.0 229.71229028472445 1.0 1
35 nan 0.0625 0.5 -1.0 1.0 234.806545262271 234.80747849575985 235.39601552955585 231.77440299743023 236.94010511797256 235.09634759032946 1.0 235.20910219364418 1.0 2
36 nan 0.0625 0.5 -1.0 1.0 239.1437479017474 239.14474779477118 240.4066127907796 237.381303128268 241.93930418115562 240.15920592692936 1.0 240.15920592692936 1.0 1
37 0.125 nan 0.5 1.0 1.0 244.3606564235441 244.36168964633535 244.8255066902987 242.37600209041366 246.37282746847146 244.58519906691728 -1.0 244.58519906691728 -1.0 1
38 nan 0.0625 0.5 -1.0 1.0 247.94410637192883 247.94497294588277 249.6639223728278 246.81702695552576 251.22751153537826 249.35805509685397 1.0 249.58966365092851 1.0 3
39 1.0 nan 0.5 1.0 1.0 255.6732127862015 255.67421267922526 255.9759137342667 251.66960778922504 257.5397225127457 255.8863566491036 -1.0 255.8863566491036 -1.0 1
40 0.0625 nan 0.5 1.0 1.0 263.3101623934492 263.3110956269381 264.90192542776964 258.0925206167684 266.45594117507613 264.20423340554447 -1.0 264.5323649661811 1.0 2
41 nan 0.0 0.5 1.0 -1.0 270.5435885060674 270.5446550586261 272.8883043170605 266.9442402586046 275.4437485532739 272.79771400910613 -1.0 272.79771400910613 -1.0 1
42 1.0 nan 0.5 1.0 1.0 279.85539225791155 279.85619217233057 280.0827679315188 275.9272458544629 281.64375446484195 280.0087758477592 -1.0 280.0087758477592 -1.0 1
43 0.0625 nan 0.5 1.0 1.0 284.7393030730226 284.7401363172091 286.48594953672625 282.10185191443463 288.02247030119474 286.3617294934055 -1.0 286.3617294934055 -1.0 1
44 nan 0.0625 0.5 -1.0 1.0 289.4103033336037 289.41140321592985 290.36926740294217 288.4796695666056 291.9223602232767 290.2882094084812 1.0 290.2882094084812 1.0 1
45 nan 0.25 0.5 -1.0 1.0 295.47688761723987 295.47798749956604 295.7351599852819 292.3480556969998 297.29347921921493 295.6529354489598 1.0 295.6529354489598 1.0 1
46 nan 1.0 0.5 -1.0 1.0 301.48857777387065 301.48957766689443 301.79787801589276 297.74677810028686 303.35568665619985 301.7056212195655 1.0 301.7056212195655 1.0 1
47 nan 0.25 0.5 -1.0 1.0 307.2765918610821 307.27749176480353 307.5461963500603 303.9106853049041 309.1097833682902 307.45437284070994 1.0 307.45437284070994 1.0 1
48 nan 0.125 0.5 -1.0 1.0 310.4391535059911 310.44012006924737 311.4408796669798 309.55878102832156 312.9933006043018 311.3668209236853 1.0 311.3668209236853 1.0 1
49 nan 1.0 0.5 -1.0 1.0 314.6551691109855 314.65606901470693 314.90030955064856 313.42420080941184 316.4553001339105 314.8145187292084 1.0 314.8145187292084 1.0 1
50 1.0 nan 0.5 1.0 1.0 319.343467520878 319.3443674245994 319.6310034247492 316.8798977591252 321.19279158761196 319.54121303121394 -1.0 319.54121303121394 -1.0 1
51 0.0625 nan 0.5 -1.0 -1.0 326.221798290985 326.22259820540404 327.2065929301044 321.63758874486786 329.7598021521327 327.1053370965631 1.0 327.1053370965631 1.0 1
52 0.25 nan 0.5 -1.0 -1.0 332.22138974202807 332.2221896564471 334.42382077573745 330.24830083820603 336.97623182661056 334.31526572312254 1.0 334.31526572312254 1.0 1
53 nan 0.25 0.5 -1.0 1.0 341.73803824467694 341.7390714674682 343.27414056734034 337.44593078057295 344.84272523473487 343.1695850868206 1.0 343.1695850868206 1.0 1
54 nan 0.25 0.5 -1.0 1.0 346.05504304507303 346.05600960832936 346.34044584382684 345.3200216832935 347.8883256839998 346.2544550437819 1.0 346.2544550437819 1.0 1
55 nan 0.0625 0.5 -1.0 1.0 348.90940433028595 348.91030423400736 349.2664327993098 348.41312409281727 350.8215231284456 349.18887443043207 1.0 349.18887443043207 1.0 1
56 0.0625 nan 0.5 -1.0 -1.0 352.2091512980573 352.21025118038347 352.9109095519125 351.2498206012768 355.4551560086339 352.76455854299877 1.0 352.76455854299877 1.0 1
57 0.25 nan 0.5 -1.0 -1.0 356.4592632551626 356.4605631160935 356.5891826887189 355.8902574650977 359.1385356982414 356.46232959376886 1.0 356.46232959376886 1.0 1
58 0.0625 nan 0.5 1.0 1.0 360.25929003249774 360.2601232766842 360.60265329686325 359.56903054841604 362.1591415490793 360.51416276425886 -1.0 360.51416276425886 -1.0 1
59 0.25 nan 0.5 1.0 1.0 363.60446547331605 363.6054320365724 363.88233574462413 362.5866410346445 365.42175871072465 363.7935119143451 -1.0 363.7935119143451 -1.0 1
60 nan 0.25 0.5 -1.0 1.0 366.8590839359475 366.86005049920385 367.12615536259875 365.8556579568184 368.6715494646601 367.0477304197671 1.0 367.0477304197671 1.0 1
61 0.25 nan 0.5 1.0 1.0 369.7090123620884 369.7100122551122 369.9922487259574 369.0948447371162 371.54236896675604 369.8891930849733 -1.0 369.8891930849733 -1.0 1
62 nan 1.0 0.5 -1.0 1.0 372.45475193515153 372.45565183887294 372.67826135573347 371.9666708204778 374.2258555280721 372.5987032008082 1.0 372.5987032008082 1.0 1
63 0.125 nan 0.5 1.0 1.0 375.1877595370452 375.1885927812317 375.46116361951374 374.6632489865385 377.0047539842888 375.38673824877714 -1.0 375.38673824877714 -1.0 1
64 nan 0.0625 0.5 -1.0 1.0 377.95869641430755 377.9595629882615 378.2252678944469 377.4341525340334 379.7712770723914 378.1326444706776 1.0 378.1326444706776 1.0 1
65 0.0625 nan 0.5 1.0 1.0 382.34232741985477 382.34316066404125 382.8432738247678 380.29407989041204 384.4041624570971 382.75768298193236 -1.0 382.75768298193236 -1.0 1
66 nan 1.0 0.5 -1.0 1.0 385.4257308670479 385.4267974196066 385.61697707272924 384.8565584281457 387.19226334548864 385.54705122059966 1.0 385.54705122059966 1.0 1
67 0.25 nan 0.5 1.0 1.0 388.1047109158901 388.1057441386813 389.1630976815596 387.62826189005966 390.7251839192952 388.96601876657286 -1.0 388.96601876657286 -1.0 1
68 1.0 nan 0.5 1.0 1.0 391.85390979784984 391.8550430099435 392.0772858993619 391.15388469190253 393.64227591251466 392.01165958723465 -1.0 392.01165958723465 -1.0 1
69 nan 0.0 0.5 -1.0 1.0 394.55428755740087 394.5553207801921 395.11039472745904 394.07627203249984 396.6750820680754 394.9977067836792 1.0 394.9977067836792 1.0 1
70 0.25 nan 0.5 1.0 1.0 403.0378799176493 403.0388798106731 403.35421274060536 397.104381395478 404.9211931832616 403.22326008425784 -1.0 403.22326008425784 -1.0 1
71 nan 0.25 0.5 -1.0 1.0 405.97539897267313 405.9764988549993 406.3107964226159 405.4290907542481 407.85441566469547 406.14744723229796 1.0 406.14744723229796 1.0 1
72 1.0 nan 0.5 1.0 1.0 408.9918429170406 408.9928094802969 409.2184186762288 408.3021167092382 410.77100969906695 409.02280627101027 1.0 409.02280627101027 1.0 1
73 0.0625 nan 0.5 1.0 1.0 412.30832142807645 412.3094213104026 412.7743049069247 411.2052061144766 414.3252257811691 412.6454853556946 -1.0 412.6454853556946 -1.0 1
74 1.0 nan 0.5 1.0 1.0 417.3040202832459 417.3050201762697 417.5059986740492 414.7560262205187 419.05850875614186 417.42947352796267 -1.0 417.42947352796267 -1.0 1
75 nan 0.0 0.5 -1.0 1.0 421.02075597170034 421.0216225456543 421.62612453806327 419.63580414446477 423.17011395820606 421.52466872591725 1.0 421.52466872591725 1.0 1
76 1.0 nan 0.5 1.0 1.0 424.991431158427 424.99256437052065 425.2594358185671 423.60411291770185 426.80822414874007 425.1620129082836 -1.0 425.1620129082836 -1.0 1
77 0.0625 nan 0.5 1.0 1.0 428.10396482237957 428.10486472610097 428.37063629182126 427.24482340658165 429.9208253628452 428.27931272898286 -1.0 428.27931272898286 -1.0 1
78 nan 0.125 0.5 -1.0 1.0 430.8582368159123 430.8591367196337 431.10534371185537 430.3609233556523 432.6748308936156 431.0343846369346 1.0 431.0343846369346 1.0 1
79 nan 0.0 0.5 -1.0 1.0 433.637039518295 433.6381060708537 434.0453291696712 433.10362991987665 435.60844763693865 433.96597099335065 1.0 433.96597099335065 1.0 1
80 nan 0.0625 0.5 -1.0 1.0 436.86989364277554 436.870726886962 437.52752328451464 436.0466483865313 439.0875450655059 437.41256891654757 1.0 437.41256891654757 1.0 1
81 0.125 nan 0.5 1.0 1.0 440.2081698217298 440.20906972545123 440.6715535787162 439.54174112138145 442.23724283365493 440.56029881493714 -1.0 440.56029881493714 -1.0 1
82 nan 0.0625 0.5 -1.0 1.0 446.00798264662194 446.0089492098782 447.7204660986798 442.67133962627315 449.2706510235883 447.5651493823196 1.0 447.5651493823196 1.0 1
83 0.0625 nan 0.5 1.0 1.0 450.7915042021456 450.7925374249368 450.986749979922 449.7530486374167 452.55826776446975 450.87796161893493 -1.0 450.87796161893493 -1.0 1
84 0.25 nan 0.5 1.0 1.0 454.76987856515535 454.7708117986442 455.1123752555669 453.00546733539585 456.67486246325876 454.96135807920894 -1.0 454.96135807920894 -1.0 1
85 0.125 nan 0.5 1.0 1.0 460.75360504688774 460.7547382589814 461.6481760054949 457.138658468254 463.1868626978252 461.0604055563505 -1.0 461.5004251463479 -1.0 2
86 0.0 nan 0.5 1.0 1.0 465.9746464598494 465.97567968264065 467.5033829039043 463.66905979585357 469.03656965054563 467.01876808504636 -1.0 467.4424227592213 -1.0 2
87 nan 1.0 0.5 -1.0 1.0 470.1910953518208 470.1919285960073 470.4410686077655 469.50886834169677 471.991189783529 470.3620437291195 1.0 470.3620437291195 1.0 1
88 0.0 nan 0.5 -1.0 -1.0 475.5867180867342 475.5875180011532 477.51284534820616 472.42218998554523 480.07438772653967 477.0812581893759 1.0 477.33653087834654 -1.0 2
89 0.25 nan 0.5 1.0 1.0 483.2360996972443 483.23709959026803 484.96108181209945 480.575184382365 486.5242937133853 483.16767368465037 -1.0 484.4212728983289 -1.0 2
90 nan 0.0625 0.8 -1.0 1.0 491.2694735586527 491.2703068028392 496.9587982044173 487.0434923531879 498.52380730732244 496.1371194472436 -1.0 496.6632631563558 -1.0 3
91 0.0 nan 0.8 1.0 1.0 500.9194744609062 500.92054101346486 501.51851037145184 499.07730488366417 503.0696290052548 501.00496531443923 -1.0 501.37012624672315 -1.0 2
92 0.0625 nan 0.8 1.0 1.0 508.440536466698 508.4414363704194 510.1611190522485 503.53052844366636 511.7240317968236 509.6625723905926 -1.0 510.07089537173624 -1.0 2
93 0.125 nan 0.8 1.0 1.0 513.6030508080012 513.6040173712574 514.247815159501 512.2408298821729 515.8029347458445 513.9909093119248 -1.0 513.9909093119248 -1.0 1
94 1.0 nan 0.8 1.0 1.0 522.0235832482166 522.0246164710079 522.3395494437306 516.2609331140416 523.8732311945505 522.2189623450629 -1.0 522.2189623450629 -1.0 1
95 0.0 nan 0.8 1.0 1.0 526.4027147351568 526.4035146495759 527.8453603898644 524.4007289229476 529.402360705343 527.3719777026402 -1.0 527.7960323340246 -1.0 2
96 0.25 nan 0.8 1.0 1.0 531.8067699012374 531.8077697942612 532.1804632539909 530.0182612496048 533.7401520164462 532.024013325537 -1.0 532.024013325537 -1.0 1
97 0.0625 nan 0.8 1.0 1.0 535.7690793163317 535.7700458795881 536.1001438965048 534.1969475150449 537.6566616623136 535.9826564662109 -1.0 535.9826564662109 -1.0 1
98 1.0 nan 0.8 1.0 1.0 539.0358964738533 539.037029685947 539.4205553201009 538.1185612840715 540.9689756034834 539.2534065362926 -1.0 539.2534065362926 -1.0 1
99 0.25 nan 0.8 1.0 1.0 543.540247897138 543.5412811199293 544.6750598195916 541.4126755211422 546.223479588346 544.2698365068218 -1.0 544.5353414344024 -1.0 2
100 0.0625 nan 0.8 1.0 1.0 547.3022787395696 547.303245302826 549.8204759901882 546.6982766936725 551.3730653121589 549.2078082047517 1.0 549.6162978347327 -1.0 3
101 0.125 nan 0.8 1.0 1.0 552.2853122831045 552.2861788570585 552.755162014978 551.8308609037972 554.3023807809363 552.6196765102561 -1.0 552.6196765102561 -1.0 1
102 0.0 nan 0.8 1.0 1.0 555.3730819298348 555.3741484823935 556.1731963274624 554.7491820127645 557.7187847268347 555.9307555989635 1.0 556.0812394990422 -1.0 2
103 nan 0.25 0.8 -1.0 1.0 558.7232901655395 558.7244233776331 558.9780962377657 558.1686828350171 560.5231854438414 558.9009711558649 1.0 558.9009711558649 1.0 1
104 1.0 nan 0.8 1.0 1.0 563.0518937250114 563.0530269371051 563.2192758171919 560.9659835583396 564.7731925749442 562.9925667389339 -1.0 562.9925667389339 -1.0 1
105 0.0625 nan 0.8 1.0 1.0 565.8347626590242 565.8356625627456 566.1257981884786 565.2539914610462 567.689686861638 566.0384741977354 -1.0 566.0384741977354 -1.0 1
106 0.125 nan 0.8 1.0 1.0 568.6847910744674 568.6859576163286 568.9559953922836 568.1422824495327 570.5184093156782 568.8636386066539 -1.0 568.8636386066539 -1.0 1
107 0.125 nan 0.8 1.0 1.0 571.5729154141167 571.5739153071404 571.9190117194138 570.9905110575331 573.4894001885007 571.7969581109779 -1.0 571.7969581109779 -1.0 1
108 0.25 nan 0.8 1.0 1.0 574.5016687402987 574.5025686440201 574.7571080781066 573.9479946432651 576.3187084496874 574.6826493776026 -1.0 574.6826493776026 -1.0 1
109 1.0 nan 0.8 1.0 1.0 580.6726751853848 580.6734750998038 580.9909078050861 576.9161104248166 582.5353247056267 580.8674876761843 -1.0 580.8674876761843 -1.0 1
110 1.0 nan 0.8 1.0 1.0 584.1563691397639 584.1574356923226 584.3090194747274 583.02182385545 585.8563090093002 584.1465368583634 -1.0 584.1465368583634 -1.0 1
111 0.25 nan 0.8 -1.0 -1.0 587.3520939032949 587.3530604665511 587.4887126201104 586.3207042492674 590.0394236070574 587.3561934646923 1.0 587.3561934646923 1.0 1
112 nan 1.0 0.8 -1.0 1.0 591.2517766853332 591.2526765890547 591.535213027807 590.510322678434 593.0853337996294 591.4228250519343 1.0 591.4228250519343 1.0 1
113 0.125 nan 0.8 1.0 1.0 594.1725975268599 594.1736307496512 594.4443351209555 593.5367322232718 595.9893261155536 594.3634437753318 -1.0 594.3634437753318 -1.0 1
114 1.0 nan 0.8 1.0 1.0 596.9517001971499 596.9526001008712 597.2140387968219 596.441621435953 598.7725258724527 597.1213487135176 -1.0 597.1213487135176 -1.0 1
115 0.0625 nan 0.8 1.0 1.0 599.8851863503111 599.8862862326373 600.6410388167527 599.2296231541545 602.1896255877322 600.2300494542123 -1.0 600.2300494542123 -1.0 1
116 0.25 nan 0.8 1.0 1.0 603.4179083926228 603.4188416261117 603.6444508220436 602.6521236554784 605.1896377108783 603.5649259968857 -1.0 603.5649259968857 -1.0 1
117 0.0625 nan 0.8 1.0 1.0 607.5346679501235 607.5358011622171 609.1087328779231 605.6458366984385 610.6509489067947 608.5950545018407 -1.0 608.9996778787963 -1.0 3
118 1.0 nan 0.8 1.0 1.0 611.672525250426 611.6733918243799 611.9808589291919 611.1490479227105 613.5183476528782 611.868904240296 -1.0 611.868904240296 -1.0 1
119 0.25 nan 0.8 1.0 1.0 614.5226536551716 614.5236868779629 615.0596628684756 613.9784452120964 616.6181481509183 614.9556073344677 -1.0 614.9556073344677 -1.0 1
120 0.0 nan 0.8 1.0 1.0 620.5226783931917 620.5236449564479 621.801374921767 617.0837463165103 623.3681560300773 621.1797747586513 -1.0 621.7242831696336 -1.0 3
121 0.25 nan 0.8 1.0 1.0 625.2722369156743 625.273236808698 626.0709514630685 623.8703535665694 627.6346669431296 625.6636283749486 -1.0 625.6636283749486 -1.0 1
122 1.0 nan 0.8 1.0 1.0 629.105760109306 629.1068266618647 629.4511564894865 628.122665288327 631.0221725330861 629.293206721497 -1.0 629.293206721497 -1.0 1
123 0.25 nan 0.8 1.0 1.0 632.7510034465603 632.7521033288864 633.3905683543364 631.4928713845072 634.9556844179405 633.0770685616144 -1.0 633.317242865926 -1.0 2
124 0.125 nan 0.8 1.0 1.0 636.45114091082 636.4520741443088 637.192294949812 635.4363828107546 638.7507795644694 636.9942494715689 -1.0 636.9942494715689 -1.0 1
125 0.125 nan 0.8 1.0 1.0 639.8054153781546 639.8063486116434 641.7566732842909 639.231276803901 643.3055917067954 641.1521712918818 -1.0 641.5090331120684 -1.0 3
126 0.0 nan 0.8 1.0 1.0 644.3342308507545 644.3352974033131 645.1176803646523 643.7804900941859 646.6558997838376 644.9707627496919 -1.0 644.9707627496919 -1.0 1
127 0.125 nan 0.8 1.0 1.0 648.6011076808918 648.6022408929854 648.909907976402 647.1240990359337 650.4508958209453 648.7881876656407 -1.0 648.7881876656407 -1.0 1
128 0.125 nan 0.8 1.0 1.0 654.4555479946497 654.4564812281385 655.1368084415174 650.929291927225 656.6888917643661 654.8501724413676 1.0 654.8501724413676 1.0 1
129 1.0 nan 0.8 1.0 1.0 659.5510695033596 659.5520693963834 659.8325060597858 657.1926884877083 661.3841211276972 659.7419490815989 -1.0 659.7419490815989 -1.0 1
130 nan 0.125 0.8 1.0 -1.0 662.9885684000402 662.9893683144592 664.4280143970717 661.8686215538734 666.9835246244294 664.1333459229642 1.0 664.1333459229642 1.0 1
131 0.125 nan 0.8 1.0 1.0 668.0213966161592 668.0222965198807 668.4414183456812 667.476021631223 670.0009350831612 668.3295303163203 -1.0 668.3295303163203 -1.0 1
132 nan 0.25 0.8 -1.0 1.0 671.1383964689513 671.1392630429053 671.386636576988 670.4649351876691 672.9549245474859 671.298312693221 1.0 671.298312693221 1.0 1
133 0.25 nan 0.2 1.0 1.0 676.0342393408127 676.0352059040691 676.595945911804 673.4203189980511 678.1501288492948 676.2597818772098 -1.0 676.4595605033606 -1.0 2
134 nan 0.125 0.2 -1.0 1.0 679.321354326717 679.3224875388107 680.5541224357336 678.6461265677594 682.1213375268571 680.3967392737908 1.0 680.3967392737908 1.0 1
135 nan 0.0625 0.2 -1.0 1.0 683.1667429175643 683.1677761403555 683.4381472139852 682.6011367637802 685.0047333582847 683.345457130681 1.0 683.345457130681 1.0 1
136 nan 0.0625 0.2 -1.0 1.0 686.5007862160512 686.5017194495401 686.8592478650758 685.4768291001672 688.4174455546231 686.7499262278094 1.0 686.7499262278094 1.0 1
137 1.0 nan 0.2 1.0 1.0 689.6547487809556 689.6556820144446 690.2877477245423 689.0622455048319 691.8378355261882 689.888157142473 -1.0 690.1682271784333 -1.0 2
138 nan 0.125 0.2 -1.0 1.0 692.7838473393355 692.784980551429 693.0712499241369 692.3088314935057 694.6340627994963 692.9574620980309 1.0 692.9574620980309 1.0 1
139 0.0625 nan 0.2 -1.0 -1.0 696.1548866797021 696.1559199024935 696.3479326928264 695.1061655465959 698.9046450400722 696.2339782178831 1.0 696.2339782178831 1.0 1
140 0.0625 nan 0.2 -1.0 -1.0 699.983910354727 699.9848769179832 701.774852079384 699.3939401409301 704.3380593763857 701.6587978290908 1.0 701.6587978290908 1.0 1
141 nan 0.125 0.2 -1.0 1.0 705.5330499985578 705.5341498808839 705.9570713001748 704.8350580084254 707.5046571700937 705.8635479726839 1.0 705.8635479726839 1.0 1
142 nan 0.0 0.2 -1.0 1.0 708.5669920708413 708.5680919531675 708.9761816259389 707.9819546626285 710.5337658314237 708.8526281779673 1.0 708.8526281779673 1.0 1
143 1.0 nan 0.2 1.0 1.0 711.7210879548155 711.7220545180719 711.9947586754237 711.0070643465353 713.5504756089159 711.8996688488623 -1.0 711.8996688488623 -1.0 1
144 nan 0.125 0.2 -1.0 1.0 714.5373533158225 714.5383532088463 714.9947710444337 714.0308741695113 716.5544866428719 714.90981346718 1.0 714.90981346718 1.0 1
145 nan 0.0625 0.2 -1.0 1.0 717.5000030155106 717.500969578767 718.1267692925825 717.040885468759 719.6877870897346 718.0225137799698 1.0 718.0225137799698 1.0 1
146 nan 0.25 0.2 -1.0 1.0 726.9333604292788 726.9341936734653 728.188092855051 720.1606850220177 729.7375010147159 728.1068682117527 1.0 728.1068682117527 1.0 1
147 nan 0.0625 0.2 -1.0 1.0 731.1998373022067 731.200803865463 731.7318137206242 730.313498796162 733.2831992386905 731.6441231024388 1.0 731.6441231024388 1.0 1
148 nan 0.25 0.2 -1.0 1.0 734.253643915896 734.2547771279895 734.6927969319394 733.7684958207586 736.2500125512134 734.5893413337458 1.0 734.5893413337458 1.0 1
149 nan 0.25 0.2 -1.0 1.0 739.4876506083992 739.4886838311904 739.7958176383278 736.7309122120745 741.3497014895265 739.6955950275777 1.0 739.6955950275777 1.0 1
150 nan 1.0 0.2 -1.0 1.0 744.2203775983149 744.2213108318037 744.3851266388662 741.8582969784756 745.937707628737 744.3025354751021 1.0 744.3025354751021 1.0 1
151 nan 0.0625 0.2 -1.0 1.0 746.9500188936953 746.9509187974166 747.2784170924715 746.4409066957547 748.8368295591562 747.1926262710314 1.0 747.1926262710314 1.0 1
152 nan 1.0 0.2 -1.0 1.0 750.0332556920511 750.0342222553074 750.3998164745683 749.3220317842374 751.9496180390503 750.2559985279814 1.0 750.2559985279814 1.0 1
153 nan 1.0 0.2 -1.0 1.0 753.2538777918741 753.2548443551303 753.4208265970776 752.6225120068929 754.9875391605102 753.3392019965698 1.0 753.3392019965698 1.0 1
154 nan 0.125 0.2 -1.0 1.0 756.8990877993608 756.9001543519196 757.2209200339477 755.4666410534958 758.7872359798562 757.1330294371576 1.0 757.1330294371576 1.0 1
155 nan 0.0 0.2 -1.0 1.0 759.8164423450719 759.8174422380956 760.2073338578343 759.2923317517747 761.7662483356318 760.1156769973213 1.0 760.1156769973213 1.0 1
156 nan 0.125 0.2 -1.0 1.0 764.9371611579811 764.938027731935 765.1374397306439 762.2452491593647 766.6873545832457 765.0237852236078 1.0 765.0237852236078 1.0 1
157 nan 0.0625 0.2 -1.0 1.0 767.7494269468929 767.7503268506143 769.2537326714001 767.204951865678 770.799350759184 769.1722413899622 1.0 769.1722413899622 1.0 1
158 nan 0.25 0.2 -1.0 1.0 772.2537783701777 772.2546116143641 772.486753444718 771.2882483366496 774.0374404489488 772.4082618423514 1.0 772.4082618423514 1.0 1
159 nan 0.25 0.2 -1.0 1.0 774.9996179325432 775.0005844957994 775.2252604582425 774.5236355234572 776.7659447368763 775.1332703000548 1.0 775.1332703000548 1.0 1
160 nan 1.0 0.2 -1.0 1.0 778.0205613955176 778.0215279587738 778.1977424393311 777.245844280694 779.7536563142304 778.1169844127772 1.0 778.1169844127772 1.0 1
161 1.0 nan 0.2 1.0 1.0 781.4161647745018 781.4171646675255 781.7124664072148 780.2491562966825 783.2655524572682 781.596012199712 -1.0 781.596012199712 -1.0 1
162 nan 1.0 0.2 -1.0 1.0 788.5700660619622 788.5710659549859 788.9461591579727 783.7505483575825 790.4986698025016 788.8371708183809 1.0 788.8371708183809 1.0 1
163 nan 0.0625 0.2 -1.0 1.0 791.8367499004139 791.8376831339027 792.1740804768692 791.0417682869751 793.7158660022284 792.0743578126311 1.0 792.0743578126311 1.0 1
164 nan 0.0 0.2 -1.0 1.0 794.837062237331 794.8379954708199 795.7046694140636 794.204763218861 797.2532834310209 795.557385171661 1.0 795.557385171661 1.0 1
165 nan 0.125 0.2 -1.0 1.0 798.265228799123 798.2662953516816 798.6231905016357 797.74578437327 800.1658769311194 798.522201306234 1.0 798.522201306234 1.0 1
166 nan 0.25 0.2 -1.0 1.0 801.3367335193332 801.3375667635196 801.6334017794882 800.6559730189773 803.2033816327792 801.540711696184 1.0 801.540711696184 1.0 1
167 nan 0.0625 0.2 -1.0 1.0 804.2490885999252 804.2501884822514 804.5054945009895 803.6977809163812 806.0697777100241 804.3966061507 1.0 804.3966061507 1.0 1
168 nan 0.0625 0.2 -1.0 1.0 807.198506381932 807.1995062749558 808.4849020867905 806.5605746327614 810.0531810202762 808.3967781816282 1.0 808.3967781816282 1.0 1
169 nan 0.125 0.2 -1.0 1.0 814.9485772199365 814.9497770915651 816.9556958163346 810.5638796618307 818.5153153541155 816.7872138418279 1.0 816.7872138418279 1.0 1
170 nan 0.125 0.2 -1.0 1.0 819.8529858420351 819.8540190648263 819.9378101002189 819.264815435681 821.5030230963014 819.8531191611048 1.0 819.8531191611048 1.0 1
171 nan 0.125 0.2 -1.0 1.0 823.498795785336 823.4999623271972 823.7579013975645 822.0041223636246 825.302818830986 823.6758768398472 1.0 823.6758768398472 1.0 1
172 nan 0.0625 0.2 -1.0 1.0 826.3653557654392 826.3662556691605 826.4831098338727 825.8024159930518 828.0323248060495 826.392486196151 1.0 826.392486196151 1.0 1
173 nan 1.0 0.2 -1.0 1.0 829.2529801585764 829.2538800622979 829.5297172177908 828.5286243223838 831.0864326882995 829.4423932270475 1.0 829.4423932270475 1.0 1
174 nan 1.0 0.2 -1.0 1.0 834.89810953269 834.8991427554812 835.1612147170135 831.5843307328183 836.7028301654364 835.0697578351053 1.0 835.0697578351053 1.0 1
175 nan 0.0625 0.2 -1.0 1.0 837.931718307299 837.9327515300902 838.2931463056274 837.2292267985597 839.8319297152266 838.1979898195311 1.0 838.1979898195311 1.0 1
176 nan 0.25 0.2 -1.0 1.0 843.8358533043386 843.8370198461997 844.1705508291647 840.3346278922759 845.7150303482059 844.0712614519035 1.0 844.0712614519035 1.0 1
177 nan 1.0 0.2 -1.0 1.0 847.5026276713716 847.5036275643953 847.7158381938086 846.2496283935072 849.2695503918054 847.6467455858655 1.0 847.6467455858655 1.0 1
178 nan 0.0 0.2 -1.0 1.0 850.4980405324721 850.4989404361936 850.6332593990545 849.770451708836 852.2024427984817 850.5513348306396 1.0 850.5513348306396 1.0 1
179 nan 0.25 0.2 -1.0 1.0 856.6482825324312 856.6491824361525 857.0708706540474 852.6972385787379 858.6355469441783 856.9844798967929 1.0 856.9844798967929 1.0 1
180 nan 0.25 0.2 -1.0 1.0 860.531600398647 860.532466972601 861.5639566159308 859.1751455225892 863.1319678264266 861.478332443328 1.0 861.478332443328 1.0 1
181 1.0 nan 0.2 1.0 1.0 864.4355493909203 864.4364159648742 864.782478940404 863.6447673281813 866.3523618385855 864.6884556664013 -1.0 864.6884556664013 -1.0 1
182 nan 1.0 0.2 -1.0 1.0 867.3650359719865 867.3660358650102 867.6300742828226 866.8544572642777 869.1980828232345 867.5448833971967 1.0 867.5448833971967 1.0 1
183 nan 0.0625 0.2 -1.0 1.0 870.1857675218329 870.1866674255543 870.4952677424599 869.7024858936734 872.0523849979868 870.3951784507796 1.0 870.3951784507796 1.0 1
184 0.0625 nan 0.2 1.0 1.0 873.1982118941053 873.1993117764314 873.5852704836099 872.5506811719063 875.1521838439323 873.4829814272773 -1.0 873.4829814272773 -1.0 1
185 0.25 nan 0.2 1.0 1.0 876.8813178471933 876.8822510806821 877.246978725989 875.6699807786531 878.7815942236876 877.1188257701081 -1.0 877.1188257701081 -1.0 1
186 0.25 nan 0.8 1.0 1.0 880.0189154962751 880.019848729764 880.3216831038753 879.2949929470595 881.8647984702177 880.2168276554484 -1.0 880.2168276554484 -1.0 1
187 0.25 nan 0.8 1.0 1.0 883.3686904450028 883.3698236570965 884.4701059404623 882.3711971644815 886.0147875869133 883.5738351637148 -1.0 884.1983683463668 -1.0 3
188 nan 1.0 0.8 -1.0 1.0 888.3520239564449 888.3530905090037 888.640493093805 886.5454839006169 890.185306051126 888.5522025398054 1.0 888.5522025398054 1.0 1
189 0.125 nan 0.8 -1.0 -1.0 891.9979005592809 891.9987004737 893.0536876030886 890.7029057744179 895.602393982545 892.9491321225688 1.0 892.9491321225688 1.0 1
190 0.25 nan 0.8 1.0 1.0 897.0812233731008 897.0822899256594 897.7875144753305 896.1425904619125 899.347595211875 897.576237079406 1.0 897.576237079406 1.0 1
191 0.0625 nan 0.8 -1.0 -1.0 900.4021680729762 900.4032346255349 900.7655625275847 899.8515936443164 903.3350001992943 900.6720058703265 1.0 900.6720058703265 1.0 1
192 0.125 nan 0.8 1.0 1.0 904.3144495071142 904.315516059673 905.0351057391189 903.8529988766405 906.5977178653055 904.7067075403426 -1.0 904.9541810637277 -1.0 3
193 0.0 nan 0.8 1.0 1.0 907.6517257930448 907.6528256753709 908.4335088185696 907.1032178099673 909.9975234142571 908.2067997403116 1.0 908.2067997403116 1.0 1
194 0.0 nan 0.8 1.0 1.0 914.5517209120003 914.5527541347915 916.4695490613748 910.5018208680228 918.0310233435913 915.8521817787265 1.0 916.4471181278748 -1.0 3
195 0.0625 nan 0.8 1.0 1.0 919.0685043385473 919.0693375827337 919.8122247696338 918.6077203034228 921.3640378365939 919.6493088662927 1.0 919.7051028970196 -1.0 2
196 nan 0.0625 0.8 -1.0 1.0 922.5684298896791 922.569296463633 922.9272248363783 921.87393752513 924.4807407064 922.8227693451609 1.0 922.8227693451609 1.0 1
197 0.0625 nan 0.8 1.0 1.0 928.0850063507022 928.0858729246561 928.9241499060246 924.9875377416413 930.4845570484047 928.7785321519949 -1.0 928.7785321519949 -1.0 1
198 nan 0.125 0.8 -1.0 1.0 931.5475692325122 931.5488357636756 931.8293390866129 931.0406567992238 933.3807543327804 931.7529805893637 1.0 931.7529805893637 1.0 1
199 0.125 nan 0.8 1.0 1.0 934.3681008037539 934.3691340265451 935.1270529385691 933.8956513500185 936.6846645028625 934.7479934932547 -1.0 934.7479934932547 -1.0 1
200 0.0 nan 0.8 1.0 1.0 937.9809142772702 937.9817475214567 938.8952497879807 937.210063415472 940.4474626904464 938.7421328362727 -1.0 938.7421328362727 -1.0 1
201 0.0625 nan 0.8 1.0 1.0 941.5351673493607 941.5360339233146 942.4411704182063 940.9784602434883 943.9968801410872 942.3410477967586 -1.0 942.3410477967586 -1.0 1
202 0.125 nan 0.8 1.0 1.0 945.0013965055911 945.00232973908 945.6524601831408 944.5208812481306 947.2182756596775 945.3151296066853 -1.0 945.5870005198507 -1.0 2
203 0.0625 nan 0.8 1.0 1.0 952.8803868841281 952.881253458082 954.4587846816974 947.7320710237626 956.0179889432281 953.7779241920391 -1.0 953.7779241920391 -1.0 1
204 1.0 nan 0.8 1.0 1.0 957.1804601626549 957.1815267152136 957.6389777735923 956.6079880767743 959.1802922778834 957.3701398692657 -1.0 957.3701398692657 -1.0 1
205 0.125 nan 0.8 1.0 1.0 960.1679405391002 960.1688071130542 961.4677014807098 959.6988907216457 963.0179801662721 961.048846293049 -1.0 961.048846293049 -1.0 1
206 nan 0.0625 0.8 1.0 -1.0 964.3966214557292 964.3977546678228 967.454027684304 963.5746760604159 969.9969978471723 967.0569035050268 -1.0 967.0569035050268 -1.0 1
207 0.125 nan 0.8 1.0 1.0 971.201060131379 971.2020266946353 971.7782983740063 970.549896464527 973.3302166430466 971.4006054491578 -1.0 971.6979736344294 -1.0 2
208 0.125 nan 0.8 1.0 1.0 974.5678665912784 974.5689331438371 974.9961207733627 974.0845183035839 976.5512046788222 974.7546466081202 -1.0 974.7546466081202 -1.0 1
209 nan 0.0 0.2 1.0 -1.0 977.5966758793732 977.5975757830946 978.8245445125732 977.0770981344505 981.3843152228164 978.6573623989974 -1.0 978.6573623989974 -1.0 1
210 nan 0.25 0.2 -1.0 1.0 982.4135272023561 982.4145270953799 982.7233273908902 981.9142139560487 984.2794082877847 982.6237047159544 1.0 982.6237047159544 1.0 1
211 nan 0.125 0.2 -1.0 1.0 985.3341813950456 985.335147958302 985.5205281249105 984.805904580816 987.0632348509479 985.4282379988157 1.0 985.4282379988157 1.0 1
212 nan 0.25 0.2 -1.0 1.0 989.2336641984792 989.2347640808053 989.4939363525688 987.595039511111 991.0627455582184 989.3972800269369 1.0 989.3972800269369 1.0 1
213 nan 0.25 0.2 -1.0 1.0 992.467118258774 992.4680514922629 994.7111448422726 991.6016441871589 996.2841530486138 994.5858915761606 1.0 994.5858915761606 1.0 1
214 0.0625 nan 0.2 1.0 1.0 998.2126702222424 998.2136367854988 999.1448371585436 996.8369507405931 1000.713048843832 998.9163616026103 -1.0 998.9163616026103 -1.0 1
215 nan 0.125 0.2 -1.0 1.0 1001.9005423320771 1001.9015755548684 1002.0860558177554 1001.2509451642957 1003.6460369995594 1002.0108305325999 1.0 1002.0108305325999 1.0 1
216 nan 0.25 0.2 -1.0 1.0 1006.8174496169728 1006.8185161695316 1007.0518578715139 1004.1708327723336 1008.6006646637086 1006.9818653598495 1.0 1006.9818653598495 1.0 1
217 0.125 nan 0.2 1.0 1.0 1009.6630118435766 1009.6638117579955 1010.0093414572459 1009.1630653316872 1011.5668568344154 1009.866023457171 -1.0 1009.866023457171 -1.0 1
218 nan 0.25 0.2 -1.0 1.0 1012.7623802493827 1012.7634468019413 1012.8869669201455 1012.0983512922913 1014.4292488691441 1012.8011427689378 1.0 1012.8011427689378 1.0 1
219 nan 0.125 0.2 -1.0 1.0 1015.6173081406424 1015.6184080229685 1015.8461503240178 1014.9530458751789 1017.3962618473383 1015.7744246644454 1.0 1015.7744246644454 1.0 1
220 nan 0.0 0.2 -1.0 1.0 1018.4007770104694 1018.4017102439583 1019.5698519338712 1017.9213616353351 1021.1169638868483 1019.4820946561509 1.0 1019.4820946561509 1.0 1
221 nan 0.0625 0.2 -1.0 1.0 1023.3795443437696 1023.3806442260957 1023.6282843983182 1021.657361929381 1025.1837618647803 1023.5467931168803 1.0 1023.5467931168803 1.0 1
222 0.0625 nan 0.2 -1.0 -1.0 1027.7795735949067 1027.7805734879305 1030.07286157471 1025.729959544998 1032.612396191024 1029.9356429220802 1.0 1029.9356429220802 1.0 1
223 nan 0.25 0.2 -1.0 1.0 1033.8003627780538 1033.8011626924729 1034.0247721023572 1033.17939588052 1035.5834872932564 1033.9519132306912 1.0 1033.9519132306912 1.0 1
224 0.0 nan 0.2 1.0 1.0 1036.745814317733 1036.7467808809893 1037.3767801455047 1036.1135819587978 1038.9336908264884 1037.0529481248702 1.0 1037.258092843582 -1.0 2
225 nan 0.125 0.2 -1.0 1.0 1040.9122352287482 1040.9130684729346 1041.2087035102984 1039.4753889535784 1042.7670106067435 1041.1039147214065 1.0 1041.1039147214065 1.0 1
226 nan 0.125 0.2 -1.0 1.0 1043.9294124279995 1043.9303456614884 1044.1842851597607 1043.3116118583744 1045.7459995567408 1044.108759906698 1.0 1044.108759906698 1.0 1
227 nan 0.0625 0.2 -1.0 1.0 1048.6331758499932 1048.6339424346447 1049.4578209564706 1046.278594427832 1051.0123968546757 1049.3614979285135 1.0 1049.3614979285135 1.0 1
228 nan 0.125 0.2 -1.0 1.0 1055.9502263491668 1055.951192912423 1056.2346292548968 1051.570694905017 1057.799807344787 1056.156204312065 1.0 1056.156204312065 1.0 1
229 nan 0.125 0.2 -1.0 1.0 1060.7118835772371 1060.7127834809585 1061.19643173656 1058.6261067296352 1062.750137399015 1061.0556134690446 1.0 1061.0556134690446 1.0 1
230 nan 0.0625 0.2 -1.0 1.0 1065.1458425316478 1065.1470424032764 1066.9757134246972 1063.3169382018546 1068.512325880994 1066.8522599660282 1.0 1066.8522599660282 1.0 1
231 0.125 nan 0.2 1.0 1.0 1070.0663827611966 1070.0673159946855 1070.7754402341254 1069.0840211951017 1072.3123203232365 1070.6427877596375 -1.0 1070.6427877596375 -1.0 1
232 nan 0.125 0.2 -1.0 1.0 1076.3500771500626 1076.3508770644814 1077.6001434083903 1072.8541178412584 1079.1497490556753 1077.5024538599673 1.0 1077.5024538599673 1.0 1
233 nan 0.0625 0.2 -1.0 1.0 1080.2621586055957 1080.2631584986195 1081.6642419333054 1079.7319486648535 1083.2332510565282 1080.2458936790756 1.0 1081.3836386210658 1.0 5
234 0.0625 nan 0.2 -1.0 -1.0 1085.512063597177 1085.5130968199685 1086.8747511397498 1083.7888479599974 1089.4329511782894 1086.7713288713237 1.0 1086.7713288713237 1.0 1
235 1.0 nan 0.2 1.0 1.0 1093.4951428394895 1093.495976083676 1093.9062655210998 1090.0075493023178 1095.461971296429 1093.7343505805447 -1.0 1093.7343505805447 -1.0 1
236 nan 0.25 0.2 -1.0 1.0 1096.7659928988737 1096.76695946213 1097.0443631166936 1096.0323713873274 1098.5947744581704 1096.94917330083 1.0 1096.94917330083 1.0 1
237 nan 0.125 0.2 -1.0 1.0 1099.6828474980728 1099.6839140506315 1100.087870832238 1099.1358726842984 1101.6495794025136 1099.9731497726432 1.0 1099.9731497726432 1.0 1
238 0.25 nan 0.8 1.0 1.0 1102.8286442699498 1102.8295108439036 1103.0514870951824 1102.1977784314804 1104.615966761801 1102.9808279881688 -1.0 1102.9808279881688 -1.0 1
239 nan 0.25 0.8 -1.0 1.0 1105.645076279794 1105.6458095346782 1105.9274793994764 1105.1582616962837 1107.478385975248 1105.8450548845497 1.0 1105.8450548845497 1.0 1
240 0.25 nan 0.8 1.0 1.0 1108.9158263498757 1108.9167595833646 1109.584788112551 1108.0278880149929 1111.145097076666 1109.0683433657694 -1.0 1109.0683433657694 -1.0 1
241 0.0625 nan 0.8 1.0 1.0 1117.015726427133 1117.0166596606218 1117.5960976679014 1111.699895155517 1119.149401963345 1117.3677554310377 -1.0 1117.3677554310377 -1.0 1
242 1.0 nan 0.8 1.0 1.0 1120.4776893731284 1120.4786226066174 1120.8594151998398 1119.7619992764753 1122.4116938197155 1120.674101692766 -1.0 1120.674101692766 -1.0 1
243 0.25 nan 0.8 1.0 1.0 1123.465769685388 1123.4665695998071 1125.226714619332 1122.9617902716363 1126.7616935209414 1124.3651734602768 -1.0 1125.1627881253448 -1.0 2
244 nan 0.125 0.8 -1.0 1.0 1127.8160375937086 1127.816870837895 1128.4795999340554 1127.320990557636 1130.028307395778 1128.3855433302854 1.0 1128.3855433302854 1.0 1
245 0.0625 nan 0.8 1.0 1.0 1132.6659853757785 1132.6667852901976 1134.2582150268433 1130.5919072765548 1135.8112203956116 1133.526626631112 -1.0 1134.1139637932797 -1.0 2
246 1.0 nan 0.8 1.0 1.0 1137.6991802193397 1137.7000467932937 1137.9480202631908 1136.3960196414491 1139.4945291252006 1137.8611962189593 -1.0 1137.8611962189593 -1.0 1
247 0.125 nan 0.8 1.0 1.0 1140.5821717748001 1140.5830050189866 1141.175341646273 1140.0522284721976 1142.727420227241 1140.8338115191177 1.0 1141.0480219345786 -1.0 2
248 0.0625 nan 0.8 1.0 1.0 1146.865566195759 1146.8666327483177 1148.7853274716463 1143.2835160976076 1150.3489300903705 1148.5274217310462 1.0 1148.5274217310462 1.0 1
249 0.0625 nan 0.8 1.0 1.0 1151.8281352620738 1151.8292018146326 1153.4429291657086 1150.960928042551 1154.9986364833906 1153.1302292874057 1.0 1153.2438504646743 1.0 2
250 nan 0.0 0.8 -1.0 1.0 1156.5606956031522 1156.5617954854786 1158.1814555351623 1155.5762342617074 1159.7319624601128 1158.0990976797705 1.0 1158.0990976797705 1.0 1
251 nan 0.0625 0.8 -1.0 1.0 1161.143938586013 1161.1447385004321 1161.8592620552242 1160.5780657940895 1163.415369861539 1161.775137722157 1.0 1161.775137722157 1.0 1
252 0.25 nan 0.8 1.0 1.0 1167.5609520447163 1167.5619852675075 1171.2972523066692 1163.9820682744735 1172.8485842590915 1170.4024813694573 1.0 1171.2537902899023 -1.0 2
253 0.25 nan 0.8 1.0 1.0 1173.977732195047 1173.9785654392335 1176.1529661385098 1173.510082227826 1177.715175420011 1175.8681966053375 1.0 1175.8681966053375 1.0 1
254 1.0 nan 0.8 1.0 1.0 1178.9771306544046 1178.9781638771958 1179.2799649215397 1178.2876710847418 1180.8275744189173 1179.1583446000807 -1.0 1179.1583446000807 -1.0 1
255 0.0625 nan 0.8 1.0 1.0 1183.0152319607014 1183.0161318644227 1183.9439992607217 1181.3880727133392 1185.4943734794613 1183.5265772530618 1.0 1183.5265772530618 1.0 1
256 0.0625 nan 0.8 1.0 1.0 1187.0813636014313 1187.0823968242225 1188.5535061003404 1186.0746713050912 1190.1152779735676 1188.2991666448586 -1.0 1188.2991666448586 -1.0 1
257 nan 0.0 0.8 1.0 -1.0 1191.1435623296013 1191.1443289142528 1192.3200031316117 1190.6981766470428 1194.8813019343368 1192.203048977597 -1.0 1192.203048977597 -1.0 1
258 0.125 nan 0.8 1.0 1.0 1201.1941870367152 1201.1952202595066 1201.7717919067848 1195.4467019467343 1203.3273253550583 1201.5641141257458 1.0 1201.5641141257458 1.0 1
259 nan 0.0625 0.8 -1.0 1.0 1204.548228195678 1204.5491614291666 1205.025810433602 1203.9544250586232 1206.5775214817397 1204.8920247470203 1.0 1204.8920247470203 1.0 1
260 1.0 nan 0.8 1.0 1.0 1207.7478525420015 1207.7487857754904 1208.335123044634 1207.1448170593608 1209.8814308640533 1208.0132241505123 -1.0 1208.124678892896 -1.0 2
261 0.0625 nan 0.8 1.0 1.0 1210.9435773055325 1210.944410549719 1211.8186170204083 1210.4500301089954 1213.3645272802519 1211.356033177841 -1.0 1211.356033177841 -1.0 1
262 1.0 nan 0.8 1.0 1.0 1216.693795436445 1216.6946953401664 1217.1507132185443 1213.9311243415127 1218.6937221770243 1216.9532343463482 -1.0 1216.9532343463482 -1.0 1
263 nan 0.125 0.8 -1.0 1.0 1219.797796679928 1219.7986299241145 1220.3386388164897 1219.2819185391932 1221.914739680009 1220.2611137773795 1.0 1220.2611137773795 1.0 1
264 0.25 nan 0.8 1.0 1.0 1224.2265895203825 1224.2275894134063 1224.9382467151731 1222.5017407245973 1226.5100477566248 1224.383372746511 -1.0 1224.6810075699225 -1.0 2
265 0.25 nan 0.8 1.0 1.0 1227.6478568203104 1227.6488900431016 1227.9854540349054 1227.131645381901 1229.543458415119 1227.8331036678492 -1.0 1227.8331036678492 -1.0 1
266 0.25 nan 0.8 1.0 1.0 1230.6642007753755 1230.6651673386318 1230.9274392787688 1230.1306578578872 1232.497848976546 1230.8392487140716 -1.0 1230.8392487140716 -1.0 1
267 0.125 nan 0.8 1.0 1.0 1233.67674513695 1233.6777783597413 1234.3104440056534 1233.072743091053 1235.8807498796546 1234.0822017580924 -1.0 1234.2066884395526 -1.0 2
268 nan 0.0625 0.8 1.0 -1.0 1237.0769146940763 1237.0777479382627 1238.131401876953 1236.4572476574733 1240.6809658529796 1237.855864689367 1.0 1237.855864689367 1.0 1
269 1.0 nan 0.8 1.0 1.0 1242.3261530903085 1242.3270196642625 1242.9976479153106 1241.2697661106865 1244.5430576392216 1242.564860884852 -1.0 1242.8928591264187 -1.0 3
270 0.25 nan 0.8 1.0 1.0 1245.7310554744138 1245.7319553781354 1246.4862746752738 1245.1237537815382 1248.0308761622748 1246.0384225899234 1.0 1246.218803291413 -1.0 2
271 nan 0.125 0.8 -1.0 1.0 1249.109827320831 1249.1109272031574 1249.7305609099928 1248.6325783805817 1251.280871427305 1249.5919424071296 1.0 1249.5919424071296 1.0 1
272 0.0625 nan 0.8 -1.0 -1.0 1253.2927464667384 1253.2935463811575 1255.0091961611242 1251.8498675036587 1257.5642913355925 1254.8936751871101 1.0 1254.8936751871101 1.0 1
273 nan 0.125 0.8 -1.0 1.0 1258.609211003936 1258.610144237425 1258.8677833398851 1258.1670916385888 1260.4135920855604 1258.788591812402 1.0 1258.788591812402 1.0 1
274 0.125 nan 0.8 1.0 1.0 1262.1594645039315 1262.1604310671878 1262.6428794511608 1260.9893896875058 1264.1928880801122 1262.3691754007853 -1.0 1262.549556102275 -1.0 2
275 0.25 nan 0.8 1.0 1.0 1265.597396687589 1265.5983632508453 1266.966483545514 1265.0827850780177 1268.5306889553385 1265.795008878855 -1.0 1266.8487294770803 -1.0 3
276 1.0 nan 0.8 1.0 1.0 1269.8266775400323 1269.8276441032885 1270.3209913212208 1269.1234861061762 1271.8763971750714 1270.1075474904117 -1.0 1270.1075474904117 -1.0 1
277 0.125 nan 0.8 1.0 1.0 1273.0803960989422 1273.0812626728962 1273.548012736396 1272.448297059077 1275.113915328882 1273.3811305907273 -1.0 1273.3811305907273 -1.0 1
278 0.25 nan 0.8 1.0 1.0 1276.7261060529408 1276.7272392650345 1277.0073093009948 1275.6905168482135 1278.560017668148 1276.8976876958213 -1.0 1276.8976876958213 -1.0 1
279 0.0625 nan 0.8 1.0 1.0 1279.6633917995925 1279.6641917140116 1280.9774178816747 1279.1422142258318 1282.547119988391 1280.1218094212275 -1.0 1280.8969264932607 -1.0 4
280 1.0 nan 0.8 1.0 1.0 1284.809307916701 1284.8104411287945 1285.1478050350174 1283.1511186558341 1286.7091106465111 1285.0223184605334 -1.0 1285.0223184605334 -1.0 1
281 0.125 nan 0.8 1.0 1.0 1287.8473162206146 1287.8480828052661 1288.8515421141628 1287.3108069538225 1290.41371458532 1288.425721005103 1.0 1288.6957921108256 -1.0 3
282 0.25 nan 0.8 1.0 1.0 1291.5928488281538 1291.5936820723402 1292.49241925188 1290.9981124576104 1294.0635233850112 1292.1471561907692 -1.0 1292.1471561907692 -1.0 1
283 0.0625 nan 0.8 -1.0 -1.0 1297.1094919487118 1297.110291863131 1298.8752696989372 1294.648621898123 1301.4090343530956 1298.7782134160957 1.0 1298.7782134160957 1.0 1
284 0.125 nan 0.8 1.0 1.0 1302.479917379426 1302.4808839426823 1304.3318525785335 1302.029632221051 1305.8804558660206 1303.8927662220249 -1.0 1304.2073992268406 -1.0 2
285 0.0 nan 0.8 -1.0 -1.0 1307.0752590678746 1307.0764922692706 1307.710491105881 1306.4800560805868 1310.2425587065923 1307.6307996318858 1.0 1307.6307996318858 1.0 1
286 1.0 nan 0.8 1.0 1.0 1311.3798318650083 1311.3807650984972 1311.7408599061273 1310.8351568051887 1313.2802667005922 1311.4696889180786 -1.0 1311.4696889180786 -1.0 1
287 0.0625 nan 0.8 -1.0 -1.0 1314.3917762907688 1314.3927095242575 1314.8030656212163 1313.8707653658453 1317.3633642021714 1314.719674543033 1.0 1314.719674543033 1.0 1
288 nan 0.125 0.8 -1.0 1.0 1318.7090477293045 1318.7100142925608 1319.0597768722785 1317.9556616656548 1320.6092794620113 1318.973586093629 1.0 1318.973586093629 1.0 1
289 nan 0.25 0.8 -1.0 1.0 1321.7133263085493 1321.7142928718056 1321.9297698184298 1321.2130798287528 1323.4963780680596 1321.8582774672298 1.0 1321.8582774672298 1.0 1
290 0.125 nan 0.8 1.0 1.0 1327.709118166102 1327.710218048428 1328.9375867351162 1324.0728738660616 1330.4922864073487 1328.5159651767563 -1.0 1328.5159651767563 -1.0 1
291 1.0 nan 0.8 1.0 1.0 1331.8295439980232 1331.830477231512 1332.0503870372083 1331.1304854553323 1333.6130910689603 1331.966096055304 -1.0 1331.966096055304 -1.0 1
292 0.0 nan 0.8 1.0 1.0 1334.8420550298304 1334.8431215823891 1336.1919772714664 1334.204289929497 1337.7415853407601 1336.069823673728 -1.0 1336.069823673728 -1.0 1
293 0.25 nan 0.8 1.0 1.0 1338.8961546245077 1338.897054528229 1339.2514832753911 1338.3374810623552 1340.8129875066063 1339.0959332506586 -1.0 1339.0959332506586 -1.0 1
294 0.0625 nan 0.8 1.0 1.0 1341.8919674428178 1341.8930339953765 1342.2173992922903 1341.4016865634917 1343.7755026439477 1342.123975954102 -1.0 1342.123975954102 -1.0 1
295 1.0 nan 0.8 1.0 1.0 1344.9629722165162 1344.9640054393074 1345.3078019906498 1344.364702890622 1346.8588073558662 1345.1645506501097 -1.0 1345.1645506501097 -1.0 1
296 nan 0.25 0.8 -1.0 1.0 1347.929454839462 1347.9302880836485 1348.1928933214601 1347.4518059420031 1349.7461012405215 1348.1082023823462 1.0 1348.1082023823462 1.0 1
297 0.125 nan 0.8 1.0 1.0 1350.9248343707952 1350.925900923354 1351.690419129335 1350.3466962244465 1353.2461204863275 1351.2391340779363 -1.0 1351.6525231837338 -1.0 2
298 0.0625 nan 0.8 -1.0 -1.0 1354.3588336418925 1354.3598668646837 1355.0958547897196 1353.8456218825545 1357.6463212495535 1355.0045312268812 1.0 1355.0045312268812 1.0 1
299 1.0 nan 0.8 1.0 1.0 1361.991916996115 1361.992783570069 1363.1847227139478 1358.2468176755528 1364.7412214187384 1362.2049608697148 -1.0 1363.1250291004283 -1.0 3
300 0.0625 nan 0.8 1.0 1.0 1366.129307679673 1366.1303742322318 1366.8683286135476 1365.3948195941728 1368.4246291478519 1366.7777716353608 -1.0 1366.7777716353608 -1.0 1
301 0.25 nan 0.8 1.0 1.0 1370.4123161172606 1370.4133493400518 1371.0386491073555 1369.0484287030592 1372.5959471720232 1370.688686549033 -1.0 1370.8306046988746 1.0 2
302 nan 0.125 0.8 -1.0 1.0 1375.3746185454359 1375.3756184384597 1375.6584548451192 1373.538848283546 1377.2078593251551 1375.5686644515838 1.0 1375.5686644515838 1.0 1
303 1.0 nan 0.8 1.0 1.0 1378.3289358032591 1378.3299023665156 1378.6398358741194 1377.8131576518267 1380.191745267915 1378.4994175638135 -1.0 1378.4994175638135 -1.0 1
304 1.0 nan 0.8 1.0 1.0 1381.6290160687051 1381.6298493128916 1382.1676584406146 1380.7976383492007 1383.7252596910805 1381.8929544972152 -1.0 1382.0966660359263 -1.0 2
305 0.0625 nan 0.8 1.0 1.0 1385.5285988614412 1385.5294654353952 1386.2083594687733 1384.3295604770935 1387.7582637318385 1385.8477647146312 -1.0 1386.1609978692136 -1.0 2
306 1.0 nan 0.8 1.0 1.0 1388.8791403948205 1388.8801736176117 1389.1824746084674 1388.3770607778138 1390.745574309187 1389.064453901894 -1.0 1389.064453901894 -1.0 1
307 0.0 nan 0.8 -1.0 -1.0 1392.5914432242027 1392.5923764576917 1393.2523725129204 1391.3570752863482 1395.8078696363789 1393.137318155651 1.0 1393.137318155651 1.0 1
308 0.125 nan 0.8 1.0 1.0 1398.4952782533353 1398.4963114761265 1399.1387760736716 1396.4234665782988 1400.6951755965313 1398.8571062088733 -1.0 1398.8571062088733 -1.0 1
309 0.25 nan 0.8 1.0 1.0 1402.241277477619 1402.2422773706428 1403.1577794232144 1401.343673510173 1404.7124824992984 1402.8496790528206 -1.0 1403.1168504687744 -1.0 2
310 0.0 nan 0.8 1.0 1.0 1406.058069127986 1406.0592023400798 1406.772492693476 1405.3277805931857 1408.3410931223052 1406.3648029779138 -1.0 1406.3648029779138 -1.0 1
311 1.0 nan 0.8 1.0 1.0 1409.6953466508176 1409.6961465652366 1410.2584864018097 1408.9591920769444 1411.8080910994172 1409.800602056454 1.0 1409.800602056454 1.0 1
312 nan 0.0625 0.2 -1.0 1.0 1413.1287126563332 1413.129779208892 1413.4567775574349 1412.4201884596837 1415.0122834945041 1413.3618877094784 1.0 1413.3618877094784 1.0 1
313 0.0 nan 0.2 -1.0 -1.0 1417.7243876424563 1417.7253875354802 1417.9467305211772 1415.6160798720518 1420.4912910921353 1417.8168777471558 1.0 1417.8168777471558 1.0 1
314 nan 0.125 0.2 -1.0 1.0 1424.2782864561148 1424.279319678906 1426.1383207887147 1421.1267902940021 1427.695118847927 1426.0459973328527 1.0 1426.0459973328527 1.0 1
315 nan 0.0625 0.2 -1.0 1.0 1428.841031631988 1428.8419315357094 1430.2004195275824 1428.3419183642852 1431.741022169733 1429.0669741255945 1.0 1430.0429697061047 -1.0 4
316 nan 0.0625 0.2 -1.0 1.0 1433.1784675798367 1433.1795341323955 1434.1462307077843 1432.3722205049967 1435.6951334388498 1434.0714387096057 1.0 1434.0714387096057 1.0 1
317 nan 1.0 0.2 -1.0 1.0 1436.7906144580038 1436.7914810319578 1436.993826050203 1436.3124322842655 1438.5449307401602 1436.9154011073715 1.0 1436.9154011073715 1.0 1
318 nan 1.0 0.2 -1.0 1.0 1439.757463708392 1439.7584302716482 1439.9856392964182 1439.1587277657534 1441.545041526756 1439.907614310796 1.0 1439.907614310796 1.0 1
319 nan 0.125 0.2 -1.0 1.0 1442.6408552210619 1442.6417217950159 1442.8660311300168 1442.148341247316 1444.4235365666445 1442.7871729002081 1.0 1442.7871729002081 1.0 1
320 nan 0.25 0.2 -1.0 1.0 1446.2448363062015 1446.2457028801555 1446.3316270206656 1445.0315327813812 1447.8781316000475 1446.2365371941041 1.0 1446.2365371941041 1.0 1
321 nan 0.0625 0.2 -1.0 1.0 1448.9738443360002 1448.9749775480936 1449.1735563026161 1448.5064276771511 1450.7237552115773 1449.083199303034 1.0 1449.083199303034 1.0 1
322 0.25 nan 0.2 1.0 1.0 1454.6779007389816 1454.6789006320055 1455.347662416076 1451.3408577614234 1456.9113598233844 1454.9981664744978 -1.0 1454.9981664744978 -1.0 1
323 nan 1.0 0.2 -1.0 1.0 1458.8568203127938 1458.8578535355853 1459.114959361766 1457.5714578307268 1460.6736622166375 1459.0270687649759 1.0 1459.0270687649759 1.0 1
324 nan 0.0 0.2 -1.0 1.0 1461.828169081789 1461.8291356450452 1462.198862755471 1461.2946594940681 1463.7613641394328 1462.1198045470576 1.0 1462.1198045470576 1.0 1
325 nan 1.0 0.2 -1.0 1.0 1464.9901974504185 1464.9910973541398 1465.0725553058105 1464.3793628021922 1466.640058662773 1464.9470020717913 1.0 1464.9470020717913 1.0 1
326 nan 0.125 0.2 -1.0 1.0 1470.1447126475314 1470.1457125405552 1471.5636608375755 1467.2564549888125 1473.1239890978668 1471.448973107748 1.0 1471.448973107748 1.0 1
327 nan 0.0 0.2 -1.0 1.0 1474.578071666128 1474.5789715698493 1474.7773836755343 1473.7871896140866 1476.3238883805845 1474.6881265582783 1.0 1474.6881265582783 1.0 1
328 nan 0.25 0.2 -1.0 1.0 1477.8279906315477 1477.828957194804 1478.0494669363145 1476.9521843320201 1479.5903726551005 1477.9834406669777 1.0 1477.9834406669777 1.0 1
329 nan 0.25 0.2 -1.0 1.0 1483.1111920608207 1483.1122586133795 1484.4008874126578 1480.2264673574525 1485.9398813007376 1484.2872329056215 1.0 1484.2872329056215 1.0 1
330 nan 0.0625 0.2 -1.0 1.0 1487.6611719357572 1487.6621384990135 1487.9998023731437 1486.9494814111993 1489.54450354494 1487.9107785642598 1.0 1487.9107785642598 1.0 1
331 nan 0.0 0.2 -1.0 1.0 1492.7234969960778 1492.7243968997993 1494.6512907459228 1490.1557050514798 1496.1942216098776 1494.5503348802886 1.0 1494.5503348802886 1.0 1
332 nan 1.0 0.2 -1.0 1.0 1497.3734661733922 1497.374332747346 1497.6369046553903 1496.859021212658 1499.172914327417 1497.5539135344168 1.0 1497.5539135344168 1.0 1
333 nan 0.0625 0.2 -1.0 1.0 1501.6941372482088 1501.6953037900698 1502.2963061568955 1499.779708735115 1503.8560071589343 1502.2122818131309 1.0 1502.2122818131309 1.0 1
334 nan 0.125 0.2 -1.0 1.0 1504.9939175457475 1504.9949174387714 1505.209127854232 1504.5027034329325 1506.777923584027 1505.1320027723314 1.0 1505.1320027723314 1.0 1
335 nan 0.0 0.2 -1.0 1.0 1508.1398143069268 1508.1408808594856 1508.6206295322945 1507.4021265637505 1510.177531184437 1508.519507017823 1.0 1508.519507017823 1.0 1
336 nan 0.125 0.2 -1.0 1.0 1513.0898847104445 1513.0908179439334 1514.8869257825465 1510.7993297715727 1516.4440250934952 1514.818299791348 1.0 1514.818299791348 1.0 1
337 0.25 nan 0.2 1.0 1.0 1517.8395432222296 1517.8404097961834 1518.3392230959792 1517.1108211864998 1519.905949769359 1518.048720842804 -1.0 1518.2628312689624 -1.0 2
338 nan 0.0 0.2 -1.0 1.0 1523.8438341704843 1523.8446674146708 1526.2280457559166 1520.5443538408526 1527.7896417871084 1526.0922602832875 1.0 1526.0922602832875 1.0 1
339 nan 0.0625 0.2 -1.0 1.0 1530.9436745751257 1530.944574478847 1532.670056540214 1528.4772384533715 1534.21065341529 1532.5493361224767 1.0 1532.5493361224767 1.0 1
340 nan 0.25 0.2 -1.0 1.0 1538.606488081922 1538.6074879749456 1539.3580743381287 1534.8846529390462 1540.90616925006 1539.2702837306408 1.0 1539.2702837306408 1.0 1
341 nan 0.0 0.2 -1.0 1.0 1542.1935709749596 1542.1944375489136 1542.6979836756884 1541.600267784417 1544.239583976819 1542.6027605300574 1.0 1542.6027605300574 1.0 1
342 nan 0.0 0.2 -1.0 1.0 1545.3430673510245 1545.3440672440483 1547.0614835016902 1544.8744841503144 1548.627182418611 1546.5115756683795 1.0 1546.7700813447937 -1.0 2
343 nan 0.0 0.2 -1.0 1.0 1551.7555479613532 1551.7566478436793 1552.3965793788975 1549.2772797721507 1553.960377417817 1552.2785586723242 1.0 1552.2785586723242 1.0 1
344 nan 0.0625 0.2 -1.0 1.0 1555.2562067673691 1555.2572399901603 1556.0974834278088 1554.620274804246 1557.659983706197 1556.0055932589235 1.0 1556.0055932589235 1.0 1
345 nan 0.125 0.2 -1.0 1.0 1558.9726091581488 1558.9735423916377 1559.2466798359665 1558.2923819340724 1560.8053814145665 1559.1641553317374 1.0 1559.1641553317374 1.0 1
346 nan 0.25 0.2 -1.0 1.0 1562.2765223468525 1562.277488910109 1563.1733930594144 1561.4374787808326 1564.7265898142853 1563.0543391300498 1.0 1563.0543391300498 1.0 1
347 nan 0.0625 0.2 -1.0 1.0 1572.421870253086 1572.423036794947 1573.8613162501174 1565.39738845267 1575.422305196308 1573.7639266696015 1.0 1573.7639266696015 1.0 1
348 nan 0.125 0.2 -1.0 1.0 1576.7433079125542 1576.7443411353454 1577.3113138095953 1576.1542042727112 1578.872513547151 1577.2220233625717 1.0 1577.2220233625717 1.0 1
349 1.0 nan 0.2 1.0 1.0 1580.0599530724273 1580.0609196356836 1580.4250140154088 1579.5090120163254 1581.989113342908 1580.296794399993 -1.0 1580.296794399993 -1.0 1
350 nan 0.25 0.2 -1.0 1.0 1583.3431018160038 1583.3438684006555 1583.7247276534126 1582.644409900755 1585.2723257659372 1583.587242362643 1.0 1583.587242362643 1.0 1
351 nan 0.0 0.2 -1.0 1.0 1586.976579745345 1586.9775129788338 1587.482825583284 1585.9105271331598 1589.0222275336919 1587.4024008544047 1.0 1587.4024008544047 1.0 1
352 nan 0.125 0.2 -1.0 1.0 1590.1262094404797 1590.1271426739686 1590.4064461252774 1589.6673252021003 1591.9388450178335 1590.3250881629092 1.0 1590.3250881629092 1.0 1
353 nan 1.0 0.2 -1.0 1.0 1593.2933039337631 1593.2940705184146 1593.507447689689 1592.570147969199 1595.0557485704587 1593.4259897380184 1.0 1593.4259897380184 1.0 1
354 nan 1.0 0.2 -1.0 1.0 1596.3428443372177 1596.343744240939 1597.118561345065 1595.7022462066502 1598.6762595805933 1597.021971678968 1.0 1597.021971678968 1.0 1
355 nan 1.0 0.2 -1.0 1.0 1600.0388822400798 1600.0403154200806 1600.8611609330678 1599.3119600117927 1602.4221605718212 1600.6480837297006 1.0 1600.6480837297006 1.0 1
356 nan 0.25 0.2 -1.0 1.0 1604.5096372577655 1604.510603821022 1606.6933702919303 1603.0669582732905 1608.2595664581968 1606.5994136774625 1.0 1606.5994136774625 1.0 1
357 nan 0.125 0.2 -1.0 1.0 1609.6384885339348 1609.639521756726 1609.813669791701 1608.9214652465832 1611.3720682113571 1609.6497539953361 1.0 1609.6497539953361 1.0 1
358 0.25 nan 0.2 1.0 1.0 1613.7928107393623 1613.7938106323859 1614.272259444264 1612.025666468671 1615.8219594267334 1613.9971222138875 -1.0 1614.232197063778 -1.0 2
359 0.25 nan 0.2 1.0 1.0 1617.3761606984444 1617.3770939319334 1617.6747620851122 1616.486855843096 1619.2258813840222 1617.546809107836 -1.0 1617.546809107836 -1.0 1
360 nan 1.0 0.2 -1.0 1.0 1620.8883849337687 1620.8893848267926 1621.1126942687697 1620.2359880655208 1622.6758933918907 1621.0275367129113 1.0 1621.0275367129113 1.0 1
361 nan 0.0625 0.2 -1.0 1.0 1623.9719550297991 1623.973021582358 1624.3248839374255 1623.3240910099257 1625.871986549671 1624.240592955521 1.0 1624.240592955521 1.0 1
362 nan 1.0 0.2 -1.0 1.0 1627.4593485883663 1627.4602818218552 1627.734585808045 1626.5273816306699 1629.2885851977662 1627.619131493566 1.0 1627.619131493566 1.0 1
363 nan 0.125 0.2 -1.0 1.0 1630.6759044565592 1630.676904349583 1631.151286929831 1629.936483565475 1632.7093864236442 1631.048897884196 1.0 1631.048897884196 1.0 1
364 nan 0.0 0.2 -1.0 1.0 1633.8551309851978 1633.8561975377565 1634.2157923988748 1633.3537846230752 1635.7713929453698 1634.0974050648592 1.0 1634.0974050648592 1.0 1
365 0.0625 nan 0.8 1.0 1.0 1637.359222757262 1637.3601559907509 1638.361415534995 1636.4065913437407 1639.9255102968355 1637.8486037328666 1.0 1638.122007815335 -1.0 2
366 0.0625 nan 0.8 1.0 1.0 1642.1048483671843 1642.1057816006733 1643.6410173493828 1640.5805114524342 1645.1884153811918 1642.8976302159708 -1.0 1643.1820997812358 -1.0 2
367 1.0 nan 0.8 1.0 1.0 1648.0256815777211 1648.026681470745 1648.3694114695288 1645.8671125179883 1649.925510181082 1648.222693833173 -1.0 1648.222693833173 -1.0 1
368 0.125 nan 0.8 -1.0 -1.0 1652.8215351472047 1652.8226350295308 1655.8142482971411 1650.5987062958104 1658.3711349842524 1655.721491554302 1.0 1655.721491554302 1.0 1
369 nan 0.125 0.8 -1.0 1.0 1659.7089982735956 1659.7101981452242 1659.9883350546718 1659.0610342644197 1661.5382346723409 1659.8815131499648 1.0 1659.8815131499648 1.0 1
370 nan 1.0 0.8 -1.0 1.0 1662.7259088347075 1662.7268420681964 1662.9934468781032 1662.2074309721108 1664.5379442817512 1662.917388348761 1.0 1662.917388348761 1.0 1
371 nan 0.125 0.8 -1.0 1.0 1665.892070094502 1665.8931366470608 1667.5453598795523 1665.1993442076282 1669.0919574292868 1667.466168352069 1.0 1667.466168352069 1.0 1
372 0.0625 nan 0.8 -1.0 -1.0 1670.2046087060585 1670.2054086204776 1671.1737050247048 1669.7501573267512 1673.725263723609 1671.0492183432443 1.0 1671.0492183432443 1.0 1
373 1.0 nan 0.8 1.0 1.0 1675.0043285285674 1675.0053284215912 1675.3106624212858 1674.3865612887096 1676.8542617743417 1675.0546564774309 1.0 1675.0546564774309 1.0 1
374 nan 0.0625 0.8 -1.0 1.0 1678.1916541906985 1678.192620753955 1678.8631490157009 1677.5201593656964 1680.4209774623423 1678.778624725424 1.0 1678.778624725424 1.0 1
375 0.0625 nan 0.8 1.0 1.0 1682.0916036108767 1682.092570174133 1682.8476560559232 1681.0854779205833 1684.4087863758054 1682.3642411086937 -1.0 1682.3642411086937 -1.0 1
376 0.25 nan 0.8 1.0 1.0 1685.7711432788465 1685.7721765016377 1686.2963870842373 1685.074584468715 1687.8544861286287 1686.1292716301966 -1.0 1686.1292716301966 -1.0 1
377 1.0 nan 0.8 -1.0 -1.0 1689.0752231163876 1689.0761563498763 1689.2101420150627 1688.5172828091193 1691.7711702147103 1689.133383560604 1.0 1689.133383560604 1.0 1
378 1.0 nan 0.8 1.0 1.0 1693.1913494083065 1693.1924159608652 1693.544078337328 1692.4313640507 1695.108373078147 1693.4355566144807 -1.0 1693.4355566144807 -1.0 1
379 nan 0.25 0.8 -1.0 1.0 1696.320647945291 1696.3217144978498 1696.5443906742453 1695.7764728319835 1698.1079862502625 1696.4655324444366 1.0 1696.4655324444366 1.0 1
380 nan 0.125 0.8 -1.0 1.0 1699.287197227772 1699.2883637696332 1699.5759996628067 1698.7671861958722 1701.1375942562383 1699.4874758004348 1.0 1699.4874758004348 1.0 1
381 nan 0.125 0.8 -1.0 1.0 1702.7752240519208 1702.7762906044795 1703.0698925260283 1701.8100939756023 1704.6372899661123 1702.9810353659818 1.0 1702.9810353659818 1.0 1
382 nan 0.125 0.8 -1.0 1.0 1708.8245768457805 1708.8255434090368 1709.8060051783866 1705.3185852769711 1711.3534999342617 1709.7088489062428 1.0 1709.7088489062428 1.0 1
383 0.0625 nan 0.8 -1.0 -1.0 1715.158299215603 1715.159465757464 1715.8441258406126 1712.0513982823509 1718.387213073789 1715.7538355005654 1.0 1715.7538355005654 1.0 1
384 nan 0.0625 0.8 -1.0 1.0 1719.6415195663185 1719.6423861402723 1719.8762277887668 1719.0948113906838 1721.4203232287275 1719.7931366784908 1.0 1719.7931366784908 1.0 1
385 0.125 nan 0.8 1.0 1.0 1722.8413772210142 1722.8423437842705 1723.33402451383 1722.0919240699247 1724.8911242219235 1723.0466885885635 -1.0 1723.3259920398723 -1.0 2
386 0.0625 nan 0.8 1.0 1.0 1727.8368094380442 1727.837609352463 1728.3589202452938 1725.563719297321 1729.9039465333626 1728.0528196609478 -1.0 1728.310458763408 -1.0 2
387 1.0 nan 0.8 1.0 1.0 1732.4577483879013 1732.4589149297624 1732.8700376113727 1730.597547406464 1734.4370349791618 1732.638129089391 -1.0 1732.638129089391 -1.0 1
388 1.0 nan 0.8 1.0 1.0 1736.724291920364 1736.7251918240854 1737.1710441233884 1735.1296291962747 1738.74133733997 1736.9129050744161 -1.0 1736.9129050744161 -1.0 1
389 0.0 nan 0.8 1.0 1.0 1739.9370148652993 1739.9381480773927 1741.1865478473476 1739.4232364999143 1742.7411423005628 1741.040263497969 -1.0 1741.040263497969 -1.0 1
390 nan 0.125 0.8 -1.0 1.0 1744.1038690632913 1744.104735637245 1744.4388665560245 1743.4306410903812 1746.0077577721681 1744.366707609475 1.0 1744.366707609475 1.0 1
391 0.0 nan 0.8 1.0 1.0 1748.703077004765 1748.7040102382539 1750.732759853733 1746.684559627896 1752.2910538967851 1750.4831532252304 1.0 1750.4831532252304 1.0 1
392 1.0 nan 0.8 1.0 1.0 1753.553391414277 1753.5542913179986 1753.805564434874 1753.0078497805036 1755.3740746835467 1753.6992091469115 -1.0 1753.6992091469115 -1.0 1
393 0.0625 nan 0.8 1.0 1.0 1757.1863693971063 1757.187569268735 1757.860063986761 1756.4488816325347 1759.4244646368616 1757.4090122437344 -1.0 1757.8085694960362 -1.0 3
394 nan 1.0 0.8 -1.0 1.0 1761.0700538907643 1761.071187102858 1762.4170764426312 1760.1057570586324 1763.969771076617 1762.3150540244383 1.0 1762.3150540244383 1.0 1
395 0.125 nan 0.8 1.0 1.0 1773.3739041971955 1773.3750374092892 1776.8374003124945 1764.6578700386863 1778.3695167323433 1776.5099686769745 -1.0 1776.7324115449976 -1.0 2
396 1.0 nan 0.8 1.0 1.0 1779.7905843582241 1779.79195087869 1780.0117940248515 1779.1803163160446 1781.574097262729 1779.9191372713146 -1.0 1779.9191372713146 -1.0 1
397 0.25 nan 0.8 -1.0 -1.0 1782.752567462563 1782.7536006853543 1783.3795670480072 1782.2485880488114 1785.9402155077053 1782.8533900091275 1.0 1782.8533900091275 1.0 1
398 0.125 nan 0.8 1.0 1.0 1787.4195014915142 1787.4205347143054 1788.0121047569403 1786.6390183269202 1789.5696049545245 1787.7588985135521 1.0 1787.7588985135521 1.0 1
399 1.0 nan 0.8 1.0 1.0 1790.7567111179098 1790.7574777025613 1791.1008076371593 1790.2428994227575 1792.6576290888904 1790.9413913594017 -1.0 1790.9413913594017 -1.0 1
400 0.25 nan 0.8 1.0 1.0 1795.0025901945478 1795.0034567685016 1796.0806415230181 1793.3494337285674 1797.640335287273 1795.5349332404073 1.0 1795.8382007945195 -1.0 2
401 nan 0.125 0.8 -1.0 1.0 1798.8859413905311 1798.8870412728572 1799.1889423065033 1798.3501320488556 1800.7408388664962 1799.116483392047 1.0 1799.116483392047 1.0 1
402 0.125 nan 0.8 1.0 1.0 1801.9025186539684 1801.9036518660619 1802.2363496048406 1801.4199369509254 1803.7858434169555 1802.1283611582724 -1.0 1802.1283611582724 -1.0 1
403 0.0625 nan 0.8 1.0 1.0 1805.240461535248 1805.2412947794346 1806.328845091631 1804.4815427302 1807.8864409914108 1806.0005468821569 1.0 1806.1629295092187 1.0 2
404 0.125 nan 0.8 -1.0 -1.0 1809.8569342962658 1809.857900859522 1810.6142199427081 1808.5852370188568 1813.1734383673922 1810.4820340849647 1.0 1810.4820340849647 1.0 1
405 0.125 nan 0.8 1.0 1.0 1814.4692741661186 1814.47017406984 1816.440063315986 1813.8888362658151 1817.9860569851378 1816.2131875888906 1.0 1816.2131875888906 1.0 1
406 0.25 nan 0.8 1.0 1.0 1819.1738041727638 1819.17477073602 1819.6593522251105 1818.6801569869242 1821.2025521759795 1819.3719496403091 -1.0 1819.611557338574 -1.0 2
407 nan 0.125 0.8 1.0 -1.0 1822.5230791749796 1822.5240790680034 1823.2064060674297 1821.8886470513921 1825.752759453663 1822.9951620012728 -1.0 1822.9951620012728 -1.0 1
408 1.0 nan 0.8 1.0 1.0 1827.206444779288 1827.2073446830095 1827.575671943202 1826.4581581700597 1829.135566419829 1827.354628925412 -1.0 1827.5291769175963 -1.0 2
409 nan 0.25 0.8 -1.0 1.0 1830.4730286284373 1830.4739618619262 1830.7123696885624 1829.8236647690283 1832.289964271415 1830.6469100252725 1.0 1830.6469100252725 1.0 1
410 0.0 nan 0.8 1.0 1.0 1833.4692080741895 1833.4702746267483 1835.3649719175062 1832.9690615836955 1836.9231937349653 1834.9920451494042 -1.0 1835.202622620212 1.0 2
411 0.0625 nan 0.8 1.0 1.0 1838.1851035315383 1838.1862034138644 1838.6600860476005 1837.6326959656683 1840.2020856638214 1838.3410535134803 1.0 1838.5296333377648 1.0 2
412 1.0 nan 0.8 1.0 1.0 1841.4397553239373 1841.4408218764959 1841.9573999423474 1840.8942803496986 1843.506592894177 1841.6821627226686 -1.0 1841.8568107041554 -1.0 2
413 nan 0.0625 0.8 -1.0 1.0 1844.7688991466077 1844.7697657205615 1845.58771154378 1844.2082924579424 1847.1359041161083 1845.4847892218656 1.0 1845.4847892218656 1.0 1
414 nan 1.0 0.2 -1.0 1.0 1848.5394624095088 1848.5403956429977 1848.757905705437 1847.8352044230942 1850.3068014131077 1848.6672154081803 1.0 1848.6672154081803 1.0 1
415 1.0 nan 0.2 1.0 1.0 1851.5853698683102 1851.5863364315665 1851.9906931703827 1851.0109979856845 1853.539916226021 1851.7788158386438 -1.0 1851.7788158386438 -1.0 1
416 1.0 nan 0.2 1.0 1.0 1855.3681318261015 1855.368965070288 1855.7100952402338 1854.2441187483046 1857.2563224088801 1855.5448462531706 -1.0 1855.5448462531706 -1.0 1
417 nan 1.0 0.2 -1.0 1.0 1859.1523602936609 1859.1532601973825 1859.4182985082186 1857.975219566534 1860.9688233017316 1859.328774752823 1.0 1859.328774752823 1.0 1
418 nan 0.0625 0.2 -1.0 1.0 1863.1226688529455 1863.1235354268995 1864.2551143619096 1861.693821721966 1865.8063385555495 1864.0726672148376 -1.0 1864.0726672148376 -1.0 1
419 nan 0.125 0.2 1.0 -1.0 1867.0520817875577 1867.0531483401164 1868.3207793858953 1866.5162391161148 1870.8728336796537 1867.5091662184943 1.0 1867.8573622991414 1.0 2
420 nan 0.125 0.2 -1.0 1.0 1874.168687065231 1874.1697202880223 1875.509843578025 1871.593129284815 1877.0725329307202 1875.394155955174 1.0 1875.394155955174 1.0 1
421 nan 0.125 0.2 -1.0 1.0 1878.5682496996237 1878.5693162521825 1878.782926731829 1877.8069311513188 1880.3559468896074 1878.6833707164283 1.0 1878.6833707164283 1.0 1
422 nan 0.0625 0.2 -1.0 1.0 1881.668351360314 1881.6692845938028 1883.1372608717795 1881.0697487367454 1884.7020496417538 1882.9601464875009 1.0 1882.9601464875009 1.0 1
423 nan 0.0625 0.2 -1.0 1.0 1886.289490288776 1886.2905568413348 1886.7934697025278 1885.4439474181015 1888.355758741088 1886.7011462466658 1.0 1886.7011462466658 1.0 1
424 nan 0.0 0.2 -1.0 1.0 1889.5516412788534 1889.5525078528074 1891.3744462612015 1889.0740590409293 1892.9391683277845 1891.2935549155777 1.0 1891.2935549155777 1.0 1
425 nan 0.25 0.2 -1.0 1.0 1896.2349929093236 1896.2360927916498 1896.4887657587585 1893.6665676991438 1898.035085186645 1896.4032082456906 1.0 1896.4032082456906 1.0 1
426 nan 0.0625 0.2 -1.0 1.0 1899.3225625774492 1899.3233958216356 1899.4389834551844 1898.8038847362477 1900.9892792283617 1899.317996399307 1.0 1899.317996399307 1.0 1
427 nan 0.25 0.2 -1.0 1.0 1902.4849242437533 1902.4860574558468 1902.658772310821 1901.7009747833436 1904.2009853560073 1902.5762478065917 1.0 1902.5762478065917 1.0 1
428 nan 0.125 0.2 -1.0 1.0 1905.9723511320879 1905.9733176953441 1906.2383893359479 1905.3367857964067 1907.7845849798723 1906.1533650991591 1.0 1906.1533650991591 1.0 1
429 nan 0.125 0.2 -1.0 1.0 1909.1388123597894 1909.1399455718831 1909.505773099516 1908.4862821724716 1911.0512977043024 1909.4000844069028 1.0 1909.4000844069028 1.0 1
430 nan 0.125 0.2 -1.0 1.0 1912.3890312931162 1912.3898978670702 1913.118186615823 1911.7637981853477 1914.668083385185 1913.0299960511256 1.0 1913.0299960511256 1.0 1
431 nan 0.0625 0.2 -1.0 1.0 1915.9220533033351 1915.9228532177542 1916.6287110330068 1915.3868772272415 1918.1718989668082 1916.5408870957517 1.0 1916.5408870957517 1.0 1
432 0.0 nan 0.2 -1.0 -1.0 1919.7514769355694 1919.7525101583606 1920.3634781256567 1918.9044008955916 1922.921993842127 1920.2755875288665 1.0 1920.2755875288665 1.0 1
433 nan 0.0 0.2 -1.0 1.0 1926.2013202152198 1926.2023867677785 1926.9300089211822 1923.678390137622 1928.4887982458977 1926.8406518146237 1.0 1926.8406518146237 1.0 1
434 nan 1.0 0.2 -1.0 1.0 1929.884226189703 1929.8853260720293 1930.4928277435097 1929.2313960344782 1932.0512151594294 1930.4025374034625 1.0 1930.4025374034625 1.0 1
435 nan 1.0 0.2 -1.0 1.0 1933.3384232998808 1933.3392898738346 1933.6077278209518 1932.7693175205134 1935.167921332141 1933.5191039692775 1.0 1933.5191039692775 1.0 1
436 nan 0.125 0.2 -1.0 1.0 1936.5219160387542 1936.5229492615454 1937.0025312855169 1935.8751185714393 1938.572022270681 1936.9077414268627 1.0 1936.9077414268627 1.0 1
437 nan 0.0625 0.2 -1.0 1.0 1940.0011104745263 1940.0022103568524 1940.4635276682563 1939.2940194578775 1942.0216196880983 1940.3780701444907 1.0 1940.3780701444907 1.0 1
438 nan 0.25 0.2 -1.0 1.0 1943.2507294720388 1943.2518293543649 1943.6294222899112 1942.74211722061 1945.184341970306 1943.5234336293906 1.0 1943.5234336293906 1.0 1
439 0.25 nan 0.2 1.0 1.0 1946.5385110532923 1946.539444286781 1947.0662545912426 1945.9059453966825 1948.6173460476875 1946.7860179064448 -1.0 1946.9877296591085 -1.0 2
440 nan 0.25 0.2 -1.0 1.0 1949.8219264350084 1949.8230596471021 1951.4909478702996 1949.3491436835986 1953.0551393022647 1951.4034905604863 1.0 1951.4034905604863 1.0 1
441 nan 0.0 0.2 -1.0 1.0 1954.3839383559978 1954.3850049085565 1955.6661345101563 1953.784235850103 1957.2003569715214 1955.558845988705 1.0 1955.558845988705 1.0 1
442 nan 0.125 0.2 -1.0 1.0 1958.5049641237333 1958.505964016757 1958.7831676927158 1957.9273592536638 1960.3216608288474 1958.682678443826 1.0 1958.682678443826 1.0 1
443 nan 0.25 0.2 -1.0 1.0 1961.5839680416218 1961.584934604878 1961.879269781311 1961.0481586999463 1963.4171633969318 1961.7961120115 1.0 1961.7961120115 1.0 1
444 nan 0.25 0.2 -1.0 1.0 1964.8383198661136 1964.839219769835 1966.1137500774778 1964.1430609169129 1967.6716707589728 1966.0237930351052 1.0 1966.0237930351052 1.0 1
445 nan 1.0 0.2 -1.0 1.0 1969.583512189059 1969.5844787523154 1970.0107664781196 1968.4161704135652 1971.5671862239064 1969.8700815296738 1.0 1969.8700815296738 1.0 1
446 0.0 nan 0.2 -1.0 -1.0 1973.6881397112045 1973.6891062744608 1974.711763529414 1972.3070874667617 1977.2717806621988 1974.6053082521491 1.0 1974.6053082521491 1.0 1
447 nan 1.0 0.2 -1.0 1.0 1980.5171757552394 1980.5180089994258 1980.9432968322062 1978.0206761832367 1982.5048850004914 1980.8546063209972 1.0 1980.8546063209972 1.0 1
448 nan 0.25 0.2 -1.0 1.0 1983.8664507574551 1983.8673173314091 1984.8162824705098 1983.2537829720186 1986.3713007723964 1984.7319581588376 1.0 1984.7319581588376 1.0 1
449 1.0 nan 0.2 1.0 1.0 1988.6171424920315 1988.6182423743576 1989.120888597411 1987.1320013838133 1990.6839090934277 1988.9684715708197 -1.0 1988.9684715708197 -1.0 1
450 1.0 nan 0.2 1.0 1.0 1992.0879044966362 1992.0888710598927 1993.0065062175815 1991.4293082916408 1994.566799034182 1992.7330688053455 -1.0 1992.7330688053455 -1.0 1
451 nan 0.0 0.2 -1.0 1.0 1996.0209503759015 1996.0218169498553 1996.5515936036206 1995.2977944113375 1998.104612313471 1996.450604408219 1.0 1996.450604408219 1.0 1
452 nan 0.125 0.2 -1.0 1.0 1999.3999888604583 1999.4007887748774 2000.26432971998 1998.8485145280772 2001.8170182899794 2000.1746726455144 1.0 2000.1746726455144 1.0 1
453 nan 0.25 0.2 -1.0 1.0 2003.5875408440427 2003.5884074179965 2004.2576358188114 2002.5783154853755 2005.8042242537558 2004.1665455643454 1.0 2004.1665455643454 1.0 1
454 nan 0.25 0.2 -1.0 1.0 2007.2669471929426 2007.2680137455013 2007.8401192039398 2006.55072382001 2009.399939572858 2007.7369635736534 1.0 2007.7369635736534 1.0 1
455 nan 0.0 0.2 -1.0 1.0 2010.671049662629 2010.671982896118 2012.3429374579214 2010.1393398823511 2013.9165279801555 2012.2410816885658 1.0 2012.2410816885658 1.0 1
456 0.0 nan 0.2 -1.0 -1.0 2015.6204534707974 2015.6215866828911 2017.1128937980893 2014.6682220144858 2019.666640474632 2017.0150042710613 1.0 2017.0150042710613 1.0 1
457 nan 0.0 0.2 -1.0 1.0 2020.8876232819227 2020.888523185644 2021.126831022978 2020.4111409263248 2022.68775241386 2021.012243282453 1.0 2021.012243282453 1.0 1
458 nan 1.0 0.2 -1.0 1.0 2023.9664272212065 2023.9674937737652 2024.225232865528 2023.4218521506893 2025.7876560984457 2024.141208521763 1.0 2024.141208521763 1.0 1
459 nan 0.125 0.2 -1.0 1.0 2027.8162486711258 2027.8171152450798 2028.0676551070712 2026.5258533941724 2029.6208478572996 2027.9747650451623 1.0 2027.9747650451623 1.0 1
460 nan 0.25 0.2 -1.0 1.0 2031.5826123833272 2031.5837122656533 2032.291169909744 2030.3635428087364 2033.8371577924222 2032.2066456194673 1.0 2032.2066456194673 1.0 1
461 0.0625 nan 0.2 -1.0 -1.0 2035.1664622889214 2035.1673288628754 2035.7163367924645 2034.589157386759 2038.2661540646284 2035.6322791189323 1.0 2035.6322791189323 1.0 1
462 nan 0.125 0.2 -1.0 1.0 2040.9370449077517 2040.9379114817057 2042.8411745227004 2039.0108509867448 2044.3872612015932 2042.7083220696077 1.0 2042.7083220696077 1.0 1
463 nan 1.0 0.2 -1.0 1.0 2045.899347335927 2045.9001805801133 2046.177584234677 2045.154360373677 2047.7325704572063 2046.0835942904419 1.0 2046.0835942904419 1.0 1
464 nan 0.25 0.2 -1.0 1.0 2049.8374260100786 2049.83845923287 2050.4163974006137 2048.4839708130917 2051.9701838678957 2050.28251172473 1.0 2050.28251172473 1.0 1
465 nan 0.125 0.2 -1.0 1.0 2053.2657258909403 2053.2667591137315 2053.6696826725465 2052.720284246469 2055.2205015677905 2053.5416297059683 1.0 2053.5416297059683 1.0 1
466 nan 0.25 0.2 -1.0 1.0 2056.4996465679797 2056.500713120538 2057.186406426478 2055.961804110489 2058.7328998033154 2057.104715166435 1.0 2057.104715166435 1.0 1
467 nan 0.0625 0.2 -1.0 1.0 2061.2534379709296 2061.2543045448833 2062.165607046755 2059.4755948448837 2063.732994780205 2062.060451630421 1.0 2062.060451630421 1.0 1
468 nan 0.0625 0.2 -1.0 1.0 2065.02020164034 2065.021268192899 2065.878109854742 2064.483292416339 2067.4536962842117 2065.7864863239965 1.0 2065.7864863239965 1.0 1
469 nan 0.0625 0.2 -1.0 1.0 2068.9494812558823 2068.950547808441 2069.9180109684817 2068.2001947536305 2071.486825502351 2069.8104558088908 1.0 2069.8104558088908 1.0 1
470 nan 0.0 0.2 -1.0 1.0 2072.765572981133 2072.7668395122964 2073.901618104983 2072.2430288869064 2075.470237545027 2073.794829530043 1.0 2073.794829530043 1.0 1
471 nan 0.0625 0.2 -1.0 1.0 2076.8160063013897 2076.8167728860412 2077.4527381789317 2076.2280358736407 2079.0161290426768 2077.309786806299 1.0 2077.309786806299 1.0 1
472 nan 0.125 0.2 -1.0 1.0 2083.4700943960306 2083.4710276295195 2084.9241388312093 2079.7720233773534 2086.4698261663593 2084.7844537757874 1.0 2084.7844537757874 1.0 1
473 nan 0.25 0.2 -1.0 1.0 2087.765268198741 2087.7663014215323 2088.086333848676 2087.2517231417282 2089.63664996449 2087.9975433481645 1.0 2087.9975433481645 1.0 1
474 nan 0.0 0.2 -1.0 1.0 2091.1321746479425 2091.133274530269 2093.332339257465 2090.386254452204 2094.865762384483 2093.222184376012 1.0 2093.222184376012 1.0 1
475 1.0 nan 0.8 1.0 1.0 2096.1703356268554 2096.171202200809 2096.711544390859 2095.628860224712 2098.25336516221 2096.4718700330595 -1.0 2096.4718700330595 -1.0 1
476 nan 0.0625 0.8 -1.0 1.0 2100.0983820410015 2100.099481923328 2101.1536691382976 2099.0205640209033 2102.6990603194645 2101.0591125880155 1.0 2101.0591125880155 1.0 1
477 0.0625 nan 0.8 -1.0 -1.0 2104.0028976393214 2104.0037642132756 2104.8044118871826 2103.446557160891 2107.365159322629 2104.6985898754992 1.0 2104.6985898754992 1.0 1
478 nan 0.0625 0.8 -1.0 1.0 2108.869443645586 2108.870376879075 2109.239670702524 2108.129356159153 2110.7988573437538 2109.1414478778215 1.0 2109.1414478778215 1.0 1
479 0.0625 nan 0.8 -1.0 -1.0 2112.0528697249247 2112.053969607251 2112.674969834552 2111.5663551093216 2115.236477602371 2112.5888457154374 1.0 2112.5888457154374 1.0 1
480 0.0625 nan 0.8 -1.0 -1.0 2117.331804943963 2117.3329048262895 2119.263564936136 2116.0079799102477 2121.8148792678644 2119.167275237946 1.0 2119.167275237946 1.0 1
481 0.25 nan 0.8 -1.0 -1.0 2124.3695186620603 2124.3704852253168 2126.4401304654684 2122.5893757820604 2128.9988049015924 2126.3345750919248 1.0 2126.3345750919248 1.0 1
482 0.25 nan 0.8 -1.0 -1.0 2132.00276866512 2132.0037352283766 2134.1323741569313 2129.792505136058 2136.6861160726958 2134.016519885243 1.0 2134.016519885243 1.0 1
483 nan 0.0625 0.8 -1.0 1.0 2138.048721822699 2138.049655056188 2141.17072114061 2137.4883151126387 2142.735908254373 2140.9712758121336 1.0 2140.9712758121336 1.0 1
484 0.125 nan 0.8 1.0 1.0 2144.0815097221316 2144.0825762746904 2144.5127302535197 2143.513803792998 2146.06501584197 2144.258690765945 -1.0 2144.258690765945 -1.0 1
485 0.0625 nan 0.8 -1.0 -1.0 2147.335828216856 2147.3368614396472 2148.089514248413 2146.8310155589174 2150.636027180626 2147.957961656251 1.0 2147.957961656251 1.0 1
486 0.0 nan 0.8 -1.0 -1.0 2152.897766491391 2152.898799714182 2155.03277140553 2151.4075259287515 2157.58164542571 2154.9124509450025 1.0 2154.9124509450025 1.0 1
487 0.125 nan 0.8 1.0 1.0 2160.6357719535754 2160.6367051870643 2163.1137401748706 2158.3885457124006 2164.665056804519 2162.5156708275813 1.0 2163.1079407953325 -1.0 3
488 0.25 nan 0.8 1.0 1.0 2166.068957336415 2166.0699572294393 2166.621931508332 2165.4691548412184 2168.181552471931 2166.3015324537464 -1.0 2166.3015324537464 -1.0 1
489 0.125 nan 0.8 1.0 1.0 2170.3023377502564 2170.3032376539777 2171.2811663610005 2168.96094792909 2172.835751821209 2170.8960408980083 -1.0 2170.8960408980083 -1.0 1
490 0.125 nan 0.8 1.0 1.0 2174.1144965629464 2174.1155297857376 2174.738563128854 2173.613150200824 2176.2977499847675 2174.626575110191 -1.0 2174.626575110191 -1.0 1
491 0.0625 nan 0.8 1.0 1.0 2178.135433039002 2178.136466261793 2181.0498545651762 2177.079146048682 2182.597969104287 2180.5651064272483 -1.0 2180.9790288093254 -1.0 2
492 0.0 nan 0.8 -1.0 -1.0 2183.9019160964344 2183.9030493085284 2185.26037075854 2183.396670151519 2187.818781796984 2185.1502492068544 1.0 2185.1502492068544 1.0 1
493 nan 0.25 0.8 -1.0 1.0 2189.6144715901182 2189.615304834305 2189.914772794926 2188.5981803207496 2191.46448904764 2189.8234825618556 1.0 2189.8234825618556 1.0 1
494 0.0625 nan 0.8 1.0 1.0 2192.7516359522233 2192.7526025154793 2193.7189991229616 2192.2683876538313 2195.2685869247 2193.1953218166414 -1.0 2193.1953218166414 -1.0 1
495 0.25 nan 0.8 1.0 1.0 2196.5808596058528 2196.581892828644 2197.029078318645 2196.051082952087 2198.597895036375 2196.9069580506743 -1.0 2196.9069580506743 -1.0 1
496 0.0625 nan 0.8 1.0 1.0 2200.0518215890625 2200.0528548118536 2201.328884959032 2199.367694782193 2202.9019013143543 2201.06457990308 1.0 2201.06457990308 1.0 1
497 0.125 nan 0.8 1.0 1.0 2204.263637643357 2204.264504217311 2204.7731164687393 2203.689199101196 2206.3516014781426 2204.524176435586 -1.0 2204.524176435586 -1.0 1
498 1.0 nan 0.8 1.0 1.0 2207.814224441027 2207.815057685213 2208.068797204881 2207.12389829741 2209.6137129952426 2207.973974016459 -1.0 2207.973974016459 -1.0 1
499 0.125 nan 0.8 1.0 1.0 2211.2683548916693 2211.2693547846934 2211.9759125250625 2210.406913721917 2213.5351279169195 2211.338647371241 1.0 2211.902953664094 -1.0 3
500 1.0 nan 0.8 1.0 1.0 2216.163564497949 2216.164631050508 2216.447734095307 2214.3261277476863 2218.0017197477277 2216.331013249665 -1.0 2216.331013249665 -1.0 1
501 0.25 nan 0.8 1.0 1.0 2219.3803536745145 2219.381253578236 2220.406010608539 2218.801815570956 2221.9475283002052 2219.8961318259467 1.0 2219.8961318259467 1.0 1
502 0.25 nan 0.8 1.0 1.0 2223.451751418503 2223.4528846305966 2224.2541322403176 2222.738327746037 2225.7969213843403 2223.8338438726564 -1.0 2224.141377637003 -1.0 2
503 1.0 nan 0.8 1.0 1.0 2227.1848186930124 2227.1858185860365 2227.7289271467853 2226.57511725688 2229.284839908642 2227.3627329917103 -1.0 2227.5879755602 -1.0 2
504 0.125 nan 0.8 1.0 1.0 2230.6974428855465 2230.69844277857 2231.544452265989 2230.0652438563784 2233.1010384745523 2231.2528834602554 -1.0 2231.469860246415 -1.0 2
505 0.25 nan 0.8 1.0 1.0 2234.5469643675583 2234.5480642498846 2235.2739532553805 2233.903033260245 2236.8300467257704 2235.066108825504 1.0 2235.066108825504 1.0 1
506 nan 0.25 0.8 1.0 -1.0 2238.6178954948027 2238.619395334338 2240.1053363569754 2238.1238483517536 2242.647349545946 2239.881227000579 1.0 2239.881227000579 1.0 1
507 nan 0.0 0.8 1.0 -1.0 2244.017784439951 2244.0186176841376 2245.619913031951 2243.4402462294165 2248.1843552408536 2245.3459090136685 1.0 2245.517523986316 -1.0 2
508 0.0625 nan 0.8 1.0 1.0 2249.5804892991378 2249.5815558516965 2250.626477391312 2248.971954404866 2252.184761510391 2250.234652645061 1.0 2250.3957354111917 -1.0 2
509 0.125 nan 0.8 1.0 1.0 2253.446842313717 2253.447808876973 2254.085274009399 2252.974459519516 2255.6510849805336 2253.74524372178 -1.0 2253.9985832842376 -1.0 2
510 0.0 nan 0.8 1.0 1.0 2257.4133179497435 2257.41441783207 2258.2651934762353 2256.441288611561 2259.830079002971 2257.963192453287 -1.0 2258.1813024515404 -1.0 2
511 1.0 nan 0.8 1.0 1.0 2261.3676948801826 2261.3686947732062 2261.655897379403 2260.6255742779344 2263.217880634532 2261.5342103984094 -1.0 2261.5342103984094 -1.0 1
512 0.25 nan 0.8 1.0 1.0 2264.980075066722 2264.9810083002108 2265.6047748982114 2264.011778662495 2267.1677902363576 2265.457057368832 -1.0 2265.457057368832 -1.0 1
513 1.0 nan 0.8 1.0 1.0 2268.4965321825134 2268.497598735072 2269.0521060762926 2267.961789393397 2270.6010905462717 2268.954716495776 -1.0 2268.954716495776 -1.0 1
514 nan 0.25 0.8 -1.0 1.0 2272.829735249895 2272.830535164314 2273.090907307706 2271.3992882900775 2274.6342928789722 2273.0112158337106 1.0 2273.0112158337106 1.0 1
515 nan 0.25 0.2 -1.0 1.0 2276.079754204617 2276.080820757176 2276.41081878479 2275.4310902703246 2277.9635005120745 2276.324961303815 1.0 2276.324961303815 1.0 1
516 nan 0.0625 0.2 -1.0 1.0 2279.4508268747513 2279.4517934380074 2280.118522106263 2278.7571010948536 2281.667606781283 2280.018066187141 1.0 2280.018066187141 1.0 1
517 nan 0.125 0.2 -1.0 1.0 2282.9632510886804 2282.9640843328666 2283.35850880098 2282.452105774925 2284.896723551085 2283.2724513414 1.0 2283.2724513414 1.0 1
518 nan 0.0625 0.2 1.0 -1.0 2286.251065999701 2286.2520325629575 2287.687012371149 2285.6843266338233 2290.229624399332 2287.165734808086 -1.0 2287.5604592441064 -1.0 2
519 0.25 nan 0.2 1.0 1.0 2291.5343340885092 2291.5353006517657 2291.8066382886514 2291.038520467785 2293.3630241660203 2291.6905507085908 -1.0 2291.6905507085908 -1.0 1
520 nan 0.25 0.2 -1.0 1.0 2294.6340024622223 2294.634902365944 2294.8386472344223 2294.145421401037 2296.396728671629 2294.7595556962415 1.0 2294.7595556962415 1.0 1
521 nan 1.0 0.2 -1.0 1.0 2298.034038700279 2298.03520524214 2298.4364289828145 2297.1943285389098 2299.9965421010456 2298.344872111604 1.0 2298.344872111604 1.0 1
522 0.25 nan 0.2 -1.0 -1.0 2301.4173433950705 2301.418476607164 2302.973476907977 2300.794243392419 2305.5336526651554 2302.88291992979 1.0 2302.88291992979 1.0 1
523 nan 0.25 0.2 -1.0 1.0 2306.8458292806986 2306.8467291844204 2307.113333994327 2306.3446495674134 2308.6840512747913 2307.036175582659 1.0 2307.036175582659 1.0 1
524 nan 1.0 0.2 -1.0 1.0 2309.97989397443 2309.980693888849 2310.2424658824743 2309.4764478369575 2311.8002491194 2310.153042116381 1.0 2310.153042116381 1.0 1
525 nan 1.0 0.2 -1.0 1.0 2313.3296022636227 2313.3306688161815 2313.5957404567853 2312.6137455181324 2315.1670535948188 2313.5054167869707 1.0 2313.5054167869707 1.0 1
526 nan 0.25 0.2 -1.0 1.0 2316.579387909973 2316.580287813694 2317.0889667246574 2315.966353497094 2318.6458506286945 2316.7941649314803 1.0 2316.7941649314803 1.0 1
527 nan 0.25 0.2 -1.0 1.0 2320.066881457842 2320.0678813508657 2322.091264873784 2319.4527471626375 2323.645776245093 2321.997741546293 1.0 2321.997741546293 1.0 1
528 1.0 nan 0.2 1.0 1.0 2325.2501935740397 2325.251160137296 2325.7737708910577 2324.4582782992074 2327.317087700182 2325.468570210433 -1.0 2325.468570210433 -1.0 1
529 nan 0.25 0.2 -1.0 1.0 2328.595802301835 2328.5967688650917 2328.8438757610347 2328.120386498796 2330.3794937150374 2328.7580182800593 1.0 2328.7580182800593 1.0 1
530 nan 0.25 0.2 -1.0 1.0 2332.8004857858937 2332.801419019382 2333.0586914944006 2331.182592213885 2334.5961809540813 2332.9582689050458 1.0 2332.9582689050458 1.0 1
531 0.25 nan 0.2 1.0 1.0 2336.8836822675626 2336.884648830819 2337.572175273969 2335.3974746067856 2339.116989130138 2337.317169223138 -1.0 2337.466786549263 -1.0 2
532 nan 0.25 0.2 -1.0 1.0 2341.129194716759 2341.130261269317 2341.4968887113696 2339.939388677997 2343.0668016044265 2341.4013989275986 1.0 2341.4013989275986 1.0 1
533 nan 0.25 0.2 -1.0 1.0 2344.6286869809132 2344.6295535548675 2344.9589183169 2343.8730011633093 2346.516702643758 2344.814433774964 1.0 2344.814433774964 1.0 1
534 nan 0.25 0.2 -1.0 1.0 2348.0793511357406 2348.080184379927 2349.655215870983 2347.3186991827847 2351.2126982743303 2349.551693613254 1.0 2349.551693613254 1.0 1
535 nan 0.125 0.2 -1.0 1.0 2354.0498456997916 2354.0507789332805 2355.087101392892 2352.036394447576 2356.6498120274446 2354.972680301204 1.0 2354.972680301204 1.0 1
536 0.125 nan 0.2 -1.0 -1.0 2358.1283760140163 2358.129342577273 2359.9193177386733 2357.4836116625165 2362.4831220018086 2359.823261348856 1.0 2359.823261348856 1.0 1
537 0.25 nan 0.2 1.0 1.0 2363.9616519254378 2363.962618488694 2365.0193387659906 2363.3124213850983 2366.5831215243693 2364.6936402783786 -1.0 2364.812694207743 1.0 2
538 nan 1.0 0.2 -1.0 1.0 2367.9789887866073 2367.9798886903286 2368.2327283062746 2367.3961178132795 2369.799537978258 2368.1555698946067 1.0 2368.1555698946067 1.0 1
539 nan 1.0 0.2 -1.0 1.0 2371.595468534544 2371.5965017573353 2371.8533409453767 2370.6088407582147 2373.411851971239 2371.763317243469 1.0 2371.763317243469 1.0 1
540 nan 0.0 0.2 -1.0 1.0 2374.9492763851345 2374.950109629321 2375.5726430259256 2374.2361526805757 2377.132856972429 2375.4684541728475 1.0 2375.4684541728475 1.0 1
541 nan 0.25 0.2 -1.0 1.0 2378.428804118581 2378.42973735207 2380.722558715129 2377.9474556169343 2382.266544178549 2380.6257690704274 1.0 2380.6257690704274 1.0 1
542 nan 0.125 0.2 -1.0 1.0 2384.1782223350747 2384.179322217401 2384.8788473768363 2383.093238414973 2386.43315862726 2384.7807578712036 1.0 2384.7807578712036 1.0 1
543 nan 0.125 0.2 -1.0 1.0 2387.8121002216253 2387.812933465812 2388.0327766119735 2387.2546598608687 2389.578560198336 2387.9552182430957 1.0 2387.9552182430957 1.0 1
544 nan 0.0625 0.2 -1.0 1.0 2391.1160134103293 2391.1169133140506 2391.6526559961912 2390.391257616927 2393.2160690196647 2391.5640321445167 1.0 2391.5640321445167 1.0 1
545 nan 0.25 0.2 -1.0 1.0 2394.5947412293567 2394.595507814008 2395.2758683571546 2394.028868437433 2396.82848088628 2395.164113646864 1.0 2395.164113646864 1.0 1
546 nan 0.0625 0.2 -1.0 1.0 2398.115964501895 2398.1167977460814 2399.1823837415222 2397.653280670025 2400.7284948242814 2399.0670294163456 1.0 2399.0670294163456 1.0 1
547 nan 0.0 0.2 -1.0 1.0 2403.7159653708686 2403.717065253195 2405.803075409169 2401.559296107881 2407.3618866546835 2405.6861212551544 1.0 2405.6861212551544 1.0 1
548 nan 0.25 0.2 -1.0 1.0 2408.9326405842935 2408.933640477317 2410.958690488608 2408.2250829509003 2412.51130038326 2410.8567680597175 1.0 2410.8567680597175 1.0 1
549 nan 0.0625 0.2 -1.0 1.0 2415.5156029551763 2415.5165695184323 2416.3299158337413 2413.3492014000904 2417.878405794323 2416.2527907518406 1.0 2416.2527907518406 1.0 1
550 nan 1.0 0.2 -1.0 1.0 2419.849372628604 2419.8501725430233 2420.162505793884 2419.251903217129 2421.7109182059003 2420.067349307788 1.0 2420.067349307788 1.0 1
551 0.125 nan 0.2 -1.0 -1.0 2424.165744163419 2424.16677738621 2425.8724282359385 2422.529719197912 2428.4276318114767 2425.695113873055 1.0 2425.695113873055 1.0 1
552 nan 1.0 0.2 -1.0 1.0 2429.9486587962087 2429.949692019 2430.2121306079744 2429.281230202837 2431.7820405657067 2430.1299060716524 1.0 2430.1299060716524 1.0 1
553 nan 0.25 0.2 -1.0 1.0 2433.144616868112 2433.145650090903 2436.4561292437966 2432.604541316202 2438.0322414370717 2436.3593395990947 1.0 2436.3593395990947 1.0 1
554 nan 0.125 0.2 -1.0 1.0 2439.5939602012504 2439.5948934347393 2439.900427413039 2438.866837994359 2441.444442715161 2439.792672274843 1.0 2439.792672274843 1.0 1
555 nan 1.0 0.2 -1.0 1.0 2443.6489596996494 2443.6498596033707 2445.9204500115343 2442.260541576598 2447.4772591384994 2445.8218938891573 1.0 2445.8218938891573 1.0 1
556 0.0625 nan 0.2 1.0 1.0 2448.7987420697827 2448.799775292574 2449.708244764212 2448.322759660697 2451.2651586792877 2449.375547025433 -1.0 2449.375547025433 -1.0 1
557 0.0625 nan 0.2 -1.0 -1.0 2452.7609848253423 2452.762051377901 2454.9473509111363 2452.097255836158 2457.4945542767555 2454.8288635878184 1.0 2454.8288635878184 1.0 1
558 nan 0.25 0.2 -1.0 1.0 2459.098206820748 2459.099306703074 2459.419772417195 2458.3671517012963 2460.9608771068974 2459.296952224108 1.0 2459.296952224108 1.0 1
559 1.0 nan 0.2 1.0 1.0 2462.5652358913976 2462.5663357737235 2463.0346856660613 2461.8150828151915 2464.5819713405317 2462.8432728115426 -1.0 2462.8432728115426 -1.0 1
560 nan 0.0625 0.2 1.0 -1.0 2465.8773815326635 2465.8785480745246 2468.1838347706134 2465.418463964517 2470.7272725238204 2467.719417790836 -1.0 2468.0877450510284 -1.0 2
561 nan 0.0625 0.2 -1.0 1.0 2472.265031466235 2472.2661313485614 2473.3677801523927 2471.5785715756438 2474.9149883316145 2472.6430576887583 1.0 2473.266191021177 1.0 3
562 nan 1.0 0.2 -1.0 1.0 2480.2769742871674 2480.2780075099586 2480.509182777056 2475.767290101089 2482.081488709253 2480.424791805849 1.0 2480.424791805849 1.0 1
563 nan 0.0 0.2 -1.0 1.0 2483.5942193828546 2483.5952859354134 2484.549917134982 2482.9693862322956 2486.1104952716532 2484.4608266665637 1.0 2484.4608266665637 1.0 1
564 nan 0.125 0.2 -1.0 1.0 2488.3980054369936 2488.398905340715 2490.233909017953 2486.9481938822823 2491.7942159100717 2490.140718988137 1.0 2490.140718988137 1.0 1
565 nan 0.0625 0.2 -1.0 1.0 2493.1813936734475 2493.182160258099 2493.5297230731644 2492.6583163029413 2495.098430684291 2493.443865592189 1.0 2493.443865592189 1.0 1
566 nan 1.0 0.2 -1.0 1.0 2496.62739166083 2496.6284582133885 2500.0954206245033 2495.942331620472 2501.648232603662 2499.9954313221256 1.0 2499.9954313221256 1.0 1
567 0.125 nan 0.2 1.0 1.0 2502.99381053253 2502.994677106484 2503.718433006862 2502.5068293001823 2505.260143086014 2503.4195316522873 -1.0 2503.5623830356176 -1.0 2
568 nan 0.25 0.2 -1.0 1.0 2507.7145388061604 2507.715605358719 2511.862228387863 2506.101744688573 2513.414538566036 2511.7677051673486 1.0 2511.7677051673486 1.0 1
569 nan 1.0 0.2 -1.0 1.0 2514.8764059080436 2514.8775057903695 2515.103648262581 2514.2979344640203 2516.6478552144436 2515.021457056026 1.0 2515.021457056026 1.0 1
570 0.25 nan 0.2 1.0 1.0 2518.176686152094 2518.17778603442 2518.5080507001744 2517.4872599121986 2520.0641621606715 2518.3698654842883 -1.0 2518.3698654842883 -1.0 1
571 0.25 nan 0.2 -1.0 -1.0 2521.543159314319 2521.5440592180403 2524.9556942151726 2520.911360242361 2527.5145627983948 2524.838540082553 1.0 2524.838540082553 1.0 1
572 nan 0.25 0.2 -1.0 1.0 2528.9768306698325 2528.9776305842515 2529.2978629900003 2528.393559739295 2530.8640722614123 2529.2009400262286 1.0 2529.2009400262286 1.0 1
573 nan 0.0 0.2 -1.0 1.0 2533.9767290757018 2533.9775623198884 2538.8377756703358 2531.7015724893963 2540.39767941152 2538.727187501906 1.0 2538.727187501906 1.0 1
574 nan 0.0625 0.2 -1.0 1.0 2541.909280390546 2541.910446932407 2542.386196033121 2541.3091779274414 2543.9434746573206 2542.284973529347 1.0 2542.284973529347 1.0 1
575 0.0 nan 0.2 -1.0 -1.0 2545.347345893273 2545.3483791160643 2546.531719179939 2544.80167094043 2549.097184681535 2546.4275636566285 1.0 2546.4275636566285 1.0 1
576 nan 0.125 0.2 -1.0 1.0 2551.559681250009 2551.5606478132654 2555.2193897063403 2549.966285057083 2556.780495942903 2554.741340851672 1.0 2555.1371318402507 1.0 2
577 nan 0.125 0.2 -1.0 1.0 2558.9596228808537 2558.960522784575 2559.308118929408 2557.671993974599 2560.846898949151 2559.206229830285 1.0 2559.206229830285 1.0 1
578 nan 0.25 0.2 -1.0 1.0 2562.443183516163 2562.4442167389543 2562.7257199549153 2561.69889647903 2564.2593000304946 2562.6399624632427 1.0 2562.6399624632427 1.0 1
579 nan 1.0 0.2 -1.0 1.0 2565.747263353704 2565.7480965978903 2566.0884268534173 2565.119197215701 2567.630305041892 2566.00010296965 1.0 2566.00010296965 1.0 1
580 nan 0.125 0.2 -1.0 1.0 2570.408964609164 2570.4100311617226 2573.2306293924994 2568.485903686298 2574.7930314278315 2573.0929774528927 1.0 2573.0929774528927 1.0 1
581 nan 0.25 0.2 -1.0 1.0 2576.3133329145758 2576.3142661480647 2576.671527925461 2575.6886330830866 2578.22623784247 2576.5791378100635 1.0 2576.5791378100635 1.0 1
582 nan 0.0625 0.2 -1.0 1.0 2579.563518518135 2579.5645517409266 2582.7554436881755 2579.0813367723017 2584.313552012192 2582.642755744396 1.0 2582.642755744396 1.0 1
583 nan 0.25 0.2 -1.0 1.0 2585.759155661374 2585.7601555543974 2586.2541360379114 2585.17925103735 2587.8134487832626 2586.161345965305 1.0 2586.161345965305 1.0 1
584 nan 0.25 0.2 -1.0 1.0 2595.5591738469616 2595.560007091148 2597.5987556368646 2588.6715440717335 2599.1592527495827 2597.512698177285 1.0 2597.512698177285 1.0 1
585 0.125 nan 0.2 1.0 1.0 2600.6631277868387 2600.6639277012578 2601.2592640076155 2600.131151368421 2602.8129704497646 2600.9951256005006 -1.0 2600.9951256005006 -1.0 1
586 nan 0.25 0.2 -1.0 1.0 2605.2590360813338 2605.2598693255204 2606.0312867933653 2603.6714725977135 2607.5964634242896 2605.918265551911 1.0 2605.918265551911 1.0 1
587 nan 0.125 0.2 -1.0 1.0 2608.9925699725877 2608.993469876309 2614.671495730905 2608.4726589299903 2616.2132979354806 2614.5647071559656 1.0 2614.5647071559656 1.0 1
588 nan 0.125 0.2 -1.0 1.0 2617.741967228324 2617.743033780883 2618.031302939638 2617.121500277302 2619.5921853288514 2617.9329134660984 1.0 2617.9329134660984 1.0 1
589 nan 0.25 0.2 -1.0 1.0 2622.712735417434 2622.7136353211554 2626.190196705298 2620.4505774404374 2627.7418005063887 2626.0570776140657 1.0 2626.0570776140657 1.0 1
590 nan 0.0625 0.2 1.0 -1.0 2629.2963977134336 2629.2971976278527 2631.320181193561 2628.651800010771 2633.87961449161 2630.8789950617024 -1.0 2631.2109595455972 -1.0 2
591 nan 1.0 0.2 -1.0 1.0 2635.324986062166 2635.325785976585 2635.553728256239 2634.757713420009 2637.108908154436 2635.4676041371245 1.0 2635.4676041371245 1.0 1
592 nan 0.0625 0.8 -1.0 1.0 2638.5126783517394 2638.513744904298 2638.881005611932 2637.9660035058723 2640.446513391857 2638.742853725813 1.0 2638.742853725813 1.0 1
593 0.0625 nan 0.8 -1.0 -1.0 2643.9417308434145 2643.9426640769034 2647.2652752651516 2641.306512779246 2649.825337666956 2647.1683189716127 1.0 2647.1683189716127 1.0 1
594 0.25 nan 0.8 1.0 1.0 2651.2294511472237 2651.23055102955 2651.8974463466425 2650.7384370130135 2653.457952879494 2651.593345548344 -1.0 2651.593345548344 -1.0 1
595 nan 0.125 0.8 -1.0 1.0 2655.0627410324832 2655.0638409148096 2655.4885288117757 2654.3188539525595 2657.041644029528 2655.408537369873 1.0 2655.408537369873 1.0 1
596 0.25 nan 0.8 1.0 1.0 2658.445912408205 2658.4467789821592 2664.084242509757 2657.9051369311783 2665.6416463347264 2663.732446814224 -1.0 2663.9959519557574 -1.0 2
597 0.0625 nan 0.8 -1.0 -1.0 2667.2123078453455 2667.2133410681367 2670.146960540368 2666.551545205465 2672.691057665297 2669.9926437170316 1.0 2669.9926437170316 1.0 1
598 0.0625 nan 0.8 -1.0 -1.0 2676.4124902059684 2676.4135234287596 2681.3151323503917 2673.6051572226406 2683.8620923972403 2681.2260752117404 1.0 2681.2260752117404 1.0 1
599 0.0 nan 0.8 -1.0 -1.0 2685.4912188939697 2685.492085467924 2685.614739012174 2684.7946934136057 2688.157780229004 2685.506883884676 1.0 2685.506883884676 1.0 1
600 0.125 nan 0.8 1.0 1.0 2689.6955357505863 2689.6963356650053 2711.532332815954 2689.03577300373 2713.078524239697 2711.208800763227 -1.0 2711.462106995917 -1.0 2
601 nan 0.125 0.8 -1.0 1.0 2715.3910866435526 2715.391986547274 2718.289543211114 2714.113623316373 2719.8617435287542 2718.1884206966424 1.0 2718.1884206966424 1.0 1
602 0.125 nan 0.8 1.0 1.0 2721.3575149759736 2721.3585481987648 2722.426233969555 2720.7708444091554 2723.990842616732 2721.6711480877652 -1.0 2722.2747835062205 -1.0 3
603 1.0 nan 0.8 1.0 1.0 2726.7952332071877 2726.7961331109095 2727.653541378799 2724.8662395857145 2729.228045061334 2727.4825596717333 -1.0 2727.4825596717333 -1.0 1
604 0.25 nan 0.8 1.0 1.0 2730.8571319674506 2730.858098530707 2731.817462557255 2730.1236437749744 2733.3569402465646 2731.5099287929083 1.0 2731.615050879475 -1.0 2
605 0.125 nan 0.8 1.0 1.0 2737.694933740327 2737.696000292886 2743.590569646665 2734.239736737126 2745.1448685759824 2743.2553388455594 1.0 2743.3878246712097 -1.0 2
606 nan 1.0 0.8 -1.0 1.0 2746.6735064771133 2746.6745063701374 2746.9579760423785 2746.097568095417 2748.5074815244607 2746.8573868041863 1.0 2746.8573868041863 1.0 1
607 0.125 nan 0.8 -1.0 -1.0 2749.8615987238963 2749.86246529785 2752.304437370289 2749.379283658993 2754.844873507434 2752.1186572464712 1.0 2752.1186572464712 1.0 1
608 0.25 nan 0.8 1.0 1.0 2756.4901228868957 2756.4910561203847 2756.8167879377643 2755.7427695111564 2758.373890230714 2756.7113658832905 -1.0 2756.7113658832905 -1.0 1
609 1.0 nan 0.8 1.0 1.0 2759.8278991193383 2759.8290656611994 2760.663476389542 2759.248394452524 2762.22388742979 2760.2229235232658 -1.0 2760.2229235232658 -1.0 1
610 1.0 nan 0.8 1.0 1.0 2764.7613712986613 2764.7622712023826 2765.4801943934553 2763.108681449425 2767.044296322327 2765.3694729059557 -1.0 2765.3694729059557 -1.0 1
611 nan 1.0 0.8 -1.0 1.0 2768.6734527541944 2768.674519306753 2768.8901962319824 2767.9457972710234 2770.4615011041337 2768.81007147101 1.0 2768.81007147101 1.0 1
612 nan 0.0625 0.8 1.0 -1.0 2771.9735330196404 2771.9744662531293 2774.901453101636 2771.3497997514073 2777.4611167131175 2774.548024247498 -1.0 2774.548024247498 -1.0 1
613 nan 0.25 0.2 -1.0 1.0 2778.923522789785 2778.9243893637386 2779.269819073687 2778.3659157801912 2780.8277243395396 2779.172562812241 1.0 2779.172562812241 1.0 1
614 0.25 nan 0.2 1.0 1.0 2782.27346438735 2782.2743642910714 2782.9346269844395 2781.709824689846 2784.4940309193694 2782.592430261935 -1.0 2782.8474029829986 -1.0 3
615 nan 0.125 0.2 1.0 -1.0 2786.323564409932 2786.324597632723 2792.1321762934335 2785.396230289912 2794.677539101842 2791.9919246319646 -1.0 2791.9919246319646 -1.0 1
616 nan 0.0625 0.2 -1.0 1.0 2796.239303548138 2796.240136792325 2797.338352630108 2795.6077377845522 2798.873458593805 2797.2496287891317 1.0 2797.2496287891317 1.0 1
617 nan 1.0 0.2 -1.0 1.0 2800.360829262386 2800.361729166107 2800.687760951394 2799.7580604178847 2802.2234693336363 2800.606936265305 1.0 2800.606936265305 1.0 1
618 nan 0.0625 0.2 -1.0 1.0 2803.5775184496483 2803.578351693835 2805.9193679006403 2803.110068461032 2807.472974446142 2805.8203451615186 1.0 2805.8203451615186 1.0 1
619 nan 0.125 0.2 -1.0 1.0 2808.8772181138143 2808.8782846663726 2809.185851760487 2808.3729720619226 2810.7398642945136 2809.0840959804336 1.0 2809.0840959804336 1.0 1
620 nan 0.0625 0.2 1.0 -1.0 2813.093833654623 2813.0949002071816 2819.4901159979663 2811.626957258972 2822.043675884319 2819.081459719148 -1.0 2819.3905599825653 -1.0 2
621 nan 0.125 0.2 -1.0 1.0 2823.4897880823823 2823.490754645639 2823.791789105331 2822.9953743118913 2825.34379147547 2823.703565210866 1.0 2823.703565210866 1.0 1
622 0.25 nan 0.2 1.0 1.0 2826.9558505897758 2826.956683833962 2827.320678224385 2826.227495181488 2828.8770895756097 2827.156995736392 -1.0 2827.156995736392 -1.0 1
623 nan 0.25 0.2 -1.0 1.0 2830.3388886464277 2830.339655231079 2830.682985165677 2829.761983701475 2832.2435907424883 2830.5772631432965 1.0 2830.5772631432965 1.0 1
624 1.0 nan 0.2 1.0 1.0 2834.4893445988296 2834.490244502551 2838.1958147189066 2833.1377891985885 2839.75641374773 2837.9131449610845 -1.0 2838.105857676534 -1.0 2
625 nan 0.0 0.2 -1.0 1.0 2841.3602761605607 2841.361142734515 2849.40321566523 2840.6968138095162 2850.94331786071 2843.5422760468177 1.0 2849.2363335195614 1.0 4
626 nan 0.0 0.2 -1.0 1.0 2853.0056635810665 2853.00666347409 2856.9139454431092 2851.9023149590944 2858.4768451242303 2853.238272028165 -1.0 2856.682103580663 1.0 2
627 nan 0.0625 0.2 -1.0 1.0 2860.306015866743 2860.306882440697 2873.5347672201697 2859.401745945805 2875.089160939845 2867.954897530741 1.0 2873.4198128522025 1.0 3
628 nan 1.0 0.2 -1.0 1.0 2877.076254991323 2877.0773215438817 2877.317862475635 2876.096859774532 2878.8766668256635 2877.2337048128006 1.0 2877.2337048128006 1.0 1
629 nan 0.0625 0.2 -1.0 1.0 2881.5715407178586 2881.57257394065 2882.0770533009136 2879.785365149948 2883.6221614235637 2881.964965292948 1.0 2881.964965292948 1.0 1
630 nan 0.0625 0.2 -1.0 1.0 2885.4596914003564 2885.4605246445426 2887.6757876387237 2884.536656820339 2889.2260866261236 2887.5580002405227 1.0 2887.5580002405227 1.0 1
631 nan 0.125 0.2 -1.0 1.0 2890.855347465037 2890.8564473473634 2892.8065720414056 2890.1454900776894 2894.359879633575 2892.6964504897205 1.0 2892.6964504897205 1.0 1
632 nan 0.25 0.2 -1.0 1.0 2896.7548496244 2896.7557161983536 2902.391679886416 2895.271974940369 2903.959609542796 2902.2818916324054 1.0 2902.2818916324054 1.0 1
633 nan 0.125 0.2 -1.0 1.0 2905.4549188242963 2905.45591871732 2908.499893049609 2904.904111087264 2910.0761989505772 2908.406003094676 1.0 2908.406003094676 1.0 1
634 0.0 nan 0.2 -1.0 -1.0 2911.6882519345313 2911.6891518382527 2912.2891543120545 2910.9789944829977 2914.8428164030224 2912.1825323859525 1.0 2912.1825323859525 1.0 1
635 nan 0.0 0.2 -1.0 1.0 2918.854951852696 2918.856051735022 2921.4755381489495 2915.734819001763 2923.026238648982 2921.3688162335447 1.0 2921.3688162335447 1.0 1
636 0.125 nan 0.2 -1.0 -1.0 2925.7216838637273 2925.7226504269834 2927.536623020955 2923.9712378065333 2930.0925512259287 2927.3528426831845 1.0 2927.3528426831845 1.0 1
637 nan 0.0 0.2 -1.0 1.0 2931.738373485477 2931.739240059431 2934.452549768756 2931.024949813011 2936.0051543098716 2934.1441494304554 1.0 2934.226573945382 1.0 2
638 0.0 nan 0.2 -1.0 -1.0 2937.5421525526967 2937.5431524457204 2938.8474462357044 2936.9280515872592 2941.3923471455246 2938.7524563984457 1.0 2938.7524563984457 1.0 1
639 1.0 nan 0.2 1.0 1.0 2942.904112222476 2942.905045455965 2943.388560392497 2942.3084426184437 2944.9589608117353 2942.9450078471486 1.0 2943.062761915582 -1.0 2
640 nan 1.0 0.2 -1.0 1.0 2946.48809544714 2946.488995350862 2946.704272318881 2945.8570629598335 2948.275474103364 2946.632446670006 1.0 2946.632446670006 1.0 1
641 nan 0.25 0.2 -1.0 1.0 2949.7713441800192 2949.7723107432757 2951.2381539161347 2949.179674148082 2952.8088620059784 2951.1324985532888 1.0 2951.1324985532888 1.0 1
642 0.0625 nan 0.2 1.0 1.0 2954.7379128184293 2954.7388793816854 2957.501483817083 2953.7185552104547 2959.075477636934 2957.1371561289857 -1.0 2957.4369907170494 -1.0 2
643 nan 1.0 0.2 -1.0 1.0 2962.5711414262446 2962.5724412871755 2962.8397793519666 2960.6378815945363 2964.4086809053993 2962.484783998758 -1.0 2962.5962387411414 1.0 2
644 0.25 nan 0.2 1.0 1.0 2967.8205131415466 2967.821379715501 2968.3475900841477 2965.3426782393212 2969.8922923711425 2968.2362353310664 -1.0 2968.2362353310664 -1.0 1
645 nan 0.125 0.2 -1.0 1.0 2971.387164887132 2971.3879981313185 2973.7719097488434 2970.827291453351 2975.325310570804 2973.655655519946 1.0 2973.655655519946 1.0 1
646 nan 0.0625 0.2 -1.0 1.0 2976.8207835569488 2976.821583471368 2978.1035129873867 2976.2518110966516 2979.654518204403 2978.001290590589 1.0 2978.001290590589 1.0 1
647 0.125 nan 0.8 1.0 1.0 2981.0918932675536 2981.09285983081 2984.7769323471543 2980.565016303557 2986.3206316262495 2984.294250654809 1.0 2984.722638155963 -1.0 3
648 0.25 nan 0.8 1.0 1.0 2988.3084545178376 2988.3094210810937 2991.915835239258 2987.274231833576 2993.458037022651 2991.834043989913 -1.0 2991.834043989913 -1.0 1
649 0.0 nan 0.8 -1.0 -1.0 2994.9539768622412 2994.9549767552653 2999.9975705932497 2994.41653436196 3002.558230331948 2999.882416246678 1.0 2999.882416246678 1.0 1
650 nan 0.0625 0.8 -1.0 1.0 3005.470451729134 3005.4715182816926 3007.8346654540906 3003.5148276234604 3009.387361905393 3007.7260104121733 1.0 3007.7260104121733 1.0 1
651 1.0 nan 0.8 1.0 1.0 3011.0579206055427 3011.0587538497293 3011.8621678943355 3010.330565090279 3013.4247698019262 3011.491674199258 -1.0 3011.7280155803114 -1.0 2
652 nan 0.25 0.8 -1.0 1.0 3015.220141965858 3015.2210418695795 3018.973573728285 3014.3479686109836 3020.5246754538657 3018.8515201198493 1.0 3018.8515201198493 1.0 1
653 0.125 nan 0.8 -1.0 -1.0 3023.10299859742 3023.1039651606766 3027.301549404266 3021.4724730435446 3029.853775983285 3027.227757299111 1.0 3027.227757299111 1.0 1
654 0.125 nan 0.8 -1.0 -1.0 3032.557353764688 3032.5581203493393 3038.015069856378 3030.819972976338 3040.5536947068103 3037.8053922892914 1.0 3037.8053922892914 1.0 1
655 0.125 nan 0.8 -1.0 -1.0 3042.1078319813078 3042.1086652254944 3043.5216473871633 3041.5218946693735 3046.070107699921 3043.4159920243173 1.0 3043.4159920243173 1.0 1
656 nan 1.0 0.8 -1.0 1.0 3049.457812290731 3049.4589121730573 3052.254013131728 3047.005707968984 3053.807411819554 3052.1156945967714 1.0 3052.1156945967714 1.0 1
657 0.125 nan 0.8 -1.0 -1.0 3055.270023789118 3055.2711570012116 3055.394477140811 3054.775010082813 3057.952808998127 3055.318785238911 1.0 3055.318785238911 1.0 1
658 nan 0.125 0.8 -1.0 1.0 3059.3909162377836 3059.391782811738 3066.5084214191784 3058.862406115182 3068.0741473608396 3066.3817683028333 1.0 3066.3817683028333 1.0 1
659 0.0625 nan 0.8 -1.0 -1.0 3070.0693737745282 3070.070307008017 3073.80490745183 3069.049849517716 3076.35723631372 3073.6919861996776 1.0 3073.6919861996776 1.0 1
660 nan 0.125 0.8 -1.0 1.0 3077.9198672018874 3077.9208670949115 3080.188757791911 3077.3111323290113 3081.736156965022 3080.06047151696 1.0 3080.06047151696 1.0 1
661 0.25 nan 0.8 1.0 1.0 3083.323522410759 3083.3244556442473 3084.094573251162 3082.6741585513496 3085.656772023489 3083.7658084249433 -1.0 3083.7658084249433 -1.0 1
662 0.0 nan 0.8 -1.0 -1.0 3087.1527460643883 3087.153745957412 3090.0493694947395 3086.595772320376 3092.618963086243 3089.9349484030517 1.0 3089.9349484030517 1.0 1
663 0.125 nan 0.8 1.0 1.0 3094.273317584389 3094.274317477413 3108.87168907202 3093.571759309139 3110.418880308914 3108.167197777233 1.0 3108.805496153846 -1.0 3
664 0.25 nan 0.8 1.0 1.0 3112.0565483313594 3112.057414905313 3112.552695249758 3111.4538794761606 3114.1020952120093 3112.3257195333604 1.0 3112.3866130185083 -1.0 2
665 0.0625 nan 0.8 1.0 1.0 3115.7732840198137 3115.7743505723724 3117.706210553847 3115.031796683147 3119.256711392883 3116.3779526610597 -1.0 3117.4633365383715 1.0 4
666 nan 1.0 0.8 -1.0 1.0 3120.6523286888755 3120.653295252132 3120.913000800175 3120.1946109923574 3122.456607995403 3120.8228104494297 1.0 3120.8228104494297 1.0 1
667 nan 1.0 0.8 -1.0 1.0 3124.868710921312 3124.869577495266 3127.5826205664516 3123.3894025223995 3129.1398193017685 3127.4709325156955 1.0 3127.4709325156955 1.0 1
668 0.0625 nan 0.8 -1.0 -1.0 3130.685421938306 3130.6864884908646 3137.456064229752 3130.093618587299 3140.018649860547 3137.364640677611 1.0 3137.364640677611 1.0 1
669 0.0625 nan 0.8 -1.0 -1.0 3143.089761493627 3143.0906613973484 3145.017621903007 3141.008950781377 3147.585645349532 3144.360725516152 -1.0 3144.5861680632465 -1.0 3
670 0.125 nan 0.8 1.0 1.0 3149.206473747522 3149.2075736298484 3150.276259293663 3148.577141078356 3151.8355572113423 3149.964092691639 -1.0 3150.193568140596 -1.0 2
671 0.0 nan 0.8 -1.0 -1.0 3153.2561738128948 3153.2571737059184 3157.9991330414205 3152.7806580205533 3160.5351602365085 3157.384665448541 1.0 3157.7605918957142 -1.0 2
672 0.0 nan 0.8 1.0 1.0 3165.9732465762863 3165.974013160938 3169.75217561082 3161.5126571376754 3171.306069723727 3169.1332751588684 1.0 3169.2490961007893 1.0 2
673 1.0 nan 0.8 1.0 1.0 3172.952066595283 3172.952933169237 3173.6140957663265 3172.3082688070394 3175.1559923359323 3173.3134279340766 -1.0 3173.522672214186 -1.0 2
674 nan 0.0 0.8 1.0 -1.0 3176.6351058888363 3176.6362391009297 3180.330177228442 3176.1028961620464 3182.88920254801 3180.038241795266 -1.0 3180.038241795266 -1.0 1
675 nan 0.25 0.8 -1.0 1.0 3184.3678119179945 3184.3691117789253 3185.0502055769557 3183.8558000302846 3186.601105966586 3184.9525826880677 1.0 3184.9525826880677 1.0 1
676 nan 0.25 0.8 -1.0 1.0 3188.455707896875 3188.4567411196667 3192.5046080478287 3187.5451053201205 3194.068305774138 3192.403085576148 1.0 3192.403085576148 1.0 1
677 0.25 nan 0.8 1.0 1.0 3195.705732233688 3195.7066321374095 3196.6418320825496 3195.0392035440377 3198.2010260004427 3196.3012351888833 -1.0 3196.49844742294 -1.0 2
678 0.25 nan 0.8 -1.0 -1.0 3199.772130512558 3199.7732637246518 3200.759591533074 3199.143531098276 3203.3223205489335 3200.653202915344 1.0 3200.653202915344 1.0 1
679 0.0 nan 0.8 1.0 1.0 3204.8182573058934 3204.8191905393824 3211.2562351883284 3204.2703159288626 3212.8176296789215 3207.401247624453 1.0 3211.212673182259 -1.0 12
680 0.0625 nan 0.8 -1.0 -1.0 3214.738795930614 3214.740062461777 3221.7906414701138 3213.816527935248 3224.338960720128 3221.6945850802963 1.0 3221.6945850802963 1.0 1
681 1.0 nan 0.8 1.0 1.0 3226.034287452332 3226.035254015588 3226.8668650434647 3225.3407616510394 3228.4173666549073 3226.2705955036186 -1.0 3226.803838453199 -1.0 2
682 0.0 nan 0.8 -1.0 -1.0 3230.98815744934 3230.9891906721314 3235.3157944455556 3229.3665642731435 3237.8719815058234 3235.209405827826 1.0 3235.209405827826 1.0 1
683 nan 0.25 0.8 -1.0 1.0 3239.334031210447 3239.335064433238 3239.6478976306107 3238.865981286016 3241.2051944514524 3239.5729723133622 1.0 3239.5729723133622 1.0 1
684 0.125 nan 0.8 1.0 1.0 3243.284375239023 3243.285375132047 3246.6738792705623 3242.1467969458704 3248.2176042391766 3246.3342822699196 1.0 3246.4525362848653 -1.0 2
685 nan 0.125 0.8 -1.0 1.0 3250.9715194760647 3250.9725860286235 3251.352812015799 3249.2548031435394 3252.901010202895 3251.2690209804064 1.0 3251.2690209804064 1.0 1
686 0.0625 nan 0.8 1.0 1.0 3254.354590862484 3254.3555574257407 3256.095804574092 3253.880108292934 3257.6509048660605 3255.7605737729864 -1.0 3255.902625241898 1.0 2
687 0.125 nan 0.8 1.0 1.0 3259.387919025115 3259.389152226511 3260.4619041219557 3258.629200198672 3262.0175245812347 3260.16590245715 1.0 3260.16590245715 1.0 1
688 0.0625 nan 0.8 1.0 1.0 3264.637857346464 3264.6387572501853 3266.4471304432236 3263.0423280484206 3268.0004238485026 3265.882490852696 -1.0 3266.148229088649 -1.0 3
689 0.0 nan 0.8 1.0 1.0 3269.5879277499816 3269.589027632308 3272.8603443084367 3269.0320205585285 3274.4173257468033 3272.608437925979 1.0 3272.608437925979 1.0 1
690 nan 0.125 0.8 -1.0 1.0 3276.137693672475 3276.1385935761964 3277.585638760209 3275.5388244107667 3279.1545343965104 3277.4342549564085 1.0 3277.4342549564085 1.0 1
691 0.125 nan 0.8 1.0 1.0 3280.6003162269008 3280.601216130622 3281.559046987867 3280.117734523858 3283.12144262821 3281.192919492327 -1.0 3281.4280943315193 -1.0 2
692 0.0625 nan 0.8 -1.0 -1.0 3286.467088554619 3286.46812177741 3295.7196653096876 3284.0925426017493 3298.271079159091 3295.2622475810763 -1.0 3295.2622475810763 -1.0 1
693 0.125 nan 0.8 -1.0 -1.0 3299.916882925835 3299.917949478394 3308.9501831407892 3299.3236797245945 3311.499871005354 3308.8776908965656 1.0 3308.8776908965656 1.0 1
694 1.0 nan 0.8 1.0 1.0 3312.987684511272 3312.988784393598 3313.4315036947596 3312.517868109166 3314.987595547249 3313.241490690474 -1.0 3313.241490690474 -1.0 1
695 0.125 nan 0.8 1.0 1.0 3316.5499033977853 3316.5507366419715 3317.4527068089546 3315.94010197235 3319.0207054050516 3317.133007679485 -1.0 3317.367549253096 -1.0 3
696 nan 1.0 0.2 -1.0 1.0 3320.666229668309 3320.6673628804024 3324.3141060571925 3319.985102540511 3325.883101560503 3324.0027393695877 -1.0 3324.1612224138566 1.0 2
697 nan 0.125 0.2 -1.0 1.0 3334.287205725196 3334.2881722884526 3357.0012422700925 3326.871999060855 3358.553443550994 3356.924817113308 1.0 3356.924817113308 1.0 1
698 nan 1.0 0.2 -1.0 1.0 3360.282524546691 3360.2834911099476 3360.5365640342657 3359.796443218065 3362.0865593044705 3360.4435739830546 1.0 3360.4435739830546 1.0 1
699 0.125 nan 0.2 -1.0 -1.0 3365.0659461129126 3365.0671126547736 3366.5790842257966 3363.049861809068 3369.132674535606 3366.4869274187713 1.0 3366.4869274187713 1.0 1
700 nan 0.0625 0.2 -1.0 1.0 3370.653381659554 3370.6543482228103 3371.035474113707 3370.110273098805 3372.6034742813717 3370.9453837522647 1.0 3370.9453837522647 1.0 1
701 nan 0.125 0.2 -1.0 1.0 3374.032586792948 3374.033653345507 3374.380682884293 3373.5609705833995 3375.936481306646 3374.070382749247 1.0 3374.243464231663 1.0 2
702 nan 0.125 0.2 -1.0 1.0 3379.7490751991922 3379.7502417410533 3384.408776668605 3376.887081397231 3385.9700025007965 3384.2865230815637 1.0 3384.2865230815637 1.0 1
703 nan 0.25 0.2 -1.0 1.0 3387.4824811534672 3387.483481046491 3389.466202253109 3386.9806015150652 3391.015801480929 3389.3572472432843 1.0 3389.3572472432843 1.0 1
704 nan 0.0625 0.2 -1.0 1.0 3392.6532279473327 3392.6540611915193 3397.2819993925427 3391.989198990241 3398.8325247188523 3397.1832099617936 1.0 3397.1832099617936 1.0 1
705 nan 1.0 0.2 -1.0 1.0 3401.1195888178045 3401.1206220405957 3402.633826813015 3399.8355261966685 3404.186224730681 3402.503874049691 1.0 3402.503874049691 1.0 1
706 nan 0.0625 0.2 -1.0 1.0 3405.7322286555645 3405.733228548588 3407.4535111662317 3405.1718219455042 3409.002640139287 3407.331824185238 1.0 3407.331824185238 1.0 1
707 nan 0.0625 0.2 -1.0 1.0 3410.664867590701 3410.66580082419 3413.8206299630483 3409.967342217313 3415.381930614852 3413.6986430141474 1.0 3413.6986430141474 1.0 1
708 nan 0.25 0.2 -1.0 1.0 3416.91953175211 3416.920398326064 3417.3320542839533 3416.359724977864 3418.8860484145866 3417.2498964071665 1.0 3417.2498964071665 1.0 1
709 nan 1.0 0.2 -1.0 1.0 3420.4818506279257 3420.4830171697868 3421.019059819834 3419.8356530964247 3422.5649593216654 3420.8412788402065 1.0 3420.8412788402065 1.0 1
710 nan 0.0625 0.2 -1.0 1.0 3426.1863069881165 3426.1872402216054 3431.962555667415 3423.533557466265 3433.519079814838 3431.836935773861 1.0 3431.836935773861 1.0 1
711 nan 0.25 0.2 -1.0 1.0 3436.097979894693 3436.099446404461 3438.6447740857916 3434.550278812954 3440.202672272213 3438.563449453191 1.0 3438.563449453191 1.0 1
712 nan 0.0625 0.2 -1.0 1.0 3441.731410520428 3441.7323770836847 3442.215492063007 3441.1979675922425 3443.7648847635946 3442.1015042582962 1.0 3442.1015042582962 1.0 1
713 nan 0.125 0.2 -1.0 1.0 3445.402251119091 3445.4033510014174 3447.0665730571704 3444.7409885326992 3448.6148765274374 3446.960384418045 1.0 3446.960384418045 1.0 1
714 nan 0.125 0.2 -1.0 1.0 3451.602187802332 3451.603254354891 3457.0001102912 3449.577871045925 3458.552400521615 3456.5728226723722 1.0 3456.9831454395635 1.0 2
715 nan 1.0 0.2 -1.0 1.0 3460.6317217535634 3460.6328216358897 3461.0124143574835 3459.573401647429 3462.581510942319 3460.9096586844066 1.0 3460.9096586844066 1.0 1
716 0.25 nan 0.8 1.0 1.0 3464.0522557986073 3464.0530890427935 3468.157416597032 3463.546009960668 3469.7146108698557 3467.198552516996 -1.0 3468.084257757459 -1.0 4
717 0.25 nan 0.8 1.0 1.0 3471.2689836977283 3471.2700169205195 3475.544526267405 3470.7238086913967 3477.1022213246133 3473.869105516762 1.0 3475.005550597821 1.0 6
718 0.125 nan 0.8 1.0 1.0 3479.0978794357743 3479.0989126585655 3479.565229435088 3478.097219827344 3481.114025804844 3479.0711489622718 -1.0 3479.4214114885012 -1.0 2
719 1.0 nan 0.8 1.0 1.0 3483.8018761661397 3483.802842729396 3485.957845504011 3482.098225102459 3487.5020415285658 3485.021845644452 1.0 3485.675275735491 -1.0 3
720 0.25 nan 0.8 1.0 1.0 3488.9973536474604 3488.9984535297863 3496.211648473557 3488.492540989522 3497.764469624586 3495.8398549175486 -1.0 3496.0581315646396 1.0 2
721 nan 0.0 0.8 -1.0 1.0 3499.285119650047 3499.285986224001 3502.4238505112226 3498.8086706242166 3503.9640805288195 3502.166611365972 -1.0 3502.166611365972 -1.0 1
722 0.0 nan 0.8 -1.0 -1.0 3507.2348357951328 3507.235869017924 3531.1589095476384 3504.962878866503 3533.697410793882 3531.057953682004 1.0 3531.057953682004 1.0 1
723 1.0 nan 0.8 1.0 1.0 3535.3511943582016 3535.3521942512252 3536.3889166680465 3534.9027090072696 3537.9348139741105 3535.7147554616477 -1.0 3536.2657631772845 -1.0 2
724 0.0 nan 0.8 -1.0 -1.0 3542.0133482565675 3542.014448138894 3555.0669516819958 3538.916312934484 3557.634459224401 3554.862040271656 1.0 3554.862040271656 1.0 1
725 0.0625 nan 0.8 -1.0 -1.0 3559.496911064311 3559.4978776275675 3605.015007856011 3558.739358779729 3607.5626237997476 3604.8927542689703 1.0 3604.8927542689703 1.0 1
726 nan 0.25 0.8 -1.0 1.0 3610.4834228030554 3610.4842227174745 3657.927180239483 3608.9281225343357 3659.4956954091085 3656.524563635494 1.0 3657.870452975267 1.0 5
727 0.0625 nan 0.8 0.0 -1.0 3667.716132942274 3667.7174661329723 3727.7182801192193 3660.901295379177 3730.217494531751 3692.191614367626 -1.0 3692.191614367626 -1.0 1
